split_id,seed,eps,model,feature,global_importance
0,0,0.02,GBM_grid_1_AutoML_1_20260420_191705_model_3,target_lag1,2.012850662469864
0,0,0.02,GBM_grid_1_AutoML_1_20260420_191705_model_3,target_lag2,1.6361036114394665
0,0,0.02,GBM_grid_1_AutoML_1_20260420_191705_model_3,target_lag3,1.5732950776070356
0,0,0.02,GBM_grid_1_AutoML_1_20260420_191705_model_3,target_lag4,0.23494360994547606
0,0,0.02,GBM_grid_1_AutoML_1_20260420_191705_model_3,target_lag5,0.1271326525689801
0,0,0.02,GBM_grid_1_AutoML_1_20260420_191705_model_3,target_lag6,0.2503433664818294
0,0,0.02,GBM_grid_1_AutoML_1_20260420_191705_model_3,cov_HULL_lag1,0.5100270015187561
0,0,0.02,GBM_grid_1_AutoML_1_20260420_191705_model_3,cov_MUFL_lag1,2.658546495139599
0,0,0.02,GBM_grid_1_AutoML_1_20260420_191705_model_3,cov_MULL_lag1,0.20238235292839818
0,0,0.02,GBM_grid_1_AutoML_1_20260420_191705_model_3,cov_LUFL_lag1,0.09882071243657262
0,0,0.02,GBM_grid_1_AutoML_1_20260420_191705_model_3,cov_LULL_lag1,0.03339851330267261
0,0,0.02,GBM_grid_1_AutoML_1_20260420_191705_model_3,cov_OT_lag1,0.4773723054677248
0,0,0.02,GBM_grid_1_AutoML_1_20260420_191705_model_3,hour_lag1,0.7834343485534191
0,0,0.02,GBM_grid_1_AutoML_1_20260420_191705_model_3,day_of_week_lag1,0.07597290601464916
0,0,0.02,GBM_grid_1_AutoML_1_20260420_191705_model_3,month_lag1,0.07882732108235356
0,0,0.02,GBM_grid_1_AutoML_1_20260420_191705_model_3,month_sin,0.09240966013632711
0,0,0.02,GBM_grid_1_AutoML_1_20260420_191705_model_3,month_cos,0.07176990951411422
0,0,0.05,GBM_grid_1_AutoML_1_20260420_191705_model_3,target_lag1,2.012850662469864
0,0,0.05,GBM_grid_1_AutoML_1_20260420_191705_model_3,target_lag2,1.6361036114394665
0,0,0.05,GBM_grid_1_AutoML_1_20260420_191705_model_3,target_lag3,1.5732950776070356
0,0,0.05,GBM_grid_1_AutoML_1_20260420_191705_model_3,target_lag4,0.23494360994547606
0,0,0.05,GBM_grid_1_AutoML_1_20260420_191705_model_3,target_lag5,0.1271326525689801
0,0,0.05,GBM_grid_1_AutoML_1_20260420_191705_model_3,target_lag6,0.2503433664818294
0,0,0.05,GBM_grid_1_AutoML_1_20260420_191705_model_3,cov_HULL_lag1,0.5100270015187561
0,0,0.05,GBM_grid_1_AutoML_1_20260420_191705_model_3,cov_MUFL_lag1,2.658546495139599
0,0,0.05,GBM_grid_1_AutoML_1_20260420_191705_model_3,cov_MULL_lag1,0.20238235292839818
0,0,0.05,GBM_grid_1_AutoML_1_20260420_191705_model_3,cov_LUFL_lag1,0.09882071243657262
0,0,0.05,GBM_grid_1_AutoML_1_20260420_191705_model_3,cov_LULL_lag1,0.03339851330267261
0,0,0.05,GBM_grid_1_AutoML_1_20260420_191705_model_3,cov_OT_lag1,0.4773723054677248
0,0,0.05,GBM_grid_1_AutoML_1_20260420_191705_model_3,hour_lag1,0.7834343485534191
0,0,0.05,GBM_grid_1_AutoML_1_20260420_191705_model_3,day_of_week_lag1,0.07597290601464916
0,0,0.05,GBM_grid_1_AutoML_1_20260420_191705_model_3,month_lag1,0.07882732108235356
0,0,0.05,GBM_grid_1_AutoML_1_20260420_191705_model_3,month_sin,0.09240966013632711
0,0,0.05,GBM_grid_1_AutoML_1_20260420_191705_model_3,month_cos,0.07176990951411422
0,0,0.05,XGBoost_grid_1_AutoML_1_20260420_191705_model_3,target_lag1,2.976117615699768
0,0,0.05,XGBoost_grid_1_AutoML_1_20260420_191705_model_3,target_lag2,1.3130985164642335
0,0,0.05,XGBoost_grid_1_AutoML_1_20260420_191705_model_3,target_lag3,0.40249277694616464
0,0,0.05,XGBoost_grid_1_AutoML_1_20260420_191705_model_3,target_lag4,0.31412715090438725
0,0,0.05,XGBoost_grid_1_AutoML_1_20260420_191705_model_3,target_lag5,0.3716780035221018
0,0,0.05,XGBoost_grid_1_AutoML_1_20260420_191705_model_3,target_lag6,0.32943872644565997
0,0,0.05,XGBoost_grid_1_AutoML_1_20260420_191705_model_3,cov_HULL_lag1,0.8888010493665933
0,0,0.05,XGBoost_grid_1_AutoML_1_20260420_191705_model_3,cov_MUFL_lag1,2.5627356051653623
0,0,0.05,XGBoost_grid_1_AutoML_1_20260420_191705_model_3,cov_MULL_lag1,0.20765097819268705
0,0,0.05,XGBoost_grid_1_AutoML_1_20260420_191705_model_3,cov_LUFL_lag1,0.13605181392282245
0,0,0.05,XGBoost_grid_1_AutoML_1_20260420_191705_model_3,cov_LULL_lag1,0.06642269157222469
0,0,0.05,XGBoost_grid_1_AutoML_1_20260420_191705_model_3,cov_OT_lag1,0.6474614319205284
0,0,0.05,XGBoost_grid_1_AutoML_1_20260420_191705_model_3,hour_lag1,1.0819312344118952
0,0,0.05,XGBoost_grid_1_AutoML_1_20260420_191705_model_3,day_of_week_lag1,0.0686087522935122
0,0,0.05,XGBoost_grid_1_AutoML_1_20260420_191705_model_3,month_lag1,0.18630890525877475
0,0,0.05,XGBoost_grid_1_AutoML_1_20260420_191705_model_3,month_sin,0.25126902836374937
0,0,0.05,XGBoost_grid_1_AutoML_1_20260420_191705_model_3,month_cos,0.12032528236333744
0,0,0.05,GBM_grid_1_AutoML_1_20260420_191705_model_2,target_lag1,3.3228098344802857
0,0,0.05,GBM_grid_1_AutoML_1_20260420_191705_model_2,target_lag2,0.651299901381135
0,0,0.05,GBM_grid_1_AutoML_1_20260420_191705_model_2,target_lag3,0.3505494574829936
0,0,0.05,GBM_grid_1_AutoML_1_20260420_191705_model_2,target_lag4,0.22289284891448916
0,0,0.05,GBM_grid_1_AutoML_1_20260420_191705_model_2,target_lag5,0.3372019429435022
0,0,0.05,GBM_grid_1_AutoML_1_20260420_191705_model_2,target_lag6,0.2209200045792386
0,0,0.05,GBM_grid_1_AutoML_1_20260420_191705_model_2,cov_HULL_lag1,0.3207203303370625
0,0,0.05,GBM_grid_1_AutoML_1_20260420_191705_model_2,cov_MUFL_lag1,3.2503505861759185
0,0,0.05,GBM_grid_1_AutoML_1_20260420_191705_model_2,cov_MULL_lag1,0.166428825519979
0,0,0.05,GBM_grid_1_AutoML_1_20260420_191705_model_2,cov_LUFL_lag1,0.0800153082190081
0,0,0.05,GBM_grid_1_AutoML_1_20260420_191705_model_2,cov_LULL_lag1,0.03250671219080682
0,0,0.05,GBM_grid_1_AutoML_1_20260420_191705_model_2,cov_OT_lag1,0.46581579599529505
0,0,0.05,GBM_grid_1_AutoML_1_20260420_191705_model_2,hour_lag1,0.922997132241726
0,0,0.05,GBM_grid_1_AutoML_1_20260420_191705_model_2,day_of_week_lag1,0.03931357026565816
0,0,0.05,GBM_grid_1_AutoML_1_20260420_191705_model_2,month_lag1,0.16419236409245055
0,0,0.05,GBM_grid_1_AutoML_1_20260420_191705_model_2,month_sin,0.1332314359210431
0,0,0.05,GBM_grid_1_AutoML_1_20260420_191705_model_2,month_cos,0.03844175463658754
0,0,0.1,GBM_grid_1_AutoML_1_20260420_191705_model_3,target_lag1,2.012850662469864
0,0,0.1,GBM_grid_1_AutoML_1_20260420_191705_model_3,target_lag2,1.6361036114394665
0,0,0.1,GBM_grid_1_AutoML_1_20260420_191705_model_3,target_lag3,1.5732950776070356
0,0,0.1,GBM_grid_1_AutoML_1_20260420_191705_model_3,target_lag4,0.23494360994547606
0,0,0.1,GBM_grid_1_AutoML_1_20260420_191705_model_3,target_lag5,0.1271326525689801
0,0,0.1,GBM_grid_1_AutoML_1_20260420_191705_model_3,target_lag6,0.2503433664818294
0,0,0.1,GBM_grid_1_AutoML_1_20260420_191705_model_3,cov_HULL_lag1,0.5100270015187561
0,0,0.1,GBM_grid_1_AutoML_1_20260420_191705_model_3,cov_MUFL_lag1,2.658546495139599
0,0,0.1,GBM_grid_1_AutoML_1_20260420_191705_model_3,cov_MULL_lag1,0.20238235292839818
0,0,0.1,GBM_grid_1_AutoML_1_20260420_191705_model_3,cov_LUFL_lag1,0.09882071243657262
0,0,0.1,GBM_grid_1_AutoML_1_20260420_191705_model_3,cov_LULL_lag1,0.03339851330267261
0,0,0.1,GBM_grid_1_AutoML_1_20260420_191705_model_3,cov_OT_lag1,0.4773723054677248
0,0,0.1,GBM_grid_1_AutoML_1_20260420_191705_model_3,hour_lag1,0.7834343485534191
0,0,0.1,GBM_grid_1_AutoML_1_20260420_191705_model_3,day_of_week_lag1,0.07597290601464916
0,0,0.1,GBM_grid_1_AutoML_1_20260420_191705_model_3,month_lag1,0.07882732108235356
0,0,0.1,GBM_grid_1_AutoML_1_20260420_191705_model_3,month_sin,0.09240966013632711
0,0,0.1,GBM_grid_1_AutoML_1_20260420_191705_model_3,month_cos,0.07176990951411422
0,0,0.1,XGBoost_grid_1_AutoML_1_20260420_191705_model_3,target_lag1,2.976117615699768
0,0,0.1,XGBoost_grid_1_AutoML_1_20260420_191705_model_3,target_lag2,1.3130985164642335
0,0,0.1,XGBoost_grid_1_AutoML_1_20260420_191705_model_3,target_lag3,0.40249277694616464
0,0,0.1,XGBoost_grid_1_AutoML_1_20260420_191705_model_3,target_lag4,0.31412715090438725
0,0,0.1,XGBoost_grid_1_AutoML_1_20260420_191705_model_3,target_lag5,0.3716780035221018
0,0,0.1,XGBoost_grid_1_AutoML_1_20260420_191705_model_3,target_lag6,0.32943872644565997
0,0,0.1,XGBoost_grid_1_AutoML_1_20260420_191705_model_3,cov_HULL_lag1,0.8888010493665933
0,0,0.1,XGBoost_grid_1_AutoML_1_20260420_191705_model_3,cov_MUFL_lag1,2.5627356051653623
0,0,0.1,XGBoost_grid_1_AutoML_1_20260420_191705_model_3,cov_MULL_lag1,0.20765097819268705
0,0,0.1,XGBoost_grid_1_AutoML_1_20260420_191705_model_3,cov_LUFL_lag1,0.13605181392282245
0,0,0.1,XGBoost_grid_1_AutoML_1_20260420_191705_model_3,cov_LULL_lag1,0.06642269157222469
0,0,0.1,XGBoost_grid_1_AutoML_1_20260420_191705_model_3,cov_OT_lag1,0.6474614319205284
0,0,0.1,XGBoost_grid_1_AutoML_1_20260420_191705_model_3,hour_lag1,1.0819312344118952
0,0,0.1,XGBoost_grid_1_AutoML_1_20260420_191705_model_3,day_of_week_lag1,0.0686087522935122
0,0,0.1,XGBoost_grid_1_AutoML_1_20260420_191705_model_3,month_lag1,0.18630890525877475
0,0,0.1,XGBoost_grid_1_AutoML_1_20260420_191705_model_3,month_sin,0.25126902836374937
0,0,0.1,XGBoost_grid_1_AutoML_1_20260420_191705_model_3,month_cos,0.12032528236333744
0,0,0.1,GBM_grid_1_AutoML_1_20260420_191705_model_2,target_lag1,3.3228098344802857
0,0,0.1,GBM_grid_1_AutoML_1_20260420_191705_model_2,target_lag2,0.651299901381135
0,0,0.1,GBM_grid_1_AutoML_1_20260420_191705_model_2,target_lag3,0.3505494574829936
0,0,0.1,GBM_grid_1_AutoML_1_20260420_191705_model_2,target_lag4,0.22289284891448916
0,0,0.1,GBM_grid_1_AutoML_1_20260420_191705_model_2,target_lag5,0.3372019429435022
0,0,0.1,GBM_grid_1_AutoML_1_20260420_191705_model_2,target_lag6,0.2209200045792386
0,0,0.1,GBM_grid_1_AutoML_1_20260420_191705_model_2,cov_HULL_lag1,0.3207203303370625
0,0,0.1,GBM_grid_1_AutoML_1_20260420_191705_model_2,cov_MUFL_lag1,3.2503505861759185
0,0,0.1,GBM_grid_1_AutoML_1_20260420_191705_model_2,cov_MULL_lag1,0.166428825519979
0,0,0.1,GBM_grid_1_AutoML_1_20260420_191705_model_2,cov_LUFL_lag1,0.0800153082190081
0,0,0.1,GBM_grid_1_AutoML_1_20260420_191705_model_2,cov_LULL_lag1,0.03250671219080682
0,0,0.1,GBM_grid_1_AutoML_1_20260420_191705_model_2,cov_OT_lag1,0.46581579599529505
0,0,0.1,GBM_grid_1_AutoML_1_20260420_191705_model_2,hour_lag1,0.922997132241726
0,0,0.1,GBM_grid_1_AutoML_1_20260420_191705_model_2,day_of_week_lag1,0.03931357026565816
0,0,0.1,GBM_grid_1_AutoML_1_20260420_191705_model_2,month_lag1,0.16419236409245055
0,0,0.1,GBM_grid_1_AutoML_1_20260420_191705_model_2,month_sin,0.1332314359210431
0,0,0.1,GBM_grid_1_AutoML_1_20260420_191705_model_2,month_cos,0.03844175463658754
0,0,0.1,DRF_1_AutoML_1_20260420_191705,target_lag1,2.392938541173935
0,0,0.1,DRF_1_AutoML_1_20260420_191705,target_lag2,1.6112727449089288
0,0,0.1,DRF_1_AutoML_1_20260420_191705,target_lag3,0.5593465237319469
0,0,0.1,DRF_1_AutoML_1_20260420_191705,target_lag4,0.3269020620547235
0,0,0.1,DRF_1_AutoML_1_20260420_191705,target_lag5,0.5341975681856275
0,0,0.1,DRF_1_AutoML_1_20260420_191705,target_lag6,0.11164576671086249
0,0,0.1,DRF_1_AutoML_1_20260420_191705,cov_HULL_lag1,2.0487691247463227
0,0,0.1,DRF_1_AutoML_1_20260420_191705,cov_MUFL_lag1,6.130084662437439
0,0,0.1,DRF_1_AutoML_1_20260420_191705,cov_MULL_lag1,0.7860346313565969
0,0,0.1,DRF_1_AutoML_1_20260420_191705,cov_LUFL_lag1,0.22045000791549682
0,0,0.1,DRF_1_AutoML_1_20260420_191705,cov_LULL_lag1,0.023621535680431363
0,0,0.1,DRF_1_AutoML_1_20260420_191705,cov_OT_lag1,0.6367835687473417
0,0,0.1,DRF_1_AutoML_1_20260420_191705,hour_lag1,0.38122078742831944
0,0,0.1,DRF_1_AutoML_1_20260420_191705,day_of_week_lag1,0.05383899201638993
0,0,0.1,DRF_1_AutoML_1_20260420_191705,month_lag1,0.08743324610404667
0,0,0.1,DRF_1_AutoML_1_20260420_191705,month_sin,0.11883329443633553
0,0,0.1,DRF_1_AutoML_1_20260420_191705,month_cos,0.05429204548243429
0,0,0.1,GBM_1_AutoML_1_20260420_191705,target_lag1,2.576041890978813
0,0,0.1,GBM_1_AutoML_1_20260420_191705,target_lag2,0.9312961713969707
0,0,0.1,GBM_1_AutoML_1_20260420_191705,target_lag3,0.2191503892838955
0,0,0.1,GBM_1_AutoML_1_20260420_191705,target_lag4,0.29711676414124666
0,0,0.1,GBM_1_AutoML_1_20260420_191705,target_lag5,0.29278105301782487
0,0,0.1,GBM_1_AutoML_1_20260420_191705,target_lag6,0.29720022972673177
0,0,0.1,GBM_1_AutoML_1_20260420_191705,cov_HULL_lag1,0.5609703959524631
0,0,0.1,GBM_1_AutoML_1_20260420_191705,cov_MUFL_lag1,3.632288222908974
0,0,0.1,GBM_1_AutoML_1_20260420_191705,cov_MULL_lag1,0.11310338270384816
0,0,0.1,GBM_1_AutoML_1_20260420_191705,cov_LUFL_lag1,0.09076642278116193
0,0,0.1,GBM_1_AutoML_1_20260420_191705,cov_LULL_lag1,0.027711983546614603
0,0,0.1,GBM_1_AutoML_1_20260420_191705,cov_OT_lag1,0.45662563256919386
0,0,0.1,GBM_1_AutoML_1_20260420_191705,hour_lag1,0.9090499682351947
0,0,0.1,GBM_1_AutoML_1_20260420_191705,day_of_week_lag1,0.05570438091293904
0,0,0.1,GBM_1_AutoML_1_20260420_191705,month_lag1,0.11887996025383468
0,0,0.1,GBM_1_AutoML_1_20260420_191705,month_sin,0.1284326860401779
0,0,0.1,GBM_1_AutoML_1_20260420_191705,month_cos,0.06087301070336248
0,0,0.1,XRT_1_AutoML_1_20260420_191705,target_lag1,3.3407137332856656
0,0,0.1,XRT_1_AutoML_1_20260420_191705,target_lag2,1.5764286450576037
0,0,0.1,XRT_1_AutoML_1_20260420_191705,target_lag3,0.4728679839707911
0,0,0.1,XRT_1_AutoML_1_20260420_191705,target_lag4,0.34307324181310833
0,0,0.1,XRT_1_AutoML_1_20260420_191705,target_lag5,0.1957504914700985
0,0,0.1,XRT_1_AutoML_1_20260420_191705,target_lag6,0.13482021041214465
0,0,0.1,XRT_1_AutoML_1_20260420_191705,cov_HULL_lag1,0.9056554600596428
0,0,0.1,XRT_1_AutoML_1_20260420_191705,cov_MUFL_lag1,5.080723593235016
0,0,0.1,XRT_1_AutoML_1_20260420_191705,cov_MULL_lag1,1.1421751496195793
0,0,0.1,XRT_1_AutoML_1_20260420_191705,cov_LUFL_lag1,0.15676653502043333
0,0,0.1,XRT_1_AutoML_1_20260420_191705,cov_LULL_lag1,0.035426288150556456
0,0,0.1,XRT_1_AutoML_1_20260420_191705,cov_OT_lag1,0.9487980650737882
0,0,0.1,XRT_1_AutoML_1_20260420_191705,hour_lag1,0.48074034057557585
0,0,0.1,XRT_1_AutoML_1_20260420_191705,day_of_week_lag1,0.3831146756745875
0,0,0.1,XRT_1_AutoML_1_20260420_191705,month_lag1,0.4867631786316633
0,0,0.1,XRT_1_AutoML_1_20260420_191705,month_sin,0.1620322331995703
0,0,0.1,XRT_1_AutoML_1_20260420_191705,month_cos,0.1344975348562002
0,0,0.1,GBM_2_AutoML_1_20260420_191705,target_lag1,2.878347635269165
0,0,0.1,GBM_2_AutoML_1_20260420_191705,target_lag2,1.6212593599595129
0,0,0.1,GBM_2_AutoML_1_20260420_191705,target_lag3,0.32763152949512003
0,0,0.1,GBM_2_AutoML_1_20260420_191705,target_lag4,0.19140980151365508
0,0,0.1,GBM_2_AutoML_1_20260420_191705,target_lag5,0.20407292157411575
0,0,0.1,GBM_2_AutoML_1_20260420_191705,target_lag6,0.17003248490393155
0,0,0.1,GBM_2_AutoML_1_20260420_191705,cov_HULL_lag1,0.45407411400228737
0,0,0.1,GBM_2_AutoML_1_20260420_191705,cov_MUFL_lag1,3.218907366991043
0,0,0.1,GBM_2_AutoML_1_20260420_191705,cov_MULL_lag1,0.2689926283480599
0,0,0.1,GBM_2_AutoML_1_20260420_191705,cov_LUFL_lag1,0.10781832604901861
0,0,0.1,GBM_2_AutoML_1_20260420_191705,cov_LULL_lag1,0.028278825884335626
0,0,0.1,GBM_2_AutoML_1_20260420_191705,cov_OT_lag1,0.4890903168171644
0,0,0.1,GBM_2_AutoML_1_20260420_191705,hour_lag1,0.8704646829515695
0,0,0.1,GBM_2_AutoML_1_20260420_191705,day_of_week_lag1,0.08157471516751681
0,0,0.1,GBM_2_AutoML_1_20260420_191705,month_lag1,0.10821641219779846
0,0,0.1,GBM_2_AutoML_1_20260420_191705,month_sin,0.20573236774653197
0,0,0.1,GBM_2_AutoML_1_20260420_191705,month_cos,0.03466292444034476
0,0,0.1,GBM_3_AutoML_1_20260420_191705,target_lag1,3.2912349486351014
0,0,0.1,GBM_3_AutoML_1_20260420_191705,target_lag2,0.6310439949855209
0,0,0.1,GBM_3_AutoML_1_20260420_191705,target_lag3,0.3615580924786627
0,0,0.1,GBM_3_AutoML_1_20260420_191705,target_lag4,0.2834013217035681
0,0,0.1,GBM_3_AutoML_1_20260420_191705,target_lag5,0.18647935254499315
0,0,0.1,GBM_3_AutoML_1_20260420_191705,target_lag6,0.15261128824204204
0,0,0.1,GBM_3_AutoML_1_20260420_191705,cov_HULL_lag1,0.25096255479380486
0,0,0.1,GBM_3_AutoML_1_20260420_191705,cov_MUFL_lag1,3.2490696507692336
0,0,0.1,GBM_3_AutoML_1_20260420_191705,cov_MULL_lag1,0.2087021383154206
0,0,0.1,GBM_3_AutoML_1_20260420_191705,cov_LUFL_lag1,0.13363378390786235
0,0,0.1,GBM_3_AutoML_1_20260420_191705,cov_LULL_lag1,0.011495954724959977
0,0,0.1,GBM_3_AutoML_1_20260420_191705,cov_OT_lag1,0.566045681759715
0,0,0.1,GBM_3_AutoML_1_20260420_191705,hour_lag1,0.8245658362284303
0,0,0.1,GBM_3_AutoML_1_20260420_191705,day_of_week_lag1,0.06371900279191318
0,0,0.1,GBM_3_AutoML_1_20260420_191705,month_lag1,0.11005312481895085
0,0,0.1,GBM_3_AutoML_1_20260420_191705,month_sin,0.18947947029955686
0,0,0.1,GBM_3_AutoML_1_20260420_191705,month_cos,0.09961231574416157
0,0,0.1,GBM_4_AutoML_1_20260420_191705,target_lag1,2.5889450562000276
0,0,0.1,GBM_4_AutoML_1_20260420_191705,target_lag2,0.6327171820029617
0,0,0.1,GBM_4_AutoML_1_20260420_191705,target_lag3,1.0561752596497536
0,0,0.1,GBM_4_AutoML_1_20260420_191705,target_lag4,0.1942002839036285
0,0,0.1,GBM_4_AutoML_1_20260420_191705,target_lag5,0.14939782805275167
0,0,0.1,GBM_4_AutoML_1_20260420_191705,target_lag6,0.241084992736578
0,0,0.1,GBM_4_AutoML_1_20260420_191705,cov_HULL_lag1,0.38815504043363036
0,0,0.1,GBM_4_AutoML_1_20260420_191705,cov_MUFL_lag1,3.1884762626886367
0,0,0.1,GBM_4_AutoML_1_20260420_191705,cov_MULL_lag1,0.12411551839846649
0,0,0.1,GBM_4_AutoML_1_20260420_191705,cov_LUFL_lag1,0.1002321094088256
0,0,0.1,GBM_4_AutoML_1_20260420_191705,cov_LULL_lag1,0.023893954897066534
0,0,0.1,GBM_4_AutoML_1_20260420_191705,cov_OT_lag1,0.47738230183720587
0,0,0.1,GBM_4_AutoML_1_20260420_191705,hour_lag1,0.755951133207418
0,0,0.1,GBM_4_AutoML_1_20260420_191705,day_of_week_lag1,0.05880455785663795
0,0,0.1,GBM_4_AutoML_1_20260420_191705,month_lag1,0.1302496241778135
0,0,0.1,GBM_4_AutoML_1_20260420_191705,month_sin,0.2503496990725398
0,0,0.1,GBM_4_AutoML_1_20260420_191705,month_cos,0.08356210851168722
0,0,0.1,XGBoost_3_AutoML_1_20260420_191705,target_lag1,2.914454016089439
0,0,0.1,XGBoost_3_AutoML_1_20260420_191705,target_lag2,0.43001182086765766
0,0,0.1,XGBoost_3_AutoML_1_20260420_191705,target_lag3,1.4703139793872833
0,0,0.1,XGBoost_3_AutoML_1_20260420_191705,target_lag4,0.2893892552750185
0,0,0.1,XGBoost_3_AutoML_1_20260420_191705,target_lag5,0.4023216123506427
0,0,0.1,XGBoost_3_AutoML_1_20260420_191705,target_lag6,0.30625257997773586
0,0,0.1,XGBoost_3_AutoML_1_20260420_191705,cov_HULL_lag1,0.3146886004135013
0,0,0.1,XGBoost_3_AutoML_1_20260420_191705,cov_MUFL_lag1,2.3584390149265526
0,0,0.1,XGBoost_3_AutoML_1_20260420_191705,cov_MULL_lag1,0.49346513725817204
0,0,0.1,XGBoost_3_AutoML_1_20260420_191705,cov_LUFL_lag1,0.29031334531493486
0,0,0.1,XGBoost_3_AutoML_1_20260420_191705,cov_LULL_lag1,0.02816967624239619
0,0,0.1,XGBoost_3_AutoML_1_20260420_191705,cov_OT_lag1,0.6560793842375279
0,0,0.1,XGBoost_3_AutoML_1_20260420_191705,hour_lag1,1.210227927751839
0,0,0.1,XGBoost_3_AutoML_1_20260420_191705,day_of_week_lag1,0.08579454297549088
0,0,0.1,XGBoost_3_AutoML_1_20260420_191705,month_lag1,0.1769839066825807
0,0,0.1,XGBoost_3_AutoML_1_20260420_191705,month_sin,0.5902559227496386
0,0,0.1,XGBoost_3_AutoML_1_20260420_191705,month_cos,0.033956838534795634
0,0,0.2,GBM_grid_1_AutoML_1_20260420_191705_model_3,target_lag1,2.012850662469864
0,0,0.2,GBM_grid_1_AutoML_1_20260420_191705_model_3,target_lag2,1.6361036114394665
0,0,0.2,GBM_grid_1_AutoML_1_20260420_191705_model_3,target_lag3,1.5732950776070356
0,0,0.2,GBM_grid_1_AutoML_1_20260420_191705_model_3,target_lag4,0.23494360994547606
0,0,0.2,GBM_grid_1_AutoML_1_20260420_191705_model_3,target_lag5,0.1271326525689801
0,0,0.2,GBM_grid_1_AutoML_1_20260420_191705_model_3,target_lag6,0.2503433664818294
0,0,0.2,GBM_grid_1_AutoML_1_20260420_191705_model_3,cov_HULL_lag1,0.5100270015187561
0,0,0.2,GBM_grid_1_AutoML_1_20260420_191705_model_3,cov_MUFL_lag1,2.658546495139599
0,0,0.2,GBM_grid_1_AutoML_1_20260420_191705_model_3,cov_MULL_lag1,0.20238235292839818
0,0,0.2,GBM_grid_1_AutoML_1_20260420_191705_model_3,cov_LUFL_lag1,0.09882071243657262
0,0,0.2,GBM_grid_1_AutoML_1_20260420_191705_model_3,cov_LULL_lag1,0.03339851330267261
0,0,0.2,GBM_grid_1_AutoML_1_20260420_191705_model_3,cov_OT_lag1,0.4773723054677248
0,0,0.2,GBM_grid_1_AutoML_1_20260420_191705_model_3,hour_lag1,0.7834343485534191
0,0,0.2,GBM_grid_1_AutoML_1_20260420_191705_model_3,day_of_week_lag1,0.07597290601464916
0,0,0.2,GBM_grid_1_AutoML_1_20260420_191705_model_3,month_lag1,0.07882732108235356
0,0,0.2,GBM_grid_1_AutoML_1_20260420_191705_model_3,month_sin,0.09240966013632711
0,0,0.2,GBM_grid_1_AutoML_1_20260420_191705_model_3,month_cos,0.07176990951411422
0,0,0.2,XGBoost_grid_1_AutoML_1_20260420_191705_model_3,target_lag1,2.976117615699768
0,0,0.2,XGBoost_grid_1_AutoML_1_20260420_191705_model_3,target_lag2,1.3130985164642335
0,0,0.2,XGBoost_grid_1_AutoML_1_20260420_191705_model_3,target_lag3,0.40249277694616464
0,0,0.2,XGBoost_grid_1_AutoML_1_20260420_191705_model_3,target_lag4,0.31412715090438725
0,0,0.2,XGBoost_grid_1_AutoML_1_20260420_191705_model_3,target_lag5,0.3716780035221018
0,0,0.2,XGBoost_grid_1_AutoML_1_20260420_191705_model_3,target_lag6,0.32943872644565997
0,0,0.2,XGBoost_grid_1_AutoML_1_20260420_191705_model_3,cov_HULL_lag1,0.8888010493665933
0,0,0.2,XGBoost_grid_1_AutoML_1_20260420_191705_model_3,cov_MUFL_lag1,2.5627356051653623
0,0,0.2,XGBoost_grid_1_AutoML_1_20260420_191705_model_3,cov_MULL_lag1,0.20765097819268705
0,0,0.2,XGBoost_grid_1_AutoML_1_20260420_191705_model_3,cov_LUFL_lag1,0.13605181392282245
0,0,0.2,XGBoost_grid_1_AutoML_1_20260420_191705_model_3,cov_LULL_lag1,0.06642269157222469
0,0,0.2,XGBoost_grid_1_AutoML_1_20260420_191705_model_3,cov_OT_lag1,0.6474614319205284
0,0,0.2,XGBoost_grid_1_AutoML_1_20260420_191705_model_3,hour_lag1,1.0819312344118952
0,0,0.2,XGBoost_grid_1_AutoML_1_20260420_191705_model_3,day_of_week_lag1,0.0686087522935122
0,0,0.2,XGBoost_grid_1_AutoML_1_20260420_191705_model_3,month_lag1,0.18630890525877475
0,0,0.2,XGBoost_grid_1_AutoML_1_20260420_191705_model_3,month_sin,0.25126902836374937
0,0,0.2,XGBoost_grid_1_AutoML_1_20260420_191705_model_3,month_cos,0.12032528236333744
0,0,0.2,GBM_grid_1_AutoML_1_20260420_191705_model_2,target_lag1,3.3228098344802857
0,0,0.2,GBM_grid_1_AutoML_1_20260420_191705_model_2,target_lag2,0.651299901381135
0,0,0.2,GBM_grid_1_AutoML_1_20260420_191705_model_2,target_lag3,0.3505494574829936
0,0,0.2,GBM_grid_1_AutoML_1_20260420_191705_model_2,target_lag4,0.22289284891448916
0,0,0.2,GBM_grid_1_AutoML_1_20260420_191705_model_2,target_lag5,0.3372019429435022
0,0,0.2,GBM_grid_1_AutoML_1_20260420_191705_model_2,target_lag6,0.2209200045792386
0,0,0.2,GBM_grid_1_AutoML_1_20260420_191705_model_2,cov_HULL_lag1,0.3207203303370625
0,0,0.2,GBM_grid_1_AutoML_1_20260420_191705_model_2,cov_MUFL_lag1,3.2503505861759185
0,0,0.2,GBM_grid_1_AutoML_1_20260420_191705_model_2,cov_MULL_lag1,0.166428825519979
0,0,0.2,GBM_grid_1_AutoML_1_20260420_191705_model_2,cov_LUFL_lag1,0.0800153082190081
0,0,0.2,GBM_grid_1_AutoML_1_20260420_191705_model_2,cov_LULL_lag1,0.03250671219080682
0,0,0.2,GBM_grid_1_AutoML_1_20260420_191705_model_2,cov_OT_lag1,0.46581579599529505
0,0,0.2,GBM_grid_1_AutoML_1_20260420_191705_model_2,hour_lag1,0.922997132241726
0,0,0.2,GBM_grid_1_AutoML_1_20260420_191705_model_2,day_of_week_lag1,0.03931357026565816
0,0,0.2,GBM_grid_1_AutoML_1_20260420_191705_model_2,month_lag1,0.16419236409245055
0,0,0.2,GBM_grid_1_AutoML_1_20260420_191705_model_2,month_sin,0.1332314359210431
0,0,0.2,GBM_grid_1_AutoML_1_20260420_191705_model_2,month_cos,0.03844175463658754
0,0,0.2,DRF_1_AutoML_1_20260420_191705,target_lag1,2.392938541173935
0,0,0.2,DRF_1_AutoML_1_20260420_191705,target_lag2,1.6112727449089288
0,0,0.2,DRF_1_AutoML_1_20260420_191705,target_lag3,0.5593465237319469
0,0,0.2,DRF_1_AutoML_1_20260420_191705,target_lag4,0.3269020620547235
0,0,0.2,DRF_1_AutoML_1_20260420_191705,target_lag5,0.5341975681856275
0,0,0.2,DRF_1_AutoML_1_20260420_191705,target_lag6,0.11164576671086249
0,0,0.2,DRF_1_AutoML_1_20260420_191705,cov_HULL_lag1,2.0487691247463227
0,0,0.2,DRF_1_AutoML_1_20260420_191705,cov_MUFL_lag1,6.130084662437439
0,0,0.2,DRF_1_AutoML_1_20260420_191705,cov_MULL_lag1,0.7860346313565969
0,0,0.2,DRF_1_AutoML_1_20260420_191705,cov_LUFL_lag1,0.22045000791549682
0,0,0.2,DRF_1_AutoML_1_20260420_191705,cov_LULL_lag1,0.023621535680431363
0,0,0.2,DRF_1_AutoML_1_20260420_191705,cov_OT_lag1,0.6367835687473417
0,0,0.2,DRF_1_AutoML_1_20260420_191705,hour_lag1,0.38122078742831944
0,0,0.2,DRF_1_AutoML_1_20260420_191705,day_of_week_lag1,0.05383899201638993
0,0,0.2,DRF_1_AutoML_1_20260420_191705,month_lag1,0.08743324610404667
0,0,0.2,DRF_1_AutoML_1_20260420_191705,month_sin,0.11883329443633553
0,0,0.2,DRF_1_AutoML_1_20260420_191705,month_cos,0.05429204548243429
0,0,0.2,GBM_1_AutoML_1_20260420_191705,target_lag1,2.576041890978813
0,0,0.2,GBM_1_AutoML_1_20260420_191705,target_lag2,0.9312961713969707
0,0,0.2,GBM_1_AutoML_1_20260420_191705,target_lag3,0.2191503892838955
0,0,0.2,GBM_1_AutoML_1_20260420_191705,target_lag4,0.29711676414124666
0,0,0.2,GBM_1_AutoML_1_20260420_191705,target_lag5,0.29278105301782487
0,0,0.2,GBM_1_AutoML_1_20260420_191705,target_lag6,0.29720022972673177
0,0,0.2,GBM_1_AutoML_1_20260420_191705,cov_HULL_lag1,0.5609703959524631
0,0,0.2,GBM_1_AutoML_1_20260420_191705,cov_MUFL_lag1,3.632288222908974
0,0,0.2,GBM_1_AutoML_1_20260420_191705,cov_MULL_lag1,0.11310338270384816
0,0,0.2,GBM_1_AutoML_1_20260420_191705,cov_LUFL_lag1,0.09076642278116193
0,0,0.2,GBM_1_AutoML_1_20260420_191705,cov_LULL_lag1,0.027711983546614603
0,0,0.2,GBM_1_AutoML_1_20260420_191705,cov_OT_lag1,0.45662563256919386
0,0,0.2,GBM_1_AutoML_1_20260420_191705,hour_lag1,0.9090499682351947
0,0,0.2,GBM_1_AutoML_1_20260420_191705,day_of_week_lag1,0.05570438091293904
0,0,0.2,GBM_1_AutoML_1_20260420_191705,month_lag1,0.11887996025383468
0,0,0.2,GBM_1_AutoML_1_20260420_191705,month_sin,0.1284326860401779
0,0,0.2,GBM_1_AutoML_1_20260420_191705,month_cos,0.06087301070336248
0,0,0.2,XRT_1_AutoML_1_20260420_191705,target_lag1,3.3407137332856656
0,0,0.2,XRT_1_AutoML_1_20260420_191705,target_lag2,1.5764286450576037
0,0,0.2,XRT_1_AutoML_1_20260420_191705,target_lag3,0.4728679839707911
0,0,0.2,XRT_1_AutoML_1_20260420_191705,target_lag4,0.34307324181310833
0,0,0.2,XRT_1_AutoML_1_20260420_191705,target_lag5,0.1957504914700985
0,0,0.2,XRT_1_AutoML_1_20260420_191705,target_lag6,0.13482021041214465
0,0,0.2,XRT_1_AutoML_1_20260420_191705,cov_HULL_lag1,0.9056554600596428
0,0,0.2,XRT_1_AutoML_1_20260420_191705,cov_MUFL_lag1,5.080723593235016
0,0,0.2,XRT_1_AutoML_1_20260420_191705,cov_MULL_lag1,1.1421751496195793
0,0,0.2,XRT_1_AutoML_1_20260420_191705,cov_LUFL_lag1,0.15676653502043333
0,0,0.2,XRT_1_AutoML_1_20260420_191705,cov_LULL_lag1,0.035426288150556456
0,0,0.2,XRT_1_AutoML_1_20260420_191705,cov_OT_lag1,0.9487980650737882
0,0,0.2,XRT_1_AutoML_1_20260420_191705,hour_lag1,0.48074034057557585
0,0,0.2,XRT_1_AutoML_1_20260420_191705,day_of_week_lag1,0.3831146756745875
0,0,0.2,XRT_1_AutoML_1_20260420_191705,month_lag1,0.4867631786316633
0,0,0.2,XRT_1_AutoML_1_20260420_191705,month_sin,0.1620322331995703
0,0,0.2,XRT_1_AutoML_1_20260420_191705,month_cos,0.1344975348562002
0,0,0.2,GBM_2_AutoML_1_20260420_191705,target_lag1,2.878347635269165
0,0,0.2,GBM_2_AutoML_1_20260420_191705,target_lag2,1.6212593599595129
0,0,0.2,GBM_2_AutoML_1_20260420_191705,target_lag3,0.32763152949512003
0,0,0.2,GBM_2_AutoML_1_20260420_191705,target_lag4,0.19140980151365508
0,0,0.2,GBM_2_AutoML_1_20260420_191705,target_lag5,0.20407292157411575
0,0,0.2,GBM_2_AutoML_1_20260420_191705,target_lag6,0.17003248490393155
0,0,0.2,GBM_2_AutoML_1_20260420_191705,cov_HULL_lag1,0.45407411400228737
0,0,0.2,GBM_2_AutoML_1_20260420_191705,cov_MUFL_lag1,3.218907366991043
0,0,0.2,GBM_2_AutoML_1_20260420_191705,cov_MULL_lag1,0.2689926283480599
0,0,0.2,GBM_2_AutoML_1_20260420_191705,cov_LUFL_lag1,0.10781832604901861
0,0,0.2,GBM_2_AutoML_1_20260420_191705,cov_LULL_lag1,0.028278825884335626
0,0,0.2,GBM_2_AutoML_1_20260420_191705,cov_OT_lag1,0.4890903168171644
0,0,0.2,GBM_2_AutoML_1_20260420_191705,hour_lag1,0.8704646829515695
0,0,0.2,GBM_2_AutoML_1_20260420_191705,day_of_week_lag1,0.08157471516751681
0,0,0.2,GBM_2_AutoML_1_20260420_191705,month_lag1,0.10821641219779846
0,0,0.2,GBM_2_AutoML_1_20260420_191705,month_sin,0.20573236774653197
0,0,0.2,GBM_2_AutoML_1_20260420_191705,month_cos,0.03466292444034476
0,0,0.2,GBM_3_AutoML_1_20260420_191705,target_lag1,3.2912349486351014
0,0,0.2,GBM_3_AutoML_1_20260420_191705,target_lag2,0.6310439949855209
0,0,0.2,GBM_3_AutoML_1_20260420_191705,target_lag3,0.3615580924786627
0,0,0.2,GBM_3_AutoML_1_20260420_191705,target_lag4,0.2834013217035681
0,0,0.2,GBM_3_AutoML_1_20260420_191705,target_lag5,0.18647935254499315
0,0,0.2,GBM_3_AutoML_1_20260420_191705,target_lag6,0.15261128824204204
0,0,0.2,GBM_3_AutoML_1_20260420_191705,cov_HULL_lag1,0.25096255479380486
0,0,0.2,GBM_3_AutoML_1_20260420_191705,cov_MUFL_lag1,3.2490696507692336
0,0,0.2,GBM_3_AutoML_1_20260420_191705,cov_MULL_lag1,0.2087021383154206
0,0,0.2,GBM_3_AutoML_1_20260420_191705,cov_LUFL_lag1,0.13363378390786235
0,0,0.2,GBM_3_AutoML_1_20260420_191705,cov_LULL_lag1,0.011495954724959977
0,0,0.2,GBM_3_AutoML_1_20260420_191705,cov_OT_lag1,0.566045681759715
0,0,0.2,GBM_3_AutoML_1_20260420_191705,hour_lag1,0.8245658362284303
0,0,0.2,GBM_3_AutoML_1_20260420_191705,day_of_week_lag1,0.06371900279191318
0,0,0.2,GBM_3_AutoML_1_20260420_191705,month_lag1,0.11005312481895085
0,0,0.2,GBM_3_AutoML_1_20260420_191705,month_sin,0.18947947029955686
0,0,0.2,GBM_3_AutoML_1_20260420_191705,month_cos,0.09961231574416157
0,0,0.2,GBM_4_AutoML_1_20260420_191705,target_lag1,2.5889450562000276
0,0,0.2,GBM_4_AutoML_1_20260420_191705,target_lag2,0.6327171820029617
0,0,0.2,GBM_4_AutoML_1_20260420_191705,target_lag3,1.0561752596497536
0,0,0.2,GBM_4_AutoML_1_20260420_191705,target_lag4,0.1942002839036285
0,0,0.2,GBM_4_AutoML_1_20260420_191705,target_lag5,0.14939782805275167
0,0,0.2,GBM_4_AutoML_1_20260420_191705,target_lag6,0.241084992736578
0,0,0.2,GBM_4_AutoML_1_20260420_191705,cov_HULL_lag1,0.38815504043363036
0,0,0.2,GBM_4_AutoML_1_20260420_191705,cov_MUFL_lag1,3.1884762626886367
0,0,0.2,GBM_4_AutoML_1_20260420_191705,cov_MULL_lag1,0.12411551839846649
0,0,0.2,GBM_4_AutoML_1_20260420_191705,cov_LUFL_lag1,0.1002321094088256
0,0,0.2,GBM_4_AutoML_1_20260420_191705,cov_LULL_lag1,0.023893954897066534
0,0,0.2,GBM_4_AutoML_1_20260420_191705,cov_OT_lag1,0.47738230183720587
0,0,0.2,GBM_4_AutoML_1_20260420_191705,hour_lag1,0.755951133207418
0,0,0.2,GBM_4_AutoML_1_20260420_191705,day_of_week_lag1,0.05880455785663795
0,0,0.2,GBM_4_AutoML_1_20260420_191705,month_lag1,0.1302496241778135
0,0,0.2,GBM_4_AutoML_1_20260420_191705,month_sin,0.2503496990725398
0,0,0.2,GBM_4_AutoML_1_20260420_191705,month_cos,0.08356210851168722
0,0,0.2,XGBoost_3_AutoML_1_20260420_191705,target_lag1,2.914454016089439
0,0,0.2,XGBoost_3_AutoML_1_20260420_191705,target_lag2,0.43001182086765766
0,0,0.2,XGBoost_3_AutoML_1_20260420_191705,target_lag3,1.4703139793872833
0,0,0.2,XGBoost_3_AutoML_1_20260420_191705,target_lag4,0.2893892552750185
0,0,0.2,XGBoost_3_AutoML_1_20260420_191705,target_lag5,0.4023216123506427
0,0,0.2,XGBoost_3_AutoML_1_20260420_191705,target_lag6,0.30625257997773586
0,0,0.2,XGBoost_3_AutoML_1_20260420_191705,cov_HULL_lag1,0.3146886004135013
0,0,0.2,XGBoost_3_AutoML_1_20260420_191705,cov_MUFL_lag1,2.3584390149265526
0,0,0.2,XGBoost_3_AutoML_1_20260420_191705,cov_MULL_lag1,0.49346513725817204
0,0,0.2,XGBoost_3_AutoML_1_20260420_191705,cov_LUFL_lag1,0.29031334531493486
0,0,0.2,XGBoost_3_AutoML_1_20260420_191705,cov_LULL_lag1,0.02816967624239619
0,0,0.2,XGBoost_3_AutoML_1_20260420_191705,cov_OT_lag1,0.6560793842375279
0,0,0.2,XGBoost_3_AutoML_1_20260420_191705,hour_lag1,1.210227927751839
0,0,0.2,XGBoost_3_AutoML_1_20260420_191705,day_of_week_lag1,0.08579454297549088
0,0,0.2,XGBoost_3_AutoML_1_20260420_191705,month_lag1,0.1769839066825807
0,0,0.2,XGBoost_3_AutoML_1_20260420_191705,month_sin,0.5902559227496386
0,0,0.2,XGBoost_3_AutoML_1_20260420_191705,month_cos,0.033956838534795634
0,0,0.2,XGBoost_grid_1_AutoML_1_20260420_191705_model_2,target_lag1,2.469093773961067
0,0,0.2,XGBoost_grid_1_AutoML_1_20260420_191705_model_2,target_lag2,1.1661660864949226
0,0,0.2,XGBoost_grid_1_AutoML_1_20260420_191705_model_2,target_lag3,0.5817682610452175
0,0,0.2,XGBoost_grid_1_AutoML_1_20260420_191705_model_2,target_lag4,0.3849450757354498
0,0,0.2,XGBoost_grid_1_AutoML_1_20260420_191705_model_2,target_lag5,0.39113742222078146
0,0,0.2,XGBoost_grid_1_AutoML_1_20260420_191705_model_2,target_lag6,0.37116444715298713
0,0,0.2,XGBoost_grid_1_AutoML_1_20260420_191705_model_2,cov_HULL_lag1,0.3865688776876777
0,0,0.2,XGBoost_grid_1_AutoML_1_20260420_191705_model_2,cov_MUFL_lag1,4.0796759814023975
0,0,0.2,XGBoost_grid_1_AutoML_1_20260420_191705_model_2,cov_MULL_lag1,0.42249264422804117
0,0,0.2,XGBoost_grid_1_AutoML_1_20260420_191705_model_2,cov_LUFL_lag1,0.19337662226986135
0,0,0.2,XGBoost_grid_1_AutoML_1_20260420_191705_model_2,cov_LULL_lag1,0.06286554722115394
0,0,0.2,XGBoost_grid_1_AutoML_1_20260420_191705_model_2,cov_OT_lag1,0.5664878626447171
0,0,0.2,XGBoost_grid_1_AutoML_1_20260420_191705_model_2,hour_lag1,1.1464362278580666
0,0,0.2,XGBoost_grid_1_AutoML_1_20260420_191705_model_2,day_of_week_lag1,0.11480821297504004
0,0,0.2,XGBoost_grid_1_AutoML_1_20260420_191705_model_2,month_lag1,0.15251802624203262
0,0,0.2,XGBoost_grid_1_AutoML_1_20260420_191705_model_2,month_sin,0.12337062297854569
0,0,0.2,XGBoost_grid_1_AutoML_1_20260420_191705_model_2,month_cos,0.09090431396616619
0,0,0.2,XGBoost_grid_1_AutoML_1_20260420_191705_model_6,target_lag1,1.6956905687600374
0,0,0.2,XGBoost_grid_1_AutoML_1_20260420_191705_model_6,target_lag2,1.71620378613472
0,0,0.2,XGBoost_grid_1_AutoML_1_20260420_191705_model_6,target_lag3,0.4805138127319515
0,0,0.2,XGBoost_grid_1_AutoML_1_20260420_191705_model_6,target_lag4,0.4341330423206091
0,0,0.2,XGBoost_grid_1_AutoML_1_20260420_191705_model_6,target_lag5,0.5185862422222272
0,0,0.2,XGBoost_grid_1_AutoML_1_20260420_191705_model_6,target_lag6,0.2080084792524576
0,0,0.2,XGBoost_grid_1_AutoML_1_20260420_191705_model_6,cov_HULL_lag1,0.271969727575779
0,0,0.2,XGBoost_grid_1_AutoML_1_20260420_191705_model_6,cov_MUFL_lag1,3.55068357527256
0,0,0.2,XGBoost_grid_1_AutoML_1_20260420_191705_model_6,cov_MULL_lag1,0.18224895846098663
0,0,0.2,XGBoost_grid_1_AutoML_1_20260420_191705_model_6,cov_LUFL_lag1,0.12023632798809554
0,0,0.2,XGBoost_grid_1_AutoML_1_20260420_191705_model_6,cov_LULL_lag1,0.05431583434343334
0,0,0.2,XGBoost_grid_1_AutoML_1_20260420_191705_model_6,cov_OT_lag1,0.36645153402350844
0,0,0.2,XGBoost_grid_1_AutoML_1_20260420_191705_model_6,hour_lag1,1.2201809296011925
0,0,0.2,XGBoost_grid_1_AutoML_1_20260420_191705_model_6,day_of_week_lag1,0.028750574421137518
0,0,0.2,XGBoost_grid_1_AutoML_1_20260420_191705_model_6,month_lag1,0.19082195907831184
0,0,0.2,XGBoost_grid_1_AutoML_1_20260420_191705_model_6,month_sin,0.15174733415246008
0,0,0.2,XGBoost_grid_1_AutoML_1_20260420_191705_model_6,month_cos,0.04726488823071118
0,0,0.2,GBM_5_AutoML_1_20260420_191705,target_lag1,2.8021595603227616
0,0,0.2,GBM_5_AutoML_1_20260420_191705,target_lag2,1.146134431780083
0,0,0.2,GBM_5_AutoML_1_20260420_191705,target_lag3,0.4681952879950404
0,0,0.2,GBM_5_AutoML_1_20260420_191705,target_lag4,0.4011277361167595
0,0,0.2,GBM_5_AutoML_1_20260420_191705,target_lag5,0.19789251040667297
0,0,0.2,GBM_5_AutoML_1_20260420_191705,target_lag6,0.14264214809983966
0,0,0.2,GBM_5_AutoML_1_20260420_191705,cov_HULL_lag1,0.4773331720940769
0,0,0.2,GBM_5_AutoML_1_20260420_191705,cov_MUFL_lag1,3.1481387985497715
0,0,0.2,GBM_5_AutoML_1_20260420_191705,cov_MULL_lag1,0.18664941707625984
0,0,0.2,GBM_5_AutoML_1_20260420_191705,cov_LUFL_lag1,0.10439509760588404
0,0,0.2,GBM_5_AutoML_1_20260420_191705,cov_LULL_lag1,0.013572122764453486
0,0,0.2,GBM_5_AutoML_1_20260420_191705,cov_OT_lag1,0.35105908786412326
0,0,0.2,GBM_5_AutoML_1_20260420_191705,hour_lag1,0.9512215521931648
0,0,0.2,GBM_5_AutoML_1_20260420_191705,day_of_week_lag1,0.044361701563757336
0,0,0.2,GBM_5_AutoML_1_20260420_191705,month_lag1,0.11267082177102561
0,0,0.2,GBM_5_AutoML_1_20260420_191705,month_sin,0.1453313462808728
0,0,0.2,GBM_5_AutoML_1_20260420_191705,month_cos,0.0605218678573146
0,0,0.2,XGBoost_grid_1_AutoML_1_20260420_191705_model_5,target_lag1,2.531404379606247
0,0,0.2,XGBoost_grid_1_AutoML_1_20260420_191705_model_5,target_lag2,0.5739615884236992
0,0,0.2,XGBoost_grid_1_AutoML_1_20260420_191705_model_5,target_lag3,0.3126207338925451
0,0,0.2,XGBoost_grid_1_AutoML_1_20260420_191705_model_5,target_lag4,0.6055510172457435
0,0,0.2,XGBoost_grid_1_AutoML_1_20260420_191705_model_5,target_lag5,0.3997321739792824
0,0,0.2,XGBoost_grid_1_AutoML_1_20260420_191705_model_5,target_lag6,0.22143137387931347
0,0,0.2,XGBoost_grid_1_AutoML_1_20260420_191705_model_5,cov_HULL_lag1,0.3439200674556196
0,0,0.2,XGBoost_grid_1_AutoML_1_20260420_191705_model_5,cov_MUFL_lag1,3.414739241600037
0,0,0.2,XGBoost_grid_1_AutoML_1_20260420_191705_model_5,cov_MULL_lag1,0.14905047568492588
0,0,0.2,XGBoost_grid_1_AutoML_1_20260420_191705_model_5,cov_LUFL_lag1,0.15010766209103163
0,0,0.2,XGBoost_grid_1_AutoML_1_20260420_191705_model_5,cov_LULL_lag1,0.028368626609444572
0,0,0.2,XGBoost_grid_1_AutoML_1_20260420_191705_model_5,cov_OT_lag1,0.48339353339746594
0,0,0.2,XGBoost_grid_1_AutoML_1_20260420_191705_model_5,hour_lag1,1.061646023094654
0,0,0.2,XGBoost_grid_1_AutoML_1_20260420_191705_model_5,day_of_week_lag1,0.06532712023443304
0,0,0.2,XGBoost_grid_1_AutoML_1_20260420_191705_model_5,month_lag1,0.3764474382251501
0,0,0.2,XGBoost_grid_1_AutoML_1_20260420_191705_model_5,month_sin,0.056717466716654556
0,0,0.2,XGBoost_grid_1_AutoML_1_20260420_191705_model_5,month_cos,0.031111748445546216
0,0,0.2,GBM_grid_1_AutoML_1_20260420_191705_model_1,target_lag1,2.004195973314345
0,0,0.2,GBM_grid_1_AutoML_1_20260420_191705_model_1,target_lag2,0.8559824189171195
0,0,0.2,GBM_grid_1_AutoML_1_20260420_191705_model_1,target_lag3,0.47607148802373556
0,0,0.2,GBM_grid_1_AutoML_1_20260420_191705_model_1,target_lag4,0.39400199976749717
0,0,0.2,GBM_grid_1_AutoML_1_20260420_191705_model_1,target_lag5,0.15674622151884246
0,0,0.2,GBM_grid_1_AutoML_1_20260420_191705_model_1,target_lag6,0.18658264678437264
0,0,0.2,GBM_grid_1_AutoML_1_20260420_191705_model_1,cov_HULL_lag1,0.6112420596508309
0,0,0.2,GBM_grid_1_AutoML_1_20260420_191705_model_1,cov_MUFL_lag1,3.2070924916863444
0,0,0.2,GBM_grid_1_AutoML_1_20260420_191705_model_1,cov_MULL_lag1,0.28843176493421196
0,0,0.2,GBM_grid_1_AutoML_1_20260420_191705_model_1,cov_LUFL_lag1,0.09029830385930833
0,0,0.2,GBM_grid_1_AutoML_1_20260420_191705_model_1,cov_LULL_lag1,0.01426298933103675
0,0,0.2,GBM_grid_1_AutoML_1_20260420_191705_model_1,cov_OT_lag1,0.4477340538054705
0,0,0.2,GBM_grid_1_AutoML_1_20260420_191705_model_1,hour_lag1,0.8939722479972988
0,0,0.2,GBM_grid_1_AutoML_1_20260420_191705_model_1,day_of_week_lag1,0.05777209875697732
0,0,0.2,GBM_grid_1_AutoML_1_20260420_191705_model_1,month_lag1,0.10685792960226533
0,0,0.2,GBM_grid_1_AutoML_1_20260420_191705_model_1,month_sin,0.15753150440752503
0,0,0.2,GBM_grid_1_AutoML_1_20260420_191705_model_1,month_cos,0.09496241624467071
0,0,0.2,XGBoost_grid_1_AutoML_1_20260420_191705_model_1,target_lag1,3.0971542978286744
0,0,0.2,XGBoost_grid_1_AutoML_1_20260420_191705_model_1,target_lag2,0.47178013388067486
0,0,0.2,XGBoost_grid_1_AutoML_1_20260420_191705_model_1,target_lag3,0.3785491282539442
0,0,0.2,XGBoost_grid_1_AutoML_1_20260420_191705_model_1,target_lag4,0.28888338766992094
0,0,0.2,XGBoost_grid_1_AutoML_1_20260420_191705_model_1,target_lag5,0.1949867240479216
0,0,0.2,XGBoost_grid_1_AutoML_1_20260420_191705_model_1,target_lag6,0.5319423978775739
0,0,0.2,XGBoost_grid_1_AutoML_1_20260420_191705_model_1,cov_HULL_lag1,0.42083626366220417
0,0,0.2,XGBoost_grid_1_AutoML_1_20260420_191705_model_1,cov_MUFL_lag1,3.949645274877548
0,0,0.2,XGBoost_grid_1_AutoML_1_20260420_191705_model_1,cov_MULL_lag1,0.2127299060393125
0,0,0.2,XGBoost_grid_1_AutoML_1_20260420_191705_model_1,cov_LUFL_lag1,0.17640279504470527
0,0,0.2,XGBoost_grid_1_AutoML_1_20260420_191705_model_1,cov_LULL_lag1,0.02397887490224089
0,0,0.2,XGBoost_grid_1_AutoML_1_20260420_191705_model_1,cov_OT_lag1,0.4921441874653101
0,0,0.2,XGBoost_grid_1_AutoML_1_20260420_191705_model_1,hour_lag1,0.9188645149022341
0,0,0.2,XGBoost_grid_1_AutoML_1_20260420_191705_model_1,day_of_week_lag1,0.09211169002810489
0,0,0.2,XGBoost_grid_1_AutoML_1_20260420_191705_model_1,month_lag1,0.21350817017257215
0,0,0.2,XGBoost_grid_1_AutoML_1_20260420_191705_model_1,month_sin,0.09173409696202722
0,0,0.2,XGBoost_grid_1_AutoML_1_20260420_191705_model_1,month_cos,0.11682705659884957
0,0,0.2,XGBoost_1_AutoML_1_20260420_191705,target_lag1,4.08075434833765
0,0,0.2,XGBoost_1_AutoML_1_20260420_191705,target_lag2,1.1345807185024024
0,0,0.2,XGBoost_1_AutoML_1_20260420_191705,target_lag3,0.5566712146205828
0,0,0.2,XGBoost_1_AutoML_1_20260420_191705,target_lag4,0.3553880267590284
0,0,0.2,XGBoost_1_AutoML_1_20260420_191705,target_lag5,0.36672965086996556
0,0,0.2,XGBoost_1_AutoML_1_20260420_191705,target_lag6,0.38175113644450903
0,0,0.2,XGBoost_1_AutoML_1_20260420_191705,cov_HULL_lag1,0.7399443062394857
0,0,0.2,XGBoost_1_AutoML_1_20260420_191705,cov_MUFL_lag1,1.9369123658537866
0,0,0.2,XGBoost_1_AutoML_1_20260420_191705,cov_MULL_lag1,0.2709242739994078
0,0,0.2,XGBoost_1_AutoML_1_20260420_191705,cov_LUFL_lag1,0.2124417190533131
0,0,0.2,XGBoost_1_AutoML_1_20260420_191705,cov_LULL_lag1,0.051580578668508646
0,0,0.2,XGBoost_1_AutoML_1_20260420_191705,cov_OT_lag1,0.7702791637834161
0,0,0.2,XGBoost_1_AutoML_1_20260420_191705,hour_lag1,1.0254674416780472
0,0,0.2,XGBoost_1_AutoML_1_20260420_191705,day_of_week_lag1,0.13898458164185284
0,0,0.2,XGBoost_1_AutoML_1_20260420_191705,month_lag1,0.154650882394053
0,0,0.2,XGBoost_1_AutoML_1_20260420_191705,month_sin,0.21576247157994657
0,0,0.2,XGBoost_1_AutoML_1_20260420_191705,month_cos,0.11297271145100236
0,0,0.3,GBM_grid_1_AutoML_1_20260420_191705_model_3,target_lag1,2.012850662469864
0,0,0.3,GBM_grid_1_AutoML_1_20260420_191705_model_3,target_lag2,1.6361036114394665
0,0,0.3,GBM_grid_1_AutoML_1_20260420_191705_model_3,target_lag3,1.5732950776070356
0,0,0.3,GBM_grid_1_AutoML_1_20260420_191705_model_3,target_lag4,0.23494360994547606
0,0,0.3,GBM_grid_1_AutoML_1_20260420_191705_model_3,target_lag5,0.1271326525689801
0,0,0.3,GBM_grid_1_AutoML_1_20260420_191705_model_3,target_lag6,0.2503433664818294
0,0,0.3,GBM_grid_1_AutoML_1_20260420_191705_model_3,cov_HULL_lag1,0.5100270015187561
0,0,0.3,GBM_grid_1_AutoML_1_20260420_191705_model_3,cov_MUFL_lag1,2.658546495139599
0,0,0.3,GBM_grid_1_AutoML_1_20260420_191705_model_3,cov_MULL_lag1,0.20238235292839818
0,0,0.3,GBM_grid_1_AutoML_1_20260420_191705_model_3,cov_LUFL_lag1,0.09882071243657262
0,0,0.3,GBM_grid_1_AutoML_1_20260420_191705_model_3,cov_LULL_lag1,0.03339851330267261
0,0,0.3,GBM_grid_1_AutoML_1_20260420_191705_model_3,cov_OT_lag1,0.4773723054677248
0,0,0.3,GBM_grid_1_AutoML_1_20260420_191705_model_3,hour_lag1,0.7834343485534191
0,0,0.3,GBM_grid_1_AutoML_1_20260420_191705_model_3,day_of_week_lag1,0.07597290601464916
0,0,0.3,GBM_grid_1_AutoML_1_20260420_191705_model_3,month_lag1,0.07882732108235356
0,0,0.3,GBM_grid_1_AutoML_1_20260420_191705_model_3,month_sin,0.09240966013632711
0,0,0.3,GBM_grid_1_AutoML_1_20260420_191705_model_3,month_cos,0.07176990951411422
0,0,0.3,XGBoost_grid_1_AutoML_1_20260420_191705_model_3,target_lag1,2.976117615699768
0,0,0.3,XGBoost_grid_1_AutoML_1_20260420_191705_model_3,target_lag2,1.3130985164642335
0,0,0.3,XGBoost_grid_1_AutoML_1_20260420_191705_model_3,target_lag3,0.40249277694616464
0,0,0.3,XGBoost_grid_1_AutoML_1_20260420_191705_model_3,target_lag4,0.31412715090438725
0,0,0.3,XGBoost_grid_1_AutoML_1_20260420_191705_model_3,target_lag5,0.3716780035221018
0,0,0.3,XGBoost_grid_1_AutoML_1_20260420_191705_model_3,target_lag6,0.32943872644565997
0,0,0.3,XGBoost_grid_1_AutoML_1_20260420_191705_model_3,cov_HULL_lag1,0.8888010493665933
0,0,0.3,XGBoost_grid_1_AutoML_1_20260420_191705_model_3,cov_MUFL_lag1,2.5627356051653623
0,0,0.3,XGBoost_grid_1_AutoML_1_20260420_191705_model_3,cov_MULL_lag1,0.20765097819268705
0,0,0.3,XGBoost_grid_1_AutoML_1_20260420_191705_model_3,cov_LUFL_lag1,0.13605181392282245
0,0,0.3,XGBoost_grid_1_AutoML_1_20260420_191705_model_3,cov_LULL_lag1,0.06642269157222469
0,0,0.3,XGBoost_grid_1_AutoML_1_20260420_191705_model_3,cov_OT_lag1,0.6474614319205284
0,0,0.3,XGBoost_grid_1_AutoML_1_20260420_191705_model_3,hour_lag1,1.0819312344118952
0,0,0.3,XGBoost_grid_1_AutoML_1_20260420_191705_model_3,day_of_week_lag1,0.0686087522935122
0,0,0.3,XGBoost_grid_1_AutoML_1_20260420_191705_model_3,month_lag1,0.18630890525877475
0,0,0.3,XGBoost_grid_1_AutoML_1_20260420_191705_model_3,month_sin,0.25126902836374937
0,0,0.3,XGBoost_grid_1_AutoML_1_20260420_191705_model_3,month_cos,0.12032528236333744
0,0,0.3,GBM_grid_1_AutoML_1_20260420_191705_model_2,target_lag1,3.3228098344802857
0,0,0.3,GBM_grid_1_AutoML_1_20260420_191705_model_2,target_lag2,0.651299901381135
0,0,0.3,GBM_grid_1_AutoML_1_20260420_191705_model_2,target_lag3,0.3505494574829936
0,0,0.3,GBM_grid_1_AutoML_1_20260420_191705_model_2,target_lag4,0.22289284891448916
0,0,0.3,GBM_grid_1_AutoML_1_20260420_191705_model_2,target_lag5,0.3372019429435022
0,0,0.3,GBM_grid_1_AutoML_1_20260420_191705_model_2,target_lag6,0.2209200045792386
0,0,0.3,GBM_grid_1_AutoML_1_20260420_191705_model_2,cov_HULL_lag1,0.3207203303370625
0,0,0.3,GBM_grid_1_AutoML_1_20260420_191705_model_2,cov_MUFL_lag1,3.2503505861759185
0,0,0.3,GBM_grid_1_AutoML_1_20260420_191705_model_2,cov_MULL_lag1,0.166428825519979
0,0,0.3,GBM_grid_1_AutoML_1_20260420_191705_model_2,cov_LUFL_lag1,0.0800153082190081
0,0,0.3,GBM_grid_1_AutoML_1_20260420_191705_model_2,cov_LULL_lag1,0.03250671219080682
0,0,0.3,GBM_grid_1_AutoML_1_20260420_191705_model_2,cov_OT_lag1,0.46581579599529505
0,0,0.3,GBM_grid_1_AutoML_1_20260420_191705_model_2,hour_lag1,0.922997132241726
0,0,0.3,GBM_grid_1_AutoML_1_20260420_191705_model_2,day_of_week_lag1,0.03931357026565816
0,0,0.3,GBM_grid_1_AutoML_1_20260420_191705_model_2,month_lag1,0.16419236409245055
0,0,0.3,GBM_grid_1_AutoML_1_20260420_191705_model_2,month_sin,0.1332314359210431
0,0,0.3,GBM_grid_1_AutoML_1_20260420_191705_model_2,month_cos,0.03844175463658754
0,0,0.3,DRF_1_AutoML_1_20260420_191705,target_lag1,2.392938541173935
0,0,0.3,DRF_1_AutoML_1_20260420_191705,target_lag2,1.6112727449089288
0,0,0.3,DRF_1_AutoML_1_20260420_191705,target_lag3,0.5593465237319469
0,0,0.3,DRF_1_AutoML_1_20260420_191705,target_lag4,0.3269020620547235
0,0,0.3,DRF_1_AutoML_1_20260420_191705,target_lag5,0.5341975681856275
0,0,0.3,DRF_1_AutoML_1_20260420_191705,target_lag6,0.11164576671086249
0,0,0.3,DRF_1_AutoML_1_20260420_191705,cov_HULL_lag1,2.0487691247463227
0,0,0.3,DRF_1_AutoML_1_20260420_191705,cov_MUFL_lag1,6.130084662437439
0,0,0.3,DRF_1_AutoML_1_20260420_191705,cov_MULL_lag1,0.7860346313565969
0,0,0.3,DRF_1_AutoML_1_20260420_191705,cov_LUFL_lag1,0.22045000791549682
0,0,0.3,DRF_1_AutoML_1_20260420_191705,cov_LULL_lag1,0.023621535680431363
0,0,0.3,DRF_1_AutoML_1_20260420_191705,cov_OT_lag1,0.6367835687473417
0,0,0.3,DRF_1_AutoML_1_20260420_191705,hour_lag1,0.38122078742831944
0,0,0.3,DRF_1_AutoML_1_20260420_191705,day_of_week_lag1,0.05383899201638993
0,0,0.3,DRF_1_AutoML_1_20260420_191705,month_lag1,0.08743324610404667
0,0,0.3,DRF_1_AutoML_1_20260420_191705,month_sin,0.11883329443633553
0,0,0.3,DRF_1_AutoML_1_20260420_191705,month_cos,0.05429204548243429
0,0,0.3,GBM_1_AutoML_1_20260420_191705,target_lag1,2.576041890978813
0,0,0.3,GBM_1_AutoML_1_20260420_191705,target_lag2,0.9312961713969707
0,0,0.3,GBM_1_AutoML_1_20260420_191705,target_lag3,0.2191503892838955
0,0,0.3,GBM_1_AutoML_1_20260420_191705,target_lag4,0.29711676414124666
0,0,0.3,GBM_1_AutoML_1_20260420_191705,target_lag5,0.29278105301782487
0,0,0.3,GBM_1_AutoML_1_20260420_191705,target_lag6,0.29720022972673177
0,0,0.3,GBM_1_AutoML_1_20260420_191705,cov_HULL_lag1,0.5609703959524631
0,0,0.3,GBM_1_AutoML_1_20260420_191705,cov_MUFL_lag1,3.632288222908974
0,0,0.3,GBM_1_AutoML_1_20260420_191705,cov_MULL_lag1,0.11310338270384816
0,0,0.3,GBM_1_AutoML_1_20260420_191705,cov_LUFL_lag1,0.09076642278116193
0,0,0.3,GBM_1_AutoML_1_20260420_191705,cov_LULL_lag1,0.027711983546614603
0,0,0.3,GBM_1_AutoML_1_20260420_191705,cov_OT_lag1,0.45662563256919386
0,0,0.3,GBM_1_AutoML_1_20260420_191705,hour_lag1,0.9090499682351947
0,0,0.3,GBM_1_AutoML_1_20260420_191705,day_of_week_lag1,0.05570438091293904
0,0,0.3,GBM_1_AutoML_1_20260420_191705,month_lag1,0.11887996025383468
0,0,0.3,GBM_1_AutoML_1_20260420_191705,month_sin,0.1284326860401779
0,0,0.3,GBM_1_AutoML_1_20260420_191705,month_cos,0.06087301070336248
0,0,0.3,XRT_1_AutoML_1_20260420_191705,target_lag1,3.3407137332856656
0,0,0.3,XRT_1_AutoML_1_20260420_191705,target_lag2,1.5764286450576037
0,0,0.3,XRT_1_AutoML_1_20260420_191705,target_lag3,0.4728679839707911
0,0,0.3,XRT_1_AutoML_1_20260420_191705,target_lag4,0.34307324181310833
0,0,0.3,XRT_1_AutoML_1_20260420_191705,target_lag5,0.1957504914700985
0,0,0.3,XRT_1_AutoML_1_20260420_191705,target_lag6,0.13482021041214465
0,0,0.3,XRT_1_AutoML_1_20260420_191705,cov_HULL_lag1,0.9056554600596428
0,0,0.3,XRT_1_AutoML_1_20260420_191705,cov_MUFL_lag1,5.080723593235016
0,0,0.3,XRT_1_AutoML_1_20260420_191705,cov_MULL_lag1,1.1421751496195793
0,0,0.3,XRT_1_AutoML_1_20260420_191705,cov_LUFL_lag1,0.15676653502043333
0,0,0.3,XRT_1_AutoML_1_20260420_191705,cov_LULL_lag1,0.035426288150556456
0,0,0.3,XRT_1_AutoML_1_20260420_191705,cov_OT_lag1,0.9487980650737882
0,0,0.3,XRT_1_AutoML_1_20260420_191705,hour_lag1,0.48074034057557585
0,0,0.3,XRT_1_AutoML_1_20260420_191705,day_of_week_lag1,0.3831146756745875
0,0,0.3,XRT_1_AutoML_1_20260420_191705,month_lag1,0.4867631786316633
0,0,0.3,XRT_1_AutoML_1_20260420_191705,month_sin,0.1620322331995703
0,0,0.3,XRT_1_AutoML_1_20260420_191705,month_cos,0.1344975348562002
0,0,0.3,GBM_2_AutoML_1_20260420_191705,target_lag1,2.878347635269165
0,0,0.3,GBM_2_AutoML_1_20260420_191705,target_lag2,1.6212593599595129
0,0,0.3,GBM_2_AutoML_1_20260420_191705,target_lag3,0.32763152949512003
0,0,0.3,GBM_2_AutoML_1_20260420_191705,target_lag4,0.19140980151365508
0,0,0.3,GBM_2_AutoML_1_20260420_191705,target_lag5,0.20407292157411575
0,0,0.3,GBM_2_AutoML_1_20260420_191705,target_lag6,0.17003248490393155
0,0,0.3,GBM_2_AutoML_1_20260420_191705,cov_HULL_lag1,0.45407411400228737
0,0,0.3,GBM_2_AutoML_1_20260420_191705,cov_MUFL_lag1,3.218907366991043
0,0,0.3,GBM_2_AutoML_1_20260420_191705,cov_MULL_lag1,0.2689926283480599
0,0,0.3,GBM_2_AutoML_1_20260420_191705,cov_LUFL_lag1,0.10781832604901861
0,0,0.3,GBM_2_AutoML_1_20260420_191705,cov_LULL_lag1,0.028278825884335626
0,0,0.3,GBM_2_AutoML_1_20260420_191705,cov_OT_lag1,0.4890903168171644
0,0,0.3,GBM_2_AutoML_1_20260420_191705,hour_lag1,0.8704646829515695
0,0,0.3,GBM_2_AutoML_1_20260420_191705,day_of_week_lag1,0.08157471516751681
0,0,0.3,GBM_2_AutoML_1_20260420_191705,month_lag1,0.10821641219779846
0,0,0.3,GBM_2_AutoML_1_20260420_191705,month_sin,0.20573236774653197
0,0,0.3,GBM_2_AutoML_1_20260420_191705,month_cos,0.03466292444034476
0,0,0.3,GBM_3_AutoML_1_20260420_191705,target_lag1,3.2912349486351014
0,0,0.3,GBM_3_AutoML_1_20260420_191705,target_lag2,0.6310439949855209
0,0,0.3,GBM_3_AutoML_1_20260420_191705,target_lag3,0.3615580924786627
0,0,0.3,GBM_3_AutoML_1_20260420_191705,target_lag4,0.2834013217035681
0,0,0.3,GBM_3_AutoML_1_20260420_191705,target_lag5,0.18647935254499315
0,0,0.3,GBM_3_AutoML_1_20260420_191705,target_lag6,0.15261128824204204
0,0,0.3,GBM_3_AutoML_1_20260420_191705,cov_HULL_lag1,0.25096255479380486
0,0,0.3,GBM_3_AutoML_1_20260420_191705,cov_MUFL_lag1,3.2490696507692336
0,0,0.3,GBM_3_AutoML_1_20260420_191705,cov_MULL_lag1,0.2087021383154206
0,0,0.3,GBM_3_AutoML_1_20260420_191705,cov_LUFL_lag1,0.13363378390786235
0,0,0.3,GBM_3_AutoML_1_20260420_191705,cov_LULL_lag1,0.011495954724959977
0,0,0.3,GBM_3_AutoML_1_20260420_191705,cov_OT_lag1,0.566045681759715
0,0,0.3,GBM_3_AutoML_1_20260420_191705,hour_lag1,0.8245658362284303
0,0,0.3,GBM_3_AutoML_1_20260420_191705,day_of_week_lag1,0.06371900279191318
0,0,0.3,GBM_3_AutoML_1_20260420_191705,month_lag1,0.11005312481895085
0,0,0.3,GBM_3_AutoML_1_20260420_191705,month_sin,0.18947947029955686
0,0,0.3,GBM_3_AutoML_1_20260420_191705,month_cos,0.09961231574416157
0,0,0.3,GBM_4_AutoML_1_20260420_191705,target_lag1,2.5889450562000276
0,0,0.3,GBM_4_AutoML_1_20260420_191705,target_lag2,0.6327171820029617
0,0,0.3,GBM_4_AutoML_1_20260420_191705,target_lag3,1.0561752596497536
0,0,0.3,GBM_4_AutoML_1_20260420_191705,target_lag4,0.1942002839036285
0,0,0.3,GBM_4_AutoML_1_20260420_191705,target_lag5,0.14939782805275167
0,0,0.3,GBM_4_AutoML_1_20260420_191705,target_lag6,0.241084992736578
0,0,0.3,GBM_4_AutoML_1_20260420_191705,cov_HULL_lag1,0.38815504043363036
0,0,0.3,GBM_4_AutoML_1_20260420_191705,cov_MUFL_lag1,3.1884762626886367
0,0,0.3,GBM_4_AutoML_1_20260420_191705,cov_MULL_lag1,0.12411551839846649
0,0,0.3,GBM_4_AutoML_1_20260420_191705,cov_LUFL_lag1,0.1002321094088256
0,0,0.3,GBM_4_AutoML_1_20260420_191705,cov_LULL_lag1,0.023893954897066534
0,0,0.3,GBM_4_AutoML_1_20260420_191705,cov_OT_lag1,0.47738230183720587
0,0,0.3,GBM_4_AutoML_1_20260420_191705,hour_lag1,0.755951133207418
0,0,0.3,GBM_4_AutoML_1_20260420_191705,day_of_week_lag1,0.05880455785663795
0,0,0.3,GBM_4_AutoML_1_20260420_191705,month_lag1,0.1302496241778135
0,0,0.3,GBM_4_AutoML_1_20260420_191705,month_sin,0.2503496990725398
0,0,0.3,GBM_4_AutoML_1_20260420_191705,month_cos,0.08356210851168722
0,0,0.3,XGBoost_3_AutoML_1_20260420_191705,target_lag1,2.914454016089439
0,0,0.3,XGBoost_3_AutoML_1_20260420_191705,target_lag2,0.43001182086765766
0,0,0.3,XGBoost_3_AutoML_1_20260420_191705,target_lag3,1.4703139793872833
0,0,0.3,XGBoost_3_AutoML_1_20260420_191705,target_lag4,0.2893892552750185
0,0,0.3,XGBoost_3_AutoML_1_20260420_191705,target_lag5,0.4023216123506427
0,0,0.3,XGBoost_3_AutoML_1_20260420_191705,target_lag6,0.30625257997773586
0,0,0.3,XGBoost_3_AutoML_1_20260420_191705,cov_HULL_lag1,0.3146886004135013
0,0,0.3,XGBoost_3_AutoML_1_20260420_191705,cov_MUFL_lag1,2.3584390149265526
0,0,0.3,XGBoost_3_AutoML_1_20260420_191705,cov_MULL_lag1,0.49346513725817204
0,0,0.3,XGBoost_3_AutoML_1_20260420_191705,cov_LUFL_lag1,0.29031334531493486
0,0,0.3,XGBoost_3_AutoML_1_20260420_191705,cov_LULL_lag1,0.02816967624239619
0,0,0.3,XGBoost_3_AutoML_1_20260420_191705,cov_OT_lag1,0.6560793842375279
0,0,0.3,XGBoost_3_AutoML_1_20260420_191705,hour_lag1,1.210227927751839
0,0,0.3,XGBoost_3_AutoML_1_20260420_191705,day_of_week_lag1,0.08579454297549088
0,0,0.3,XGBoost_3_AutoML_1_20260420_191705,month_lag1,0.1769839066825807
0,0,0.3,XGBoost_3_AutoML_1_20260420_191705,month_sin,0.5902559227496386
0,0,0.3,XGBoost_3_AutoML_1_20260420_191705,month_cos,0.033956838534795634
0,0,0.3,XGBoost_grid_1_AutoML_1_20260420_191705_model_2,target_lag1,2.469093773961067
0,0,0.3,XGBoost_grid_1_AutoML_1_20260420_191705_model_2,target_lag2,1.1661660864949226
0,0,0.3,XGBoost_grid_1_AutoML_1_20260420_191705_model_2,target_lag3,0.5817682610452175
0,0,0.3,XGBoost_grid_1_AutoML_1_20260420_191705_model_2,target_lag4,0.3849450757354498
0,0,0.3,XGBoost_grid_1_AutoML_1_20260420_191705_model_2,target_lag5,0.39113742222078146
0,0,0.3,XGBoost_grid_1_AutoML_1_20260420_191705_model_2,target_lag6,0.37116444715298713
0,0,0.3,XGBoost_grid_1_AutoML_1_20260420_191705_model_2,cov_HULL_lag1,0.3865688776876777
0,0,0.3,XGBoost_grid_1_AutoML_1_20260420_191705_model_2,cov_MUFL_lag1,4.0796759814023975
0,0,0.3,XGBoost_grid_1_AutoML_1_20260420_191705_model_2,cov_MULL_lag1,0.42249264422804117
0,0,0.3,XGBoost_grid_1_AutoML_1_20260420_191705_model_2,cov_LUFL_lag1,0.19337662226986135
0,0,0.3,XGBoost_grid_1_AutoML_1_20260420_191705_model_2,cov_LULL_lag1,0.06286554722115394
0,0,0.3,XGBoost_grid_1_AutoML_1_20260420_191705_model_2,cov_OT_lag1,0.5664878626447171
0,0,0.3,XGBoost_grid_1_AutoML_1_20260420_191705_model_2,hour_lag1,1.1464362278580666
0,0,0.3,XGBoost_grid_1_AutoML_1_20260420_191705_model_2,day_of_week_lag1,0.11480821297504004
0,0,0.3,XGBoost_grid_1_AutoML_1_20260420_191705_model_2,month_lag1,0.15251802624203262
0,0,0.3,XGBoost_grid_1_AutoML_1_20260420_191705_model_2,month_sin,0.12337062297854569
0,0,0.3,XGBoost_grid_1_AutoML_1_20260420_191705_model_2,month_cos,0.09090431396616619
0,0,0.3,XGBoost_grid_1_AutoML_1_20260420_191705_model_6,target_lag1,1.6956905687600374
0,0,0.3,XGBoost_grid_1_AutoML_1_20260420_191705_model_6,target_lag2,1.71620378613472
0,0,0.3,XGBoost_grid_1_AutoML_1_20260420_191705_model_6,target_lag3,0.4805138127319515
0,0,0.3,XGBoost_grid_1_AutoML_1_20260420_191705_model_6,target_lag4,0.4341330423206091
0,0,0.3,XGBoost_grid_1_AutoML_1_20260420_191705_model_6,target_lag5,0.5185862422222272
0,0,0.3,XGBoost_grid_1_AutoML_1_20260420_191705_model_6,target_lag6,0.2080084792524576
0,0,0.3,XGBoost_grid_1_AutoML_1_20260420_191705_model_6,cov_HULL_lag1,0.271969727575779
0,0,0.3,XGBoost_grid_1_AutoML_1_20260420_191705_model_6,cov_MUFL_lag1,3.55068357527256
0,0,0.3,XGBoost_grid_1_AutoML_1_20260420_191705_model_6,cov_MULL_lag1,0.18224895846098663
0,0,0.3,XGBoost_grid_1_AutoML_1_20260420_191705_model_6,cov_LUFL_lag1,0.12023632798809554
0,0,0.3,XGBoost_grid_1_AutoML_1_20260420_191705_model_6,cov_LULL_lag1,0.05431583434343334
0,0,0.3,XGBoost_grid_1_AutoML_1_20260420_191705_model_6,cov_OT_lag1,0.36645153402350844
0,0,0.3,XGBoost_grid_1_AutoML_1_20260420_191705_model_6,hour_lag1,1.2201809296011925
0,0,0.3,XGBoost_grid_1_AutoML_1_20260420_191705_model_6,day_of_week_lag1,0.028750574421137518
0,0,0.3,XGBoost_grid_1_AutoML_1_20260420_191705_model_6,month_lag1,0.19082195907831184
0,0,0.3,XGBoost_grid_1_AutoML_1_20260420_191705_model_6,month_sin,0.15174733415246008
0,0,0.3,XGBoost_grid_1_AutoML_1_20260420_191705_model_6,month_cos,0.04726488823071118
0,0,0.3,GBM_5_AutoML_1_20260420_191705,target_lag1,2.8021595603227616
0,0,0.3,GBM_5_AutoML_1_20260420_191705,target_lag2,1.146134431780083
0,0,0.3,GBM_5_AutoML_1_20260420_191705,target_lag3,0.4681952879950404
0,0,0.3,GBM_5_AutoML_1_20260420_191705,target_lag4,0.4011277361167595
0,0,0.3,GBM_5_AutoML_1_20260420_191705,target_lag5,0.19789251040667297
0,0,0.3,GBM_5_AutoML_1_20260420_191705,target_lag6,0.14264214809983966
0,0,0.3,GBM_5_AutoML_1_20260420_191705,cov_HULL_lag1,0.4773331720940769
0,0,0.3,GBM_5_AutoML_1_20260420_191705,cov_MUFL_lag1,3.1481387985497715
0,0,0.3,GBM_5_AutoML_1_20260420_191705,cov_MULL_lag1,0.18664941707625984
0,0,0.3,GBM_5_AutoML_1_20260420_191705,cov_LUFL_lag1,0.10439509760588404
0,0,0.3,GBM_5_AutoML_1_20260420_191705,cov_LULL_lag1,0.013572122764453486
0,0,0.3,GBM_5_AutoML_1_20260420_191705,cov_OT_lag1,0.35105908786412326
0,0,0.3,GBM_5_AutoML_1_20260420_191705,hour_lag1,0.9512215521931648
0,0,0.3,GBM_5_AutoML_1_20260420_191705,day_of_week_lag1,0.044361701563757336
0,0,0.3,GBM_5_AutoML_1_20260420_191705,month_lag1,0.11267082177102561
0,0,0.3,GBM_5_AutoML_1_20260420_191705,month_sin,0.1453313462808728
0,0,0.3,GBM_5_AutoML_1_20260420_191705,month_cos,0.0605218678573146
0,0,0.3,XGBoost_grid_1_AutoML_1_20260420_191705_model_5,target_lag1,2.531404379606247
0,0,0.3,XGBoost_grid_1_AutoML_1_20260420_191705_model_5,target_lag2,0.5739615884236992
0,0,0.3,XGBoost_grid_1_AutoML_1_20260420_191705_model_5,target_lag3,0.3126207338925451
0,0,0.3,XGBoost_grid_1_AutoML_1_20260420_191705_model_5,target_lag4,0.6055510172457435
0,0,0.3,XGBoost_grid_1_AutoML_1_20260420_191705_model_5,target_lag5,0.3997321739792824
0,0,0.3,XGBoost_grid_1_AutoML_1_20260420_191705_model_5,target_lag6,0.22143137387931347
0,0,0.3,XGBoost_grid_1_AutoML_1_20260420_191705_model_5,cov_HULL_lag1,0.3439200674556196
0,0,0.3,XGBoost_grid_1_AutoML_1_20260420_191705_model_5,cov_MUFL_lag1,3.414739241600037
0,0,0.3,XGBoost_grid_1_AutoML_1_20260420_191705_model_5,cov_MULL_lag1,0.14905047568492588
0,0,0.3,XGBoost_grid_1_AutoML_1_20260420_191705_model_5,cov_LUFL_lag1,0.15010766209103163
0,0,0.3,XGBoost_grid_1_AutoML_1_20260420_191705_model_5,cov_LULL_lag1,0.028368626609444572
0,0,0.3,XGBoost_grid_1_AutoML_1_20260420_191705_model_5,cov_OT_lag1,0.48339353339746594
0,0,0.3,XGBoost_grid_1_AutoML_1_20260420_191705_model_5,hour_lag1,1.061646023094654
0,0,0.3,XGBoost_grid_1_AutoML_1_20260420_191705_model_5,day_of_week_lag1,0.06532712023443304
0,0,0.3,XGBoost_grid_1_AutoML_1_20260420_191705_model_5,month_lag1,0.3764474382251501
0,0,0.3,XGBoost_grid_1_AutoML_1_20260420_191705_model_5,month_sin,0.056717466716654556
0,0,0.3,XGBoost_grid_1_AutoML_1_20260420_191705_model_5,month_cos,0.031111748445546216
0,0,0.3,GBM_grid_1_AutoML_1_20260420_191705_model_1,target_lag1,2.004195973314345
0,0,0.3,GBM_grid_1_AutoML_1_20260420_191705_model_1,target_lag2,0.8559824189171195
0,0,0.3,GBM_grid_1_AutoML_1_20260420_191705_model_1,target_lag3,0.47607148802373556
0,0,0.3,GBM_grid_1_AutoML_1_20260420_191705_model_1,target_lag4,0.39400199976749717
0,0,0.3,GBM_grid_1_AutoML_1_20260420_191705_model_1,target_lag5,0.15674622151884246
0,0,0.3,GBM_grid_1_AutoML_1_20260420_191705_model_1,target_lag6,0.18658264678437264
0,0,0.3,GBM_grid_1_AutoML_1_20260420_191705_model_1,cov_HULL_lag1,0.6112420596508309
0,0,0.3,GBM_grid_1_AutoML_1_20260420_191705_model_1,cov_MUFL_lag1,3.2070924916863444
0,0,0.3,GBM_grid_1_AutoML_1_20260420_191705_model_1,cov_MULL_lag1,0.28843176493421196
0,0,0.3,GBM_grid_1_AutoML_1_20260420_191705_model_1,cov_LUFL_lag1,0.09029830385930833
0,0,0.3,GBM_grid_1_AutoML_1_20260420_191705_model_1,cov_LULL_lag1,0.01426298933103675
0,0,0.3,GBM_grid_1_AutoML_1_20260420_191705_model_1,cov_OT_lag1,0.4477340538054705
0,0,0.3,GBM_grid_1_AutoML_1_20260420_191705_model_1,hour_lag1,0.8939722479972988
0,0,0.3,GBM_grid_1_AutoML_1_20260420_191705_model_1,day_of_week_lag1,0.05777209875697732
0,0,0.3,GBM_grid_1_AutoML_1_20260420_191705_model_1,month_lag1,0.10685792960226533
0,0,0.3,GBM_grid_1_AutoML_1_20260420_191705_model_1,month_sin,0.15753150440752503
0,0,0.3,GBM_grid_1_AutoML_1_20260420_191705_model_1,month_cos,0.09496241624467071
0,0,0.3,XGBoost_grid_1_AutoML_1_20260420_191705_model_1,target_lag1,3.0971542978286744
0,0,0.3,XGBoost_grid_1_AutoML_1_20260420_191705_model_1,target_lag2,0.47178013388067486
0,0,0.3,XGBoost_grid_1_AutoML_1_20260420_191705_model_1,target_lag3,0.3785491282539442
0,0,0.3,XGBoost_grid_1_AutoML_1_20260420_191705_model_1,target_lag4,0.28888338766992094
0,0,0.3,XGBoost_grid_1_AutoML_1_20260420_191705_model_1,target_lag5,0.1949867240479216
0,0,0.3,XGBoost_grid_1_AutoML_1_20260420_191705_model_1,target_lag6,0.5319423978775739
0,0,0.3,XGBoost_grid_1_AutoML_1_20260420_191705_model_1,cov_HULL_lag1,0.42083626366220417
0,0,0.3,XGBoost_grid_1_AutoML_1_20260420_191705_model_1,cov_MUFL_lag1,3.949645274877548
0,0,0.3,XGBoost_grid_1_AutoML_1_20260420_191705_model_1,cov_MULL_lag1,0.2127299060393125
0,0,0.3,XGBoost_grid_1_AutoML_1_20260420_191705_model_1,cov_LUFL_lag1,0.17640279504470527
0,0,0.3,XGBoost_grid_1_AutoML_1_20260420_191705_model_1,cov_LULL_lag1,0.02397887490224089
0,0,0.3,XGBoost_grid_1_AutoML_1_20260420_191705_model_1,cov_OT_lag1,0.4921441874653101
0,0,0.3,XGBoost_grid_1_AutoML_1_20260420_191705_model_1,hour_lag1,0.9188645149022341
0,0,0.3,XGBoost_grid_1_AutoML_1_20260420_191705_model_1,day_of_week_lag1,0.09211169002810489
0,0,0.3,XGBoost_grid_1_AutoML_1_20260420_191705_model_1,month_lag1,0.21350817017257215
0,0,0.3,XGBoost_grid_1_AutoML_1_20260420_191705_model_1,month_sin,0.09173409696202722
0,0,0.3,XGBoost_grid_1_AutoML_1_20260420_191705_model_1,month_cos,0.11682705659884957
0,0,0.3,XGBoost_1_AutoML_1_20260420_191705,target_lag1,4.08075434833765
0,0,0.3,XGBoost_1_AutoML_1_20260420_191705,target_lag2,1.1345807185024024
0,0,0.3,XGBoost_1_AutoML_1_20260420_191705,target_lag3,0.5566712146205828
0,0,0.3,XGBoost_1_AutoML_1_20260420_191705,target_lag4,0.3553880267590284
0,0,0.3,XGBoost_1_AutoML_1_20260420_191705,target_lag5,0.36672965086996556
0,0,0.3,XGBoost_1_AutoML_1_20260420_191705,target_lag6,0.38175113644450903
0,0,0.3,XGBoost_1_AutoML_1_20260420_191705,cov_HULL_lag1,0.7399443062394857
0,0,0.3,XGBoost_1_AutoML_1_20260420_191705,cov_MUFL_lag1,1.9369123658537866
0,0,0.3,XGBoost_1_AutoML_1_20260420_191705,cov_MULL_lag1,0.2709242739994078
0,0,0.3,XGBoost_1_AutoML_1_20260420_191705,cov_LUFL_lag1,0.2124417190533131
0,0,0.3,XGBoost_1_AutoML_1_20260420_191705,cov_LULL_lag1,0.051580578668508646
0,0,0.3,XGBoost_1_AutoML_1_20260420_191705,cov_OT_lag1,0.7702791637834161
0,0,0.3,XGBoost_1_AutoML_1_20260420_191705,hour_lag1,1.0254674416780472
0,0,0.3,XGBoost_1_AutoML_1_20260420_191705,day_of_week_lag1,0.13898458164185284
0,0,0.3,XGBoost_1_AutoML_1_20260420_191705,month_lag1,0.154650882394053
0,0,0.3,XGBoost_1_AutoML_1_20260420_191705,month_sin,0.21576247157994657
0,0,0.3,XGBoost_1_AutoML_1_20260420_191705,month_cos,0.11297271145100236
0,0,0.3,XGBoost_2_AutoML_1_20260420_191705,target_lag1,2.4766732066869737
0,0,0.3,XGBoost_2_AutoML_1_20260420_191705,target_lag2,1.406183921098709
0,0,0.3,XGBoost_2_AutoML_1_20260420_191705,target_lag3,0.40006242848467083
0,0,0.3,XGBoost_2_AutoML_1_20260420_191705,target_lag4,0.4408867224678397
0,0,0.3,XGBoost_2_AutoML_1_20260420_191705,target_lag5,0.4670402705669403
0,0,0.3,XGBoost_2_AutoML_1_20260420_191705,target_lag6,0.2525075983023271
0,0,0.3,XGBoost_2_AutoML_1_20260420_191705,cov_HULL_lag1,0.7875980669545243
0,0,0.3,XGBoost_2_AutoML_1_20260420_191705,cov_MUFL_lag1,3.8862900352478027
0,0,0.3,XGBoost_2_AutoML_1_20260420_191705,cov_MULL_lag1,0.3021107544377446
0,0,0.3,XGBoost_2_AutoML_1_20260420_191705,cov_LUFL_lag1,0.2127074589463882
0,0,0.3,XGBoost_2_AutoML_1_20260420_191705,cov_LULL_lag1,0.09605662543326612
0,0,0.3,XGBoost_2_AutoML_1_20260420_191705,cov_OT_lag1,0.7382285651192069
0,0,0.3,XGBoost_2_AutoML_1_20260420_191705,hour_lag1,1.0823596515879035
0,0,0.3,XGBoost_2_AutoML_1_20260420_191705,day_of_week_lag1,0.1180912488000467
0,0,0.3,XGBoost_2_AutoML_1_20260420_191705,month_lag1,0.2185991382598877
0,0,0.3,XGBoost_2_AutoML_1_20260420_191705,month_sin,0.4816104393650312
0,0,0.3,XGBoost_2_AutoML_1_20260420_191705,month_cos,0.09149513475189447
0,0,0.3,GLM_1_AutoML_1_20260420_191705,target_lag1,1.167469300384757
0,0,0.3,GLM_1_AutoML_1_20260420_191705,target_lag2,0.9304579317143645
0,0,0.3,GLM_1_AutoML_1_20260420_191705,target_lag3,0.8482247646403852
0,0,0.3,GLM_1_AutoML_1_20260420_191705,target_lag4,0.6786484656429009
0,0,0.3,GLM_1_AutoML_1_20260420_191705,target_lag5,0.5548645931432712
0,0,0.3,GLM_1_AutoML_1_20260420_191705,target_lag6,0.4737780308448459
0,0,0.3,GLM_1_AutoML_1_20260420_191705,cov_HULL_lag1,0.6463719745108353
0,0,0.3,GLM_1_AutoML_1_20260420_191705,cov_MUFL_lag1,1.4933362263508472
0,0,0.3,GLM_1_AutoML_1_20260420_191705,cov_MULL_lag1,0.3413312294675846
0,0,0.3,GLM_1_AutoML_1_20260420_191705,cov_LUFL_lag1,1.748712541933958
0,0,0.3,GLM_1_AutoML_1_20260420_191705,cov_LULL_lag1,0.6204758924841707
0,0,0.3,GLM_1_AutoML_1_20260420_191705,cov_OT_lag1,0.15689096484040774
0,0,0.3,GLM_1_AutoML_1_20260420_191705,hour_lag1,0.15288325047959422
0,0,0.3,GLM_1_AutoML_1_20260420_191705,day_of_week_lag1,0.036279475025678076
0,0,0.3,GLM_1_AutoML_1_20260420_191705,month_lag1,0.11869320608950774
0,0,0.3,GLM_1_AutoML_1_20260420_191705,month_sin,0.39373035138678925
0,0,0.3,GLM_1_AutoML_1_20260420_191705,month_cos,0.0010047074076703108
0,0,0.3,GLM_1_AutoML_1_20260420_191705,year,0.0
1,0,0.02,GBM_grid_1_AutoML_2_20260420_192202_model_2,target_lag1,9.604282996654511
1,0,0.02,GBM_grid_1_AutoML_2_20260420_192202_model_2,target_lag2,0.722666335105896
1,0,0.02,GBM_grid_1_AutoML_2_20260420_192202_model_2,target_lag3,0.39784089773893355
1,0,0.02,GBM_grid_1_AutoML_2_20260420_192202_model_2,target_lag4,0.576258951574564
1,0,0.02,GBM_grid_1_AutoML_2_20260420_192202_model_2,target_lag5,0.1688756423816085
1,0,0.02,GBM_grid_1_AutoML_2_20260420_192202_model_2,target_lag6,0.15839434958994386
1,0,0.02,GBM_grid_1_AutoML_2_20260420_192202_model_2,cov_HULL_lag1,0.3920181104168296
1,0,0.02,GBM_grid_1_AutoML_2_20260420_192202_model_2,cov_MUFL_lag1,0.23269754304550588
1,0,0.02,GBM_grid_1_AutoML_2_20260420_192202_model_2,cov_MULL_lag1,1.4670796395838261
1,0,0.02,GBM_grid_1_AutoML_2_20260420_192202_model_2,cov_LUFL_lag1,0.05699609311297532
1,0,0.02,GBM_grid_1_AutoML_2_20260420_192202_model_2,cov_LULL_lag1,0.11232090130448338
1,0,0.02,GBM_grid_1_AutoML_2_20260420_192202_model_2,cov_OT_lag1,0.2066908801277168
1,0,0.02,GBM_grid_1_AutoML_2_20260420_192202_model_2,hour_lag1,0.8157676718384027
1,0,0.02,GBM_grid_1_AutoML_2_20260420_192202_model_2,day_of_week_lag1,0.08074923988431688
1,0,0.02,GBM_grid_1_AutoML_2_20260420_192202_model_2,month_lag1,0.052308136144420085
1,0,0.02,GBM_grid_1_AutoML_2_20260420_192202_model_2,month_sin,0.06906497389078137
1,0,0.02,GBM_grid_1_AutoML_2_20260420_192202_model_2,month_cos,0.026313526271842386
1,0,0.02,GBM_5_AutoML_2_20260420_192202,target_lag1,7.016816794872284
1,0,0.02,GBM_5_AutoML_2_20260420_192202,target_lag2,2.369518941640854
1,0,0.02,GBM_5_AutoML_2_20260420_192202,target_lag3,0.48349900744855406
1,0,0.02,GBM_5_AutoML_2_20260420_192202,target_lag4,1.513986713923514
1,0,0.02,GBM_5_AutoML_2_20260420_192202,target_lag5,0.29564040698111055
1,0,0.02,GBM_5_AutoML_2_20260420_192202,target_lag6,0.10634964630473402
1,0,0.02,GBM_5_AutoML_2_20260420_192202,cov_HULL_lag1,0.6856245587766171
1,0,0.02,GBM_5_AutoML_2_20260420_192202,cov_MUFL_lag1,0.2617577382735908
1,0,0.02,GBM_5_AutoML_2_20260420_192202,cov_MULL_lag1,0.7881441492773592
1,0,0.02,GBM_5_AutoML_2_20260420_192202,cov_LUFL_lag1,0.7455644318833947
1,0,0.02,GBM_5_AutoML_2_20260420_192202,cov_LULL_lag1,0.021150650814961373
1,0,0.02,GBM_5_AutoML_2_20260420_192202,cov_OT_lag1,0.3769496093969792
1,0,0.02,GBM_5_AutoML_2_20260420_192202,hour_lag1,0.8559706553444266
1,0,0.02,GBM_5_AutoML_2_20260420_192202,day_of_week_lag1,0.09191426311619576
1,0,0.02,GBM_5_AutoML_2_20260420_192202,month_lag1,0.11408050170051862
1,0,0.02,GBM_5_AutoML_2_20260420_192202,month_sin,0.09947803495451804
1,0,0.02,GBM_5_AutoML_2_20260420_192202,month_cos,0.023893351050792225
1,0,0.02,GLM_1_AutoML_2_20260420_192202,target_lag1,6.441742196234231
1,0,0.02,GLM_1_AutoML_2_20260420_192202,target_lag2,2.449042450981868
1,0,0.02,GLM_1_AutoML_2_20260420_192202,target_lag3,1.2143256420840722
1,0,0.02,GLM_1_AutoML_2_20260420_192202,target_lag4,0.5056503557594164
1,0,0.02,GLM_1_AutoML_2_20260420_192202,target_lag5,0.28345635657263957
1,0,0.02,GLM_1_AutoML_2_20260420_192202,target_lag6,0.5187518315527848
1,0,0.02,GLM_1_AutoML_2_20260420_192202,cov_HULL_lag1,0.013936647003339225
1,0,0.02,GLM_1_AutoML_2_20260420_192202,cov_MUFL_lag1,0.09268696049071638
1,0,0.02,GLM_1_AutoML_2_20260420_192202,cov_MULL_lag1,0.14555276895153485
1,0,0.02,GLM_1_AutoML_2_20260420_192202,cov_LUFL_lag1,0.35980029516599077
1,0,0.02,GLM_1_AutoML_2_20260420_192202,cov_LULL_lag1,0.0016861617088203549
1,0,0.02,GLM_1_AutoML_2_20260420_192202,cov_OT_lag1,0.49497701239982483
1,0,0.02,GLM_1_AutoML_2_20260420_192202,hour_lag1,0.3254517241827488
1,0,0.02,GLM_1_AutoML_2_20260420_192202,day_of_week_lag1,0.07805984868302493
1,0,0.02,GLM_1_AutoML_2_20260420_192202,month_lag1,0.0175059867217035
1,0,0.02,GLM_1_AutoML_2_20260420_192202,month_sin,0.39190265043089506
1,0,0.02,GLM_1_AutoML_2_20260420_192202,month_cos,0.298531065163848
1,0,0.02,GLM_1_AutoML_2_20260420_192202,year,0.0
1,0,0.05,GBM_grid_1_AutoML_2_20260420_192202_model_2,target_lag1,9.604282996654511
1,0,0.05,GBM_grid_1_AutoML_2_20260420_192202_model_2,target_lag2,0.722666335105896
1,0,0.05,GBM_grid_1_AutoML_2_20260420_192202_model_2,target_lag3,0.39784089773893355
1,0,0.05,GBM_grid_1_AutoML_2_20260420_192202_model_2,target_lag4,0.576258951574564
1,0,0.05,GBM_grid_1_AutoML_2_20260420_192202_model_2,target_lag5,0.1688756423816085
1,0,0.05,GBM_grid_1_AutoML_2_20260420_192202_model_2,target_lag6,0.15839434958994386
1,0,0.05,GBM_grid_1_AutoML_2_20260420_192202_model_2,cov_HULL_lag1,0.3920181104168296
1,0,0.05,GBM_grid_1_AutoML_2_20260420_192202_model_2,cov_MUFL_lag1,0.23269754304550588
1,0,0.05,GBM_grid_1_AutoML_2_20260420_192202_model_2,cov_MULL_lag1,1.4670796395838261
1,0,0.05,GBM_grid_1_AutoML_2_20260420_192202_model_2,cov_LUFL_lag1,0.05699609311297532
1,0,0.05,GBM_grid_1_AutoML_2_20260420_192202_model_2,cov_LULL_lag1,0.11232090130448338
1,0,0.05,GBM_grid_1_AutoML_2_20260420_192202_model_2,cov_OT_lag1,0.2066908801277168
1,0,0.05,GBM_grid_1_AutoML_2_20260420_192202_model_2,hour_lag1,0.8157676718384027
1,0,0.05,GBM_grid_1_AutoML_2_20260420_192202_model_2,day_of_week_lag1,0.08074923988431688
1,0,0.05,GBM_grid_1_AutoML_2_20260420_192202_model_2,month_lag1,0.052308136144420085
1,0,0.05,GBM_grid_1_AutoML_2_20260420_192202_model_2,month_sin,0.06906497389078137
1,0,0.05,GBM_grid_1_AutoML_2_20260420_192202_model_2,month_cos,0.026313526271842386
1,0,0.05,GBM_5_AutoML_2_20260420_192202,target_lag1,7.016816794872284
1,0,0.05,GBM_5_AutoML_2_20260420_192202,target_lag2,2.369518941640854
1,0,0.05,GBM_5_AutoML_2_20260420_192202,target_lag3,0.48349900744855406
1,0,0.05,GBM_5_AutoML_2_20260420_192202,target_lag4,1.513986713923514
1,0,0.05,GBM_5_AutoML_2_20260420_192202,target_lag5,0.29564040698111055
1,0,0.05,GBM_5_AutoML_2_20260420_192202,target_lag6,0.10634964630473402
1,0,0.05,GBM_5_AutoML_2_20260420_192202,cov_HULL_lag1,0.6856245587766171
1,0,0.05,GBM_5_AutoML_2_20260420_192202,cov_MUFL_lag1,0.2617577382735908
1,0,0.05,GBM_5_AutoML_2_20260420_192202,cov_MULL_lag1,0.7881441492773592
1,0,0.05,GBM_5_AutoML_2_20260420_192202,cov_LUFL_lag1,0.7455644318833947
1,0,0.05,GBM_5_AutoML_2_20260420_192202,cov_LULL_lag1,0.021150650814961373
1,0,0.05,GBM_5_AutoML_2_20260420_192202,cov_OT_lag1,0.3769496093969792
1,0,0.05,GBM_5_AutoML_2_20260420_192202,hour_lag1,0.8559706553444266
1,0,0.05,GBM_5_AutoML_2_20260420_192202,day_of_week_lag1,0.09191426311619576
1,0,0.05,GBM_5_AutoML_2_20260420_192202,month_lag1,0.11408050170051862
1,0,0.05,GBM_5_AutoML_2_20260420_192202,month_sin,0.09947803495451804
1,0,0.05,GBM_5_AutoML_2_20260420_192202,month_cos,0.023893351050792225
1,0,0.05,GLM_1_AutoML_2_20260420_192202,target_lag1,6.441742196234231
1,0,0.05,GLM_1_AutoML_2_20260420_192202,target_lag2,2.449042450981868
1,0,0.05,GLM_1_AutoML_2_20260420_192202,target_lag3,1.2143256420840722
1,0,0.05,GLM_1_AutoML_2_20260420_192202,target_lag4,0.5056503557594164
1,0,0.05,GLM_1_AutoML_2_20260420_192202,target_lag5,0.28345635657263957
1,0,0.05,GLM_1_AutoML_2_20260420_192202,target_lag6,0.5187518315527848
1,0,0.05,GLM_1_AutoML_2_20260420_192202,cov_HULL_lag1,0.013936647003339225
1,0,0.05,GLM_1_AutoML_2_20260420_192202,cov_MUFL_lag1,0.09268696049071638
1,0,0.05,GLM_1_AutoML_2_20260420_192202,cov_MULL_lag1,0.14555276895153485
1,0,0.05,GLM_1_AutoML_2_20260420_192202,cov_LUFL_lag1,0.35980029516599077
1,0,0.05,GLM_1_AutoML_2_20260420_192202,cov_LULL_lag1,0.0016861617088203549
1,0,0.05,GLM_1_AutoML_2_20260420_192202,cov_OT_lag1,0.49497701239982483
1,0,0.05,GLM_1_AutoML_2_20260420_192202,hour_lag1,0.3254517241827488
1,0,0.05,GLM_1_AutoML_2_20260420_192202,day_of_week_lag1,0.07805984868302493
1,0,0.05,GLM_1_AutoML_2_20260420_192202,month_lag1,0.0175059867217035
1,0,0.05,GLM_1_AutoML_2_20260420_192202,month_sin,0.39190265043089506
1,0,0.05,GLM_1_AutoML_2_20260420_192202,month_cos,0.298531065163848
1,0,0.05,GLM_1_AutoML_2_20260420_192202,year,0.0
1,0,0.05,XGBoost_grid_1_AutoML_2_20260420_192202_model_6,target_lag1,4.974602506160736
1,0,0.05,XGBoost_grid_1_AutoML_2_20260420_192202_model_6,target_lag2,2.104582595825195
1,0,0.05,XGBoost_grid_1_AutoML_2_20260420_192202_model_6,target_lag3,0.6510327810049057
1,0,0.05,XGBoost_grid_1_AutoML_2_20260420_192202_model_6,target_lag4,3.3319810105860235
1,0,0.05,XGBoost_grid_1_AutoML_2_20260420_192202_model_6,target_lag5,0.31846277831122277
1,0,0.05,XGBoost_grid_1_AutoML_2_20260420_192202_model_6,target_lag6,0.1439112012647092
1,0,0.05,XGBoost_grid_1_AutoML_2_20260420_192202_model_6,cov_HULL_lag1,1.0719448011368513
1,0,0.05,XGBoost_grid_1_AutoML_2_20260420_192202_model_6,cov_MUFL_lag1,0.706470966041088
1,0,0.05,XGBoost_grid_1_AutoML_2_20260420_192202_model_6,cov_MULL_lag1,0.40423157066106796
1,0,0.05,XGBoost_grid_1_AutoML_2_20260420_192202_model_6,cov_LUFL_lag1,0.9160414155572653
1,0,0.05,XGBoost_grid_1_AutoML_2_20260420_192202_model_6,cov_LULL_lag1,0.055121637880802085
1,0,0.05,XGBoost_grid_1_AutoML_2_20260420_192202_model_6,cov_OT_lag1,0.1935321156680584
1,0,0.05,XGBoost_grid_1_AutoML_2_20260420_192202_model_6,hour_lag1,0.9397480645775795
1,0,0.05,XGBoost_grid_1_AutoML_2_20260420_192202_model_6,day_of_week_lag1,0.05023506681434805
1,0,0.05,XGBoost_grid_1_AutoML_2_20260420_192202_model_6,month_lag1,0.11111556902527803
1,0,0.05,XGBoost_grid_1_AutoML_2_20260420_192202_model_6,month_sin,0.07814170441590246
1,0,0.05,XGBoost_grid_1_AutoML_2_20260420_192202_model_6,month_cos,0.04325930271297687
1,0,0.1,GBM_grid_1_AutoML_2_20260420_192202_model_2,target_lag1,9.604282996654511
1,0,0.1,GBM_grid_1_AutoML_2_20260420_192202_model_2,target_lag2,0.722666335105896
1,0,0.1,GBM_grid_1_AutoML_2_20260420_192202_model_2,target_lag3,0.39784089773893355
1,0,0.1,GBM_grid_1_AutoML_2_20260420_192202_model_2,target_lag4,0.576258951574564
1,0,0.1,GBM_grid_1_AutoML_2_20260420_192202_model_2,target_lag5,0.1688756423816085
1,0,0.1,GBM_grid_1_AutoML_2_20260420_192202_model_2,target_lag6,0.15839434958994386
1,0,0.1,GBM_grid_1_AutoML_2_20260420_192202_model_2,cov_HULL_lag1,0.3920181104168296
1,0,0.1,GBM_grid_1_AutoML_2_20260420_192202_model_2,cov_MUFL_lag1,0.23269754304550588
1,0,0.1,GBM_grid_1_AutoML_2_20260420_192202_model_2,cov_MULL_lag1,1.4670796395838261
1,0,0.1,GBM_grid_1_AutoML_2_20260420_192202_model_2,cov_LUFL_lag1,0.05699609311297532
1,0,0.1,GBM_grid_1_AutoML_2_20260420_192202_model_2,cov_LULL_lag1,0.11232090130448338
1,0,0.1,GBM_grid_1_AutoML_2_20260420_192202_model_2,cov_OT_lag1,0.2066908801277168
1,0,0.1,GBM_grid_1_AutoML_2_20260420_192202_model_2,hour_lag1,0.8157676718384027
1,0,0.1,GBM_grid_1_AutoML_2_20260420_192202_model_2,day_of_week_lag1,0.08074923988431688
1,0,0.1,GBM_grid_1_AutoML_2_20260420_192202_model_2,month_lag1,0.052308136144420085
1,0,0.1,GBM_grid_1_AutoML_2_20260420_192202_model_2,month_sin,0.06906497389078137
1,0,0.1,GBM_grid_1_AutoML_2_20260420_192202_model_2,month_cos,0.026313526271842386
1,0,0.1,GBM_5_AutoML_2_20260420_192202,target_lag1,7.016816794872284
1,0,0.1,GBM_5_AutoML_2_20260420_192202,target_lag2,2.369518941640854
1,0,0.1,GBM_5_AutoML_2_20260420_192202,target_lag3,0.48349900744855406
1,0,0.1,GBM_5_AutoML_2_20260420_192202,target_lag4,1.513986713923514
1,0,0.1,GBM_5_AutoML_2_20260420_192202,target_lag5,0.29564040698111055
1,0,0.1,GBM_5_AutoML_2_20260420_192202,target_lag6,0.10634964630473402
1,0,0.1,GBM_5_AutoML_2_20260420_192202,cov_HULL_lag1,0.6856245587766171
1,0,0.1,GBM_5_AutoML_2_20260420_192202,cov_MUFL_lag1,0.2617577382735908
1,0,0.1,GBM_5_AutoML_2_20260420_192202,cov_MULL_lag1,0.7881441492773592
1,0,0.1,GBM_5_AutoML_2_20260420_192202,cov_LUFL_lag1,0.7455644318833947
1,0,0.1,GBM_5_AutoML_2_20260420_192202,cov_LULL_lag1,0.021150650814961373
1,0,0.1,GBM_5_AutoML_2_20260420_192202,cov_OT_lag1,0.3769496093969792
1,0,0.1,GBM_5_AutoML_2_20260420_192202,hour_lag1,0.8559706553444266
1,0,0.1,GBM_5_AutoML_2_20260420_192202,day_of_week_lag1,0.09191426311619576
1,0,0.1,GBM_5_AutoML_2_20260420_192202,month_lag1,0.11408050170051862
1,0,0.1,GBM_5_AutoML_2_20260420_192202,month_sin,0.09947803495451804
1,0,0.1,GBM_5_AutoML_2_20260420_192202,month_cos,0.023893351050792225
1,0,0.1,GLM_1_AutoML_2_20260420_192202,target_lag1,6.441742196234231
1,0,0.1,GLM_1_AutoML_2_20260420_192202,target_lag2,2.449042450981868
1,0,0.1,GLM_1_AutoML_2_20260420_192202,target_lag3,1.2143256420840722
1,0,0.1,GLM_1_AutoML_2_20260420_192202,target_lag4,0.5056503557594164
1,0,0.1,GLM_1_AutoML_2_20260420_192202,target_lag5,0.28345635657263957
1,0,0.1,GLM_1_AutoML_2_20260420_192202,target_lag6,0.5187518315527848
1,0,0.1,GLM_1_AutoML_2_20260420_192202,cov_HULL_lag1,0.013936647003339225
1,0,0.1,GLM_1_AutoML_2_20260420_192202,cov_MUFL_lag1,0.09268696049071638
1,0,0.1,GLM_1_AutoML_2_20260420_192202,cov_MULL_lag1,0.14555276895153485
1,0,0.1,GLM_1_AutoML_2_20260420_192202,cov_LUFL_lag1,0.35980029516599077
1,0,0.1,GLM_1_AutoML_2_20260420_192202,cov_LULL_lag1,0.0016861617088203549
1,0,0.1,GLM_1_AutoML_2_20260420_192202,cov_OT_lag1,0.49497701239982483
1,0,0.1,GLM_1_AutoML_2_20260420_192202,hour_lag1,0.3254517241827488
1,0,0.1,GLM_1_AutoML_2_20260420_192202,day_of_week_lag1,0.07805984868302493
1,0,0.1,GLM_1_AutoML_2_20260420_192202,month_lag1,0.0175059867217035
1,0,0.1,GLM_1_AutoML_2_20260420_192202,month_sin,0.39190265043089506
1,0,0.1,GLM_1_AutoML_2_20260420_192202,month_cos,0.298531065163848
1,0,0.1,GLM_1_AutoML_2_20260420_192202,year,0.0
1,0,0.1,XGBoost_grid_1_AutoML_2_20260420_192202_model_6,target_lag1,4.974602506160736
1,0,0.1,XGBoost_grid_1_AutoML_2_20260420_192202_model_6,target_lag2,2.104582595825195
1,0,0.1,XGBoost_grid_1_AutoML_2_20260420_192202_model_6,target_lag3,0.6510327810049057
1,0,0.1,XGBoost_grid_1_AutoML_2_20260420_192202_model_6,target_lag4,3.3319810105860235
1,0,0.1,XGBoost_grid_1_AutoML_2_20260420_192202_model_6,target_lag5,0.31846277831122277
1,0,0.1,XGBoost_grid_1_AutoML_2_20260420_192202_model_6,target_lag6,0.1439112012647092
1,0,0.1,XGBoost_grid_1_AutoML_2_20260420_192202_model_6,cov_HULL_lag1,1.0719448011368513
1,0,0.1,XGBoost_grid_1_AutoML_2_20260420_192202_model_6,cov_MUFL_lag1,0.706470966041088
1,0,0.1,XGBoost_grid_1_AutoML_2_20260420_192202_model_6,cov_MULL_lag1,0.40423157066106796
1,0,0.1,XGBoost_grid_1_AutoML_2_20260420_192202_model_6,cov_LUFL_lag1,0.9160414155572653
1,0,0.1,XGBoost_grid_1_AutoML_2_20260420_192202_model_6,cov_LULL_lag1,0.055121637880802085
1,0,0.1,XGBoost_grid_1_AutoML_2_20260420_192202_model_6,cov_OT_lag1,0.1935321156680584
1,0,0.1,XGBoost_grid_1_AutoML_2_20260420_192202_model_6,hour_lag1,0.9397480645775795
1,0,0.1,XGBoost_grid_1_AutoML_2_20260420_192202_model_6,day_of_week_lag1,0.05023506681434805
1,0,0.1,XGBoost_grid_1_AutoML_2_20260420_192202_model_6,month_lag1,0.11111556902527803
1,0,0.1,XGBoost_grid_1_AutoML_2_20260420_192202_model_6,month_sin,0.07814170441590246
1,0,0.1,XGBoost_grid_1_AutoML_2_20260420_192202_model_6,month_cos,0.04325930271297687
1,0,0.1,XGBoost_grid_1_AutoML_2_20260420_192202_model_5,target_lag1,5.806880883574486
1,0,0.1,XGBoost_grid_1_AutoML_2_20260420_192202_model_5,target_lag2,2.7572198843955995
1,0,0.1,XGBoost_grid_1_AutoML_2_20260420_192202_model_5,target_lag3,0.3002727124094963
1,0,0.1,XGBoost_grid_1_AutoML_2_20260420_192202_model_5,target_lag4,0.7062081114202737
1,0,0.1,XGBoost_grid_1_AutoML_2_20260420_192202_model_5,target_lag5,0.5437319783866406
1,0,0.1,XGBoost_grid_1_AutoML_2_20260420_192202_model_5,target_lag6,0.13113478561070221
1,0,0.1,XGBoost_grid_1_AutoML_2_20260420_192202_model_5,cov_HULL_lag1,0.29992026958614587
1,0,0.1,XGBoost_grid_1_AutoML_2_20260420_192202_model_5,cov_MUFL_lag1,0.18074612658150724
1,0,0.1,XGBoost_grid_1_AutoML_2_20260420_192202_model_5,cov_MULL_lag1,2.7078438090533017
1,0,0.1,XGBoost_grid_1_AutoML_2_20260420_192202_model_5,cov_LUFL_lag1,2.3542028755694626
1,0,0.1,XGBoost_grid_1_AutoML_2_20260420_192202_model_5,cov_LULL_lag1,0.04611361778341228
1,0,0.1,XGBoost_grid_1_AutoML_2_20260420_192202_model_5,cov_OT_lag1,0.28664007168263195
1,0,0.1,XGBoost_grid_1_AutoML_2_20260420_192202_model_5,hour_lag1,1.0012351861596107
1,0,0.1,XGBoost_grid_1_AutoML_2_20260420_192202_model_5,day_of_week_lag1,0.2810227667167783
1,0,0.1,XGBoost_grid_1_AutoML_2_20260420_192202_model_5,month_lag1,0.0358102534944191
1,0,0.1,XGBoost_grid_1_AutoML_2_20260420_192202_model_5,month_sin,0.17591703932732344
1,0,0.1,XGBoost_grid_1_AutoML_2_20260420_192202_model_5,month_cos,0.04765465985983606
1,0,0.1,XGBoost_grid_1_AutoML_2_20260420_192202_model_3,target_lag1,5.044629348516464
1,0,0.1,XGBoost_grid_1_AutoML_2_20260420_192202_model_3,target_lag2,3.0490764474868772
1,0,0.1,XGBoost_grid_1_AutoML_2_20260420_192202_model_3,target_lag3,1.8164043865725399
1,0,0.1,XGBoost_grid_1_AutoML_2_20260420_192202_model_3,target_lag4,0.7592156970500946
1,0,0.1,XGBoost_grid_1_AutoML_2_20260420_192202_model_3,target_lag5,0.44518361873924733
1,0,0.1,XGBoost_grid_1_AutoML_2_20260420_192202_model_3,target_lag6,0.18308987475931646
1,0,0.1,XGBoost_grid_1_AutoML_2_20260420_192202_model_3,cov_HULL_lag1,0.5128155192174018
1,0,0.1,XGBoost_grid_1_AutoML_2_20260420_192202_model_3,cov_MUFL_lag1,0.3766672148555517
1,0,0.1,XGBoost_grid_1_AutoML_2_20260420_192202_model_3,cov_MULL_lag1,0.27182762497104707
1,0,0.1,XGBoost_grid_1_AutoML_2_20260420_192202_model_3,cov_LUFL_lag1,0.4607083211839199
1,0,0.1,XGBoost_grid_1_AutoML_2_20260420_192202_model_3,cov_LULL_lag1,0.061919514201581434
1,0,0.1,XGBoost_grid_1_AutoML_2_20260420_192202_model_3,cov_OT_lag1,0.3491394346579909
1,0,0.1,XGBoost_grid_1_AutoML_2_20260420_192202_model_3,hour_lag1,1.1040520767867565
1,0,0.1,XGBoost_grid_1_AutoML_2_20260420_192202_model_3,day_of_week_lag1,0.10108367654494937
1,0,0.1,XGBoost_grid_1_AutoML_2_20260420_192202_model_3,month_lag1,0.09485315330035515
1,0,0.1,XGBoost_grid_1_AutoML_2_20260420_192202_model_3,month_sin,0.24308376852422953
1,0,0.1,XGBoost_grid_1_AutoML_2_20260420_192202_model_3,month_cos,0.0800905034318566
1,0,0.1,GBM_grid_1_AutoML_2_20260420_192202_model_3,target_lag1,3.2533140702545644
1,0,0.1,GBM_grid_1_AutoML_2_20260420_192202_model_3,target_lag2,2.9289813005924223
1,0,0.1,GBM_grid_1_AutoML_2_20260420_192202_model_3,target_lag3,2.9212537467479707
1,0,0.1,GBM_grid_1_AutoML_2_20260420_192202_model_3,target_lag4,1.0191268420685082
1,0,0.1,GBM_grid_1_AutoML_2_20260420_192202_model_3,target_lag5,0.1982643597200513
1,0,0.1,GBM_grid_1_AutoML_2_20260420_192202_model_3,target_lag6,0.22470045063644647
1,0,0.1,GBM_grid_1_AutoML_2_20260420_192202_model_3,cov_HULL_lag1,1.0375128562375904
1,0,0.1,GBM_grid_1_AutoML_2_20260420_192202_model_3,cov_MUFL_lag1,0.48829502743901687
1,0,0.1,GBM_grid_1_AutoML_2_20260420_192202_model_3,cov_MULL_lag1,2.106310071647167
1,0,0.1,GBM_grid_1_AutoML_2_20260420_192202_model_3,cov_LUFL_lag1,0.3661783117242157
1,0,0.1,GBM_grid_1_AutoML_2_20260420_192202_model_3,cov_LULL_lag1,0.07553519998677072
1,0,0.1,GBM_grid_1_AutoML_2_20260420_192202_model_3,cov_OT_lag1,0.26321286506950853
1,0,0.1,GBM_grid_1_AutoML_2_20260420_192202_model_3,hour_lag1,0.8188512302935124
1,0,0.1,GBM_grid_1_AutoML_2_20260420_192202_model_3,day_of_week_lag1,0.09020100995898243
1,0,0.1,GBM_grid_1_AutoML_2_20260420_192202_model_3,month_lag1,0.07387106046662663
1,0,0.1,GBM_grid_1_AutoML_2_20260420_192202_model_3,month_sin,0.13519902668893333
1,0,0.1,GBM_grid_1_AutoML_2_20260420_192202_model_3,month_cos,0.0315128124505281
1,0,0.1,XRT_1_AutoML_2_20260420_192202,target_lag1,3.395195724964142
1,0,0.1,XRT_1_AutoML_2_20260420_192202,target_lag2,1.4446685591340065
1,0,0.1,XRT_1_AutoML_2_20260420_192202,target_lag3,0.7291287611052394
1,0,0.1,XRT_1_AutoML_2_20260420_192202,target_lag4,0.8221678046882153
1,0,0.1,XRT_1_AutoML_2_20260420_192202,target_lag5,8.770866081323474
1,0,0.1,XRT_1_AutoML_2_20260420_192202,target_lag6,0.23903611584566534
1,0,0.1,XRT_1_AutoML_2_20260420_192202,cov_HULL_lag1,0.4475297361658886
1,0,0.1,XRT_1_AutoML_2_20260420_192202,cov_MUFL_lag1,0.4632596923573874
1,0,0.1,XRT_1_AutoML_2_20260420_192202,cov_MULL_lag1,0.7776627002842724
1,0,0.1,XRT_1_AutoML_2_20260420_192202,cov_LUFL_lag1,0.5360839257203043
1,0,0.1,XRT_1_AutoML_2_20260420_192202,cov_LULL_lag1,0.06802275309804823
1,0,0.1,XRT_1_AutoML_2_20260420_192202,cov_OT_lag1,0.34781575640663503
1,0,0.1,XRT_1_AutoML_2_20260420_192202,hour_lag1,0.5699979334324599
1,0,0.1,XRT_1_AutoML_2_20260420_192202,day_of_week_lag1,2043.1650150968135
1,0,0.1,XRT_1_AutoML_2_20260420_192202,month_lag1,1.4734599101543426
1,0,0.1,XRT_1_AutoML_2_20260420_192202,month_sin,0.17176862550899386
1,0,0.1,XRT_1_AutoML_2_20260420_192202,month_cos,0.2241528748907149
1,0,0.1,XGBoost_grid_1_AutoML_2_20260420_192202_model_2,target_lag1,8.304242858290673
1,0,0.1,XGBoost_grid_1_AutoML_2_20260420_192202_model_2,target_lag2,1.3739157313108443
1,0,0.1,XGBoost_grid_1_AutoML_2_20260420_192202_model_2,target_lag3,1.3061977863311767
1,0,0.1,XGBoost_grid_1_AutoML_2_20260420_192202_model_2,target_lag4,1.3052988562360406
1,0,0.1,XGBoost_grid_1_AutoML_2_20260420_192202_model_2,target_lag5,0.33784967951476574
1,0,0.1,XGBoost_grid_1_AutoML_2_20260420_192202_model_2,target_lag6,0.1952291127666831
1,0,0.1,XGBoost_grid_1_AutoML_2_20260420_192202_model_2,cov_HULL_lag1,0.4810202692076564
1,0,0.1,XGBoost_grid_1_AutoML_2_20260420_192202_model_2,cov_MUFL_lag1,0.4351049270294607
1,0,0.1,XGBoost_grid_1_AutoML_2_20260420_192202_model_2,cov_MULL_lag1,0.7258450894244015
1,0,0.1,XGBoost_grid_1_AutoML_2_20260420_192202_model_2,cov_LUFL_lag1,0.871560339955613
1,0,0.1,XGBoost_grid_1_AutoML_2_20260420_192202_model_2,cov_LULL_lag1,0.039346096513327176
1,0,0.1,XGBoost_grid_1_AutoML_2_20260420_192202_model_2,cov_OT_lag1,0.2717074925021734
1,0,0.1,XGBoost_grid_1_AutoML_2_20260420_192202_model_2,hour_lag1,1.0267463410645723
1,0,0.1,XGBoost_grid_1_AutoML_2_20260420_192202_model_2,day_of_week_lag1,0.19592936978675424
1,0,0.1,XGBoost_grid_1_AutoML_2_20260420_192202_model_2,month_lag1,0.0913894266961142
1,0,0.1,XGBoost_grid_1_AutoML_2_20260420_192202_model_2,month_sin,0.09246648925356564
1,0,0.1,XGBoost_grid_1_AutoML_2_20260420_192202_model_2,month_cos,0.01931854607188139
1,0,0.1,GBM_3_AutoML_2_20260420_192202,target_lag1,6.840768392086029
1,0,0.1,GBM_3_AutoML_2_20260420_192202,target_lag2,2.350563997030258
1,0,0.1,GBM_3_AutoML_2_20260420_192202,target_lag3,0.8350117000192404
1,0,0.1,GBM_3_AutoML_2_20260420_192202,target_lag4,1.5409995126817375
1,0,0.1,GBM_3_AutoML_2_20260420_192202,target_lag5,0.487742580473423
1,0,0.1,GBM_3_AutoML_2_20260420_192202,target_lag6,0.19180013391189277
1,0,0.1,GBM_3_AutoML_2_20260420_192202,cov_HULL_lag1,0.698757427353412
1,0,0.1,GBM_3_AutoML_2_20260420_192202,cov_MUFL_lag1,0.2975951028289273
1,0,0.1,GBM_3_AutoML_2_20260420_192202,cov_MULL_lag1,0.4141927493805997
1,0,0.1,GBM_3_AutoML_2_20260420_192202,cov_LUFL_lag1,0.3107925949245691
1,0,0.1,GBM_3_AutoML_2_20260420_192202,cov_LULL_lag1,0.060912852189503555
1,0,0.1,GBM_3_AutoML_2_20260420_192202,cov_OT_lag1,0.2645227271132171
1,0,0.1,GBM_3_AutoML_2_20260420_192202,hour_lag1,0.8371548164496199
1,0,0.1,GBM_3_AutoML_2_20260420_192202,day_of_week_lag1,0.15146890606265512
1,0,0.1,GBM_3_AutoML_2_20260420_192202,month_lag1,0.10636602617334572
1,0,0.1,GBM_3_AutoML_2_20260420_192202,month_sin,0.08563867854420092
1,0,0.1,GBM_3_AutoML_2_20260420_192202,month_cos,0.09079890696331855
1,0,0.1,DRF_1_AutoML_2_20260420_192202,target_lag1,2.100188902616501
1,0,0.1,DRF_1_AutoML_2_20260420_192202,target_lag2,1.73907839871943
1,0,0.1,DRF_1_AutoML_2_20260420_192202,target_lag3,1.2138946591317654
1,0,0.1,DRF_1_AutoML_2_20260420_192202,target_lag4,0.6328476843237877
1,0,0.1,DRF_1_AutoML_2_20260420_192202,target_lag5,0.47948562394827604
1,0,0.1,DRF_1_AutoML_2_20260420_192202,target_lag6,0.3561695520579815
1,0,0.1,DRF_1_AutoML_2_20260420_192202,cov_HULL_lag1,0.5965425018407404
1,0,0.1,DRF_1_AutoML_2_20260420_192202,cov_MUFL_lag1,0.481470255041495
1,0,0.1,DRF_1_AutoML_2_20260420_192202,cov_MULL_lag1,0.7898801841959358
1,0,0.1,DRF_1_AutoML_2_20260420_192202,cov_LUFL_lag1,0.2541962764784694
1,0,0.1,DRF_1_AutoML_2_20260420_192202,cov_LULL_lag1,0.09712324062187687
1,0,0.1,DRF_1_AutoML_2_20260420_192202,cov_OT_lag1,0.16881414475385095
1,0,0.1,DRF_1_AutoML_2_20260420_192202,hour_lag1,0.4526494627397915
1,0,0.1,DRF_1_AutoML_2_20260420_192202,day_of_week_lag1,0.08637979330029336
1,0,0.1,DRF_1_AutoML_2_20260420_192202,month_lag1,0.06988444253802296
1,0,0.1,DRF_1_AutoML_2_20260420_192202,month_sin,0.08202201287844214
1,0,0.1,DRF_1_AutoML_2_20260420_192202,month_cos,0.05291888101492073
1,0,0.1,XGBoost_grid_1_AutoML_2_20260420_192202_model_1,target_lag1,9.75778431892395
1,0,0.1,XGBoost_grid_1_AutoML_2_20260420_192202_model_1,target_lag2,0.3449423927697353
1,0,0.1,XGBoost_grid_1_AutoML_2_20260420_192202_model_1,target_lag3,0.6153662803955376
1,0,0.1,XGBoost_grid_1_AutoML_2_20260420_192202_model_1,target_lag4,0.71525410592556
1,0,0.1,XGBoost_grid_1_AutoML_2_20260420_192202_model_1,target_lag5,0.24947864552028476
1,0,0.1,XGBoost_grid_1_AutoML_2_20260420_192202_model_1,target_lag6,0.18559581583365797
1,0,0.1,XGBoost_grid_1_AutoML_2_20260420_192202_model_1,cov_HULL_lag1,0.3125185562297702
1,0,0.1,XGBoost_grid_1_AutoML_2_20260420_192202_model_1,cov_MUFL_lag1,0.4030845339037478
1,0,0.1,XGBoost_grid_1_AutoML_2_20260420_192202_model_1,cov_MULL_lag1,0.48301942490041255
1,0,0.1,XGBoost_grid_1_AutoML_2_20260420_192202_model_1,cov_LUFL_lag1,0.9426791341602803
1,0,0.1,XGBoost_grid_1_AutoML_2_20260420_192202_model_1,cov_LULL_lag1,0.06359199017031639
1,0,0.1,XGBoost_grid_1_AutoML_2_20260420_192202_model_1,cov_OT_lag1,0.37164260130375626
1,0,0.1,XGBoost_grid_1_AutoML_2_20260420_192202_model_1,hour_lag1,0.7820661249756813
1,0,0.1,XGBoost_grid_1_AutoML_2_20260420_192202_model_1,day_of_week_lag1,0.12596696218475695
1,0,0.1,XGBoost_grid_1_AutoML_2_20260420_192202_model_1,month_lag1,0.11601095182821151
1,0,0.1,XGBoost_grid_1_AutoML_2_20260420_192202_model_1,month_sin,0.17475659491494297
1,0,0.1,XGBoost_grid_1_AutoML_2_20260420_192202_model_1,month_cos,0.05169310666853558
1,0,0.2,GBM_grid_1_AutoML_2_20260420_192202_model_2,target_lag1,9.604282996654511
1,0,0.2,GBM_grid_1_AutoML_2_20260420_192202_model_2,target_lag2,0.722666335105896
1,0,0.2,GBM_grid_1_AutoML_2_20260420_192202_model_2,target_lag3,0.39784089773893355
1,0,0.2,GBM_grid_1_AutoML_2_20260420_192202_model_2,target_lag4,0.576258951574564
1,0,0.2,GBM_grid_1_AutoML_2_20260420_192202_model_2,target_lag5,0.1688756423816085
1,0,0.2,GBM_grid_1_AutoML_2_20260420_192202_model_2,target_lag6,0.15839434958994386
1,0,0.2,GBM_grid_1_AutoML_2_20260420_192202_model_2,cov_HULL_lag1,0.3920181104168296
1,0,0.2,GBM_grid_1_AutoML_2_20260420_192202_model_2,cov_MUFL_lag1,0.23269754304550588
1,0,0.2,GBM_grid_1_AutoML_2_20260420_192202_model_2,cov_MULL_lag1,1.4670796395838261
1,0,0.2,GBM_grid_1_AutoML_2_20260420_192202_model_2,cov_LUFL_lag1,0.05699609311297532
1,0,0.2,GBM_grid_1_AutoML_2_20260420_192202_model_2,cov_LULL_lag1,0.11232090130448338
1,0,0.2,GBM_grid_1_AutoML_2_20260420_192202_model_2,cov_OT_lag1,0.2066908801277168
1,0,0.2,GBM_grid_1_AutoML_2_20260420_192202_model_2,hour_lag1,0.8157676718384027
1,0,0.2,GBM_grid_1_AutoML_2_20260420_192202_model_2,day_of_week_lag1,0.08074923988431688
1,0,0.2,GBM_grid_1_AutoML_2_20260420_192202_model_2,month_lag1,0.052308136144420085
1,0,0.2,GBM_grid_1_AutoML_2_20260420_192202_model_2,month_sin,0.06906497389078137
1,0,0.2,GBM_grid_1_AutoML_2_20260420_192202_model_2,month_cos,0.026313526271842386
1,0,0.2,GBM_5_AutoML_2_20260420_192202,target_lag1,7.016816794872284
1,0,0.2,GBM_5_AutoML_2_20260420_192202,target_lag2,2.369518941640854
1,0,0.2,GBM_5_AutoML_2_20260420_192202,target_lag3,0.48349900744855406
1,0,0.2,GBM_5_AutoML_2_20260420_192202,target_lag4,1.513986713923514
1,0,0.2,GBM_5_AutoML_2_20260420_192202,target_lag5,0.29564040698111055
1,0,0.2,GBM_5_AutoML_2_20260420_192202,target_lag6,0.10634964630473402
1,0,0.2,GBM_5_AutoML_2_20260420_192202,cov_HULL_lag1,0.6856245587766171
1,0,0.2,GBM_5_AutoML_2_20260420_192202,cov_MUFL_lag1,0.2617577382735908
1,0,0.2,GBM_5_AutoML_2_20260420_192202,cov_MULL_lag1,0.7881441492773592
1,0,0.2,GBM_5_AutoML_2_20260420_192202,cov_LUFL_lag1,0.7455644318833947
1,0,0.2,GBM_5_AutoML_2_20260420_192202,cov_LULL_lag1,0.021150650814961373
1,0,0.2,GBM_5_AutoML_2_20260420_192202,cov_OT_lag1,0.3769496093969792
1,0,0.2,GBM_5_AutoML_2_20260420_192202,hour_lag1,0.8559706553444266
1,0,0.2,GBM_5_AutoML_2_20260420_192202,day_of_week_lag1,0.09191426311619576
1,0,0.2,GBM_5_AutoML_2_20260420_192202,month_lag1,0.11408050170051862
1,0,0.2,GBM_5_AutoML_2_20260420_192202,month_sin,0.09947803495451804
1,0,0.2,GBM_5_AutoML_2_20260420_192202,month_cos,0.023893351050792225
1,0,0.2,GLM_1_AutoML_2_20260420_192202,target_lag1,6.441742196234231
1,0,0.2,GLM_1_AutoML_2_20260420_192202,target_lag2,2.449042450981868
1,0,0.2,GLM_1_AutoML_2_20260420_192202,target_lag3,1.2143256420840722
1,0,0.2,GLM_1_AutoML_2_20260420_192202,target_lag4,0.5056503557594164
1,0,0.2,GLM_1_AutoML_2_20260420_192202,target_lag5,0.28345635657263957
1,0,0.2,GLM_1_AutoML_2_20260420_192202,target_lag6,0.5187518315527848
1,0,0.2,GLM_1_AutoML_2_20260420_192202,cov_HULL_lag1,0.013936647003339225
1,0,0.2,GLM_1_AutoML_2_20260420_192202,cov_MUFL_lag1,0.09268696049071638
1,0,0.2,GLM_1_AutoML_2_20260420_192202,cov_MULL_lag1,0.14555276895153485
1,0,0.2,GLM_1_AutoML_2_20260420_192202,cov_LUFL_lag1,0.35980029516599077
1,0,0.2,GLM_1_AutoML_2_20260420_192202,cov_LULL_lag1,0.0016861617088203549
1,0,0.2,GLM_1_AutoML_2_20260420_192202,cov_OT_lag1,0.49497701239982483
1,0,0.2,GLM_1_AutoML_2_20260420_192202,hour_lag1,0.3254517241827488
1,0,0.2,GLM_1_AutoML_2_20260420_192202,day_of_week_lag1,0.07805984868302493
1,0,0.2,GLM_1_AutoML_2_20260420_192202,month_lag1,0.0175059867217035
1,0,0.2,GLM_1_AutoML_2_20260420_192202,month_sin,0.39190265043089506
1,0,0.2,GLM_1_AutoML_2_20260420_192202,month_cos,0.298531065163848
1,0,0.2,GLM_1_AutoML_2_20260420_192202,year,0.0
1,0,0.2,XGBoost_grid_1_AutoML_2_20260420_192202_model_6,target_lag1,4.974602506160736
1,0,0.2,XGBoost_grid_1_AutoML_2_20260420_192202_model_6,target_lag2,2.104582595825195
1,0,0.2,XGBoost_grid_1_AutoML_2_20260420_192202_model_6,target_lag3,0.6510327810049057
1,0,0.2,XGBoost_grid_1_AutoML_2_20260420_192202_model_6,target_lag4,3.3319810105860235
1,0,0.2,XGBoost_grid_1_AutoML_2_20260420_192202_model_6,target_lag5,0.31846277831122277
1,0,0.2,XGBoost_grid_1_AutoML_2_20260420_192202_model_6,target_lag6,0.1439112012647092
1,0,0.2,XGBoost_grid_1_AutoML_2_20260420_192202_model_6,cov_HULL_lag1,1.0719448011368513
1,0,0.2,XGBoost_grid_1_AutoML_2_20260420_192202_model_6,cov_MUFL_lag1,0.706470966041088
1,0,0.2,XGBoost_grid_1_AutoML_2_20260420_192202_model_6,cov_MULL_lag1,0.40423157066106796
1,0,0.2,XGBoost_grid_1_AutoML_2_20260420_192202_model_6,cov_LUFL_lag1,0.9160414155572653
1,0,0.2,XGBoost_grid_1_AutoML_2_20260420_192202_model_6,cov_LULL_lag1,0.055121637880802085
1,0,0.2,XGBoost_grid_1_AutoML_2_20260420_192202_model_6,cov_OT_lag1,0.1935321156680584
1,0,0.2,XGBoost_grid_1_AutoML_2_20260420_192202_model_6,hour_lag1,0.9397480645775795
1,0,0.2,XGBoost_grid_1_AutoML_2_20260420_192202_model_6,day_of_week_lag1,0.05023506681434805
1,0,0.2,XGBoost_grid_1_AutoML_2_20260420_192202_model_6,month_lag1,0.11111556902527803
1,0,0.2,XGBoost_grid_1_AutoML_2_20260420_192202_model_6,month_sin,0.07814170441590246
1,0,0.2,XGBoost_grid_1_AutoML_2_20260420_192202_model_6,month_cos,0.04325930271297687
1,0,0.2,XGBoost_grid_1_AutoML_2_20260420_192202_model_5,target_lag1,5.806880883574486
1,0,0.2,XGBoost_grid_1_AutoML_2_20260420_192202_model_5,target_lag2,2.7572198843955995
1,0,0.2,XGBoost_grid_1_AutoML_2_20260420_192202_model_5,target_lag3,0.3002727124094963
1,0,0.2,XGBoost_grid_1_AutoML_2_20260420_192202_model_5,target_lag4,0.7062081114202737
1,0,0.2,XGBoost_grid_1_AutoML_2_20260420_192202_model_5,target_lag5,0.5437319783866406
1,0,0.2,XGBoost_grid_1_AutoML_2_20260420_192202_model_5,target_lag6,0.13113478561070221
1,0,0.2,XGBoost_grid_1_AutoML_2_20260420_192202_model_5,cov_HULL_lag1,0.29992026958614587
1,0,0.2,XGBoost_grid_1_AutoML_2_20260420_192202_model_5,cov_MUFL_lag1,0.18074612658150724
1,0,0.2,XGBoost_grid_1_AutoML_2_20260420_192202_model_5,cov_MULL_lag1,2.7078438090533017
1,0,0.2,XGBoost_grid_1_AutoML_2_20260420_192202_model_5,cov_LUFL_lag1,2.3542028755694626
1,0,0.2,XGBoost_grid_1_AutoML_2_20260420_192202_model_5,cov_LULL_lag1,0.04611361778341228
1,0,0.2,XGBoost_grid_1_AutoML_2_20260420_192202_model_5,cov_OT_lag1,0.28664007168263195
1,0,0.2,XGBoost_grid_1_AutoML_2_20260420_192202_model_5,hour_lag1,1.0012351861596107
1,0,0.2,XGBoost_grid_1_AutoML_2_20260420_192202_model_5,day_of_week_lag1,0.2810227667167783
1,0,0.2,XGBoost_grid_1_AutoML_2_20260420_192202_model_5,month_lag1,0.0358102534944191
1,0,0.2,XGBoost_grid_1_AutoML_2_20260420_192202_model_5,month_sin,0.17591703932732344
1,0,0.2,XGBoost_grid_1_AutoML_2_20260420_192202_model_5,month_cos,0.04765465985983606
1,0,0.2,XGBoost_grid_1_AutoML_2_20260420_192202_model_3,target_lag1,5.044629348516464
1,0,0.2,XGBoost_grid_1_AutoML_2_20260420_192202_model_3,target_lag2,3.0490764474868772
1,0,0.2,XGBoost_grid_1_AutoML_2_20260420_192202_model_3,target_lag3,1.8164043865725399
1,0,0.2,XGBoost_grid_1_AutoML_2_20260420_192202_model_3,target_lag4,0.7592156970500946
1,0,0.2,XGBoost_grid_1_AutoML_2_20260420_192202_model_3,target_lag5,0.44518361873924733
1,0,0.2,XGBoost_grid_1_AutoML_2_20260420_192202_model_3,target_lag6,0.18308987475931646
1,0,0.2,XGBoost_grid_1_AutoML_2_20260420_192202_model_3,cov_HULL_lag1,0.5128155192174018
1,0,0.2,XGBoost_grid_1_AutoML_2_20260420_192202_model_3,cov_MUFL_lag1,0.3766672148555517
1,0,0.2,XGBoost_grid_1_AutoML_2_20260420_192202_model_3,cov_MULL_lag1,0.27182762497104707
1,0,0.2,XGBoost_grid_1_AutoML_2_20260420_192202_model_3,cov_LUFL_lag1,0.4607083211839199
1,0,0.2,XGBoost_grid_1_AutoML_2_20260420_192202_model_3,cov_LULL_lag1,0.061919514201581434
1,0,0.2,XGBoost_grid_1_AutoML_2_20260420_192202_model_3,cov_OT_lag1,0.3491394346579909
1,0,0.2,XGBoost_grid_1_AutoML_2_20260420_192202_model_3,hour_lag1,1.1040520767867565
1,0,0.2,XGBoost_grid_1_AutoML_2_20260420_192202_model_3,day_of_week_lag1,0.10108367654494937
1,0,0.2,XGBoost_grid_1_AutoML_2_20260420_192202_model_3,month_lag1,0.09485315330035515
1,0,0.2,XGBoost_grid_1_AutoML_2_20260420_192202_model_3,month_sin,0.24308376852422953
1,0,0.2,XGBoost_grid_1_AutoML_2_20260420_192202_model_3,month_cos,0.0800905034318566
1,0,0.2,GBM_grid_1_AutoML_2_20260420_192202_model_3,target_lag1,3.2533140702545644
1,0,0.2,GBM_grid_1_AutoML_2_20260420_192202_model_3,target_lag2,2.9289813005924223
1,0,0.2,GBM_grid_1_AutoML_2_20260420_192202_model_3,target_lag3,2.9212537467479707
1,0,0.2,GBM_grid_1_AutoML_2_20260420_192202_model_3,target_lag4,1.0191268420685082
1,0,0.2,GBM_grid_1_AutoML_2_20260420_192202_model_3,target_lag5,0.1982643597200513
1,0,0.2,GBM_grid_1_AutoML_2_20260420_192202_model_3,target_lag6,0.22470045063644647
1,0,0.2,GBM_grid_1_AutoML_2_20260420_192202_model_3,cov_HULL_lag1,1.0375128562375904
1,0,0.2,GBM_grid_1_AutoML_2_20260420_192202_model_3,cov_MUFL_lag1,0.48829502743901687
1,0,0.2,GBM_grid_1_AutoML_2_20260420_192202_model_3,cov_MULL_lag1,2.106310071647167
1,0,0.2,GBM_grid_1_AutoML_2_20260420_192202_model_3,cov_LUFL_lag1,0.3661783117242157
1,0,0.2,GBM_grid_1_AutoML_2_20260420_192202_model_3,cov_LULL_lag1,0.07553519998677072
1,0,0.2,GBM_grid_1_AutoML_2_20260420_192202_model_3,cov_OT_lag1,0.26321286506950853
1,0,0.2,GBM_grid_1_AutoML_2_20260420_192202_model_3,hour_lag1,0.8188512302935124
1,0,0.2,GBM_grid_1_AutoML_2_20260420_192202_model_3,day_of_week_lag1,0.09020100995898243
1,0,0.2,GBM_grid_1_AutoML_2_20260420_192202_model_3,month_lag1,0.07387106046662663
1,0,0.2,GBM_grid_1_AutoML_2_20260420_192202_model_3,month_sin,0.13519902668893333
1,0,0.2,GBM_grid_1_AutoML_2_20260420_192202_model_3,month_cos,0.0315128124505281
1,0,0.2,XRT_1_AutoML_2_20260420_192202,target_lag1,3.395195724964142
1,0,0.2,XRT_1_AutoML_2_20260420_192202,target_lag2,1.4446685591340065
1,0,0.2,XRT_1_AutoML_2_20260420_192202,target_lag3,0.7291287611052394
1,0,0.2,XRT_1_AutoML_2_20260420_192202,target_lag4,0.8221678046882153
1,0,0.2,XRT_1_AutoML_2_20260420_192202,target_lag5,8.770866081323474
1,0,0.2,XRT_1_AutoML_2_20260420_192202,target_lag6,0.23903611584566534
1,0,0.2,XRT_1_AutoML_2_20260420_192202,cov_HULL_lag1,0.4475297361658886
1,0,0.2,XRT_1_AutoML_2_20260420_192202,cov_MUFL_lag1,0.4632596923573874
1,0,0.2,XRT_1_AutoML_2_20260420_192202,cov_MULL_lag1,0.7776627002842724
1,0,0.2,XRT_1_AutoML_2_20260420_192202,cov_LUFL_lag1,0.5360839257203043
1,0,0.2,XRT_1_AutoML_2_20260420_192202,cov_LULL_lag1,0.06802275309804823
1,0,0.2,XRT_1_AutoML_2_20260420_192202,cov_OT_lag1,0.34781575640663503
1,0,0.2,XRT_1_AutoML_2_20260420_192202,hour_lag1,0.5699979334324599
1,0,0.2,XRT_1_AutoML_2_20260420_192202,day_of_week_lag1,2043.1650150968135
1,0,0.2,XRT_1_AutoML_2_20260420_192202,month_lag1,1.4734599101543426
1,0,0.2,XRT_1_AutoML_2_20260420_192202,month_sin,0.17176862550899386
1,0,0.2,XRT_1_AutoML_2_20260420_192202,month_cos,0.2241528748907149
1,0,0.2,XGBoost_grid_1_AutoML_2_20260420_192202_model_2,target_lag1,8.304242858290673
1,0,0.2,XGBoost_grid_1_AutoML_2_20260420_192202_model_2,target_lag2,1.3739157313108443
1,0,0.2,XGBoost_grid_1_AutoML_2_20260420_192202_model_2,target_lag3,1.3061977863311767
1,0,0.2,XGBoost_grid_1_AutoML_2_20260420_192202_model_2,target_lag4,1.3052988562360406
1,0,0.2,XGBoost_grid_1_AutoML_2_20260420_192202_model_2,target_lag5,0.33784967951476574
1,0,0.2,XGBoost_grid_1_AutoML_2_20260420_192202_model_2,target_lag6,0.1952291127666831
1,0,0.2,XGBoost_grid_1_AutoML_2_20260420_192202_model_2,cov_HULL_lag1,0.4810202692076564
1,0,0.2,XGBoost_grid_1_AutoML_2_20260420_192202_model_2,cov_MUFL_lag1,0.4351049270294607
1,0,0.2,XGBoost_grid_1_AutoML_2_20260420_192202_model_2,cov_MULL_lag1,0.7258450894244015
1,0,0.2,XGBoost_grid_1_AutoML_2_20260420_192202_model_2,cov_LUFL_lag1,0.871560339955613
1,0,0.2,XGBoost_grid_1_AutoML_2_20260420_192202_model_2,cov_LULL_lag1,0.039346096513327176
1,0,0.2,XGBoost_grid_1_AutoML_2_20260420_192202_model_2,cov_OT_lag1,0.2717074925021734
1,0,0.2,XGBoost_grid_1_AutoML_2_20260420_192202_model_2,hour_lag1,1.0267463410645723
1,0,0.2,XGBoost_grid_1_AutoML_2_20260420_192202_model_2,day_of_week_lag1,0.19592936978675424
1,0,0.2,XGBoost_grid_1_AutoML_2_20260420_192202_model_2,month_lag1,0.0913894266961142
1,0,0.2,XGBoost_grid_1_AutoML_2_20260420_192202_model_2,month_sin,0.09246648925356564
1,0,0.2,XGBoost_grid_1_AutoML_2_20260420_192202_model_2,month_cos,0.01931854607188139
1,0,0.2,GBM_3_AutoML_2_20260420_192202,target_lag1,6.840768392086029
1,0,0.2,GBM_3_AutoML_2_20260420_192202,target_lag2,2.350563997030258
1,0,0.2,GBM_3_AutoML_2_20260420_192202,target_lag3,0.8350117000192404
1,0,0.2,GBM_3_AutoML_2_20260420_192202,target_lag4,1.5409995126817375
1,0,0.2,GBM_3_AutoML_2_20260420_192202,target_lag5,0.487742580473423
1,0,0.2,GBM_3_AutoML_2_20260420_192202,target_lag6,0.19180013391189277
1,0,0.2,GBM_3_AutoML_2_20260420_192202,cov_HULL_lag1,0.698757427353412
1,0,0.2,GBM_3_AutoML_2_20260420_192202,cov_MUFL_lag1,0.2975951028289273
1,0,0.2,GBM_3_AutoML_2_20260420_192202,cov_MULL_lag1,0.4141927493805997
1,0,0.2,GBM_3_AutoML_2_20260420_192202,cov_LUFL_lag1,0.3107925949245691
1,0,0.2,GBM_3_AutoML_2_20260420_192202,cov_LULL_lag1,0.060912852189503555
1,0,0.2,GBM_3_AutoML_2_20260420_192202,cov_OT_lag1,0.2645227271132171
1,0,0.2,GBM_3_AutoML_2_20260420_192202,hour_lag1,0.8371548164496199
1,0,0.2,GBM_3_AutoML_2_20260420_192202,day_of_week_lag1,0.15146890606265512
1,0,0.2,GBM_3_AutoML_2_20260420_192202,month_lag1,0.10636602617334572
1,0,0.2,GBM_3_AutoML_2_20260420_192202,month_sin,0.08563867854420092
1,0,0.2,GBM_3_AutoML_2_20260420_192202,month_cos,0.09079890696331855
1,0,0.2,DRF_1_AutoML_2_20260420_192202,target_lag1,2.100188902616501
1,0,0.2,DRF_1_AutoML_2_20260420_192202,target_lag2,1.73907839871943
1,0,0.2,DRF_1_AutoML_2_20260420_192202,target_lag3,1.2138946591317654
1,0,0.2,DRF_1_AutoML_2_20260420_192202,target_lag4,0.6328476843237877
1,0,0.2,DRF_1_AutoML_2_20260420_192202,target_lag5,0.47948562394827604
1,0,0.2,DRF_1_AutoML_2_20260420_192202,target_lag6,0.3561695520579815
1,0,0.2,DRF_1_AutoML_2_20260420_192202,cov_HULL_lag1,0.5965425018407404
1,0,0.2,DRF_1_AutoML_2_20260420_192202,cov_MUFL_lag1,0.481470255041495
1,0,0.2,DRF_1_AutoML_2_20260420_192202,cov_MULL_lag1,0.7898801841959358
1,0,0.2,DRF_1_AutoML_2_20260420_192202,cov_LUFL_lag1,0.2541962764784694
1,0,0.2,DRF_1_AutoML_2_20260420_192202,cov_LULL_lag1,0.09712324062187687
1,0,0.2,DRF_1_AutoML_2_20260420_192202,cov_OT_lag1,0.16881414475385095
1,0,0.2,DRF_1_AutoML_2_20260420_192202,hour_lag1,0.4526494627397915
1,0,0.2,DRF_1_AutoML_2_20260420_192202,day_of_week_lag1,0.08637979330029336
1,0,0.2,DRF_1_AutoML_2_20260420_192202,month_lag1,0.06988444253802296
1,0,0.2,DRF_1_AutoML_2_20260420_192202,month_sin,0.08202201287844214
1,0,0.2,DRF_1_AutoML_2_20260420_192202,month_cos,0.05291888101492073
1,0,0.2,XGBoost_grid_1_AutoML_2_20260420_192202_model_1,target_lag1,9.75778431892395
1,0,0.2,XGBoost_grid_1_AutoML_2_20260420_192202_model_1,target_lag2,0.3449423927697353
1,0,0.2,XGBoost_grid_1_AutoML_2_20260420_192202_model_1,target_lag3,0.6153662803955376
1,0,0.2,XGBoost_grid_1_AutoML_2_20260420_192202_model_1,target_lag4,0.71525410592556
1,0,0.2,XGBoost_grid_1_AutoML_2_20260420_192202_model_1,target_lag5,0.24947864552028476
1,0,0.2,XGBoost_grid_1_AutoML_2_20260420_192202_model_1,target_lag6,0.18559581583365797
1,0,0.2,XGBoost_grid_1_AutoML_2_20260420_192202_model_1,cov_HULL_lag1,0.3125185562297702
1,0,0.2,XGBoost_grid_1_AutoML_2_20260420_192202_model_1,cov_MUFL_lag1,0.4030845339037478
1,0,0.2,XGBoost_grid_1_AutoML_2_20260420_192202_model_1,cov_MULL_lag1,0.48301942490041255
1,0,0.2,XGBoost_grid_1_AutoML_2_20260420_192202_model_1,cov_LUFL_lag1,0.9426791341602803
1,0,0.2,XGBoost_grid_1_AutoML_2_20260420_192202_model_1,cov_LULL_lag1,0.06359199017031639
1,0,0.2,XGBoost_grid_1_AutoML_2_20260420_192202_model_1,cov_OT_lag1,0.37164260130375626
1,0,0.2,XGBoost_grid_1_AutoML_2_20260420_192202_model_1,hour_lag1,0.7820661249756813
1,0,0.2,XGBoost_grid_1_AutoML_2_20260420_192202_model_1,day_of_week_lag1,0.12596696218475695
1,0,0.2,XGBoost_grid_1_AutoML_2_20260420_192202_model_1,month_lag1,0.11601095182821151
1,0,0.2,XGBoost_grid_1_AutoML_2_20260420_192202_model_1,month_sin,0.17475659491494297
1,0,0.2,XGBoost_grid_1_AutoML_2_20260420_192202_model_1,month_cos,0.05169310666853558
1,0,0.2,GBM_1_AutoML_2_20260420_192202,target_lag1,6.289833252429962
1,0,0.2,GBM_1_AutoML_2_20260420_192202,target_lag2,2.5670529985427857
1,0,0.2,GBM_1_AutoML_2_20260420_192202,target_lag3,1.67152984470129
1,0,0.2,GBM_1_AutoML_2_20260420_192202,target_lag4,0.575151994805783
1,0,0.2,GBM_1_AutoML_2_20260420_192202,target_lag5,0.33628631606698034
1,0,0.2,GBM_1_AutoML_2_20260420_192202,target_lag6,0.0946074326150119
1,0,0.2,GBM_1_AutoML_2_20260420_192202,cov_HULL_lag1,0.6078253482468426
1,0,0.2,GBM_1_AutoML_2_20260420_192202,cov_MUFL_lag1,0.4608430188894272
1,0,0.2,GBM_1_AutoML_2_20260420_192202,cov_MULL_lag1,0.9194922913983464
1,0,0.2,GBM_1_AutoML_2_20260420_192202,cov_LUFL_lag1,0.2383080746233463
1,0,0.2,GBM_1_AutoML_2_20260420_192202,cov_LULL_lag1,0.07576733365654942
1,0,0.2,GBM_1_AutoML_2_20260420_192202,cov_OT_lag1,0.18153370145708322
1,0,0.2,GBM_1_AutoML_2_20260420_192202,hour_lag1,0.7821200281381607
1,0,0.2,GBM_1_AutoML_2_20260420_192202,day_of_week_lag1,0.06634366299957033
1,0,0.2,GBM_1_AutoML_2_20260420_192202,month_lag1,0.053575034737586937
1,0,0.2,GBM_1_AutoML_2_20260420_192202,month_sin,0.08783064358867701
1,0,0.2,GBM_1_AutoML_2_20260420_192202,month_cos,0.029959574522217692
1,0,0.2,GBM_4_AutoML_2_20260420_192202,target_lag1,5.491198561191559
1,0,0.2,GBM_4_AutoML_2_20260420_192202,target_lag2,2.3007913541793825
1,0,0.2,GBM_4_AutoML_2_20260420_192202,target_lag3,2.7259718514978886
1,0,0.2,GBM_4_AutoML_2_20260420_192202,target_lag4,0.6437791541591287
1,0,0.2,GBM_4_AutoML_2_20260420_192202,target_lag5,0.35914463482797143
1,0,0.2,GBM_4_AutoML_2_20260420_192202,target_lag6,0.08417365209897977
1,0,0.2,GBM_4_AutoML_2_20260420_192202,cov_HULL_lag1,0.6742111281119287
1,0,0.2,GBM_4_AutoML_2_20260420_192202,cov_MUFL_lag1,0.29412555161863563
1,0,0.2,GBM_4_AutoML_2_20260420_192202,cov_MULL_lag1,0.7138692432269454
1,0,0.2,GBM_4_AutoML_2_20260420_192202,cov_LUFL_lag1,0.7349429434537887
1,0,0.2,GBM_4_AutoML_2_20260420_192202,cov_LULL_lag1,0.06252726248465473
1,0,0.2,GBM_4_AutoML_2_20260420_192202,cov_OT_lag1,0.2741896166652441
1,0,0.2,GBM_4_AutoML_2_20260420_192202,hour_lag1,0.7369675435870886
1,0,0.2,GBM_4_AutoML_2_20260420_192202,day_of_week_lag1,0.22602569505805145
1,0,0.2,GBM_4_AutoML_2_20260420_192202,month_lag1,0.08293624984798949
1,0,0.2,GBM_4_AutoML_2_20260420_192202,month_sin,0.10139557497575875
1,0,0.2,GBM_4_AutoML_2_20260420_192202,month_cos,0.05684206104371691
1,0,0.2,XGBoost_grid_1_AutoML_2_20260420_192202_model_4,target_lag1,9.16507515400648
1,0,0.2,XGBoost_grid_1_AutoML_2_20260420_192202_model_4,target_lag2,0.70330926284194
1,0,0.2,XGBoost_grid_1_AutoML_2_20260420_192202_model_4,target_lag3,0.3290234877169132
1,0,0.2,XGBoost_grid_1_AutoML_2_20260420_192202_model_4,target_lag4,1.5386059444397688
1,0,0.2,XGBoost_grid_1_AutoML_2_20260420_192202_model_4,target_lag5,0.29358676647767423
1,0,0.2,XGBoost_grid_1_AutoML_2_20260420_192202_model_4,target_lag6,0.15125106463405244
1,0,0.2,XGBoost_grid_1_AutoML_2_20260420_192202_model_4,cov_HULL_lag1,0.3521395270898938
1,0,0.2,XGBoost_grid_1_AutoML_2_20260420_192202_model_4,cov_MUFL_lag1,1.2787377848103643
1,0,0.2,XGBoost_grid_1_AutoML_2_20260420_192202_model_4,cov_MULL_lag1,0.5253220649808645
1,0,0.2,XGBoost_grid_1_AutoML_2_20260420_192202_model_4,cov_LUFL_lag1,0.7037051309645176
1,0,0.2,XGBoost_grid_1_AutoML_2_20260420_192202_model_4,cov_LULL_lag1,0.03510948331793766
1,0,0.2,XGBoost_grid_1_AutoML_2_20260420_192202_model_4,cov_OT_lag1,0.404061904810369
1,0,0.2,XGBoost_grid_1_AutoML_2_20260420_192202_model_4,hour_lag1,0.7716136227315292
1,0,0.2,XGBoost_grid_1_AutoML_2_20260420_192202_model_4,day_of_week_lag1,0.15315105138812213
1,0,0.2,XGBoost_grid_1_AutoML_2_20260420_192202_model_4,month_lag1,0.3642057304829359
1,0,0.2,XGBoost_grid_1_AutoML_2_20260420_192202_model_4,month_sin,0.1691670405678451
1,0,0.2,XGBoost_grid_1_AutoML_2_20260420_192202_model_4,month_cos,0.04645589351654048
1,0,0.2,XGBoost_1_AutoML_2_20260420_192202,target_lag1,5.858293818607926
1,0,0.2,XGBoost_1_AutoML_2_20260420_192202,target_lag2,3.6653715229034423
1,0,0.2,XGBoost_1_AutoML_2_20260420_192202,target_lag3,0.5176625426672399
1,0,0.2,XGBoost_1_AutoML_2_20260420_192202,target_lag4,1.141731051057577
1,0,0.2,XGBoost_1_AutoML_2_20260420_192202,target_lag5,0.5585569692449645
1,0,0.2,XGBoost_1_AutoML_2_20260420_192202,target_lag6,0.5498279350996017
1,0,0.2,XGBoost_1_AutoML_2_20260420_192202,cov_HULL_lag1,0.4404576276615262
1,0,0.2,XGBoost_1_AutoML_2_20260420_192202,cov_MUFL_lag1,0.4084532007947564
1,0,0.2,XGBoost_1_AutoML_2_20260420_192202,cov_MULL_lag1,1.0107847481779755
1,0,0.2,XGBoost_1_AutoML_2_20260420_192202,cov_LUFL_lag1,1.0954195594787597
1,0,0.2,XGBoost_1_AutoML_2_20260420_192202,cov_LULL_lag1,0.25993448600172997
1,0,0.2,XGBoost_1_AutoML_2_20260420_192202,cov_OT_lag1,0.4182515226304531
1,0,0.2,XGBoost_1_AutoML_2_20260420_192202,hour_lag1,0.6679277470707894
1,0,0.2,XGBoost_1_AutoML_2_20260420_192202,day_of_week_lag1,0.18061173960799348
1,0,0.2,XGBoost_1_AutoML_2_20260420_192202,month_lag1,0.09885227131657298
1,0,0.2,XGBoost_1_AutoML_2_20260420_192202,month_sin,0.14227826273068783
1,0,0.2,XGBoost_1_AutoML_2_20260420_192202,month_cos,0.07479779146844517
1,0,0.2,GBM_2_AutoML_2_20260420_192202,target_lag1,5.4571926045417785
1,0,0.2,GBM_2_AutoML_2_20260420_192202,target_lag2,3.867600085735321
1,0,0.2,GBM_2_AutoML_2_20260420_192202,target_lag3,1.5530064488388597
1,0,0.2,GBM_2_AutoML_2_20260420_192202,target_lag4,0.6123453202471137
1,0,0.2,GBM_2_AutoML_2_20260420_192202,target_lag5,0.4271775044500828
1,0,0.2,GBM_2_AutoML_2_20260420_192202,target_lag6,0.10081449961231552
1,0,0.2,GBM_2_AutoML_2_20260420_192202,cov_HULL_lag1,0.8687124770134688
1,0,0.2,GBM_2_AutoML_2_20260420_192202,cov_MUFL_lag1,0.2277501199580729
1,0,0.2,GBM_2_AutoML_2_20260420_192202,cov_MULL_lag1,0.8023986097052693
1,0,0.2,GBM_2_AutoML_2_20260420_192202,cov_LUFL_lag1,0.4984218417387456
1,0,0.2,GBM_2_AutoML_2_20260420_192202,cov_LULL_lag1,0.09030039865057912
1,0,0.2,GBM_2_AutoML_2_20260420_192202,cov_OT_lag1,0.2649212457984686
1,0,0.2,GBM_2_AutoML_2_20260420_192202,hour_lag1,0.8798331217840314
1,0,0.2,GBM_2_AutoML_2_20260420_192202,day_of_week_lag1,0.13366955604171377
1,0,0.2,GBM_2_AutoML_2_20260420_192202,month_lag1,0.08785593572771172
1,0,0.2,GBM_2_AutoML_2_20260420_192202,month_sin,0.14310801955405622
1,0,0.2,GBM_2_AutoML_2_20260420_192202,month_cos,0.03488826052751388
1,0,0.2,XGBoost_3_AutoML_2_20260420_192202,target_lag1,6.780415790081024
1,0,0.2,XGBoost_3_AutoML_2_20260420_192202,target_lag2,0.8898882167413831
1,0,0.2,XGBoost_3_AutoML_2_20260420_192202,target_lag3,2.814049392938614
1,0,0.2,XGBoost_3_AutoML_2_20260420_192202,target_lag4,1.0445579671114684
1,0,0.2,XGBoost_3_AutoML_2_20260420_192202,target_lag5,0.4917908125859685
1,0,0.2,XGBoost_3_AutoML_2_20260420_192202,target_lag6,0.17389285555109382
1,0,0.2,XGBoost_3_AutoML_2_20260420_192202,cov_HULL_lag1,0.5155828905943781
1,0,0.2,XGBoost_3_AutoML_2_20260420_192202,cov_MUFL_lag1,0.43504563211463393
1,0,0.2,XGBoost_3_AutoML_2_20260420_192202,cov_MULL_lag1,1.0951584466919302
1,0,0.2,XGBoost_3_AutoML_2_20260420_192202,cov_LUFL_lag1,0.33637009049300104
1,0,0.2,XGBoost_3_AutoML_2_20260420_192202,cov_LULL_lag1,0.050999858435243316
1,0,0.2,XGBoost_3_AutoML_2_20260420_192202,cov_OT_lag1,0.38049878240562973
1,0,0.2,XGBoost_3_AutoML_2_20260420_192202,hour_lag1,1.0429943959787489
1,0,0.2,XGBoost_3_AutoML_2_20260420_192202,day_of_week_lag1,0.14088420834275892
1,0,0.2,XGBoost_3_AutoML_2_20260420_192202,month_lag1,0.09722903177142139
1,0,0.2,XGBoost_3_AutoML_2_20260420_192202,month_sin,0.12192760200239715
1,0,0.2,XGBoost_3_AutoML_2_20260420_192202,month_cos,0.06281836453359571
1,0,0.2,GBM_grid_1_AutoML_2_20260420_192202_model_1,target_lag1,2.7965982416272164
1,0,0.2,GBM_grid_1_AutoML_2_20260420_192202_model_1,target_lag2,3.648194292783737
1,0,0.2,GBM_grid_1_AutoML_2_20260420_192202_model_1,target_lag3,1.5141619697213173
1,0,0.2,GBM_grid_1_AutoML_2_20260420_192202_model_1,target_lag4,1.2746409806981682
1,0,0.2,GBM_grid_1_AutoML_2_20260420_192202_model_1,target_lag5,1.0809524285420775
1,0,0.2,GBM_grid_1_AutoML_2_20260420_192202_model_1,target_lag6,0.5015529666468501
1,0,0.2,GBM_grid_1_AutoML_2_20260420_192202_model_1,cov_HULL_lag1,0.9866815960407257
1,0,0.2,GBM_grid_1_AutoML_2_20260420_192202_model_1,cov_MUFL_lag1,0.5087310380861163
1,0,0.2,GBM_grid_1_AutoML_2_20260420_192202_model_1,cov_MULL_lag1,1.5616920680552722
1,0,0.2,GBM_grid_1_AutoML_2_20260420_192202_model_1,cov_LUFL_lag1,0.494485045473557
1,0,0.2,GBM_grid_1_AutoML_2_20260420_192202_model_1,cov_LULL_lag1,0.05870722553459924
1,0,0.2,GBM_grid_1_AutoML_2_20260420_192202_model_1,cov_OT_lag1,0.17709417302161456
1,0,0.2,GBM_grid_1_AutoML_2_20260420_192202_model_1,hour_lag1,0.8756549912691116
1,0,0.2,GBM_grid_1_AutoML_2_20260420_192202_model_1,day_of_week_lag1,0.18102360919117924
1,0,0.2,GBM_grid_1_AutoML_2_20260420_192202_model_1,month_lag1,0.09107891937717792
1,0,0.2,GBM_grid_1_AutoML_2_20260420_192202_model_1,month_sin,0.06846227264963087
1,0,0.2,GBM_grid_1_AutoML_2_20260420_192202_model_1,month_cos,0.03833932547364379
1,0,0.2,XGBoost_2_AutoML_2_20260420_192202,target_lag1,6.554720010757446
1,0,0.2,XGBoost_2_AutoML_2_20260420_192202,target_lag2,1.4326243007183075
1,0,0.2,XGBoost_2_AutoML_2_20260420_192202,target_lag3,1.6398789513111114
1,0,0.2,XGBoost_2_AutoML_2_20260420_192202,target_lag4,1.5373723917081952
1,0,0.2,XGBoost_2_AutoML_2_20260420_192202,target_lag5,0.18467580852331594
1,0,0.2,XGBoost_2_AutoML_2_20260420_192202,target_lag6,0.19070360138313844
1,0,0.2,XGBoost_2_AutoML_2_20260420_192202,cov_HULL_lag1,0.5412810228392482
1,0,0.2,XGBoost_2_AutoML_2_20260420_192202,cov_MUFL_lag1,0.39497858930379154
1,0,0.2,XGBoost_2_AutoML_2_20260420_192202,cov_MULL_lag1,1.1359805927798152
1,0,0.2,XGBoost_2_AutoML_2_20260420_192202,cov_LUFL_lag1,0.5170118769817055
1,0,0.2,XGBoost_2_AutoML_2_20260420_192202,cov_LULL_lag1,0.08050488624256101
1,0,0.2,XGBoost_2_AutoML_2_20260420_192202,cov_OT_lag1,0.41201419692952185
1,0,0.2,XGBoost_2_AutoML_2_20260420_192202,hour_lag1,0.8869698513671755
1,0,0.2,XGBoost_2_AutoML_2_20260420_192202,day_of_week_lag1,0.2633665633946657
1,0,0.2,XGBoost_2_AutoML_2_20260420_192202,month_lag1,0.15515478902962057
1,0,0.2,XGBoost_2_AutoML_2_20260420_192202,month_sin,0.17069959678221494
1,0,0.2,XGBoost_2_AutoML_2_20260420_192202,month_cos,0.15210494978353378
1,0,0.3,GBM_grid_1_AutoML_2_20260420_192202_model_2,target_lag1,9.604282996654511
1,0,0.3,GBM_grid_1_AutoML_2_20260420_192202_model_2,target_lag2,0.722666335105896
1,0,0.3,GBM_grid_1_AutoML_2_20260420_192202_model_2,target_lag3,0.39784089773893355
1,0,0.3,GBM_grid_1_AutoML_2_20260420_192202_model_2,target_lag4,0.576258951574564
1,0,0.3,GBM_grid_1_AutoML_2_20260420_192202_model_2,target_lag5,0.1688756423816085
1,0,0.3,GBM_grid_1_AutoML_2_20260420_192202_model_2,target_lag6,0.15839434958994386
1,0,0.3,GBM_grid_1_AutoML_2_20260420_192202_model_2,cov_HULL_lag1,0.3920181104168296
1,0,0.3,GBM_grid_1_AutoML_2_20260420_192202_model_2,cov_MUFL_lag1,0.23269754304550588
1,0,0.3,GBM_grid_1_AutoML_2_20260420_192202_model_2,cov_MULL_lag1,1.4670796395838261
1,0,0.3,GBM_grid_1_AutoML_2_20260420_192202_model_2,cov_LUFL_lag1,0.05699609311297532
1,0,0.3,GBM_grid_1_AutoML_2_20260420_192202_model_2,cov_LULL_lag1,0.11232090130448338
1,0,0.3,GBM_grid_1_AutoML_2_20260420_192202_model_2,cov_OT_lag1,0.2066908801277168
1,0,0.3,GBM_grid_1_AutoML_2_20260420_192202_model_2,hour_lag1,0.8157676718384027
1,0,0.3,GBM_grid_1_AutoML_2_20260420_192202_model_2,day_of_week_lag1,0.08074923988431688
1,0,0.3,GBM_grid_1_AutoML_2_20260420_192202_model_2,month_lag1,0.052308136144420085
1,0,0.3,GBM_grid_1_AutoML_2_20260420_192202_model_2,month_sin,0.06906497389078137
1,0,0.3,GBM_grid_1_AutoML_2_20260420_192202_model_2,month_cos,0.026313526271842386
1,0,0.3,GBM_5_AutoML_2_20260420_192202,target_lag1,7.016816794872284
1,0,0.3,GBM_5_AutoML_2_20260420_192202,target_lag2,2.369518941640854
1,0,0.3,GBM_5_AutoML_2_20260420_192202,target_lag3,0.48349900744855406
1,0,0.3,GBM_5_AutoML_2_20260420_192202,target_lag4,1.513986713923514
1,0,0.3,GBM_5_AutoML_2_20260420_192202,target_lag5,0.29564040698111055
1,0,0.3,GBM_5_AutoML_2_20260420_192202,target_lag6,0.10634964630473402
1,0,0.3,GBM_5_AutoML_2_20260420_192202,cov_HULL_lag1,0.6856245587766171
1,0,0.3,GBM_5_AutoML_2_20260420_192202,cov_MUFL_lag1,0.2617577382735908
1,0,0.3,GBM_5_AutoML_2_20260420_192202,cov_MULL_lag1,0.7881441492773592
1,0,0.3,GBM_5_AutoML_2_20260420_192202,cov_LUFL_lag1,0.7455644318833947
1,0,0.3,GBM_5_AutoML_2_20260420_192202,cov_LULL_lag1,0.021150650814961373
1,0,0.3,GBM_5_AutoML_2_20260420_192202,cov_OT_lag1,0.3769496093969792
1,0,0.3,GBM_5_AutoML_2_20260420_192202,hour_lag1,0.8559706553444266
1,0,0.3,GBM_5_AutoML_2_20260420_192202,day_of_week_lag1,0.09191426311619576
1,0,0.3,GBM_5_AutoML_2_20260420_192202,month_lag1,0.11408050170051862
1,0,0.3,GBM_5_AutoML_2_20260420_192202,month_sin,0.09947803495451804
1,0,0.3,GBM_5_AutoML_2_20260420_192202,month_cos,0.023893351050792225
1,0,0.3,GLM_1_AutoML_2_20260420_192202,target_lag1,6.441742196234231
1,0,0.3,GLM_1_AutoML_2_20260420_192202,target_lag2,2.449042450981868
1,0,0.3,GLM_1_AutoML_2_20260420_192202,target_lag3,1.2143256420840722
1,0,0.3,GLM_1_AutoML_2_20260420_192202,target_lag4,0.5056503557594164
1,0,0.3,GLM_1_AutoML_2_20260420_192202,target_lag5,0.28345635657263957
1,0,0.3,GLM_1_AutoML_2_20260420_192202,target_lag6,0.5187518315527848
1,0,0.3,GLM_1_AutoML_2_20260420_192202,cov_HULL_lag1,0.013936647003339225
1,0,0.3,GLM_1_AutoML_2_20260420_192202,cov_MUFL_lag1,0.09268696049071638
1,0,0.3,GLM_1_AutoML_2_20260420_192202,cov_MULL_lag1,0.14555276895153485
1,0,0.3,GLM_1_AutoML_2_20260420_192202,cov_LUFL_lag1,0.35980029516599077
1,0,0.3,GLM_1_AutoML_2_20260420_192202,cov_LULL_lag1,0.0016861617088203549
1,0,0.3,GLM_1_AutoML_2_20260420_192202,cov_OT_lag1,0.49497701239982483
1,0,0.3,GLM_1_AutoML_2_20260420_192202,hour_lag1,0.3254517241827488
1,0,0.3,GLM_1_AutoML_2_20260420_192202,day_of_week_lag1,0.07805984868302493
1,0,0.3,GLM_1_AutoML_2_20260420_192202,month_lag1,0.0175059867217035
1,0,0.3,GLM_1_AutoML_2_20260420_192202,month_sin,0.39190265043089506
1,0,0.3,GLM_1_AutoML_2_20260420_192202,month_cos,0.298531065163848
1,0,0.3,GLM_1_AutoML_2_20260420_192202,year,0.0
1,0,0.3,XGBoost_grid_1_AutoML_2_20260420_192202_model_6,target_lag1,4.974602506160736
1,0,0.3,XGBoost_grid_1_AutoML_2_20260420_192202_model_6,target_lag2,2.104582595825195
1,0,0.3,XGBoost_grid_1_AutoML_2_20260420_192202_model_6,target_lag3,0.6510327810049057
1,0,0.3,XGBoost_grid_1_AutoML_2_20260420_192202_model_6,target_lag4,3.3319810105860235
1,0,0.3,XGBoost_grid_1_AutoML_2_20260420_192202_model_6,target_lag5,0.31846277831122277
1,0,0.3,XGBoost_grid_1_AutoML_2_20260420_192202_model_6,target_lag6,0.1439112012647092
1,0,0.3,XGBoost_grid_1_AutoML_2_20260420_192202_model_6,cov_HULL_lag1,1.0719448011368513
1,0,0.3,XGBoost_grid_1_AutoML_2_20260420_192202_model_6,cov_MUFL_lag1,0.706470966041088
1,0,0.3,XGBoost_grid_1_AutoML_2_20260420_192202_model_6,cov_MULL_lag1,0.40423157066106796
1,0,0.3,XGBoost_grid_1_AutoML_2_20260420_192202_model_6,cov_LUFL_lag1,0.9160414155572653
1,0,0.3,XGBoost_grid_1_AutoML_2_20260420_192202_model_6,cov_LULL_lag1,0.055121637880802085
1,0,0.3,XGBoost_grid_1_AutoML_2_20260420_192202_model_6,cov_OT_lag1,0.1935321156680584
1,0,0.3,XGBoost_grid_1_AutoML_2_20260420_192202_model_6,hour_lag1,0.9397480645775795
1,0,0.3,XGBoost_grid_1_AutoML_2_20260420_192202_model_6,day_of_week_lag1,0.05023506681434805
1,0,0.3,XGBoost_grid_1_AutoML_2_20260420_192202_model_6,month_lag1,0.11111556902527803
1,0,0.3,XGBoost_grid_1_AutoML_2_20260420_192202_model_6,month_sin,0.07814170441590246
1,0,0.3,XGBoost_grid_1_AutoML_2_20260420_192202_model_6,month_cos,0.04325930271297687
1,0,0.3,XGBoost_grid_1_AutoML_2_20260420_192202_model_5,target_lag1,5.806880883574486
1,0,0.3,XGBoost_grid_1_AutoML_2_20260420_192202_model_5,target_lag2,2.7572198843955995
1,0,0.3,XGBoost_grid_1_AutoML_2_20260420_192202_model_5,target_lag3,0.3002727124094963
1,0,0.3,XGBoost_grid_1_AutoML_2_20260420_192202_model_5,target_lag4,0.7062081114202737
1,0,0.3,XGBoost_grid_1_AutoML_2_20260420_192202_model_5,target_lag5,0.5437319783866406
1,0,0.3,XGBoost_grid_1_AutoML_2_20260420_192202_model_5,target_lag6,0.13113478561070221
1,0,0.3,XGBoost_grid_1_AutoML_2_20260420_192202_model_5,cov_HULL_lag1,0.29992026958614587
1,0,0.3,XGBoost_grid_1_AutoML_2_20260420_192202_model_5,cov_MUFL_lag1,0.18074612658150724
1,0,0.3,XGBoost_grid_1_AutoML_2_20260420_192202_model_5,cov_MULL_lag1,2.7078438090533017
1,0,0.3,XGBoost_grid_1_AutoML_2_20260420_192202_model_5,cov_LUFL_lag1,2.3542028755694626
1,0,0.3,XGBoost_grid_1_AutoML_2_20260420_192202_model_5,cov_LULL_lag1,0.04611361778341228
1,0,0.3,XGBoost_grid_1_AutoML_2_20260420_192202_model_5,cov_OT_lag1,0.28664007168263195
1,0,0.3,XGBoost_grid_1_AutoML_2_20260420_192202_model_5,hour_lag1,1.0012351861596107
1,0,0.3,XGBoost_grid_1_AutoML_2_20260420_192202_model_5,day_of_week_lag1,0.2810227667167783
1,0,0.3,XGBoost_grid_1_AutoML_2_20260420_192202_model_5,month_lag1,0.0358102534944191
1,0,0.3,XGBoost_grid_1_AutoML_2_20260420_192202_model_5,month_sin,0.17591703932732344
1,0,0.3,XGBoost_grid_1_AutoML_2_20260420_192202_model_5,month_cos,0.04765465985983606
1,0,0.3,XGBoost_grid_1_AutoML_2_20260420_192202_model_3,target_lag1,5.044629348516464
1,0,0.3,XGBoost_grid_1_AutoML_2_20260420_192202_model_3,target_lag2,3.0490764474868772
1,0,0.3,XGBoost_grid_1_AutoML_2_20260420_192202_model_3,target_lag3,1.8164043865725399
1,0,0.3,XGBoost_grid_1_AutoML_2_20260420_192202_model_3,target_lag4,0.7592156970500946
1,0,0.3,XGBoost_grid_1_AutoML_2_20260420_192202_model_3,target_lag5,0.44518361873924733
1,0,0.3,XGBoost_grid_1_AutoML_2_20260420_192202_model_3,target_lag6,0.18308987475931646
1,0,0.3,XGBoost_grid_1_AutoML_2_20260420_192202_model_3,cov_HULL_lag1,0.5128155192174018
1,0,0.3,XGBoost_grid_1_AutoML_2_20260420_192202_model_3,cov_MUFL_lag1,0.3766672148555517
1,0,0.3,XGBoost_grid_1_AutoML_2_20260420_192202_model_3,cov_MULL_lag1,0.27182762497104707
1,0,0.3,XGBoost_grid_1_AutoML_2_20260420_192202_model_3,cov_LUFL_lag1,0.4607083211839199
1,0,0.3,XGBoost_grid_1_AutoML_2_20260420_192202_model_3,cov_LULL_lag1,0.061919514201581434
1,0,0.3,XGBoost_grid_1_AutoML_2_20260420_192202_model_3,cov_OT_lag1,0.3491394346579909
1,0,0.3,XGBoost_grid_1_AutoML_2_20260420_192202_model_3,hour_lag1,1.1040520767867565
1,0,0.3,XGBoost_grid_1_AutoML_2_20260420_192202_model_3,day_of_week_lag1,0.10108367654494937
1,0,0.3,XGBoost_grid_1_AutoML_2_20260420_192202_model_3,month_lag1,0.09485315330035515
1,0,0.3,XGBoost_grid_1_AutoML_2_20260420_192202_model_3,month_sin,0.24308376852422953
1,0,0.3,XGBoost_grid_1_AutoML_2_20260420_192202_model_3,month_cos,0.0800905034318566
1,0,0.3,GBM_grid_1_AutoML_2_20260420_192202_model_3,target_lag1,3.2533140702545644
1,0,0.3,GBM_grid_1_AutoML_2_20260420_192202_model_3,target_lag2,2.9289813005924223
1,0,0.3,GBM_grid_1_AutoML_2_20260420_192202_model_3,target_lag3,2.9212537467479707
1,0,0.3,GBM_grid_1_AutoML_2_20260420_192202_model_3,target_lag4,1.0191268420685082
1,0,0.3,GBM_grid_1_AutoML_2_20260420_192202_model_3,target_lag5,0.1982643597200513
1,0,0.3,GBM_grid_1_AutoML_2_20260420_192202_model_3,target_lag6,0.22470045063644647
1,0,0.3,GBM_grid_1_AutoML_2_20260420_192202_model_3,cov_HULL_lag1,1.0375128562375904
1,0,0.3,GBM_grid_1_AutoML_2_20260420_192202_model_3,cov_MUFL_lag1,0.48829502743901687
1,0,0.3,GBM_grid_1_AutoML_2_20260420_192202_model_3,cov_MULL_lag1,2.106310071647167
1,0,0.3,GBM_grid_1_AutoML_2_20260420_192202_model_3,cov_LUFL_lag1,0.3661783117242157
1,0,0.3,GBM_grid_1_AutoML_2_20260420_192202_model_3,cov_LULL_lag1,0.07553519998677072
1,0,0.3,GBM_grid_1_AutoML_2_20260420_192202_model_3,cov_OT_lag1,0.26321286506950853
1,0,0.3,GBM_grid_1_AutoML_2_20260420_192202_model_3,hour_lag1,0.8188512302935124
1,0,0.3,GBM_grid_1_AutoML_2_20260420_192202_model_3,day_of_week_lag1,0.09020100995898243
1,0,0.3,GBM_grid_1_AutoML_2_20260420_192202_model_3,month_lag1,0.07387106046662663
1,0,0.3,GBM_grid_1_AutoML_2_20260420_192202_model_3,month_sin,0.13519902668893333
1,0,0.3,GBM_grid_1_AutoML_2_20260420_192202_model_3,month_cos,0.0315128124505281
1,0,0.3,XRT_1_AutoML_2_20260420_192202,target_lag1,3.395195724964142
1,0,0.3,XRT_1_AutoML_2_20260420_192202,target_lag2,1.4446685591340065
1,0,0.3,XRT_1_AutoML_2_20260420_192202,target_lag3,0.7291287611052394
1,0,0.3,XRT_1_AutoML_2_20260420_192202,target_lag4,0.8221678046882153
1,0,0.3,XRT_1_AutoML_2_20260420_192202,target_lag5,8.770866081323474
1,0,0.3,XRT_1_AutoML_2_20260420_192202,target_lag6,0.23903611584566534
1,0,0.3,XRT_1_AutoML_2_20260420_192202,cov_HULL_lag1,0.4475297361658886
1,0,0.3,XRT_1_AutoML_2_20260420_192202,cov_MUFL_lag1,0.4632596923573874
1,0,0.3,XRT_1_AutoML_2_20260420_192202,cov_MULL_lag1,0.7776627002842724
1,0,0.3,XRT_1_AutoML_2_20260420_192202,cov_LUFL_lag1,0.5360839257203043
1,0,0.3,XRT_1_AutoML_2_20260420_192202,cov_LULL_lag1,0.06802275309804823
1,0,0.3,XRT_1_AutoML_2_20260420_192202,cov_OT_lag1,0.34781575640663503
1,0,0.3,XRT_1_AutoML_2_20260420_192202,hour_lag1,0.5699979334324599
1,0,0.3,XRT_1_AutoML_2_20260420_192202,day_of_week_lag1,2043.1650150968135
1,0,0.3,XRT_1_AutoML_2_20260420_192202,month_lag1,1.4734599101543426
1,0,0.3,XRT_1_AutoML_2_20260420_192202,month_sin,0.17176862550899386
1,0,0.3,XRT_1_AutoML_2_20260420_192202,month_cos,0.2241528748907149
1,0,0.3,XGBoost_grid_1_AutoML_2_20260420_192202_model_2,target_lag1,8.304242858290673
1,0,0.3,XGBoost_grid_1_AutoML_2_20260420_192202_model_2,target_lag2,1.3739157313108443
1,0,0.3,XGBoost_grid_1_AutoML_2_20260420_192202_model_2,target_lag3,1.3061977863311767
1,0,0.3,XGBoost_grid_1_AutoML_2_20260420_192202_model_2,target_lag4,1.3052988562360406
1,0,0.3,XGBoost_grid_1_AutoML_2_20260420_192202_model_2,target_lag5,0.33784967951476574
1,0,0.3,XGBoost_grid_1_AutoML_2_20260420_192202_model_2,target_lag6,0.1952291127666831
1,0,0.3,XGBoost_grid_1_AutoML_2_20260420_192202_model_2,cov_HULL_lag1,0.4810202692076564
1,0,0.3,XGBoost_grid_1_AutoML_2_20260420_192202_model_2,cov_MUFL_lag1,0.4351049270294607
1,0,0.3,XGBoost_grid_1_AutoML_2_20260420_192202_model_2,cov_MULL_lag1,0.7258450894244015
1,0,0.3,XGBoost_grid_1_AutoML_2_20260420_192202_model_2,cov_LUFL_lag1,0.871560339955613
1,0,0.3,XGBoost_grid_1_AutoML_2_20260420_192202_model_2,cov_LULL_lag1,0.039346096513327176
1,0,0.3,XGBoost_grid_1_AutoML_2_20260420_192202_model_2,cov_OT_lag1,0.2717074925021734
1,0,0.3,XGBoost_grid_1_AutoML_2_20260420_192202_model_2,hour_lag1,1.0267463410645723
1,0,0.3,XGBoost_grid_1_AutoML_2_20260420_192202_model_2,day_of_week_lag1,0.19592936978675424
1,0,0.3,XGBoost_grid_1_AutoML_2_20260420_192202_model_2,month_lag1,0.0913894266961142
1,0,0.3,XGBoost_grid_1_AutoML_2_20260420_192202_model_2,month_sin,0.09246648925356564
1,0,0.3,XGBoost_grid_1_AutoML_2_20260420_192202_model_2,month_cos,0.01931854607188139
1,0,0.3,GBM_3_AutoML_2_20260420_192202,target_lag1,6.840768392086029
1,0,0.3,GBM_3_AutoML_2_20260420_192202,target_lag2,2.350563997030258
1,0,0.3,GBM_3_AutoML_2_20260420_192202,target_lag3,0.8350117000192404
1,0,0.3,GBM_3_AutoML_2_20260420_192202,target_lag4,1.5409995126817375
1,0,0.3,GBM_3_AutoML_2_20260420_192202,target_lag5,0.487742580473423
1,0,0.3,GBM_3_AutoML_2_20260420_192202,target_lag6,0.19180013391189277
1,0,0.3,GBM_3_AutoML_2_20260420_192202,cov_HULL_lag1,0.698757427353412
1,0,0.3,GBM_3_AutoML_2_20260420_192202,cov_MUFL_lag1,0.2975951028289273
1,0,0.3,GBM_3_AutoML_2_20260420_192202,cov_MULL_lag1,0.4141927493805997
1,0,0.3,GBM_3_AutoML_2_20260420_192202,cov_LUFL_lag1,0.3107925949245691
1,0,0.3,GBM_3_AutoML_2_20260420_192202,cov_LULL_lag1,0.060912852189503555
1,0,0.3,GBM_3_AutoML_2_20260420_192202,cov_OT_lag1,0.2645227271132171
1,0,0.3,GBM_3_AutoML_2_20260420_192202,hour_lag1,0.8371548164496199
1,0,0.3,GBM_3_AutoML_2_20260420_192202,day_of_week_lag1,0.15146890606265512
1,0,0.3,GBM_3_AutoML_2_20260420_192202,month_lag1,0.10636602617334572
1,0,0.3,GBM_3_AutoML_2_20260420_192202,month_sin,0.08563867854420092
1,0,0.3,GBM_3_AutoML_2_20260420_192202,month_cos,0.09079890696331855
1,0,0.3,DRF_1_AutoML_2_20260420_192202,target_lag1,2.100188902616501
1,0,0.3,DRF_1_AutoML_2_20260420_192202,target_lag2,1.73907839871943
1,0,0.3,DRF_1_AutoML_2_20260420_192202,target_lag3,1.2138946591317654
1,0,0.3,DRF_1_AutoML_2_20260420_192202,target_lag4,0.6328476843237877
1,0,0.3,DRF_1_AutoML_2_20260420_192202,target_lag5,0.47948562394827604
1,0,0.3,DRF_1_AutoML_2_20260420_192202,target_lag6,0.3561695520579815
1,0,0.3,DRF_1_AutoML_2_20260420_192202,cov_HULL_lag1,0.5965425018407404
1,0,0.3,DRF_1_AutoML_2_20260420_192202,cov_MUFL_lag1,0.481470255041495
1,0,0.3,DRF_1_AutoML_2_20260420_192202,cov_MULL_lag1,0.7898801841959358
1,0,0.3,DRF_1_AutoML_2_20260420_192202,cov_LUFL_lag1,0.2541962764784694
1,0,0.3,DRF_1_AutoML_2_20260420_192202,cov_LULL_lag1,0.09712324062187687
1,0,0.3,DRF_1_AutoML_2_20260420_192202,cov_OT_lag1,0.16881414475385095
1,0,0.3,DRF_1_AutoML_2_20260420_192202,hour_lag1,0.4526494627397915
1,0,0.3,DRF_1_AutoML_2_20260420_192202,day_of_week_lag1,0.08637979330029336
1,0,0.3,DRF_1_AutoML_2_20260420_192202,month_lag1,0.06988444253802296
1,0,0.3,DRF_1_AutoML_2_20260420_192202,month_sin,0.08202201287844214
1,0,0.3,DRF_1_AutoML_2_20260420_192202,month_cos,0.05291888101492073
1,0,0.3,XGBoost_grid_1_AutoML_2_20260420_192202_model_1,target_lag1,9.75778431892395
1,0,0.3,XGBoost_grid_1_AutoML_2_20260420_192202_model_1,target_lag2,0.3449423927697353
1,0,0.3,XGBoost_grid_1_AutoML_2_20260420_192202_model_1,target_lag3,0.6153662803955376
1,0,0.3,XGBoost_grid_1_AutoML_2_20260420_192202_model_1,target_lag4,0.71525410592556
1,0,0.3,XGBoost_grid_1_AutoML_2_20260420_192202_model_1,target_lag5,0.24947864552028476
1,0,0.3,XGBoost_grid_1_AutoML_2_20260420_192202_model_1,target_lag6,0.18559581583365797
1,0,0.3,XGBoost_grid_1_AutoML_2_20260420_192202_model_1,cov_HULL_lag1,0.3125185562297702
1,0,0.3,XGBoost_grid_1_AutoML_2_20260420_192202_model_1,cov_MUFL_lag1,0.4030845339037478
1,0,0.3,XGBoost_grid_1_AutoML_2_20260420_192202_model_1,cov_MULL_lag1,0.48301942490041255
1,0,0.3,XGBoost_grid_1_AutoML_2_20260420_192202_model_1,cov_LUFL_lag1,0.9426791341602803
1,0,0.3,XGBoost_grid_1_AutoML_2_20260420_192202_model_1,cov_LULL_lag1,0.06359199017031639
1,0,0.3,XGBoost_grid_1_AutoML_2_20260420_192202_model_1,cov_OT_lag1,0.37164260130375626
1,0,0.3,XGBoost_grid_1_AutoML_2_20260420_192202_model_1,hour_lag1,0.7820661249756813
1,0,0.3,XGBoost_grid_1_AutoML_2_20260420_192202_model_1,day_of_week_lag1,0.12596696218475695
1,0,0.3,XGBoost_grid_1_AutoML_2_20260420_192202_model_1,month_lag1,0.11601095182821151
1,0,0.3,XGBoost_grid_1_AutoML_2_20260420_192202_model_1,month_sin,0.17475659491494297
1,0,0.3,XGBoost_grid_1_AutoML_2_20260420_192202_model_1,month_cos,0.05169310666853558
1,0,0.3,GBM_1_AutoML_2_20260420_192202,target_lag1,6.289833252429962
1,0,0.3,GBM_1_AutoML_2_20260420_192202,target_lag2,2.5670529985427857
1,0,0.3,GBM_1_AutoML_2_20260420_192202,target_lag3,1.67152984470129
1,0,0.3,GBM_1_AutoML_2_20260420_192202,target_lag4,0.575151994805783
1,0,0.3,GBM_1_AutoML_2_20260420_192202,target_lag5,0.33628631606698034
1,0,0.3,GBM_1_AutoML_2_20260420_192202,target_lag6,0.0946074326150119
1,0,0.3,GBM_1_AutoML_2_20260420_192202,cov_HULL_lag1,0.6078253482468426
1,0,0.3,GBM_1_AutoML_2_20260420_192202,cov_MUFL_lag1,0.4608430188894272
1,0,0.3,GBM_1_AutoML_2_20260420_192202,cov_MULL_lag1,0.9194922913983464
1,0,0.3,GBM_1_AutoML_2_20260420_192202,cov_LUFL_lag1,0.2383080746233463
1,0,0.3,GBM_1_AutoML_2_20260420_192202,cov_LULL_lag1,0.07576733365654942
1,0,0.3,GBM_1_AutoML_2_20260420_192202,cov_OT_lag1,0.18153370145708322
1,0,0.3,GBM_1_AutoML_2_20260420_192202,hour_lag1,0.7821200281381607
1,0,0.3,GBM_1_AutoML_2_20260420_192202,day_of_week_lag1,0.06634366299957033
1,0,0.3,GBM_1_AutoML_2_20260420_192202,month_lag1,0.053575034737586937
1,0,0.3,GBM_1_AutoML_2_20260420_192202,month_sin,0.08783064358867701
1,0,0.3,GBM_1_AutoML_2_20260420_192202,month_cos,0.029959574522217692
1,0,0.3,GBM_4_AutoML_2_20260420_192202,target_lag1,5.491198561191559
1,0,0.3,GBM_4_AutoML_2_20260420_192202,target_lag2,2.3007913541793825
1,0,0.3,GBM_4_AutoML_2_20260420_192202,target_lag3,2.7259718514978886
1,0,0.3,GBM_4_AutoML_2_20260420_192202,target_lag4,0.6437791541591287
1,0,0.3,GBM_4_AutoML_2_20260420_192202,target_lag5,0.35914463482797143
1,0,0.3,GBM_4_AutoML_2_20260420_192202,target_lag6,0.08417365209897977
1,0,0.3,GBM_4_AutoML_2_20260420_192202,cov_HULL_lag1,0.6742111281119287
1,0,0.3,GBM_4_AutoML_2_20260420_192202,cov_MUFL_lag1,0.29412555161863563
1,0,0.3,GBM_4_AutoML_2_20260420_192202,cov_MULL_lag1,0.7138692432269454
1,0,0.3,GBM_4_AutoML_2_20260420_192202,cov_LUFL_lag1,0.7349429434537887
1,0,0.3,GBM_4_AutoML_2_20260420_192202,cov_LULL_lag1,0.06252726248465473
1,0,0.3,GBM_4_AutoML_2_20260420_192202,cov_OT_lag1,0.2741896166652441
1,0,0.3,GBM_4_AutoML_2_20260420_192202,hour_lag1,0.7369675435870886
1,0,0.3,GBM_4_AutoML_2_20260420_192202,day_of_week_lag1,0.22602569505805145
1,0,0.3,GBM_4_AutoML_2_20260420_192202,month_lag1,0.08293624984798949
1,0,0.3,GBM_4_AutoML_2_20260420_192202,month_sin,0.10139557497575875
1,0,0.3,GBM_4_AutoML_2_20260420_192202,month_cos,0.05684206104371691
1,0,0.3,XGBoost_grid_1_AutoML_2_20260420_192202_model_4,target_lag1,9.16507515400648
1,0,0.3,XGBoost_grid_1_AutoML_2_20260420_192202_model_4,target_lag2,0.70330926284194
1,0,0.3,XGBoost_grid_1_AutoML_2_20260420_192202_model_4,target_lag3,0.3290234877169132
1,0,0.3,XGBoost_grid_1_AutoML_2_20260420_192202_model_4,target_lag4,1.5386059444397688
1,0,0.3,XGBoost_grid_1_AutoML_2_20260420_192202_model_4,target_lag5,0.29358676647767423
1,0,0.3,XGBoost_grid_1_AutoML_2_20260420_192202_model_4,target_lag6,0.15125106463405244
1,0,0.3,XGBoost_grid_1_AutoML_2_20260420_192202_model_4,cov_HULL_lag1,0.3521395270898938
1,0,0.3,XGBoost_grid_1_AutoML_2_20260420_192202_model_4,cov_MUFL_lag1,1.2787377848103643
1,0,0.3,XGBoost_grid_1_AutoML_2_20260420_192202_model_4,cov_MULL_lag1,0.5253220649808645
1,0,0.3,XGBoost_grid_1_AutoML_2_20260420_192202_model_4,cov_LUFL_lag1,0.7037051309645176
1,0,0.3,XGBoost_grid_1_AutoML_2_20260420_192202_model_4,cov_LULL_lag1,0.03510948331793766
1,0,0.3,XGBoost_grid_1_AutoML_2_20260420_192202_model_4,cov_OT_lag1,0.404061904810369
1,0,0.3,XGBoost_grid_1_AutoML_2_20260420_192202_model_4,hour_lag1,0.7716136227315292
1,0,0.3,XGBoost_grid_1_AutoML_2_20260420_192202_model_4,day_of_week_lag1,0.15315105138812213
1,0,0.3,XGBoost_grid_1_AutoML_2_20260420_192202_model_4,month_lag1,0.3642057304829359
1,0,0.3,XGBoost_grid_1_AutoML_2_20260420_192202_model_4,month_sin,0.1691670405678451
1,0,0.3,XGBoost_grid_1_AutoML_2_20260420_192202_model_4,month_cos,0.04645589351654048
1,0,0.3,XGBoost_1_AutoML_2_20260420_192202,target_lag1,5.858293818607926
1,0,0.3,XGBoost_1_AutoML_2_20260420_192202,target_lag2,3.6653715229034423
1,0,0.3,XGBoost_1_AutoML_2_20260420_192202,target_lag3,0.5176625426672399
1,0,0.3,XGBoost_1_AutoML_2_20260420_192202,target_lag4,1.141731051057577
1,0,0.3,XGBoost_1_AutoML_2_20260420_192202,target_lag5,0.5585569692449645
1,0,0.3,XGBoost_1_AutoML_2_20260420_192202,target_lag6,0.5498279350996017
1,0,0.3,XGBoost_1_AutoML_2_20260420_192202,cov_HULL_lag1,0.4404576276615262
1,0,0.3,XGBoost_1_AutoML_2_20260420_192202,cov_MUFL_lag1,0.4084532007947564
1,0,0.3,XGBoost_1_AutoML_2_20260420_192202,cov_MULL_lag1,1.0107847481779755
1,0,0.3,XGBoost_1_AutoML_2_20260420_192202,cov_LUFL_lag1,1.0954195594787597
1,0,0.3,XGBoost_1_AutoML_2_20260420_192202,cov_LULL_lag1,0.25993448600172997
1,0,0.3,XGBoost_1_AutoML_2_20260420_192202,cov_OT_lag1,0.4182515226304531
1,0,0.3,XGBoost_1_AutoML_2_20260420_192202,hour_lag1,0.6679277470707894
1,0,0.3,XGBoost_1_AutoML_2_20260420_192202,day_of_week_lag1,0.18061173960799348
1,0,0.3,XGBoost_1_AutoML_2_20260420_192202,month_lag1,0.09885227131657298
1,0,0.3,XGBoost_1_AutoML_2_20260420_192202,month_sin,0.14227826273068783
1,0,0.3,XGBoost_1_AutoML_2_20260420_192202,month_cos,0.07479779146844517
1,0,0.3,GBM_2_AutoML_2_20260420_192202,target_lag1,5.4571926045417785
1,0,0.3,GBM_2_AutoML_2_20260420_192202,target_lag2,3.867600085735321
1,0,0.3,GBM_2_AutoML_2_20260420_192202,target_lag3,1.5530064488388597
1,0,0.3,GBM_2_AutoML_2_20260420_192202,target_lag4,0.6123453202471137
1,0,0.3,GBM_2_AutoML_2_20260420_192202,target_lag5,0.4271775044500828
1,0,0.3,GBM_2_AutoML_2_20260420_192202,target_lag6,0.10081449961231552
1,0,0.3,GBM_2_AutoML_2_20260420_192202,cov_HULL_lag1,0.8687124770134688
1,0,0.3,GBM_2_AutoML_2_20260420_192202,cov_MUFL_lag1,0.2277501199580729
1,0,0.3,GBM_2_AutoML_2_20260420_192202,cov_MULL_lag1,0.8023986097052693
1,0,0.3,GBM_2_AutoML_2_20260420_192202,cov_LUFL_lag1,0.4984218417387456
1,0,0.3,GBM_2_AutoML_2_20260420_192202,cov_LULL_lag1,0.09030039865057912
1,0,0.3,GBM_2_AutoML_2_20260420_192202,cov_OT_lag1,0.2649212457984686
1,0,0.3,GBM_2_AutoML_2_20260420_192202,hour_lag1,0.8798331217840314
1,0,0.3,GBM_2_AutoML_2_20260420_192202,day_of_week_lag1,0.13366955604171377
1,0,0.3,GBM_2_AutoML_2_20260420_192202,month_lag1,0.08785593572771172
1,0,0.3,GBM_2_AutoML_2_20260420_192202,month_sin,0.14310801955405622
1,0,0.3,GBM_2_AutoML_2_20260420_192202,month_cos,0.03488826052751388
1,0,0.3,XGBoost_3_AutoML_2_20260420_192202,target_lag1,6.780415790081024
1,0,0.3,XGBoost_3_AutoML_2_20260420_192202,target_lag2,0.8898882167413831
1,0,0.3,XGBoost_3_AutoML_2_20260420_192202,target_lag3,2.814049392938614
1,0,0.3,XGBoost_3_AutoML_2_20260420_192202,target_lag4,1.0445579671114684
1,0,0.3,XGBoost_3_AutoML_2_20260420_192202,target_lag5,0.4917908125859685
1,0,0.3,XGBoost_3_AutoML_2_20260420_192202,target_lag6,0.17389285555109382
1,0,0.3,XGBoost_3_AutoML_2_20260420_192202,cov_HULL_lag1,0.5155828905943781
1,0,0.3,XGBoost_3_AutoML_2_20260420_192202,cov_MUFL_lag1,0.43504563211463393
1,0,0.3,XGBoost_3_AutoML_2_20260420_192202,cov_MULL_lag1,1.0951584466919302
1,0,0.3,XGBoost_3_AutoML_2_20260420_192202,cov_LUFL_lag1,0.33637009049300104
1,0,0.3,XGBoost_3_AutoML_2_20260420_192202,cov_LULL_lag1,0.050999858435243316
1,0,0.3,XGBoost_3_AutoML_2_20260420_192202,cov_OT_lag1,0.38049878240562973
1,0,0.3,XGBoost_3_AutoML_2_20260420_192202,hour_lag1,1.0429943959787489
1,0,0.3,XGBoost_3_AutoML_2_20260420_192202,day_of_week_lag1,0.14088420834275892
1,0,0.3,XGBoost_3_AutoML_2_20260420_192202,month_lag1,0.09722903177142139
1,0,0.3,XGBoost_3_AutoML_2_20260420_192202,month_sin,0.12192760200239715
1,0,0.3,XGBoost_3_AutoML_2_20260420_192202,month_cos,0.06281836453359571
1,0,0.3,GBM_grid_1_AutoML_2_20260420_192202_model_1,target_lag1,2.7965982416272164
1,0,0.3,GBM_grid_1_AutoML_2_20260420_192202_model_1,target_lag2,3.648194292783737
1,0,0.3,GBM_grid_1_AutoML_2_20260420_192202_model_1,target_lag3,1.5141619697213173
1,0,0.3,GBM_grid_1_AutoML_2_20260420_192202_model_1,target_lag4,1.2746409806981682
1,0,0.3,GBM_grid_1_AutoML_2_20260420_192202_model_1,target_lag5,1.0809524285420775
1,0,0.3,GBM_grid_1_AutoML_2_20260420_192202_model_1,target_lag6,0.5015529666468501
1,0,0.3,GBM_grid_1_AutoML_2_20260420_192202_model_1,cov_HULL_lag1,0.9866815960407257
1,0,0.3,GBM_grid_1_AutoML_2_20260420_192202_model_1,cov_MUFL_lag1,0.5087310380861163
1,0,0.3,GBM_grid_1_AutoML_2_20260420_192202_model_1,cov_MULL_lag1,1.5616920680552722
1,0,0.3,GBM_grid_1_AutoML_2_20260420_192202_model_1,cov_LUFL_lag1,0.494485045473557
1,0,0.3,GBM_grid_1_AutoML_2_20260420_192202_model_1,cov_LULL_lag1,0.05870722553459924
1,0,0.3,GBM_grid_1_AutoML_2_20260420_192202_model_1,cov_OT_lag1,0.17709417302161456
1,0,0.3,GBM_grid_1_AutoML_2_20260420_192202_model_1,hour_lag1,0.8756549912691116
1,0,0.3,GBM_grid_1_AutoML_2_20260420_192202_model_1,day_of_week_lag1,0.18102360919117924
1,0,0.3,GBM_grid_1_AutoML_2_20260420_192202_model_1,month_lag1,0.09107891937717792
1,0,0.3,GBM_grid_1_AutoML_2_20260420_192202_model_1,month_sin,0.06846227264963087
1,0,0.3,GBM_grid_1_AutoML_2_20260420_192202_model_1,month_cos,0.03833932547364379
1,0,0.3,XGBoost_2_AutoML_2_20260420_192202,target_lag1,6.554720010757446
1,0,0.3,XGBoost_2_AutoML_2_20260420_192202,target_lag2,1.4326243007183075
1,0,0.3,XGBoost_2_AutoML_2_20260420_192202,target_lag3,1.6398789513111114
1,0,0.3,XGBoost_2_AutoML_2_20260420_192202,target_lag4,1.5373723917081952
1,0,0.3,XGBoost_2_AutoML_2_20260420_192202,target_lag5,0.18467580852331594
1,0,0.3,XGBoost_2_AutoML_2_20260420_192202,target_lag6,0.19070360138313844
1,0,0.3,XGBoost_2_AutoML_2_20260420_192202,cov_HULL_lag1,0.5412810228392482
1,0,0.3,XGBoost_2_AutoML_2_20260420_192202,cov_MUFL_lag1,0.39497858930379154
1,0,0.3,XGBoost_2_AutoML_2_20260420_192202,cov_MULL_lag1,1.1359805927798152
1,0,0.3,XGBoost_2_AutoML_2_20260420_192202,cov_LUFL_lag1,0.5170118769817055
1,0,0.3,XGBoost_2_AutoML_2_20260420_192202,cov_LULL_lag1,0.08050488624256101
1,0,0.3,XGBoost_2_AutoML_2_20260420_192202,cov_OT_lag1,0.41201419692952185
1,0,0.3,XGBoost_2_AutoML_2_20260420_192202,hour_lag1,0.8869698513671755
1,0,0.3,XGBoost_2_AutoML_2_20260420_192202,day_of_week_lag1,0.2633665633946657
1,0,0.3,XGBoost_2_AutoML_2_20260420_192202,month_lag1,0.15515478902962057
1,0,0.3,XGBoost_2_AutoML_2_20260420_192202,month_sin,0.17069959678221494
1,0,0.3,XGBoost_2_AutoML_2_20260420_192202,month_cos,0.15210494978353378
2,0,0.02,XGBoost_grid_1_AutoML_3_20260420_192632_model_2,target_lag1,8.198015484809876
2,0,0.02,XGBoost_grid_1_AutoML_3_20260420_192632_model_2,target_lag2,2.5164792403578757
2,0,0.02,XGBoost_grid_1_AutoML_3_20260420_192632_model_2,target_lag3,0.9263827128708363
2,0,0.02,XGBoost_grid_1_AutoML_3_20260420_192632_model_2,target_lag4,0.4506384511291981
2,0,0.02,XGBoost_grid_1_AutoML_3_20260420_192632_model_2,target_lag5,0.3673025536770001
2,0,0.02,XGBoost_grid_1_AutoML_3_20260420_192632_model_2,target_lag6,0.1288009712938219
2,0,0.02,XGBoost_grid_1_AutoML_3_20260420_192632_model_2,cov_HULL_lag1,0.2843087699450553
2,0,0.02,XGBoost_grid_1_AutoML_3_20260420_192632_model_2,cov_MUFL_lag1,0.2690192824881524
2,0,0.02,XGBoost_grid_1_AutoML_3_20260420_192632_model_2,cov_MULL_lag1,0.38993125410750507
2,0,0.02,XGBoost_grid_1_AutoML_3_20260420_192632_model_2,cov_LUFL_lag1,0.2602877309639007
2,0,0.02,XGBoost_grid_1_AutoML_3_20260420_192632_model_2,cov_LULL_lag1,0.2472199884429574
2,0,0.02,XGBoost_grid_1_AutoML_3_20260420_192632_model_2,cov_OT_lag1,0.4863977455720305
2,0,0.02,XGBoost_grid_1_AutoML_3_20260420_192632_model_2,hour_lag1,1.1248760509490967
2,0,0.02,XGBoost_grid_1_AutoML_3_20260420_192632_model_2,day_of_week_lag1,0.09994329522363837
2,0,0.02,XGBoost_grid_1_AutoML_3_20260420_192632_model_2,month_lag1,0.13121019416023041
2,0,0.02,XGBoost_grid_1_AutoML_3_20260420_192632_model_2,month_sin,0.11290154582122337
2,0,0.02,XGBoost_grid_1_AutoML_3_20260420_192632_model_2,month_cos,0.03132789061870422
2,0,0.02,XGBoost_grid_1_AutoML_3_20260420_192632_model_2,year,0.27118216702714565
2,0,0.05,XGBoost_grid_1_AutoML_3_20260420_192632_model_2,target_lag1,8.198015484809876
2,0,0.05,XGBoost_grid_1_AutoML_3_20260420_192632_model_2,target_lag2,2.5164792403578757
2,0,0.05,XGBoost_grid_1_AutoML_3_20260420_192632_model_2,target_lag3,0.9263827128708363
2,0,0.05,XGBoost_grid_1_AutoML_3_20260420_192632_model_2,target_lag4,0.4506384511291981
2,0,0.05,XGBoost_grid_1_AutoML_3_20260420_192632_model_2,target_lag5,0.3673025536770001
2,0,0.05,XGBoost_grid_1_AutoML_3_20260420_192632_model_2,target_lag6,0.1288009712938219
2,0,0.05,XGBoost_grid_1_AutoML_3_20260420_192632_model_2,cov_HULL_lag1,0.2843087699450553
2,0,0.05,XGBoost_grid_1_AutoML_3_20260420_192632_model_2,cov_MUFL_lag1,0.2690192824881524
2,0,0.05,XGBoost_grid_1_AutoML_3_20260420_192632_model_2,cov_MULL_lag1,0.38993125410750507
2,0,0.05,XGBoost_grid_1_AutoML_3_20260420_192632_model_2,cov_LUFL_lag1,0.2602877309639007
2,0,0.05,XGBoost_grid_1_AutoML_3_20260420_192632_model_2,cov_LULL_lag1,0.2472199884429574
2,0,0.05,XGBoost_grid_1_AutoML_3_20260420_192632_model_2,cov_OT_lag1,0.4863977455720305
2,0,0.05,XGBoost_grid_1_AutoML_3_20260420_192632_model_2,hour_lag1,1.1248760509490967
2,0,0.05,XGBoost_grid_1_AutoML_3_20260420_192632_model_2,day_of_week_lag1,0.09994329522363837
2,0,0.05,XGBoost_grid_1_AutoML_3_20260420_192632_model_2,month_lag1,0.13121019416023041
2,0,0.05,XGBoost_grid_1_AutoML_3_20260420_192632_model_2,month_sin,0.11290154582122337
2,0,0.05,XGBoost_grid_1_AutoML_3_20260420_192632_model_2,month_cos,0.03132789061870422
2,0,0.05,XGBoost_grid_1_AutoML_3_20260420_192632_model_2,year,0.27118216702714565
2,0,0.1,XGBoost_grid_1_AutoML_3_20260420_192632_model_2,target_lag1,8.198015484809876
2,0,0.1,XGBoost_grid_1_AutoML_3_20260420_192632_model_2,target_lag2,2.5164792403578757
2,0,0.1,XGBoost_grid_1_AutoML_3_20260420_192632_model_2,target_lag3,0.9263827128708363
2,0,0.1,XGBoost_grid_1_AutoML_3_20260420_192632_model_2,target_lag4,0.4506384511291981
2,0,0.1,XGBoost_grid_1_AutoML_3_20260420_192632_model_2,target_lag5,0.3673025536770001
2,0,0.1,XGBoost_grid_1_AutoML_3_20260420_192632_model_2,target_lag6,0.1288009712938219
2,0,0.1,XGBoost_grid_1_AutoML_3_20260420_192632_model_2,cov_HULL_lag1,0.2843087699450553
2,0,0.1,XGBoost_grid_1_AutoML_3_20260420_192632_model_2,cov_MUFL_lag1,0.2690192824881524
2,0,0.1,XGBoost_grid_1_AutoML_3_20260420_192632_model_2,cov_MULL_lag1,0.38993125410750507
2,0,0.1,XGBoost_grid_1_AutoML_3_20260420_192632_model_2,cov_LUFL_lag1,0.2602877309639007
2,0,0.1,XGBoost_grid_1_AutoML_3_20260420_192632_model_2,cov_LULL_lag1,0.2472199884429574
2,0,0.1,XGBoost_grid_1_AutoML_3_20260420_192632_model_2,cov_OT_lag1,0.4863977455720305
2,0,0.1,XGBoost_grid_1_AutoML_3_20260420_192632_model_2,hour_lag1,1.1248760509490967
2,0,0.1,XGBoost_grid_1_AutoML_3_20260420_192632_model_2,day_of_week_lag1,0.09994329522363837
2,0,0.1,XGBoost_grid_1_AutoML_3_20260420_192632_model_2,month_lag1,0.13121019416023041
2,0,0.1,XGBoost_grid_1_AutoML_3_20260420_192632_model_2,month_sin,0.11290154582122337
2,0,0.1,XGBoost_grid_1_AutoML_3_20260420_192632_model_2,month_cos,0.03132789061870422
2,0,0.1,XGBoost_grid_1_AutoML_3_20260420_192632_model_2,year,0.27118216702714565
2,0,0.1,GBM_2_AutoML_3_20260420_192632,target_lag1,7.390973937511444
2,0,0.1,GBM_2_AutoML_3_20260420_192632,target_lag2,2.550000909715891
2,0,0.1,GBM_2_AutoML_3_20260420_192632,target_lag3,1.3659439152106643
2,0,0.1,GBM_2_AutoML_3_20260420_192632,target_lag4,0.4812087181955576
2,0,0.1,GBM_2_AutoML_3_20260420_192632,target_lag5,0.13296667587943373
2,0,0.1,GBM_2_AutoML_3_20260420_192632,target_lag6,0.11278826700523492
2,0,0.1,GBM_2_AutoML_3_20260420_192632,cov_HULL_lag1,0.5154268091730774
2,0,0.1,GBM_2_AutoML_3_20260420_192632,cov_MUFL_lag1,0.09457681542495262
2,0,0.1,GBM_2_AutoML_3_20260420_192632,cov_MULL_lag1,0.2626870508119464
2,0,0.1,GBM_2_AutoML_3_20260420_192632,cov_LUFL_lag1,0.16041525437496604
2,0,0.1,GBM_2_AutoML_3_20260420_192632,cov_LULL_lag1,0.1343389696627855
2,0,0.1,GBM_2_AutoML_3_20260420_192632,cov_OT_lag1,0.25576029282063245
2,0,0.1,GBM_2_AutoML_3_20260420_192632,hour_lag1,1.011685728058219
2,0,0.1,GBM_2_AutoML_3_20260420_192632,day_of_week_lag1,0.07676905232714486
2,0,0.1,GBM_2_AutoML_3_20260420_192632,month_lag1,0.13979073300026354
2,0,0.1,GBM_2_AutoML_3_20260420_192632,month_sin,0.04481603472959245
2,0,0.1,GBM_2_AutoML_3_20260420_192632,month_cos,0.022783418353646945
2,0,0.1,GBM_2_AutoML_3_20260420_192632,year,0.16645014360547067
2,0,0.1,GLM_1_AutoML_3_20260420_192632,target_lag1,7.159957718414161
2,0,0.1,GLM_1_AutoML_3_20260420_192632,target_lag2,2.9070215924834715
2,0,0.1,GLM_1_AutoML_3_20260420_192632,target_lag3,1.389969357805617
2,0,0.1,GLM_1_AutoML_3_20260420_192632,target_lag4,0.5731262205928164
2,0,0.1,GLM_1_AutoML_3_20260420_192632,target_lag5,0.12767473888334244
2,0,0.1,GLM_1_AutoML_3_20260420_192632,target_lag6,0.2722758429626001
2,0,0.1,GLM_1_AutoML_3_20260420_192632,cov_HULL_lag1,0.14897233128645448
2,0,0.1,GLM_1_AutoML_3_20260420_192632,cov_MUFL_lag1,0.22136576935836116
2,0,0.1,GLM_1_AutoML_3_20260420_192632,cov_MULL_lag1,0.059234046099202374
2,0,0.1,GLM_1_AutoML_3_20260420_192632,cov_LUFL_lag1,0.4606433273539177
2,0,0.1,GLM_1_AutoML_3_20260420_192632,cov_LULL_lag1,0.003967833931625029
2,0,0.1,GLM_1_AutoML_3_20260420_192632,cov_OT_lag1,1.0091766334467165
2,0,0.1,GLM_1_AutoML_3_20260420_192632,hour_lag1,0.23788347244123156
2,0,0.1,GLM_1_AutoML_3_20260420_192632,day_of_week_lag1,0.07473695287468245
2,0,0.1,GLM_1_AutoML_3_20260420_192632,month_lag1,0.10343641472423744
2,0,0.1,GLM_1_AutoML_3_20260420_192632,month_sin,0.6124532160192538
2,0,0.1,GLM_1_AutoML_3_20260420_192632,month_cos,0.38832425049511377
2,0,0.1,GLM_1_AutoML_3_20260420_192632,year,0.08144329795998083
2,0,0.1,GBM_grid_1_AutoML_3_20260420_192632_model_2,target_lag1,10.661562473773957
2,0,0.1,GBM_grid_1_AutoML_3_20260420_192632_model_2,target_lag2,0.8192055109143257
2,0,0.1,GBM_grid_1_AutoML_3_20260420_192632_model_2,target_lag3,0.5390837607905269
2,0,0.1,GBM_grid_1_AutoML_3_20260420_192632_model_2,target_lag4,0.4550351846776903
2,0,0.1,GBM_grid_1_AutoML_3_20260420_192632_model_2,target_lag5,0.21656989058479667
2,0,0.1,GBM_grid_1_AutoML_3_20260420_192632_model_2,target_lag6,0.15432767219841476
2,0,0.1,GBM_grid_1_AutoML_3_20260420_192632_model_2,cov_HULL_lag1,0.16954209612682458
2,0,0.1,GBM_grid_1_AutoML_3_20260420_192632_model_2,cov_MUFL_lag1,0.09638226373936046
2,0,0.1,GBM_grid_1_AutoML_3_20260420_192632_model_2,cov_MULL_lag1,0.2182306868210435
2,0,0.1,GBM_grid_1_AutoML_3_20260420_192632_model_2,cov_LUFL_lag1,0.22693027786910533
2,0,0.1,GBM_grid_1_AutoML_3_20260420_192632_model_2,cov_LULL_lag1,0.09004065632820125
2,0,0.1,GBM_grid_1_AutoML_3_20260420_192632_model_2,cov_OT_lag1,0.2223870886862278
2,0,0.1,GBM_grid_1_AutoML_3_20260420_192632_model_2,hour_lag1,0.9076736894249916
2,0,0.1,GBM_grid_1_AutoML_3_20260420_192632_model_2,day_of_week_lag1,0.13024262373335657
2,0,0.1,GBM_grid_1_AutoML_3_20260420_192632_model_2,month_lag1,0.03256636055768463
2,0,0.1,GBM_grid_1_AutoML_3_20260420_192632_model_2,month_sin,0.0421565143205225
2,0,0.1,GBM_grid_1_AutoML_3_20260420_192632_model_2,month_cos,0.016262640019413035
2,0,0.1,GBM_grid_1_AutoML_3_20260420_192632_model_2,year,0.21951261088252066
2,0,0.2,XGBoost_grid_1_AutoML_3_20260420_192632_model_2,target_lag1,8.198015484809876
2,0,0.2,XGBoost_grid_1_AutoML_3_20260420_192632_model_2,target_lag2,2.5164792403578757
2,0,0.2,XGBoost_grid_1_AutoML_3_20260420_192632_model_2,target_lag3,0.9263827128708363
2,0,0.2,XGBoost_grid_1_AutoML_3_20260420_192632_model_2,target_lag4,0.4506384511291981
2,0,0.2,XGBoost_grid_1_AutoML_3_20260420_192632_model_2,target_lag5,0.3673025536770001
2,0,0.2,XGBoost_grid_1_AutoML_3_20260420_192632_model_2,target_lag6,0.1288009712938219
2,0,0.2,XGBoost_grid_1_AutoML_3_20260420_192632_model_2,cov_HULL_lag1,0.2843087699450553
2,0,0.2,XGBoost_grid_1_AutoML_3_20260420_192632_model_2,cov_MUFL_lag1,0.2690192824881524
2,0,0.2,XGBoost_grid_1_AutoML_3_20260420_192632_model_2,cov_MULL_lag1,0.38993125410750507
2,0,0.2,XGBoost_grid_1_AutoML_3_20260420_192632_model_2,cov_LUFL_lag1,0.2602877309639007
2,0,0.2,XGBoost_grid_1_AutoML_3_20260420_192632_model_2,cov_LULL_lag1,0.2472199884429574
2,0,0.2,XGBoost_grid_1_AutoML_3_20260420_192632_model_2,cov_OT_lag1,0.4863977455720305
2,0,0.2,XGBoost_grid_1_AutoML_3_20260420_192632_model_2,hour_lag1,1.1248760509490967
2,0,0.2,XGBoost_grid_1_AutoML_3_20260420_192632_model_2,day_of_week_lag1,0.09994329522363837
2,0,0.2,XGBoost_grid_1_AutoML_3_20260420_192632_model_2,month_lag1,0.13121019416023041
2,0,0.2,XGBoost_grid_1_AutoML_3_20260420_192632_model_2,month_sin,0.11290154582122337
2,0,0.2,XGBoost_grid_1_AutoML_3_20260420_192632_model_2,month_cos,0.03132789061870422
2,0,0.2,XGBoost_grid_1_AutoML_3_20260420_192632_model_2,year,0.27118216702714565
2,0,0.2,GBM_2_AutoML_3_20260420_192632,target_lag1,7.390973937511444
2,0,0.2,GBM_2_AutoML_3_20260420_192632,target_lag2,2.550000909715891
2,0,0.2,GBM_2_AutoML_3_20260420_192632,target_lag3,1.3659439152106643
2,0,0.2,GBM_2_AutoML_3_20260420_192632,target_lag4,0.4812087181955576
2,0,0.2,GBM_2_AutoML_3_20260420_192632,target_lag5,0.13296667587943373
2,0,0.2,GBM_2_AutoML_3_20260420_192632,target_lag6,0.11278826700523492
2,0,0.2,GBM_2_AutoML_3_20260420_192632,cov_HULL_lag1,0.5154268091730774
2,0,0.2,GBM_2_AutoML_3_20260420_192632,cov_MUFL_lag1,0.09457681542495262
2,0,0.2,GBM_2_AutoML_3_20260420_192632,cov_MULL_lag1,0.2626870508119464
2,0,0.2,GBM_2_AutoML_3_20260420_192632,cov_LUFL_lag1,0.16041525437496604
2,0,0.2,GBM_2_AutoML_3_20260420_192632,cov_LULL_lag1,0.1343389696627855
2,0,0.2,GBM_2_AutoML_3_20260420_192632,cov_OT_lag1,0.25576029282063245
2,0,0.2,GBM_2_AutoML_3_20260420_192632,hour_lag1,1.011685728058219
2,0,0.2,GBM_2_AutoML_3_20260420_192632,day_of_week_lag1,0.07676905232714486
2,0,0.2,GBM_2_AutoML_3_20260420_192632,month_lag1,0.13979073300026354
2,0,0.2,GBM_2_AutoML_3_20260420_192632,month_sin,0.04481603472959245
2,0,0.2,GBM_2_AutoML_3_20260420_192632,month_cos,0.022783418353646945
2,0,0.2,GBM_2_AutoML_3_20260420_192632,year,0.16645014360547067
2,0,0.2,GLM_1_AutoML_3_20260420_192632,target_lag1,7.159957718414161
2,0,0.2,GLM_1_AutoML_3_20260420_192632,target_lag2,2.9070215924834715
2,0,0.2,GLM_1_AutoML_3_20260420_192632,target_lag3,1.389969357805617
2,0,0.2,GLM_1_AutoML_3_20260420_192632,target_lag4,0.5731262205928164
2,0,0.2,GLM_1_AutoML_3_20260420_192632,target_lag5,0.12767473888334244
2,0,0.2,GLM_1_AutoML_3_20260420_192632,target_lag6,0.2722758429626001
2,0,0.2,GLM_1_AutoML_3_20260420_192632,cov_HULL_lag1,0.14897233128645448
2,0,0.2,GLM_1_AutoML_3_20260420_192632,cov_MUFL_lag1,0.22136576935836116
2,0,0.2,GLM_1_AutoML_3_20260420_192632,cov_MULL_lag1,0.059234046099202374
2,0,0.2,GLM_1_AutoML_3_20260420_192632,cov_LUFL_lag1,0.4606433273539177
2,0,0.2,GLM_1_AutoML_3_20260420_192632,cov_LULL_lag1,0.003967833931625029
2,0,0.2,GLM_1_AutoML_3_20260420_192632,cov_OT_lag1,1.0091766334467165
2,0,0.2,GLM_1_AutoML_3_20260420_192632,hour_lag1,0.23788347244123156
2,0,0.2,GLM_1_AutoML_3_20260420_192632,day_of_week_lag1,0.07473695287468245
2,0,0.2,GLM_1_AutoML_3_20260420_192632,month_lag1,0.10343641472423744
2,0,0.2,GLM_1_AutoML_3_20260420_192632,month_sin,0.6124532160192538
2,0,0.2,GLM_1_AutoML_3_20260420_192632,month_cos,0.38832425049511377
2,0,0.2,GLM_1_AutoML_3_20260420_192632,year,0.08144329795998083
2,0,0.2,GBM_grid_1_AutoML_3_20260420_192632_model_2,target_lag1,10.661562473773957
2,0,0.2,GBM_grid_1_AutoML_3_20260420_192632_model_2,target_lag2,0.8192055109143257
2,0,0.2,GBM_grid_1_AutoML_3_20260420_192632_model_2,target_lag3,0.5390837607905269
2,0,0.2,GBM_grid_1_AutoML_3_20260420_192632_model_2,target_lag4,0.4550351846776903
2,0,0.2,GBM_grid_1_AutoML_3_20260420_192632_model_2,target_lag5,0.21656989058479667
2,0,0.2,GBM_grid_1_AutoML_3_20260420_192632_model_2,target_lag6,0.15432767219841476
2,0,0.2,GBM_grid_1_AutoML_3_20260420_192632_model_2,cov_HULL_lag1,0.16954209612682458
2,0,0.2,GBM_grid_1_AutoML_3_20260420_192632_model_2,cov_MUFL_lag1,0.09638226373936046
2,0,0.2,GBM_grid_1_AutoML_3_20260420_192632_model_2,cov_MULL_lag1,0.2182306868210435
2,0,0.2,GBM_grid_1_AutoML_3_20260420_192632_model_2,cov_LUFL_lag1,0.22693027786910533
2,0,0.2,GBM_grid_1_AutoML_3_20260420_192632_model_2,cov_LULL_lag1,0.09004065632820125
2,0,0.2,GBM_grid_1_AutoML_3_20260420_192632_model_2,cov_OT_lag1,0.2223870886862278
2,0,0.2,GBM_grid_1_AutoML_3_20260420_192632_model_2,hour_lag1,0.9076736894249916
2,0,0.2,GBM_grid_1_AutoML_3_20260420_192632_model_2,day_of_week_lag1,0.13024262373335657
2,0,0.2,GBM_grid_1_AutoML_3_20260420_192632_model_2,month_lag1,0.03256636055768463
2,0,0.2,GBM_grid_1_AutoML_3_20260420_192632_model_2,month_sin,0.0421565143205225
2,0,0.2,GBM_grid_1_AutoML_3_20260420_192632_model_2,month_cos,0.016262640019413035
2,0,0.2,GBM_grid_1_AutoML_3_20260420_192632_model_2,year,0.21951261088252066
2,0,0.2,GBM_4_AutoML_3_20260420_192632,target_lag1,6.829203511476517
2,0,0.2,GBM_4_AutoML_3_20260420_192632,target_lag2,4.109536165595054
2,0,0.2,GBM_4_AutoML_3_20260420_192632,target_lag3,0.5737305723689496
2,0,0.2,GBM_4_AutoML_3_20260420_192632,target_lag4,0.35216281451284887
2,0,0.2,GBM_4_AutoML_3_20260420_192632,target_lag5,0.20825097795575856
2,0,0.2,GBM_4_AutoML_3_20260420_192632,target_lag6,0.13781799769843925
2,0,0.2,GBM_4_AutoML_3_20260420_192632,cov_HULL_lag1,0.5553533803392202
2,0,0.2,GBM_4_AutoML_3_20260420_192632,cov_MUFL_lag1,0.11327332507818934
2,0,0.2,GBM_4_AutoML_3_20260420_192632,cov_MULL_lag1,0.3815736587205902
2,0,0.2,GBM_4_AutoML_3_20260420_192632,cov_LUFL_lag1,0.17948550991714002
2,0,0.2,GBM_4_AutoML_3_20260420_192632,cov_LULL_lag1,0.16407509073615073
2,0,0.2,GBM_4_AutoML_3_20260420_192632,cov_OT_lag1,0.4254448634944856
2,0,0.2,GBM_4_AutoML_3_20260420_192632,hour_lag1,0.8661732421815396
2,0,0.2,GBM_4_AutoML_3_20260420_192632,day_of_week_lag1,0.13460032908129502
2,0,0.2,GBM_4_AutoML_3_20260420_192632,month_lag1,0.06490347095765168
2,0,0.2,GBM_4_AutoML_3_20260420_192632,month_sin,0.0687994113960303
2,0,0.2,GBM_4_AutoML_3_20260420_192632,month_cos,0.055638627861626405
2,0,0.2,GBM_4_AutoML_3_20260420_192632,year,0.11299394157947969
2,0,0.2,XGBoost_grid_1_AutoML_3_20260420_192632_model_5,target_lag1,8.87928608417511
2,0,0.2,XGBoost_grid_1_AutoML_3_20260420_192632_model_5,target_lag2,2.0218319955468176
2,0,0.2,XGBoost_grid_1_AutoML_3_20260420_192632_model_5,target_lag3,0.6736386248469353
2,0,0.2,XGBoost_grid_1_AutoML_3_20260420_192632_model_5,target_lag4,0.7138080037385225
2,0,0.2,XGBoost_grid_1_AutoML_3_20260420_192632_model_5,target_lag5,0.19686937682330607
2,0,0.2,XGBoost_grid_1_AutoML_3_20260420_192632_model_5,target_lag6,0.118451468195999
2,0,0.2,XGBoost_grid_1_AutoML_3_20260420_192632_model_5,cov_HULL_lag1,0.10655627650674429
2,0,0.2,XGBoost_grid_1_AutoML_3_20260420_192632_model_5,cov_MUFL_lag1,0.15622918504290279
2,0,0.2,XGBoost_grid_1_AutoML_3_20260420_192632_model_5,cov_MULL_lag1,0.441411801725626
2,0,0.2,XGBoost_grid_1_AutoML_3_20260420_192632_model_5,cov_LUFL_lag1,0.23828396205324678
2,0,0.2,XGBoost_grid_1_AutoML_3_20260420_192632_model_5,cov_LULL_lag1,0.09098012806847688
2,0,0.2,XGBoost_grid_1_AutoML_3_20260420_192632_model_5,cov_OT_lag1,0.33067249002866445
2,0,0.2,XGBoost_grid_1_AutoML_3_20260420_192632_model_5,hour_lag1,1.0933707198500633
2,0,0.2,XGBoost_grid_1_AutoML_3_20260420_192632_model_5,day_of_week_lag1,0.05375011888099831
2,0,0.2,XGBoost_grid_1_AutoML_3_20260420_192632_model_5,month_lag1,0.10255264035891738
2,0,0.2,XGBoost_grid_1_AutoML_3_20260420_192632_model_5,month_sin,0.07237657962832596
2,0,0.2,XGBoost_grid_1_AutoML_3_20260420_192632_model_5,month_cos,0.037292745962040456
2,0,0.2,XGBoost_grid_1_AutoML_3_20260420_192632_model_5,year,0.32683560855686666
2,0,0.2,GBM_1_AutoML_3_20260420_192632,target_lag1,9.248168406486512
2,0,0.2,GBM_1_AutoML_3_20260420_192632,target_lag2,1.4037944877147674
2,0,0.2,GBM_1_AutoML_3_20260420_192632,target_lag3,1.0837003649771213
2,0,0.2,GBM_1_AutoML_3_20260420_192632,target_lag4,0.4841823490895331
2,0,0.2,GBM_1_AutoML_3_20260420_192632,target_lag5,0.17401266526430845
2,0,0.2,GBM_1_AutoML_3_20260420_192632,target_lag6,0.11034410106018182
2,0,0.2,GBM_1_AutoML_3_20260420_192632,cov_HULL_lag1,0.5724025816703215
2,0,0.2,GBM_1_AutoML_3_20260420_192632,cov_MUFL_lag1,0.07303793388709888
2,0,0.2,GBM_1_AutoML_3_20260420_192632,cov_MULL_lag1,0.185693689584732
2,0,0.2,GBM_1_AutoML_3_20260420_192632,cov_LUFL_lag1,0.20258322082459926
2,0,0.2,GBM_1_AutoML_3_20260420_192632,cov_LULL_lag1,0.14546898663509633
2,0,0.2,GBM_1_AutoML_3_20260420_192632,cov_OT_lag1,0.1725320628006011
2,0,0.2,GBM_1_AutoML_3_20260420_192632,hour_lag1,0.9131196388602256
2,0,0.2,GBM_1_AutoML_3_20260420_192632,day_of_week_lag1,0.06919759995304042
2,0,0.2,GBM_1_AutoML_3_20260420_192632,month_lag1,0.028529300508089325
2,0,0.2,GBM_1_AutoML_3_20260420_192632,month_sin,0.06718491741456088
2,0,0.2,GBM_1_AutoML_3_20260420_192632,month_cos,0.02461424643290224
2,0,0.2,GBM_1_AutoML_3_20260420_192632,year,0.06943533873651173
2,0,0.2,GBM_3_AutoML_3_20260420_192632,target_lag1,6.72862732052803
2,0,0.2,GBM_3_AutoML_3_20260420_192632,target_lag2,4.0054561851918695
2,0,0.2,GBM_3_AutoML_3_20260420_192632,target_lag3,0.43995752826333046
2,0,0.2,GBM_3_AutoML_3_20260420_192632,target_lag4,0.41407921761274336
2,0,0.2,GBM_3_AutoML_3_20260420_192632,target_lag5,0.2561203589849174
2,0,0.2,GBM_3_AutoML_3_20260420_192632,target_lag6,0.11469583120197054
2,0,0.2,GBM_3_AutoML_3_20260420_192632,cov_HULL_lag1,0.5054214331274852
2,0,0.2,GBM_3_AutoML_3_20260420_192632,cov_MUFL_lag1,0.06199210228398438
2,0,0.2,GBM_3_AutoML_3_20260420_192632,cov_MULL_lag1,0.32579114449210467
2,0,0.2,GBM_3_AutoML_3_20260420_192632,cov_LUFL_lag1,0.13724464425002222
2,0,0.2,GBM_3_AutoML_3_20260420_192632,cov_LULL_lag1,0.12889614730607715
2,0,0.2,GBM_3_AutoML_3_20260420_192632,cov_OT_lag1,0.33405078265350313
2,0,0.2,GBM_3_AutoML_3_20260420_192632,hour_lag1,0.895253690853715
2,0,0.2,GBM_3_AutoML_3_20260420_192632,day_of_week_lag1,0.09243482682621103
2,0,0.2,GBM_3_AutoML_3_20260420_192632,month_lag1,0.17409268556861207
2,0,0.2,GBM_3_AutoML_3_20260420_192632,month_sin,0.06963850847678256
2,0,0.2,GBM_3_AutoML_3_20260420_192632,month_cos,0.037403476358158466
2,0,0.2,GBM_3_AutoML_3_20260420_192632,year,0.177348944110563
2,0,0.2,XGBoost_grid_1_AutoML_3_20260420_192632_model_1,target_lag1,10.789870965480805
2,0,0.2,XGBoost_grid_1_AutoML_3_20260420_192632_model_1,target_lag2,0.5051427941769362
2,0,0.2,XGBoost_grid_1_AutoML_3_20260420_192632_model_1,target_lag3,0.5454891641903669
2,0,0.2,XGBoost_grid_1_AutoML_3_20260420_192632_model_1,target_lag4,0.7004728700965643
2,0,0.2,XGBoost_grid_1_AutoML_3_20260420_192632_model_1,target_lag5,0.21367837279569357
2,0,0.2,XGBoost_grid_1_AutoML_3_20260420_192632_model_1,target_lag6,0.1784077437769156
2,0,0.2,XGBoost_grid_1_AutoML_3_20260420_192632_model_1,cov_HULL_lag1,0.3912245995551348
2,0,0.2,XGBoost_grid_1_AutoML_3_20260420_192632_model_1,cov_MUFL_lag1,0.24372062005102635
2,0,0.2,XGBoost_grid_1_AutoML_3_20260420_192632_model_1,cov_MULL_lag1,0.47871404694393277
2,0,0.2,XGBoost_grid_1_AutoML_3_20260420_192632_model_1,cov_LUFL_lag1,0.24965220018872059
2,0,0.2,XGBoost_grid_1_AutoML_3_20260420_192632_model_1,cov_LULL_lag1,0.20181251546368004
2,0,0.2,XGBoost_grid_1_AutoML_3_20260420_192632_model_1,cov_OT_lag1,0.42535041177179667
2,0,0.2,XGBoost_grid_1_AutoML_3_20260420_192632_model_1,hour_lag1,1.0667539820075036
2,0,0.2,XGBoost_grid_1_AutoML_3_20260420_192632_model_1,day_of_week_lag1,0.13469481886364515
2,0,0.2,XGBoost_grid_1_AutoML_3_20260420_192632_model_1,month_lag1,0.0739218733552843
2,0,0.2,XGBoost_grid_1_AutoML_3_20260420_192632_model_1,month_sin,0.09669553275220093
2,0,0.2,XGBoost_grid_1_AutoML_3_20260420_192632_model_1,month_cos,0.037097444844257504
2,0,0.2,XGBoost_grid_1_AutoML_3_20260420_192632_model_1,year,0.10955725654028353
2,0,0.2,GBM_5_AutoML_3_20260420_192632,target_lag1,4.938164517879486
2,0,0.2,GBM_5_AutoML_3_20260420_192632,target_lag2,5.620792941004038
2,0,0.2,GBM_5_AutoML_3_20260420_192632,target_lag3,0.26824871052987875
2,0,0.2,GBM_5_AutoML_3_20260420_192632,target_lag4,1.1030227483808994
2,0,0.2,GBM_5_AutoML_3_20260420_192632,target_lag5,0.10480263757228382
2,0,0.2,GBM_5_AutoML_3_20260420_192632,target_lag6,0.18184936181642114
2,0,0.2,GBM_5_AutoML_3_20260420_192632,cov_HULL_lag1,0.4258662406168878
2,0,0.2,GBM_5_AutoML_3_20260420_192632,cov_MUFL_lag1,0.27013779725879433
2,0,0.2,GBM_5_AutoML_3_20260420_192632,cov_MULL_lag1,0.2901990611292422
2,0,0.2,GBM_5_AutoML_3_20260420_192632,cov_LUFL_lag1,0.22693039130419493
2,0,0.2,GBM_5_AutoML_3_20260420_192632,cov_LULL_lag1,0.12883337233448397
2,0,0.2,GBM_5_AutoML_3_20260420_192632,cov_OT_lag1,0.2585478349775076
2,0,0.2,GBM_5_AutoML_3_20260420_192632,hour_lag1,0.9924257209897042
2,0,0.2,GBM_5_AutoML_3_20260420_192632,day_of_week_lag1,0.0646617331774905
2,0,0.2,GBM_5_AutoML_3_20260420_192632,month_lag1,0.052696368321776356
2,0,0.2,GBM_5_AutoML_3_20260420_192632,month_sin,0.12120182774960991
2,0,0.2,GBM_5_AutoML_3_20260420_192632,month_cos,0.033974685100838495
2,0,0.2,GBM_5_AutoML_3_20260420_192632,year,0.1836765703186392
2,0,0.3,XGBoost_grid_1_AutoML_3_20260420_192632_model_2,target_lag1,8.198015484809876
2,0,0.3,XGBoost_grid_1_AutoML_3_20260420_192632_model_2,target_lag2,2.5164792403578757
2,0,0.3,XGBoost_grid_1_AutoML_3_20260420_192632_model_2,target_lag3,0.9263827128708363
2,0,0.3,XGBoost_grid_1_AutoML_3_20260420_192632_model_2,target_lag4,0.4506384511291981
2,0,0.3,XGBoost_grid_1_AutoML_3_20260420_192632_model_2,target_lag5,0.3673025536770001
2,0,0.3,XGBoost_grid_1_AutoML_3_20260420_192632_model_2,target_lag6,0.1288009712938219
2,0,0.3,XGBoost_grid_1_AutoML_3_20260420_192632_model_2,cov_HULL_lag1,0.2843087699450553
2,0,0.3,XGBoost_grid_1_AutoML_3_20260420_192632_model_2,cov_MUFL_lag1,0.2690192824881524
2,0,0.3,XGBoost_grid_1_AutoML_3_20260420_192632_model_2,cov_MULL_lag1,0.38993125410750507
2,0,0.3,XGBoost_grid_1_AutoML_3_20260420_192632_model_2,cov_LUFL_lag1,0.2602877309639007
2,0,0.3,XGBoost_grid_1_AutoML_3_20260420_192632_model_2,cov_LULL_lag1,0.2472199884429574
2,0,0.3,XGBoost_grid_1_AutoML_3_20260420_192632_model_2,cov_OT_lag1,0.4863977455720305
2,0,0.3,XGBoost_grid_1_AutoML_3_20260420_192632_model_2,hour_lag1,1.1248760509490967
2,0,0.3,XGBoost_grid_1_AutoML_3_20260420_192632_model_2,day_of_week_lag1,0.09994329522363837
2,0,0.3,XGBoost_grid_1_AutoML_3_20260420_192632_model_2,month_lag1,0.13121019416023041
2,0,0.3,XGBoost_grid_1_AutoML_3_20260420_192632_model_2,month_sin,0.11290154582122337
2,0,0.3,XGBoost_grid_1_AutoML_3_20260420_192632_model_2,month_cos,0.03132789061870422
2,0,0.3,XGBoost_grid_1_AutoML_3_20260420_192632_model_2,year,0.27118216702714565
2,0,0.3,GBM_2_AutoML_3_20260420_192632,target_lag1,7.390973937511444
2,0,0.3,GBM_2_AutoML_3_20260420_192632,target_lag2,2.550000909715891
2,0,0.3,GBM_2_AutoML_3_20260420_192632,target_lag3,1.3659439152106643
2,0,0.3,GBM_2_AutoML_3_20260420_192632,target_lag4,0.4812087181955576
2,0,0.3,GBM_2_AutoML_3_20260420_192632,target_lag5,0.13296667587943373
2,0,0.3,GBM_2_AutoML_3_20260420_192632,target_lag6,0.11278826700523492
2,0,0.3,GBM_2_AutoML_3_20260420_192632,cov_HULL_lag1,0.5154268091730774
2,0,0.3,GBM_2_AutoML_3_20260420_192632,cov_MUFL_lag1,0.09457681542495262
2,0,0.3,GBM_2_AutoML_3_20260420_192632,cov_MULL_lag1,0.2626870508119464
2,0,0.3,GBM_2_AutoML_3_20260420_192632,cov_LUFL_lag1,0.16041525437496604
2,0,0.3,GBM_2_AutoML_3_20260420_192632,cov_LULL_lag1,0.1343389696627855
2,0,0.3,GBM_2_AutoML_3_20260420_192632,cov_OT_lag1,0.25576029282063245
2,0,0.3,GBM_2_AutoML_3_20260420_192632,hour_lag1,1.011685728058219
2,0,0.3,GBM_2_AutoML_3_20260420_192632,day_of_week_lag1,0.07676905232714486
2,0,0.3,GBM_2_AutoML_3_20260420_192632,month_lag1,0.13979073300026354
2,0,0.3,GBM_2_AutoML_3_20260420_192632,month_sin,0.04481603472959245
2,0,0.3,GBM_2_AutoML_3_20260420_192632,month_cos,0.022783418353646945
2,0,0.3,GBM_2_AutoML_3_20260420_192632,year,0.16645014360547067
2,0,0.3,GLM_1_AutoML_3_20260420_192632,target_lag1,7.159957718414161
2,0,0.3,GLM_1_AutoML_3_20260420_192632,target_lag2,2.9070215924834715
2,0,0.3,GLM_1_AutoML_3_20260420_192632,target_lag3,1.389969357805617
2,0,0.3,GLM_1_AutoML_3_20260420_192632,target_lag4,0.5731262205928164
2,0,0.3,GLM_1_AutoML_3_20260420_192632,target_lag5,0.12767473888334244
2,0,0.3,GLM_1_AutoML_3_20260420_192632,target_lag6,0.2722758429626001
2,0,0.3,GLM_1_AutoML_3_20260420_192632,cov_HULL_lag1,0.14897233128645448
2,0,0.3,GLM_1_AutoML_3_20260420_192632,cov_MUFL_lag1,0.22136576935836116
2,0,0.3,GLM_1_AutoML_3_20260420_192632,cov_MULL_lag1,0.059234046099202374
2,0,0.3,GLM_1_AutoML_3_20260420_192632,cov_LUFL_lag1,0.4606433273539177
2,0,0.3,GLM_1_AutoML_3_20260420_192632,cov_LULL_lag1,0.003967833931625029
2,0,0.3,GLM_1_AutoML_3_20260420_192632,cov_OT_lag1,1.0091766334467165
2,0,0.3,GLM_1_AutoML_3_20260420_192632,hour_lag1,0.23788347244123156
2,0,0.3,GLM_1_AutoML_3_20260420_192632,day_of_week_lag1,0.07473695287468245
2,0,0.3,GLM_1_AutoML_3_20260420_192632,month_lag1,0.10343641472423744
2,0,0.3,GLM_1_AutoML_3_20260420_192632,month_sin,0.6124532160192538
2,0,0.3,GLM_1_AutoML_3_20260420_192632,month_cos,0.38832425049511377
2,0,0.3,GLM_1_AutoML_3_20260420_192632,year,0.08144329795998083
2,0,0.3,GBM_grid_1_AutoML_3_20260420_192632_model_2,target_lag1,10.661562473773957
2,0,0.3,GBM_grid_1_AutoML_3_20260420_192632_model_2,target_lag2,0.8192055109143257
2,0,0.3,GBM_grid_1_AutoML_3_20260420_192632_model_2,target_lag3,0.5390837607905269
2,0,0.3,GBM_grid_1_AutoML_3_20260420_192632_model_2,target_lag4,0.4550351846776903
2,0,0.3,GBM_grid_1_AutoML_3_20260420_192632_model_2,target_lag5,0.21656989058479667
2,0,0.3,GBM_grid_1_AutoML_3_20260420_192632_model_2,target_lag6,0.15432767219841476
2,0,0.3,GBM_grid_1_AutoML_3_20260420_192632_model_2,cov_HULL_lag1,0.16954209612682458
2,0,0.3,GBM_grid_1_AutoML_3_20260420_192632_model_2,cov_MUFL_lag1,0.09638226373936046
2,0,0.3,GBM_grid_1_AutoML_3_20260420_192632_model_2,cov_MULL_lag1,0.2182306868210435
2,0,0.3,GBM_grid_1_AutoML_3_20260420_192632_model_2,cov_LUFL_lag1,0.22693027786910533
2,0,0.3,GBM_grid_1_AutoML_3_20260420_192632_model_2,cov_LULL_lag1,0.09004065632820125
2,0,0.3,GBM_grid_1_AutoML_3_20260420_192632_model_2,cov_OT_lag1,0.2223870886862278
2,0,0.3,GBM_grid_1_AutoML_3_20260420_192632_model_2,hour_lag1,0.9076736894249916
2,0,0.3,GBM_grid_1_AutoML_3_20260420_192632_model_2,day_of_week_lag1,0.13024262373335657
2,0,0.3,GBM_grid_1_AutoML_3_20260420_192632_model_2,month_lag1,0.03256636055768463
2,0,0.3,GBM_grid_1_AutoML_3_20260420_192632_model_2,month_sin,0.0421565143205225
2,0,0.3,GBM_grid_1_AutoML_3_20260420_192632_model_2,month_cos,0.016262640019413035
2,0,0.3,GBM_grid_1_AutoML_3_20260420_192632_model_2,year,0.21951261088252066
2,0,0.3,GBM_4_AutoML_3_20260420_192632,target_lag1,6.829203511476517
2,0,0.3,GBM_4_AutoML_3_20260420_192632,target_lag2,4.109536165595054
2,0,0.3,GBM_4_AutoML_3_20260420_192632,target_lag3,0.5737305723689496
2,0,0.3,GBM_4_AutoML_3_20260420_192632,target_lag4,0.35216281451284887
2,0,0.3,GBM_4_AutoML_3_20260420_192632,target_lag5,0.20825097795575856
2,0,0.3,GBM_4_AutoML_3_20260420_192632,target_lag6,0.13781799769843925
2,0,0.3,GBM_4_AutoML_3_20260420_192632,cov_HULL_lag1,0.5553533803392202
2,0,0.3,GBM_4_AutoML_3_20260420_192632,cov_MUFL_lag1,0.11327332507818934
2,0,0.3,GBM_4_AutoML_3_20260420_192632,cov_MULL_lag1,0.3815736587205902
2,0,0.3,GBM_4_AutoML_3_20260420_192632,cov_LUFL_lag1,0.17948550991714002
2,0,0.3,GBM_4_AutoML_3_20260420_192632,cov_LULL_lag1,0.16407509073615073
2,0,0.3,GBM_4_AutoML_3_20260420_192632,cov_OT_lag1,0.4254448634944856
2,0,0.3,GBM_4_AutoML_3_20260420_192632,hour_lag1,0.8661732421815396
2,0,0.3,GBM_4_AutoML_3_20260420_192632,day_of_week_lag1,0.13460032908129502
2,0,0.3,GBM_4_AutoML_3_20260420_192632,month_lag1,0.06490347095765168
2,0,0.3,GBM_4_AutoML_3_20260420_192632,month_sin,0.0687994113960303
2,0,0.3,GBM_4_AutoML_3_20260420_192632,month_cos,0.055638627861626405
2,0,0.3,GBM_4_AutoML_3_20260420_192632,year,0.11299394157947969
2,0,0.3,XGBoost_grid_1_AutoML_3_20260420_192632_model_5,target_lag1,8.87928608417511
2,0,0.3,XGBoost_grid_1_AutoML_3_20260420_192632_model_5,target_lag2,2.0218319955468176
2,0,0.3,XGBoost_grid_1_AutoML_3_20260420_192632_model_5,target_lag3,0.6736386248469353
2,0,0.3,XGBoost_grid_1_AutoML_3_20260420_192632_model_5,target_lag4,0.7138080037385225
2,0,0.3,XGBoost_grid_1_AutoML_3_20260420_192632_model_5,target_lag5,0.19686937682330607
2,0,0.3,XGBoost_grid_1_AutoML_3_20260420_192632_model_5,target_lag6,0.118451468195999
2,0,0.3,XGBoost_grid_1_AutoML_3_20260420_192632_model_5,cov_HULL_lag1,0.10655627650674429
2,0,0.3,XGBoost_grid_1_AutoML_3_20260420_192632_model_5,cov_MUFL_lag1,0.15622918504290279
2,0,0.3,XGBoost_grid_1_AutoML_3_20260420_192632_model_5,cov_MULL_lag1,0.441411801725626
2,0,0.3,XGBoost_grid_1_AutoML_3_20260420_192632_model_5,cov_LUFL_lag1,0.23828396205324678
2,0,0.3,XGBoost_grid_1_AutoML_3_20260420_192632_model_5,cov_LULL_lag1,0.09098012806847688
2,0,0.3,XGBoost_grid_1_AutoML_3_20260420_192632_model_5,cov_OT_lag1,0.33067249002866445
2,0,0.3,XGBoost_grid_1_AutoML_3_20260420_192632_model_5,hour_lag1,1.0933707198500633
2,0,0.3,XGBoost_grid_1_AutoML_3_20260420_192632_model_5,day_of_week_lag1,0.05375011888099831
2,0,0.3,XGBoost_grid_1_AutoML_3_20260420_192632_model_5,month_lag1,0.10255264035891738
2,0,0.3,XGBoost_grid_1_AutoML_3_20260420_192632_model_5,month_sin,0.07237657962832596
2,0,0.3,XGBoost_grid_1_AutoML_3_20260420_192632_model_5,month_cos,0.037292745962040456
2,0,0.3,XGBoost_grid_1_AutoML_3_20260420_192632_model_5,year,0.32683560855686666
2,0,0.3,GBM_1_AutoML_3_20260420_192632,target_lag1,9.248168406486512
2,0,0.3,GBM_1_AutoML_3_20260420_192632,target_lag2,1.4037944877147674
2,0,0.3,GBM_1_AutoML_3_20260420_192632,target_lag3,1.0837003649771213
2,0,0.3,GBM_1_AutoML_3_20260420_192632,target_lag4,0.4841823490895331
2,0,0.3,GBM_1_AutoML_3_20260420_192632,target_lag5,0.17401266526430845
2,0,0.3,GBM_1_AutoML_3_20260420_192632,target_lag6,0.11034410106018182
2,0,0.3,GBM_1_AutoML_3_20260420_192632,cov_HULL_lag1,0.5724025816703215
2,0,0.3,GBM_1_AutoML_3_20260420_192632,cov_MUFL_lag1,0.07303793388709888
2,0,0.3,GBM_1_AutoML_3_20260420_192632,cov_MULL_lag1,0.185693689584732
2,0,0.3,GBM_1_AutoML_3_20260420_192632,cov_LUFL_lag1,0.20258322082459926
2,0,0.3,GBM_1_AutoML_3_20260420_192632,cov_LULL_lag1,0.14546898663509633
2,0,0.3,GBM_1_AutoML_3_20260420_192632,cov_OT_lag1,0.1725320628006011
2,0,0.3,GBM_1_AutoML_3_20260420_192632,hour_lag1,0.9131196388602256
2,0,0.3,GBM_1_AutoML_3_20260420_192632,day_of_week_lag1,0.06919759995304042
2,0,0.3,GBM_1_AutoML_3_20260420_192632,month_lag1,0.028529300508089325
2,0,0.3,GBM_1_AutoML_3_20260420_192632,month_sin,0.06718491741456088
2,0,0.3,GBM_1_AutoML_3_20260420_192632,month_cos,0.02461424643290224
2,0,0.3,GBM_1_AutoML_3_20260420_192632,year,0.06943533873651173
2,0,0.3,GBM_3_AutoML_3_20260420_192632,target_lag1,6.72862732052803
2,0,0.3,GBM_3_AutoML_3_20260420_192632,target_lag2,4.0054561851918695
2,0,0.3,GBM_3_AutoML_3_20260420_192632,target_lag3,0.43995752826333046
2,0,0.3,GBM_3_AutoML_3_20260420_192632,target_lag4,0.41407921761274336
2,0,0.3,GBM_3_AutoML_3_20260420_192632,target_lag5,0.2561203589849174
2,0,0.3,GBM_3_AutoML_3_20260420_192632,target_lag6,0.11469583120197054
2,0,0.3,GBM_3_AutoML_3_20260420_192632,cov_HULL_lag1,0.5054214331274852
2,0,0.3,GBM_3_AutoML_3_20260420_192632,cov_MUFL_lag1,0.06199210228398438
2,0,0.3,GBM_3_AutoML_3_20260420_192632,cov_MULL_lag1,0.32579114449210467
2,0,0.3,GBM_3_AutoML_3_20260420_192632,cov_LUFL_lag1,0.13724464425002222
2,0,0.3,GBM_3_AutoML_3_20260420_192632,cov_LULL_lag1,0.12889614730607715
2,0,0.3,GBM_3_AutoML_3_20260420_192632,cov_OT_lag1,0.33405078265350313
2,0,0.3,GBM_3_AutoML_3_20260420_192632,hour_lag1,0.895253690853715
2,0,0.3,GBM_3_AutoML_3_20260420_192632,day_of_week_lag1,0.09243482682621103
2,0,0.3,GBM_3_AutoML_3_20260420_192632,month_lag1,0.17409268556861207
2,0,0.3,GBM_3_AutoML_3_20260420_192632,month_sin,0.06963850847678256
2,0,0.3,GBM_3_AutoML_3_20260420_192632,month_cos,0.037403476358158466
2,0,0.3,GBM_3_AutoML_3_20260420_192632,year,0.177348944110563
2,0,0.3,XGBoost_grid_1_AutoML_3_20260420_192632_model_1,target_lag1,10.789870965480805
2,0,0.3,XGBoost_grid_1_AutoML_3_20260420_192632_model_1,target_lag2,0.5051427941769362
2,0,0.3,XGBoost_grid_1_AutoML_3_20260420_192632_model_1,target_lag3,0.5454891641903669
2,0,0.3,XGBoost_grid_1_AutoML_3_20260420_192632_model_1,target_lag4,0.7004728700965643
2,0,0.3,XGBoost_grid_1_AutoML_3_20260420_192632_model_1,target_lag5,0.21367837279569357
2,0,0.3,XGBoost_grid_1_AutoML_3_20260420_192632_model_1,target_lag6,0.1784077437769156
2,0,0.3,XGBoost_grid_1_AutoML_3_20260420_192632_model_1,cov_HULL_lag1,0.3912245995551348
2,0,0.3,XGBoost_grid_1_AutoML_3_20260420_192632_model_1,cov_MUFL_lag1,0.24372062005102635
2,0,0.3,XGBoost_grid_1_AutoML_3_20260420_192632_model_1,cov_MULL_lag1,0.47871404694393277
2,0,0.3,XGBoost_grid_1_AutoML_3_20260420_192632_model_1,cov_LUFL_lag1,0.24965220018872059
2,0,0.3,XGBoost_grid_1_AutoML_3_20260420_192632_model_1,cov_LULL_lag1,0.20181251546368004
2,0,0.3,XGBoost_grid_1_AutoML_3_20260420_192632_model_1,cov_OT_lag1,0.42535041177179667
2,0,0.3,XGBoost_grid_1_AutoML_3_20260420_192632_model_1,hour_lag1,1.0667539820075036
2,0,0.3,XGBoost_grid_1_AutoML_3_20260420_192632_model_1,day_of_week_lag1,0.13469481886364515
2,0,0.3,XGBoost_grid_1_AutoML_3_20260420_192632_model_1,month_lag1,0.0739218733552843
2,0,0.3,XGBoost_grid_1_AutoML_3_20260420_192632_model_1,month_sin,0.09669553275220093
2,0,0.3,XGBoost_grid_1_AutoML_3_20260420_192632_model_1,month_cos,0.037097444844257504
2,0,0.3,XGBoost_grid_1_AutoML_3_20260420_192632_model_1,year,0.10955725654028353
2,0,0.3,GBM_5_AutoML_3_20260420_192632,target_lag1,4.938164517879486
2,0,0.3,GBM_5_AutoML_3_20260420_192632,target_lag2,5.620792941004038
2,0,0.3,GBM_5_AutoML_3_20260420_192632,target_lag3,0.26824871052987875
2,0,0.3,GBM_5_AutoML_3_20260420_192632,target_lag4,1.1030227483808994
2,0,0.3,GBM_5_AutoML_3_20260420_192632,target_lag5,0.10480263757228382
2,0,0.3,GBM_5_AutoML_3_20260420_192632,target_lag6,0.18184936181642114
2,0,0.3,GBM_5_AutoML_3_20260420_192632,cov_HULL_lag1,0.4258662406168878
2,0,0.3,GBM_5_AutoML_3_20260420_192632,cov_MUFL_lag1,0.27013779725879433
2,0,0.3,GBM_5_AutoML_3_20260420_192632,cov_MULL_lag1,0.2901990611292422
2,0,0.3,GBM_5_AutoML_3_20260420_192632,cov_LUFL_lag1,0.22693039130419493
2,0,0.3,GBM_5_AutoML_3_20260420_192632,cov_LULL_lag1,0.12883337233448397
2,0,0.3,GBM_5_AutoML_3_20260420_192632,cov_OT_lag1,0.2585478349775076
2,0,0.3,GBM_5_AutoML_3_20260420_192632,hour_lag1,0.9924257209897042
2,0,0.3,GBM_5_AutoML_3_20260420_192632,day_of_week_lag1,0.0646617331774905
2,0,0.3,GBM_5_AutoML_3_20260420_192632,month_lag1,0.052696368321776356
2,0,0.3,GBM_5_AutoML_3_20260420_192632,month_sin,0.12120182774960991
2,0,0.3,GBM_5_AutoML_3_20260420_192632,month_cos,0.033974685100838495
2,0,0.3,GBM_5_AutoML_3_20260420_192632,year,0.1836765703186392
2,0,0.3,XGBoost_3_AutoML_3_20260420_192632,target_lag1,7.634457865953445
2,0,0.3,XGBoost_3_AutoML_3_20260420_192632,target_lag2,2.586137854158878
2,0,0.3,XGBoost_3_AutoML_3_20260420_192632,target_lag3,0.4158643785631284
2,0,0.3,XGBoost_3_AutoML_3_20260420_192632,target_lag4,0.8905498849600554
2,0,0.3,XGBoost_3_AutoML_3_20260420_192632,target_lag5,0.4422958682104945
2,0,0.3,XGBoost_3_AutoML_3_20260420_192632,target_lag6,0.28748141523450615
2,0,0.3,XGBoost_3_AutoML_3_20260420_192632,cov_HULL_lag1,0.746916522833053
2,0,0.3,XGBoost_3_AutoML_3_20260420_192632,cov_MUFL_lag1,0.16022596338763834
2,0,0.3,XGBoost_3_AutoML_3_20260420_192632,cov_MULL_lag1,0.8398111362569034
2,0,0.3,XGBoost_3_AutoML_3_20260420_192632,cov_LUFL_lag1,0.33158273056149484
2,0,0.3,XGBoost_3_AutoML_3_20260420_192632,cov_LULL_lag1,0.1783056880813092
2,0,0.3,XGBoost_3_AutoML_3_20260420_192632,cov_OT_lag1,0.4243124234909192
2,0,0.3,XGBoost_3_AutoML_3_20260420_192632,hour_lag1,1.2980069532990455
2,0,0.3,XGBoost_3_AutoML_3_20260420_192632,day_of_week_lag1,0.14565601053880525
2,0,0.3,XGBoost_3_AutoML_3_20260420_192632,month_lag1,0.27619745930074713
2,0,0.3,XGBoost_3_AutoML_3_20260420_192632,month_sin,0.12263072568923232
2,0,0.3,XGBoost_3_AutoML_3_20260420_192632,month_cos,0.06605998293496664
2,0,0.3,XGBoost_3_AutoML_3_20260420_192632,year,0.39376433928497134
2,0,0.3,GBM_grid_1_AutoML_3_20260420_192632_model_1,target_lag1,4.758439136147499
2,0,0.3,GBM_grid_1_AutoML_3_20260420_192632_model_1,target_lag2,4.0580009487271305
2,0,0.3,GBM_grid_1_AutoML_3_20260420_192632_model_1,target_lag3,0.3868572529405355
2,0,0.3,GBM_grid_1_AutoML_3_20260420_192632_model_1,target_lag4,0.8850158978998661
2,0,0.3,GBM_grid_1_AutoML_3_20260420_192632_model_1,target_lag5,0.8804623273015022
2,0,0.3,GBM_grid_1_AutoML_3_20260420_192632_model_1,target_lag6,0.10579568598419424
2,0,0.3,GBM_grid_1_AutoML_3_20260420_192632_model_1,cov_HULL_lag1,1.3675285255908967
2,0,0.3,GBM_grid_1_AutoML_3_20260420_192632_model_1,cov_MUFL_lag1,0.10809256559121419
2,0,0.3,GBM_grid_1_AutoML_3_20260420_192632_model_1,cov_MULL_lag1,0.277386282235384
2,0,0.3,GBM_grid_1_AutoML_3_20260420_192632_model_1,cov_LUFL_lag1,0.26779290176928044
2,0,0.3,GBM_grid_1_AutoML_3_20260420_192632_model_1,cov_LULL_lag1,0.2706065030395985
2,0,0.3,GBM_grid_1_AutoML_3_20260420_192632_model_1,cov_OT_lag1,0.19055261818692087
2,0,0.3,GBM_grid_1_AutoML_3_20260420_192632_model_1,hour_lag1,0.9013488239049912
2,0,0.3,GBM_grid_1_AutoML_3_20260420_192632_model_1,day_of_week_lag1,0.1023526251595467
2,0,0.3,GBM_grid_1_AutoML_3_20260420_192632_model_1,month_lag1,0.07702802931889888
2,0,0.3,GBM_grid_1_AutoML_3_20260420_192632_model_1,month_sin,0.09729020389029752
2,0,0.3,GBM_grid_1_AutoML_3_20260420_192632_model_1,month_cos,0.16830881606787443
2,0,0.3,GBM_grid_1_AutoML_3_20260420_192632_model_1,year,0.10753959140740331
2,0,0.3,DRF_1_AutoML_3_20260420_192632,target_lag1,3.8825261053442954
2,0,0.3,DRF_1_AutoML_3_20260420_192632,target_lag2,2.3412512292899192
2,0,0.3,DRF_1_AutoML_3_20260420_192632,target_lag3,0.6950714990496636
2,0,0.3,DRF_1_AutoML_3_20260420_192632,target_lag4,0.4927209901064634
2,0,0.3,DRF_1_AutoML_3_20260420_192632,target_lag5,0.5479673314094543
2,0,0.3,DRF_1_AutoML_3_20260420_192632,target_lag6,0.10488109015161168
2,0,0.3,DRF_1_AutoML_3_20260420_192632,cov_HULL_lag1,1.2637961741001345
2,0,0.3,DRF_1_AutoML_3_20260420_192632,cov_MUFL_lag1,0.08193329991307106
2,0,0.3,DRF_1_AutoML_3_20260420_192632,cov_MULL_lag1,1.0807313685119153
2,0,0.3,DRF_1_AutoML_3_20260420_192632,cov_LUFL_lag1,0.16549796170518674
2,0,0.3,DRF_1_AutoML_3_20260420_192632,cov_LULL_lag1,0.12564058440970252
2,0,0.3,DRF_1_AutoML_3_20260420_192632,cov_OT_lag1,0.24272707626223564
2,0,0.3,DRF_1_AutoML_3_20260420_192632,hour_lag1,0.6497046685218811
2,0,0.3,DRF_1_AutoML_3_20260420_192632,day_of_week_lag1,0.07413583011366423
2,0,0.3,DRF_1_AutoML_3_20260420_192632,month_lag1,0.06635085393150797
2,0,0.3,DRF_1_AutoML_3_20260420_192632,month_sin,0.07495420657040082
2,0,0.3,DRF_1_AutoML_3_20260420_192632,month_cos,0.044053201759234016
2,0,0.3,DRF_1_AutoML_3_20260420_192632,year,0.11570207926910367
0,1,0.02,GBM_grid_1_AutoML_6_20260420_193105_model_3,target_lag1,1.8306898031383754
0,1,0.02,GBM_grid_1_AutoML_6_20260420_193105_model_3,target_lag2,1.5301136136054994
0,1,0.02,GBM_grid_1_AutoML_6_20260420_193105_model_3,target_lag3,1.0077136474940926
0,1,0.02,GBM_grid_1_AutoML_6_20260420_193105_model_3,target_lag4,0.5672363951802254
0,1,0.02,GBM_grid_1_AutoML_6_20260420_193105_model_3,target_lag5,0.28253648210316895
0,1,0.02,GBM_grid_1_AutoML_6_20260420_193105_model_3,target_lag6,0.2615385077148676
0,1,0.02,GBM_grid_1_AutoML_6_20260420_193105_model_3,cov_HULL_lag1,0.6311558470316231
0,1,0.02,GBM_grid_1_AutoML_6_20260420_193105_model_3,cov_MUFL_lag1,1.9577309022098779
0,1,0.02,GBM_grid_1_AutoML_6_20260420_193105_model_3,cov_MULL_lag1,0.12040715643204745
0,1,0.02,GBM_grid_1_AutoML_6_20260420_193105_model_3,cov_LUFL_lag1,0.21729593276977538
0,1,0.02,GBM_grid_1_AutoML_6_20260420_193105_model_3,cov_LULL_lag1,0.0371709448145702
0,1,0.02,GBM_grid_1_AutoML_6_20260420_193105_model_3,cov_OT_lag1,0.5329080470371992
0,1,0.02,GBM_grid_1_AutoML_6_20260420_193105_model_3,hour_lag1,0.6450295072328299
0,1,0.02,GBM_grid_1_AutoML_6_20260420_193105_model_3,day_of_week_lag1,0.05820563571993258
0,1,0.02,GBM_grid_1_AutoML_6_20260420_193105_model_3,month_lag1,0.09649306389037517
0,1,0.02,GBM_grid_1_AutoML_6_20260420_193105_model_3,month_sin,0.1345969713106751
0,1,0.02,GBM_grid_1_AutoML_6_20260420_193105_model_3,month_cos,0.0932088228827342
0,1,0.05,GBM_grid_1_AutoML_6_20260420_193105_model_3,target_lag1,1.8306898031383754
0,1,0.05,GBM_grid_1_AutoML_6_20260420_193105_model_3,target_lag2,1.5301136136054994
0,1,0.05,GBM_grid_1_AutoML_6_20260420_193105_model_3,target_lag3,1.0077136474940926
0,1,0.05,GBM_grid_1_AutoML_6_20260420_193105_model_3,target_lag4,0.5672363951802254
0,1,0.05,GBM_grid_1_AutoML_6_20260420_193105_model_3,target_lag5,0.28253648210316895
0,1,0.05,GBM_grid_1_AutoML_6_20260420_193105_model_3,target_lag6,0.2615385077148676
0,1,0.05,GBM_grid_1_AutoML_6_20260420_193105_model_3,cov_HULL_lag1,0.6311558470316231
0,1,0.05,GBM_grid_1_AutoML_6_20260420_193105_model_3,cov_MUFL_lag1,1.9577309022098779
0,1,0.05,GBM_grid_1_AutoML_6_20260420_193105_model_3,cov_MULL_lag1,0.12040715643204745
0,1,0.05,GBM_grid_1_AutoML_6_20260420_193105_model_3,cov_LUFL_lag1,0.21729593276977538
0,1,0.05,GBM_grid_1_AutoML_6_20260420_193105_model_3,cov_LULL_lag1,0.0371709448145702
0,1,0.05,GBM_grid_1_AutoML_6_20260420_193105_model_3,cov_OT_lag1,0.5329080470371992
0,1,0.05,GBM_grid_1_AutoML_6_20260420_193105_model_3,hour_lag1,0.6450295072328299
0,1,0.05,GBM_grid_1_AutoML_6_20260420_193105_model_3,day_of_week_lag1,0.05820563571993258
0,1,0.05,GBM_grid_1_AutoML_6_20260420_193105_model_3,month_lag1,0.09649306389037517
0,1,0.05,GBM_grid_1_AutoML_6_20260420_193105_model_3,month_sin,0.1345969713106751
0,1,0.05,GBM_grid_1_AutoML_6_20260420_193105_model_3,month_cos,0.0932088228827342
0,1,0.05,GBM_1_AutoML_6_20260420_193105,target_lag1,3.5305779469013214
0,1,0.05,GBM_1_AutoML_6_20260420_193105,target_lag2,0.8645460721105337
0,1,0.05,GBM_1_AutoML_6_20260420_193105,target_lag3,0.30054847547784447
0,1,0.05,GBM_1_AutoML_6_20260420_193105,target_lag4,0.20186537100235
0,1,0.05,GBM_1_AutoML_6_20260420_193105,target_lag5,0.237183745726943
0,1,0.05,GBM_1_AutoML_6_20260420_193105,target_lag6,0.2796096547134221
0,1,0.05,GBM_1_AutoML_6_20260420_193105,cov_HULL_lag1,0.6582309877499938
0,1,0.05,GBM_1_AutoML_6_20260420_193105,cov_MUFL_lag1,2.863726240992546
0,1,0.05,GBM_1_AutoML_6_20260420_193105,cov_MULL_lag1,0.13427591040730474
0,1,0.05,GBM_1_AutoML_6_20260420_193105,cov_LUFL_lag1,0.06379966767737638
0,1,0.05,GBM_1_AutoML_6_20260420_193105,cov_LULL_lag1,0.01780284563312302
0,1,0.05,GBM_1_AutoML_6_20260420_193105,cov_OT_lag1,0.3609484587516636
0,1,0.05,GBM_1_AutoML_6_20260420_193105,hour_lag1,0.9761838112026453
0,1,0.05,GBM_1_AutoML_6_20260420_193105,day_of_week_lag1,0.08027926580980417
0,1,0.05,GBM_1_AutoML_6_20260420_193105,month_lag1,0.15151291552581822
0,1,0.05,GBM_1_AutoML_6_20260420_193105,month_sin,0.07356595433782781
0,1,0.05,GBM_1_AutoML_6_20260420_193105,month_cos,0.042536498000845274
0,1,0.05,GBM_grid_1_AutoML_6_20260420_193105_model_1,target_lag1,2.386083768978715
0,1,0.05,GBM_grid_1_AutoML_6_20260420_193105_model_1,target_lag2,0.4669355356879532
0,1,0.05,GBM_grid_1_AutoML_6_20260420_193105_model_1,target_lag3,1.1695009985566138
0,1,0.05,GBM_grid_1_AutoML_6_20260420_193105_model_1,target_lag4,0.6631976472586394
0,1,0.05,GBM_grid_1_AutoML_6_20260420_193105_model_1,target_lag5,0.9390024890843779
0,1,0.05,GBM_grid_1_AutoML_6_20260420_193105_model_1,target_lag6,0.12564937549643218
0,1,0.05,GBM_grid_1_AutoML_6_20260420_193105_model_1,cov_HULL_lag1,0.7437106416281313
0,1,0.05,GBM_grid_1_AutoML_6_20260420_193105_model_1,cov_MUFL_lag1,1.898364717811346
0,1,0.05,GBM_grid_1_AutoML_6_20260420_193105_model_1,cov_MULL_lag1,0.23941925556398924
0,1,0.05,GBM_grid_1_AutoML_6_20260420_193105_model_1,cov_LUFL_lag1,0.2015629249252379
0,1,0.05,GBM_grid_1_AutoML_6_20260420_193105_model_1,cov_LULL_lag1,0.04596248603193085
0,1,0.05,GBM_grid_1_AutoML_6_20260420_193105_model_1,cov_OT_lag1,0.41308580687938956
0,1,0.05,GBM_grid_1_AutoML_6_20260420_193105_model_1,hour_lag1,0.5829779229313136
0,1,0.05,GBM_grid_1_AutoML_6_20260420_193105_model_1,day_of_week_lag1,0.07956740608555263
0,1,0.05,GBM_grid_1_AutoML_6_20260420_193105_model_1,month_lag1,0.08798677594400939
0,1,0.05,GBM_grid_1_AutoML_6_20260420_193105_model_1,month_sin,0.10796480881515887
0,1,0.05,GBM_grid_1_AutoML_6_20260420_193105_model_1,month_cos,0.1479885336477309
0,1,0.05,DRF_1_AutoML_6_20260420_193105,target_lag1,2.2623525416851042
0,1,0.05,DRF_1_AutoML_6_20260420_193105,target_lag2,1.7176177594065667
0,1,0.05,DRF_1_AutoML_6_20260420_193105,target_lag3,0.8795097551494837
0,1,0.05,DRF_1_AutoML_6_20260420_193105,target_lag4,0.3307418101094663
0,1,0.05,DRF_1_AutoML_6_20260420_193105,target_lag5,0.27712389087304473
0,1,0.05,DRF_1_AutoML_6_20260420_193105,target_lag6,0.20458013435825706
0,1,0.05,DRF_1_AutoML_6_20260420_193105,cov_HULL_lag1,0.9348505526781082
0,1,0.05,DRF_1_AutoML_6_20260420_193105,cov_MUFL_lag1,5.979790418148041
0,1,0.05,DRF_1_AutoML_6_20260420_193105,cov_MULL_lag1,0.794124313890934
0,1,0.05,DRF_1_AutoML_6_20260420_193105,cov_LUFL_lag1,0.13092856319621202
0,1,0.05,DRF_1_AutoML_6_20260420_193105,cov_LULL_lag1,0.226222480982542
0,1,0.05,DRF_1_AutoML_6_20260420_193105,cov_OT_lag1,0.9618371915817261
0,1,0.05,DRF_1_AutoML_6_20260420_193105,hour_lag1,0.3630006029829383
0,1,0.05,DRF_1_AutoML_6_20260420_193105,day_of_week_lag1,0.08941251683514562
0,1,0.05,DRF_1_AutoML_6_20260420_193105,month_lag1,0.08360376356984485
0,1,0.05,DRF_1_AutoML_6_20260420_193105,month_sin,0.13540046371519562
0,1,0.05,DRF_1_AutoML_6_20260420_193105,month_cos,0.10910942008718845
0,1,0.1,GBM_grid_1_AutoML_6_20260420_193105_model_3,target_lag1,1.8306898031383754
0,1,0.1,GBM_grid_1_AutoML_6_20260420_193105_model_3,target_lag2,1.5301136136054994
0,1,0.1,GBM_grid_1_AutoML_6_20260420_193105_model_3,target_lag3,1.0077136474940926
0,1,0.1,GBM_grid_1_AutoML_6_20260420_193105_model_3,target_lag4,0.5672363951802254
0,1,0.1,GBM_grid_1_AutoML_6_20260420_193105_model_3,target_lag5,0.28253648210316895
0,1,0.1,GBM_grid_1_AutoML_6_20260420_193105_model_3,target_lag6,0.2615385077148676
0,1,0.1,GBM_grid_1_AutoML_6_20260420_193105_model_3,cov_HULL_lag1,0.6311558470316231
0,1,0.1,GBM_grid_1_AutoML_6_20260420_193105_model_3,cov_MUFL_lag1,1.9577309022098779
0,1,0.1,GBM_grid_1_AutoML_6_20260420_193105_model_3,cov_MULL_lag1,0.12040715643204745
0,1,0.1,GBM_grid_1_AutoML_6_20260420_193105_model_3,cov_LUFL_lag1,0.21729593276977538
0,1,0.1,GBM_grid_1_AutoML_6_20260420_193105_model_3,cov_LULL_lag1,0.0371709448145702
0,1,0.1,GBM_grid_1_AutoML_6_20260420_193105_model_3,cov_OT_lag1,0.5329080470371992
0,1,0.1,GBM_grid_1_AutoML_6_20260420_193105_model_3,hour_lag1,0.6450295072328299
0,1,0.1,GBM_grid_1_AutoML_6_20260420_193105_model_3,day_of_week_lag1,0.05820563571993258
0,1,0.1,GBM_grid_1_AutoML_6_20260420_193105_model_3,month_lag1,0.09649306389037517
0,1,0.1,GBM_grid_1_AutoML_6_20260420_193105_model_3,month_sin,0.1345969713106751
0,1,0.1,GBM_grid_1_AutoML_6_20260420_193105_model_3,month_cos,0.0932088228827342
0,1,0.1,GBM_1_AutoML_6_20260420_193105,target_lag1,3.5305779469013214
0,1,0.1,GBM_1_AutoML_6_20260420_193105,target_lag2,0.8645460721105337
0,1,0.1,GBM_1_AutoML_6_20260420_193105,target_lag3,0.30054847547784447
0,1,0.1,GBM_1_AutoML_6_20260420_193105,target_lag4,0.20186537100235
0,1,0.1,GBM_1_AutoML_6_20260420_193105,target_lag5,0.237183745726943
0,1,0.1,GBM_1_AutoML_6_20260420_193105,target_lag6,0.2796096547134221
0,1,0.1,GBM_1_AutoML_6_20260420_193105,cov_HULL_lag1,0.6582309877499938
0,1,0.1,GBM_1_AutoML_6_20260420_193105,cov_MUFL_lag1,2.863726240992546
0,1,0.1,GBM_1_AutoML_6_20260420_193105,cov_MULL_lag1,0.13427591040730474
0,1,0.1,GBM_1_AutoML_6_20260420_193105,cov_LUFL_lag1,0.06379966767737638
0,1,0.1,GBM_1_AutoML_6_20260420_193105,cov_LULL_lag1,0.01780284563312302
0,1,0.1,GBM_1_AutoML_6_20260420_193105,cov_OT_lag1,0.3609484587516636
0,1,0.1,GBM_1_AutoML_6_20260420_193105,hour_lag1,0.9761838112026453
0,1,0.1,GBM_1_AutoML_6_20260420_193105,day_of_week_lag1,0.08027926580980417
0,1,0.1,GBM_1_AutoML_6_20260420_193105,month_lag1,0.15151291552581822
0,1,0.1,GBM_1_AutoML_6_20260420_193105,month_sin,0.07356595433782781
0,1,0.1,GBM_1_AutoML_6_20260420_193105,month_cos,0.042536498000845274
0,1,0.1,GBM_grid_1_AutoML_6_20260420_193105_model_1,target_lag1,2.386083768978715
0,1,0.1,GBM_grid_1_AutoML_6_20260420_193105_model_1,target_lag2,0.4669355356879532
0,1,0.1,GBM_grid_1_AutoML_6_20260420_193105_model_1,target_lag3,1.1695009985566138
0,1,0.1,GBM_grid_1_AutoML_6_20260420_193105_model_1,target_lag4,0.6631976472586394
0,1,0.1,GBM_grid_1_AutoML_6_20260420_193105_model_1,target_lag5,0.9390024890843779
0,1,0.1,GBM_grid_1_AutoML_6_20260420_193105_model_1,target_lag6,0.12564937549643218
0,1,0.1,GBM_grid_1_AutoML_6_20260420_193105_model_1,cov_HULL_lag1,0.7437106416281313
0,1,0.1,GBM_grid_1_AutoML_6_20260420_193105_model_1,cov_MUFL_lag1,1.898364717811346
0,1,0.1,GBM_grid_1_AutoML_6_20260420_193105_model_1,cov_MULL_lag1,0.23941925556398924
0,1,0.1,GBM_grid_1_AutoML_6_20260420_193105_model_1,cov_LUFL_lag1,0.2015629249252379
0,1,0.1,GBM_grid_1_AutoML_6_20260420_193105_model_1,cov_LULL_lag1,0.04596248603193085
0,1,0.1,GBM_grid_1_AutoML_6_20260420_193105_model_1,cov_OT_lag1,0.41308580687938956
0,1,0.1,GBM_grid_1_AutoML_6_20260420_193105_model_1,hour_lag1,0.5829779229313136
0,1,0.1,GBM_grid_1_AutoML_6_20260420_193105_model_1,day_of_week_lag1,0.07956740608555263
0,1,0.1,GBM_grid_1_AutoML_6_20260420_193105_model_1,month_lag1,0.08798677594400939
0,1,0.1,GBM_grid_1_AutoML_6_20260420_193105_model_1,month_sin,0.10796480881515887
0,1,0.1,GBM_grid_1_AutoML_6_20260420_193105_model_1,month_cos,0.1479885336477309
0,1,0.1,DRF_1_AutoML_6_20260420_193105,target_lag1,2.2623525416851042
0,1,0.1,DRF_1_AutoML_6_20260420_193105,target_lag2,1.7176177594065667
0,1,0.1,DRF_1_AutoML_6_20260420_193105,target_lag3,0.8795097551494837
0,1,0.1,DRF_1_AutoML_6_20260420_193105,target_lag4,0.3307418101094663
0,1,0.1,DRF_1_AutoML_6_20260420_193105,target_lag5,0.27712389087304473
0,1,0.1,DRF_1_AutoML_6_20260420_193105,target_lag6,0.20458013435825706
0,1,0.1,DRF_1_AutoML_6_20260420_193105,cov_HULL_lag1,0.9348505526781082
0,1,0.1,DRF_1_AutoML_6_20260420_193105,cov_MUFL_lag1,5.979790418148041
0,1,0.1,DRF_1_AutoML_6_20260420_193105,cov_MULL_lag1,0.794124313890934
0,1,0.1,DRF_1_AutoML_6_20260420_193105,cov_LUFL_lag1,0.13092856319621202
0,1,0.1,DRF_1_AutoML_6_20260420_193105,cov_LULL_lag1,0.226222480982542
0,1,0.1,DRF_1_AutoML_6_20260420_193105,cov_OT_lag1,0.9618371915817261
0,1,0.1,DRF_1_AutoML_6_20260420_193105,hour_lag1,0.3630006029829383
0,1,0.1,DRF_1_AutoML_6_20260420_193105,day_of_week_lag1,0.08941251683514562
0,1,0.1,DRF_1_AutoML_6_20260420_193105,month_lag1,0.08360376356984485
0,1,0.1,DRF_1_AutoML_6_20260420_193105,month_sin,0.13540046371519562
0,1,0.1,DRF_1_AutoML_6_20260420_193105,month_cos,0.10910942008718845
0,1,0.1,XRT_1_AutoML_6_20260420_193105,target_lag1,2.02253113925457
0,1,0.1,XRT_1_AutoML_6_20260420_193105,target_lag2,1.8963746923208236
0,1,0.1,XRT_1_AutoML_6_20260420_193105,target_lag3,1.0177758026123047
0,1,0.1,XRT_1_AutoML_6_20260420_193105,target_lag4,0.7505785025516525
0,1,0.1,XRT_1_AutoML_6_20260420_193105,target_lag5,0.21021077191457146
0,1,0.1,XRT_1_AutoML_6_20260420_193105,target_lag6,0.233435267098248
0,1,0.1,XRT_1_AutoML_6_20260420_193105,cov_HULL_lag1,0.8196778020076454
0,1,0.1,XRT_1_AutoML_6_20260420_193105,cov_MUFL_lag1,5.100570070743561
0,1,0.1,XRT_1_AutoML_6_20260420_193105,cov_MULL_lag1,0.958427697122097
0,1,0.1,XRT_1_AutoML_6_20260420_193105,cov_LUFL_lag1,0.1736575321294367
0,1,0.1,XRT_1_AutoML_6_20260420_193105,cov_LULL_lag1,0.2690038337185979
0,1,0.1,XRT_1_AutoML_6_20260420_193105,cov_OT_lag1,1.1790284353494644
0,1,0.1,XRT_1_AutoML_6_20260420_193105,hour_lag1,0.44215402165427803
0,1,0.1,XRT_1_AutoML_6_20260420_193105,day_of_week_lag1,0.3369954798091203
0,1,0.1,XRT_1_AutoML_6_20260420_193105,month_lag1,0.663119681738317
0,1,0.1,XRT_1_AutoML_6_20260420_193105,month_sin,0.11892900243401523
0,1,0.1,XRT_1_AutoML_6_20260420_193105,month_cos,0.18765237525105471
0,1,0.1,GBM_4_AutoML_6_20260420_193105,target_lag1,4.16291474044323
0,1,0.1,GBM_4_AutoML_6_20260420_193105,target_lag2,0.394938041716814
0,1,0.1,GBM_4_AutoML_6_20260420_193105,target_lag3,0.47815298594534394
0,1,0.1,GBM_4_AutoML_6_20260420_193105,target_lag4,0.2302487482316792
0,1,0.1,GBM_4_AutoML_6_20260420_193105,target_lag5,0.2208333670324646
0,1,0.1,GBM_4_AutoML_6_20260420_193105,target_lag6,0.13808926826575768
0,1,0.1,GBM_4_AutoML_6_20260420_193105,cov_HULL_lag1,0.33837767723947765
0,1,0.1,GBM_4_AutoML_6_20260420_193105,cov_MUFL_lag1,2.7679091319441795
0,1,0.1,GBM_4_AutoML_6_20260420_193105,cov_MULL_lag1,0.17470545431599016
0,1,0.1,GBM_4_AutoML_6_20260420_193105,cov_LUFL_lag1,0.10591619945131239
0,1,0.1,GBM_4_AutoML_6_20260420_193105,cov_LULL_lag1,0.03780537930084389
0,1,0.1,GBM_4_AutoML_6_20260420_193105,cov_OT_lag1,0.3935985440481454
0,1,0.1,GBM_4_AutoML_6_20260420_193105,hour_lag1,0.6905901238694787
0,1,0.1,GBM_4_AutoML_6_20260420_193105,day_of_week_lag1,0.09574156648479398
0,1,0.1,GBM_4_AutoML_6_20260420_193105,month_lag1,0.08683719357941296
0,1,0.1,GBM_4_AutoML_6_20260420_193105,month_sin,0.1136265975818969
0,1,0.1,GBM_4_AutoML_6_20260420_193105,month_cos,0.04808438764477611
0,1,0.1,GBM_grid_1_AutoML_6_20260420_193105_model_2,target_lag1,2.29742284655571
0,1,0.1,GBM_grid_1_AutoML_6_20260420_193105_model_2,target_lag2,1.0160312275588512
0,1,0.1,GBM_grid_1_AutoML_6_20260420_193105_model_2,target_lag3,0.5106663617491722
0,1,0.1,GBM_grid_1_AutoML_6_20260420_193105_model_2,target_lag4,0.42913038172991946
0,1,0.1,GBM_grid_1_AutoML_6_20260420_193105_model_2,target_lag5,0.3275354580208659
0,1,0.1,GBM_grid_1_AutoML_6_20260420_193105_model_2,target_lag6,0.15502670339774338
0,1,0.1,GBM_grid_1_AutoML_6_20260420_193105_model_2,cov_HULL_lag1,0.3728133238852024
0,1,0.1,GBM_grid_1_AutoML_6_20260420_193105_model_2,cov_MUFL_lag1,3.457593645453453
0,1,0.1,GBM_grid_1_AutoML_6_20260420_193105_model_2,cov_MULL_lag1,0.08231883589498462
0,1,0.1,GBM_grid_1_AutoML_6_20260420_193105_model_2,cov_LUFL_lag1,0.03256252046907315
0,1,0.1,GBM_grid_1_AutoML_6_20260420_193105_model_2,cov_LULL_lag1,0.005463462629122606
0,1,0.1,GBM_grid_1_AutoML_6_20260420_193105_model_2,cov_OT_lag1,0.3804932075366378
0,1,0.1,GBM_grid_1_AutoML_6_20260420_193105_model_2,hour_lag1,1.02597828656435
0,1,0.1,GBM_grid_1_AutoML_6_20260420_193105_model_2,day_of_week_lag1,0.05977852496551346
0,1,0.1,GBM_grid_1_AutoML_6_20260420_193105_model_2,month_lag1,0.14754787096753713
0,1,0.1,GBM_grid_1_AutoML_6_20260420_193105_model_2,month_sin,0.09157145920908075
0,1,0.1,GBM_grid_1_AutoML_6_20260420_193105_model_2,month_cos,0.09527645813301203
0,1,0.1,XGBoost_grid_1_AutoML_6_20260420_193105_model_3,target_lag1,3.6916029024124146
0,1,0.1,XGBoost_grid_1_AutoML_6_20260420_193105_model_3,target_lag2,0.8713398781418801
0,1,0.1,XGBoost_grid_1_AutoML_6_20260420_193105_model_3,target_lag3,0.3635228093992919
0,1,0.1,XGBoost_grid_1_AutoML_6_20260420_193105_model_3,target_lag4,0.28020740464446137
0,1,0.1,XGBoost_grid_1_AutoML_6_20260420_193105_model_3,target_lag5,0.3131206540297717
0,1,0.1,XGBoost_grid_1_AutoML_6_20260420_193105_model_3,target_lag6,0.3593704115971923
0,1,0.1,XGBoost_grid_1_AutoML_6_20260420_193105_model_3,cov_HULL_lag1,0.7270212618168443
0,1,0.1,XGBoost_grid_1_AutoML_6_20260420_193105_model_3,cov_MUFL_lag1,3.524283318519592
0,1,0.1,XGBoost_grid_1_AutoML_6_20260420_193105_model_3,cov_MULL_lag1,0.28725946342456155
0,1,0.1,XGBoost_grid_1_AutoML_6_20260420_193105_model_3,cov_LUFL_lag1,0.11602572049014266
0,1,0.1,XGBoost_grid_1_AutoML_6_20260420_193105_model_3,cov_LULL_lag1,0.132843192089349
0,1,0.1,XGBoost_grid_1_AutoML_6_20260420_193105_model_3,cov_OT_lag1,0.5329182970523835
0,1,0.1,XGBoost_grid_1_AutoML_6_20260420_193105_model_3,hour_lag1,1.2846098859608173
0,1,0.1,XGBoost_grid_1_AutoML_6_20260420_193105_model_3,day_of_week_lag1,0.17612905845046042
0,1,0.1,XGBoost_grid_1_AutoML_6_20260420_193105_model_3,month_lag1,0.12191643145866689
0,1,0.1,XGBoost_grid_1_AutoML_6_20260420_193105_model_3,month_sin,0.29634877101518214
0,1,0.1,XGBoost_grid_1_AutoML_6_20260420_193105_model_3,month_cos,0.03345948420930649
0,1,0.2,GBM_grid_1_AutoML_6_20260420_193105_model_3,target_lag1,1.8306898031383754
0,1,0.2,GBM_grid_1_AutoML_6_20260420_193105_model_3,target_lag2,1.5301136136054994
0,1,0.2,GBM_grid_1_AutoML_6_20260420_193105_model_3,target_lag3,1.0077136474940926
0,1,0.2,GBM_grid_1_AutoML_6_20260420_193105_model_3,target_lag4,0.5672363951802254
0,1,0.2,GBM_grid_1_AutoML_6_20260420_193105_model_3,target_lag5,0.28253648210316895
0,1,0.2,GBM_grid_1_AutoML_6_20260420_193105_model_3,target_lag6,0.2615385077148676
0,1,0.2,GBM_grid_1_AutoML_6_20260420_193105_model_3,cov_HULL_lag1,0.6311558470316231
0,1,0.2,GBM_grid_1_AutoML_6_20260420_193105_model_3,cov_MUFL_lag1,1.9577309022098779
0,1,0.2,GBM_grid_1_AutoML_6_20260420_193105_model_3,cov_MULL_lag1,0.12040715643204745
0,1,0.2,GBM_grid_1_AutoML_6_20260420_193105_model_3,cov_LUFL_lag1,0.21729593276977538
0,1,0.2,GBM_grid_1_AutoML_6_20260420_193105_model_3,cov_LULL_lag1,0.0371709448145702
0,1,0.2,GBM_grid_1_AutoML_6_20260420_193105_model_3,cov_OT_lag1,0.5329080470371992
0,1,0.2,GBM_grid_1_AutoML_6_20260420_193105_model_3,hour_lag1,0.6450295072328299
0,1,0.2,GBM_grid_1_AutoML_6_20260420_193105_model_3,day_of_week_lag1,0.05820563571993258
0,1,0.2,GBM_grid_1_AutoML_6_20260420_193105_model_3,month_lag1,0.09649306389037517
0,1,0.2,GBM_grid_1_AutoML_6_20260420_193105_model_3,month_sin,0.1345969713106751
0,1,0.2,GBM_grid_1_AutoML_6_20260420_193105_model_3,month_cos,0.0932088228827342
0,1,0.2,GBM_1_AutoML_6_20260420_193105,target_lag1,3.5305779469013214
0,1,0.2,GBM_1_AutoML_6_20260420_193105,target_lag2,0.8645460721105337
0,1,0.2,GBM_1_AutoML_6_20260420_193105,target_lag3,0.30054847547784447
0,1,0.2,GBM_1_AutoML_6_20260420_193105,target_lag4,0.20186537100235
0,1,0.2,GBM_1_AutoML_6_20260420_193105,target_lag5,0.237183745726943
0,1,0.2,GBM_1_AutoML_6_20260420_193105,target_lag6,0.2796096547134221
0,1,0.2,GBM_1_AutoML_6_20260420_193105,cov_HULL_lag1,0.6582309877499938
0,1,0.2,GBM_1_AutoML_6_20260420_193105,cov_MUFL_lag1,2.863726240992546
0,1,0.2,GBM_1_AutoML_6_20260420_193105,cov_MULL_lag1,0.13427591040730474
0,1,0.2,GBM_1_AutoML_6_20260420_193105,cov_LUFL_lag1,0.06379966767737638
0,1,0.2,GBM_1_AutoML_6_20260420_193105,cov_LULL_lag1,0.01780284563312302
0,1,0.2,GBM_1_AutoML_6_20260420_193105,cov_OT_lag1,0.3609484587516636
0,1,0.2,GBM_1_AutoML_6_20260420_193105,hour_lag1,0.9761838112026453
0,1,0.2,GBM_1_AutoML_6_20260420_193105,day_of_week_lag1,0.08027926580980417
0,1,0.2,GBM_1_AutoML_6_20260420_193105,month_lag1,0.15151291552581822
0,1,0.2,GBM_1_AutoML_6_20260420_193105,month_sin,0.07356595433782781
0,1,0.2,GBM_1_AutoML_6_20260420_193105,month_cos,0.042536498000845274
0,1,0.2,GBM_grid_1_AutoML_6_20260420_193105_model_1,target_lag1,2.386083768978715
0,1,0.2,GBM_grid_1_AutoML_6_20260420_193105_model_1,target_lag2,0.4669355356879532
0,1,0.2,GBM_grid_1_AutoML_6_20260420_193105_model_1,target_lag3,1.1695009985566138
0,1,0.2,GBM_grid_1_AutoML_6_20260420_193105_model_1,target_lag4,0.6631976472586394
0,1,0.2,GBM_grid_1_AutoML_6_20260420_193105_model_1,target_lag5,0.9390024890843779
0,1,0.2,GBM_grid_1_AutoML_6_20260420_193105_model_1,target_lag6,0.12564937549643218
0,1,0.2,GBM_grid_1_AutoML_6_20260420_193105_model_1,cov_HULL_lag1,0.7437106416281313
0,1,0.2,GBM_grid_1_AutoML_6_20260420_193105_model_1,cov_MUFL_lag1,1.898364717811346
0,1,0.2,GBM_grid_1_AutoML_6_20260420_193105_model_1,cov_MULL_lag1,0.23941925556398924
0,1,0.2,GBM_grid_1_AutoML_6_20260420_193105_model_1,cov_LUFL_lag1,0.2015629249252379
0,1,0.2,GBM_grid_1_AutoML_6_20260420_193105_model_1,cov_LULL_lag1,0.04596248603193085
0,1,0.2,GBM_grid_1_AutoML_6_20260420_193105_model_1,cov_OT_lag1,0.41308580687938956
0,1,0.2,GBM_grid_1_AutoML_6_20260420_193105_model_1,hour_lag1,0.5829779229313136
0,1,0.2,GBM_grid_1_AutoML_6_20260420_193105_model_1,day_of_week_lag1,0.07956740608555263
0,1,0.2,GBM_grid_1_AutoML_6_20260420_193105_model_1,month_lag1,0.08798677594400939
0,1,0.2,GBM_grid_1_AutoML_6_20260420_193105_model_1,month_sin,0.10796480881515887
0,1,0.2,GBM_grid_1_AutoML_6_20260420_193105_model_1,month_cos,0.1479885336477309
0,1,0.2,DRF_1_AutoML_6_20260420_193105,target_lag1,2.2623525416851042
0,1,0.2,DRF_1_AutoML_6_20260420_193105,target_lag2,1.7176177594065667
0,1,0.2,DRF_1_AutoML_6_20260420_193105,target_lag3,0.8795097551494837
0,1,0.2,DRF_1_AutoML_6_20260420_193105,target_lag4,0.3307418101094663
0,1,0.2,DRF_1_AutoML_6_20260420_193105,target_lag5,0.27712389087304473
0,1,0.2,DRF_1_AutoML_6_20260420_193105,target_lag6,0.20458013435825706
0,1,0.2,DRF_1_AutoML_6_20260420_193105,cov_HULL_lag1,0.9348505526781082
0,1,0.2,DRF_1_AutoML_6_20260420_193105,cov_MUFL_lag1,5.979790418148041
0,1,0.2,DRF_1_AutoML_6_20260420_193105,cov_MULL_lag1,0.794124313890934
0,1,0.2,DRF_1_AutoML_6_20260420_193105,cov_LUFL_lag1,0.13092856319621202
0,1,0.2,DRF_1_AutoML_6_20260420_193105,cov_LULL_lag1,0.226222480982542
0,1,0.2,DRF_1_AutoML_6_20260420_193105,cov_OT_lag1,0.9618371915817261
0,1,0.2,DRF_1_AutoML_6_20260420_193105,hour_lag1,0.3630006029829383
0,1,0.2,DRF_1_AutoML_6_20260420_193105,day_of_week_lag1,0.08941251683514562
0,1,0.2,DRF_1_AutoML_6_20260420_193105,month_lag1,0.08360376356984485
0,1,0.2,DRF_1_AutoML_6_20260420_193105,month_sin,0.13540046371519562
0,1,0.2,DRF_1_AutoML_6_20260420_193105,month_cos,0.10910942008718845
0,1,0.2,XRT_1_AutoML_6_20260420_193105,target_lag1,2.02253113925457
0,1,0.2,XRT_1_AutoML_6_20260420_193105,target_lag2,1.8963746923208236
0,1,0.2,XRT_1_AutoML_6_20260420_193105,target_lag3,1.0177758026123047
0,1,0.2,XRT_1_AutoML_6_20260420_193105,target_lag4,0.7505785025516525
0,1,0.2,XRT_1_AutoML_6_20260420_193105,target_lag5,0.21021077191457146
0,1,0.2,XRT_1_AutoML_6_20260420_193105,target_lag6,0.233435267098248
0,1,0.2,XRT_1_AutoML_6_20260420_193105,cov_HULL_lag1,0.8196778020076454
0,1,0.2,XRT_1_AutoML_6_20260420_193105,cov_MUFL_lag1,5.100570070743561
0,1,0.2,XRT_1_AutoML_6_20260420_193105,cov_MULL_lag1,0.958427697122097
0,1,0.2,XRT_1_AutoML_6_20260420_193105,cov_LUFL_lag1,0.1736575321294367
0,1,0.2,XRT_1_AutoML_6_20260420_193105,cov_LULL_lag1,0.2690038337185979
0,1,0.2,XRT_1_AutoML_6_20260420_193105,cov_OT_lag1,1.1790284353494644
0,1,0.2,XRT_1_AutoML_6_20260420_193105,hour_lag1,0.44215402165427803
0,1,0.2,XRT_1_AutoML_6_20260420_193105,day_of_week_lag1,0.3369954798091203
0,1,0.2,XRT_1_AutoML_6_20260420_193105,month_lag1,0.663119681738317
0,1,0.2,XRT_1_AutoML_6_20260420_193105,month_sin,0.11892900243401523
0,1,0.2,XRT_1_AutoML_6_20260420_193105,month_cos,0.18765237525105471
0,1,0.2,GBM_4_AutoML_6_20260420_193105,target_lag1,4.16291474044323
0,1,0.2,GBM_4_AutoML_6_20260420_193105,target_lag2,0.394938041716814
0,1,0.2,GBM_4_AutoML_6_20260420_193105,target_lag3,0.47815298594534394
0,1,0.2,GBM_4_AutoML_6_20260420_193105,target_lag4,0.2302487482316792
0,1,0.2,GBM_4_AutoML_6_20260420_193105,target_lag5,0.2208333670324646
0,1,0.2,GBM_4_AutoML_6_20260420_193105,target_lag6,0.13808926826575768
0,1,0.2,GBM_4_AutoML_6_20260420_193105,cov_HULL_lag1,0.33837767723947765
0,1,0.2,GBM_4_AutoML_6_20260420_193105,cov_MUFL_lag1,2.7679091319441795
0,1,0.2,GBM_4_AutoML_6_20260420_193105,cov_MULL_lag1,0.17470545431599016
0,1,0.2,GBM_4_AutoML_6_20260420_193105,cov_LUFL_lag1,0.10591619945131239
0,1,0.2,GBM_4_AutoML_6_20260420_193105,cov_LULL_lag1,0.03780537930084389
0,1,0.2,GBM_4_AutoML_6_20260420_193105,cov_OT_lag1,0.3935985440481454
0,1,0.2,GBM_4_AutoML_6_20260420_193105,hour_lag1,0.6905901238694787
0,1,0.2,GBM_4_AutoML_6_20260420_193105,day_of_week_lag1,0.09574156648479398
0,1,0.2,GBM_4_AutoML_6_20260420_193105,month_lag1,0.08683719357941296
0,1,0.2,GBM_4_AutoML_6_20260420_193105,month_sin,0.1136265975818969
0,1,0.2,GBM_4_AutoML_6_20260420_193105,month_cos,0.04808438764477611
0,1,0.2,GBM_grid_1_AutoML_6_20260420_193105_model_2,target_lag1,2.29742284655571
0,1,0.2,GBM_grid_1_AutoML_6_20260420_193105_model_2,target_lag2,1.0160312275588512
0,1,0.2,GBM_grid_1_AutoML_6_20260420_193105_model_2,target_lag3,0.5106663617491722
0,1,0.2,GBM_grid_1_AutoML_6_20260420_193105_model_2,target_lag4,0.42913038172991946
0,1,0.2,GBM_grid_1_AutoML_6_20260420_193105_model_2,target_lag5,0.3275354580208659
0,1,0.2,GBM_grid_1_AutoML_6_20260420_193105_model_2,target_lag6,0.15502670339774338
0,1,0.2,GBM_grid_1_AutoML_6_20260420_193105_model_2,cov_HULL_lag1,0.3728133238852024
0,1,0.2,GBM_grid_1_AutoML_6_20260420_193105_model_2,cov_MUFL_lag1,3.457593645453453
0,1,0.2,GBM_grid_1_AutoML_6_20260420_193105_model_2,cov_MULL_lag1,0.08231883589498462
0,1,0.2,GBM_grid_1_AutoML_6_20260420_193105_model_2,cov_LUFL_lag1,0.03256252046907315
0,1,0.2,GBM_grid_1_AutoML_6_20260420_193105_model_2,cov_LULL_lag1,0.005463462629122606
0,1,0.2,GBM_grid_1_AutoML_6_20260420_193105_model_2,cov_OT_lag1,0.3804932075366378
0,1,0.2,GBM_grid_1_AutoML_6_20260420_193105_model_2,hour_lag1,1.02597828656435
0,1,0.2,GBM_grid_1_AutoML_6_20260420_193105_model_2,day_of_week_lag1,0.05977852496551346
0,1,0.2,GBM_grid_1_AutoML_6_20260420_193105_model_2,month_lag1,0.14754787096753713
0,1,0.2,GBM_grid_1_AutoML_6_20260420_193105_model_2,month_sin,0.09157145920908075
0,1,0.2,GBM_grid_1_AutoML_6_20260420_193105_model_2,month_cos,0.09527645813301203
0,1,0.2,XGBoost_grid_1_AutoML_6_20260420_193105_model_3,target_lag1,3.6916029024124146
0,1,0.2,XGBoost_grid_1_AutoML_6_20260420_193105_model_3,target_lag2,0.8713398781418801
0,1,0.2,XGBoost_grid_1_AutoML_6_20260420_193105_model_3,target_lag3,0.3635228093992919
0,1,0.2,XGBoost_grid_1_AutoML_6_20260420_193105_model_3,target_lag4,0.28020740464446137
0,1,0.2,XGBoost_grid_1_AutoML_6_20260420_193105_model_3,target_lag5,0.3131206540297717
0,1,0.2,XGBoost_grid_1_AutoML_6_20260420_193105_model_3,target_lag6,0.3593704115971923
0,1,0.2,XGBoost_grid_1_AutoML_6_20260420_193105_model_3,cov_HULL_lag1,0.7270212618168443
0,1,0.2,XGBoost_grid_1_AutoML_6_20260420_193105_model_3,cov_MUFL_lag1,3.524283318519592
0,1,0.2,XGBoost_grid_1_AutoML_6_20260420_193105_model_3,cov_MULL_lag1,0.28725946342456155
0,1,0.2,XGBoost_grid_1_AutoML_6_20260420_193105_model_3,cov_LUFL_lag1,0.11602572049014266
0,1,0.2,XGBoost_grid_1_AutoML_6_20260420_193105_model_3,cov_LULL_lag1,0.132843192089349
0,1,0.2,XGBoost_grid_1_AutoML_6_20260420_193105_model_3,cov_OT_lag1,0.5329182970523835
0,1,0.2,XGBoost_grid_1_AutoML_6_20260420_193105_model_3,hour_lag1,1.2846098859608173
0,1,0.2,XGBoost_grid_1_AutoML_6_20260420_193105_model_3,day_of_week_lag1,0.17612905845046042
0,1,0.2,XGBoost_grid_1_AutoML_6_20260420_193105_model_3,month_lag1,0.12191643145866689
0,1,0.2,XGBoost_grid_1_AutoML_6_20260420_193105_model_3,month_sin,0.29634877101518214
0,1,0.2,XGBoost_grid_1_AutoML_6_20260420_193105_model_3,month_cos,0.03345948420930649
0,1,0.2,GBM_2_AutoML_6_20260420_193105,target_lag1,3.1921864581108093
0,1,0.2,GBM_2_AutoML_6_20260420_193105,target_lag2,0.6850217357091606
0,1,0.2,GBM_2_AutoML_6_20260420_193105,target_lag3,0.3195706459879875
0,1,0.2,GBM_2_AutoML_6_20260420_193105,target_lag4,0.27843150173313913
0,1,0.2,GBM_2_AutoML_6_20260420_193105,target_lag5,0.19412802005186677
0,1,0.2,GBM_2_AutoML_6_20260420_193105,target_lag6,0.1683855196274817
0,1,0.2,GBM_2_AutoML_6_20260420_193105,cov_HULL_lag1,0.2657140430249274
0,1,0.2,GBM_2_AutoML_6_20260420_193105,cov_MUFL_lag1,3.5758572280406953
0,1,0.2,GBM_2_AutoML_6_20260420_193105,cov_MULL_lag1,0.2652309960313141
0,1,0.2,GBM_2_AutoML_6_20260420_193105,cov_LUFL_lag1,0.10269507781136777
0,1,0.2,GBM_2_AutoML_6_20260420_193105,cov_LULL_lag1,0.013653639302356127
0,1,0.2,GBM_2_AutoML_6_20260420_193105,cov_OT_lag1,0.5411033235862851
0,1,0.2,GBM_2_AutoML_6_20260420_193105,hour_lag1,0.8041440692543983
0,1,0.2,GBM_2_AutoML_6_20260420_193105,day_of_week_lag1,0.06299274448771025
0,1,0.2,GBM_2_AutoML_6_20260420_193105,month_lag1,0.0883626369014382
0,1,0.2,GBM_2_AutoML_6_20260420_193105,month_sin,0.0694559049000963
0,1,0.2,GBM_2_AutoML_6_20260420_193105,month_cos,0.10874504008679647
0,1,0.2,GBM_3_AutoML_6_20260420_193105,target_lag1,2.477135382061824
0,1,0.2,GBM_3_AutoML_6_20260420_193105,target_lag2,0.7499877684935927
0,1,0.2,GBM_3_AutoML_6_20260420_193105,target_lag3,1.1484050995856523
0,1,0.2,GBM_3_AutoML_6_20260420_193105,target_lag4,0.19457218769937754
0,1,0.2,GBM_3_AutoML_6_20260420_193105,target_lag5,0.12757725466042755
0,1,0.2,GBM_3_AutoML_6_20260420_193105,target_lag6,0.17938807950005864
0,1,0.2,GBM_3_AutoML_6_20260420_193105,cov_HULL_lag1,0.36382245757151394
0,1,0.2,GBM_3_AutoML_6_20260420_193105,cov_MUFL_lag1,3.451507335305214
0,1,0.2,GBM_3_AutoML_6_20260420_193105,cov_MULL_lag1,0.1776483357325196
0,1,0.2,GBM_3_AutoML_6_20260420_193105,cov_LUFL_lag1,0.09003223910927768
0,1,0.2,GBM_3_AutoML_6_20260420_193105,cov_LULL_lag1,0.02200106628646604
0,1,0.2,GBM_3_AutoML_6_20260420_193105,cov_OT_lag1,0.41321010448038575
0,1,0.2,GBM_3_AutoML_6_20260420_193105,hour_lag1,0.7837168435752392
0,1,0.2,GBM_3_AutoML_6_20260420_193105,day_of_week_lag1,0.07435051794163879
0,1,0.2,GBM_3_AutoML_6_20260420_193105,month_lag1,0.13054518710821864
0,1,0.2,GBM_3_AutoML_6_20260420_193105,month_sin,0.2392711817845702
0,1,0.2,GBM_3_AutoML_6_20260420_193105,month_cos,0.055169621948152746
0,1,0.2,XGBoost_grid_1_AutoML_6_20260420_193105_model_2,target_lag1,3.102720888853073
0,1,0.2,XGBoost_grid_1_AutoML_6_20260420_193105_model_2,target_lag2,1.3801526625454426
0,1,0.2,XGBoost_grid_1_AutoML_6_20260420_193105_model_2,target_lag3,0.48953561976552007
0,1,0.2,XGBoost_grid_1_AutoML_6_20260420_193105_model_2,target_lag4,0.5979650812380715
0,1,0.2,XGBoost_grid_1_AutoML_6_20260420_193105_model_2,target_lag5,0.2019337594602257
0,1,0.2,XGBoost_grid_1_AutoML_6_20260420_193105_model_2,target_lag6,0.33339884666260333
0,1,0.2,XGBoost_grid_1_AutoML_6_20260420_193105_model_2,cov_HULL_lag1,0.2780100605636835
0,1,0.2,XGBoost_grid_1_AutoML_6_20260420_193105_model_2,cov_MUFL_lag1,1.8110602600313723
0,1,0.2,XGBoost_grid_1_AutoML_6_20260420_193105_model_2,cov_MULL_lag1,0.49708147293888033
0,1,0.2,XGBoost_grid_1_AutoML_6_20260420_193105_model_2,cov_LUFL_lag1,0.252564463512972
0,1,0.2,XGBoost_grid_1_AutoML_6_20260420_193105_model_2,cov_LULL_lag1,0.019858720194897567
0,1,0.2,XGBoost_grid_1_AutoML_6_20260420_193105_model_2,cov_OT_lag1,0.6247659396566451
0,1,0.2,XGBoost_grid_1_AutoML_6_20260420_193105_model_2,hour_lag1,0.9785894249379635
0,1,0.2,XGBoost_grid_1_AutoML_6_20260420_193105_model_2,day_of_week_lag1,0.09385888052172955
0,1,0.2,XGBoost_grid_1_AutoML_6_20260420_193105_model_2,month_lag1,0.14840016238391399
0,1,0.2,XGBoost_grid_1_AutoML_6_20260420_193105_model_2,month_sin,0.16894091569818556
0,1,0.2,XGBoost_grid_1_AutoML_6_20260420_193105_model_2,month_cos,0.29250504313968123
0,1,0.2,GBM_5_AutoML_6_20260420_193105,target_lag1,3.321472326628864
0,1,0.2,GBM_5_AutoML_6_20260420_193105,target_lag2,0.6783800326101482
0,1,0.2,GBM_5_AutoML_6_20260420_193105,target_lag3,0.5955581833049655
0,1,0.2,GBM_5_AutoML_6_20260420_193105,target_lag4,0.25920114285778256
0,1,0.2,GBM_5_AutoML_6_20260420_193105,target_lag5,0.1652735589072108
0,1,0.2,GBM_5_AutoML_6_20260420_193105,target_lag6,0.2059960073698312
0,1,0.2,GBM_5_AutoML_6_20260420_193105,cov_HULL_lag1,0.37444408442359417
0,1,0.2,GBM_5_AutoML_6_20260420_193105,cov_MUFL_lag1,3.5123887714743613
0,1,0.2,GBM_5_AutoML_6_20260420_193105,cov_MULL_lag1,0.21382470817305146
0,1,0.2,GBM_5_AutoML_6_20260420_193105,cov_LUFL_lag1,0.11208326110616323
0,1,0.2,GBM_5_AutoML_6_20260420_193105,cov_LULL_lag1,0.04303060506936157
0,1,0.2,GBM_5_AutoML_6_20260420_193105,cov_OT_lag1,0.46911330985603855
0,1,0.2,GBM_5_AutoML_6_20260420_193105,hour_lag1,0.9374876257777214
0,1,0.2,GBM_5_AutoML_6_20260420_193105,day_of_week_lag1,0.06938722182763735
0,1,0.2,GBM_5_AutoML_6_20260420_193105,month_lag1,0.08485119470744389
0,1,0.2,GBM_5_AutoML_6_20260420_193105,month_sin,0.17644596928730608
0,1,0.2,GBM_5_AutoML_6_20260420_193105,month_cos,0.05036932074464853
0,1,0.2,XGBoost_3_AutoML_6_20260420_193105,target_lag1,3.2296343022957443
0,1,0.2,XGBoost_3_AutoML_6_20260420_193105,target_lag2,0.9054075057804585
0,1,0.2,XGBoost_3_AutoML_6_20260420_193105,target_lag3,0.2968485712632537
0,1,0.2,XGBoost_3_AutoML_6_20260420_193105,target_lag4,0.4629891533916816
0,1,0.2,XGBoost_3_AutoML_6_20260420_193105,target_lag5,0.3692121285572648
0,1,0.2,XGBoost_3_AutoML_6_20260420_193105,target_lag6,0.33997165435925125
0,1,0.2,XGBoost_3_AutoML_6_20260420_193105,cov_HULL_lag1,0.4281398465158418
0,1,0.2,XGBoost_3_AutoML_6_20260420_193105,cov_MUFL_lag1,3.278218660056591
0,1,0.2,XGBoost_3_AutoML_6_20260420_193105,cov_MULL_lag1,0.2294483073428273
0,1,0.2,XGBoost_3_AutoML_6_20260420_193105,cov_LUFL_lag1,0.2206210483238101
0,1,0.2,XGBoost_3_AutoML_6_20260420_193105,cov_LULL_lag1,0.048674190216697714
0,1,0.2,XGBoost_3_AutoML_6_20260420_193105,cov_OT_lag1,0.6339959231772809
0,1,0.2,XGBoost_3_AutoML_6_20260420_193105,hour_lag1,1.1933268075436354
0,1,0.2,XGBoost_3_AutoML_6_20260420_193105,day_of_week_lag1,0.12284441632451486
0,1,0.2,XGBoost_3_AutoML_6_20260420_193105,month_lag1,0.14365572174079713
0,1,0.2,XGBoost_3_AutoML_6_20260420_193105,month_sin,0.24416846008971332
0,1,0.2,XGBoost_3_AutoML_6_20260420_193105,month_cos,0.17040482187643646
0,1,0.2,XGBoost_grid_1_AutoML_6_20260420_193105_model_1,target_lag1,2.692561024427414
0,1,0.2,XGBoost_grid_1_AutoML_6_20260420_193105_model_1,target_lag2,1.6130645909626038
0,1,0.2,XGBoost_grid_1_AutoML_6_20260420_193105_model_1,target_lag3,0.4537911036983132
0,1,0.2,XGBoost_grid_1_AutoML_6_20260420_193105_model_1,target_lag4,0.37267280313186346
0,1,0.2,XGBoost_grid_1_AutoML_6_20260420_193105_model_1,target_lag5,0.25689101841300727
0,1,0.2,XGBoost_grid_1_AutoML_6_20260420_193105_model_1,target_lag6,0.2242612843168899
0,1,0.2,XGBoost_grid_1_AutoML_6_20260420_193105_model_1,cov_HULL_lag1,0.5289175441116094
0,1,0.2,XGBoost_grid_1_AutoML_6_20260420_193105_model_1,cov_MUFL_lag1,3.438067326368764
0,1,0.2,XGBoost_grid_1_AutoML_6_20260420_193105_model_1,cov_MULL_lag1,0.2563013910013251
0,1,0.2,XGBoost_grid_1_AutoML_6_20260420_193105_model_1,cov_LUFL_lag1,0.2623148473072797
0,1,0.2,XGBoost_grid_1_AutoML_6_20260420_193105_model_1,cov_LULL_lag1,0.06406934576109048
0,1,0.2,XGBoost_grid_1_AutoML_6_20260420_193105_model_1,cov_OT_lag1,0.6702238648757338
0,1,0.2,XGBoost_grid_1_AutoML_6_20260420_193105_model_1,hour_lag1,0.9498871037131176
0,1,0.2,XGBoost_grid_1_AutoML_6_20260420_193105_model_1,day_of_week_lag1,0.10855463251471516
0,1,0.2,XGBoost_grid_1_AutoML_6_20260420_193105_model_1,month_lag1,0.11197978744283316
0,1,0.2,XGBoost_grid_1_AutoML_6_20260420_193105_model_1,month_sin,0.4367746737552807
0,1,0.2,XGBoost_grid_1_AutoML_6_20260420_193105_model_1,month_cos,0.12171771698165681
0,1,0.2,XGBoost_2_AutoML_6_20260420_193105,target_lag1,2.9801004888117313
0,1,0.2,XGBoost_2_AutoML_6_20260420_193105,target_lag2,0.9059490239620209
0,1,0.2,XGBoost_2_AutoML_6_20260420_193105,target_lag3,0.5695678024488734
0,1,0.2,XGBoost_2_AutoML_6_20260420_193105,target_lag4,0.3385767311882228
0,1,0.2,XGBoost_2_AutoML_6_20260420_193105,target_lag5,0.3003461178019643
0,1,0.2,XGBoost_2_AutoML_6_20260420_193105,target_lag6,0.2253081314219162
0,1,0.2,XGBoost_2_AutoML_6_20260420_193105,cov_HULL_lag1,0.4608148763421923
0,1,0.2,XGBoost_2_AutoML_6_20260420_193105,cov_MUFL_lag1,2.815072001218796
0,1,0.2,XGBoost_2_AutoML_6_20260420_193105,cov_MULL_lag1,0.4091803112137131
0,1,0.2,XGBoost_2_AutoML_6_20260420_193105,cov_LUFL_lag1,0.2699523764848709
0,1,0.2,XGBoost_2_AutoML_6_20260420_193105,cov_LULL_lag1,0.04635979652870443
0,1,0.2,XGBoost_2_AutoML_6_20260420_193105,cov_OT_lag1,0.6442749645002186
0,1,0.2,XGBoost_2_AutoML_6_20260420_193105,hour_lag1,0.8807798139192164
0,1,0.2,XGBoost_2_AutoML_6_20260420_193105,day_of_week_lag1,0.1501166098332032
0,1,0.2,XGBoost_2_AutoML_6_20260420_193105,month_lag1,0.16032628778368235
0,1,0.2,XGBoost_2_AutoML_6_20260420_193105,month_sin,0.07542494016524866
0,1,0.2,XGBoost_2_AutoML_6_20260420_193105,month_cos,0.1251625638734549
0,1,0.2,XGBoost_1_AutoML_6_20260420_193105,target_lag1,2.507080863527954
0,1,0.2,XGBoost_1_AutoML_6_20260420_193105,target_lag2,1.1677407402172684
0,1,0.2,XGBoost_1_AutoML_6_20260420_193105,target_lag3,0.25750012550503015
0,1,0.2,XGBoost_1_AutoML_6_20260420_193105,target_lag4,0.2900854982016608
0,1,0.2,XGBoost_1_AutoML_6_20260420_193105,target_lag5,0.2604691071761772
0,1,0.2,XGBoost_1_AutoML_6_20260420_193105,target_lag6,0.4271573266386986
0,1,0.2,XGBoost_1_AutoML_6_20260420_193105,cov_HULL_lag1,0.7319166486524046
0,1,0.2,XGBoost_1_AutoML_6_20260420_193105,cov_MUFL_lag1,3.711967190206051
0,1,0.2,XGBoost_1_AutoML_6_20260420_193105,cov_MULL_lag1,0.368548502177
0,1,0.2,XGBoost_1_AutoML_6_20260420_193105,cov_LUFL_lag1,0.2193465495132841
0,1,0.2,XGBoost_1_AutoML_6_20260420_193105,cov_LULL_lag1,0.14114164341241117
0,1,0.2,XGBoost_1_AutoML_6_20260420_193105,cov_OT_lag1,0.5462251664604991
0,1,0.2,XGBoost_1_AutoML_6_20260420_193105,hour_lag1,0.9525597671046853
0,1,0.2,XGBoost_1_AutoML_6_20260420_193105,day_of_week_lag1,0.13196408657357092
0,1,0.2,XGBoost_1_AutoML_6_20260420_193105,month_lag1,0.11262226649560031
0,1,0.2,XGBoost_1_AutoML_6_20260420_193105,month_sin,0.5437437725812196
0,1,0.2,XGBoost_1_AutoML_6_20260420_193105,month_cos,0.08581168881617483
0,1,0.2,XGBoost_grid_1_AutoML_6_20260420_193105_model_5,target_lag1,4.17851410612464
0,1,0.2,XGBoost_grid_1_AutoML_6_20260420_193105_model_5,target_lag2,0.5010574087430723
0,1,0.2,XGBoost_grid_1_AutoML_6_20260420_193105_model_5,target_lag3,0.591172550227493
0,1,0.2,XGBoost_grid_1_AutoML_6_20260420_193105_model_5,target_lag4,0.5121972601022571
0,1,0.2,XGBoost_grid_1_AutoML_6_20260420_193105_model_5,target_lag5,0.3508850963041186
0,1,0.2,XGBoost_grid_1_AutoML_6_20260420_193105_model_5,target_lag6,0.29820114504545925
0,1,0.2,XGBoost_grid_1_AutoML_6_20260420_193105_model_5,cov_HULL_lag1,0.5218964570318348
0,1,0.2,XGBoost_grid_1_AutoML_6_20260420_193105_model_5,cov_MUFL_lag1,3.2801642803288997
0,1,0.2,XGBoost_grid_1_AutoML_6_20260420_193105_model_5,cov_MULL_lag1,0.2794201697409153
0,1,0.2,XGBoost_grid_1_AutoML_6_20260420_193105_model_5,cov_LUFL_lag1,0.2551630397327244
0,1,0.2,XGBoost_grid_1_AutoML_6_20260420_193105_model_5,cov_LULL_lag1,0.05301180857000868
0,1,0.2,XGBoost_grid_1_AutoML_6_20260420_193105_model_5,cov_OT_lag1,0.32092371514067053
0,1,0.2,XGBoost_grid_1_AutoML_6_20260420_193105_model_5,hour_lag1,0.9582661334215663
0,1,0.2,XGBoost_grid_1_AutoML_6_20260420_193105_model_5,day_of_week_lag1,0.17304735923884437
0,1,0.2,XGBoost_grid_1_AutoML_6_20260420_193105_model_5,month_lag1,0.18100082288961858
0,1,0.2,XGBoost_grid_1_AutoML_6_20260420_193105_model_5,month_sin,0.1263321351772174
0,1,0.2,XGBoost_grid_1_AutoML_6_20260420_193105_model_5,month_cos,0.15365837548859415
0,1,0.2,XGBoost_grid_1_AutoML_6_20260420_193105_model_4,target_lag1,3.0828623417019845
0,1,0.2,XGBoost_grid_1_AutoML_6_20260420_193105_model_4,target_lag2,0.27734711587429045
0,1,0.2,XGBoost_grid_1_AutoML_6_20260420_193105_model_4,target_lag3,0.2753689202637179
0,1,0.2,XGBoost_grid_1_AutoML_6_20260420_193105_model_4,target_lag4,0.4093421609699726
0,1,0.2,XGBoost_grid_1_AutoML_6_20260420_193105_model_4,target_lag5,0.1513553162757307
0,1,0.2,XGBoost_grid_1_AutoML_6_20260420_193105_model_4,target_lag6,0.20420321103185413
0,1,0.2,XGBoost_grid_1_AutoML_6_20260420_193105_model_4,cov_HULL_lag1,0.35070578414015474
0,1,0.2,XGBoost_grid_1_AutoML_6_20260420_193105_model_4,cov_MUFL_lag1,3.830727009177208
0,1,0.2,XGBoost_grid_1_AutoML_6_20260420_193105_model_4,cov_MULL_lag1,0.2541432197578251
0,1,0.2,XGBoost_grid_1_AutoML_6_20260420_193105_model_4,cov_LUFL_lag1,0.1543589490931481
0,1,0.2,XGBoost_grid_1_AutoML_6_20260420_193105_model_4,cov_LULL_lag1,0.046139067834010304
0,1,0.2,XGBoost_grid_1_AutoML_6_20260420_193105_model_4,cov_OT_lag1,0.5080069510359317
0,1,0.2,XGBoost_grid_1_AutoML_6_20260420_193105_model_4,hour_lag1,0.7476572106778622
0,1,0.2,XGBoost_grid_1_AutoML_6_20260420_193105_model_4,day_of_week_lag1,0.07262613973114636
0,1,0.2,XGBoost_grid_1_AutoML_6_20260420_193105_model_4,month_lag1,0.1088754977798089
0,1,0.2,XGBoost_grid_1_AutoML_6_20260420_193105_model_4,month_sin,0.12142962382175025
0,1,0.2,XGBoost_grid_1_AutoML_6_20260420_193105_model_4,month_cos,0.09925376279861663
0,1,0.3,GBM_grid_1_AutoML_6_20260420_193105_model_3,target_lag1,1.8306898031383754
0,1,0.3,GBM_grid_1_AutoML_6_20260420_193105_model_3,target_lag2,1.5301136136054994
0,1,0.3,GBM_grid_1_AutoML_6_20260420_193105_model_3,target_lag3,1.0077136474940926
0,1,0.3,GBM_grid_1_AutoML_6_20260420_193105_model_3,target_lag4,0.5672363951802254
0,1,0.3,GBM_grid_1_AutoML_6_20260420_193105_model_3,target_lag5,0.28253648210316895
0,1,0.3,GBM_grid_1_AutoML_6_20260420_193105_model_3,target_lag6,0.2615385077148676
0,1,0.3,GBM_grid_1_AutoML_6_20260420_193105_model_3,cov_HULL_lag1,0.6311558470316231
0,1,0.3,GBM_grid_1_AutoML_6_20260420_193105_model_3,cov_MUFL_lag1,1.9577309022098779
0,1,0.3,GBM_grid_1_AutoML_6_20260420_193105_model_3,cov_MULL_lag1,0.12040715643204745
0,1,0.3,GBM_grid_1_AutoML_6_20260420_193105_model_3,cov_LUFL_lag1,0.21729593276977538
0,1,0.3,GBM_grid_1_AutoML_6_20260420_193105_model_3,cov_LULL_lag1,0.0371709448145702
0,1,0.3,GBM_grid_1_AutoML_6_20260420_193105_model_3,cov_OT_lag1,0.5329080470371992
0,1,0.3,GBM_grid_1_AutoML_6_20260420_193105_model_3,hour_lag1,0.6450295072328299
0,1,0.3,GBM_grid_1_AutoML_6_20260420_193105_model_3,day_of_week_lag1,0.05820563571993258
0,1,0.3,GBM_grid_1_AutoML_6_20260420_193105_model_3,month_lag1,0.09649306389037517
0,1,0.3,GBM_grid_1_AutoML_6_20260420_193105_model_3,month_sin,0.1345969713106751
0,1,0.3,GBM_grid_1_AutoML_6_20260420_193105_model_3,month_cos,0.0932088228827342
0,1,0.3,GBM_1_AutoML_6_20260420_193105,target_lag1,3.5305779469013214
0,1,0.3,GBM_1_AutoML_6_20260420_193105,target_lag2,0.8645460721105337
0,1,0.3,GBM_1_AutoML_6_20260420_193105,target_lag3,0.30054847547784447
0,1,0.3,GBM_1_AutoML_6_20260420_193105,target_lag4,0.20186537100235
0,1,0.3,GBM_1_AutoML_6_20260420_193105,target_lag5,0.237183745726943
0,1,0.3,GBM_1_AutoML_6_20260420_193105,target_lag6,0.2796096547134221
0,1,0.3,GBM_1_AutoML_6_20260420_193105,cov_HULL_lag1,0.6582309877499938
0,1,0.3,GBM_1_AutoML_6_20260420_193105,cov_MUFL_lag1,2.863726240992546
0,1,0.3,GBM_1_AutoML_6_20260420_193105,cov_MULL_lag1,0.13427591040730474
0,1,0.3,GBM_1_AutoML_6_20260420_193105,cov_LUFL_lag1,0.06379966767737638
0,1,0.3,GBM_1_AutoML_6_20260420_193105,cov_LULL_lag1,0.01780284563312302
0,1,0.3,GBM_1_AutoML_6_20260420_193105,cov_OT_lag1,0.3609484587516636
0,1,0.3,GBM_1_AutoML_6_20260420_193105,hour_lag1,0.9761838112026453
0,1,0.3,GBM_1_AutoML_6_20260420_193105,day_of_week_lag1,0.08027926580980417
0,1,0.3,GBM_1_AutoML_6_20260420_193105,month_lag1,0.15151291552581822
0,1,0.3,GBM_1_AutoML_6_20260420_193105,month_sin,0.07356595433782781
0,1,0.3,GBM_1_AutoML_6_20260420_193105,month_cos,0.042536498000845274
0,1,0.3,GBM_grid_1_AutoML_6_20260420_193105_model_1,target_lag1,2.386083768978715
0,1,0.3,GBM_grid_1_AutoML_6_20260420_193105_model_1,target_lag2,0.4669355356879532
0,1,0.3,GBM_grid_1_AutoML_6_20260420_193105_model_1,target_lag3,1.1695009985566138
0,1,0.3,GBM_grid_1_AutoML_6_20260420_193105_model_1,target_lag4,0.6631976472586394
0,1,0.3,GBM_grid_1_AutoML_6_20260420_193105_model_1,target_lag5,0.9390024890843779
0,1,0.3,GBM_grid_1_AutoML_6_20260420_193105_model_1,target_lag6,0.12564937549643218
0,1,0.3,GBM_grid_1_AutoML_6_20260420_193105_model_1,cov_HULL_lag1,0.7437106416281313
0,1,0.3,GBM_grid_1_AutoML_6_20260420_193105_model_1,cov_MUFL_lag1,1.898364717811346
0,1,0.3,GBM_grid_1_AutoML_6_20260420_193105_model_1,cov_MULL_lag1,0.23941925556398924
0,1,0.3,GBM_grid_1_AutoML_6_20260420_193105_model_1,cov_LUFL_lag1,0.2015629249252379
0,1,0.3,GBM_grid_1_AutoML_6_20260420_193105_model_1,cov_LULL_lag1,0.04596248603193085
0,1,0.3,GBM_grid_1_AutoML_6_20260420_193105_model_1,cov_OT_lag1,0.41308580687938956
0,1,0.3,GBM_grid_1_AutoML_6_20260420_193105_model_1,hour_lag1,0.5829779229313136
0,1,0.3,GBM_grid_1_AutoML_6_20260420_193105_model_1,day_of_week_lag1,0.07956740608555263
0,1,0.3,GBM_grid_1_AutoML_6_20260420_193105_model_1,month_lag1,0.08798677594400939
0,1,0.3,GBM_grid_1_AutoML_6_20260420_193105_model_1,month_sin,0.10796480881515887
0,1,0.3,GBM_grid_1_AutoML_6_20260420_193105_model_1,month_cos,0.1479885336477309
0,1,0.3,DRF_1_AutoML_6_20260420_193105,target_lag1,2.2623525416851042
0,1,0.3,DRF_1_AutoML_6_20260420_193105,target_lag2,1.7176177594065667
0,1,0.3,DRF_1_AutoML_6_20260420_193105,target_lag3,0.8795097551494837
0,1,0.3,DRF_1_AutoML_6_20260420_193105,target_lag4,0.3307418101094663
0,1,0.3,DRF_1_AutoML_6_20260420_193105,target_lag5,0.27712389087304473
0,1,0.3,DRF_1_AutoML_6_20260420_193105,target_lag6,0.20458013435825706
0,1,0.3,DRF_1_AutoML_6_20260420_193105,cov_HULL_lag1,0.9348505526781082
0,1,0.3,DRF_1_AutoML_6_20260420_193105,cov_MUFL_lag1,5.979790418148041
0,1,0.3,DRF_1_AutoML_6_20260420_193105,cov_MULL_lag1,0.794124313890934
0,1,0.3,DRF_1_AutoML_6_20260420_193105,cov_LUFL_lag1,0.13092856319621202
0,1,0.3,DRF_1_AutoML_6_20260420_193105,cov_LULL_lag1,0.226222480982542
0,1,0.3,DRF_1_AutoML_6_20260420_193105,cov_OT_lag1,0.9618371915817261
0,1,0.3,DRF_1_AutoML_6_20260420_193105,hour_lag1,0.3630006029829383
0,1,0.3,DRF_1_AutoML_6_20260420_193105,day_of_week_lag1,0.08941251683514562
0,1,0.3,DRF_1_AutoML_6_20260420_193105,month_lag1,0.08360376356984485
0,1,0.3,DRF_1_AutoML_6_20260420_193105,month_sin,0.13540046371519562
0,1,0.3,DRF_1_AutoML_6_20260420_193105,month_cos,0.10910942008718845
0,1,0.3,XRT_1_AutoML_6_20260420_193105,target_lag1,2.02253113925457
0,1,0.3,XRT_1_AutoML_6_20260420_193105,target_lag2,1.8963746923208236
0,1,0.3,XRT_1_AutoML_6_20260420_193105,target_lag3,1.0177758026123047
0,1,0.3,XRT_1_AutoML_6_20260420_193105,target_lag4,0.7505785025516525
0,1,0.3,XRT_1_AutoML_6_20260420_193105,target_lag5,0.21021077191457146
0,1,0.3,XRT_1_AutoML_6_20260420_193105,target_lag6,0.233435267098248
0,1,0.3,XRT_1_AutoML_6_20260420_193105,cov_HULL_lag1,0.8196778020076454
0,1,0.3,XRT_1_AutoML_6_20260420_193105,cov_MUFL_lag1,5.100570070743561
0,1,0.3,XRT_1_AutoML_6_20260420_193105,cov_MULL_lag1,0.958427697122097
0,1,0.3,XRT_1_AutoML_6_20260420_193105,cov_LUFL_lag1,0.1736575321294367
0,1,0.3,XRT_1_AutoML_6_20260420_193105,cov_LULL_lag1,0.2690038337185979
0,1,0.3,XRT_1_AutoML_6_20260420_193105,cov_OT_lag1,1.1790284353494644
0,1,0.3,XRT_1_AutoML_6_20260420_193105,hour_lag1,0.44215402165427803
0,1,0.3,XRT_1_AutoML_6_20260420_193105,day_of_week_lag1,0.3369954798091203
0,1,0.3,XRT_1_AutoML_6_20260420_193105,month_lag1,0.663119681738317
0,1,0.3,XRT_1_AutoML_6_20260420_193105,month_sin,0.11892900243401523
0,1,0.3,XRT_1_AutoML_6_20260420_193105,month_cos,0.18765237525105471
0,1,0.3,GBM_4_AutoML_6_20260420_193105,target_lag1,4.16291474044323
0,1,0.3,GBM_4_AutoML_6_20260420_193105,target_lag2,0.394938041716814
0,1,0.3,GBM_4_AutoML_6_20260420_193105,target_lag3,0.47815298594534394
0,1,0.3,GBM_4_AutoML_6_20260420_193105,target_lag4,0.2302487482316792
0,1,0.3,GBM_4_AutoML_6_20260420_193105,target_lag5,0.2208333670324646
0,1,0.3,GBM_4_AutoML_6_20260420_193105,target_lag6,0.13808926826575768
0,1,0.3,GBM_4_AutoML_6_20260420_193105,cov_HULL_lag1,0.33837767723947765
0,1,0.3,GBM_4_AutoML_6_20260420_193105,cov_MUFL_lag1,2.7679091319441795
0,1,0.3,GBM_4_AutoML_6_20260420_193105,cov_MULL_lag1,0.17470545431599016
0,1,0.3,GBM_4_AutoML_6_20260420_193105,cov_LUFL_lag1,0.10591619945131239
0,1,0.3,GBM_4_AutoML_6_20260420_193105,cov_LULL_lag1,0.03780537930084389
0,1,0.3,GBM_4_AutoML_6_20260420_193105,cov_OT_lag1,0.3935985440481454
0,1,0.3,GBM_4_AutoML_6_20260420_193105,hour_lag1,0.6905901238694787
0,1,0.3,GBM_4_AutoML_6_20260420_193105,day_of_week_lag1,0.09574156648479398
0,1,0.3,GBM_4_AutoML_6_20260420_193105,month_lag1,0.08683719357941296
0,1,0.3,GBM_4_AutoML_6_20260420_193105,month_sin,0.1136265975818969
0,1,0.3,GBM_4_AutoML_6_20260420_193105,month_cos,0.04808438764477611
0,1,0.3,GBM_grid_1_AutoML_6_20260420_193105_model_2,target_lag1,2.29742284655571
0,1,0.3,GBM_grid_1_AutoML_6_20260420_193105_model_2,target_lag2,1.0160312275588512
0,1,0.3,GBM_grid_1_AutoML_6_20260420_193105_model_2,target_lag3,0.5106663617491722
0,1,0.3,GBM_grid_1_AutoML_6_20260420_193105_model_2,target_lag4,0.42913038172991946
0,1,0.3,GBM_grid_1_AutoML_6_20260420_193105_model_2,target_lag5,0.3275354580208659
0,1,0.3,GBM_grid_1_AutoML_6_20260420_193105_model_2,target_lag6,0.15502670339774338
0,1,0.3,GBM_grid_1_AutoML_6_20260420_193105_model_2,cov_HULL_lag1,0.3728133238852024
0,1,0.3,GBM_grid_1_AutoML_6_20260420_193105_model_2,cov_MUFL_lag1,3.457593645453453
0,1,0.3,GBM_grid_1_AutoML_6_20260420_193105_model_2,cov_MULL_lag1,0.08231883589498462
0,1,0.3,GBM_grid_1_AutoML_6_20260420_193105_model_2,cov_LUFL_lag1,0.03256252046907315
0,1,0.3,GBM_grid_1_AutoML_6_20260420_193105_model_2,cov_LULL_lag1,0.005463462629122606
0,1,0.3,GBM_grid_1_AutoML_6_20260420_193105_model_2,cov_OT_lag1,0.3804932075366378
0,1,0.3,GBM_grid_1_AutoML_6_20260420_193105_model_2,hour_lag1,1.02597828656435
0,1,0.3,GBM_grid_1_AutoML_6_20260420_193105_model_2,day_of_week_lag1,0.05977852496551346
0,1,0.3,GBM_grid_1_AutoML_6_20260420_193105_model_2,month_lag1,0.14754787096753713
0,1,0.3,GBM_grid_1_AutoML_6_20260420_193105_model_2,month_sin,0.09157145920908075
0,1,0.3,GBM_grid_1_AutoML_6_20260420_193105_model_2,month_cos,0.09527645813301203
0,1,0.3,XGBoost_grid_1_AutoML_6_20260420_193105_model_3,target_lag1,3.6916029024124146
0,1,0.3,XGBoost_grid_1_AutoML_6_20260420_193105_model_3,target_lag2,0.8713398781418801
0,1,0.3,XGBoost_grid_1_AutoML_6_20260420_193105_model_3,target_lag3,0.3635228093992919
0,1,0.3,XGBoost_grid_1_AutoML_6_20260420_193105_model_3,target_lag4,0.28020740464446137
0,1,0.3,XGBoost_grid_1_AutoML_6_20260420_193105_model_3,target_lag5,0.3131206540297717
0,1,0.3,XGBoost_grid_1_AutoML_6_20260420_193105_model_3,target_lag6,0.3593704115971923
0,1,0.3,XGBoost_grid_1_AutoML_6_20260420_193105_model_3,cov_HULL_lag1,0.7270212618168443
0,1,0.3,XGBoost_grid_1_AutoML_6_20260420_193105_model_3,cov_MUFL_lag1,3.524283318519592
0,1,0.3,XGBoost_grid_1_AutoML_6_20260420_193105_model_3,cov_MULL_lag1,0.28725946342456155
0,1,0.3,XGBoost_grid_1_AutoML_6_20260420_193105_model_3,cov_LUFL_lag1,0.11602572049014266
0,1,0.3,XGBoost_grid_1_AutoML_6_20260420_193105_model_3,cov_LULL_lag1,0.132843192089349
0,1,0.3,XGBoost_grid_1_AutoML_6_20260420_193105_model_3,cov_OT_lag1,0.5329182970523835
0,1,0.3,XGBoost_grid_1_AutoML_6_20260420_193105_model_3,hour_lag1,1.2846098859608173
0,1,0.3,XGBoost_grid_1_AutoML_6_20260420_193105_model_3,day_of_week_lag1,0.17612905845046042
0,1,0.3,XGBoost_grid_1_AutoML_6_20260420_193105_model_3,month_lag1,0.12191643145866689
0,1,0.3,XGBoost_grid_1_AutoML_6_20260420_193105_model_3,month_sin,0.29634877101518214
0,1,0.3,XGBoost_grid_1_AutoML_6_20260420_193105_model_3,month_cos,0.03345948420930649
0,1,0.3,GBM_2_AutoML_6_20260420_193105,target_lag1,3.1921864581108093
0,1,0.3,GBM_2_AutoML_6_20260420_193105,target_lag2,0.6850217357091606
0,1,0.3,GBM_2_AutoML_6_20260420_193105,target_lag3,0.3195706459879875
0,1,0.3,GBM_2_AutoML_6_20260420_193105,target_lag4,0.27843150173313913
0,1,0.3,GBM_2_AutoML_6_20260420_193105,target_lag5,0.19412802005186677
0,1,0.3,GBM_2_AutoML_6_20260420_193105,target_lag6,0.1683855196274817
0,1,0.3,GBM_2_AutoML_6_20260420_193105,cov_HULL_lag1,0.2657140430249274
0,1,0.3,GBM_2_AutoML_6_20260420_193105,cov_MUFL_lag1,3.5758572280406953
0,1,0.3,GBM_2_AutoML_6_20260420_193105,cov_MULL_lag1,0.2652309960313141
0,1,0.3,GBM_2_AutoML_6_20260420_193105,cov_LUFL_lag1,0.10269507781136777
0,1,0.3,GBM_2_AutoML_6_20260420_193105,cov_LULL_lag1,0.013653639302356127
0,1,0.3,GBM_2_AutoML_6_20260420_193105,cov_OT_lag1,0.5411033235862851
0,1,0.3,GBM_2_AutoML_6_20260420_193105,hour_lag1,0.8041440692543983
0,1,0.3,GBM_2_AutoML_6_20260420_193105,day_of_week_lag1,0.06299274448771025
0,1,0.3,GBM_2_AutoML_6_20260420_193105,month_lag1,0.0883626369014382
0,1,0.3,GBM_2_AutoML_6_20260420_193105,month_sin,0.0694559049000963
0,1,0.3,GBM_2_AutoML_6_20260420_193105,month_cos,0.10874504008679647
0,1,0.3,GBM_3_AutoML_6_20260420_193105,target_lag1,2.477135382061824
0,1,0.3,GBM_3_AutoML_6_20260420_193105,target_lag2,0.7499877684935927
0,1,0.3,GBM_3_AutoML_6_20260420_193105,target_lag3,1.1484050995856523
0,1,0.3,GBM_3_AutoML_6_20260420_193105,target_lag4,0.19457218769937754
0,1,0.3,GBM_3_AutoML_6_20260420_193105,target_lag5,0.12757725466042755
0,1,0.3,GBM_3_AutoML_6_20260420_193105,target_lag6,0.17938807950005864
0,1,0.3,GBM_3_AutoML_6_20260420_193105,cov_HULL_lag1,0.36382245757151394
0,1,0.3,GBM_3_AutoML_6_20260420_193105,cov_MUFL_lag1,3.451507335305214
0,1,0.3,GBM_3_AutoML_6_20260420_193105,cov_MULL_lag1,0.1776483357325196
0,1,0.3,GBM_3_AutoML_6_20260420_193105,cov_LUFL_lag1,0.09003223910927768
0,1,0.3,GBM_3_AutoML_6_20260420_193105,cov_LULL_lag1,0.02200106628646604
0,1,0.3,GBM_3_AutoML_6_20260420_193105,cov_OT_lag1,0.41321010448038575
0,1,0.3,GBM_3_AutoML_6_20260420_193105,hour_lag1,0.7837168435752392
0,1,0.3,GBM_3_AutoML_6_20260420_193105,day_of_week_lag1,0.07435051794163879
0,1,0.3,GBM_3_AutoML_6_20260420_193105,month_lag1,0.13054518710821864
0,1,0.3,GBM_3_AutoML_6_20260420_193105,month_sin,0.2392711817845702
0,1,0.3,GBM_3_AutoML_6_20260420_193105,month_cos,0.055169621948152746
0,1,0.3,XGBoost_grid_1_AutoML_6_20260420_193105_model_2,target_lag1,3.102720888853073
0,1,0.3,XGBoost_grid_1_AutoML_6_20260420_193105_model_2,target_lag2,1.3801526625454426
0,1,0.3,XGBoost_grid_1_AutoML_6_20260420_193105_model_2,target_lag3,0.48953561976552007
0,1,0.3,XGBoost_grid_1_AutoML_6_20260420_193105_model_2,target_lag4,0.5979650812380715
0,1,0.3,XGBoost_grid_1_AutoML_6_20260420_193105_model_2,target_lag5,0.2019337594602257
0,1,0.3,XGBoost_grid_1_AutoML_6_20260420_193105_model_2,target_lag6,0.33339884666260333
0,1,0.3,XGBoost_grid_1_AutoML_6_20260420_193105_model_2,cov_HULL_lag1,0.2780100605636835
0,1,0.3,XGBoost_grid_1_AutoML_6_20260420_193105_model_2,cov_MUFL_lag1,1.8110602600313723
0,1,0.3,XGBoost_grid_1_AutoML_6_20260420_193105_model_2,cov_MULL_lag1,0.49708147293888033
0,1,0.3,XGBoost_grid_1_AutoML_6_20260420_193105_model_2,cov_LUFL_lag1,0.252564463512972
0,1,0.3,XGBoost_grid_1_AutoML_6_20260420_193105_model_2,cov_LULL_lag1,0.019858720194897567
0,1,0.3,XGBoost_grid_1_AutoML_6_20260420_193105_model_2,cov_OT_lag1,0.6247659396566451
0,1,0.3,XGBoost_grid_1_AutoML_6_20260420_193105_model_2,hour_lag1,0.9785894249379635
0,1,0.3,XGBoost_grid_1_AutoML_6_20260420_193105_model_2,day_of_week_lag1,0.09385888052172955
0,1,0.3,XGBoost_grid_1_AutoML_6_20260420_193105_model_2,month_lag1,0.14840016238391399
0,1,0.3,XGBoost_grid_1_AutoML_6_20260420_193105_model_2,month_sin,0.16894091569818556
0,1,0.3,XGBoost_grid_1_AutoML_6_20260420_193105_model_2,month_cos,0.29250504313968123
0,1,0.3,GBM_5_AutoML_6_20260420_193105,target_lag1,3.321472326628864
0,1,0.3,GBM_5_AutoML_6_20260420_193105,target_lag2,0.6783800326101482
0,1,0.3,GBM_5_AutoML_6_20260420_193105,target_lag3,0.5955581833049655
0,1,0.3,GBM_5_AutoML_6_20260420_193105,target_lag4,0.25920114285778256
0,1,0.3,GBM_5_AutoML_6_20260420_193105,target_lag5,0.1652735589072108
0,1,0.3,GBM_5_AutoML_6_20260420_193105,target_lag6,0.2059960073698312
0,1,0.3,GBM_5_AutoML_6_20260420_193105,cov_HULL_lag1,0.37444408442359417
0,1,0.3,GBM_5_AutoML_6_20260420_193105,cov_MUFL_lag1,3.5123887714743613
0,1,0.3,GBM_5_AutoML_6_20260420_193105,cov_MULL_lag1,0.21382470817305146
0,1,0.3,GBM_5_AutoML_6_20260420_193105,cov_LUFL_lag1,0.11208326110616323
0,1,0.3,GBM_5_AutoML_6_20260420_193105,cov_LULL_lag1,0.04303060506936157
0,1,0.3,GBM_5_AutoML_6_20260420_193105,cov_OT_lag1,0.46911330985603855
0,1,0.3,GBM_5_AutoML_6_20260420_193105,hour_lag1,0.9374876257777214
0,1,0.3,GBM_5_AutoML_6_20260420_193105,day_of_week_lag1,0.06938722182763735
0,1,0.3,GBM_5_AutoML_6_20260420_193105,month_lag1,0.08485119470744389
0,1,0.3,GBM_5_AutoML_6_20260420_193105,month_sin,0.17644596928730608
0,1,0.3,GBM_5_AutoML_6_20260420_193105,month_cos,0.05036932074464853
0,1,0.3,XGBoost_3_AutoML_6_20260420_193105,target_lag1,3.2296343022957443
0,1,0.3,XGBoost_3_AutoML_6_20260420_193105,target_lag2,0.9054075057804585
0,1,0.3,XGBoost_3_AutoML_6_20260420_193105,target_lag3,0.2968485712632537
0,1,0.3,XGBoost_3_AutoML_6_20260420_193105,target_lag4,0.4629891533916816
0,1,0.3,XGBoost_3_AutoML_6_20260420_193105,target_lag5,0.3692121285572648
0,1,0.3,XGBoost_3_AutoML_6_20260420_193105,target_lag6,0.33997165435925125
0,1,0.3,XGBoost_3_AutoML_6_20260420_193105,cov_HULL_lag1,0.4281398465158418
0,1,0.3,XGBoost_3_AutoML_6_20260420_193105,cov_MUFL_lag1,3.278218660056591
0,1,0.3,XGBoost_3_AutoML_6_20260420_193105,cov_MULL_lag1,0.2294483073428273
0,1,0.3,XGBoost_3_AutoML_6_20260420_193105,cov_LUFL_lag1,0.2206210483238101
0,1,0.3,XGBoost_3_AutoML_6_20260420_193105,cov_LULL_lag1,0.048674190216697714
0,1,0.3,XGBoost_3_AutoML_6_20260420_193105,cov_OT_lag1,0.6339959231772809
0,1,0.3,XGBoost_3_AutoML_6_20260420_193105,hour_lag1,1.1933268075436354
0,1,0.3,XGBoost_3_AutoML_6_20260420_193105,day_of_week_lag1,0.12284441632451486
0,1,0.3,XGBoost_3_AutoML_6_20260420_193105,month_lag1,0.14365572174079713
0,1,0.3,XGBoost_3_AutoML_6_20260420_193105,month_sin,0.24416846008971332
0,1,0.3,XGBoost_3_AutoML_6_20260420_193105,month_cos,0.17040482187643646
0,1,0.3,XGBoost_grid_1_AutoML_6_20260420_193105_model_1,target_lag1,2.692561024427414
0,1,0.3,XGBoost_grid_1_AutoML_6_20260420_193105_model_1,target_lag2,1.6130645909626038
0,1,0.3,XGBoost_grid_1_AutoML_6_20260420_193105_model_1,target_lag3,0.4537911036983132
0,1,0.3,XGBoost_grid_1_AutoML_6_20260420_193105_model_1,target_lag4,0.37267280313186346
0,1,0.3,XGBoost_grid_1_AutoML_6_20260420_193105_model_1,target_lag5,0.25689101841300727
0,1,0.3,XGBoost_grid_1_AutoML_6_20260420_193105_model_1,target_lag6,0.2242612843168899
0,1,0.3,XGBoost_grid_1_AutoML_6_20260420_193105_model_1,cov_HULL_lag1,0.5289175441116094
0,1,0.3,XGBoost_grid_1_AutoML_6_20260420_193105_model_1,cov_MUFL_lag1,3.438067326368764
0,1,0.3,XGBoost_grid_1_AutoML_6_20260420_193105_model_1,cov_MULL_lag1,0.2563013910013251
0,1,0.3,XGBoost_grid_1_AutoML_6_20260420_193105_model_1,cov_LUFL_lag1,0.2623148473072797
0,1,0.3,XGBoost_grid_1_AutoML_6_20260420_193105_model_1,cov_LULL_lag1,0.06406934576109048
0,1,0.3,XGBoost_grid_1_AutoML_6_20260420_193105_model_1,cov_OT_lag1,0.6702238648757338
0,1,0.3,XGBoost_grid_1_AutoML_6_20260420_193105_model_1,hour_lag1,0.9498871037131176
0,1,0.3,XGBoost_grid_1_AutoML_6_20260420_193105_model_1,day_of_week_lag1,0.10855463251471516
0,1,0.3,XGBoost_grid_1_AutoML_6_20260420_193105_model_1,month_lag1,0.11197978744283316
0,1,0.3,XGBoost_grid_1_AutoML_6_20260420_193105_model_1,month_sin,0.4367746737552807
0,1,0.3,XGBoost_grid_1_AutoML_6_20260420_193105_model_1,month_cos,0.12171771698165681
0,1,0.3,XGBoost_2_AutoML_6_20260420_193105,target_lag1,2.9801004888117313
0,1,0.3,XGBoost_2_AutoML_6_20260420_193105,target_lag2,0.9059490239620209
0,1,0.3,XGBoost_2_AutoML_6_20260420_193105,target_lag3,0.5695678024488734
0,1,0.3,XGBoost_2_AutoML_6_20260420_193105,target_lag4,0.3385767311882228
0,1,0.3,XGBoost_2_AutoML_6_20260420_193105,target_lag5,0.3003461178019643
0,1,0.3,XGBoost_2_AutoML_6_20260420_193105,target_lag6,0.2253081314219162
0,1,0.3,XGBoost_2_AutoML_6_20260420_193105,cov_HULL_lag1,0.4608148763421923
0,1,0.3,XGBoost_2_AutoML_6_20260420_193105,cov_MUFL_lag1,2.815072001218796
0,1,0.3,XGBoost_2_AutoML_6_20260420_193105,cov_MULL_lag1,0.4091803112137131
0,1,0.3,XGBoost_2_AutoML_6_20260420_193105,cov_LUFL_lag1,0.2699523764848709
0,1,0.3,XGBoost_2_AutoML_6_20260420_193105,cov_LULL_lag1,0.04635979652870443
0,1,0.3,XGBoost_2_AutoML_6_20260420_193105,cov_OT_lag1,0.6442749645002186
0,1,0.3,XGBoost_2_AutoML_6_20260420_193105,hour_lag1,0.8807798139192164
0,1,0.3,XGBoost_2_AutoML_6_20260420_193105,day_of_week_lag1,0.1501166098332032
0,1,0.3,XGBoost_2_AutoML_6_20260420_193105,month_lag1,0.16032628778368235
0,1,0.3,XGBoost_2_AutoML_6_20260420_193105,month_sin,0.07542494016524866
0,1,0.3,XGBoost_2_AutoML_6_20260420_193105,month_cos,0.1251625638734549
0,1,0.3,XGBoost_1_AutoML_6_20260420_193105,target_lag1,2.507080863527954
0,1,0.3,XGBoost_1_AutoML_6_20260420_193105,target_lag2,1.1677407402172684
0,1,0.3,XGBoost_1_AutoML_6_20260420_193105,target_lag3,0.25750012550503015
0,1,0.3,XGBoost_1_AutoML_6_20260420_193105,target_lag4,0.2900854982016608
0,1,0.3,XGBoost_1_AutoML_6_20260420_193105,target_lag5,0.2604691071761772
0,1,0.3,XGBoost_1_AutoML_6_20260420_193105,target_lag6,0.4271573266386986
0,1,0.3,XGBoost_1_AutoML_6_20260420_193105,cov_HULL_lag1,0.7319166486524046
0,1,0.3,XGBoost_1_AutoML_6_20260420_193105,cov_MUFL_lag1,3.711967190206051
0,1,0.3,XGBoost_1_AutoML_6_20260420_193105,cov_MULL_lag1,0.368548502177
0,1,0.3,XGBoost_1_AutoML_6_20260420_193105,cov_LUFL_lag1,0.2193465495132841
0,1,0.3,XGBoost_1_AutoML_6_20260420_193105,cov_LULL_lag1,0.14114164341241117
0,1,0.3,XGBoost_1_AutoML_6_20260420_193105,cov_OT_lag1,0.5462251664604991
0,1,0.3,XGBoost_1_AutoML_6_20260420_193105,hour_lag1,0.9525597671046853
0,1,0.3,XGBoost_1_AutoML_6_20260420_193105,day_of_week_lag1,0.13196408657357092
0,1,0.3,XGBoost_1_AutoML_6_20260420_193105,month_lag1,0.11262226649560031
0,1,0.3,XGBoost_1_AutoML_6_20260420_193105,month_sin,0.5437437725812196
0,1,0.3,XGBoost_1_AutoML_6_20260420_193105,month_cos,0.08581168881617483
0,1,0.3,XGBoost_grid_1_AutoML_6_20260420_193105_model_5,target_lag1,4.17851410612464
0,1,0.3,XGBoost_grid_1_AutoML_6_20260420_193105_model_5,target_lag2,0.5010574087430723
0,1,0.3,XGBoost_grid_1_AutoML_6_20260420_193105_model_5,target_lag3,0.591172550227493
0,1,0.3,XGBoost_grid_1_AutoML_6_20260420_193105_model_5,target_lag4,0.5121972601022571
0,1,0.3,XGBoost_grid_1_AutoML_6_20260420_193105_model_5,target_lag5,0.3508850963041186
0,1,0.3,XGBoost_grid_1_AutoML_6_20260420_193105_model_5,target_lag6,0.29820114504545925
0,1,0.3,XGBoost_grid_1_AutoML_6_20260420_193105_model_5,cov_HULL_lag1,0.5218964570318348
0,1,0.3,XGBoost_grid_1_AutoML_6_20260420_193105_model_5,cov_MUFL_lag1,3.2801642803288997
0,1,0.3,XGBoost_grid_1_AutoML_6_20260420_193105_model_5,cov_MULL_lag1,0.2794201697409153
0,1,0.3,XGBoost_grid_1_AutoML_6_20260420_193105_model_5,cov_LUFL_lag1,0.2551630397327244
0,1,0.3,XGBoost_grid_1_AutoML_6_20260420_193105_model_5,cov_LULL_lag1,0.05301180857000868
0,1,0.3,XGBoost_grid_1_AutoML_6_20260420_193105_model_5,cov_OT_lag1,0.32092371514067053
0,1,0.3,XGBoost_grid_1_AutoML_6_20260420_193105_model_5,hour_lag1,0.9582661334215663
0,1,0.3,XGBoost_grid_1_AutoML_6_20260420_193105_model_5,day_of_week_lag1,0.17304735923884437
0,1,0.3,XGBoost_grid_1_AutoML_6_20260420_193105_model_5,month_lag1,0.18100082288961858
0,1,0.3,XGBoost_grid_1_AutoML_6_20260420_193105_model_5,month_sin,0.1263321351772174
0,1,0.3,XGBoost_grid_1_AutoML_6_20260420_193105_model_5,month_cos,0.15365837548859415
0,1,0.3,XGBoost_grid_1_AutoML_6_20260420_193105_model_4,target_lag1,3.0828623417019845
0,1,0.3,XGBoost_grid_1_AutoML_6_20260420_193105_model_4,target_lag2,0.27734711587429045
0,1,0.3,XGBoost_grid_1_AutoML_6_20260420_193105_model_4,target_lag3,0.2753689202637179
0,1,0.3,XGBoost_grid_1_AutoML_6_20260420_193105_model_4,target_lag4,0.4093421609699726
0,1,0.3,XGBoost_grid_1_AutoML_6_20260420_193105_model_4,target_lag5,0.1513553162757307
0,1,0.3,XGBoost_grid_1_AutoML_6_20260420_193105_model_4,target_lag6,0.20420321103185413
0,1,0.3,XGBoost_grid_1_AutoML_6_20260420_193105_model_4,cov_HULL_lag1,0.35070578414015474
0,1,0.3,XGBoost_grid_1_AutoML_6_20260420_193105_model_4,cov_MUFL_lag1,3.830727009177208
0,1,0.3,XGBoost_grid_1_AutoML_6_20260420_193105_model_4,cov_MULL_lag1,0.2541432197578251
0,1,0.3,XGBoost_grid_1_AutoML_6_20260420_193105_model_4,cov_LUFL_lag1,0.1543589490931481
0,1,0.3,XGBoost_grid_1_AutoML_6_20260420_193105_model_4,cov_LULL_lag1,0.046139067834010304
0,1,0.3,XGBoost_grid_1_AutoML_6_20260420_193105_model_4,cov_OT_lag1,0.5080069510359317
0,1,0.3,XGBoost_grid_1_AutoML_6_20260420_193105_model_4,hour_lag1,0.7476572106778622
0,1,0.3,XGBoost_grid_1_AutoML_6_20260420_193105_model_4,day_of_week_lag1,0.07262613973114636
0,1,0.3,XGBoost_grid_1_AutoML_6_20260420_193105_model_4,month_lag1,0.1088754977798089
0,1,0.3,XGBoost_grid_1_AutoML_6_20260420_193105_model_4,month_sin,0.12142962382175025
0,1,0.3,XGBoost_grid_1_AutoML_6_20260420_193105_model_4,month_cos,0.09925376279861663
0,1,0.3,XGBoost_grid_1_AutoML_6_20260420_193105_model_6,target_lag1,2.7404757194034755
0,1,0.3,XGBoost_grid_1_AutoML_6_20260420_193105_model_6,target_lag2,0.6597954369336366
0,1,0.3,XGBoost_grid_1_AutoML_6_20260420_193105_model_6,target_lag3,0.17380930610001089
0,1,0.3,XGBoost_grid_1_AutoML_6_20260420_193105_model_6,target_lag4,0.36941728335805235
0,1,0.3,XGBoost_grid_1_AutoML_6_20260420_193105_model_6,target_lag5,0.4267793021351099
0,1,0.3,XGBoost_grid_1_AutoML_6_20260420_193105_model_6,target_lag6,0.5701756824553013
0,1,0.3,XGBoost_grid_1_AutoML_6_20260420_193105_model_6,cov_HULL_lag1,0.5561495761945844
0,1,0.3,XGBoost_grid_1_AutoML_6_20260420_193105_model_6,cov_MUFL_lag1,4.275513787046075
0,1,0.3,XGBoost_grid_1_AutoML_6_20260420_193105_model_6,cov_MULL_lag1,0.45528386961785144
0,1,0.3,XGBoost_grid_1_AutoML_6_20260420_193105_model_6,cov_LUFL_lag1,0.3194551342725754
0,1,0.3,XGBoost_grid_1_AutoML_6_20260420_193105_model_6,cov_LULL_lag1,0.0683014240255579
0,1,0.3,XGBoost_grid_1_AutoML_6_20260420_193105_model_6,cov_OT_lag1,0.4913270479440689
0,1,0.3,XGBoost_grid_1_AutoML_6_20260420_193105_model_6,hour_lag1,0.9529515589028597
0,1,0.3,XGBoost_grid_1_AutoML_6_20260420_193105_model_6,day_of_week_lag1,0.10661276970989998
0,1,0.3,XGBoost_grid_1_AutoML_6_20260420_193105_model_6,month_lag1,0.08943262624088671
0,1,0.3,XGBoost_grid_1_AutoML_6_20260420_193105_model_6,month_sin,0.17709620099980383
0,1,0.3,XGBoost_grid_1_AutoML_6_20260420_193105_model_6,month_cos,0.1630758668109774
0,1,0.3,GLM_1_AutoML_6_20260420_193105,target_lag1,1.167469300384756
0,1,0.3,GLM_1_AutoML_6_20260420_193105,target_lag2,0.9304579317143645
0,1,0.3,GLM_1_AutoML_6_20260420_193105,target_lag3,0.848224764640385
0,1,0.3,GLM_1_AutoML_6_20260420_193105,target_lag4,0.6786484656429014
0,1,0.3,GLM_1_AutoML_6_20260420_193105,target_lag5,0.5548645931432705
0,1,0.3,GLM_1_AutoML_6_20260420_193105,target_lag6,0.4737780308448451
0,1,0.3,GLM_1_AutoML_6_20260420_193105,cov_HULL_lag1,0.6463719745108346
0,1,0.3,GLM_1_AutoML_6_20260420_193105,cov_MUFL_lag1,1.4933362263508465
0,1,0.3,GLM_1_AutoML_6_20260420_193105,cov_MULL_lag1,0.34133122946758504
0,1,0.3,GLM_1_AutoML_6_20260420_193105,cov_LUFL_lag1,1.7487125419339582
0,1,0.3,GLM_1_AutoML_6_20260420_193105,cov_LULL_lag1,0.62047589248417
0,1,0.3,GLM_1_AutoML_6_20260420_193105,cov_OT_lag1,0.15689096484040732
0,1,0.3,GLM_1_AutoML_6_20260420_193105,hour_lag1,0.15288325047959486
0,1,0.3,GLM_1_AutoML_6_20260420_193105,day_of_week_lag1,0.03627947502567786
0,1,0.3,GLM_1_AutoML_6_20260420_193105,month_lag1,0.11869320608950748
0,1,0.3,GLM_1_AutoML_6_20260420_193105,month_sin,0.3937303513867889
0,1,0.3,GLM_1_AutoML_6_20260420_193105,month_cos,0.0010047074076707247
0,1,0.3,GLM_1_AutoML_6_20260420_193105,year,0.0
1,1,0.02,GBM_5_AutoML_8_20260420_193541,target_lag1,7.16025267958641
1,1,0.02,GBM_5_AutoML_8_20260420_193541,target_lag2,1.8125849747657776
1,1,0.02,GBM_5_AutoML_8_20260420_193541,target_lag3,0.7876090313773603
1,1,0.02,GBM_5_AutoML_8_20260420_193541,target_lag4,1.603594176247716
1,1,0.02,GBM_5_AutoML_8_20260420_193541,target_lag5,0.2660741893388331
1,1,0.02,GBM_5_AutoML_8_20260420_193541,target_lag6,0.13693019609898324
1,1,0.02,GBM_5_AutoML_8_20260420_193541,cov_HULL_lag1,0.4021029241196811
1,1,0.02,GBM_5_AutoML_8_20260420_193541,cov_MUFL_lag1,0.4538699040282518
1,1,0.02,GBM_5_AutoML_8_20260420_193541,cov_MULL_lag1,0.533949964120984
1,1,0.02,GBM_5_AutoML_8_20260420_193541,cov_LUFL_lag1,0.39263833083212374
1,1,0.02,GBM_5_AutoML_8_20260420_193541,cov_LULL_lag1,0.0348667214158922
1,1,0.02,GBM_5_AutoML_8_20260420_193541,cov_OT_lag1,0.3178306098654866
1,1,0.02,GBM_5_AutoML_8_20260420_193541,hour_lag1,0.8418572133406996
1,1,0.02,GBM_5_AutoML_8_20260420_193541,day_of_week_lag1,0.15571645021438596
1,1,0.02,GBM_5_AutoML_8_20260420_193541,month_lag1,0.11204584179446098
1,1,0.02,GBM_5_AutoML_8_20260420_193541,month_sin,0.09435516594676298
1,1,0.02,GBM_5_AutoML_8_20260420_193541,month_cos,0.04852390712549091
1,1,0.02,GLM_1_AutoML_8_20260420_193541,target_lag1,6.44174219623423
1,1,0.02,GLM_1_AutoML_8_20260420_193541,target_lag2,2.449042450981869
1,1,0.02,GLM_1_AutoML_8_20260420_193541,target_lag3,1.214325642084072
1,1,0.02,GLM_1_AutoML_8_20260420_193541,target_lag4,0.5056503557594153
1,1,0.02,GLM_1_AutoML_8_20260420_193541,target_lag5,0.2834563565726397
1,1,0.02,GLM_1_AutoML_8_20260420_193541,target_lag6,0.5187518315527853
1,1,0.02,GLM_1_AutoML_8_20260420_193541,cov_HULL_lag1,0.01393664700333966
1,1,0.02,GLM_1_AutoML_8_20260420_193541,cov_MUFL_lag1,0.09268696049071651
1,1,0.02,GLM_1_AutoML_8_20260420_193541,cov_MULL_lag1,0.14555276895153452
1,1,0.02,GLM_1_AutoML_8_20260420_193541,cov_LUFL_lag1,0.3598002951659908
1,1,0.02,GLM_1_AutoML_8_20260420_193541,cov_LULL_lag1,0.0016861617088203432
1,1,0.02,GLM_1_AutoML_8_20260420_193541,cov_OT_lag1,0.49497701239982567
1,1,0.02,GLM_1_AutoML_8_20260420_193541,hour_lag1,0.3254517241827486
1,1,0.02,GLM_1_AutoML_8_20260420_193541,day_of_week_lag1,0.07805984868302476
1,1,0.02,GLM_1_AutoML_8_20260420_193541,month_lag1,0.017505986721703296
1,1,0.02,GLM_1_AutoML_8_20260420_193541,month_sin,0.39190265043089545
1,1,0.02,GLM_1_AutoML_8_20260420_193541,month_cos,0.2985310651638468
1,1,0.02,GLM_1_AutoML_8_20260420_193541,year,0.0
1,1,0.02,XGBoost_grid_1_AutoML_8_20260420_193541_model_2,target_lag1,5.4067670518159865
1,1,0.02,XGBoost_grid_1_AutoML_8_20260420_193541_model_2,target_lag2,0.9365582051873207
1,1,0.02,XGBoost_grid_1_AutoML_8_20260420_193541_model_2,target_lag3,1.8944621846079825
1,1,0.02,XGBoost_grid_1_AutoML_8_20260420_193541_model_2,target_lag4,0.7685041997255757
1,1,0.02,XGBoost_grid_1_AutoML_8_20260420_193541_model_2,target_lag5,0.247029724791646
1,1,0.02,XGBoost_grid_1_AutoML_8_20260420_193541_model_2,target_lag6,0.27204477149993184
1,1,0.02,XGBoost_grid_1_AutoML_8_20260420_193541_model_2,cov_HULL_lag1,0.9561812978237867
1,1,0.02,XGBoost_grid_1_AutoML_8_20260420_193541_model_2,cov_MUFL_lag1,0.21700148128904403
1,1,0.02,XGBoost_grid_1_AutoML_8_20260420_193541_model_2,cov_MULL_lag1,0.41936788162682204
1,1,0.02,XGBoost_grid_1_AutoML_8_20260420_193541_model_2,cov_LUFL_lag1,1.2513123552501202
1,1,0.02,XGBoost_grid_1_AutoML_8_20260420_193541_model_2,cov_LULL_lag1,0.039486488640541176
1,1,0.02,XGBoost_grid_1_AutoML_8_20260420_193541_model_2,cov_OT_lag1,0.26316186715383083
1,1,0.02,XGBoost_grid_1_AutoML_8_20260420_193541_model_2,hour_lag1,1.0356307151913642
1,1,0.02,XGBoost_grid_1_AutoML_8_20260420_193541_model_2,day_of_week_lag1,0.13947593916207549
1,1,0.02,XGBoost_grid_1_AutoML_8_20260420_193541_model_2,month_lag1,0.14061180934309955
1,1,0.02,XGBoost_grid_1_AutoML_8_20260420_193541_model_2,month_sin,0.1496290938556194
1,1,0.02,XGBoost_grid_1_AutoML_8_20260420_193541_model_2,month_cos,0.04356820943532507
1,1,0.05,GBM_5_AutoML_8_20260420_193541,target_lag1,7.16025267958641
1,1,0.05,GBM_5_AutoML_8_20260420_193541,target_lag2,1.8125849747657776
1,1,0.05,GBM_5_AutoML_8_20260420_193541,target_lag3,0.7876090313773603
1,1,0.05,GBM_5_AutoML_8_20260420_193541,target_lag4,1.603594176247716
1,1,0.05,GBM_5_AutoML_8_20260420_193541,target_lag5,0.2660741893388331
1,1,0.05,GBM_5_AutoML_8_20260420_193541,target_lag6,0.13693019609898324
1,1,0.05,GBM_5_AutoML_8_20260420_193541,cov_HULL_lag1,0.4021029241196811
1,1,0.05,GBM_5_AutoML_8_20260420_193541,cov_MUFL_lag1,0.4538699040282518
1,1,0.05,GBM_5_AutoML_8_20260420_193541,cov_MULL_lag1,0.533949964120984
1,1,0.05,GBM_5_AutoML_8_20260420_193541,cov_LUFL_lag1,0.39263833083212374
1,1,0.05,GBM_5_AutoML_8_20260420_193541,cov_LULL_lag1,0.0348667214158922
1,1,0.05,GBM_5_AutoML_8_20260420_193541,cov_OT_lag1,0.3178306098654866
1,1,0.05,GBM_5_AutoML_8_20260420_193541,hour_lag1,0.8418572133406996
1,1,0.05,GBM_5_AutoML_8_20260420_193541,day_of_week_lag1,0.15571645021438596
1,1,0.05,GBM_5_AutoML_8_20260420_193541,month_lag1,0.11204584179446098
1,1,0.05,GBM_5_AutoML_8_20260420_193541,month_sin,0.09435516594676298
1,1,0.05,GBM_5_AutoML_8_20260420_193541,month_cos,0.04852390712549091
1,1,0.05,GLM_1_AutoML_8_20260420_193541,target_lag1,6.44174219623423
1,1,0.05,GLM_1_AutoML_8_20260420_193541,target_lag2,2.449042450981869
1,1,0.05,GLM_1_AutoML_8_20260420_193541,target_lag3,1.214325642084072
1,1,0.05,GLM_1_AutoML_8_20260420_193541,target_lag4,0.5056503557594153
1,1,0.05,GLM_1_AutoML_8_20260420_193541,target_lag5,0.2834563565726397
1,1,0.05,GLM_1_AutoML_8_20260420_193541,target_lag6,0.5187518315527853
1,1,0.05,GLM_1_AutoML_8_20260420_193541,cov_HULL_lag1,0.01393664700333966
1,1,0.05,GLM_1_AutoML_8_20260420_193541,cov_MUFL_lag1,0.09268696049071651
1,1,0.05,GLM_1_AutoML_8_20260420_193541,cov_MULL_lag1,0.14555276895153452
1,1,0.05,GLM_1_AutoML_8_20260420_193541,cov_LUFL_lag1,0.3598002951659908
1,1,0.05,GLM_1_AutoML_8_20260420_193541,cov_LULL_lag1,0.0016861617088203432
1,1,0.05,GLM_1_AutoML_8_20260420_193541,cov_OT_lag1,0.49497701239982567
1,1,0.05,GLM_1_AutoML_8_20260420_193541,hour_lag1,0.3254517241827486
1,1,0.05,GLM_1_AutoML_8_20260420_193541,day_of_week_lag1,0.07805984868302476
1,1,0.05,GLM_1_AutoML_8_20260420_193541,month_lag1,0.017505986721703296
1,1,0.05,GLM_1_AutoML_8_20260420_193541,month_sin,0.39190265043089545
1,1,0.05,GLM_1_AutoML_8_20260420_193541,month_cos,0.2985310651638468
1,1,0.05,GLM_1_AutoML_8_20260420_193541,year,0.0
1,1,0.05,XGBoost_grid_1_AutoML_8_20260420_193541_model_2,target_lag1,5.4067670518159865
1,1,0.05,XGBoost_grid_1_AutoML_8_20260420_193541_model_2,target_lag2,0.9365582051873207
1,1,0.05,XGBoost_grid_1_AutoML_8_20260420_193541_model_2,target_lag3,1.8944621846079825
1,1,0.05,XGBoost_grid_1_AutoML_8_20260420_193541_model_2,target_lag4,0.7685041997255757
1,1,0.05,XGBoost_grid_1_AutoML_8_20260420_193541_model_2,target_lag5,0.247029724791646
1,1,0.05,XGBoost_grid_1_AutoML_8_20260420_193541_model_2,target_lag6,0.27204477149993184
1,1,0.05,XGBoost_grid_1_AutoML_8_20260420_193541_model_2,cov_HULL_lag1,0.9561812978237867
1,1,0.05,XGBoost_grid_1_AutoML_8_20260420_193541_model_2,cov_MUFL_lag1,0.21700148128904403
1,1,0.05,XGBoost_grid_1_AutoML_8_20260420_193541_model_2,cov_MULL_lag1,0.41936788162682204
1,1,0.05,XGBoost_grid_1_AutoML_8_20260420_193541_model_2,cov_LUFL_lag1,1.2513123552501202
1,1,0.05,XGBoost_grid_1_AutoML_8_20260420_193541_model_2,cov_LULL_lag1,0.039486488640541176
1,1,0.05,XGBoost_grid_1_AutoML_8_20260420_193541_model_2,cov_OT_lag1,0.26316186715383083
1,1,0.05,XGBoost_grid_1_AutoML_8_20260420_193541_model_2,hour_lag1,1.0356307151913642
1,1,0.05,XGBoost_grid_1_AutoML_8_20260420_193541_model_2,day_of_week_lag1,0.13947593916207549
1,1,0.05,XGBoost_grid_1_AutoML_8_20260420_193541_model_2,month_lag1,0.14061180934309955
1,1,0.05,XGBoost_grid_1_AutoML_8_20260420_193541_model_2,month_sin,0.1496290938556194
1,1,0.05,XGBoost_grid_1_AutoML_8_20260420_193541_model_2,month_cos,0.04356820943532507
1,1,0.05,GBM_grid_1_AutoML_8_20260420_193541_model_2,target_lag1,6.028562304973602
1,1,0.05,GBM_grid_1_AutoML_8_20260420_193541_model_2,target_lag2,2.349767165184021
1,1,0.05,GBM_grid_1_AutoML_8_20260420_193541_model_2,target_lag3,1.4437549597024917
1,1,0.05,GBM_grid_1_AutoML_8_20260420_193541_model_2,target_lag4,1.406455180766061
1,1,0.05,GBM_grid_1_AutoML_8_20260420_193541_model_2,target_lag5,0.3188761135935783
1,1,0.05,GBM_grid_1_AutoML_8_20260420_193541_model_2,target_lag6,0.1484820271655917
1,1,0.05,GBM_grid_1_AutoML_8_20260420_193541_model_2,cov_HULL_lag1,0.5981687038228847
1,1,0.05,GBM_grid_1_AutoML_8_20260420_193541_model_2,cov_MUFL_lag1,0.28306020907126367
1,1,0.05,GBM_grid_1_AutoML_8_20260420_193541_model_2,cov_MULL_lag1,0.28973233678378163
1,1,0.05,GBM_grid_1_AutoML_8_20260420_193541_model_2,cov_LUFL_lag1,0.27267749251797796
1,1,0.05,GBM_grid_1_AutoML_8_20260420_193541_model_2,cov_LULL_lag1,0.026810484562301947
1,1,0.05,GBM_grid_1_AutoML_8_20260420_193541_model_2,cov_OT_lag1,0.14281399594154207
1,1,0.05,GBM_grid_1_AutoML_8_20260420_193541_model_2,hour_lag1,1.0071186144649982
1,1,0.05,GBM_grid_1_AutoML_8_20260420_193541_model_2,day_of_week_lag1,0.042337997893337115
1,1,0.05,GBM_grid_1_AutoML_8_20260420_193541_model_2,month_lag1,0.07102455199696119
1,1,0.05,GBM_grid_1_AutoML_8_20260420_193541_model_2,month_sin,0.08713536828756328
1,1,0.05,GBM_grid_1_AutoML_8_20260420_193541_model_2,month_cos,0.020308251347159925
1,1,0.05,GBM_2_AutoML_8_20260420_193541,target_lag1,7.214099597930908
1,1,0.05,GBM_2_AutoML_8_20260420_193541,target_lag2,2.296767123937607
1,1,0.05,GBM_2_AutoML_8_20260420_193541,target_lag3,0.6669253407418728
1,1,0.05,GBM_2_AutoML_8_20260420_193541,target_lag4,1.3983016553521157
1,1,0.05,GBM_2_AutoML_8_20260420_193541,target_lag5,0.6308595007658004
1,1,0.05,GBM_2_AutoML_8_20260420_193541,target_lag6,0.05896471852436657
1,1,0.05,GBM_2_AutoML_8_20260420_193541,cov_HULL_lag1,0.6409867820329964
1,1,0.05,GBM_2_AutoML_8_20260420_193541,cov_MUFL_lag1,0.2858981582056731
1,1,0.05,GBM_2_AutoML_8_20260420_193541,cov_MULL_lag1,0.29588680908083914
1,1,0.05,GBM_2_AutoML_8_20260420_193541,cov_LUFL_lag1,0.43428639580029993
1,1,0.05,GBM_2_AutoML_8_20260420_193541,cov_LULL_lag1,0.02662821940844874
1,1,0.05,GBM_2_AutoML_8_20260420_193541,cov_OT_lag1,0.22187244756147262
1,1,0.05,GBM_2_AutoML_8_20260420_193541,hour_lag1,0.8531938118464314
1,1,0.05,GBM_2_AutoML_8_20260420_193541,day_of_week_lag1,0.14681545525789258
1,1,0.05,GBM_2_AutoML_8_20260420_193541,month_lag1,0.09236733452416952
1,1,0.05,GBM_2_AutoML_8_20260420_193541,month_sin,0.06688248716178347
1,1,0.05,GBM_2_AutoML_8_20260420_193541,month_cos,0.05741107067791742
1,1,0.05,GBM_1_AutoML_8_20260420_193541,target_lag1,6.481815910339355
1,1,0.05,GBM_1_AutoML_8_20260420_193541,target_lag2,2.4647973906993865
1,1,0.05,GBM_1_AutoML_8_20260420_193541,target_lag3,1.5156607161462308
1,1,0.05,GBM_1_AutoML_8_20260420_193541,target_lag4,0.7893463169783353
1,1,0.05,GBM_1_AutoML_8_20260420_193541,target_lag5,0.3458421182632446
1,1,0.05,GBM_1_AutoML_8_20260420_193541,target_lag6,0.10672721851617094
1,1,0.05,GBM_1_AutoML_8_20260420_193541,cov_HULL_lag1,0.6085999320633709
1,1,0.05,GBM_1_AutoML_8_20260420_193541,cov_MUFL_lag1,0.2791334124840796
1,1,0.05,GBM_1_AutoML_8_20260420_193541,cov_MULL_lag1,0.7351093361154198
1,1,0.05,GBM_1_AutoML_8_20260420_193541,cov_LUFL_lag1,0.209877107180655
1,1,0.05,GBM_1_AutoML_8_20260420_193541,cov_LULL_lag1,0.023897993459831884
1,1,0.05,GBM_1_AutoML_8_20260420_193541,cov_OT_lag1,0.17887254189699886
1,1,0.05,GBM_1_AutoML_8_20260420_193541,hour_lag1,0.8161031422019005
1,1,0.05,GBM_1_AutoML_8_20260420_193541,day_of_week_lag1,0.12834655547514554
1,1,0.05,GBM_1_AutoML_8_20260420_193541,month_lag1,0.061357953103724834
1,1,0.05,GBM_1_AutoML_8_20260420_193541,month_sin,0.06027200913522389
1,1,0.05,GBM_1_AutoML_8_20260420_193541,month_cos,0.031472101376857554
1,1,0.1,GBM_5_AutoML_8_20260420_193541,target_lag1,7.16025267958641
1,1,0.1,GBM_5_AutoML_8_20260420_193541,target_lag2,1.8125849747657776
1,1,0.1,GBM_5_AutoML_8_20260420_193541,target_lag3,0.7876090313773603
1,1,0.1,GBM_5_AutoML_8_20260420_193541,target_lag4,1.603594176247716
1,1,0.1,GBM_5_AutoML_8_20260420_193541,target_lag5,0.2660741893388331
1,1,0.1,GBM_5_AutoML_8_20260420_193541,target_lag6,0.13693019609898324
1,1,0.1,GBM_5_AutoML_8_20260420_193541,cov_HULL_lag1,0.4021029241196811
1,1,0.1,GBM_5_AutoML_8_20260420_193541,cov_MUFL_lag1,0.4538699040282518
1,1,0.1,GBM_5_AutoML_8_20260420_193541,cov_MULL_lag1,0.533949964120984
1,1,0.1,GBM_5_AutoML_8_20260420_193541,cov_LUFL_lag1,0.39263833083212374
1,1,0.1,GBM_5_AutoML_8_20260420_193541,cov_LULL_lag1,0.0348667214158922
1,1,0.1,GBM_5_AutoML_8_20260420_193541,cov_OT_lag1,0.3178306098654866
1,1,0.1,GBM_5_AutoML_8_20260420_193541,hour_lag1,0.8418572133406996
1,1,0.1,GBM_5_AutoML_8_20260420_193541,day_of_week_lag1,0.15571645021438596
1,1,0.1,GBM_5_AutoML_8_20260420_193541,month_lag1,0.11204584179446098
1,1,0.1,GBM_5_AutoML_8_20260420_193541,month_sin,0.09435516594676298
1,1,0.1,GBM_5_AutoML_8_20260420_193541,month_cos,0.04852390712549091
1,1,0.1,GLM_1_AutoML_8_20260420_193541,target_lag1,6.44174219623423
1,1,0.1,GLM_1_AutoML_8_20260420_193541,target_lag2,2.449042450981869
1,1,0.1,GLM_1_AutoML_8_20260420_193541,target_lag3,1.214325642084072
1,1,0.1,GLM_1_AutoML_8_20260420_193541,target_lag4,0.5056503557594153
1,1,0.1,GLM_1_AutoML_8_20260420_193541,target_lag5,0.2834563565726397
1,1,0.1,GLM_1_AutoML_8_20260420_193541,target_lag6,0.5187518315527853
1,1,0.1,GLM_1_AutoML_8_20260420_193541,cov_HULL_lag1,0.01393664700333966
1,1,0.1,GLM_1_AutoML_8_20260420_193541,cov_MUFL_lag1,0.09268696049071651
1,1,0.1,GLM_1_AutoML_8_20260420_193541,cov_MULL_lag1,0.14555276895153452
1,1,0.1,GLM_1_AutoML_8_20260420_193541,cov_LUFL_lag1,0.3598002951659908
1,1,0.1,GLM_1_AutoML_8_20260420_193541,cov_LULL_lag1,0.0016861617088203432
1,1,0.1,GLM_1_AutoML_8_20260420_193541,cov_OT_lag1,0.49497701239982567
1,1,0.1,GLM_1_AutoML_8_20260420_193541,hour_lag1,0.3254517241827486
1,1,0.1,GLM_1_AutoML_8_20260420_193541,day_of_week_lag1,0.07805984868302476
1,1,0.1,GLM_1_AutoML_8_20260420_193541,month_lag1,0.017505986721703296
1,1,0.1,GLM_1_AutoML_8_20260420_193541,month_sin,0.39190265043089545
1,1,0.1,GLM_1_AutoML_8_20260420_193541,month_cos,0.2985310651638468
1,1,0.1,GLM_1_AutoML_8_20260420_193541,year,0.0
1,1,0.1,XGBoost_grid_1_AutoML_8_20260420_193541_model_2,target_lag1,5.4067670518159865
1,1,0.1,XGBoost_grid_1_AutoML_8_20260420_193541_model_2,target_lag2,0.9365582051873207
1,1,0.1,XGBoost_grid_1_AutoML_8_20260420_193541_model_2,target_lag3,1.8944621846079825
1,1,0.1,XGBoost_grid_1_AutoML_8_20260420_193541_model_2,target_lag4,0.7685041997255757
1,1,0.1,XGBoost_grid_1_AutoML_8_20260420_193541_model_2,target_lag5,0.247029724791646
1,1,0.1,XGBoost_grid_1_AutoML_8_20260420_193541_model_2,target_lag6,0.27204477149993184
1,1,0.1,XGBoost_grid_1_AutoML_8_20260420_193541_model_2,cov_HULL_lag1,0.9561812978237867
1,1,0.1,XGBoost_grid_1_AutoML_8_20260420_193541_model_2,cov_MUFL_lag1,0.21700148128904403
1,1,0.1,XGBoost_grid_1_AutoML_8_20260420_193541_model_2,cov_MULL_lag1,0.41936788162682204
1,1,0.1,XGBoost_grid_1_AutoML_8_20260420_193541_model_2,cov_LUFL_lag1,1.2513123552501202
1,1,0.1,XGBoost_grid_1_AutoML_8_20260420_193541_model_2,cov_LULL_lag1,0.039486488640541176
1,1,0.1,XGBoost_grid_1_AutoML_8_20260420_193541_model_2,cov_OT_lag1,0.26316186715383083
1,1,0.1,XGBoost_grid_1_AutoML_8_20260420_193541_model_2,hour_lag1,1.0356307151913642
1,1,0.1,XGBoost_grid_1_AutoML_8_20260420_193541_model_2,day_of_week_lag1,0.13947593916207549
1,1,0.1,XGBoost_grid_1_AutoML_8_20260420_193541_model_2,month_lag1,0.14061180934309955
1,1,0.1,XGBoost_grid_1_AutoML_8_20260420_193541_model_2,month_sin,0.1496290938556194
1,1,0.1,XGBoost_grid_1_AutoML_8_20260420_193541_model_2,month_cos,0.04356820943532507
1,1,0.1,GBM_grid_1_AutoML_8_20260420_193541_model_2,target_lag1,6.028562304973602
1,1,0.1,GBM_grid_1_AutoML_8_20260420_193541_model_2,target_lag2,2.349767165184021
1,1,0.1,GBM_grid_1_AutoML_8_20260420_193541_model_2,target_lag3,1.4437549597024917
1,1,0.1,GBM_grid_1_AutoML_8_20260420_193541_model_2,target_lag4,1.406455180766061
1,1,0.1,GBM_grid_1_AutoML_8_20260420_193541_model_2,target_lag5,0.3188761135935783
1,1,0.1,GBM_grid_1_AutoML_8_20260420_193541_model_2,target_lag6,0.1484820271655917
1,1,0.1,GBM_grid_1_AutoML_8_20260420_193541_model_2,cov_HULL_lag1,0.5981687038228847
1,1,0.1,GBM_grid_1_AutoML_8_20260420_193541_model_2,cov_MUFL_lag1,0.28306020907126367
1,1,0.1,GBM_grid_1_AutoML_8_20260420_193541_model_2,cov_MULL_lag1,0.28973233678378163
1,1,0.1,GBM_grid_1_AutoML_8_20260420_193541_model_2,cov_LUFL_lag1,0.27267749251797796
1,1,0.1,GBM_grid_1_AutoML_8_20260420_193541_model_2,cov_LULL_lag1,0.026810484562301947
1,1,0.1,GBM_grid_1_AutoML_8_20260420_193541_model_2,cov_OT_lag1,0.14281399594154207
1,1,0.1,GBM_grid_1_AutoML_8_20260420_193541_model_2,hour_lag1,1.0071186144649982
1,1,0.1,GBM_grid_1_AutoML_8_20260420_193541_model_2,day_of_week_lag1,0.042337997893337115
1,1,0.1,GBM_grid_1_AutoML_8_20260420_193541_model_2,month_lag1,0.07102455199696119
1,1,0.1,GBM_grid_1_AutoML_8_20260420_193541_model_2,month_sin,0.08713536828756328
1,1,0.1,GBM_grid_1_AutoML_8_20260420_193541_model_2,month_cos,0.020308251347159925
1,1,0.1,GBM_2_AutoML_8_20260420_193541,target_lag1,7.214099597930908
1,1,0.1,GBM_2_AutoML_8_20260420_193541,target_lag2,2.296767123937607
1,1,0.1,GBM_2_AutoML_8_20260420_193541,target_lag3,0.6669253407418728
1,1,0.1,GBM_2_AutoML_8_20260420_193541,target_lag4,1.3983016553521157
1,1,0.1,GBM_2_AutoML_8_20260420_193541,target_lag5,0.6308595007658004
1,1,0.1,GBM_2_AutoML_8_20260420_193541,target_lag6,0.05896471852436657
1,1,0.1,GBM_2_AutoML_8_20260420_193541,cov_HULL_lag1,0.6409867820329964
1,1,0.1,GBM_2_AutoML_8_20260420_193541,cov_MUFL_lag1,0.2858981582056731
1,1,0.1,GBM_2_AutoML_8_20260420_193541,cov_MULL_lag1,0.29588680908083914
1,1,0.1,GBM_2_AutoML_8_20260420_193541,cov_LUFL_lag1,0.43428639580029993
1,1,0.1,GBM_2_AutoML_8_20260420_193541,cov_LULL_lag1,0.02662821940844874
1,1,0.1,GBM_2_AutoML_8_20260420_193541,cov_OT_lag1,0.22187244756147262
1,1,0.1,GBM_2_AutoML_8_20260420_193541,hour_lag1,0.8531938118464314
1,1,0.1,GBM_2_AutoML_8_20260420_193541,day_of_week_lag1,0.14681545525789258
1,1,0.1,GBM_2_AutoML_8_20260420_193541,month_lag1,0.09236733452416952
1,1,0.1,GBM_2_AutoML_8_20260420_193541,month_sin,0.06688248716178347
1,1,0.1,GBM_2_AutoML_8_20260420_193541,month_cos,0.05741107067791742
1,1,0.1,GBM_1_AutoML_8_20260420_193541,target_lag1,6.481815910339355
1,1,0.1,GBM_1_AutoML_8_20260420_193541,target_lag2,2.4647973906993865
1,1,0.1,GBM_1_AutoML_8_20260420_193541,target_lag3,1.5156607161462308
1,1,0.1,GBM_1_AutoML_8_20260420_193541,target_lag4,0.7893463169783353
1,1,0.1,GBM_1_AutoML_8_20260420_193541,target_lag5,0.3458421182632446
1,1,0.1,GBM_1_AutoML_8_20260420_193541,target_lag6,0.10672721851617094
1,1,0.1,GBM_1_AutoML_8_20260420_193541,cov_HULL_lag1,0.6085999320633709
1,1,0.1,GBM_1_AutoML_8_20260420_193541,cov_MUFL_lag1,0.2791334124840796
1,1,0.1,GBM_1_AutoML_8_20260420_193541,cov_MULL_lag1,0.7351093361154198
1,1,0.1,GBM_1_AutoML_8_20260420_193541,cov_LUFL_lag1,0.209877107180655
1,1,0.1,GBM_1_AutoML_8_20260420_193541,cov_LULL_lag1,0.023897993459831884
1,1,0.1,GBM_1_AutoML_8_20260420_193541,cov_OT_lag1,0.17887254189699886
1,1,0.1,GBM_1_AutoML_8_20260420_193541,hour_lag1,0.8161031422019005
1,1,0.1,GBM_1_AutoML_8_20260420_193541,day_of_week_lag1,0.12834655547514554
1,1,0.1,GBM_1_AutoML_8_20260420_193541,month_lag1,0.061357953103724834
1,1,0.1,GBM_1_AutoML_8_20260420_193541,month_sin,0.06027200913522389
1,1,0.1,GBM_1_AutoML_8_20260420_193541,month_cos,0.031472101376857554
1,1,0.1,XGBoost_3_AutoML_8_20260420_193541,target_lag1,5.585118916034698
1,1,0.1,XGBoost_3_AutoML_8_20260420_193541,target_lag2,4.292998564243317
1,1,0.1,XGBoost_3_AutoML_8_20260420_193541,target_lag3,1.2534188997745515
1,1,0.1,XGBoost_3_AutoML_8_20260420_193541,target_lag4,1.18094297260046
1,1,0.1,XGBoost_3_AutoML_8_20260420_193541,target_lag5,0.3399141259491444
1,1,0.1,XGBoost_3_AutoML_8_20260420_193541,target_lag6,0.1478840678813867
1,1,0.1,XGBoost_3_AutoML_8_20260420_193541,cov_HULL_lag1,0.9536263592168689
1,1,0.1,XGBoost_3_AutoML_8_20260420_193541,cov_MUFL_lag1,0.6138025607354939
1,1,0.1,XGBoost_3_AutoML_8_20260420_193541,cov_MULL_lag1,1.1172279162332415
1,1,0.1,XGBoost_3_AutoML_8_20260420_193541,cov_LUFL_lag1,1.2791458129882813
1,1,0.1,XGBoost_3_AutoML_8_20260420_193541,cov_LULL_lag1,0.08189357938012103
1,1,0.1,XGBoost_3_AutoML_8_20260420_193541,cov_OT_lag1,0.41321329958736897
1,1,0.1,XGBoost_3_AutoML_8_20260420_193541,hour_lag1,1.227241423279047
1,1,0.1,XGBoost_3_AutoML_8_20260420_193541,day_of_week_lag1,0.07810345746343952
1,1,0.1,XGBoost_3_AutoML_8_20260420_193541,month_lag1,0.12483196167275307
1,1,0.1,XGBoost_3_AutoML_8_20260420_193541,month_sin,0.10838033130392428
1,1,0.1,XGBoost_3_AutoML_8_20260420_193541,month_cos,0.03291045579360793
1,1,0.1,GBM_grid_1_AutoML_8_20260420_193541_model_3,target_lag1,3.2917040851712227
1,1,0.1,GBM_grid_1_AutoML_8_20260420_193541_model_3,target_lag2,2.839787173271179
1,1,0.1,GBM_grid_1_AutoML_8_20260420_193541_model_3,target_lag3,2.2308486640453338
1,1,0.1,GBM_grid_1_AutoML_8_20260420_193541_model_3,target_lag4,1.4407703848555684
1,1,0.1,GBM_grid_1_AutoML_8_20260420_193541_model_3,target_lag5,0.756822816953063
1,1,0.1,GBM_grid_1_AutoML_8_20260420_193541_model_3,target_lag6,0.3637865899503231
1,1,0.1,GBM_grid_1_AutoML_8_20260420_193541_model_3,cov_HULL_lag1,1.5228153139352798
1,1,0.1,GBM_grid_1_AutoML_8_20260420_193541_model_3,cov_MUFL_lag1,0.2760716844722629
1,1,0.1,GBM_grid_1_AutoML_8_20260420_193541_model_3,cov_MULL_lag1,0.8119742026180029
1,1,0.1,GBM_grid_1_AutoML_8_20260420_193541_model_3,cov_LUFL_lag1,0.4450637867487967
1,1,0.1,GBM_grid_1_AutoML_8_20260420_193541_model_3,cov_LULL_lag1,0.19353373396210372
1,1,0.1,GBM_grid_1_AutoML_8_20260420_193541_model_3,cov_OT_lag1,0.19237941561674232
1,1,0.1,GBM_grid_1_AutoML_8_20260420_193541_model_3,hour_lag1,0.7138382021337748
1,1,0.1,GBM_grid_1_AutoML_8_20260420_193541_model_3,day_of_week_lag1,0.05160132455639536
1,1,0.1,GBM_grid_1_AutoML_8_20260420_193541_model_3,month_lag1,0.13272140755783762
1,1,0.1,GBM_grid_1_AutoML_8_20260420_193541_model_3,month_sin,0.07215538132004434
1,1,0.1,GBM_grid_1_AutoML_8_20260420_193541_model_3,month_cos,0.04943696790840473
1,1,0.1,XRT_1_AutoML_8_20260420_193541,target_lag1,2.1218076149374245
1,1,0.1,XRT_1_AutoML_8_20260420_193541,target_lag2,1.4568987087905407
1,1,0.1,XRT_1_AutoML_8_20260420_193541,target_lag3,0.7285393345425837
1,1,0.1,XRT_1_AutoML_8_20260420_193541,target_lag4,1.427533814907074
1,1,0.1,XRT_1_AutoML_8_20260420_193541,target_lag5,0.4783334662951529
1,1,0.1,XRT_1_AutoML_8_20260420_193541,target_lag6,0.1450884025264531
1,1,0.1,XRT_1_AutoML_8_20260420_193541,cov_HULL_lag1,0.5386014542356133
1,1,0.1,XRT_1_AutoML_8_20260420_193541,cov_MUFL_lag1,0.6353634905070067
1,1,0.1,XRT_1_AutoML_8_20260420_193541,cov_MULL_lag1,0.9084235916100443
1,1,0.1,XRT_1_AutoML_8_20260420_193541,cov_LUFL_lag1,0.7708885735273361
1,1,0.1,XRT_1_AutoML_8_20260420_193541,cov_LULL_lag1,0.47080388098955156
1,1,0.1,XRT_1_AutoML_8_20260420_193541,cov_OT_lag1,0.25709714527474714
1,1,0.1,XRT_1_AutoML_8_20260420_193541,hour_lag1,0.49449977461248634
1,1,0.1,XRT_1_AutoML_8_20260420_193541,day_of_week_lag1,0.314527711905539
1,1,0.1,XRT_1_AutoML_8_20260420_193541,month_lag1,0.9913172742724419
1,1,0.1,XRT_1_AutoML_8_20260420_193541,month_sin,22.058888993896545
1,1,0.1,XRT_1_AutoML_8_20260420_193541,month_cos,0.0806844812550116
1,1,0.1,GBM_4_AutoML_8_20260420_193541,target_lag1,7.7490580058097835
1,1,0.1,GBM_4_AutoML_8_20260420_193541,target_lag2,1.5698123168945313
1,1,0.1,GBM_4_AutoML_8_20260420_193541,target_lag3,0.7887286140117794
1,1,0.1,GBM_4_AutoML_8_20260420_193541,target_lag4,0.8120525014027953
1,1,0.1,GBM_4_AutoML_8_20260420_193541,target_lag5,0.10883464340120551
1,1,0.1,GBM_4_AutoML_8_20260420_193541,target_lag6,0.0907794784562429
1,1,0.1,GBM_4_AutoML_8_20260420_193541,cov_HULL_lag1,0.2964729327708483
1,1,0.1,GBM_4_AutoML_8_20260420_193541,cov_MUFL_lag1,0.28466375411488115
1,1,0.1,GBM_4_AutoML_8_20260420_193541,cov_MULL_lag1,0.4141213155537844
1,1,0.1,GBM_4_AutoML_8_20260420_193541,cov_LUFL_lag1,0.7309683673083782
1,1,0.1,GBM_4_AutoML_8_20260420_193541,cov_LULL_lag1,0.062336571062914986
1,1,0.1,GBM_4_AutoML_8_20260420_193541,cov_OT_lag1,0.17143682816997166
1,1,0.1,GBM_4_AutoML_8_20260420_193541,hour_lag1,0.6837493520975113
1,1,0.1,GBM_4_AutoML_8_20260420_193541,day_of_week_lag1,0.17000535887200385
1,1,0.1,GBM_4_AutoML_8_20260420_193541,month_lag1,0.12974731868132947
1,1,0.1,GBM_4_AutoML_8_20260420_193541,month_sin,0.10410970244556662
1,1,0.1,GBM_4_AutoML_8_20260420_193541,month_cos,0.039450488327420284
1,1,0.1,GBM_3_AutoML_8_20260420_193541,target_lag1,5.74687957406044
1,1,0.1,GBM_3_AutoML_8_20260420_193541,target_lag2,2.4217544305324554
1,1,0.1,GBM_3_AutoML_8_20260420_193541,target_lag3,2.707583684772253
1,1,0.1,GBM_3_AutoML_8_20260420_193541,target_lag4,0.6647655419632792
1,1,0.1,GBM_3_AutoML_8_20260420_193541,target_lag5,0.3396295776963234
1,1,0.1,GBM_3_AutoML_8_20260420_193541,target_lag6,0.17091405945364382
1,1,0.1,GBM_3_AutoML_8_20260420_193541,cov_HULL_lag1,0.976996413320303
1,1,0.1,GBM_3_AutoML_8_20260420_193541,cov_MUFL_lag1,0.3004414885677397
1,1,0.1,GBM_3_AutoML_8_20260420_193541,cov_MULL_lag1,0.5929287867248059
1,1,0.1,GBM_3_AutoML_8_20260420_193541,cov_LUFL_lag1,0.4778481108695269
1,1,0.1,GBM_3_AutoML_8_20260420_193541,cov_LULL_lag1,0.05052186272107059
1,1,0.1,GBM_3_AutoML_8_20260420_193541,cov_OT_lag1,0.2705917632393539
1,1,0.1,GBM_3_AutoML_8_20260420_193541,hour_lag1,0.7913739653676748
1,1,0.1,GBM_3_AutoML_8_20260420_193541,day_of_week_lag1,0.24215791055932642
1,1,0.1,GBM_3_AutoML_8_20260420_193541,month_lag1,0.06506413104012605
1,1,0.1,GBM_3_AutoML_8_20260420_193541,month_sin,0.12649161720648405
1,1,0.1,GBM_3_AutoML_8_20260420_193541,month_cos,0.09359688369091597
1,1,0.2,GBM_5_AutoML_8_20260420_193541,target_lag1,7.16025267958641
1,1,0.2,GBM_5_AutoML_8_20260420_193541,target_lag2,1.8125849747657776
1,1,0.2,GBM_5_AutoML_8_20260420_193541,target_lag3,0.7876090313773603
1,1,0.2,GBM_5_AutoML_8_20260420_193541,target_lag4,1.603594176247716
1,1,0.2,GBM_5_AutoML_8_20260420_193541,target_lag5,0.2660741893388331
1,1,0.2,GBM_5_AutoML_8_20260420_193541,target_lag6,0.13693019609898324
1,1,0.2,GBM_5_AutoML_8_20260420_193541,cov_HULL_lag1,0.4021029241196811
1,1,0.2,GBM_5_AutoML_8_20260420_193541,cov_MUFL_lag1,0.4538699040282518
1,1,0.2,GBM_5_AutoML_8_20260420_193541,cov_MULL_lag1,0.533949964120984
1,1,0.2,GBM_5_AutoML_8_20260420_193541,cov_LUFL_lag1,0.39263833083212374
1,1,0.2,GBM_5_AutoML_8_20260420_193541,cov_LULL_lag1,0.0348667214158922
1,1,0.2,GBM_5_AutoML_8_20260420_193541,cov_OT_lag1,0.3178306098654866
1,1,0.2,GBM_5_AutoML_8_20260420_193541,hour_lag1,0.8418572133406996
1,1,0.2,GBM_5_AutoML_8_20260420_193541,day_of_week_lag1,0.15571645021438596
1,1,0.2,GBM_5_AutoML_8_20260420_193541,month_lag1,0.11204584179446098
1,1,0.2,GBM_5_AutoML_8_20260420_193541,month_sin,0.09435516594676298
1,1,0.2,GBM_5_AutoML_8_20260420_193541,month_cos,0.04852390712549091
1,1,0.2,GLM_1_AutoML_8_20260420_193541,target_lag1,6.44174219623423
1,1,0.2,GLM_1_AutoML_8_20260420_193541,target_lag2,2.449042450981869
1,1,0.2,GLM_1_AutoML_8_20260420_193541,target_lag3,1.214325642084072
1,1,0.2,GLM_1_AutoML_8_20260420_193541,target_lag4,0.5056503557594153
1,1,0.2,GLM_1_AutoML_8_20260420_193541,target_lag5,0.2834563565726397
1,1,0.2,GLM_1_AutoML_8_20260420_193541,target_lag6,0.5187518315527853
1,1,0.2,GLM_1_AutoML_8_20260420_193541,cov_HULL_lag1,0.01393664700333966
1,1,0.2,GLM_1_AutoML_8_20260420_193541,cov_MUFL_lag1,0.09268696049071651
1,1,0.2,GLM_1_AutoML_8_20260420_193541,cov_MULL_lag1,0.14555276895153452
1,1,0.2,GLM_1_AutoML_8_20260420_193541,cov_LUFL_lag1,0.3598002951659908
1,1,0.2,GLM_1_AutoML_8_20260420_193541,cov_LULL_lag1,0.0016861617088203432
1,1,0.2,GLM_1_AutoML_8_20260420_193541,cov_OT_lag1,0.49497701239982567
1,1,0.2,GLM_1_AutoML_8_20260420_193541,hour_lag1,0.3254517241827486
1,1,0.2,GLM_1_AutoML_8_20260420_193541,day_of_week_lag1,0.07805984868302476
1,1,0.2,GLM_1_AutoML_8_20260420_193541,month_lag1,0.017505986721703296
1,1,0.2,GLM_1_AutoML_8_20260420_193541,month_sin,0.39190265043089545
1,1,0.2,GLM_1_AutoML_8_20260420_193541,month_cos,0.2985310651638468
1,1,0.2,GLM_1_AutoML_8_20260420_193541,year,0.0
1,1,0.2,XGBoost_grid_1_AutoML_8_20260420_193541_model_2,target_lag1,5.4067670518159865
1,1,0.2,XGBoost_grid_1_AutoML_8_20260420_193541_model_2,target_lag2,0.9365582051873207
1,1,0.2,XGBoost_grid_1_AutoML_8_20260420_193541_model_2,target_lag3,1.8944621846079825
1,1,0.2,XGBoost_grid_1_AutoML_8_20260420_193541_model_2,target_lag4,0.7685041997255757
1,1,0.2,XGBoost_grid_1_AutoML_8_20260420_193541_model_2,target_lag5,0.247029724791646
1,1,0.2,XGBoost_grid_1_AutoML_8_20260420_193541_model_2,target_lag6,0.27204477149993184
1,1,0.2,XGBoost_grid_1_AutoML_8_20260420_193541_model_2,cov_HULL_lag1,0.9561812978237867
1,1,0.2,XGBoost_grid_1_AutoML_8_20260420_193541_model_2,cov_MUFL_lag1,0.21700148128904403
1,1,0.2,XGBoost_grid_1_AutoML_8_20260420_193541_model_2,cov_MULL_lag1,0.41936788162682204
1,1,0.2,XGBoost_grid_1_AutoML_8_20260420_193541_model_2,cov_LUFL_lag1,1.2513123552501202
1,1,0.2,XGBoost_grid_1_AutoML_8_20260420_193541_model_2,cov_LULL_lag1,0.039486488640541176
1,1,0.2,XGBoost_grid_1_AutoML_8_20260420_193541_model_2,cov_OT_lag1,0.26316186715383083
1,1,0.2,XGBoost_grid_1_AutoML_8_20260420_193541_model_2,hour_lag1,1.0356307151913642
1,1,0.2,XGBoost_grid_1_AutoML_8_20260420_193541_model_2,day_of_week_lag1,0.13947593916207549
1,1,0.2,XGBoost_grid_1_AutoML_8_20260420_193541_model_2,month_lag1,0.14061180934309955
1,1,0.2,XGBoost_grid_1_AutoML_8_20260420_193541_model_2,month_sin,0.1496290938556194
1,1,0.2,XGBoost_grid_1_AutoML_8_20260420_193541_model_2,month_cos,0.04356820943532507
1,1,0.2,GBM_grid_1_AutoML_8_20260420_193541_model_2,target_lag1,6.028562304973602
1,1,0.2,GBM_grid_1_AutoML_8_20260420_193541_model_2,target_lag2,2.349767165184021
1,1,0.2,GBM_grid_1_AutoML_8_20260420_193541_model_2,target_lag3,1.4437549597024917
1,1,0.2,GBM_grid_1_AutoML_8_20260420_193541_model_2,target_lag4,1.406455180766061
1,1,0.2,GBM_grid_1_AutoML_8_20260420_193541_model_2,target_lag5,0.3188761135935783
1,1,0.2,GBM_grid_1_AutoML_8_20260420_193541_model_2,target_lag6,0.1484820271655917
1,1,0.2,GBM_grid_1_AutoML_8_20260420_193541_model_2,cov_HULL_lag1,0.5981687038228847
1,1,0.2,GBM_grid_1_AutoML_8_20260420_193541_model_2,cov_MUFL_lag1,0.28306020907126367
1,1,0.2,GBM_grid_1_AutoML_8_20260420_193541_model_2,cov_MULL_lag1,0.28973233678378163
1,1,0.2,GBM_grid_1_AutoML_8_20260420_193541_model_2,cov_LUFL_lag1,0.27267749251797796
1,1,0.2,GBM_grid_1_AutoML_8_20260420_193541_model_2,cov_LULL_lag1,0.026810484562301947
1,1,0.2,GBM_grid_1_AutoML_8_20260420_193541_model_2,cov_OT_lag1,0.14281399594154207
1,1,0.2,GBM_grid_1_AutoML_8_20260420_193541_model_2,hour_lag1,1.0071186144649982
1,1,0.2,GBM_grid_1_AutoML_8_20260420_193541_model_2,day_of_week_lag1,0.042337997893337115
1,1,0.2,GBM_grid_1_AutoML_8_20260420_193541_model_2,month_lag1,0.07102455199696119
1,1,0.2,GBM_grid_1_AutoML_8_20260420_193541_model_2,month_sin,0.08713536828756328
1,1,0.2,GBM_grid_1_AutoML_8_20260420_193541_model_2,month_cos,0.020308251347159925
1,1,0.2,GBM_2_AutoML_8_20260420_193541,target_lag1,7.214099597930908
1,1,0.2,GBM_2_AutoML_8_20260420_193541,target_lag2,2.296767123937607
1,1,0.2,GBM_2_AutoML_8_20260420_193541,target_lag3,0.6669253407418728
1,1,0.2,GBM_2_AutoML_8_20260420_193541,target_lag4,1.3983016553521157
1,1,0.2,GBM_2_AutoML_8_20260420_193541,target_lag5,0.6308595007658004
1,1,0.2,GBM_2_AutoML_8_20260420_193541,target_lag6,0.05896471852436657
1,1,0.2,GBM_2_AutoML_8_20260420_193541,cov_HULL_lag1,0.6409867820329964
1,1,0.2,GBM_2_AutoML_8_20260420_193541,cov_MUFL_lag1,0.2858981582056731
1,1,0.2,GBM_2_AutoML_8_20260420_193541,cov_MULL_lag1,0.29588680908083914
1,1,0.2,GBM_2_AutoML_8_20260420_193541,cov_LUFL_lag1,0.43428639580029993
1,1,0.2,GBM_2_AutoML_8_20260420_193541,cov_LULL_lag1,0.02662821940844874
1,1,0.2,GBM_2_AutoML_8_20260420_193541,cov_OT_lag1,0.22187244756147262
1,1,0.2,GBM_2_AutoML_8_20260420_193541,hour_lag1,0.8531938118464314
1,1,0.2,GBM_2_AutoML_8_20260420_193541,day_of_week_lag1,0.14681545525789258
1,1,0.2,GBM_2_AutoML_8_20260420_193541,month_lag1,0.09236733452416952
1,1,0.2,GBM_2_AutoML_8_20260420_193541,month_sin,0.06688248716178347
1,1,0.2,GBM_2_AutoML_8_20260420_193541,month_cos,0.05741107067791742
1,1,0.2,GBM_1_AutoML_8_20260420_193541,target_lag1,6.481815910339355
1,1,0.2,GBM_1_AutoML_8_20260420_193541,target_lag2,2.4647973906993865
1,1,0.2,GBM_1_AutoML_8_20260420_193541,target_lag3,1.5156607161462308
1,1,0.2,GBM_1_AutoML_8_20260420_193541,target_lag4,0.7893463169783353
1,1,0.2,GBM_1_AutoML_8_20260420_193541,target_lag5,0.3458421182632446
1,1,0.2,GBM_1_AutoML_8_20260420_193541,target_lag6,0.10672721851617094
1,1,0.2,GBM_1_AutoML_8_20260420_193541,cov_HULL_lag1,0.6085999320633709
1,1,0.2,GBM_1_AutoML_8_20260420_193541,cov_MUFL_lag1,0.2791334124840796
1,1,0.2,GBM_1_AutoML_8_20260420_193541,cov_MULL_lag1,0.7351093361154198
1,1,0.2,GBM_1_AutoML_8_20260420_193541,cov_LUFL_lag1,0.209877107180655
1,1,0.2,GBM_1_AutoML_8_20260420_193541,cov_LULL_lag1,0.023897993459831884
1,1,0.2,GBM_1_AutoML_8_20260420_193541,cov_OT_lag1,0.17887254189699886
1,1,0.2,GBM_1_AutoML_8_20260420_193541,hour_lag1,0.8161031422019005
1,1,0.2,GBM_1_AutoML_8_20260420_193541,day_of_week_lag1,0.12834655547514554
1,1,0.2,GBM_1_AutoML_8_20260420_193541,month_lag1,0.061357953103724834
1,1,0.2,GBM_1_AutoML_8_20260420_193541,month_sin,0.06027200913522389
1,1,0.2,GBM_1_AutoML_8_20260420_193541,month_cos,0.031472101376857554
1,1,0.2,XGBoost_3_AutoML_8_20260420_193541,target_lag1,5.585118916034698
1,1,0.2,XGBoost_3_AutoML_8_20260420_193541,target_lag2,4.292998564243317
1,1,0.2,XGBoost_3_AutoML_8_20260420_193541,target_lag3,1.2534188997745515
1,1,0.2,XGBoost_3_AutoML_8_20260420_193541,target_lag4,1.18094297260046
1,1,0.2,XGBoost_3_AutoML_8_20260420_193541,target_lag5,0.3399141259491444
1,1,0.2,XGBoost_3_AutoML_8_20260420_193541,target_lag6,0.1478840678813867
1,1,0.2,XGBoost_3_AutoML_8_20260420_193541,cov_HULL_lag1,0.9536263592168689
1,1,0.2,XGBoost_3_AutoML_8_20260420_193541,cov_MUFL_lag1,0.6138025607354939
1,1,0.2,XGBoost_3_AutoML_8_20260420_193541,cov_MULL_lag1,1.1172279162332415
1,1,0.2,XGBoost_3_AutoML_8_20260420_193541,cov_LUFL_lag1,1.2791458129882813
1,1,0.2,XGBoost_3_AutoML_8_20260420_193541,cov_LULL_lag1,0.08189357938012103
1,1,0.2,XGBoost_3_AutoML_8_20260420_193541,cov_OT_lag1,0.41321329958736897
1,1,0.2,XGBoost_3_AutoML_8_20260420_193541,hour_lag1,1.227241423279047
1,1,0.2,XGBoost_3_AutoML_8_20260420_193541,day_of_week_lag1,0.07810345746343952
1,1,0.2,XGBoost_3_AutoML_8_20260420_193541,month_lag1,0.12483196167275307
1,1,0.2,XGBoost_3_AutoML_8_20260420_193541,month_sin,0.10838033130392428
1,1,0.2,XGBoost_3_AutoML_8_20260420_193541,month_cos,0.03291045579360793
1,1,0.2,GBM_grid_1_AutoML_8_20260420_193541_model_3,target_lag1,3.2917040851712227
1,1,0.2,GBM_grid_1_AutoML_8_20260420_193541_model_3,target_lag2,2.839787173271179
1,1,0.2,GBM_grid_1_AutoML_8_20260420_193541_model_3,target_lag3,2.2308486640453338
1,1,0.2,GBM_grid_1_AutoML_8_20260420_193541_model_3,target_lag4,1.4407703848555684
1,1,0.2,GBM_grid_1_AutoML_8_20260420_193541_model_3,target_lag5,0.756822816953063
1,1,0.2,GBM_grid_1_AutoML_8_20260420_193541_model_3,target_lag6,0.3637865899503231
1,1,0.2,GBM_grid_1_AutoML_8_20260420_193541_model_3,cov_HULL_lag1,1.5228153139352798
1,1,0.2,GBM_grid_1_AutoML_8_20260420_193541_model_3,cov_MUFL_lag1,0.2760716844722629
1,1,0.2,GBM_grid_1_AutoML_8_20260420_193541_model_3,cov_MULL_lag1,0.8119742026180029
1,1,0.2,GBM_grid_1_AutoML_8_20260420_193541_model_3,cov_LUFL_lag1,0.4450637867487967
1,1,0.2,GBM_grid_1_AutoML_8_20260420_193541_model_3,cov_LULL_lag1,0.19353373396210372
1,1,0.2,GBM_grid_1_AutoML_8_20260420_193541_model_3,cov_OT_lag1,0.19237941561674232
1,1,0.2,GBM_grid_1_AutoML_8_20260420_193541_model_3,hour_lag1,0.7138382021337748
1,1,0.2,GBM_grid_1_AutoML_8_20260420_193541_model_3,day_of_week_lag1,0.05160132455639536
1,1,0.2,GBM_grid_1_AutoML_8_20260420_193541_model_3,month_lag1,0.13272140755783762
1,1,0.2,GBM_grid_1_AutoML_8_20260420_193541_model_3,month_sin,0.07215538132004434
1,1,0.2,GBM_grid_1_AutoML_8_20260420_193541_model_3,month_cos,0.04943696790840473
1,1,0.2,XRT_1_AutoML_8_20260420_193541,target_lag1,2.1218076149374245
1,1,0.2,XRT_1_AutoML_8_20260420_193541,target_lag2,1.4568987087905407
1,1,0.2,XRT_1_AutoML_8_20260420_193541,target_lag3,0.7285393345425837
1,1,0.2,XRT_1_AutoML_8_20260420_193541,target_lag4,1.427533814907074
1,1,0.2,XRT_1_AutoML_8_20260420_193541,target_lag5,0.4783334662951529
1,1,0.2,XRT_1_AutoML_8_20260420_193541,target_lag6,0.1450884025264531
1,1,0.2,XRT_1_AutoML_8_20260420_193541,cov_HULL_lag1,0.5386014542356133
1,1,0.2,XRT_1_AutoML_8_20260420_193541,cov_MUFL_lag1,0.6353634905070067
1,1,0.2,XRT_1_AutoML_8_20260420_193541,cov_MULL_lag1,0.9084235916100443
1,1,0.2,XRT_1_AutoML_8_20260420_193541,cov_LUFL_lag1,0.7708885735273361
1,1,0.2,XRT_1_AutoML_8_20260420_193541,cov_LULL_lag1,0.47080388098955156
1,1,0.2,XRT_1_AutoML_8_20260420_193541,cov_OT_lag1,0.25709714527474714
1,1,0.2,XRT_1_AutoML_8_20260420_193541,hour_lag1,0.49449977461248634
1,1,0.2,XRT_1_AutoML_8_20260420_193541,day_of_week_lag1,0.314527711905539
1,1,0.2,XRT_1_AutoML_8_20260420_193541,month_lag1,0.9913172742724419
1,1,0.2,XRT_1_AutoML_8_20260420_193541,month_sin,22.058888993896545
1,1,0.2,XRT_1_AutoML_8_20260420_193541,month_cos,0.0806844812550116
1,1,0.2,GBM_4_AutoML_8_20260420_193541,target_lag1,7.7490580058097835
1,1,0.2,GBM_4_AutoML_8_20260420_193541,target_lag2,1.5698123168945313
1,1,0.2,GBM_4_AutoML_8_20260420_193541,target_lag3,0.7887286140117794
1,1,0.2,GBM_4_AutoML_8_20260420_193541,target_lag4,0.8120525014027953
1,1,0.2,GBM_4_AutoML_8_20260420_193541,target_lag5,0.10883464340120551
1,1,0.2,GBM_4_AutoML_8_20260420_193541,target_lag6,0.0907794784562429
1,1,0.2,GBM_4_AutoML_8_20260420_193541,cov_HULL_lag1,0.2964729327708483
1,1,0.2,GBM_4_AutoML_8_20260420_193541,cov_MUFL_lag1,0.28466375411488115
1,1,0.2,GBM_4_AutoML_8_20260420_193541,cov_MULL_lag1,0.4141213155537844
1,1,0.2,GBM_4_AutoML_8_20260420_193541,cov_LUFL_lag1,0.7309683673083782
1,1,0.2,GBM_4_AutoML_8_20260420_193541,cov_LULL_lag1,0.062336571062914986
1,1,0.2,GBM_4_AutoML_8_20260420_193541,cov_OT_lag1,0.17143682816997166
1,1,0.2,GBM_4_AutoML_8_20260420_193541,hour_lag1,0.6837493520975113
1,1,0.2,GBM_4_AutoML_8_20260420_193541,day_of_week_lag1,0.17000535887200385
1,1,0.2,GBM_4_AutoML_8_20260420_193541,month_lag1,0.12974731868132947
1,1,0.2,GBM_4_AutoML_8_20260420_193541,month_sin,0.10410970244556662
1,1,0.2,GBM_4_AutoML_8_20260420_193541,month_cos,0.039450488327420284
1,1,0.2,GBM_3_AutoML_8_20260420_193541,target_lag1,5.74687957406044
1,1,0.2,GBM_3_AutoML_8_20260420_193541,target_lag2,2.4217544305324554
1,1,0.2,GBM_3_AutoML_8_20260420_193541,target_lag3,2.707583684772253
1,1,0.2,GBM_3_AutoML_8_20260420_193541,target_lag4,0.6647655419632792
1,1,0.2,GBM_3_AutoML_8_20260420_193541,target_lag5,0.3396295776963234
1,1,0.2,GBM_3_AutoML_8_20260420_193541,target_lag6,0.17091405945364382
1,1,0.2,GBM_3_AutoML_8_20260420_193541,cov_HULL_lag1,0.976996413320303
1,1,0.2,GBM_3_AutoML_8_20260420_193541,cov_MUFL_lag1,0.3004414885677397
1,1,0.2,GBM_3_AutoML_8_20260420_193541,cov_MULL_lag1,0.5929287867248059
1,1,0.2,GBM_3_AutoML_8_20260420_193541,cov_LUFL_lag1,0.4778481108695269
1,1,0.2,GBM_3_AutoML_8_20260420_193541,cov_LULL_lag1,0.05052186272107059
1,1,0.2,GBM_3_AutoML_8_20260420_193541,cov_OT_lag1,0.2705917632393539
1,1,0.2,GBM_3_AutoML_8_20260420_193541,hour_lag1,0.7913739653676748
1,1,0.2,GBM_3_AutoML_8_20260420_193541,day_of_week_lag1,0.24215791055932642
1,1,0.2,GBM_3_AutoML_8_20260420_193541,month_lag1,0.06506413104012605
1,1,0.2,GBM_3_AutoML_8_20260420_193541,month_sin,0.12649161720648405
1,1,0.2,GBM_3_AutoML_8_20260420_193541,month_cos,0.09359688369091597
1,1,0.2,DRF_1_AutoML_8_20260420_193541,target_lag1,2.2396625304222106
1,1,0.2,DRF_1_AutoML_8_20260420_193541,target_lag2,1.3592978250980376
1,1,0.2,DRF_1_AutoML_8_20260420_193541,target_lag3,1.3584205812215806
1,1,0.2,DRF_1_AutoML_8_20260420_193541,target_lag4,1.1144001191854478
1,1,0.2,DRF_1_AutoML_8_20260420_193541,target_lag5,0.44300700975582
1,1,0.2,DRF_1_AutoML_8_20260420_193541,target_lag6,0.20292513181222602
1,1,0.2,DRF_1_AutoML_8_20260420_193541,cov_HULL_lag1,0.6966775543014228
1,1,0.2,DRF_1_AutoML_8_20260420_193541,cov_MUFL_lag1,0.6385382081568242
1,1,0.2,DRF_1_AutoML_8_20260420_193541,cov_MULL_lag1,0.9080371404066682
1,1,0.2,DRF_1_AutoML_8_20260420_193541,cov_LUFL_lag1,0.4530284725129604
1,1,0.2,DRF_1_AutoML_8_20260420_193541,cov_LULL_lag1,0.06021363964420739
1,1,0.2,DRF_1_AutoML_8_20260420_193541,cov_OT_lag1,0.14591770473867652
1,1,0.2,DRF_1_AutoML_8_20260420_193541,hour_lag1,0.4197998958081007
1,1,0.2,DRF_1_AutoML_8_20260420_193541,day_of_week_lag1,0.10207121904939408
1,1,0.2,DRF_1_AutoML_8_20260420_193541,month_lag1,0.11276749768585428
1,1,0.2,DRF_1_AutoML_8_20260420_193541,month_sin,0.09383691521339639
1,1,0.2,DRF_1_AutoML_8_20260420_193541,month_cos,0.08477209418371782
1,1,0.2,XGBoost_grid_1_AutoML_8_20260420_193541_model_3,target_lag1,7.988484182357788
1,1,0.2,XGBoost_grid_1_AutoML_8_20260420_193541_model_3,target_lag2,0.9875855374336243
1,1,0.2,XGBoost_grid_1_AutoML_8_20260420_193541_model_3,target_lag3,0.8885129610076546
1,1,0.2,XGBoost_grid_1_AutoML_8_20260420_193541_model_3,target_lag4,1.2699092739820481
1,1,0.2,XGBoost_grid_1_AutoML_8_20260420_193541_model_3,target_lag5,0.2864677047356963
1,1,0.2,XGBoost_grid_1_AutoML_8_20260420_193541_model_3,target_lag6,0.14714469706639643
1,1,0.2,XGBoost_grid_1_AutoML_8_20260420_193541_model_3,cov_HULL_lag1,0.8024652151810006
1,1,0.2,XGBoost_grid_1_AutoML_8_20260420_193541_model_3,cov_MUFL_lag1,0.5180249791406095
1,1,0.2,XGBoost_grid_1_AutoML_8_20260420_193541_model_3,cov_MULL_lag1,0.695693840046879
1,1,0.2,XGBoost_grid_1_AutoML_8_20260420_193541_model_3,cov_LUFL_lag1,0.16382132271304722
1,1,0.2,XGBoost_grid_1_AutoML_8_20260420_193541_model_3,cov_LULL_lag1,0.05270194208715106
1,1,0.2,XGBoost_grid_1_AutoML_8_20260420_193541_model_3,cov_OT_lag1,0.40572528760880233
1,1,0.2,XGBoost_grid_1_AutoML_8_20260420_193541_model_3,hour_lag1,1.0953511582314968
1,1,0.2,XGBoost_grid_1_AutoML_8_20260420_193541_model_3,day_of_week_lag1,0.3029043163359165
1,1,0.2,XGBoost_grid_1_AutoML_8_20260420_193541_model_3,month_lag1,0.114664196036756
1,1,0.2,XGBoost_grid_1_AutoML_8_20260420_193541_model_3,month_sin,0.11349209461361166
1,1,0.2,XGBoost_grid_1_AutoML_8_20260420_193541_model_3,month_cos,0.08618095677811648
1,1,0.2,XGBoost_1_AutoML_8_20260420_193541,target_lag1,5.578832873106003
1,1,0.2,XGBoost_1_AutoML_8_20260420_193541,target_lag2,3.6223140478134157
1,1,0.2,XGBoost_1_AutoML_8_20260420_193541,target_lag3,0.9306496402621269
1,1,0.2,XGBoost_1_AutoML_8_20260420_193541,target_lag4,1.0367514209449291
1,1,0.2,XGBoost_1_AutoML_8_20260420_193541,target_lag5,0.34420595539733767
1,1,0.2,XGBoost_1_AutoML_8_20260420_193541,target_lag6,0.39014790154993534
1,1,0.2,XGBoost_1_AutoML_8_20260420_193541,cov_HULL_lag1,1.1114524167776108
1,1,0.2,XGBoost_1_AutoML_8_20260420_193541,cov_MUFL_lag1,0.6154255553334952
1,1,0.2,XGBoost_1_AutoML_8_20260420_193541,cov_MULL_lag1,1.1154127107933163
1,1,0.2,XGBoost_1_AutoML_8_20260420_193541,cov_LUFL_lag1,1.308941025286913
1,1,0.2,XGBoost_1_AutoML_8_20260420_193541,cov_LULL_lag1,0.0849274158850312
1,1,0.2,XGBoost_1_AutoML_8_20260420_193541,cov_OT_lag1,0.359534617587924
1,1,0.2,XGBoost_1_AutoML_8_20260420_193541,hour_lag1,1.0485896672680974
1,1,0.2,XGBoost_1_AutoML_8_20260420_193541,day_of_week_lag1,0.16000711284577843
1,1,0.2,XGBoost_1_AutoML_8_20260420_193541,month_lag1,0.09743548016063866
1,1,0.2,XGBoost_1_AutoML_8_20260420_193541,month_sin,0.18016625940799713
1,1,0.2,XGBoost_1_AutoML_8_20260420_193541,month_cos,0.08359694333281364
1,1,0.3,GBM_5_AutoML_8_20260420_193541,target_lag1,7.16025267958641
1,1,0.3,GBM_5_AutoML_8_20260420_193541,target_lag2,1.8125849747657776
1,1,0.3,GBM_5_AutoML_8_20260420_193541,target_lag3,0.7876090313773603
1,1,0.3,GBM_5_AutoML_8_20260420_193541,target_lag4,1.603594176247716
1,1,0.3,GBM_5_AutoML_8_20260420_193541,target_lag5,0.2660741893388331
1,1,0.3,GBM_5_AutoML_8_20260420_193541,target_lag6,0.13693019609898324
1,1,0.3,GBM_5_AutoML_8_20260420_193541,cov_HULL_lag1,0.4021029241196811
1,1,0.3,GBM_5_AutoML_8_20260420_193541,cov_MUFL_lag1,0.4538699040282518
1,1,0.3,GBM_5_AutoML_8_20260420_193541,cov_MULL_lag1,0.533949964120984
1,1,0.3,GBM_5_AutoML_8_20260420_193541,cov_LUFL_lag1,0.39263833083212374
1,1,0.3,GBM_5_AutoML_8_20260420_193541,cov_LULL_lag1,0.0348667214158922
1,1,0.3,GBM_5_AutoML_8_20260420_193541,cov_OT_lag1,0.3178306098654866
1,1,0.3,GBM_5_AutoML_8_20260420_193541,hour_lag1,0.8418572133406996
1,1,0.3,GBM_5_AutoML_8_20260420_193541,day_of_week_lag1,0.15571645021438596
1,1,0.3,GBM_5_AutoML_8_20260420_193541,month_lag1,0.11204584179446098
1,1,0.3,GBM_5_AutoML_8_20260420_193541,month_sin,0.09435516594676298
1,1,0.3,GBM_5_AutoML_8_20260420_193541,month_cos,0.04852390712549091
1,1,0.3,GLM_1_AutoML_8_20260420_193541,target_lag1,6.44174219623423
1,1,0.3,GLM_1_AutoML_8_20260420_193541,target_lag2,2.449042450981869
1,1,0.3,GLM_1_AutoML_8_20260420_193541,target_lag3,1.214325642084072
1,1,0.3,GLM_1_AutoML_8_20260420_193541,target_lag4,0.5056503557594153
1,1,0.3,GLM_1_AutoML_8_20260420_193541,target_lag5,0.2834563565726397
1,1,0.3,GLM_1_AutoML_8_20260420_193541,target_lag6,0.5187518315527853
1,1,0.3,GLM_1_AutoML_8_20260420_193541,cov_HULL_lag1,0.01393664700333966
1,1,0.3,GLM_1_AutoML_8_20260420_193541,cov_MUFL_lag1,0.09268696049071651
1,1,0.3,GLM_1_AutoML_8_20260420_193541,cov_MULL_lag1,0.14555276895153452
1,1,0.3,GLM_1_AutoML_8_20260420_193541,cov_LUFL_lag1,0.3598002951659908
1,1,0.3,GLM_1_AutoML_8_20260420_193541,cov_LULL_lag1,0.0016861617088203432
1,1,0.3,GLM_1_AutoML_8_20260420_193541,cov_OT_lag1,0.49497701239982567
1,1,0.3,GLM_1_AutoML_8_20260420_193541,hour_lag1,0.3254517241827486
1,1,0.3,GLM_1_AutoML_8_20260420_193541,day_of_week_lag1,0.07805984868302476
1,1,0.3,GLM_1_AutoML_8_20260420_193541,month_lag1,0.017505986721703296
1,1,0.3,GLM_1_AutoML_8_20260420_193541,month_sin,0.39190265043089545
1,1,0.3,GLM_1_AutoML_8_20260420_193541,month_cos,0.2985310651638468
1,1,0.3,GLM_1_AutoML_8_20260420_193541,year,0.0
1,1,0.3,XGBoost_grid_1_AutoML_8_20260420_193541_model_2,target_lag1,5.4067670518159865
1,1,0.3,XGBoost_grid_1_AutoML_8_20260420_193541_model_2,target_lag2,0.9365582051873207
1,1,0.3,XGBoost_grid_1_AutoML_8_20260420_193541_model_2,target_lag3,1.8944621846079825
1,1,0.3,XGBoost_grid_1_AutoML_8_20260420_193541_model_2,target_lag4,0.7685041997255757
1,1,0.3,XGBoost_grid_1_AutoML_8_20260420_193541_model_2,target_lag5,0.247029724791646
1,1,0.3,XGBoost_grid_1_AutoML_8_20260420_193541_model_2,target_lag6,0.27204477149993184
1,1,0.3,XGBoost_grid_1_AutoML_8_20260420_193541_model_2,cov_HULL_lag1,0.9561812978237867
1,1,0.3,XGBoost_grid_1_AutoML_8_20260420_193541_model_2,cov_MUFL_lag1,0.21700148128904403
1,1,0.3,XGBoost_grid_1_AutoML_8_20260420_193541_model_2,cov_MULL_lag1,0.41936788162682204
1,1,0.3,XGBoost_grid_1_AutoML_8_20260420_193541_model_2,cov_LUFL_lag1,1.2513123552501202
1,1,0.3,XGBoost_grid_1_AutoML_8_20260420_193541_model_2,cov_LULL_lag1,0.039486488640541176
1,1,0.3,XGBoost_grid_1_AutoML_8_20260420_193541_model_2,cov_OT_lag1,0.26316186715383083
1,1,0.3,XGBoost_grid_1_AutoML_8_20260420_193541_model_2,hour_lag1,1.0356307151913642
1,1,0.3,XGBoost_grid_1_AutoML_8_20260420_193541_model_2,day_of_week_lag1,0.13947593916207549
1,1,0.3,XGBoost_grid_1_AutoML_8_20260420_193541_model_2,month_lag1,0.14061180934309955
1,1,0.3,XGBoost_grid_1_AutoML_8_20260420_193541_model_2,month_sin,0.1496290938556194
1,1,0.3,XGBoost_grid_1_AutoML_8_20260420_193541_model_2,month_cos,0.04356820943532507
1,1,0.3,GBM_grid_1_AutoML_8_20260420_193541_model_2,target_lag1,6.028562304973602
1,1,0.3,GBM_grid_1_AutoML_8_20260420_193541_model_2,target_lag2,2.349767165184021
1,1,0.3,GBM_grid_1_AutoML_8_20260420_193541_model_2,target_lag3,1.4437549597024917
1,1,0.3,GBM_grid_1_AutoML_8_20260420_193541_model_2,target_lag4,1.406455180766061
1,1,0.3,GBM_grid_1_AutoML_8_20260420_193541_model_2,target_lag5,0.3188761135935783
1,1,0.3,GBM_grid_1_AutoML_8_20260420_193541_model_2,target_lag6,0.1484820271655917
1,1,0.3,GBM_grid_1_AutoML_8_20260420_193541_model_2,cov_HULL_lag1,0.5981687038228847
1,1,0.3,GBM_grid_1_AutoML_8_20260420_193541_model_2,cov_MUFL_lag1,0.28306020907126367
1,1,0.3,GBM_grid_1_AutoML_8_20260420_193541_model_2,cov_MULL_lag1,0.28973233678378163
1,1,0.3,GBM_grid_1_AutoML_8_20260420_193541_model_2,cov_LUFL_lag1,0.27267749251797796
1,1,0.3,GBM_grid_1_AutoML_8_20260420_193541_model_2,cov_LULL_lag1,0.026810484562301947
1,1,0.3,GBM_grid_1_AutoML_8_20260420_193541_model_2,cov_OT_lag1,0.14281399594154207
1,1,0.3,GBM_grid_1_AutoML_8_20260420_193541_model_2,hour_lag1,1.0071186144649982
1,1,0.3,GBM_grid_1_AutoML_8_20260420_193541_model_2,day_of_week_lag1,0.042337997893337115
1,1,0.3,GBM_grid_1_AutoML_8_20260420_193541_model_2,month_lag1,0.07102455199696119
1,1,0.3,GBM_grid_1_AutoML_8_20260420_193541_model_2,month_sin,0.08713536828756328
1,1,0.3,GBM_grid_1_AutoML_8_20260420_193541_model_2,month_cos,0.020308251347159925
1,1,0.3,GBM_2_AutoML_8_20260420_193541,target_lag1,7.214099597930908
1,1,0.3,GBM_2_AutoML_8_20260420_193541,target_lag2,2.296767123937607
1,1,0.3,GBM_2_AutoML_8_20260420_193541,target_lag3,0.6669253407418728
1,1,0.3,GBM_2_AutoML_8_20260420_193541,target_lag4,1.3983016553521157
1,1,0.3,GBM_2_AutoML_8_20260420_193541,target_lag5,0.6308595007658004
1,1,0.3,GBM_2_AutoML_8_20260420_193541,target_lag6,0.05896471852436657
1,1,0.3,GBM_2_AutoML_8_20260420_193541,cov_HULL_lag1,0.6409867820329964
1,1,0.3,GBM_2_AutoML_8_20260420_193541,cov_MUFL_lag1,0.2858981582056731
1,1,0.3,GBM_2_AutoML_8_20260420_193541,cov_MULL_lag1,0.29588680908083914
1,1,0.3,GBM_2_AutoML_8_20260420_193541,cov_LUFL_lag1,0.43428639580029993
1,1,0.3,GBM_2_AutoML_8_20260420_193541,cov_LULL_lag1,0.02662821940844874
1,1,0.3,GBM_2_AutoML_8_20260420_193541,cov_OT_lag1,0.22187244756147262
1,1,0.3,GBM_2_AutoML_8_20260420_193541,hour_lag1,0.8531938118464314
1,1,0.3,GBM_2_AutoML_8_20260420_193541,day_of_week_lag1,0.14681545525789258
1,1,0.3,GBM_2_AutoML_8_20260420_193541,month_lag1,0.09236733452416952
1,1,0.3,GBM_2_AutoML_8_20260420_193541,month_sin,0.06688248716178347
1,1,0.3,GBM_2_AutoML_8_20260420_193541,month_cos,0.05741107067791742
1,1,0.3,GBM_1_AutoML_8_20260420_193541,target_lag1,6.481815910339355
1,1,0.3,GBM_1_AutoML_8_20260420_193541,target_lag2,2.4647973906993865
1,1,0.3,GBM_1_AutoML_8_20260420_193541,target_lag3,1.5156607161462308
1,1,0.3,GBM_1_AutoML_8_20260420_193541,target_lag4,0.7893463169783353
1,1,0.3,GBM_1_AutoML_8_20260420_193541,target_lag5,0.3458421182632446
1,1,0.3,GBM_1_AutoML_8_20260420_193541,target_lag6,0.10672721851617094
1,1,0.3,GBM_1_AutoML_8_20260420_193541,cov_HULL_lag1,0.6085999320633709
1,1,0.3,GBM_1_AutoML_8_20260420_193541,cov_MUFL_lag1,0.2791334124840796
1,1,0.3,GBM_1_AutoML_8_20260420_193541,cov_MULL_lag1,0.7351093361154198
1,1,0.3,GBM_1_AutoML_8_20260420_193541,cov_LUFL_lag1,0.209877107180655
1,1,0.3,GBM_1_AutoML_8_20260420_193541,cov_LULL_lag1,0.023897993459831884
1,1,0.3,GBM_1_AutoML_8_20260420_193541,cov_OT_lag1,0.17887254189699886
1,1,0.3,GBM_1_AutoML_8_20260420_193541,hour_lag1,0.8161031422019005
1,1,0.3,GBM_1_AutoML_8_20260420_193541,day_of_week_lag1,0.12834655547514554
1,1,0.3,GBM_1_AutoML_8_20260420_193541,month_lag1,0.061357953103724834
1,1,0.3,GBM_1_AutoML_8_20260420_193541,month_sin,0.06027200913522389
1,1,0.3,GBM_1_AutoML_8_20260420_193541,month_cos,0.031472101376857554
1,1,0.3,XGBoost_3_AutoML_8_20260420_193541,target_lag1,5.585118916034698
1,1,0.3,XGBoost_3_AutoML_8_20260420_193541,target_lag2,4.292998564243317
1,1,0.3,XGBoost_3_AutoML_8_20260420_193541,target_lag3,1.2534188997745515
1,1,0.3,XGBoost_3_AutoML_8_20260420_193541,target_lag4,1.18094297260046
1,1,0.3,XGBoost_3_AutoML_8_20260420_193541,target_lag5,0.3399141259491444
1,1,0.3,XGBoost_3_AutoML_8_20260420_193541,target_lag6,0.1478840678813867
1,1,0.3,XGBoost_3_AutoML_8_20260420_193541,cov_HULL_lag1,0.9536263592168689
1,1,0.3,XGBoost_3_AutoML_8_20260420_193541,cov_MUFL_lag1,0.6138025607354939
1,1,0.3,XGBoost_3_AutoML_8_20260420_193541,cov_MULL_lag1,1.1172279162332415
1,1,0.3,XGBoost_3_AutoML_8_20260420_193541,cov_LUFL_lag1,1.2791458129882813
1,1,0.3,XGBoost_3_AutoML_8_20260420_193541,cov_LULL_lag1,0.08189357938012103
1,1,0.3,XGBoost_3_AutoML_8_20260420_193541,cov_OT_lag1,0.41321329958736897
1,1,0.3,XGBoost_3_AutoML_8_20260420_193541,hour_lag1,1.227241423279047
1,1,0.3,XGBoost_3_AutoML_8_20260420_193541,day_of_week_lag1,0.07810345746343952
1,1,0.3,XGBoost_3_AutoML_8_20260420_193541,month_lag1,0.12483196167275307
1,1,0.3,XGBoost_3_AutoML_8_20260420_193541,month_sin,0.10838033130392428
1,1,0.3,XGBoost_3_AutoML_8_20260420_193541,month_cos,0.03291045579360793
1,1,0.3,GBM_grid_1_AutoML_8_20260420_193541_model_3,target_lag1,3.2917040851712227
1,1,0.3,GBM_grid_1_AutoML_8_20260420_193541_model_3,target_lag2,2.839787173271179
1,1,0.3,GBM_grid_1_AutoML_8_20260420_193541_model_3,target_lag3,2.2308486640453338
1,1,0.3,GBM_grid_1_AutoML_8_20260420_193541_model_3,target_lag4,1.4407703848555684
1,1,0.3,GBM_grid_1_AutoML_8_20260420_193541_model_3,target_lag5,0.756822816953063
1,1,0.3,GBM_grid_1_AutoML_8_20260420_193541_model_3,target_lag6,0.3637865899503231
1,1,0.3,GBM_grid_1_AutoML_8_20260420_193541_model_3,cov_HULL_lag1,1.5228153139352798
1,1,0.3,GBM_grid_1_AutoML_8_20260420_193541_model_3,cov_MUFL_lag1,0.2760716844722629
1,1,0.3,GBM_grid_1_AutoML_8_20260420_193541_model_3,cov_MULL_lag1,0.8119742026180029
1,1,0.3,GBM_grid_1_AutoML_8_20260420_193541_model_3,cov_LUFL_lag1,0.4450637867487967
1,1,0.3,GBM_grid_1_AutoML_8_20260420_193541_model_3,cov_LULL_lag1,0.19353373396210372
1,1,0.3,GBM_grid_1_AutoML_8_20260420_193541_model_3,cov_OT_lag1,0.19237941561674232
1,1,0.3,GBM_grid_1_AutoML_8_20260420_193541_model_3,hour_lag1,0.7138382021337748
1,1,0.3,GBM_grid_1_AutoML_8_20260420_193541_model_3,day_of_week_lag1,0.05160132455639536
1,1,0.3,GBM_grid_1_AutoML_8_20260420_193541_model_3,month_lag1,0.13272140755783762
1,1,0.3,GBM_grid_1_AutoML_8_20260420_193541_model_3,month_sin,0.07215538132004434
1,1,0.3,GBM_grid_1_AutoML_8_20260420_193541_model_3,month_cos,0.04943696790840473
1,1,0.3,XRT_1_AutoML_8_20260420_193541,target_lag1,2.1218076149374245
1,1,0.3,XRT_1_AutoML_8_20260420_193541,target_lag2,1.4568987087905407
1,1,0.3,XRT_1_AutoML_8_20260420_193541,target_lag3,0.7285393345425837
1,1,0.3,XRT_1_AutoML_8_20260420_193541,target_lag4,1.427533814907074
1,1,0.3,XRT_1_AutoML_8_20260420_193541,target_lag5,0.4783334662951529
1,1,0.3,XRT_1_AutoML_8_20260420_193541,target_lag6,0.1450884025264531
1,1,0.3,XRT_1_AutoML_8_20260420_193541,cov_HULL_lag1,0.5386014542356133
1,1,0.3,XRT_1_AutoML_8_20260420_193541,cov_MUFL_lag1,0.6353634905070067
1,1,0.3,XRT_1_AutoML_8_20260420_193541,cov_MULL_lag1,0.9084235916100443
1,1,0.3,XRT_1_AutoML_8_20260420_193541,cov_LUFL_lag1,0.7708885735273361
1,1,0.3,XRT_1_AutoML_8_20260420_193541,cov_LULL_lag1,0.47080388098955156
1,1,0.3,XRT_1_AutoML_8_20260420_193541,cov_OT_lag1,0.25709714527474714
1,1,0.3,XRT_1_AutoML_8_20260420_193541,hour_lag1,0.49449977461248634
1,1,0.3,XRT_1_AutoML_8_20260420_193541,day_of_week_lag1,0.314527711905539
1,1,0.3,XRT_1_AutoML_8_20260420_193541,month_lag1,0.9913172742724419
1,1,0.3,XRT_1_AutoML_8_20260420_193541,month_sin,22.058888993896545
1,1,0.3,XRT_1_AutoML_8_20260420_193541,month_cos,0.0806844812550116
1,1,0.3,GBM_4_AutoML_8_20260420_193541,target_lag1,7.7490580058097835
1,1,0.3,GBM_4_AutoML_8_20260420_193541,target_lag2,1.5698123168945313
1,1,0.3,GBM_4_AutoML_8_20260420_193541,target_lag3,0.7887286140117794
1,1,0.3,GBM_4_AutoML_8_20260420_193541,target_lag4,0.8120525014027953
1,1,0.3,GBM_4_AutoML_8_20260420_193541,target_lag5,0.10883464340120551
1,1,0.3,GBM_4_AutoML_8_20260420_193541,target_lag6,0.0907794784562429
1,1,0.3,GBM_4_AutoML_8_20260420_193541,cov_HULL_lag1,0.2964729327708483
1,1,0.3,GBM_4_AutoML_8_20260420_193541,cov_MUFL_lag1,0.28466375411488115
1,1,0.3,GBM_4_AutoML_8_20260420_193541,cov_MULL_lag1,0.4141213155537844
1,1,0.3,GBM_4_AutoML_8_20260420_193541,cov_LUFL_lag1,0.7309683673083782
1,1,0.3,GBM_4_AutoML_8_20260420_193541,cov_LULL_lag1,0.062336571062914986
1,1,0.3,GBM_4_AutoML_8_20260420_193541,cov_OT_lag1,0.17143682816997166
1,1,0.3,GBM_4_AutoML_8_20260420_193541,hour_lag1,0.6837493520975113
1,1,0.3,GBM_4_AutoML_8_20260420_193541,day_of_week_lag1,0.17000535887200385
1,1,0.3,GBM_4_AutoML_8_20260420_193541,month_lag1,0.12974731868132947
1,1,0.3,GBM_4_AutoML_8_20260420_193541,month_sin,0.10410970244556662
1,1,0.3,GBM_4_AutoML_8_20260420_193541,month_cos,0.039450488327420284
1,1,0.3,GBM_3_AutoML_8_20260420_193541,target_lag1,5.74687957406044
1,1,0.3,GBM_3_AutoML_8_20260420_193541,target_lag2,2.4217544305324554
1,1,0.3,GBM_3_AutoML_8_20260420_193541,target_lag3,2.707583684772253
1,1,0.3,GBM_3_AutoML_8_20260420_193541,target_lag4,0.6647655419632792
1,1,0.3,GBM_3_AutoML_8_20260420_193541,target_lag5,0.3396295776963234
1,1,0.3,GBM_3_AutoML_8_20260420_193541,target_lag6,0.17091405945364382
1,1,0.3,GBM_3_AutoML_8_20260420_193541,cov_HULL_lag1,0.976996413320303
1,1,0.3,GBM_3_AutoML_8_20260420_193541,cov_MUFL_lag1,0.3004414885677397
1,1,0.3,GBM_3_AutoML_8_20260420_193541,cov_MULL_lag1,0.5929287867248059
1,1,0.3,GBM_3_AutoML_8_20260420_193541,cov_LUFL_lag1,0.4778481108695269
1,1,0.3,GBM_3_AutoML_8_20260420_193541,cov_LULL_lag1,0.05052186272107059
1,1,0.3,GBM_3_AutoML_8_20260420_193541,cov_OT_lag1,0.2705917632393539
1,1,0.3,GBM_3_AutoML_8_20260420_193541,hour_lag1,0.7913739653676748
1,1,0.3,GBM_3_AutoML_8_20260420_193541,day_of_week_lag1,0.24215791055932642
1,1,0.3,GBM_3_AutoML_8_20260420_193541,month_lag1,0.06506413104012605
1,1,0.3,GBM_3_AutoML_8_20260420_193541,month_sin,0.12649161720648405
1,1,0.3,GBM_3_AutoML_8_20260420_193541,month_cos,0.09359688369091597
1,1,0.3,DRF_1_AutoML_8_20260420_193541,target_lag1,2.2396625304222106
1,1,0.3,DRF_1_AutoML_8_20260420_193541,target_lag2,1.3592978250980376
1,1,0.3,DRF_1_AutoML_8_20260420_193541,target_lag3,1.3584205812215806
1,1,0.3,DRF_1_AutoML_8_20260420_193541,target_lag4,1.1144001191854478
1,1,0.3,DRF_1_AutoML_8_20260420_193541,target_lag5,0.44300700975582
1,1,0.3,DRF_1_AutoML_8_20260420_193541,target_lag6,0.20292513181222602
1,1,0.3,DRF_1_AutoML_8_20260420_193541,cov_HULL_lag1,0.6966775543014228
1,1,0.3,DRF_1_AutoML_8_20260420_193541,cov_MUFL_lag1,0.6385382081568242
1,1,0.3,DRF_1_AutoML_8_20260420_193541,cov_MULL_lag1,0.9080371404066682
1,1,0.3,DRF_1_AutoML_8_20260420_193541,cov_LUFL_lag1,0.4530284725129604
1,1,0.3,DRF_1_AutoML_8_20260420_193541,cov_LULL_lag1,0.06021363964420739
1,1,0.3,DRF_1_AutoML_8_20260420_193541,cov_OT_lag1,0.14591770473867652
1,1,0.3,DRF_1_AutoML_8_20260420_193541,hour_lag1,0.4197998958081007
1,1,0.3,DRF_1_AutoML_8_20260420_193541,day_of_week_lag1,0.10207121904939408
1,1,0.3,DRF_1_AutoML_8_20260420_193541,month_lag1,0.11276749768585428
1,1,0.3,DRF_1_AutoML_8_20260420_193541,month_sin,0.09383691521339639
1,1,0.3,DRF_1_AutoML_8_20260420_193541,month_cos,0.08477209418371782
1,1,0.3,XGBoost_grid_1_AutoML_8_20260420_193541_model_3,target_lag1,7.988484182357788
1,1,0.3,XGBoost_grid_1_AutoML_8_20260420_193541_model_3,target_lag2,0.9875855374336243
1,1,0.3,XGBoost_grid_1_AutoML_8_20260420_193541_model_3,target_lag3,0.8885129610076546
1,1,0.3,XGBoost_grid_1_AutoML_8_20260420_193541_model_3,target_lag4,1.2699092739820481
1,1,0.3,XGBoost_grid_1_AutoML_8_20260420_193541_model_3,target_lag5,0.2864677047356963
1,1,0.3,XGBoost_grid_1_AutoML_8_20260420_193541_model_3,target_lag6,0.14714469706639643
1,1,0.3,XGBoost_grid_1_AutoML_8_20260420_193541_model_3,cov_HULL_lag1,0.8024652151810006
1,1,0.3,XGBoost_grid_1_AutoML_8_20260420_193541_model_3,cov_MUFL_lag1,0.5180249791406095
1,1,0.3,XGBoost_grid_1_AutoML_8_20260420_193541_model_3,cov_MULL_lag1,0.695693840046879
1,1,0.3,XGBoost_grid_1_AutoML_8_20260420_193541_model_3,cov_LUFL_lag1,0.16382132271304722
1,1,0.3,XGBoost_grid_1_AutoML_8_20260420_193541_model_3,cov_LULL_lag1,0.05270194208715106
1,1,0.3,XGBoost_grid_1_AutoML_8_20260420_193541_model_3,cov_OT_lag1,0.40572528760880233
1,1,0.3,XGBoost_grid_1_AutoML_8_20260420_193541_model_3,hour_lag1,1.0953511582314968
1,1,0.3,XGBoost_grid_1_AutoML_8_20260420_193541_model_3,day_of_week_lag1,0.3029043163359165
1,1,0.3,XGBoost_grid_1_AutoML_8_20260420_193541_model_3,month_lag1,0.114664196036756
1,1,0.3,XGBoost_grid_1_AutoML_8_20260420_193541_model_3,month_sin,0.11349209461361166
1,1,0.3,XGBoost_grid_1_AutoML_8_20260420_193541_model_3,month_cos,0.08618095677811648
1,1,0.3,XGBoost_1_AutoML_8_20260420_193541,target_lag1,5.578832873106003
1,1,0.3,XGBoost_1_AutoML_8_20260420_193541,target_lag2,3.6223140478134157
1,1,0.3,XGBoost_1_AutoML_8_20260420_193541,target_lag3,0.9306496402621269
1,1,0.3,XGBoost_1_AutoML_8_20260420_193541,target_lag4,1.0367514209449291
1,1,0.3,XGBoost_1_AutoML_8_20260420_193541,target_lag5,0.34420595539733767
1,1,0.3,XGBoost_1_AutoML_8_20260420_193541,target_lag6,0.39014790154993534
1,1,0.3,XGBoost_1_AutoML_8_20260420_193541,cov_HULL_lag1,1.1114524167776108
1,1,0.3,XGBoost_1_AutoML_8_20260420_193541,cov_MUFL_lag1,0.6154255553334952
1,1,0.3,XGBoost_1_AutoML_8_20260420_193541,cov_MULL_lag1,1.1154127107933163
1,1,0.3,XGBoost_1_AutoML_8_20260420_193541,cov_LUFL_lag1,1.308941025286913
1,1,0.3,XGBoost_1_AutoML_8_20260420_193541,cov_LULL_lag1,0.0849274158850312
1,1,0.3,XGBoost_1_AutoML_8_20260420_193541,cov_OT_lag1,0.359534617587924
1,1,0.3,XGBoost_1_AutoML_8_20260420_193541,hour_lag1,1.0485896672680974
1,1,0.3,XGBoost_1_AutoML_8_20260420_193541,day_of_week_lag1,0.16000711284577843
1,1,0.3,XGBoost_1_AutoML_8_20260420_193541,month_lag1,0.09743548016063866
1,1,0.3,XGBoost_1_AutoML_8_20260420_193541,month_sin,0.18016625940799713
1,1,0.3,XGBoost_1_AutoML_8_20260420_193541,month_cos,0.08359694333281364
1,1,0.3,GBM_grid_1_AutoML_8_20260420_193541_model_1,target_lag1,3.372110907509923
1,1,0.3,GBM_grid_1_AutoML_8_20260420_193541_model_1,target_lag2,1.2303305035829544
1,1,0.3,GBM_grid_1_AutoML_8_20260420_193541_model_1,target_lag3,3.0554934191703795
1,1,0.3,GBM_grid_1_AutoML_8_20260420_193541_model_1,target_lag4,1.834688052237034
1,1,0.3,GBM_grid_1_AutoML_8_20260420_193541_model_1,target_lag5,1.3115067777037621
1,1,0.3,GBM_grid_1_AutoML_8_20260420_193541_model_1,target_lag6,0.13900411289185283
1,1,0.3,GBM_grid_1_AutoML_8_20260420_193541_model_1,cov_HULL_lag1,1.2211053059995174
1,1,0.3,GBM_grid_1_AutoML_8_20260420_193541_model_1,cov_MUFL_lag1,0.3895980795111973
1,1,0.3,GBM_grid_1_AutoML_8_20260420_193541_model_1,cov_MULL_lag1,1.606926772495499
1,1,0.3,GBM_grid_1_AutoML_8_20260420_193541_model_1,cov_LUFL_lag1,0.41373329646885393
1,1,0.3,GBM_grid_1_AutoML_8_20260420_193541_model_1,cov_LULL_lag1,0.028785554310306858
1,1,0.3,GBM_grid_1_AutoML_8_20260420_193541_model_1,cov_OT_lag1,0.23344878846779465
1,1,0.3,GBM_grid_1_AutoML_8_20260420_193541_model_1,hour_lag1,0.5521748327836394
1,1,0.3,GBM_grid_1_AutoML_8_20260420_193541_model_1,day_of_week_lag1,0.07884879454039034
1,1,0.3,GBM_grid_1_AutoML_8_20260420_193541_model_1,month_lag1,0.08659136119997125
1,1,0.3,GBM_grid_1_AutoML_8_20260420_193541_model_1,month_sin,0.12042407076805826
1,1,0.3,GBM_grid_1_AutoML_8_20260420_193541_model_1,month_cos,0.2271590483188629
1,1,0.3,XGBoost_grid_1_AutoML_8_20260420_193541_model_4,target_lag1,5.747328310012818
1,1,0.3,XGBoost_grid_1_AutoML_8_20260420_193541_model_4,target_lag2,4.451596839427948
1,1,0.3,XGBoost_grid_1_AutoML_8_20260420_193541_model_4,target_lag3,0.2816761672496796
1,1,0.3,XGBoost_grid_1_AutoML_8_20260420_193541_model_4,target_lag4,0.4940971589460969
1,1,0.3,XGBoost_grid_1_AutoML_8_20260420_193541_model_4,target_lag5,0.2942354568094015
1,1,0.3,XGBoost_grid_1_AutoML_8_20260420_193541_model_4,target_lag6,0.1616980707319453
1,1,0.3,XGBoost_grid_1_AutoML_8_20260420_193541_model_4,cov_HULL_lag1,0.9840151297941339
1,1,0.3,XGBoost_grid_1_AutoML_8_20260420_193541_model_4,cov_MUFL_lag1,0.8643329977616667
1,1,0.3,XGBoost_grid_1_AutoML_8_20260420_193541_model_4,cov_MULL_lag1,0.5375212686508894
1,1,0.3,XGBoost_grid_1_AutoML_8_20260420_193541_model_4,cov_LUFL_lag1,1.368819545134902
1,1,0.3,XGBoost_grid_1_AutoML_8_20260420_193541_model_4,cov_LULL_lag1,0.020565407827962144
1,1,0.3,XGBoost_grid_1_AutoML_8_20260420_193541_model_4,cov_OT_lag1,0.4035224865749478
1,1,0.3,XGBoost_grid_1_AutoML_8_20260420_193541_model_4,hour_lag1,0.8594263674318791
1,1,0.3,XGBoost_grid_1_AutoML_8_20260420_193541_model_4,day_of_week_lag1,0.26670612106565383
1,1,0.3,XGBoost_grid_1_AutoML_8_20260420_193541_model_4,month_lag1,0.11072939633391794
1,1,0.3,XGBoost_grid_1_AutoML_8_20260420_193541_model_4,month_sin,0.18966454202309252
1,1,0.3,XGBoost_grid_1_AutoML_8_20260420_193541_model_4,month_cos,0.18964798810426142
1,1,0.3,XGBoost_grid_1_AutoML_8_20260420_193541_model_1,target_lag1,2.6132352489233015
1,1,0.3,XGBoost_grid_1_AutoML_8_20260420_193541_model_1,target_lag2,5.7809361505508425
1,1,0.3,XGBoost_grid_1_AutoML_8_20260420_193541_model_1,target_lag3,1.9800967839360237
1,1,0.3,XGBoost_grid_1_AutoML_8_20260420_193541_model_1,target_lag4,1.2806985087506473
1,1,0.3,XGBoost_grid_1_AutoML_8_20260420_193541_model_1,target_lag5,0.3454377134516835
1,1,0.3,XGBoost_grid_1_AutoML_8_20260420_193541_model_1,target_lag6,0.3260018470301293
1,1,0.3,XGBoost_grid_1_AutoML_8_20260420_193541_model_1,cov_HULL_lag1,1.3644958052970468
1,1,0.3,XGBoost_grid_1_AutoML_8_20260420_193541_model_1,cov_MUFL_lag1,0.8124491522926838
1,1,0.3,XGBoost_grid_1_AutoML_8_20260420_193541_model_1,cov_MULL_lag1,0.4201480415277183
1,1,0.3,XGBoost_grid_1_AutoML_8_20260420_193541_model_1,cov_LUFL_lag1,1.887379027120769
1,1,0.3,XGBoost_grid_1_AutoML_8_20260420_193541_model_1,cov_LULL_lag1,0.07290271894773465
1,1,0.3,XGBoost_grid_1_AutoML_8_20260420_193541_model_1,cov_OT_lag1,0.545055802166462
1,1,0.3,XGBoost_grid_1_AutoML_8_20260420_193541_model_1,hour_lag1,1.1286354801245033
1,1,0.3,XGBoost_grid_1_AutoML_8_20260420_193541_model_1,day_of_week_lag1,0.2142393646761775
1,1,0.3,XGBoost_grid_1_AutoML_8_20260420_193541_model_1,month_lag1,0.14848850017879156
1,1,0.3,XGBoost_grid_1_AutoML_8_20260420_193541_model_1,month_sin,0.17035900957882405
1,1,0.3,XGBoost_grid_1_AutoML_8_20260420_193541_model_1,month_cos,0.14320347392465918
1,1,0.3,XGBoost_grid_1_AutoML_8_20260420_193541_model_6,target_lag1,5.590033540725708
1,1,0.3,XGBoost_grid_1_AutoML_8_20260420_193541_model_6,target_lag2,1.8863654446601867
1,1,0.3,XGBoost_grid_1_AutoML_8_20260420_193541_model_6,target_lag3,1.2413316743075848
1,1,0.3,XGBoost_grid_1_AutoML_8_20260420_193541_model_6,target_lag4,2.4214275711774826
1,1,0.3,XGBoost_grid_1_AutoML_8_20260420_193541_model_6,target_lag5,0.6153015192970633
1,1,0.3,XGBoost_grid_1_AutoML_8_20260420_193541_model_6,target_lag6,0.24652979008853435
1,1,0.3,XGBoost_grid_1_AutoML_8_20260420_193541_model_6,cov_HULL_lag1,1.3736909367889165
1,1,0.3,XGBoost_grid_1_AutoML_8_20260420_193541_model_6,cov_MUFL_lag1,0.7819026261009276
1,1,0.3,XGBoost_grid_1_AutoML_8_20260420_193541_model_6,cov_MULL_lag1,0.3923157685622573
1,1,0.3,XGBoost_grid_1_AutoML_8_20260420_193541_model_6,cov_LUFL_lag1,0.2270136814750731
1,1,0.3,XGBoost_grid_1_AutoML_8_20260420_193541_model_6,cov_LULL_lag1,0.04801653764443468
1,1,0.3,XGBoost_grid_1_AutoML_8_20260420_193541_model_6,cov_OT_lag1,0.31307932212948797
1,1,0.3,XGBoost_grid_1_AutoML_8_20260420_193541_model_6,hour_lag1,0.9898583529889584
1,1,0.3,XGBoost_grid_1_AutoML_8_20260420_193541_model_6,day_of_week_lag1,0.1795511750411242
1,1,0.3,XGBoost_grid_1_AutoML_8_20260420_193541_model_6,month_lag1,0.17154139607213437
1,1,0.3,XGBoost_grid_1_AutoML_8_20260420_193541_model_6,month_sin,0.10570913373026994
1,1,0.3,XGBoost_grid_1_AutoML_8_20260420_193541_model_6,month_cos,0.1481971749849617
1,1,0.3,XGBoost_grid_1_AutoML_8_20260420_193541_model_5,target_lag1,4.6918314886093135
1,1,0.3,XGBoost_grid_1_AutoML_8_20260420_193541_model_5,target_lag2,1.9768044245243073
1,1,0.3,XGBoost_grid_1_AutoML_8_20260420_193541_model_5,target_lag3,0.5736209923867136
1,1,0.3,XGBoost_grid_1_AutoML_8_20260420_193541_model_5,target_lag4,3.4348473501205445
1,1,0.3,XGBoost_grid_1_AutoML_8_20260420_193541_model_5,target_lag5,0.5143883924745023
1,1,0.3,XGBoost_grid_1_AutoML_8_20260420_193541_model_5,target_lag6,0.31703936621546747
1,1,0.3,XGBoost_grid_1_AutoML_8_20260420_193541_model_5,cov_HULL_lag1,1.7280283322930337
1,1,0.3,XGBoost_grid_1_AutoML_8_20260420_193541_model_5,cov_MUFL_lag1,0.42127953089773656
1,1,0.3,XGBoost_grid_1_AutoML_8_20260420_193541_model_5,cov_MULL_lag1,1.0596635318547487
1,1,0.3,XGBoost_grid_1_AutoML_8_20260420_193541_model_5,cov_LUFL_lag1,0.5131854060292244
1,1,0.3,XGBoost_grid_1_AutoML_8_20260420_193541_model_5,cov_LULL_lag1,0.16694398835534227
1,1,0.3,XGBoost_grid_1_AutoML_8_20260420_193541_model_5,cov_OT_lag1,0.45238281102851036
1,1,0.3,XGBoost_grid_1_AutoML_8_20260420_193541_model_5,hour_lag1,0.8374793722014874
1,1,0.3,XGBoost_grid_1_AutoML_8_20260420_193541_model_5,day_of_week_lag1,0.1437283448129892
1,1,0.3,XGBoost_grid_1_AutoML_8_20260420_193541_model_5,month_lag1,0.2313963373703882
1,1,0.3,XGBoost_grid_1_AutoML_8_20260420_193541_model_5,month_sin,0.1247650949656963
1,1,0.3,XGBoost_grid_1_AutoML_8_20260420_193541_model_5,month_cos,0.17055653464049098
2,1,0.02,GBM_grid_1_AutoML_9_20260420_194016_model_2,target_lag1,7.3857010495662685
2,1,0.02,GBM_grid_1_AutoML_9_20260420_194016_model_2,target_lag2,2.3848887194693087
2,1,0.02,GBM_grid_1_AutoML_9_20260420_194016_model_2,target_lag3,1.1037330878153444
2,1,0.02,GBM_grid_1_AutoML_9_20260420_194016_model_2,target_lag4,0.4288473403453827
2,1,0.02,GBM_grid_1_AutoML_9_20260420_194016_model_2,target_lag5,0.645485883653164
2,1,0.02,GBM_grid_1_AutoML_9_20260420_194016_model_2,target_lag6,0.14050364312250163
2,1,0.02,GBM_grid_1_AutoML_9_20260420_194016_model_2,cov_HULL_lag1,0.22723010790447007
2,1,0.02,GBM_grid_1_AutoML_9_20260420_194016_model_2,cov_MUFL_lag1,0.08547191484627543
2,1,0.02,GBM_grid_1_AutoML_9_20260420_194016_model_2,cov_MULL_lag1,0.19597479283809663
2,1,0.02,GBM_grid_1_AutoML_9_20260420_194016_model_2,cov_LUFL_lag1,0.1962881353124976
2,1,0.02,GBM_grid_1_AutoML_9_20260420_194016_model_2,cov_LULL_lag1,0.10184504404198375
2,1,0.02,GBM_grid_1_AutoML_9_20260420_194016_model_2,cov_OT_lag1,0.17707884064642712
2,1,0.02,GBM_grid_1_AutoML_9_20260420_194016_model_2,hour_lag1,1.0703558821976185
2,1,0.02,GBM_grid_1_AutoML_9_20260420_194016_model_2,day_of_week_lag1,0.027410058027598966
2,1,0.02,GBM_grid_1_AutoML_9_20260420_194016_model_2,month_lag1,0.02640535021608226
2,1,0.02,GBM_grid_1_AutoML_9_20260420_194016_model_2,month_sin,0.047028637900948474
2,1,0.02,GBM_grid_1_AutoML_9_20260420_194016_model_2,month_cos,0.02555677347438172
2,1,0.02,GBM_grid_1_AutoML_9_20260420_194016_model_2,year,0.11574267603456971
2,1,0.05,GBM_grid_1_AutoML_9_20260420_194016_model_2,target_lag1,7.3857010495662685
2,1,0.05,GBM_grid_1_AutoML_9_20260420_194016_model_2,target_lag2,2.3848887194693087
2,1,0.05,GBM_grid_1_AutoML_9_20260420_194016_model_2,target_lag3,1.1037330878153444
2,1,0.05,GBM_grid_1_AutoML_9_20260420_194016_model_2,target_lag4,0.4288473403453827
2,1,0.05,GBM_grid_1_AutoML_9_20260420_194016_model_2,target_lag5,0.645485883653164
2,1,0.05,GBM_grid_1_AutoML_9_20260420_194016_model_2,target_lag6,0.14050364312250163
2,1,0.05,GBM_grid_1_AutoML_9_20260420_194016_model_2,cov_HULL_lag1,0.22723010790447007
2,1,0.05,GBM_grid_1_AutoML_9_20260420_194016_model_2,cov_MUFL_lag1,0.08547191484627543
2,1,0.05,GBM_grid_1_AutoML_9_20260420_194016_model_2,cov_MULL_lag1,0.19597479283809663
2,1,0.05,GBM_grid_1_AutoML_9_20260420_194016_model_2,cov_LUFL_lag1,0.1962881353124976
2,1,0.05,GBM_grid_1_AutoML_9_20260420_194016_model_2,cov_LULL_lag1,0.10184504404198375
2,1,0.05,GBM_grid_1_AutoML_9_20260420_194016_model_2,cov_OT_lag1,0.17707884064642712
2,1,0.05,GBM_grid_1_AutoML_9_20260420_194016_model_2,hour_lag1,1.0703558821976185
2,1,0.05,GBM_grid_1_AutoML_9_20260420_194016_model_2,day_of_week_lag1,0.027410058027598966
2,1,0.05,GBM_grid_1_AutoML_9_20260420_194016_model_2,month_lag1,0.02640535021608226
2,1,0.05,GBM_grid_1_AutoML_9_20260420_194016_model_2,month_sin,0.047028637900948474
2,1,0.05,GBM_grid_1_AutoML_9_20260420_194016_model_2,month_cos,0.02555677347438172
2,1,0.05,GBM_grid_1_AutoML_9_20260420_194016_model_2,year,0.11574267603456971
2,1,0.05,GLM_1_AutoML_9_20260420_194016,target_lag1,7.159957718414164
2,1,0.05,GLM_1_AutoML_9_20260420_194016,target_lag2,2.9070215924834715
2,1,0.05,GLM_1_AutoML_9_20260420_194016,target_lag3,1.389969357805618
2,1,0.05,GLM_1_AutoML_9_20260420_194016,target_lag4,0.5731262205928164
2,1,0.05,GLM_1_AutoML_9_20260420_194016,target_lag5,0.12767473888334174
2,1,0.05,GLM_1_AutoML_9_20260420_194016,target_lag6,0.2722758429626007
2,1,0.05,GLM_1_AutoML_9_20260420_194016,cov_HULL_lag1,0.14897233128645385
2,1,0.05,GLM_1_AutoML_9_20260420_194016,cov_MUFL_lag1,0.22136576935836103
2,1,0.05,GLM_1_AutoML_9_20260420_194016,cov_MULL_lag1,0.059234046099201444
2,1,0.05,GLM_1_AutoML_9_20260420_194016,cov_LUFL_lag1,0.46064332735391816
2,1,0.05,GLM_1_AutoML_9_20260420_194016,cov_LULL_lag1,0.003967833931624919
2,1,0.05,GLM_1_AutoML_9_20260420_194016,cov_OT_lag1,1.0091766334467154
2,1,0.05,GLM_1_AutoML_9_20260420_194016,hour_lag1,0.2378834724412317
2,1,0.05,GLM_1_AutoML_9_20260420_194016,day_of_week_lag1,0.07473695287468278
2,1,0.05,GLM_1_AutoML_9_20260420_194016,month_lag1,0.10343641472423651
2,1,0.05,GLM_1_AutoML_9_20260420_194016,month_sin,0.6124532160192533
2,1,0.05,GLM_1_AutoML_9_20260420_194016,month_cos,0.38832425049511327
2,1,0.05,GLM_1_AutoML_9_20260420_194016,year,0.08144329795998048
2,1,0.1,GBM_grid_1_AutoML_9_20260420_194016_model_2,target_lag1,7.3857010495662685
2,1,0.1,GBM_grid_1_AutoML_9_20260420_194016_model_2,target_lag2,2.3848887194693087
2,1,0.1,GBM_grid_1_AutoML_9_20260420_194016_model_2,target_lag3,1.1037330878153444
2,1,0.1,GBM_grid_1_AutoML_9_20260420_194016_model_2,target_lag4,0.4288473403453827
2,1,0.1,GBM_grid_1_AutoML_9_20260420_194016_model_2,target_lag5,0.645485883653164
2,1,0.1,GBM_grid_1_AutoML_9_20260420_194016_model_2,target_lag6,0.14050364312250163
2,1,0.1,GBM_grid_1_AutoML_9_20260420_194016_model_2,cov_HULL_lag1,0.22723010790447007
2,1,0.1,GBM_grid_1_AutoML_9_20260420_194016_model_2,cov_MUFL_lag1,0.08547191484627543
2,1,0.1,GBM_grid_1_AutoML_9_20260420_194016_model_2,cov_MULL_lag1,0.19597479283809663
2,1,0.1,GBM_grid_1_AutoML_9_20260420_194016_model_2,cov_LUFL_lag1,0.1962881353124976
2,1,0.1,GBM_grid_1_AutoML_9_20260420_194016_model_2,cov_LULL_lag1,0.10184504404198375
2,1,0.1,GBM_grid_1_AutoML_9_20260420_194016_model_2,cov_OT_lag1,0.17707884064642712
2,1,0.1,GBM_grid_1_AutoML_9_20260420_194016_model_2,hour_lag1,1.0703558821976185
2,1,0.1,GBM_grid_1_AutoML_9_20260420_194016_model_2,day_of_week_lag1,0.027410058027598966
2,1,0.1,GBM_grid_1_AutoML_9_20260420_194016_model_2,month_lag1,0.02640535021608226
2,1,0.1,GBM_grid_1_AutoML_9_20260420_194016_model_2,month_sin,0.047028637900948474
2,1,0.1,GBM_grid_1_AutoML_9_20260420_194016_model_2,month_cos,0.02555677347438172
2,1,0.1,GBM_grid_1_AutoML_9_20260420_194016_model_2,year,0.11574267603456971
2,1,0.1,GLM_1_AutoML_9_20260420_194016,target_lag1,7.159957718414164
2,1,0.1,GLM_1_AutoML_9_20260420_194016,target_lag2,2.9070215924834715
2,1,0.1,GLM_1_AutoML_9_20260420_194016,target_lag3,1.389969357805618
2,1,0.1,GLM_1_AutoML_9_20260420_194016,target_lag4,0.5731262205928164
2,1,0.1,GLM_1_AutoML_9_20260420_194016,target_lag5,0.12767473888334174
2,1,0.1,GLM_1_AutoML_9_20260420_194016,target_lag6,0.2722758429626007
2,1,0.1,GLM_1_AutoML_9_20260420_194016,cov_HULL_lag1,0.14897233128645385
2,1,0.1,GLM_1_AutoML_9_20260420_194016,cov_MUFL_lag1,0.22136576935836103
2,1,0.1,GLM_1_AutoML_9_20260420_194016,cov_MULL_lag1,0.059234046099201444
2,1,0.1,GLM_1_AutoML_9_20260420_194016,cov_LUFL_lag1,0.46064332735391816
2,1,0.1,GLM_1_AutoML_9_20260420_194016,cov_LULL_lag1,0.003967833931624919
2,1,0.1,GLM_1_AutoML_9_20260420_194016,cov_OT_lag1,1.0091766334467154
2,1,0.1,GLM_1_AutoML_9_20260420_194016,hour_lag1,0.2378834724412317
2,1,0.1,GLM_1_AutoML_9_20260420_194016,day_of_week_lag1,0.07473695287468278
2,1,0.1,GLM_1_AutoML_9_20260420_194016,month_lag1,0.10343641472423651
2,1,0.1,GLM_1_AutoML_9_20260420_194016,month_sin,0.6124532160192533
2,1,0.1,GLM_1_AutoML_9_20260420_194016,month_cos,0.38832425049511327
2,1,0.1,GLM_1_AutoML_9_20260420_194016,year,0.08144329795998048
2,1,0.1,GBM_2_AutoML_9_20260420_194016,target_lag1,6.567893482446671
2,1,0.1,GBM_2_AutoML_9_20260420_194016,target_lag2,3.8545331577956676
2,1,0.1,GBM_2_AutoML_9_20260420_194016,target_lag3,0.592384814620018
2,1,0.1,GBM_2_AutoML_9_20260420_194016,target_lag4,0.4910215174499899
2,1,0.1,GBM_2_AutoML_9_20260420_194016,target_lag5,0.24316738940775395
2,1,0.1,GBM_2_AutoML_9_20260420_194016,target_lag6,0.11295569059438999
2,1,0.1,GBM_2_AutoML_9_20260420_194016,cov_HULL_lag1,0.5149582369998097
2,1,0.1,GBM_2_AutoML_9_20260420_194016,cov_MUFL_lag1,0.09643216766417023
2,1,0.1,GBM_2_AutoML_9_20260420_194016,cov_MULL_lag1,0.2895985500223469
2,1,0.1,GBM_2_AutoML_9_20260420_194016,cov_LUFL_lag1,0.13648445568978784
2,1,0.1,GBM_2_AutoML_9_20260420_194016,cov_LULL_lag1,0.11940476426854726
2,1,0.1,GBM_2_AutoML_9_20260420_194016,cov_OT_lag1,0.3640058249887079
2,1,0.1,GBM_2_AutoML_9_20260420_194016,hour_lag1,0.9488287548720836
2,1,0.1,GBM_2_AutoML_9_20260420_194016,day_of_week_lag1,0.07585040918551382
2,1,0.1,GBM_2_AutoML_9_20260420_194016,month_lag1,0.24458757282700389
2,1,0.1,GBM_2_AutoML_9_20260420_194016,month_sin,0.0973197220265865
2,1,0.1,GBM_2_AutoML_9_20260420_194016,month_cos,0.05913994316942985
2,1,0.1,GBM_2_AutoML_9_20260420_194016,year,0.16349727377644738
2,1,0.1,GBM_1_AutoML_9_20260420_194016,target_lag1,9.2138998067379
2,1,0.1,GBM_1_AutoML_9_20260420_194016,target_lag2,2.173437971919775
2,1,0.1,GBM_1_AutoML_9_20260420_194016,target_lag3,0.5542725610174238
2,1,0.1,GBM_1_AutoML_9_20260420_194016,target_lag4,0.35168508552014827
2,1,0.1,GBM_1_AutoML_9_20260420_194016,target_lag5,0.23078187957406043
2,1,0.1,GBM_1_AutoML_9_20260420_194016,target_lag6,0.1464202012494206
2,1,0.1,GBM_1_AutoML_9_20260420_194016,cov_HULL_lag1,0.5769410197995604
2,1,0.1,GBM_1_AutoML_9_20260420_194016,cov_MUFL_lag1,0.08395475253462788
2,1,0.1,GBM_1_AutoML_9_20260420_194016,cov_MULL_lag1,0.17103786517865957
2,1,0.1,GBM_1_AutoML_9_20260420_194016,cov_LUFL_lag1,0.17983676586300132
2,1,0.1,GBM_1_AutoML_9_20260420_194016,cov_LULL_lag1,0.15198002232238647
2,1,0.1,GBM_1_AutoML_9_20260420_194016,cov_OT_lag1,0.17709101571701466
2,1,0.1,GBM_1_AutoML_9_20260420_194016,hour_lag1,0.9380436822399497
2,1,0.1,GBM_1_AutoML_9_20260420_194016,day_of_week_lag1,0.10130837982520458
2,1,0.1,GBM_1_AutoML_9_20260420_194016,month_lag1,0.02679062029812481
2,1,0.1,GBM_1_AutoML_9_20260420_194016,month_sin,0.07068315793294457
2,1,0.1,GBM_1_AutoML_9_20260420_194016,month_cos,0.03519162307027722
2,1,0.1,GBM_1_AutoML_9_20260420_194016,year,0.08575756639242169
2,1,0.2,GBM_grid_1_AutoML_9_20260420_194016_model_2,target_lag1,7.3857010495662685
2,1,0.2,GBM_grid_1_AutoML_9_20260420_194016_model_2,target_lag2,2.3848887194693087
2,1,0.2,GBM_grid_1_AutoML_9_20260420_194016_model_2,target_lag3,1.1037330878153444
2,1,0.2,GBM_grid_1_AutoML_9_20260420_194016_model_2,target_lag4,0.4288473403453827
2,1,0.2,GBM_grid_1_AutoML_9_20260420_194016_model_2,target_lag5,0.645485883653164
2,1,0.2,GBM_grid_1_AutoML_9_20260420_194016_model_2,target_lag6,0.14050364312250163
2,1,0.2,GBM_grid_1_AutoML_9_20260420_194016_model_2,cov_HULL_lag1,0.22723010790447007
2,1,0.2,GBM_grid_1_AutoML_9_20260420_194016_model_2,cov_MUFL_lag1,0.08547191484627543
2,1,0.2,GBM_grid_1_AutoML_9_20260420_194016_model_2,cov_MULL_lag1,0.19597479283809663
2,1,0.2,GBM_grid_1_AutoML_9_20260420_194016_model_2,cov_LUFL_lag1,0.1962881353124976
2,1,0.2,GBM_grid_1_AutoML_9_20260420_194016_model_2,cov_LULL_lag1,0.10184504404198375
2,1,0.2,GBM_grid_1_AutoML_9_20260420_194016_model_2,cov_OT_lag1,0.17707884064642712
2,1,0.2,GBM_grid_1_AutoML_9_20260420_194016_model_2,hour_lag1,1.0703558821976185
2,1,0.2,GBM_grid_1_AutoML_9_20260420_194016_model_2,day_of_week_lag1,0.027410058027598966
2,1,0.2,GBM_grid_1_AutoML_9_20260420_194016_model_2,month_lag1,0.02640535021608226
2,1,0.2,GBM_grid_1_AutoML_9_20260420_194016_model_2,month_sin,0.047028637900948474
2,1,0.2,GBM_grid_1_AutoML_9_20260420_194016_model_2,month_cos,0.02555677347438172
2,1,0.2,GBM_grid_1_AutoML_9_20260420_194016_model_2,year,0.11574267603456971
2,1,0.2,GLM_1_AutoML_9_20260420_194016,target_lag1,7.159957718414164
2,1,0.2,GLM_1_AutoML_9_20260420_194016,target_lag2,2.9070215924834715
2,1,0.2,GLM_1_AutoML_9_20260420_194016,target_lag3,1.389969357805618
2,1,0.2,GLM_1_AutoML_9_20260420_194016,target_lag4,0.5731262205928164
2,1,0.2,GLM_1_AutoML_9_20260420_194016,target_lag5,0.12767473888334174
2,1,0.2,GLM_1_AutoML_9_20260420_194016,target_lag6,0.2722758429626007
2,1,0.2,GLM_1_AutoML_9_20260420_194016,cov_HULL_lag1,0.14897233128645385
2,1,0.2,GLM_1_AutoML_9_20260420_194016,cov_MUFL_lag1,0.22136576935836103
2,1,0.2,GLM_1_AutoML_9_20260420_194016,cov_MULL_lag1,0.059234046099201444
2,1,0.2,GLM_1_AutoML_9_20260420_194016,cov_LUFL_lag1,0.46064332735391816
2,1,0.2,GLM_1_AutoML_9_20260420_194016,cov_LULL_lag1,0.003967833931624919
2,1,0.2,GLM_1_AutoML_9_20260420_194016,cov_OT_lag1,1.0091766334467154
2,1,0.2,GLM_1_AutoML_9_20260420_194016,hour_lag1,0.2378834724412317
2,1,0.2,GLM_1_AutoML_9_20260420_194016,day_of_week_lag1,0.07473695287468278
2,1,0.2,GLM_1_AutoML_9_20260420_194016,month_lag1,0.10343641472423651
2,1,0.2,GLM_1_AutoML_9_20260420_194016,month_sin,0.6124532160192533
2,1,0.2,GLM_1_AutoML_9_20260420_194016,month_cos,0.38832425049511327
2,1,0.2,GLM_1_AutoML_9_20260420_194016,year,0.08144329795998048
2,1,0.2,GBM_2_AutoML_9_20260420_194016,target_lag1,6.567893482446671
2,1,0.2,GBM_2_AutoML_9_20260420_194016,target_lag2,3.8545331577956676
2,1,0.2,GBM_2_AutoML_9_20260420_194016,target_lag3,0.592384814620018
2,1,0.2,GBM_2_AutoML_9_20260420_194016,target_lag4,0.4910215174499899
2,1,0.2,GBM_2_AutoML_9_20260420_194016,target_lag5,0.24316738940775395
2,1,0.2,GBM_2_AutoML_9_20260420_194016,target_lag6,0.11295569059438999
2,1,0.2,GBM_2_AutoML_9_20260420_194016,cov_HULL_lag1,0.5149582369998097
2,1,0.2,GBM_2_AutoML_9_20260420_194016,cov_MUFL_lag1,0.09643216766417023
2,1,0.2,GBM_2_AutoML_9_20260420_194016,cov_MULL_lag1,0.2895985500223469
2,1,0.2,GBM_2_AutoML_9_20260420_194016,cov_LUFL_lag1,0.13648445568978784
2,1,0.2,GBM_2_AutoML_9_20260420_194016,cov_LULL_lag1,0.11940476426854726
2,1,0.2,GBM_2_AutoML_9_20260420_194016,cov_OT_lag1,0.3640058249887079
2,1,0.2,GBM_2_AutoML_9_20260420_194016,hour_lag1,0.9488287548720836
2,1,0.2,GBM_2_AutoML_9_20260420_194016,day_of_week_lag1,0.07585040918551382
2,1,0.2,GBM_2_AutoML_9_20260420_194016,month_lag1,0.24458757282700389
2,1,0.2,GBM_2_AutoML_9_20260420_194016,month_sin,0.0973197220265865
2,1,0.2,GBM_2_AutoML_9_20260420_194016,month_cos,0.05913994316942985
2,1,0.2,GBM_2_AutoML_9_20260420_194016,year,0.16349727377644738
2,1,0.2,GBM_1_AutoML_9_20260420_194016,target_lag1,9.2138998067379
2,1,0.2,GBM_1_AutoML_9_20260420_194016,target_lag2,2.173437971919775
2,1,0.2,GBM_1_AutoML_9_20260420_194016,target_lag3,0.5542725610174238
2,1,0.2,GBM_1_AutoML_9_20260420_194016,target_lag4,0.35168508552014827
2,1,0.2,GBM_1_AutoML_9_20260420_194016,target_lag5,0.23078187957406043
2,1,0.2,GBM_1_AutoML_9_20260420_194016,target_lag6,0.1464202012494206
2,1,0.2,GBM_1_AutoML_9_20260420_194016,cov_HULL_lag1,0.5769410197995604
2,1,0.2,GBM_1_AutoML_9_20260420_194016,cov_MUFL_lag1,0.08395475253462788
2,1,0.2,GBM_1_AutoML_9_20260420_194016,cov_MULL_lag1,0.17103786517865957
2,1,0.2,GBM_1_AutoML_9_20260420_194016,cov_LUFL_lag1,0.17983676586300132
2,1,0.2,GBM_1_AutoML_9_20260420_194016,cov_LULL_lag1,0.15198002232238647
2,1,0.2,GBM_1_AutoML_9_20260420_194016,cov_OT_lag1,0.17709101571701466
2,1,0.2,GBM_1_AutoML_9_20260420_194016,hour_lag1,0.9380436822399497
2,1,0.2,GBM_1_AutoML_9_20260420_194016,day_of_week_lag1,0.10130837982520458
2,1,0.2,GBM_1_AutoML_9_20260420_194016,month_lag1,0.02679062029812481
2,1,0.2,GBM_1_AutoML_9_20260420_194016,month_sin,0.07068315793294457
2,1,0.2,GBM_1_AutoML_9_20260420_194016,month_cos,0.03519162307027722
2,1,0.2,GBM_1_AutoML_9_20260420_194016,year,0.08575756639242169
2,1,0.2,XGBoost_grid_1_AutoML_9_20260420_194016_model_4,target_lag1,10.271157557368278
2,1,0.2,XGBoost_grid_1_AutoML_9_20260420_194016_model_4,target_lag2,1.0401592367887498
2,1,0.2,XGBoost_grid_1_AutoML_9_20260420_194016_model_4,target_lag3,0.451972083337605
2,1,0.2,XGBoost_grid_1_AutoML_9_20260420_194016_model_4,target_lag4,0.6489304489269853
2,1,0.2,XGBoost_grid_1_AutoML_9_20260420_194016_model_4,target_lag5,0.3531981134600937
2,1,0.2,XGBoost_grid_1_AutoML_9_20260420_194016_model_4,target_lag6,0.21088500449899583
2,1,0.2,XGBoost_grid_1_AutoML_9_20260420_194016_model_4,cov_HULL_lag1,0.3455692726746202
2,1,0.2,XGBoost_grid_1_AutoML_9_20260420_194016_model_4,cov_MUFL_lag1,0.21455785347148776
2,1,0.2,XGBoost_grid_1_AutoML_9_20260420_194016_model_4,cov_MULL_lag1,0.2958924365614075
2,1,0.2,XGBoost_grid_1_AutoML_9_20260420_194016_model_4,cov_LUFL_lag1,0.3064479724690318
2,1,0.2,XGBoost_grid_1_AutoML_9_20260420_194016_model_4,cov_LULL_lag1,0.22200344942510128
2,1,0.2,XGBoost_grid_1_AutoML_9_20260420_194016_model_4,cov_OT_lag1,0.5604670849395916
2,1,0.2,XGBoost_grid_1_AutoML_9_20260420_194016_model_4,hour_lag1,1.0301737966388465
2,1,0.2,XGBoost_grid_1_AutoML_9_20260420_194016_model_4,day_of_week_lag1,0.2005666313599795
2,1,0.2,XGBoost_grid_1_AutoML_9_20260420_194016_model_4,month_lag1,0.16600300286896527
2,1,0.2,XGBoost_grid_1_AutoML_9_20260420_194016_model_4,month_sin,0.11609234822914001
2,1,0.2,XGBoost_grid_1_AutoML_9_20260420_194016_model_4,month_cos,0.07685876875184472
2,1,0.2,XGBoost_grid_1_AutoML_9_20260420_194016_model_4,year,0.1003102176415268
2,1,0.2,GBM_3_AutoML_9_20260420_194016,target_lag1,6.576232166290283
2,1,0.2,GBM_3_AutoML_9_20260420_194016,target_lag2,4.076953931748867
2,1,0.2,GBM_3_AutoML_9_20260420_194016,target_lag3,0.6399002227932215
2,1,0.2,GBM_3_AutoML_9_20260420_194016,target_lag4,0.3251323357969522
2,1,0.2,GBM_3_AutoML_9_20260420_194016,target_lag5,0.223100050073117
2,1,0.2,GBM_3_AutoML_9_20260420_194016,target_lag6,0.10661675661802289
2,1,0.2,GBM_3_AutoML_9_20260420_194016,cov_HULL_lag1,0.40804413573816417
2,1,0.2,GBM_3_AutoML_9_20260420_194016,cov_MUFL_lag1,0.11486803876425253
2,1,0.2,GBM_3_AutoML_9_20260420_194016,cov_MULL_lag1,0.3821698273718357
2,1,0.2,GBM_3_AutoML_9_20260420_194016,cov_LUFL_lag1,0.1403647926612757
2,1,0.2,GBM_3_AutoML_9_20260420_194016,cov_LULL_lag1,0.15490931157022714
2,1,0.2,GBM_3_AutoML_9_20260420_194016,cov_OT_lag1,0.3887647756852675
2,1,0.2,GBM_3_AutoML_9_20260420_194016,hour_lag1,0.8192062240280211
2,1,0.2,GBM_3_AutoML_9_20260420_194016,day_of_week_lag1,0.1022016450599767
2,1,0.2,GBM_3_AutoML_9_20260420_194016,month_lag1,0.0785300834960071
2,1,0.2,GBM_3_AutoML_9_20260420_194016,month_sin,0.11344453212339428
2,1,0.2,GBM_3_AutoML_9_20260420_194016,month_cos,0.042098680845228914
2,1,0.2,GBM_3_AutoML_9_20260420_194016,year,0.13942761585116384
2,1,0.2,GBM_grid_1_AutoML_9_20260420_194016_model_3,target_lag1,4.680394386053085
2,1,0.2,GBM_grid_1_AutoML_9_20260420_194016_model_3,target_lag2,2.897206225693226
2,1,0.2,GBM_grid_1_AutoML_9_20260420_194016_model_3,target_lag3,1.1576542276144028
2,1,0.2,GBM_grid_1_AutoML_9_20260420_194016_model_3,target_lag4,0.7439049801230431
2,1,0.2,GBM_grid_1_AutoML_9_20260420_194016_model_3,target_lag5,0.5009873865544796
2,1,0.2,GBM_grid_1_AutoML_9_20260420_194016_model_3,target_lag6,0.8120086181163788
2,1,0.2,GBM_grid_1_AutoML_9_20260420_194016_model_3,cov_HULL_lag1,0.9400357734039426
2,1,0.2,GBM_grid_1_AutoML_9_20260420_194016_model_3,cov_MUFL_lag1,0.10561286752403244
2,1,0.2,GBM_grid_1_AutoML_9_20260420_194016_model_3,cov_MULL_lag1,0.29201047162059696
2,1,0.2,GBM_grid_1_AutoML_9_20260420_194016_model_3,cov_LUFL_lag1,0.3562612770625856
2,1,0.2,GBM_grid_1_AutoML_9_20260420_194016_model_3,cov_LULL_lag1,0.4025121075485367
2,1,0.2,GBM_grid_1_AutoML_9_20260420_194016_model_3,cov_OT_lag1,0.17001507329754528
2,1,0.2,GBM_grid_1_AutoML_9_20260420_194016_model_3,hour_lag1,0.6706366877257824
2,1,0.2,GBM_grid_1_AutoML_9_20260420_194016_model_3,day_of_week_lag1,0.039588785917730955
2,1,0.2,GBM_grid_1_AutoML_9_20260420_194016_model_3,month_lag1,0.10254284150898453
2,1,0.2,GBM_grid_1_AutoML_9_20260420_194016_model_3,month_sin,0.04063710238318885
2,1,0.2,GBM_grid_1_AutoML_9_20260420_194016_model_3,month_cos,0.044923020852729645
2,1,0.2,GBM_grid_1_AutoML_9_20260420_194016_model_3,year,0.08471660711802538
2,1,0.3,GBM_grid_1_AutoML_9_20260420_194016_model_2,target_lag1,7.3857010495662685
2,1,0.3,GBM_grid_1_AutoML_9_20260420_194016_model_2,target_lag2,2.3848887194693087
2,1,0.3,GBM_grid_1_AutoML_9_20260420_194016_model_2,target_lag3,1.1037330878153444
2,1,0.3,GBM_grid_1_AutoML_9_20260420_194016_model_2,target_lag4,0.4288473403453827
2,1,0.3,GBM_grid_1_AutoML_9_20260420_194016_model_2,target_lag5,0.645485883653164
2,1,0.3,GBM_grid_1_AutoML_9_20260420_194016_model_2,target_lag6,0.14050364312250163
2,1,0.3,GBM_grid_1_AutoML_9_20260420_194016_model_2,cov_HULL_lag1,0.22723010790447007
2,1,0.3,GBM_grid_1_AutoML_9_20260420_194016_model_2,cov_MUFL_lag1,0.08547191484627543
2,1,0.3,GBM_grid_1_AutoML_9_20260420_194016_model_2,cov_MULL_lag1,0.19597479283809663
2,1,0.3,GBM_grid_1_AutoML_9_20260420_194016_model_2,cov_LUFL_lag1,0.1962881353124976
2,1,0.3,GBM_grid_1_AutoML_9_20260420_194016_model_2,cov_LULL_lag1,0.10184504404198375
2,1,0.3,GBM_grid_1_AutoML_9_20260420_194016_model_2,cov_OT_lag1,0.17707884064642712
2,1,0.3,GBM_grid_1_AutoML_9_20260420_194016_model_2,hour_lag1,1.0703558821976185
2,1,0.3,GBM_grid_1_AutoML_9_20260420_194016_model_2,day_of_week_lag1,0.027410058027598966
2,1,0.3,GBM_grid_1_AutoML_9_20260420_194016_model_2,month_lag1,0.02640535021608226
2,1,0.3,GBM_grid_1_AutoML_9_20260420_194016_model_2,month_sin,0.047028637900948474
2,1,0.3,GBM_grid_1_AutoML_9_20260420_194016_model_2,month_cos,0.02555677347438172
2,1,0.3,GBM_grid_1_AutoML_9_20260420_194016_model_2,year,0.11574267603456971
2,1,0.3,GLM_1_AutoML_9_20260420_194016,target_lag1,7.159957718414164
2,1,0.3,GLM_1_AutoML_9_20260420_194016,target_lag2,2.9070215924834715
2,1,0.3,GLM_1_AutoML_9_20260420_194016,target_lag3,1.389969357805618
2,1,0.3,GLM_1_AutoML_9_20260420_194016,target_lag4,0.5731262205928164
2,1,0.3,GLM_1_AutoML_9_20260420_194016,target_lag5,0.12767473888334174
2,1,0.3,GLM_1_AutoML_9_20260420_194016,target_lag6,0.2722758429626007
2,1,0.3,GLM_1_AutoML_9_20260420_194016,cov_HULL_lag1,0.14897233128645385
2,1,0.3,GLM_1_AutoML_9_20260420_194016,cov_MUFL_lag1,0.22136576935836103
2,1,0.3,GLM_1_AutoML_9_20260420_194016,cov_MULL_lag1,0.059234046099201444
2,1,0.3,GLM_1_AutoML_9_20260420_194016,cov_LUFL_lag1,0.46064332735391816
2,1,0.3,GLM_1_AutoML_9_20260420_194016,cov_LULL_lag1,0.003967833931624919
2,1,0.3,GLM_1_AutoML_9_20260420_194016,cov_OT_lag1,1.0091766334467154
2,1,0.3,GLM_1_AutoML_9_20260420_194016,hour_lag1,0.2378834724412317
2,1,0.3,GLM_1_AutoML_9_20260420_194016,day_of_week_lag1,0.07473695287468278
2,1,0.3,GLM_1_AutoML_9_20260420_194016,month_lag1,0.10343641472423651
2,1,0.3,GLM_1_AutoML_9_20260420_194016,month_sin,0.6124532160192533
2,1,0.3,GLM_1_AutoML_9_20260420_194016,month_cos,0.38832425049511327
2,1,0.3,GLM_1_AutoML_9_20260420_194016,year,0.08144329795998048
2,1,0.3,GBM_2_AutoML_9_20260420_194016,target_lag1,6.567893482446671
2,1,0.3,GBM_2_AutoML_9_20260420_194016,target_lag2,3.8545331577956676
2,1,0.3,GBM_2_AutoML_9_20260420_194016,target_lag3,0.592384814620018
2,1,0.3,GBM_2_AutoML_9_20260420_194016,target_lag4,0.4910215174499899
2,1,0.3,GBM_2_AutoML_9_20260420_194016,target_lag5,0.24316738940775395
2,1,0.3,GBM_2_AutoML_9_20260420_194016,target_lag6,0.11295569059438999
2,1,0.3,GBM_2_AutoML_9_20260420_194016,cov_HULL_lag1,0.5149582369998097
2,1,0.3,GBM_2_AutoML_9_20260420_194016,cov_MUFL_lag1,0.09643216766417023
2,1,0.3,GBM_2_AutoML_9_20260420_194016,cov_MULL_lag1,0.2895985500223469
2,1,0.3,GBM_2_AutoML_9_20260420_194016,cov_LUFL_lag1,0.13648445568978784
2,1,0.3,GBM_2_AutoML_9_20260420_194016,cov_LULL_lag1,0.11940476426854726
2,1,0.3,GBM_2_AutoML_9_20260420_194016,cov_OT_lag1,0.3640058249887079
2,1,0.3,GBM_2_AutoML_9_20260420_194016,hour_lag1,0.9488287548720836
2,1,0.3,GBM_2_AutoML_9_20260420_194016,day_of_week_lag1,0.07585040918551382
2,1,0.3,GBM_2_AutoML_9_20260420_194016,month_lag1,0.24458757282700389
2,1,0.3,GBM_2_AutoML_9_20260420_194016,month_sin,0.0973197220265865
2,1,0.3,GBM_2_AutoML_9_20260420_194016,month_cos,0.05913994316942985
2,1,0.3,GBM_2_AutoML_9_20260420_194016,year,0.16349727377644738
2,1,0.3,GBM_1_AutoML_9_20260420_194016,target_lag1,9.2138998067379
2,1,0.3,GBM_1_AutoML_9_20260420_194016,target_lag2,2.173437971919775
2,1,0.3,GBM_1_AutoML_9_20260420_194016,target_lag3,0.5542725610174238
2,1,0.3,GBM_1_AutoML_9_20260420_194016,target_lag4,0.35168508552014827
2,1,0.3,GBM_1_AutoML_9_20260420_194016,target_lag5,0.23078187957406043
2,1,0.3,GBM_1_AutoML_9_20260420_194016,target_lag6,0.1464202012494206
2,1,0.3,GBM_1_AutoML_9_20260420_194016,cov_HULL_lag1,0.5769410197995604
2,1,0.3,GBM_1_AutoML_9_20260420_194016,cov_MUFL_lag1,0.08395475253462788
2,1,0.3,GBM_1_AutoML_9_20260420_194016,cov_MULL_lag1,0.17103786517865957
2,1,0.3,GBM_1_AutoML_9_20260420_194016,cov_LUFL_lag1,0.17983676586300132
2,1,0.3,GBM_1_AutoML_9_20260420_194016,cov_LULL_lag1,0.15198002232238647
2,1,0.3,GBM_1_AutoML_9_20260420_194016,cov_OT_lag1,0.17709101571701466
2,1,0.3,GBM_1_AutoML_9_20260420_194016,hour_lag1,0.9380436822399497
2,1,0.3,GBM_1_AutoML_9_20260420_194016,day_of_week_lag1,0.10130837982520458
2,1,0.3,GBM_1_AutoML_9_20260420_194016,month_lag1,0.02679062029812481
2,1,0.3,GBM_1_AutoML_9_20260420_194016,month_sin,0.07068315793294457
2,1,0.3,GBM_1_AutoML_9_20260420_194016,month_cos,0.03519162307027722
2,1,0.3,GBM_1_AutoML_9_20260420_194016,year,0.08575756639242169
2,1,0.3,XGBoost_grid_1_AutoML_9_20260420_194016_model_4,target_lag1,10.271157557368278
2,1,0.3,XGBoost_grid_1_AutoML_9_20260420_194016_model_4,target_lag2,1.0401592367887498
2,1,0.3,XGBoost_grid_1_AutoML_9_20260420_194016_model_4,target_lag3,0.451972083337605
2,1,0.3,XGBoost_grid_1_AutoML_9_20260420_194016_model_4,target_lag4,0.6489304489269853
2,1,0.3,XGBoost_grid_1_AutoML_9_20260420_194016_model_4,target_lag5,0.3531981134600937
2,1,0.3,XGBoost_grid_1_AutoML_9_20260420_194016_model_4,target_lag6,0.21088500449899583
2,1,0.3,XGBoost_grid_1_AutoML_9_20260420_194016_model_4,cov_HULL_lag1,0.3455692726746202
2,1,0.3,XGBoost_grid_1_AutoML_9_20260420_194016_model_4,cov_MUFL_lag1,0.21455785347148776
2,1,0.3,XGBoost_grid_1_AutoML_9_20260420_194016_model_4,cov_MULL_lag1,0.2958924365614075
2,1,0.3,XGBoost_grid_1_AutoML_9_20260420_194016_model_4,cov_LUFL_lag1,0.3064479724690318
2,1,0.3,XGBoost_grid_1_AutoML_9_20260420_194016_model_4,cov_LULL_lag1,0.22200344942510128
2,1,0.3,XGBoost_grid_1_AutoML_9_20260420_194016_model_4,cov_OT_lag1,0.5604670849395916
2,1,0.3,XGBoost_grid_1_AutoML_9_20260420_194016_model_4,hour_lag1,1.0301737966388465
2,1,0.3,XGBoost_grid_1_AutoML_9_20260420_194016_model_4,day_of_week_lag1,0.2005666313599795
2,1,0.3,XGBoost_grid_1_AutoML_9_20260420_194016_model_4,month_lag1,0.16600300286896527
2,1,0.3,XGBoost_grid_1_AutoML_9_20260420_194016_model_4,month_sin,0.11609234822914001
2,1,0.3,XGBoost_grid_1_AutoML_9_20260420_194016_model_4,month_cos,0.07685876875184472
2,1,0.3,XGBoost_grid_1_AutoML_9_20260420_194016_model_4,year,0.1003102176415268
2,1,0.3,GBM_3_AutoML_9_20260420_194016,target_lag1,6.576232166290283
2,1,0.3,GBM_3_AutoML_9_20260420_194016,target_lag2,4.076953931748867
2,1,0.3,GBM_3_AutoML_9_20260420_194016,target_lag3,0.6399002227932215
2,1,0.3,GBM_3_AutoML_9_20260420_194016,target_lag4,0.3251323357969522
2,1,0.3,GBM_3_AutoML_9_20260420_194016,target_lag5,0.223100050073117
2,1,0.3,GBM_3_AutoML_9_20260420_194016,target_lag6,0.10661675661802289
2,1,0.3,GBM_3_AutoML_9_20260420_194016,cov_HULL_lag1,0.40804413573816417
2,1,0.3,GBM_3_AutoML_9_20260420_194016,cov_MUFL_lag1,0.11486803876425253
2,1,0.3,GBM_3_AutoML_9_20260420_194016,cov_MULL_lag1,0.3821698273718357
2,1,0.3,GBM_3_AutoML_9_20260420_194016,cov_LUFL_lag1,0.1403647926612757
2,1,0.3,GBM_3_AutoML_9_20260420_194016,cov_LULL_lag1,0.15490931157022714
2,1,0.3,GBM_3_AutoML_9_20260420_194016,cov_OT_lag1,0.3887647756852675
2,1,0.3,GBM_3_AutoML_9_20260420_194016,hour_lag1,0.8192062240280211
2,1,0.3,GBM_3_AutoML_9_20260420_194016,day_of_week_lag1,0.1022016450599767
2,1,0.3,GBM_3_AutoML_9_20260420_194016,month_lag1,0.0785300834960071
2,1,0.3,GBM_3_AutoML_9_20260420_194016,month_sin,0.11344453212339428
2,1,0.3,GBM_3_AutoML_9_20260420_194016,month_cos,0.042098680845228914
2,1,0.3,GBM_3_AutoML_9_20260420_194016,year,0.13942761585116384
2,1,0.3,GBM_grid_1_AutoML_9_20260420_194016_model_3,target_lag1,4.680394386053085
2,1,0.3,GBM_grid_1_AutoML_9_20260420_194016_model_3,target_lag2,2.897206225693226
2,1,0.3,GBM_grid_1_AutoML_9_20260420_194016_model_3,target_lag3,1.1576542276144028
2,1,0.3,GBM_grid_1_AutoML_9_20260420_194016_model_3,target_lag4,0.7439049801230431
2,1,0.3,GBM_grid_1_AutoML_9_20260420_194016_model_3,target_lag5,0.5009873865544796
2,1,0.3,GBM_grid_1_AutoML_9_20260420_194016_model_3,target_lag6,0.8120086181163788
2,1,0.3,GBM_grid_1_AutoML_9_20260420_194016_model_3,cov_HULL_lag1,0.9400357734039426
2,1,0.3,GBM_grid_1_AutoML_9_20260420_194016_model_3,cov_MUFL_lag1,0.10561286752403244
2,1,0.3,GBM_grid_1_AutoML_9_20260420_194016_model_3,cov_MULL_lag1,0.29201047162059696
2,1,0.3,GBM_grid_1_AutoML_9_20260420_194016_model_3,cov_LUFL_lag1,0.3562612770625856
2,1,0.3,GBM_grid_1_AutoML_9_20260420_194016_model_3,cov_LULL_lag1,0.4025121075485367
2,1,0.3,GBM_grid_1_AutoML_9_20260420_194016_model_3,cov_OT_lag1,0.17001507329754528
2,1,0.3,GBM_grid_1_AutoML_9_20260420_194016_model_3,hour_lag1,0.6706366877257824
2,1,0.3,GBM_grid_1_AutoML_9_20260420_194016_model_3,day_of_week_lag1,0.039588785917730955
2,1,0.3,GBM_grid_1_AutoML_9_20260420_194016_model_3,month_lag1,0.10254284150898453
2,1,0.3,GBM_grid_1_AutoML_9_20260420_194016_model_3,month_sin,0.04063710238318885
2,1,0.3,GBM_grid_1_AutoML_9_20260420_194016_model_3,month_cos,0.044923020852729645
2,1,0.3,GBM_grid_1_AutoML_9_20260420_194016_model_3,year,0.08471660711802538
2,1,0.3,XGBoost_grid_1_AutoML_9_20260420_194016_model_3,target_lag1,9.506656581163407
2,1,0.3,XGBoost_grid_1_AutoML_9_20260420_194016_model_3,target_lag2,0.9785133870691061
2,1,0.3,XGBoost_grid_1_AutoML_9_20260420_194016_model_3,target_lag3,0.7291284543834626
2,1,0.3,XGBoost_grid_1_AutoML_9_20260420_194016_model_3,target_lag4,0.8253994697332382
2,1,0.3,XGBoost_grid_1_AutoML_9_20260420_194016_model_3,target_lag5,0.2861279953271151
2,1,0.3,XGBoost_grid_1_AutoML_9_20260420_194016_model_3,target_lag6,0.2091480769962072
2,1,0.3,XGBoost_grid_1_AutoML_9_20260420_194016_model_3,cov_HULL_lag1,0.2814102113991976
2,1,0.3,XGBoost_grid_1_AutoML_9_20260420_194016_model_3,cov_MUFL_lag1,0.33506033425219356
2,1,0.3,XGBoost_grid_1_AutoML_9_20260420_194016_model_3,cov_MULL_lag1,0.5473744467459619
2,1,0.3,XGBoost_grid_1_AutoML_9_20260420_194016_model_3,cov_LUFL_lag1,0.48930560529232026
2,1,0.3,XGBoost_grid_1_AutoML_9_20260420_194016_model_3,cov_LULL_lag1,0.23861260801088066
2,1,0.3,XGBoost_grid_1_AutoML_9_20260420_194016_model_3,cov_OT_lag1,0.6471017579548061
2,1,0.3,XGBoost_grid_1_AutoML_9_20260420_194016_model_3,hour_lag1,1.3056047436594964
2,1,0.3,XGBoost_grid_1_AutoML_9_20260420_194016_model_3,day_of_week_lag1,0.18426670815795657
2,1,0.3,XGBoost_grid_1_AutoML_9_20260420_194016_model_3,month_lag1,0.23133079782128335
2,1,0.3,XGBoost_grid_1_AutoML_9_20260420_194016_model_3,month_sin,0.1770973290503025
2,1,0.3,XGBoost_grid_1_AutoML_9_20260420_194016_model_3,month_cos,0.033813163404120085
2,1,0.3,XGBoost_grid_1_AutoML_9_20260420_194016_model_3,year,0.31521261212881657
2,1,0.3,XGBoost_1_AutoML_9_20260420_194016,target_lag1,8.306044828891753
2,1,0.3,XGBoost_1_AutoML_9_20260420_194016,target_lag2,0.9542475634813309
2,1,0.3,XGBoost_1_AutoML_9_20260420_194016,target_lag3,1.9372095966339111
2,1,0.3,XGBoost_1_AutoML_9_20260420_194016,target_lag4,0.6835237741097808
2,1,0.3,XGBoost_1_AutoML_9_20260420_194016,target_lag5,0.4507133047096431
2,1,0.3,XGBoost_1_AutoML_9_20260420_194016,target_lag6,0.3127515569829848
2,1,0.3,XGBoost_1_AutoML_9_20260420_194016,cov_HULL_lag1,0.7522494592517615
2,1,0.3,XGBoost_1_AutoML_9_20260420_194016,cov_MUFL_lag1,0.3299673798307776
2,1,0.3,XGBoost_1_AutoML_9_20260420_194016,cov_MULL_lag1,0.5797630999796093
2,1,0.3,XGBoost_1_AutoML_9_20260420_194016,cov_LUFL_lag1,0.39734673369675877
2,1,0.3,XGBoost_1_AutoML_9_20260420_194016,cov_LULL_lag1,0.6018497687671334
2,1,0.3,XGBoost_1_AutoML_9_20260420_194016,cov_OT_lag1,0.5916051957756281
2,1,0.3,XGBoost_1_AutoML_9_20260420_194016,hour_lag1,1.183008499108255
2,1,0.3,XGBoost_1_AutoML_9_20260420_194016,day_of_week_lag1,0.1572318436700152
2,1,0.3,XGBoost_1_AutoML_9_20260420_194016,month_lag1,0.09081303793936964
2,1,0.3,XGBoost_1_AutoML_9_20260420_194016,month_sin,0.1937206523120403
2,1,0.3,XGBoost_1_AutoML_9_20260420_194016,month_cos,0.047462313291034605
2,1,0.3,XGBoost_1_AutoML_9_20260420_194016,year,0.08590648341923948
2,1,0.3,GBM_4_AutoML_9_20260420_194016,target_lag1,5.792559455633164
2,1,0.3,GBM_4_AutoML_9_20260420_194016,target_lag2,4.436781848948449
2,1,0.3,GBM_4_AutoML_9_20260420_194016,target_lag3,0.5135785116255284
2,1,0.3,GBM_4_AutoML_9_20260420_194016,target_lag4,0.48526306748390197
2,1,0.3,GBM_4_AutoML_9_20260420_194016,target_lag5,0.1251303025637753
2,1,0.3,GBM_4_AutoML_9_20260420_194016,target_lag6,0.10013153515988957
2,1,0.3,GBM_4_AutoML_9_20260420_194016,cov_HULL_lag1,1.126238382384181
2,1,0.3,GBM_4_AutoML_9_20260420_194016,cov_MUFL_lag1,0.0759992103511467
2,1,0.3,GBM_4_AutoML_9_20260420_194016,cov_MULL_lag1,0.33634763602167367
2,1,0.3,GBM_4_AutoML_9_20260420_194016,cov_LUFL_lag1,0.23736833661794662
2,1,0.3,GBM_4_AutoML_9_20260420_194016,cov_LULL_lag1,0.15407659176737068
2,1,0.3,GBM_4_AutoML_9_20260420_194016,cov_OT_lag1,0.3853378002345562
2,1,0.3,GBM_4_AutoML_9_20260420_194016,hour_lag1,0.8794210192561149
2,1,0.3,GBM_4_AutoML_9_20260420_194016,day_of_week_lag1,0.08339386656589337
2,1,0.3,GBM_4_AutoML_9_20260420_194016,month_lag1,0.04303264873335134
2,1,0.3,GBM_4_AutoML_9_20260420_194016,month_sin,0.0919349348545074
2,1,0.3,GBM_4_AutoML_9_20260420_194016,month_cos,0.05144734754343513
2,1,0.3,GBM_4_AutoML_9_20260420_194016,year,0.15201484379358587
2,1,0.3,DRF_1_AutoML_9_20260420_194016,target_lag1,4.05570197224617
2,1,0.3,DRF_1_AutoML_9_20260420_194016,target_lag2,1.8864586147665978
2,1,0.3,DRF_1_AutoML_9_20260420_194016,target_lag3,1.134908080995083
2,1,0.3,DRF_1_AutoML_9_20260420_194016,target_lag4,0.7016921035200357
2,1,0.3,DRF_1_AutoML_9_20260420_194016,target_lag5,0.3298149359226227
2,1,0.3,DRF_1_AutoML_9_20260420_194016,target_lag6,0.1688725832349155
2,1,0.3,DRF_1_AutoML_9_20260420_194016,cov_HULL_lag1,1.2192516559362412
2,1,0.3,DRF_1_AutoML_9_20260420_194016,cov_MUFL_lag1,0.14515874316915867
2,1,0.3,DRF_1_AutoML_9_20260420_194016,cov_MULL_lag1,1.91613942861557
2,1,0.3,DRF_1_AutoML_9_20260420_194016,cov_LUFL_lag1,0.2846363472659141
2,1,0.3,DRF_1_AutoML_9_20260420_194016,cov_LULL_lag1,0.0746700080297887
2,1,0.3,DRF_1_AutoML_9_20260420_194016,cov_OT_lag1,0.2809455575514585
2,1,0.3,DRF_1_AutoML_9_20260420_194016,hour_lag1,0.5798902097903192
2,1,0.3,DRF_1_AutoML_9_20260420_194016,day_of_week_lag1,0.08625570240023077
2,1,0.3,DRF_1_AutoML_9_20260420_194016,month_lag1,0.0682473061070777
2,1,0.3,DRF_1_AutoML_9_20260420_194016,month_sin,0.09011343306861815
2,1,0.3,DRF_1_AutoML_9_20260420_194016,month_cos,0.056175685708149056
2,1,0.3,DRF_1_AutoML_9_20260420_194016,year,0.106189162149094
0,2,0.02,XGBoost_grid_1_AutoML_11_20260420_194431_model_3,target_lag1,3.0362503753602503
0,2,0.02,XGBoost_grid_1_AutoML_11_20260420_194431_model_3,target_lag2,0.5308838314563036
0,2,0.02,XGBoost_grid_1_AutoML_11_20260420_194431_model_3,target_lag3,1.2144563477113843
0,2,0.02,XGBoost_grid_1_AutoML_11_20260420_194431_model_3,target_lag4,0.7469153922796249
0,2,0.02,XGBoost_grid_1_AutoML_11_20260420_194431_model_3,target_lag5,0.18091669433750213
0,2,0.02,XGBoost_grid_1_AutoML_11_20260420_194431_model_3,target_lag6,0.6421076946007088
0,2,0.02,XGBoost_grid_1_AutoML_11_20260420_194431_model_3,cov_HULL_lag1,0.39456998713314534
0,2,0.02,XGBoost_grid_1_AutoML_11_20260420_194431_model_3,cov_MUFL_lag1,2.763110702037811
0,2,0.02,XGBoost_grid_1_AutoML_11_20260420_194431_model_3,cov_MULL_lag1,0.40520216152071953
0,2,0.02,XGBoost_grid_1_AutoML_11_20260420_194431_model_3,cov_LUFL_lag1,0.15979289427399632
0,2,0.02,XGBoost_grid_1_AutoML_11_20260420_194431_model_3,cov_LULL_lag1,0.008844074653461553
0,2,0.02,XGBoost_grid_1_AutoML_11_20260420_194431_model_3,cov_OT_lag1,0.5624747475981713
0,2,0.02,XGBoost_grid_1_AutoML_11_20260420_194431_model_3,hour_lag1,1.0286010904703289
0,2,0.02,XGBoost_grid_1_AutoML_11_20260420_194431_model_3,day_of_week_lag1,0.016659543346613615
0,2,0.02,XGBoost_grid_1_AutoML_11_20260420_194431_model_3,month_lag1,0.1917033850774169
0,2,0.02,XGBoost_grid_1_AutoML_11_20260420_194431_model_3,month_sin,0.19067023072391748
0,2,0.02,XGBoost_grid_1_AutoML_11_20260420_194431_model_3,month_cos,0.11120440873084587
0,2,0.02,GBM_1_AutoML_11_20260420_194431,target_lag1,3.0706307172775267
0,2,0.02,GBM_1_AutoML_11_20260420_194431,target_lag2,0.9090529450029134
0,2,0.02,GBM_1_AutoML_11_20260420_194431,target_lag3,0.4609729808568954
0,2,0.02,GBM_1_AutoML_11_20260420_194431,target_lag4,0.2762387046497315
0,2,0.02,GBM_1_AutoML_11_20260420_194431,target_lag5,0.29710715724155307
0,2,0.02,GBM_1_AutoML_11_20260420_194431,target_lag6,0.2708082516491413
0,2,0.02,GBM_1_AutoML_11_20260420_194431,cov_HULL_lag1,0.39617095028515903
0,2,0.02,GBM_1_AutoML_11_20260420_194431,cov_MUFL_lag1,2.5656303215026854
0,2,0.02,GBM_1_AutoML_11_20260420_194431,cov_MULL_lag1,0.1270230395719409
0,2,0.02,GBM_1_AutoML_11_20260420_194431,cov_LUFL_lag1,0.048692144524538856
0,2,0.02,GBM_1_AutoML_11_20260420_194431,cov_LULL_lag1,0.03331646399572486
0,2,0.02,GBM_1_AutoML_11_20260420_194431,cov_OT_lag1,0.4738439772464335
0,2,0.02,GBM_1_AutoML_11_20260420_194431,hour_lag1,0.9567676950991154
0,2,0.02,GBM_1_AutoML_11_20260420_194431,day_of_week_lag1,0.05097862682538103
0,2,0.02,GBM_1_AutoML_11_20260420_194431,month_lag1,0.1742180401459336
0,2,0.02,GBM_1_AutoML_11_20260420_194431,month_sin,0.08128696836065498
0,2,0.02,GBM_1_AutoML_11_20260420_194431,month_cos,0.037122929987963245
0,2,0.05,XGBoost_grid_1_AutoML_11_20260420_194431_model_3,target_lag1,3.0362503753602503
0,2,0.05,XGBoost_grid_1_AutoML_11_20260420_194431_model_3,target_lag2,0.5308838314563036
0,2,0.05,XGBoost_grid_1_AutoML_11_20260420_194431_model_3,target_lag3,1.2144563477113843
0,2,0.05,XGBoost_grid_1_AutoML_11_20260420_194431_model_3,target_lag4,0.7469153922796249
0,2,0.05,XGBoost_grid_1_AutoML_11_20260420_194431_model_3,target_lag5,0.18091669433750213
0,2,0.05,XGBoost_grid_1_AutoML_11_20260420_194431_model_3,target_lag6,0.6421076946007088
0,2,0.05,XGBoost_grid_1_AutoML_11_20260420_194431_model_3,cov_HULL_lag1,0.39456998713314534
0,2,0.05,XGBoost_grid_1_AutoML_11_20260420_194431_model_3,cov_MUFL_lag1,2.763110702037811
0,2,0.05,XGBoost_grid_1_AutoML_11_20260420_194431_model_3,cov_MULL_lag1,0.40520216152071953
0,2,0.05,XGBoost_grid_1_AutoML_11_20260420_194431_model_3,cov_LUFL_lag1,0.15979289427399632
0,2,0.05,XGBoost_grid_1_AutoML_11_20260420_194431_model_3,cov_LULL_lag1,0.008844074653461553
0,2,0.05,XGBoost_grid_1_AutoML_11_20260420_194431_model_3,cov_OT_lag1,0.5624747475981713
0,2,0.05,XGBoost_grid_1_AutoML_11_20260420_194431_model_3,hour_lag1,1.0286010904703289
0,2,0.05,XGBoost_grid_1_AutoML_11_20260420_194431_model_3,day_of_week_lag1,0.016659543346613615
0,2,0.05,XGBoost_grid_1_AutoML_11_20260420_194431_model_3,month_lag1,0.1917033850774169
0,2,0.05,XGBoost_grid_1_AutoML_11_20260420_194431_model_3,month_sin,0.19067023072391748
0,2,0.05,XGBoost_grid_1_AutoML_11_20260420_194431_model_3,month_cos,0.11120440873084587
0,2,0.05,GBM_1_AutoML_11_20260420_194431,target_lag1,3.0706307172775267
0,2,0.05,GBM_1_AutoML_11_20260420_194431,target_lag2,0.9090529450029134
0,2,0.05,GBM_1_AutoML_11_20260420_194431,target_lag3,0.4609729808568954
0,2,0.05,GBM_1_AutoML_11_20260420_194431,target_lag4,0.2762387046497315
0,2,0.05,GBM_1_AutoML_11_20260420_194431,target_lag5,0.29710715724155307
0,2,0.05,GBM_1_AutoML_11_20260420_194431,target_lag6,0.2708082516491413
0,2,0.05,GBM_1_AutoML_11_20260420_194431,cov_HULL_lag1,0.39617095028515903
0,2,0.05,GBM_1_AutoML_11_20260420_194431,cov_MUFL_lag1,2.5656303215026854
0,2,0.05,GBM_1_AutoML_11_20260420_194431,cov_MULL_lag1,0.1270230395719409
0,2,0.05,GBM_1_AutoML_11_20260420_194431,cov_LUFL_lag1,0.048692144524538856
0,2,0.05,GBM_1_AutoML_11_20260420_194431,cov_LULL_lag1,0.03331646399572486
0,2,0.05,GBM_1_AutoML_11_20260420_194431,cov_OT_lag1,0.4738439772464335
0,2,0.05,GBM_1_AutoML_11_20260420_194431,hour_lag1,0.9567676950991154
0,2,0.05,GBM_1_AutoML_11_20260420_194431,day_of_week_lag1,0.05097862682538103
0,2,0.05,GBM_1_AutoML_11_20260420_194431,month_lag1,0.1742180401459336
0,2,0.05,GBM_1_AutoML_11_20260420_194431,month_sin,0.08128696836065498
0,2,0.05,GBM_1_AutoML_11_20260420_194431,month_cos,0.037122929987963245
0,2,0.05,XGBoost_grid_1_AutoML_11_20260420_194431_model_1,target_lag1,2.9622765612602233
0,2,0.05,XGBoost_grid_1_AutoML_11_20260420_194431_model_1,target_lag2,1.1404996755311732
0,2,0.05,XGBoost_grid_1_AutoML_11_20260420_194431_model_1,target_lag3,0.9055737550184131
0,2,0.05,XGBoost_grid_1_AutoML_11_20260420_194431_model_1,target_lag4,0.30172946027480063
0,2,0.05,XGBoost_grid_1_AutoML_11_20260420_194431_model_1,target_lag5,0.2455410160496831
0,2,0.05,XGBoost_grid_1_AutoML_11_20260420_194431_model_1,target_lag6,0.20016662277281283
0,2,0.05,XGBoost_grid_1_AutoML_11_20260420_194431_model_1,cov_HULL_lag1,0.5368779806420207
0,2,0.05,XGBoost_grid_1_AutoML_11_20260420_194431_model_1,cov_MUFL_lag1,2.0924877548217773
0,2,0.05,XGBoost_grid_1_AutoML_11_20260420_194431_model_1,cov_MULL_lag1,0.060245280209928705
0,2,0.05,XGBoost_grid_1_AutoML_11_20260420_194431_model_1,cov_LUFL_lag1,0.2714623247087002
0,2,0.05,XGBoost_grid_1_AutoML_11_20260420_194431_model_1,cov_LULL_lag1,0.017336195036768864
0,2,0.05,XGBoost_grid_1_AutoML_11_20260420_194431_model_1,cov_OT_lag1,0.3342568762600422
0,2,0.05,XGBoost_grid_1_AutoML_11_20260420_194431_model_1,hour_lag1,1.1783781695365905
0,2,0.05,XGBoost_grid_1_AutoML_11_20260420_194431_model_1,day_of_week_lag1,0.07079818558879193
0,2,0.05,XGBoost_grid_1_AutoML_11_20260420_194431_model_1,month_lag1,0.11976998940110203
0,2,0.05,XGBoost_grid_1_AutoML_11_20260420_194431_model_1,month_sin,0.33657963410019875
0,2,0.05,XGBoost_grid_1_AutoML_11_20260420_194431_model_1,month_cos,0.1280318126827478
0,2,0.05,XRT_1_AutoML_11_20260420_194431,target_lag1,1.7231720362976193
0,2,0.05,XRT_1_AutoML_11_20260420_194431,target_lag2,1.8791810386814176
0,2,0.05,XRT_1_AutoML_11_20260420_194431,target_lag3,0.4028317262302153
0,2,0.05,XRT_1_AutoML_11_20260420_194431,target_lag4,0.2671738007105887
0,2,0.05,XRT_1_AutoML_11_20260420_194431,target_lag5,0.3077480476349592
0,2,0.05,XRT_1_AutoML_11_20260420_194431,target_lag6,0.19470280641689897
0,2,0.05,XRT_1_AutoML_11_20260420_194431,cov_HULL_lag1,0.35914659218862655
0,2,0.05,XRT_1_AutoML_11_20260420_194431,cov_MUFL_lag1,7.547367391586303
0,2,0.05,XRT_1_AutoML_11_20260420_194431,cov_MULL_lag1,1.254025493338704
0,2,0.05,XRT_1_AutoML_11_20260420_194431,cov_LUFL_lag1,0.22108553174883128
0,2,0.05,XRT_1_AutoML_11_20260420_194431,cov_LULL_lag1,0.043071035437751516
0,2,0.05,XRT_1_AutoML_11_20260420_194431,cov_OT_lag1,0.813803767003119
0,2,0.05,XRT_1_AutoML_11_20260420_194431,hour_lag1,0.7066596992313862
0,2,0.05,XRT_1_AutoML_11_20260420_194431,day_of_week_lag1,0.3896406252263114
0,2,0.05,XRT_1_AutoML_11_20260420_194431,month_lag1,0.6864346734806895
0,2,0.05,XRT_1_AutoML_11_20260420_194431,month_sin,3.2239264793717304
0,2,0.05,XRT_1_AutoML_11_20260420_194431,month_cos,0.1258307517971843
0,2,0.05,GBM_grid_1_AutoML_11_20260420_194431_model_1,target_lag1,1.7518491441011428
0,2,0.05,GBM_grid_1_AutoML_11_20260420_194431_model_1,target_lag2,0.6778937965631485
0,2,0.05,GBM_grid_1_AutoML_11_20260420_194431_model_1,target_lag3,1.2126539604365825
0,2,0.05,GBM_grid_1_AutoML_11_20260420_194431_model_1,target_lag4,0.7330897331982851
0,2,0.05,GBM_grid_1_AutoML_11_20260420_194431_model_1,target_lag5,0.4443860828410834
0,2,0.05,GBM_grid_1_AutoML_11_20260420_194431_model_1,target_lag6,0.20783713845536111
0,2,0.05,GBM_grid_1_AutoML_11_20260420_194431_model_1,cov_HULL_lag1,0.8660044709476642
0,2,0.05,GBM_grid_1_AutoML_11_20260420_194431_model_1,cov_MUFL_lag1,2.605781873613596
0,2,0.05,GBM_grid_1_AutoML_11_20260420_194431_model_1,cov_MULL_lag1,0.4230484580851044
0,2,0.05,GBM_grid_1_AutoML_11_20260420_194431_model_1,cov_LUFL_lag1,0.11672173156519415
0,2,0.05,GBM_grid_1_AutoML_11_20260420_194431_model_1,cov_LULL_lag1,0.03568483020761045
0,2,0.05,GBM_grid_1_AutoML_11_20260420_194431_model_1,cov_OT_lag1,0.5559459264390171
0,2,0.05,GBM_grid_1_AutoML_11_20260420_194431_model_1,hour_lag1,0.6194211666518822
0,2,0.05,GBM_grid_1_AutoML_11_20260420_194431_model_1,day_of_week_lag1,0.05480029520236708
0,2,0.05,GBM_grid_1_AutoML_11_20260420_194431_model_1,month_lag1,0.09292861842084672
0,2,0.05,GBM_grid_1_AutoML_11_20260420_194431_model_1,month_sin,0.08061269381432791
0,2,0.05,GBM_grid_1_AutoML_11_20260420_194431_model_1,month_cos,0.10384277965407815
0,2,0.05,DRF_1_AutoML_11_20260420_194431,target_lag1,4.7267035852372645
0,2,0.05,DRF_1_AutoML_11_20260420_194431,target_lag2,1.5571636290848254
0,2,0.05,DRF_1_AutoML_11_20260420_194431,target_lag3,0.3864213054534048
0,2,0.05,DRF_1_AutoML_11_20260420_194431,target_lag4,0.29872735813260076
0,2,0.05,DRF_1_AutoML_11_20260420_194431,target_lag5,0.2791450123023242
0,2,0.05,DRF_1_AutoML_11_20260420_194431,target_lag6,0.13275068109272975
0,2,0.05,DRF_1_AutoML_11_20260420_194431,cov_HULL_lag1,0.5497774716769345
0,2,0.05,DRF_1_AutoML_11_20260420_194431,cov_MUFL_lag1,5.01728411257267
0,2,0.05,DRF_1_AutoML_11_20260420_194431,cov_MULL_lag1,1.0946552544832229
0,2,0.05,DRF_1_AutoML_11_20260420_194431,cov_LUFL_lag1,0.18328295476734638
0,2,0.05,DRF_1_AutoML_11_20260420_194431,cov_LULL_lag1,0.017769195603605063
0,2,0.05,DRF_1_AutoML_11_20260420_194431,cov_OT_lag1,0.666379356905818
0,2,0.05,DRF_1_AutoML_11_20260420_194431,hour_lag1,0.3968987081805244
0,2,0.05,DRF_1_AutoML_11_20260420_194431,day_of_week_lag1,0.04954484222340394
0,2,0.05,DRF_1_AutoML_11_20260420_194431,month_lag1,0.0900229537626728
0,2,0.05,DRF_1_AutoML_11_20260420_194431,month_sin,0.11151067122817036
0,2,0.05,DRF_1_AutoML_11_20260420_194431,month_cos,0.047612163270823606
0,2,0.05,XGBoost_grid_1_AutoML_11_20260420_194431_model_5,target_lag1,2.788822029829025
0,2,0.05,XGBoost_grid_1_AutoML_11_20260420_194431_model_5,target_lag2,1.0477194455266
0,2,0.05,XGBoost_grid_1_AutoML_11_20260420_194431_model_5,target_lag3,0.44239734176546336
0,2,0.05,XGBoost_grid_1_AutoML_11_20260420_194431_model_5,target_lag4,0.4209995012078434
0,2,0.05,XGBoost_grid_1_AutoML_11_20260420_194431_model_5,target_lag5,0.377597146127373
0,2,0.05,XGBoost_grid_1_AutoML_11_20260420_194431_model_5,target_lag6,0.20813230518251657
0,2,0.05,XGBoost_grid_1_AutoML_11_20260420_194431_model_5,cov_HULL_lag1,0.4204836640879512
0,2,0.05,XGBoost_grid_1_AutoML_11_20260420_194431_model_5,cov_MUFL_lag1,3.3090003371238708
0,2,0.05,XGBoost_grid_1_AutoML_11_20260420_194431_model_5,cov_MULL_lag1,0.3172430620715022
0,2,0.05,XGBoost_grid_1_AutoML_11_20260420_194431_model_5,cov_LUFL_lag1,0.20515023350715636
0,2,0.05,XGBoost_grid_1_AutoML_11_20260420_194431_model_5,cov_LULL_lag1,0.0013803251273930067
0,2,0.05,XGBoost_grid_1_AutoML_11_20260420_194431_model_5,cov_OT_lag1,0.4480848576501012
0,2,0.05,XGBoost_grid_1_AutoML_11_20260420_194431_model_5,hour_lag1,1.1497252647578717
0,2,0.05,XGBoost_grid_1_AutoML_11_20260420_194431_model_5,day_of_week_lag1,0.03238978919573124
0,2,0.05,XGBoost_grid_1_AutoML_11_20260420_194431_model_5,month_lag1,0.14236605010926717
0,2,0.05,XGBoost_grid_1_AutoML_11_20260420_194431_model_5,month_sin,0.06592148010618981
0,2,0.05,XGBoost_grid_1_AutoML_11_20260420_194431_model_5,month_cos,0.20607519315555692
0,2,0.1,XGBoost_grid_1_AutoML_11_20260420_194431_model_3,target_lag1,3.0362503753602503
0,2,0.1,XGBoost_grid_1_AutoML_11_20260420_194431_model_3,target_lag2,0.5308838314563036
0,2,0.1,XGBoost_grid_1_AutoML_11_20260420_194431_model_3,target_lag3,1.2144563477113843
0,2,0.1,XGBoost_grid_1_AutoML_11_20260420_194431_model_3,target_lag4,0.7469153922796249
0,2,0.1,XGBoost_grid_1_AutoML_11_20260420_194431_model_3,target_lag5,0.18091669433750213
0,2,0.1,XGBoost_grid_1_AutoML_11_20260420_194431_model_3,target_lag6,0.6421076946007088
0,2,0.1,XGBoost_grid_1_AutoML_11_20260420_194431_model_3,cov_HULL_lag1,0.39456998713314534
0,2,0.1,XGBoost_grid_1_AutoML_11_20260420_194431_model_3,cov_MUFL_lag1,2.763110702037811
0,2,0.1,XGBoost_grid_1_AutoML_11_20260420_194431_model_3,cov_MULL_lag1,0.40520216152071953
0,2,0.1,XGBoost_grid_1_AutoML_11_20260420_194431_model_3,cov_LUFL_lag1,0.15979289427399632
0,2,0.1,XGBoost_grid_1_AutoML_11_20260420_194431_model_3,cov_LULL_lag1,0.008844074653461553
0,2,0.1,XGBoost_grid_1_AutoML_11_20260420_194431_model_3,cov_OT_lag1,0.5624747475981713
0,2,0.1,XGBoost_grid_1_AutoML_11_20260420_194431_model_3,hour_lag1,1.0286010904703289
0,2,0.1,XGBoost_grid_1_AutoML_11_20260420_194431_model_3,day_of_week_lag1,0.016659543346613615
0,2,0.1,XGBoost_grid_1_AutoML_11_20260420_194431_model_3,month_lag1,0.1917033850774169
0,2,0.1,XGBoost_grid_1_AutoML_11_20260420_194431_model_3,month_sin,0.19067023072391748
0,2,0.1,XGBoost_grid_1_AutoML_11_20260420_194431_model_3,month_cos,0.11120440873084587
0,2,0.1,GBM_1_AutoML_11_20260420_194431,target_lag1,3.0706307172775267
0,2,0.1,GBM_1_AutoML_11_20260420_194431,target_lag2,0.9090529450029134
0,2,0.1,GBM_1_AutoML_11_20260420_194431,target_lag3,0.4609729808568954
0,2,0.1,GBM_1_AutoML_11_20260420_194431,target_lag4,0.2762387046497315
0,2,0.1,GBM_1_AutoML_11_20260420_194431,target_lag5,0.29710715724155307
0,2,0.1,GBM_1_AutoML_11_20260420_194431,target_lag6,0.2708082516491413
0,2,0.1,GBM_1_AutoML_11_20260420_194431,cov_HULL_lag1,0.39617095028515903
0,2,0.1,GBM_1_AutoML_11_20260420_194431,cov_MUFL_lag1,2.5656303215026854
0,2,0.1,GBM_1_AutoML_11_20260420_194431,cov_MULL_lag1,0.1270230395719409
0,2,0.1,GBM_1_AutoML_11_20260420_194431,cov_LUFL_lag1,0.048692144524538856
0,2,0.1,GBM_1_AutoML_11_20260420_194431,cov_LULL_lag1,0.03331646399572486
0,2,0.1,GBM_1_AutoML_11_20260420_194431,cov_OT_lag1,0.4738439772464335
0,2,0.1,GBM_1_AutoML_11_20260420_194431,hour_lag1,0.9567676950991154
0,2,0.1,GBM_1_AutoML_11_20260420_194431,day_of_week_lag1,0.05097862682538103
0,2,0.1,GBM_1_AutoML_11_20260420_194431,month_lag1,0.1742180401459336
0,2,0.1,GBM_1_AutoML_11_20260420_194431,month_sin,0.08128696836065498
0,2,0.1,GBM_1_AutoML_11_20260420_194431,month_cos,0.037122929987963245
0,2,0.1,XGBoost_grid_1_AutoML_11_20260420_194431_model_1,target_lag1,2.9622765612602233
0,2,0.1,XGBoost_grid_1_AutoML_11_20260420_194431_model_1,target_lag2,1.1404996755311732
0,2,0.1,XGBoost_grid_1_AutoML_11_20260420_194431_model_1,target_lag3,0.9055737550184131
0,2,0.1,XGBoost_grid_1_AutoML_11_20260420_194431_model_1,target_lag4,0.30172946027480063
0,2,0.1,XGBoost_grid_1_AutoML_11_20260420_194431_model_1,target_lag5,0.2455410160496831
0,2,0.1,XGBoost_grid_1_AutoML_11_20260420_194431_model_1,target_lag6,0.20016662277281283
0,2,0.1,XGBoost_grid_1_AutoML_11_20260420_194431_model_1,cov_HULL_lag1,0.5368779806420207
0,2,0.1,XGBoost_grid_1_AutoML_11_20260420_194431_model_1,cov_MUFL_lag1,2.0924877548217773
0,2,0.1,XGBoost_grid_1_AutoML_11_20260420_194431_model_1,cov_MULL_lag1,0.060245280209928705
0,2,0.1,XGBoost_grid_1_AutoML_11_20260420_194431_model_1,cov_LUFL_lag1,0.2714623247087002
0,2,0.1,XGBoost_grid_1_AutoML_11_20260420_194431_model_1,cov_LULL_lag1,0.017336195036768864
0,2,0.1,XGBoost_grid_1_AutoML_11_20260420_194431_model_1,cov_OT_lag1,0.3342568762600422
0,2,0.1,XGBoost_grid_1_AutoML_11_20260420_194431_model_1,hour_lag1,1.1783781695365905
0,2,0.1,XGBoost_grid_1_AutoML_11_20260420_194431_model_1,day_of_week_lag1,0.07079818558879193
0,2,0.1,XGBoost_grid_1_AutoML_11_20260420_194431_model_1,month_lag1,0.11976998940110203
0,2,0.1,XGBoost_grid_1_AutoML_11_20260420_194431_model_1,month_sin,0.33657963410019875
0,2,0.1,XGBoost_grid_1_AutoML_11_20260420_194431_model_1,month_cos,0.1280318126827478
0,2,0.1,XRT_1_AutoML_11_20260420_194431,target_lag1,1.7231720362976193
0,2,0.1,XRT_1_AutoML_11_20260420_194431,target_lag2,1.8791810386814176
0,2,0.1,XRT_1_AutoML_11_20260420_194431,target_lag3,0.4028317262302153
0,2,0.1,XRT_1_AutoML_11_20260420_194431,target_lag4,0.2671738007105887
0,2,0.1,XRT_1_AutoML_11_20260420_194431,target_lag5,0.3077480476349592
0,2,0.1,XRT_1_AutoML_11_20260420_194431,target_lag6,0.19470280641689897
0,2,0.1,XRT_1_AutoML_11_20260420_194431,cov_HULL_lag1,0.35914659218862655
0,2,0.1,XRT_1_AutoML_11_20260420_194431,cov_MUFL_lag1,7.547367391586303
0,2,0.1,XRT_1_AutoML_11_20260420_194431,cov_MULL_lag1,1.254025493338704
0,2,0.1,XRT_1_AutoML_11_20260420_194431,cov_LUFL_lag1,0.22108553174883128
0,2,0.1,XRT_1_AutoML_11_20260420_194431,cov_LULL_lag1,0.043071035437751516
0,2,0.1,XRT_1_AutoML_11_20260420_194431,cov_OT_lag1,0.813803767003119
0,2,0.1,XRT_1_AutoML_11_20260420_194431,hour_lag1,0.7066596992313862
0,2,0.1,XRT_1_AutoML_11_20260420_194431,day_of_week_lag1,0.3896406252263114
0,2,0.1,XRT_1_AutoML_11_20260420_194431,month_lag1,0.6864346734806895
0,2,0.1,XRT_1_AutoML_11_20260420_194431,month_sin,3.2239264793717304
0,2,0.1,XRT_1_AutoML_11_20260420_194431,month_cos,0.1258307517971843
0,2,0.1,GBM_grid_1_AutoML_11_20260420_194431_model_1,target_lag1,1.7518491441011428
0,2,0.1,GBM_grid_1_AutoML_11_20260420_194431_model_1,target_lag2,0.6778937965631485
0,2,0.1,GBM_grid_1_AutoML_11_20260420_194431_model_1,target_lag3,1.2126539604365825
0,2,0.1,GBM_grid_1_AutoML_11_20260420_194431_model_1,target_lag4,0.7330897331982851
0,2,0.1,GBM_grid_1_AutoML_11_20260420_194431_model_1,target_lag5,0.4443860828410834
0,2,0.1,GBM_grid_1_AutoML_11_20260420_194431_model_1,target_lag6,0.20783713845536111
0,2,0.1,GBM_grid_1_AutoML_11_20260420_194431_model_1,cov_HULL_lag1,0.8660044709476642
0,2,0.1,GBM_grid_1_AutoML_11_20260420_194431_model_1,cov_MUFL_lag1,2.605781873613596
0,2,0.1,GBM_grid_1_AutoML_11_20260420_194431_model_1,cov_MULL_lag1,0.4230484580851044
0,2,0.1,GBM_grid_1_AutoML_11_20260420_194431_model_1,cov_LUFL_lag1,0.11672173156519415
0,2,0.1,GBM_grid_1_AutoML_11_20260420_194431_model_1,cov_LULL_lag1,0.03568483020761045
0,2,0.1,GBM_grid_1_AutoML_11_20260420_194431_model_1,cov_OT_lag1,0.5559459264390171
0,2,0.1,GBM_grid_1_AutoML_11_20260420_194431_model_1,hour_lag1,0.6194211666518822
0,2,0.1,GBM_grid_1_AutoML_11_20260420_194431_model_1,day_of_week_lag1,0.05480029520236708
0,2,0.1,GBM_grid_1_AutoML_11_20260420_194431_model_1,month_lag1,0.09292861842084672
0,2,0.1,GBM_grid_1_AutoML_11_20260420_194431_model_1,month_sin,0.08061269381432791
0,2,0.1,GBM_grid_1_AutoML_11_20260420_194431_model_1,month_cos,0.10384277965407815
0,2,0.1,DRF_1_AutoML_11_20260420_194431,target_lag1,4.7267035852372645
0,2,0.1,DRF_1_AutoML_11_20260420_194431,target_lag2,1.5571636290848254
0,2,0.1,DRF_1_AutoML_11_20260420_194431,target_lag3,0.3864213054534048
0,2,0.1,DRF_1_AutoML_11_20260420_194431,target_lag4,0.29872735813260076
0,2,0.1,DRF_1_AutoML_11_20260420_194431,target_lag5,0.2791450123023242
0,2,0.1,DRF_1_AutoML_11_20260420_194431,target_lag6,0.13275068109272975
0,2,0.1,DRF_1_AutoML_11_20260420_194431,cov_HULL_lag1,0.5497774716769345
0,2,0.1,DRF_1_AutoML_11_20260420_194431,cov_MUFL_lag1,5.01728411257267
0,2,0.1,DRF_1_AutoML_11_20260420_194431,cov_MULL_lag1,1.0946552544832229
0,2,0.1,DRF_1_AutoML_11_20260420_194431,cov_LUFL_lag1,0.18328295476734638
0,2,0.1,DRF_1_AutoML_11_20260420_194431,cov_LULL_lag1,0.017769195603605063
0,2,0.1,DRF_1_AutoML_11_20260420_194431,cov_OT_lag1,0.666379356905818
0,2,0.1,DRF_1_AutoML_11_20260420_194431,hour_lag1,0.3968987081805244
0,2,0.1,DRF_1_AutoML_11_20260420_194431,day_of_week_lag1,0.04954484222340394
0,2,0.1,DRF_1_AutoML_11_20260420_194431,month_lag1,0.0900229537626728
0,2,0.1,DRF_1_AutoML_11_20260420_194431,month_sin,0.11151067122817036
0,2,0.1,DRF_1_AutoML_11_20260420_194431,month_cos,0.047612163270823606
0,2,0.1,XGBoost_grid_1_AutoML_11_20260420_194431_model_5,target_lag1,2.788822029829025
0,2,0.1,XGBoost_grid_1_AutoML_11_20260420_194431_model_5,target_lag2,1.0477194455266
0,2,0.1,XGBoost_grid_1_AutoML_11_20260420_194431_model_5,target_lag3,0.44239734176546336
0,2,0.1,XGBoost_grid_1_AutoML_11_20260420_194431_model_5,target_lag4,0.4209995012078434
0,2,0.1,XGBoost_grid_1_AutoML_11_20260420_194431_model_5,target_lag5,0.377597146127373
0,2,0.1,XGBoost_grid_1_AutoML_11_20260420_194431_model_5,target_lag6,0.20813230518251657
0,2,0.1,XGBoost_grid_1_AutoML_11_20260420_194431_model_5,cov_HULL_lag1,0.4204836640879512
0,2,0.1,XGBoost_grid_1_AutoML_11_20260420_194431_model_5,cov_MUFL_lag1,3.3090003371238708
0,2,0.1,XGBoost_grid_1_AutoML_11_20260420_194431_model_5,cov_MULL_lag1,0.3172430620715022
0,2,0.1,XGBoost_grid_1_AutoML_11_20260420_194431_model_5,cov_LUFL_lag1,0.20515023350715636
0,2,0.1,XGBoost_grid_1_AutoML_11_20260420_194431_model_5,cov_LULL_lag1,0.0013803251273930067
0,2,0.1,XGBoost_grid_1_AutoML_11_20260420_194431_model_5,cov_OT_lag1,0.4480848576501012
0,2,0.1,XGBoost_grid_1_AutoML_11_20260420_194431_model_5,hour_lag1,1.1497252647578717
0,2,0.1,XGBoost_grid_1_AutoML_11_20260420_194431_model_5,day_of_week_lag1,0.03238978919573124
0,2,0.1,XGBoost_grid_1_AutoML_11_20260420_194431_model_5,month_lag1,0.14236605010926717
0,2,0.1,XGBoost_grid_1_AutoML_11_20260420_194431_model_5,month_sin,0.06592148010618981
0,2,0.1,XGBoost_grid_1_AutoML_11_20260420_194431_model_5,month_cos,0.20607519315555692
0,2,0.1,GBM_grid_1_AutoML_11_20260420_194431_model_2,target_lag1,3.388383354768157
0,2,0.1,GBM_grid_1_AutoML_11_20260420_194431_model_2,target_lag2,0.5599219781532884
0,2,0.1,GBM_grid_1_AutoML_11_20260420_194431_model_2,target_lag3,1.1167437796480955
0,2,0.1,GBM_grid_1_AutoML_11_20260420_194431_model_2,target_lag4,0.2087501551304012
0,2,0.1,GBM_grid_1_AutoML_11_20260420_194431_model_2,target_lag5,0.1858721643546596
0,2,0.1,GBM_grid_1_AutoML_11_20260420_194431_model_2,target_lag6,0.1706568623241037
0,2,0.1,GBM_grid_1_AutoML_11_20260420_194431_model_2,cov_HULL_lag1,0.29685636854264885
0,2,0.1,GBM_grid_1_AutoML_11_20260420_194431_model_2,cov_MUFL_lag1,2.3381232047080993
0,2,0.1,GBM_grid_1_AutoML_11_20260420_194431_model_2,cov_MULL_lag1,0.18274742053356022
0,2,0.1,GBM_grid_1_AutoML_11_20260420_194431_model_2,cov_LUFL_lag1,0.28432072076946496
0,2,0.1,GBM_grid_1_AutoML_11_20260420_194431_model_2,cov_LULL_lag1,0.01645121403969819
0,2,0.1,GBM_grid_1_AutoML_11_20260420_194431_model_2,cov_OT_lag1,0.3752631216868758
0,2,0.1,GBM_grid_1_AutoML_11_20260420_194431_model_2,hour_lag1,0.5453771292604506
0,2,0.1,GBM_grid_1_AutoML_11_20260420_194431_model_2,day_of_week_lag1,0.06415971459588032
0,2,0.1,GBM_grid_1_AutoML_11_20260420_194431_model_2,month_lag1,0.0866110246069729
0,2,0.1,GBM_grid_1_AutoML_11_20260420_194431_model_2,month_sin,0.11464806061587293
0,2,0.1,GBM_grid_1_AutoML_11_20260420_194431_model_2,month_cos,0.11746891460148615
0,2,0.1,GBM_4_AutoML_11_20260420_194431,target_lag1,3.200382881164551
0,2,0.1,GBM_4_AutoML_11_20260420_194431,target_lag2,0.5827024155855178
0,2,0.1,GBM_4_AutoML_11_20260420_194431,target_lag3,0.3380461121350527
0,2,0.1,GBM_4_AutoML_11_20260420_194431,target_lag4,0.24287977148313075
0,2,0.1,GBM_4_AutoML_11_20260420_194431,target_lag5,0.17319875152781605
0,2,0.1,GBM_4_AutoML_11_20260420_194431,target_lag6,0.2074790266083437
0,2,0.1,GBM_4_AutoML_11_20260420_194431,cov_HULL_lag1,0.3709060814371333
0,2,0.1,GBM_4_AutoML_11_20260420_194431,cov_MUFL_lag1,3.473786998316646
0,2,0.1,GBM_4_AutoML_11_20260420_194431,cov_MULL_lag1,0.17140481656882908
0,2,0.1,GBM_4_AutoML_11_20260420_194431,cov_LUFL_lag1,0.14298187716864047
0,2,0.1,GBM_4_AutoML_11_20260420_194431,cov_LULL_lag1,0.030655200262553955
0,2,0.1,GBM_4_AutoML_11_20260420_194431,cov_OT_lag1,0.3631615139171481
0,2,0.1,GBM_4_AutoML_11_20260420_194431,hour_lag1,0.7324569736490958
0,2,0.1,GBM_4_AutoML_11_20260420_194431,day_of_week_lag1,0.06922129080630836
0,2,0.1,GBM_4_AutoML_11_20260420_194431,month_lag1,0.11045548516325648
0,2,0.1,GBM_4_AutoML_11_20260420_194431,month_sin,0.07463282726239409
0,2,0.1,GBM_4_AutoML_11_20260420_194431,month_cos,0.07157135380897667
0,2,0.1,GBM_5_AutoML_11_20260420_194431,target_lag1,3.126603454351425
0,2,0.1,GBM_5_AutoML_11_20260420_194431,target_lag2,0.7099561970913782
0,2,0.1,GBM_5_AutoML_11_20260420_194431,target_lag3,0.6348025861382485
0,2,0.1,GBM_5_AutoML_11_20260420_194431,target_lag4,0.30392247177660464
0,2,0.1,GBM_5_AutoML_11_20260420_194431,target_lag5,0.2526855378970504
0,2,0.1,GBM_5_AutoML_11_20260420_194431,target_lag6,0.2012175201624632
0,2,0.1,GBM_5_AutoML_11_20260420_194431,cov_HULL_lag1,0.41276123192161324
0,2,0.1,GBM_5_AutoML_11_20260420_194431,cov_MUFL_lag1,3.422599910497665
0,2,0.1,GBM_5_AutoML_11_20260420_194431,cov_MULL_lag1,0.26449953854084013
0,2,0.1,GBM_5_AutoML_11_20260420_194431,cov_LUFL_lag1,0.06552063640556294
0,2,0.1,GBM_5_AutoML_11_20260420_194431,cov_LULL_lag1,0.01333154165535229
0,2,0.1,GBM_5_AutoML_11_20260420_194431,cov_OT_lag1,0.4239626251067966
0,2,0.1,GBM_5_AutoML_11_20260420_194431,hour_lag1,0.9314183814637363
0,2,0.1,GBM_5_AutoML_11_20260420_194431,day_of_week_lag1,0.04243764272425318
0,2,0.1,GBM_5_AutoML_11_20260420_194431,month_lag1,0.11925677695311603
0,2,0.1,GBM_5_AutoML_11_20260420_194431,month_sin,0.16596823959611354
0,2,0.1,GBM_5_AutoML_11_20260420_194431,month_cos,0.11712787665659558
0,2,0.1,GBM_3_AutoML_11_20260420_194431,target_lag1,4.020055994391441
0,2,0.1,GBM_3_AutoML_11_20260420_194431,target_lag2,0.276406057626009
0,2,0.1,GBM_3_AutoML_11_20260420_194431,target_lag3,0.45359666880220173
0,2,0.1,GBM_3_AutoML_11_20260420_194431,target_lag4,0.2637115798983723
0,2,0.1,GBM_3_AutoML_11_20260420_194431,target_lag5,0.23624762320541776
0,2,0.1,GBM_3_AutoML_11_20260420_194431,target_lag6,0.1587531091831624
0,2,0.1,GBM_3_AutoML_11_20260420_194431,cov_HULL_lag1,0.2568880071491003
0,2,0.1,GBM_3_AutoML_11_20260420_194431,cov_MUFL_lag1,3.161612126987893
0,2,0.1,GBM_3_AutoML_11_20260420_194431,cov_MULL_lag1,0.16974798477254807
0,2,0.1,GBM_3_AutoML_11_20260420_194431,cov_LUFL_lag1,0.09214693243149664
0,2,0.1,GBM_3_AutoML_11_20260420_194431,cov_LULL_lag1,0.0439014426292851
0,2,0.1,GBM_3_AutoML_11_20260420_194431,cov_OT_lag1,0.40030294336378575
0,2,0.1,GBM_3_AutoML_11_20260420_194431,hour_lag1,0.7951182918250561
0,2,0.1,GBM_3_AutoML_11_20260420_194431,day_of_week_lag1,0.10373387278523293
0,2,0.1,GBM_3_AutoML_11_20260420_194431,month_lag1,0.1343821852188557
0,2,0.1,GBM_3_AutoML_11_20260420_194431,month_sin,0.14730728719849137
0,2,0.1,GBM_3_AutoML_11_20260420_194431,month_cos,0.055462195859290624
0,2,0.1,GBM_grid_1_AutoML_11_20260420_194431_model_3,target_lag1,2.3363446539640425
0,2,0.1,GBM_grid_1_AutoML_11_20260420_194431_model_3,target_lag2,1.1236497395206242
0,2,0.1,GBM_grid_1_AutoML_11_20260420_194431_model_3,target_lag3,1.153154441686347
0,2,0.1,GBM_grid_1_AutoML_11_20260420_194431_model_3,target_lag4,0.4215327436476946
0,2,0.1,GBM_grid_1_AutoML_11_20260420_194431_model_3,target_lag5,0.41596628228202465
0,2,0.1,GBM_grid_1_AutoML_11_20260420_194431_model_3,target_lag6,0.291679806553293
0,2,0.1,GBM_grid_1_AutoML_11_20260420_194431_model_3,cov_HULL_lag1,0.411993996091187
0,2,0.1,GBM_grid_1_AutoML_11_20260420_194431_model_3,cov_MUFL_lag1,2.587933373115957
0,2,0.1,GBM_grid_1_AutoML_11_20260420_194431_model_3,cov_MULL_lag1,0.4153142684465274
0,2,0.1,GBM_grid_1_AutoML_11_20260420_194431_model_3,cov_LUFL_lag1,0.3463039180263877
0,2,0.1,GBM_grid_1_AutoML_11_20260420_194431_model_3,cov_LULL_lag1,0.040307806475320784
0,2,0.1,GBM_grid_1_AutoML_11_20260420_194431_model_3,cov_OT_lag1,0.3936385126598179
0,2,0.1,GBM_grid_1_AutoML_11_20260420_194431_model_3,hour_lag1,0.5584833120182157
0,2,0.1,GBM_grid_1_AutoML_11_20260420_194431_model_3,day_of_week_lag1,0.0926188679412007
0,2,0.1,GBM_grid_1_AutoML_11_20260420_194431_model_3,month_lag1,0.05428464279044416
0,2,0.1,GBM_grid_1_AutoML_11_20260420_194431_model_3,month_sin,0.1035882767278235
0,2,0.1,GBM_grid_1_AutoML_11_20260420_194431_model_3,month_cos,0.0918558554834453
0,2,0.1,GBM_2_AutoML_11_20260420_194431,target_lag1,2.292500307895243
0,2,0.1,GBM_2_AutoML_11_20260420_194431,target_lag2,0.8991802505403758
0,2,0.1,GBM_2_AutoML_11_20260420_194431,target_lag3,1.1552109577320515
0,2,0.1,GBM_2_AutoML_11_20260420_194431,target_lag4,0.15281982483342285
0,2,0.1,GBM_2_AutoML_11_20260420_194431,target_lag5,0.1570267855201382
0,2,0.1,GBM_2_AutoML_11_20260420_194431,target_lag6,0.16781337356660514
0,2,0.1,GBM_2_AutoML_11_20260420_194431,cov_HULL_lag1,0.4490655826823786
0,2,0.1,GBM_2_AutoML_11_20260420_194431,cov_MUFL_lag1,3.499064149260521
0,2,0.1,GBM_2_AutoML_11_20260420_194431,cov_MULL_lag1,0.1597359209414571
0,2,0.1,GBM_2_AutoML_11_20260420_194431,cov_LUFL_lag1,0.06080978525336828
0,2,0.1,GBM_2_AutoML_11_20260420_194431,cov_LULL_lag1,0.02427092444617297
0,2,0.1,GBM_2_AutoML_11_20260420_194431,cov_OT_lag1,0.4133324833214283
0,2,0.1,GBM_2_AutoML_11_20260420_194431,hour_lag1,0.8373340044985526
0,2,0.1,GBM_2_AutoML_11_20260420_194431,day_of_week_lag1,0.06806913767941293
0,2,0.1,GBM_2_AutoML_11_20260420_194431,month_lag1,0.1429757309425622
0,2,0.1,GBM_2_AutoML_11_20260420_194431,month_sin,0.29619962178636344
0,2,0.1,GBM_2_AutoML_11_20260420_194431,month_cos,0.04639532070024867
0,2,0.1,XGBoost_3_AutoML_11_20260420_194431,target_lag1,2.197116132378578
0,2,0.1,XGBoost_3_AutoML_11_20260420_194431,target_lag2,2.5921594819426534
0,2,0.1,XGBoost_3_AutoML_11_20260420_194431,target_lag3,0.25286046646535393
0,2,0.1,XGBoost_3_AutoML_11_20260420_194431,target_lag4,0.6237418541312217
0,2,0.1,XGBoost_3_AutoML_11_20260420_194431,target_lag5,0.22879918406717478
0,2,0.1,XGBoost_3_AutoML_11_20260420_194431,target_lag6,0.6238867554068566
0,2,0.1,XGBoost_3_AutoML_11_20260420_194431,cov_HULL_lag1,0.33806710214354097
0,2,0.1,XGBoost_3_AutoML_11_20260420_194431,cov_MUFL_lag1,2.4752472829818726
0,2,0.1,XGBoost_3_AutoML_11_20260420_194431,cov_MULL_lag1,0.4173861534520984
0,2,0.1,XGBoost_3_AutoML_11_20260420_194431,cov_LUFL_lag1,0.2675351781025529
0,2,0.1,XGBoost_3_AutoML_11_20260420_194431,cov_LULL_lag1,0.0068468112056143315
0,2,0.1,XGBoost_3_AutoML_11_20260420_194431,cov_OT_lag1,0.5441285939514637
0,2,0.1,XGBoost_3_AutoML_11_20260420_194431,hour_lag1,1.2483316847868264
0,2,0.1,XGBoost_3_AutoML_11_20260420_194431,day_of_week_lag1,0.17025449924985878
0,2,0.1,XGBoost_3_AutoML_11_20260420_194431,month_lag1,0.12936763185542074
0,2,0.1,XGBoost_3_AutoML_11_20260420_194431,month_sin,0.11857493640971367
0,2,0.1,XGBoost_3_AutoML_11_20260420_194431,month_cos,0.028102489742450373
0,2,0.2,XGBoost_grid_1_AutoML_11_20260420_194431_model_3,target_lag1,3.0362503753602503
0,2,0.2,XGBoost_grid_1_AutoML_11_20260420_194431_model_3,target_lag2,0.5308838314563036
0,2,0.2,XGBoost_grid_1_AutoML_11_20260420_194431_model_3,target_lag3,1.2144563477113843
0,2,0.2,XGBoost_grid_1_AutoML_11_20260420_194431_model_3,target_lag4,0.7469153922796249
0,2,0.2,XGBoost_grid_1_AutoML_11_20260420_194431_model_3,target_lag5,0.18091669433750213
0,2,0.2,XGBoost_grid_1_AutoML_11_20260420_194431_model_3,target_lag6,0.6421076946007088
0,2,0.2,XGBoost_grid_1_AutoML_11_20260420_194431_model_3,cov_HULL_lag1,0.39456998713314534
0,2,0.2,XGBoost_grid_1_AutoML_11_20260420_194431_model_3,cov_MUFL_lag1,2.763110702037811
0,2,0.2,XGBoost_grid_1_AutoML_11_20260420_194431_model_3,cov_MULL_lag1,0.40520216152071953
0,2,0.2,XGBoost_grid_1_AutoML_11_20260420_194431_model_3,cov_LUFL_lag1,0.15979289427399632
0,2,0.2,XGBoost_grid_1_AutoML_11_20260420_194431_model_3,cov_LULL_lag1,0.008844074653461553
0,2,0.2,XGBoost_grid_1_AutoML_11_20260420_194431_model_3,cov_OT_lag1,0.5624747475981713
0,2,0.2,XGBoost_grid_1_AutoML_11_20260420_194431_model_3,hour_lag1,1.0286010904703289
0,2,0.2,XGBoost_grid_1_AutoML_11_20260420_194431_model_3,day_of_week_lag1,0.016659543346613615
0,2,0.2,XGBoost_grid_1_AutoML_11_20260420_194431_model_3,month_lag1,0.1917033850774169
0,2,0.2,XGBoost_grid_1_AutoML_11_20260420_194431_model_3,month_sin,0.19067023072391748
0,2,0.2,XGBoost_grid_1_AutoML_11_20260420_194431_model_3,month_cos,0.11120440873084587
0,2,0.2,GBM_1_AutoML_11_20260420_194431,target_lag1,3.0706307172775267
0,2,0.2,GBM_1_AutoML_11_20260420_194431,target_lag2,0.9090529450029134
0,2,0.2,GBM_1_AutoML_11_20260420_194431,target_lag3,0.4609729808568954
0,2,0.2,GBM_1_AutoML_11_20260420_194431,target_lag4,0.2762387046497315
0,2,0.2,GBM_1_AutoML_11_20260420_194431,target_lag5,0.29710715724155307
0,2,0.2,GBM_1_AutoML_11_20260420_194431,target_lag6,0.2708082516491413
0,2,0.2,GBM_1_AutoML_11_20260420_194431,cov_HULL_lag1,0.39617095028515903
0,2,0.2,GBM_1_AutoML_11_20260420_194431,cov_MUFL_lag1,2.5656303215026854
0,2,0.2,GBM_1_AutoML_11_20260420_194431,cov_MULL_lag1,0.1270230395719409
0,2,0.2,GBM_1_AutoML_11_20260420_194431,cov_LUFL_lag1,0.048692144524538856
0,2,0.2,GBM_1_AutoML_11_20260420_194431,cov_LULL_lag1,0.03331646399572486
0,2,0.2,GBM_1_AutoML_11_20260420_194431,cov_OT_lag1,0.4738439772464335
0,2,0.2,GBM_1_AutoML_11_20260420_194431,hour_lag1,0.9567676950991154
0,2,0.2,GBM_1_AutoML_11_20260420_194431,day_of_week_lag1,0.05097862682538103
0,2,0.2,GBM_1_AutoML_11_20260420_194431,month_lag1,0.1742180401459336
0,2,0.2,GBM_1_AutoML_11_20260420_194431,month_sin,0.08128696836065498
0,2,0.2,GBM_1_AutoML_11_20260420_194431,month_cos,0.037122929987963245
0,2,0.2,XGBoost_grid_1_AutoML_11_20260420_194431_model_1,target_lag1,2.9622765612602233
0,2,0.2,XGBoost_grid_1_AutoML_11_20260420_194431_model_1,target_lag2,1.1404996755311732
0,2,0.2,XGBoost_grid_1_AutoML_11_20260420_194431_model_1,target_lag3,0.9055737550184131
0,2,0.2,XGBoost_grid_1_AutoML_11_20260420_194431_model_1,target_lag4,0.30172946027480063
0,2,0.2,XGBoost_grid_1_AutoML_11_20260420_194431_model_1,target_lag5,0.2455410160496831
0,2,0.2,XGBoost_grid_1_AutoML_11_20260420_194431_model_1,target_lag6,0.20016662277281283
0,2,0.2,XGBoost_grid_1_AutoML_11_20260420_194431_model_1,cov_HULL_lag1,0.5368779806420207
0,2,0.2,XGBoost_grid_1_AutoML_11_20260420_194431_model_1,cov_MUFL_lag1,2.0924877548217773
0,2,0.2,XGBoost_grid_1_AutoML_11_20260420_194431_model_1,cov_MULL_lag1,0.060245280209928705
0,2,0.2,XGBoost_grid_1_AutoML_11_20260420_194431_model_1,cov_LUFL_lag1,0.2714623247087002
0,2,0.2,XGBoost_grid_1_AutoML_11_20260420_194431_model_1,cov_LULL_lag1,0.017336195036768864
0,2,0.2,XGBoost_grid_1_AutoML_11_20260420_194431_model_1,cov_OT_lag1,0.3342568762600422
0,2,0.2,XGBoost_grid_1_AutoML_11_20260420_194431_model_1,hour_lag1,1.1783781695365905
0,2,0.2,XGBoost_grid_1_AutoML_11_20260420_194431_model_1,day_of_week_lag1,0.07079818558879193
0,2,0.2,XGBoost_grid_1_AutoML_11_20260420_194431_model_1,month_lag1,0.11976998940110203
0,2,0.2,XGBoost_grid_1_AutoML_11_20260420_194431_model_1,month_sin,0.33657963410019875
0,2,0.2,XGBoost_grid_1_AutoML_11_20260420_194431_model_1,month_cos,0.1280318126827478
0,2,0.2,XRT_1_AutoML_11_20260420_194431,target_lag1,1.7231720362976193
0,2,0.2,XRT_1_AutoML_11_20260420_194431,target_lag2,1.8791810386814176
0,2,0.2,XRT_1_AutoML_11_20260420_194431,target_lag3,0.4028317262302153
0,2,0.2,XRT_1_AutoML_11_20260420_194431,target_lag4,0.2671738007105887
0,2,0.2,XRT_1_AutoML_11_20260420_194431,target_lag5,0.3077480476349592
0,2,0.2,XRT_1_AutoML_11_20260420_194431,target_lag6,0.19470280641689897
0,2,0.2,XRT_1_AutoML_11_20260420_194431,cov_HULL_lag1,0.35914659218862655
0,2,0.2,XRT_1_AutoML_11_20260420_194431,cov_MUFL_lag1,7.547367391586303
0,2,0.2,XRT_1_AutoML_11_20260420_194431,cov_MULL_lag1,1.254025493338704
0,2,0.2,XRT_1_AutoML_11_20260420_194431,cov_LUFL_lag1,0.22108553174883128
0,2,0.2,XRT_1_AutoML_11_20260420_194431,cov_LULL_lag1,0.043071035437751516
0,2,0.2,XRT_1_AutoML_11_20260420_194431,cov_OT_lag1,0.813803767003119
0,2,0.2,XRT_1_AutoML_11_20260420_194431,hour_lag1,0.7066596992313862
0,2,0.2,XRT_1_AutoML_11_20260420_194431,day_of_week_lag1,0.3896406252263114
0,2,0.2,XRT_1_AutoML_11_20260420_194431,month_lag1,0.6864346734806895
0,2,0.2,XRT_1_AutoML_11_20260420_194431,month_sin,3.2239264793717304
0,2,0.2,XRT_1_AutoML_11_20260420_194431,month_cos,0.1258307517971843
0,2,0.2,GBM_grid_1_AutoML_11_20260420_194431_model_1,target_lag1,1.7518491441011428
0,2,0.2,GBM_grid_1_AutoML_11_20260420_194431_model_1,target_lag2,0.6778937965631485
0,2,0.2,GBM_grid_1_AutoML_11_20260420_194431_model_1,target_lag3,1.2126539604365825
0,2,0.2,GBM_grid_1_AutoML_11_20260420_194431_model_1,target_lag4,0.7330897331982851
0,2,0.2,GBM_grid_1_AutoML_11_20260420_194431_model_1,target_lag5,0.4443860828410834
0,2,0.2,GBM_grid_1_AutoML_11_20260420_194431_model_1,target_lag6,0.20783713845536111
0,2,0.2,GBM_grid_1_AutoML_11_20260420_194431_model_1,cov_HULL_lag1,0.8660044709476642
0,2,0.2,GBM_grid_1_AutoML_11_20260420_194431_model_1,cov_MUFL_lag1,2.605781873613596
0,2,0.2,GBM_grid_1_AutoML_11_20260420_194431_model_1,cov_MULL_lag1,0.4230484580851044
0,2,0.2,GBM_grid_1_AutoML_11_20260420_194431_model_1,cov_LUFL_lag1,0.11672173156519415
0,2,0.2,GBM_grid_1_AutoML_11_20260420_194431_model_1,cov_LULL_lag1,0.03568483020761045
0,2,0.2,GBM_grid_1_AutoML_11_20260420_194431_model_1,cov_OT_lag1,0.5559459264390171
0,2,0.2,GBM_grid_1_AutoML_11_20260420_194431_model_1,hour_lag1,0.6194211666518822
0,2,0.2,GBM_grid_1_AutoML_11_20260420_194431_model_1,day_of_week_lag1,0.05480029520236708
0,2,0.2,GBM_grid_1_AutoML_11_20260420_194431_model_1,month_lag1,0.09292861842084672
0,2,0.2,GBM_grid_1_AutoML_11_20260420_194431_model_1,month_sin,0.08061269381432791
0,2,0.2,GBM_grid_1_AutoML_11_20260420_194431_model_1,month_cos,0.10384277965407815
0,2,0.2,DRF_1_AutoML_11_20260420_194431,target_lag1,4.7267035852372645
0,2,0.2,DRF_1_AutoML_11_20260420_194431,target_lag2,1.5571636290848254
0,2,0.2,DRF_1_AutoML_11_20260420_194431,target_lag3,0.3864213054534048
0,2,0.2,DRF_1_AutoML_11_20260420_194431,target_lag4,0.29872735813260076
0,2,0.2,DRF_1_AutoML_11_20260420_194431,target_lag5,0.2791450123023242
0,2,0.2,DRF_1_AutoML_11_20260420_194431,target_lag6,0.13275068109272975
0,2,0.2,DRF_1_AutoML_11_20260420_194431,cov_HULL_lag1,0.5497774716769345
0,2,0.2,DRF_1_AutoML_11_20260420_194431,cov_MUFL_lag1,5.01728411257267
0,2,0.2,DRF_1_AutoML_11_20260420_194431,cov_MULL_lag1,1.0946552544832229
0,2,0.2,DRF_1_AutoML_11_20260420_194431,cov_LUFL_lag1,0.18328295476734638
0,2,0.2,DRF_1_AutoML_11_20260420_194431,cov_LULL_lag1,0.017769195603605063
0,2,0.2,DRF_1_AutoML_11_20260420_194431,cov_OT_lag1,0.666379356905818
0,2,0.2,DRF_1_AutoML_11_20260420_194431,hour_lag1,0.3968987081805244
0,2,0.2,DRF_1_AutoML_11_20260420_194431,day_of_week_lag1,0.04954484222340394
0,2,0.2,DRF_1_AutoML_11_20260420_194431,month_lag1,0.0900229537626728
0,2,0.2,DRF_1_AutoML_11_20260420_194431,month_sin,0.11151067122817036
0,2,0.2,DRF_1_AutoML_11_20260420_194431,month_cos,0.047612163270823606
0,2,0.2,XGBoost_grid_1_AutoML_11_20260420_194431_model_5,target_lag1,2.788822029829025
0,2,0.2,XGBoost_grid_1_AutoML_11_20260420_194431_model_5,target_lag2,1.0477194455266
0,2,0.2,XGBoost_grid_1_AutoML_11_20260420_194431_model_5,target_lag3,0.44239734176546336
0,2,0.2,XGBoost_grid_1_AutoML_11_20260420_194431_model_5,target_lag4,0.4209995012078434
0,2,0.2,XGBoost_grid_1_AutoML_11_20260420_194431_model_5,target_lag5,0.377597146127373
0,2,0.2,XGBoost_grid_1_AutoML_11_20260420_194431_model_5,target_lag6,0.20813230518251657
0,2,0.2,XGBoost_grid_1_AutoML_11_20260420_194431_model_5,cov_HULL_lag1,0.4204836640879512
0,2,0.2,XGBoost_grid_1_AutoML_11_20260420_194431_model_5,cov_MUFL_lag1,3.3090003371238708
0,2,0.2,XGBoost_grid_1_AutoML_11_20260420_194431_model_5,cov_MULL_lag1,0.3172430620715022
0,2,0.2,XGBoost_grid_1_AutoML_11_20260420_194431_model_5,cov_LUFL_lag1,0.20515023350715636
0,2,0.2,XGBoost_grid_1_AutoML_11_20260420_194431_model_5,cov_LULL_lag1,0.0013803251273930067
0,2,0.2,XGBoost_grid_1_AutoML_11_20260420_194431_model_5,cov_OT_lag1,0.4480848576501012
0,2,0.2,XGBoost_grid_1_AutoML_11_20260420_194431_model_5,hour_lag1,1.1497252647578717
0,2,0.2,XGBoost_grid_1_AutoML_11_20260420_194431_model_5,day_of_week_lag1,0.03238978919573124
0,2,0.2,XGBoost_grid_1_AutoML_11_20260420_194431_model_5,month_lag1,0.14236605010926717
0,2,0.2,XGBoost_grid_1_AutoML_11_20260420_194431_model_5,month_sin,0.06592148010618981
0,2,0.2,XGBoost_grid_1_AutoML_11_20260420_194431_model_5,month_cos,0.20607519315555692
0,2,0.2,GBM_grid_1_AutoML_11_20260420_194431_model_2,target_lag1,3.388383354768157
0,2,0.2,GBM_grid_1_AutoML_11_20260420_194431_model_2,target_lag2,0.5599219781532884
0,2,0.2,GBM_grid_1_AutoML_11_20260420_194431_model_2,target_lag3,1.1167437796480955
0,2,0.2,GBM_grid_1_AutoML_11_20260420_194431_model_2,target_lag4,0.2087501551304012
0,2,0.2,GBM_grid_1_AutoML_11_20260420_194431_model_2,target_lag5,0.1858721643546596
0,2,0.2,GBM_grid_1_AutoML_11_20260420_194431_model_2,target_lag6,0.1706568623241037
0,2,0.2,GBM_grid_1_AutoML_11_20260420_194431_model_2,cov_HULL_lag1,0.29685636854264885
0,2,0.2,GBM_grid_1_AutoML_11_20260420_194431_model_2,cov_MUFL_lag1,2.3381232047080993
0,2,0.2,GBM_grid_1_AutoML_11_20260420_194431_model_2,cov_MULL_lag1,0.18274742053356022
0,2,0.2,GBM_grid_1_AutoML_11_20260420_194431_model_2,cov_LUFL_lag1,0.28432072076946496
0,2,0.2,GBM_grid_1_AutoML_11_20260420_194431_model_2,cov_LULL_lag1,0.01645121403969819
0,2,0.2,GBM_grid_1_AutoML_11_20260420_194431_model_2,cov_OT_lag1,0.3752631216868758
0,2,0.2,GBM_grid_1_AutoML_11_20260420_194431_model_2,hour_lag1,0.5453771292604506
0,2,0.2,GBM_grid_1_AutoML_11_20260420_194431_model_2,day_of_week_lag1,0.06415971459588032
0,2,0.2,GBM_grid_1_AutoML_11_20260420_194431_model_2,month_lag1,0.0866110246069729
0,2,0.2,GBM_grid_1_AutoML_11_20260420_194431_model_2,month_sin,0.11464806061587293
0,2,0.2,GBM_grid_1_AutoML_11_20260420_194431_model_2,month_cos,0.11746891460148615
0,2,0.2,GBM_4_AutoML_11_20260420_194431,target_lag1,3.200382881164551
0,2,0.2,GBM_4_AutoML_11_20260420_194431,target_lag2,0.5827024155855178
0,2,0.2,GBM_4_AutoML_11_20260420_194431,target_lag3,0.3380461121350527
0,2,0.2,GBM_4_AutoML_11_20260420_194431,target_lag4,0.24287977148313075
0,2,0.2,GBM_4_AutoML_11_20260420_194431,target_lag5,0.17319875152781605
0,2,0.2,GBM_4_AutoML_11_20260420_194431,target_lag6,0.2074790266083437
0,2,0.2,GBM_4_AutoML_11_20260420_194431,cov_HULL_lag1,0.3709060814371333
0,2,0.2,GBM_4_AutoML_11_20260420_194431,cov_MUFL_lag1,3.473786998316646
0,2,0.2,GBM_4_AutoML_11_20260420_194431,cov_MULL_lag1,0.17140481656882908
0,2,0.2,GBM_4_AutoML_11_20260420_194431,cov_LUFL_lag1,0.14298187716864047
0,2,0.2,GBM_4_AutoML_11_20260420_194431,cov_LULL_lag1,0.030655200262553955
0,2,0.2,GBM_4_AutoML_11_20260420_194431,cov_OT_lag1,0.3631615139171481
0,2,0.2,GBM_4_AutoML_11_20260420_194431,hour_lag1,0.7324569736490958
0,2,0.2,GBM_4_AutoML_11_20260420_194431,day_of_week_lag1,0.06922129080630836
0,2,0.2,GBM_4_AutoML_11_20260420_194431,month_lag1,0.11045548516325648
0,2,0.2,GBM_4_AutoML_11_20260420_194431,month_sin,0.07463282726239409
0,2,0.2,GBM_4_AutoML_11_20260420_194431,month_cos,0.07157135380897667
0,2,0.2,GBM_5_AutoML_11_20260420_194431,target_lag1,3.126603454351425
0,2,0.2,GBM_5_AutoML_11_20260420_194431,target_lag2,0.7099561970913782
0,2,0.2,GBM_5_AutoML_11_20260420_194431,target_lag3,0.6348025861382485
0,2,0.2,GBM_5_AutoML_11_20260420_194431,target_lag4,0.30392247177660464
0,2,0.2,GBM_5_AutoML_11_20260420_194431,target_lag5,0.2526855378970504
0,2,0.2,GBM_5_AutoML_11_20260420_194431,target_lag6,0.2012175201624632
0,2,0.2,GBM_5_AutoML_11_20260420_194431,cov_HULL_lag1,0.41276123192161324
0,2,0.2,GBM_5_AutoML_11_20260420_194431,cov_MUFL_lag1,3.422599910497665
0,2,0.2,GBM_5_AutoML_11_20260420_194431,cov_MULL_lag1,0.26449953854084013
0,2,0.2,GBM_5_AutoML_11_20260420_194431,cov_LUFL_lag1,0.06552063640556294
0,2,0.2,GBM_5_AutoML_11_20260420_194431,cov_LULL_lag1,0.01333154165535229
0,2,0.2,GBM_5_AutoML_11_20260420_194431,cov_OT_lag1,0.4239626251067966
0,2,0.2,GBM_5_AutoML_11_20260420_194431,hour_lag1,0.9314183814637363
0,2,0.2,GBM_5_AutoML_11_20260420_194431,day_of_week_lag1,0.04243764272425318
0,2,0.2,GBM_5_AutoML_11_20260420_194431,month_lag1,0.11925677695311603
0,2,0.2,GBM_5_AutoML_11_20260420_194431,month_sin,0.16596823959611354
0,2,0.2,GBM_5_AutoML_11_20260420_194431,month_cos,0.11712787665659558
0,2,0.2,GBM_3_AutoML_11_20260420_194431,target_lag1,4.020055994391441
0,2,0.2,GBM_3_AutoML_11_20260420_194431,target_lag2,0.276406057626009
0,2,0.2,GBM_3_AutoML_11_20260420_194431,target_lag3,0.45359666880220173
0,2,0.2,GBM_3_AutoML_11_20260420_194431,target_lag4,0.2637115798983723
0,2,0.2,GBM_3_AutoML_11_20260420_194431,target_lag5,0.23624762320541776
0,2,0.2,GBM_3_AutoML_11_20260420_194431,target_lag6,0.1587531091831624
0,2,0.2,GBM_3_AutoML_11_20260420_194431,cov_HULL_lag1,0.2568880071491003
0,2,0.2,GBM_3_AutoML_11_20260420_194431,cov_MUFL_lag1,3.161612126987893
0,2,0.2,GBM_3_AutoML_11_20260420_194431,cov_MULL_lag1,0.16974798477254807
0,2,0.2,GBM_3_AutoML_11_20260420_194431,cov_LUFL_lag1,0.09214693243149664
0,2,0.2,GBM_3_AutoML_11_20260420_194431,cov_LULL_lag1,0.0439014426292851
0,2,0.2,GBM_3_AutoML_11_20260420_194431,cov_OT_lag1,0.40030294336378575
0,2,0.2,GBM_3_AutoML_11_20260420_194431,hour_lag1,0.7951182918250561
0,2,0.2,GBM_3_AutoML_11_20260420_194431,day_of_week_lag1,0.10373387278523293
0,2,0.2,GBM_3_AutoML_11_20260420_194431,month_lag1,0.1343821852188557
0,2,0.2,GBM_3_AutoML_11_20260420_194431,month_sin,0.14730728719849137
0,2,0.2,GBM_3_AutoML_11_20260420_194431,month_cos,0.055462195859290624
0,2,0.2,GBM_grid_1_AutoML_11_20260420_194431_model_3,target_lag1,2.3363446539640425
0,2,0.2,GBM_grid_1_AutoML_11_20260420_194431_model_3,target_lag2,1.1236497395206242
0,2,0.2,GBM_grid_1_AutoML_11_20260420_194431_model_3,target_lag3,1.153154441686347
0,2,0.2,GBM_grid_1_AutoML_11_20260420_194431_model_3,target_lag4,0.4215327436476946
0,2,0.2,GBM_grid_1_AutoML_11_20260420_194431_model_3,target_lag5,0.41596628228202465
0,2,0.2,GBM_grid_1_AutoML_11_20260420_194431_model_3,target_lag6,0.291679806553293
0,2,0.2,GBM_grid_1_AutoML_11_20260420_194431_model_3,cov_HULL_lag1,0.411993996091187
0,2,0.2,GBM_grid_1_AutoML_11_20260420_194431_model_3,cov_MUFL_lag1,2.587933373115957
0,2,0.2,GBM_grid_1_AutoML_11_20260420_194431_model_3,cov_MULL_lag1,0.4153142684465274
0,2,0.2,GBM_grid_1_AutoML_11_20260420_194431_model_3,cov_LUFL_lag1,0.3463039180263877
0,2,0.2,GBM_grid_1_AutoML_11_20260420_194431_model_3,cov_LULL_lag1,0.040307806475320784
0,2,0.2,GBM_grid_1_AutoML_11_20260420_194431_model_3,cov_OT_lag1,0.3936385126598179
0,2,0.2,GBM_grid_1_AutoML_11_20260420_194431_model_3,hour_lag1,0.5584833120182157
0,2,0.2,GBM_grid_1_AutoML_11_20260420_194431_model_3,day_of_week_lag1,0.0926188679412007
0,2,0.2,GBM_grid_1_AutoML_11_20260420_194431_model_3,month_lag1,0.05428464279044416
0,2,0.2,GBM_grid_1_AutoML_11_20260420_194431_model_3,month_sin,0.1035882767278235
0,2,0.2,GBM_grid_1_AutoML_11_20260420_194431_model_3,month_cos,0.0918558554834453
0,2,0.2,GBM_2_AutoML_11_20260420_194431,target_lag1,2.292500307895243
0,2,0.2,GBM_2_AutoML_11_20260420_194431,target_lag2,0.8991802505403758
0,2,0.2,GBM_2_AutoML_11_20260420_194431,target_lag3,1.1552109577320515
0,2,0.2,GBM_2_AutoML_11_20260420_194431,target_lag4,0.15281982483342285
0,2,0.2,GBM_2_AutoML_11_20260420_194431,target_lag5,0.1570267855201382
0,2,0.2,GBM_2_AutoML_11_20260420_194431,target_lag6,0.16781337356660514
0,2,0.2,GBM_2_AutoML_11_20260420_194431,cov_HULL_lag1,0.4490655826823786
0,2,0.2,GBM_2_AutoML_11_20260420_194431,cov_MUFL_lag1,3.499064149260521
0,2,0.2,GBM_2_AutoML_11_20260420_194431,cov_MULL_lag1,0.1597359209414571
0,2,0.2,GBM_2_AutoML_11_20260420_194431,cov_LUFL_lag1,0.06080978525336828
0,2,0.2,GBM_2_AutoML_11_20260420_194431,cov_LULL_lag1,0.02427092444617297
0,2,0.2,GBM_2_AutoML_11_20260420_194431,cov_OT_lag1,0.4133324833214283
0,2,0.2,GBM_2_AutoML_11_20260420_194431,hour_lag1,0.8373340044985526
0,2,0.2,GBM_2_AutoML_11_20260420_194431,day_of_week_lag1,0.06806913767941293
0,2,0.2,GBM_2_AutoML_11_20260420_194431,month_lag1,0.1429757309425622
0,2,0.2,GBM_2_AutoML_11_20260420_194431,month_sin,0.29619962178636344
0,2,0.2,GBM_2_AutoML_11_20260420_194431,month_cos,0.04639532070024867
0,2,0.2,XGBoost_3_AutoML_11_20260420_194431,target_lag1,2.197116132378578
0,2,0.2,XGBoost_3_AutoML_11_20260420_194431,target_lag2,2.5921594819426534
0,2,0.2,XGBoost_3_AutoML_11_20260420_194431,target_lag3,0.25286046646535393
0,2,0.2,XGBoost_3_AutoML_11_20260420_194431,target_lag4,0.6237418541312217
0,2,0.2,XGBoost_3_AutoML_11_20260420_194431,target_lag5,0.22879918406717478
0,2,0.2,XGBoost_3_AutoML_11_20260420_194431,target_lag6,0.6238867554068566
0,2,0.2,XGBoost_3_AutoML_11_20260420_194431,cov_HULL_lag1,0.33806710214354097
0,2,0.2,XGBoost_3_AutoML_11_20260420_194431,cov_MUFL_lag1,2.4752472829818726
0,2,0.2,XGBoost_3_AutoML_11_20260420_194431,cov_MULL_lag1,0.4173861534520984
0,2,0.2,XGBoost_3_AutoML_11_20260420_194431,cov_LUFL_lag1,0.2675351781025529
0,2,0.2,XGBoost_3_AutoML_11_20260420_194431,cov_LULL_lag1,0.0068468112056143315
0,2,0.2,XGBoost_3_AutoML_11_20260420_194431,cov_OT_lag1,0.5441285939514637
0,2,0.2,XGBoost_3_AutoML_11_20260420_194431,hour_lag1,1.2483316847868264
0,2,0.2,XGBoost_3_AutoML_11_20260420_194431,day_of_week_lag1,0.17025449924985878
0,2,0.2,XGBoost_3_AutoML_11_20260420_194431,month_lag1,0.12936763185542074
0,2,0.2,XGBoost_3_AutoML_11_20260420_194431,month_sin,0.11857493640971367
0,2,0.2,XGBoost_3_AutoML_11_20260420_194431,month_cos,0.028102489742450373
0,2,0.2,XGBoost_grid_1_AutoML_11_20260420_194431_model_6,target_lag1,3.114341919720173
0,2,0.2,XGBoost_grid_1_AutoML_11_20260420_194431_model_6,target_lag2,1.8244847986102104
0,2,0.2,XGBoost_grid_1_AutoML_11_20260420_194431_model_6,target_lag3,0.5905017933249473
0,2,0.2,XGBoost_grid_1_AutoML_11_20260420_194431_model_6,target_lag4,0.4080222674459219
0,2,0.2,XGBoost_grid_1_AutoML_11_20260420_194431_model_6,target_lag5,0.37953936113975945
0,2,0.2,XGBoost_grid_1_AutoML_11_20260420_194431_model_6,target_lag6,0.2472147283423692
0,2,0.2,XGBoost_grid_1_AutoML_11_20260420_194431_model_6,cov_HULL_lag1,0.3749881328444462
0,2,0.2,XGBoost_grid_1_AutoML_11_20260420_194431_model_6,cov_MUFL_lag1,3.061918866634369
0,2,0.2,XGBoost_grid_1_AutoML_11_20260420_194431_model_6,cov_MULL_lag1,0.3953193723410368
0,2,0.2,XGBoost_grid_1_AutoML_11_20260420_194431_model_6,cov_LUFL_lag1,0.2611468298360705
0,2,0.2,XGBoost_grid_1_AutoML_11_20260420_194431_model_6,cov_LULL_lag1,0.04408430752635464
0,2,0.2,XGBoost_grid_1_AutoML_11_20260420_194431_model_6,cov_OT_lag1,0.6280994509067387
0,2,0.2,XGBoost_grid_1_AutoML_11_20260420_194431_model_6,hour_lag1,0.9614889889024198
0,2,0.2,XGBoost_grid_1_AutoML_11_20260420_194431_model_6,day_of_week_lag1,0.11522133087506514
0,2,0.2,XGBoost_grid_1_AutoML_11_20260420_194431_model_6,month_lag1,0.1914694053074345
0,2,0.2,XGBoost_grid_1_AutoML_11_20260420_194431_model_6,month_sin,0.1041194978449493
0,2,0.2,XGBoost_grid_1_AutoML_11_20260420_194431_model_6,month_cos,0.17483154612826182
0,2,0.2,XGBoost_grid_1_AutoML_11_20260420_194431_model_2,target_lag1,3.7566226160526277
0,2,0.2,XGBoost_grid_1_AutoML_11_20260420_194431_model_2,target_lag2,0.49387775003910067
0,2,0.2,XGBoost_grid_1_AutoML_11_20260420_194431_model_2,target_lag3,0.2867202366888523
0,2,0.2,XGBoost_grid_1_AutoML_11_20260420_194431_model_2,target_lag4,0.28151978410431183
0,2,0.2,XGBoost_grid_1_AutoML_11_20260420_194431_model_2,target_lag5,0.20669851273298265
0,2,0.2,XGBoost_grid_1_AutoML_11_20260420_194431_model_2,target_lag6,0.4139528396166861
0,2,0.2,XGBoost_grid_1_AutoML_11_20260420_194431_model_2,cov_HULL_lag1,0.5061969436518848
0,2,0.2,XGBoost_grid_1_AutoML_11_20260420_194431_model_2,cov_MUFL_lag1,3.6694878466427325
0,2,0.2,XGBoost_grid_1_AutoML_11_20260420_194431_model_2,cov_MULL_lag1,0.20827868894673884
0,2,0.2,XGBoost_grid_1_AutoML_11_20260420_194431_model_2,cov_LUFL_lag1,0.13814578417222945
0,2,0.2,XGBoost_grid_1_AutoML_11_20260420_194431_model_2,cov_LULL_lag1,0.026372103001922324
0,2,0.2,XGBoost_grid_1_AutoML_11_20260420_194431_model_2,cov_OT_lag1,0.6756056369841099
0,2,0.2,XGBoost_grid_1_AutoML_11_20260420_194431_model_2,hour_lag1,0.8305441764043644
0,2,0.2,XGBoost_grid_1_AutoML_11_20260420_194431_model_2,day_of_week_lag1,0.10308412590529765
0,2,0.2,XGBoost_grid_1_AutoML_11_20260420_194431_model_2,month_lag1,0.15813847711309784
0,2,0.2,XGBoost_grid_1_AutoML_11_20260420_194431_model_2,month_sin,0.14152322901412842
0,2,0.2,XGBoost_grid_1_AutoML_11_20260420_194431_model_2,month_cos,0.09397640157490965
0,2,0.2,XGBoost_1_AutoML_11_20260420_194431,target_lag1,2.2194608315080404
0,2,0.2,XGBoost_1_AutoML_11_20260420_194431,target_lag2,0.8653680393844843
0,2,0.2,XGBoost_1_AutoML_11_20260420_194431,target_lag3,0.5429222548753023
0,2,0.2,XGBoost_1_AutoML_11_20260420_194431,target_lag4,0.4838830048963427
0,2,0.2,XGBoost_1_AutoML_11_20260420_194431,target_lag5,0.3087736114533618
0,2,0.2,XGBoost_1_AutoML_11_20260420_194431,target_lag6,0.4933533845283091
0,2,0.2,XGBoost_1_AutoML_11_20260420_194431,cov_HULL_lag1,0.6485277633089572
0,2,0.2,XGBoost_1_AutoML_11_20260420_194431,cov_MUFL_lag1,3.6489070987701417
0,2,0.2,XGBoost_1_AutoML_11_20260420_194431,cov_MULL_lag1,0.34968532469123603
0,2,0.2,XGBoost_1_AutoML_11_20260420_194431,cov_LUFL_lag1,0.15053541732835582
0,2,0.2,XGBoost_1_AutoML_11_20260420_194431,cov_LULL_lag1,0.06663063792744646
0,2,0.2,XGBoost_1_AutoML_11_20260420_194431,cov_OT_lag1,0.6592994724214077
0,2,0.2,XGBoost_1_AutoML_11_20260420_194431,hour_lag1,1.1268580870330334
0,2,0.2,XGBoost_1_AutoML_11_20260420_194431,day_of_week_lag1,0.1616399398166686
0,2,0.2,XGBoost_1_AutoML_11_20260420_194431,month_lag1,0.19764249970205125
0,2,0.2,XGBoost_1_AutoML_11_20260420_194431,month_sin,0.12678572556236756
0,2,0.2,XGBoost_1_AutoML_11_20260420_194431,month_cos,0.10474051416502331
0,2,0.2,XGBoost_grid_1_AutoML_11_20260420_194431_model_4,target_lag1,1.3574192832037806
0,2,0.2,XGBoost_grid_1_AutoML_11_20260420_194431_model_4,target_lag2,0.8882135954499245
0,2,0.2,XGBoost_grid_1_AutoML_11_20260420_194431_model_4,target_lag3,0.6994713535904884
0,2,0.2,XGBoost_grid_1_AutoML_11_20260420_194431_model_4,target_lag4,0.3298667221702635
0,2,0.2,XGBoost_grid_1_AutoML_11_20260420_194431_model_4,target_lag5,0.36921327793737874
0,2,0.2,XGBoost_grid_1_AutoML_11_20260420_194431_model_4,target_lag6,0.3405904385074973
0,2,0.2,XGBoost_grid_1_AutoML_11_20260420_194431_model_4,cov_HULL_lag1,0.46308326398488137
0,2,0.2,XGBoost_grid_1_AutoML_11_20260420_194431_model_4,cov_MUFL_lag1,4.583771989345551
0,2,0.2,XGBoost_grid_1_AutoML_11_20260420_194431_model_4,cov_MULL_lag1,0.24419952385127544
0,2,0.2,XGBoost_grid_1_AutoML_11_20260420_194431_model_4,cov_LUFL_lag1,0.14537421988323326
0,2,0.2,XGBoost_grid_1_AutoML_11_20260420_194431_model_4,cov_LULL_lag1,0.04382584719394795
0,2,0.2,XGBoost_grid_1_AutoML_11_20260420_194431_model_4,cov_OT_lag1,0.6187659947574139
0,2,0.2,XGBoost_grid_1_AutoML_11_20260420_194431_model_4,hour_lag1,1.0139395831897855
0,2,0.2,XGBoost_grid_1_AutoML_11_20260420_194431_model_4,day_of_week_lag1,0.1029419991112081
0,2,0.2,XGBoost_grid_1_AutoML_11_20260420_194431_model_4,month_lag1,0.16999106314964588
0,2,0.2,XGBoost_grid_1_AutoML_11_20260420_194431_model_4,month_sin,0.12892288194503632
0,2,0.2,XGBoost_grid_1_AutoML_11_20260420_194431_model_4,month_cos,0.09494071988388893
0,2,0.2,XGBoost_2_AutoML_11_20260420_194431,target_lag1,1.6285400607809424
0,2,0.2,XGBoost_2_AutoML_11_20260420_194431,target_lag2,1.2491981446743012
0,2,0.2,XGBoost_2_AutoML_11_20260420_194431,target_lag3,0.3189257011888549
0,2,0.2,XGBoost_2_AutoML_11_20260420_194431,target_lag4,0.49524993769358844
0,2,0.2,XGBoost_2_AutoML_11_20260420_194431,target_lag5,0.40297134056687356
0,2,0.2,XGBoost_2_AutoML_11_20260420_194431,target_lag6,0.264671740566846
0,2,0.2,XGBoost_2_AutoML_11_20260420_194431,cov_HULL_lag1,0.7020215201145038
0,2,0.2,XGBoost_2_AutoML_11_20260420_194431,cov_MUFL_lag1,4.47431211527437
0,2,0.2,XGBoost_2_AutoML_11_20260420_194431,cov_MULL_lag1,0.4437258552387357
0,2,0.2,XGBoost_2_AutoML_11_20260420_194431,cov_LUFL_lag1,0.30181909574894233
0,2,0.2,XGBoost_2_AutoML_11_20260420_194431,cov_LULL_lag1,0.07091808760596902
0,2,0.2,XGBoost_2_AutoML_11_20260420_194431,cov_OT_lag1,0.5228893974423409
0,2,0.2,XGBoost_2_AutoML_11_20260420_194431,hour_lag1,1.110739285047166
0,2,0.2,XGBoost_2_AutoML_11_20260420_194431,day_of_week_lag1,0.14334158458339513
0,2,0.2,XGBoost_2_AutoML_11_20260420_194431,month_lag1,0.2622796107083559
0,2,0.2,XGBoost_2_AutoML_11_20260420_194431,month_sin,0.2525710658542812
0,2,0.2,XGBoost_2_AutoML_11_20260420_194431,month_cos,0.08560416051681383
0,2,0.3,XGBoost_grid_1_AutoML_11_20260420_194431_model_3,target_lag1,3.0362503753602503
0,2,0.3,XGBoost_grid_1_AutoML_11_20260420_194431_model_3,target_lag2,0.5308838314563036
0,2,0.3,XGBoost_grid_1_AutoML_11_20260420_194431_model_3,target_lag3,1.2144563477113843
0,2,0.3,XGBoost_grid_1_AutoML_11_20260420_194431_model_3,target_lag4,0.7469153922796249
0,2,0.3,XGBoost_grid_1_AutoML_11_20260420_194431_model_3,target_lag5,0.18091669433750213
0,2,0.3,XGBoost_grid_1_AutoML_11_20260420_194431_model_3,target_lag6,0.6421076946007088
0,2,0.3,XGBoost_grid_1_AutoML_11_20260420_194431_model_3,cov_HULL_lag1,0.39456998713314534
0,2,0.3,XGBoost_grid_1_AutoML_11_20260420_194431_model_3,cov_MUFL_lag1,2.763110702037811
0,2,0.3,XGBoost_grid_1_AutoML_11_20260420_194431_model_3,cov_MULL_lag1,0.40520216152071953
0,2,0.3,XGBoost_grid_1_AutoML_11_20260420_194431_model_3,cov_LUFL_lag1,0.15979289427399632
0,2,0.3,XGBoost_grid_1_AutoML_11_20260420_194431_model_3,cov_LULL_lag1,0.008844074653461553
0,2,0.3,XGBoost_grid_1_AutoML_11_20260420_194431_model_3,cov_OT_lag1,0.5624747475981713
0,2,0.3,XGBoost_grid_1_AutoML_11_20260420_194431_model_3,hour_lag1,1.0286010904703289
0,2,0.3,XGBoost_grid_1_AutoML_11_20260420_194431_model_3,day_of_week_lag1,0.016659543346613615
0,2,0.3,XGBoost_grid_1_AutoML_11_20260420_194431_model_3,month_lag1,0.1917033850774169
0,2,0.3,XGBoost_grid_1_AutoML_11_20260420_194431_model_3,month_sin,0.19067023072391748
0,2,0.3,XGBoost_grid_1_AutoML_11_20260420_194431_model_3,month_cos,0.11120440873084587
0,2,0.3,GBM_1_AutoML_11_20260420_194431,target_lag1,3.0706307172775267
0,2,0.3,GBM_1_AutoML_11_20260420_194431,target_lag2,0.9090529450029134
0,2,0.3,GBM_1_AutoML_11_20260420_194431,target_lag3,0.4609729808568954
0,2,0.3,GBM_1_AutoML_11_20260420_194431,target_lag4,0.2762387046497315
0,2,0.3,GBM_1_AutoML_11_20260420_194431,target_lag5,0.29710715724155307
0,2,0.3,GBM_1_AutoML_11_20260420_194431,target_lag6,0.2708082516491413
0,2,0.3,GBM_1_AutoML_11_20260420_194431,cov_HULL_lag1,0.39617095028515903
0,2,0.3,GBM_1_AutoML_11_20260420_194431,cov_MUFL_lag1,2.5656303215026854
0,2,0.3,GBM_1_AutoML_11_20260420_194431,cov_MULL_lag1,0.1270230395719409
0,2,0.3,GBM_1_AutoML_11_20260420_194431,cov_LUFL_lag1,0.048692144524538856
0,2,0.3,GBM_1_AutoML_11_20260420_194431,cov_LULL_lag1,0.03331646399572486
0,2,0.3,GBM_1_AutoML_11_20260420_194431,cov_OT_lag1,0.4738439772464335
0,2,0.3,GBM_1_AutoML_11_20260420_194431,hour_lag1,0.9567676950991154
0,2,0.3,GBM_1_AutoML_11_20260420_194431,day_of_week_lag1,0.05097862682538103
0,2,0.3,GBM_1_AutoML_11_20260420_194431,month_lag1,0.1742180401459336
0,2,0.3,GBM_1_AutoML_11_20260420_194431,month_sin,0.08128696836065498
0,2,0.3,GBM_1_AutoML_11_20260420_194431,month_cos,0.037122929987963245
0,2,0.3,XGBoost_grid_1_AutoML_11_20260420_194431_model_1,target_lag1,2.9622765612602233
0,2,0.3,XGBoost_grid_1_AutoML_11_20260420_194431_model_1,target_lag2,1.1404996755311732
0,2,0.3,XGBoost_grid_1_AutoML_11_20260420_194431_model_1,target_lag3,0.9055737550184131
0,2,0.3,XGBoost_grid_1_AutoML_11_20260420_194431_model_1,target_lag4,0.30172946027480063
0,2,0.3,XGBoost_grid_1_AutoML_11_20260420_194431_model_1,target_lag5,0.2455410160496831
0,2,0.3,XGBoost_grid_1_AutoML_11_20260420_194431_model_1,target_lag6,0.20016662277281283
0,2,0.3,XGBoost_grid_1_AutoML_11_20260420_194431_model_1,cov_HULL_lag1,0.5368779806420207
0,2,0.3,XGBoost_grid_1_AutoML_11_20260420_194431_model_1,cov_MUFL_lag1,2.0924877548217773
0,2,0.3,XGBoost_grid_1_AutoML_11_20260420_194431_model_1,cov_MULL_lag1,0.060245280209928705
0,2,0.3,XGBoost_grid_1_AutoML_11_20260420_194431_model_1,cov_LUFL_lag1,0.2714623247087002
0,2,0.3,XGBoost_grid_1_AutoML_11_20260420_194431_model_1,cov_LULL_lag1,0.017336195036768864
0,2,0.3,XGBoost_grid_1_AutoML_11_20260420_194431_model_1,cov_OT_lag1,0.3342568762600422
0,2,0.3,XGBoost_grid_1_AutoML_11_20260420_194431_model_1,hour_lag1,1.1783781695365905
0,2,0.3,XGBoost_grid_1_AutoML_11_20260420_194431_model_1,day_of_week_lag1,0.07079818558879193
0,2,0.3,XGBoost_grid_1_AutoML_11_20260420_194431_model_1,month_lag1,0.11976998940110203
0,2,0.3,XGBoost_grid_1_AutoML_11_20260420_194431_model_1,month_sin,0.33657963410019875
0,2,0.3,XGBoost_grid_1_AutoML_11_20260420_194431_model_1,month_cos,0.1280318126827478
0,2,0.3,XRT_1_AutoML_11_20260420_194431,target_lag1,1.7231720362976193
0,2,0.3,XRT_1_AutoML_11_20260420_194431,target_lag2,1.8791810386814176
0,2,0.3,XRT_1_AutoML_11_20260420_194431,target_lag3,0.4028317262302153
0,2,0.3,XRT_1_AutoML_11_20260420_194431,target_lag4,0.2671738007105887
0,2,0.3,XRT_1_AutoML_11_20260420_194431,target_lag5,0.3077480476349592
0,2,0.3,XRT_1_AutoML_11_20260420_194431,target_lag6,0.19470280641689897
0,2,0.3,XRT_1_AutoML_11_20260420_194431,cov_HULL_lag1,0.35914659218862655
0,2,0.3,XRT_1_AutoML_11_20260420_194431,cov_MUFL_lag1,7.547367391586303
0,2,0.3,XRT_1_AutoML_11_20260420_194431,cov_MULL_lag1,1.254025493338704
0,2,0.3,XRT_1_AutoML_11_20260420_194431,cov_LUFL_lag1,0.22108553174883128
0,2,0.3,XRT_1_AutoML_11_20260420_194431,cov_LULL_lag1,0.043071035437751516
0,2,0.3,XRT_1_AutoML_11_20260420_194431,cov_OT_lag1,0.813803767003119
0,2,0.3,XRT_1_AutoML_11_20260420_194431,hour_lag1,0.7066596992313862
0,2,0.3,XRT_1_AutoML_11_20260420_194431,day_of_week_lag1,0.3896406252263114
0,2,0.3,XRT_1_AutoML_11_20260420_194431,month_lag1,0.6864346734806895
0,2,0.3,XRT_1_AutoML_11_20260420_194431,month_sin,3.2239264793717304
0,2,0.3,XRT_1_AutoML_11_20260420_194431,month_cos,0.1258307517971843
0,2,0.3,GBM_grid_1_AutoML_11_20260420_194431_model_1,target_lag1,1.7518491441011428
0,2,0.3,GBM_grid_1_AutoML_11_20260420_194431_model_1,target_lag2,0.6778937965631485
0,2,0.3,GBM_grid_1_AutoML_11_20260420_194431_model_1,target_lag3,1.2126539604365825
0,2,0.3,GBM_grid_1_AutoML_11_20260420_194431_model_1,target_lag4,0.7330897331982851
0,2,0.3,GBM_grid_1_AutoML_11_20260420_194431_model_1,target_lag5,0.4443860828410834
0,2,0.3,GBM_grid_1_AutoML_11_20260420_194431_model_1,target_lag6,0.20783713845536111
0,2,0.3,GBM_grid_1_AutoML_11_20260420_194431_model_1,cov_HULL_lag1,0.8660044709476642
0,2,0.3,GBM_grid_1_AutoML_11_20260420_194431_model_1,cov_MUFL_lag1,2.605781873613596
0,2,0.3,GBM_grid_1_AutoML_11_20260420_194431_model_1,cov_MULL_lag1,0.4230484580851044
0,2,0.3,GBM_grid_1_AutoML_11_20260420_194431_model_1,cov_LUFL_lag1,0.11672173156519415
0,2,0.3,GBM_grid_1_AutoML_11_20260420_194431_model_1,cov_LULL_lag1,0.03568483020761045
0,2,0.3,GBM_grid_1_AutoML_11_20260420_194431_model_1,cov_OT_lag1,0.5559459264390171
0,2,0.3,GBM_grid_1_AutoML_11_20260420_194431_model_1,hour_lag1,0.6194211666518822
0,2,0.3,GBM_grid_1_AutoML_11_20260420_194431_model_1,day_of_week_lag1,0.05480029520236708
0,2,0.3,GBM_grid_1_AutoML_11_20260420_194431_model_1,month_lag1,0.09292861842084672
0,2,0.3,GBM_grid_1_AutoML_11_20260420_194431_model_1,month_sin,0.08061269381432791
0,2,0.3,GBM_grid_1_AutoML_11_20260420_194431_model_1,month_cos,0.10384277965407815
0,2,0.3,DRF_1_AutoML_11_20260420_194431,target_lag1,4.7267035852372645
0,2,0.3,DRF_1_AutoML_11_20260420_194431,target_lag2,1.5571636290848254
0,2,0.3,DRF_1_AutoML_11_20260420_194431,target_lag3,0.3864213054534048
0,2,0.3,DRF_1_AutoML_11_20260420_194431,target_lag4,0.29872735813260076
0,2,0.3,DRF_1_AutoML_11_20260420_194431,target_lag5,0.2791450123023242
0,2,0.3,DRF_1_AutoML_11_20260420_194431,target_lag6,0.13275068109272975
0,2,0.3,DRF_1_AutoML_11_20260420_194431,cov_HULL_lag1,0.5497774716769345
0,2,0.3,DRF_1_AutoML_11_20260420_194431,cov_MUFL_lag1,5.01728411257267
0,2,0.3,DRF_1_AutoML_11_20260420_194431,cov_MULL_lag1,1.0946552544832229
0,2,0.3,DRF_1_AutoML_11_20260420_194431,cov_LUFL_lag1,0.18328295476734638
0,2,0.3,DRF_1_AutoML_11_20260420_194431,cov_LULL_lag1,0.017769195603605063
0,2,0.3,DRF_1_AutoML_11_20260420_194431,cov_OT_lag1,0.666379356905818
0,2,0.3,DRF_1_AutoML_11_20260420_194431,hour_lag1,0.3968987081805244
0,2,0.3,DRF_1_AutoML_11_20260420_194431,day_of_week_lag1,0.04954484222340394
0,2,0.3,DRF_1_AutoML_11_20260420_194431,month_lag1,0.0900229537626728
0,2,0.3,DRF_1_AutoML_11_20260420_194431,month_sin,0.11151067122817036
0,2,0.3,DRF_1_AutoML_11_20260420_194431,month_cos,0.047612163270823606
0,2,0.3,XGBoost_grid_1_AutoML_11_20260420_194431_model_5,target_lag1,2.788822029829025
0,2,0.3,XGBoost_grid_1_AutoML_11_20260420_194431_model_5,target_lag2,1.0477194455266
0,2,0.3,XGBoost_grid_1_AutoML_11_20260420_194431_model_5,target_lag3,0.44239734176546336
0,2,0.3,XGBoost_grid_1_AutoML_11_20260420_194431_model_5,target_lag4,0.4209995012078434
0,2,0.3,XGBoost_grid_1_AutoML_11_20260420_194431_model_5,target_lag5,0.377597146127373
0,2,0.3,XGBoost_grid_1_AutoML_11_20260420_194431_model_5,target_lag6,0.20813230518251657
0,2,0.3,XGBoost_grid_1_AutoML_11_20260420_194431_model_5,cov_HULL_lag1,0.4204836640879512
0,2,0.3,XGBoost_grid_1_AutoML_11_20260420_194431_model_5,cov_MUFL_lag1,3.3090003371238708
0,2,0.3,XGBoost_grid_1_AutoML_11_20260420_194431_model_5,cov_MULL_lag1,0.3172430620715022
0,2,0.3,XGBoost_grid_1_AutoML_11_20260420_194431_model_5,cov_LUFL_lag1,0.20515023350715636
0,2,0.3,XGBoost_grid_1_AutoML_11_20260420_194431_model_5,cov_LULL_lag1,0.0013803251273930067
0,2,0.3,XGBoost_grid_1_AutoML_11_20260420_194431_model_5,cov_OT_lag1,0.4480848576501012
0,2,0.3,XGBoost_grid_1_AutoML_11_20260420_194431_model_5,hour_lag1,1.1497252647578717
0,2,0.3,XGBoost_grid_1_AutoML_11_20260420_194431_model_5,day_of_week_lag1,0.03238978919573124
0,2,0.3,XGBoost_grid_1_AutoML_11_20260420_194431_model_5,month_lag1,0.14236605010926717
0,2,0.3,XGBoost_grid_1_AutoML_11_20260420_194431_model_5,month_sin,0.06592148010618981
0,2,0.3,XGBoost_grid_1_AutoML_11_20260420_194431_model_5,month_cos,0.20607519315555692
0,2,0.3,GBM_grid_1_AutoML_11_20260420_194431_model_2,target_lag1,3.388383354768157
0,2,0.3,GBM_grid_1_AutoML_11_20260420_194431_model_2,target_lag2,0.5599219781532884
0,2,0.3,GBM_grid_1_AutoML_11_20260420_194431_model_2,target_lag3,1.1167437796480955
0,2,0.3,GBM_grid_1_AutoML_11_20260420_194431_model_2,target_lag4,0.2087501551304012
0,2,0.3,GBM_grid_1_AutoML_11_20260420_194431_model_2,target_lag5,0.1858721643546596
0,2,0.3,GBM_grid_1_AutoML_11_20260420_194431_model_2,target_lag6,0.1706568623241037
0,2,0.3,GBM_grid_1_AutoML_11_20260420_194431_model_2,cov_HULL_lag1,0.29685636854264885
0,2,0.3,GBM_grid_1_AutoML_11_20260420_194431_model_2,cov_MUFL_lag1,2.3381232047080993
0,2,0.3,GBM_grid_1_AutoML_11_20260420_194431_model_2,cov_MULL_lag1,0.18274742053356022
0,2,0.3,GBM_grid_1_AutoML_11_20260420_194431_model_2,cov_LUFL_lag1,0.28432072076946496
0,2,0.3,GBM_grid_1_AutoML_11_20260420_194431_model_2,cov_LULL_lag1,0.01645121403969819
0,2,0.3,GBM_grid_1_AutoML_11_20260420_194431_model_2,cov_OT_lag1,0.3752631216868758
0,2,0.3,GBM_grid_1_AutoML_11_20260420_194431_model_2,hour_lag1,0.5453771292604506
0,2,0.3,GBM_grid_1_AutoML_11_20260420_194431_model_2,day_of_week_lag1,0.06415971459588032
0,2,0.3,GBM_grid_1_AutoML_11_20260420_194431_model_2,month_lag1,0.0866110246069729
0,2,0.3,GBM_grid_1_AutoML_11_20260420_194431_model_2,month_sin,0.11464806061587293
0,2,0.3,GBM_grid_1_AutoML_11_20260420_194431_model_2,month_cos,0.11746891460148615
0,2,0.3,GBM_4_AutoML_11_20260420_194431,target_lag1,3.200382881164551
0,2,0.3,GBM_4_AutoML_11_20260420_194431,target_lag2,0.5827024155855178
0,2,0.3,GBM_4_AutoML_11_20260420_194431,target_lag3,0.3380461121350527
0,2,0.3,GBM_4_AutoML_11_20260420_194431,target_lag4,0.24287977148313075
0,2,0.3,GBM_4_AutoML_11_20260420_194431,target_lag5,0.17319875152781605
0,2,0.3,GBM_4_AutoML_11_20260420_194431,target_lag6,0.2074790266083437
0,2,0.3,GBM_4_AutoML_11_20260420_194431,cov_HULL_lag1,0.3709060814371333
0,2,0.3,GBM_4_AutoML_11_20260420_194431,cov_MUFL_lag1,3.473786998316646
0,2,0.3,GBM_4_AutoML_11_20260420_194431,cov_MULL_lag1,0.17140481656882908
0,2,0.3,GBM_4_AutoML_11_20260420_194431,cov_LUFL_lag1,0.14298187716864047
0,2,0.3,GBM_4_AutoML_11_20260420_194431,cov_LULL_lag1,0.030655200262553955
0,2,0.3,GBM_4_AutoML_11_20260420_194431,cov_OT_lag1,0.3631615139171481
0,2,0.3,GBM_4_AutoML_11_20260420_194431,hour_lag1,0.7324569736490958
0,2,0.3,GBM_4_AutoML_11_20260420_194431,day_of_week_lag1,0.06922129080630836
0,2,0.3,GBM_4_AutoML_11_20260420_194431,month_lag1,0.11045548516325648
0,2,0.3,GBM_4_AutoML_11_20260420_194431,month_sin,0.07463282726239409
0,2,0.3,GBM_4_AutoML_11_20260420_194431,month_cos,0.07157135380897667
0,2,0.3,GBM_5_AutoML_11_20260420_194431,target_lag1,3.126603454351425
0,2,0.3,GBM_5_AutoML_11_20260420_194431,target_lag2,0.7099561970913782
0,2,0.3,GBM_5_AutoML_11_20260420_194431,target_lag3,0.6348025861382485
0,2,0.3,GBM_5_AutoML_11_20260420_194431,target_lag4,0.30392247177660464
0,2,0.3,GBM_5_AutoML_11_20260420_194431,target_lag5,0.2526855378970504
0,2,0.3,GBM_5_AutoML_11_20260420_194431,target_lag6,0.2012175201624632
0,2,0.3,GBM_5_AutoML_11_20260420_194431,cov_HULL_lag1,0.41276123192161324
0,2,0.3,GBM_5_AutoML_11_20260420_194431,cov_MUFL_lag1,3.422599910497665
0,2,0.3,GBM_5_AutoML_11_20260420_194431,cov_MULL_lag1,0.26449953854084013
0,2,0.3,GBM_5_AutoML_11_20260420_194431,cov_LUFL_lag1,0.06552063640556294
0,2,0.3,GBM_5_AutoML_11_20260420_194431,cov_LULL_lag1,0.01333154165535229
0,2,0.3,GBM_5_AutoML_11_20260420_194431,cov_OT_lag1,0.4239626251067966
0,2,0.3,GBM_5_AutoML_11_20260420_194431,hour_lag1,0.9314183814637363
0,2,0.3,GBM_5_AutoML_11_20260420_194431,day_of_week_lag1,0.04243764272425318
0,2,0.3,GBM_5_AutoML_11_20260420_194431,month_lag1,0.11925677695311603
0,2,0.3,GBM_5_AutoML_11_20260420_194431,month_sin,0.16596823959611354
0,2,0.3,GBM_5_AutoML_11_20260420_194431,month_cos,0.11712787665659558
0,2,0.3,GBM_3_AutoML_11_20260420_194431,target_lag1,4.020055994391441
0,2,0.3,GBM_3_AutoML_11_20260420_194431,target_lag2,0.276406057626009
0,2,0.3,GBM_3_AutoML_11_20260420_194431,target_lag3,0.45359666880220173
0,2,0.3,GBM_3_AutoML_11_20260420_194431,target_lag4,0.2637115798983723
0,2,0.3,GBM_3_AutoML_11_20260420_194431,target_lag5,0.23624762320541776
0,2,0.3,GBM_3_AutoML_11_20260420_194431,target_lag6,0.1587531091831624
0,2,0.3,GBM_3_AutoML_11_20260420_194431,cov_HULL_lag1,0.2568880071491003
0,2,0.3,GBM_3_AutoML_11_20260420_194431,cov_MUFL_lag1,3.161612126987893
0,2,0.3,GBM_3_AutoML_11_20260420_194431,cov_MULL_lag1,0.16974798477254807
0,2,0.3,GBM_3_AutoML_11_20260420_194431,cov_LUFL_lag1,0.09214693243149664
0,2,0.3,GBM_3_AutoML_11_20260420_194431,cov_LULL_lag1,0.0439014426292851
0,2,0.3,GBM_3_AutoML_11_20260420_194431,cov_OT_lag1,0.40030294336378575
0,2,0.3,GBM_3_AutoML_11_20260420_194431,hour_lag1,0.7951182918250561
0,2,0.3,GBM_3_AutoML_11_20260420_194431,day_of_week_lag1,0.10373387278523293
0,2,0.3,GBM_3_AutoML_11_20260420_194431,month_lag1,0.1343821852188557
0,2,0.3,GBM_3_AutoML_11_20260420_194431,month_sin,0.14730728719849137
0,2,0.3,GBM_3_AutoML_11_20260420_194431,month_cos,0.055462195859290624
0,2,0.3,GBM_grid_1_AutoML_11_20260420_194431_model_3,target_lag1,2.3363446539640425
0,2,0.3,GBM_grid_1_AutoML_11_20260420_194431_model_3,target_lag2,1.1236497395206242
0,2,0.3,GBM_grid_1_AutoML_11_20260420_194431_model_3,target_lag3,1.153154441686347
0,2,0.3,GBM_grid_1_AutoML_11_20260420_194431_model_3,target_lag4,0.4215327436476946
0,2,0.3,GBM_grid_1_AutoML_11_20260420_194431_model_3,target_lag5,0.41596628228202465
0,2,0.3,GBM_grid_1_AutoML_11_20260420_194431_model_3,target_lag6,0.291679806553293
0,2,0.3,GBM_grid_1_AutoML_11_20260420_194431_model_3,cov_HULL_lag1,0.411993996091187
0,2,0.3,GBM_grid_1_AutoML_11_20260420_194431_model_3,cov_MUFL_lag1,2.587933373115957
0,2,0.3,GBM_grid_1_AutoML_11_20260420_194431_model_3,cov_MULL_lag1,0.4153142684465274
0,2,0.3,GBM_grid_1_AutoML_11_20260420_194431_model_3,cov_LUFL_lag1,0.3463039180263877
0,2,0.3,GBM_grid_1_AutoML_11_20260420_194431_model_3,cov_LULL_lag1,0.040307806475320784
0,2,0.3,GBM_grid_1_AutoML_11_20260420_194431_model_3,cov_OT_lag1,0.3936385126598179
0,2,0.3,GBM_grid_1_AutoML_11_20260420_194431_model_3,hour_lag1,0.5584833120182157
0,2,0.3,GBM_grid_1_AutoML_11_20260420_194431_model_3,day_of_week_lag1,0.0926188679412007
0,2,0.3,GBM_grid_1_AutoML_11_20260420_194431_model_3,month_lag1,0.05428464279044416
0,2,0.3,GBM_grid_1_AutoML_11_20260420_194431_model_3,month_sin,0.1035882767278235
0,2,0.3,GBM_grid_1_AutoML_11_20260420_194431_model_3,month_cos,0.0918558554834453
0,2,0.3,GBM_2_AutoML_11_20260420_194431,target_lag1,2.292500307895243
0,2,0.3,GBM_2_AutoML_11_20260420_194431,target_lag2,0.8991802505403758
0,2,0.3,GBM_2_AutoML_11_20260420_194431,target_lag3,1.1552109577320515
0,2,0.3,GBM_2_AutoML_11_20260420_194431,target_lag4,0.15281982483342285
0,2,0.3,GBM_2_AutoML_11_20260420_194431,target_lag5,0.1570267855201382
0,2,0.3,GBM_2_AutoML_11_20260420_194431,target_lag6,0.16781337356660514
0,2,0.3,GBM_2_AutoML_11_20260420_194431,cov_HULL_lag1,0.4490655826823786
0,2,0.3,GBM_2_AutoML_11_20260420_194431,cov_MUFL_lag1,3.499064149260521
0,2,0.3,GBM_2_AutoML_11_20260420_194431,cov_MULL_lag1,0.1597359209414571
0,2,0.3,GBM_2_AutoML_11_20260420_194431,cov_LUFL_lag1,0.06080978525336828
0,2,0.3,GBM_2_AutoML_11_20260420_194431,cov_LULL_lag1,0.02427092444617297
0,2,0.3,GBM_2_AutoML_11_20260420_194431,cov_OT_lag1,0.4133324833214283
0,2,0.3,GBM_2_AutoML_11_20260420_194431,hour_lag1,0.8373340044985526
0,2,0.3,GBM_2_AutoML_11_20260420_194431,day_of_week_lag1,0.06806913767941293
0,2,0.3,GBM_2_AutoML_11_20260420_194431,month_lag1,0.1429757309425622
0,2,0.3,GBM_2_AutoML_11_20260420_194431,month_sin,0.29619962178636344
0,2,0.3,GBM_2_AutoML_11_20260420_194431,month_cos,0.04639532070024867
0,2,0.3,XGBoost_3_AutoML_11_20260420_194431,target_lag1,2.197116132378578
0,2,0.3,XGBoost_3_AutoML_11_20260420_194431,target_lag2,2.5921594819426534
0,2,0.3,XGBoost_3_AutoML_11_20260420_194431,target_lag3,0.25286046646535393
0,2,0.3,XGBoost_3_AutoML_11_20260420_194431,target_lag4,0.6237418541312217
0,2,0.3,XGBoost_3_AutoML_11_20260420_194431,target_lag5,0.22879918406717478
0,2,0.3,XGBoost_3_AutoML_11_20260420_194431,target_lag6,0.6238867554068566
0,2,0.3,XGBoost_3_AutoML_11_20260420_194431,cov_HULL_lag1,0.33806710214354097
0,2,0.3,XGBoost_3_AutoML_11_20260420_194431,cov_MUFL_lag1,2.4752472829818726
0,2,0.3,XGBoost_3_AutoML_11_20260420_194431,cov_MULL_lag1,0.4173861534520984
0,2,0.3,XGBoost_3_AutoML_11_20260420_194431,cov_LUFL_lag1,0.2675351781025529
0,2,0.3,XGBoost_3_AutoML_11_20260420_194431,cov_LULL_lag1,0.0068468112056143315
0,2,0.3,XGBoost_3_AutoML_11_20260420_194431,cov_OT_lag1,0.5441285939514637
0,2,0.3,XGBoost_3_AutoML_11_20260420_194431,hour_lag1,1.2483316847868264
0,2,0.3,XGBoost_3_AutoML_11_20260420_194431,day_of_week_lag1,0.17025449924985878
0,2,0.3,XGBoost_3_AutoML_11_20260420_194431,month_lag1,0.12936763185542074
0,2,0.3,XGBoost_3_AutoML_11_20260420_194431,month_sin,0.11857493640971367
0,2,0.3,XGBoost_3_AutoML_11_20260420_194431,month_cos,0.028102489742450373
0,2,0.3,XGBoost_grid_1_AutoML_11_20260420_194431_model_6,target_lag1,3.114341919720173
0,2,0.3,XGBoost_grid_1_AutoML_11_20260420_194431_model_6,target_lag2,1.8244847986102104
0,2,0.3,XGBoost_grid_1_AutoML_11_20260420_194431_model_6,target_lag3,0.5905017933249473
0,2,0.3,XGBoost_grid_1_AutoML_11_20260420_194431_model_6,target_lag4,0.4080222674459219
0,2,0.3,XGBoost_grid_1_AutoML_11_20260420_194431_model_6,target_lag5,0.37953936113975945
0,2,0.3,XGBoost_grid_1_AutoML_11_20260420_194431_model_6,target_lag6,0.2472147283423692
0,2,0.3,XGBoost_grid_1_AutoML_11_20260420_194431_model_6,cov_HULL_lag1,0.3749881328444462
0,2,0.3,XGBoost_grid_1_AutoML_11_20260420_194431_model_6,cov_MUFL_lag1,3.061918866634369
0,2,0.3,XGBoost_grid_1_AutoML_11_20260420_194431_model_6,cov_MULL_lag1,0.3953193723410368
0,2,0.3,XGBoost_grid_1_AutoML_11_20260420_194431_model_6,cov_LUFL_lag1,0.2611468298360705
0,2,0.3,XGBoost_grid_1_AutoML_11_20260420_194431_model_6,cov_LULL_lag1,0.04408430752635464
0,2,0.3,XGBoost_grid_1_AutoML_11_20260420_194431_model_6,cov_OT_lag1,0.6280994509067387
0,2,0.3,XGBoost_grid_1_AutoML_11_20260420_194431_model_6,hour_lag1,0.9614889889024198
0,2,0.3,XGBoost_grid_1_AutoML_11_20260420_194431_model_6,day_of_week_lag1,0.11522133087506514
0,2,0.3,XGBoost_grid_1_AutoML_11_20260420_194431_model_6,month_lag1,0.1914694053074345
0,2,0.3,XGBoost_grid_1_AutoML_11_20260420_194431_model_6,month_sin,0.1041194978449493
0,2,0.3,XGBoost_grid_1_AutoML_11_20260420_194431_model_6,month_cos,0.17483154612826182
0,2,0.3,XGBoost_grid_1_AutoML_11_20260420_194431_model_2,target_lag1,3.7566226160526277
0,2,0.3,XGBoost_grid_1_AutoML_11_20260420_194431_model_2,target_lag2,0.49387775003910067
0,2,0.3,XGBoost_grid_1_AutoML_11_20260420_194431_model_2,target_lag3,0.2867202366888523
0,2,0.3,XGBoost_grid_1_AutoML_11_20260420_194431_model_2,target_lag4,0.28151978410431183
0,2,0.3,XGBoost_grid_1_AutoML_11_20260420_194431_model_2,target_lag5,0.20669851273298265
0,2,0.3,XGBoost_grid_1_AutoML_11_20260420_194431_model_2,target_lag6,0.4139528396166861
0,2,0.3,XGBoost_grid_1_AutoML_11_20260420_194431_model_2,cov_HULL_lag1,0.5061969436518848
0,2,0.3,XGBoost_grid_1_AutoML_11_20260420_194431_model_2,cov_MUFL_lag1,3.6694878466427325
0,2,0.3,XGBoost_grid_1_AutoML_11_20260420_194431_model_2,cov_MULL_lag1,0.20827868894673884
0,2,0.3,XGBoost_grid_1_AutoML_11_20260420_194431_model_2,cov_LUFL_lag1,0.13814578417222945
0,2,0.3,XGBoost_grid_1_AutoML_11_20260420_194431_model_2,cov_LULL_lag1,0.026372103001922324
0,2,0.3,XGBoost_grid_1_AutoML_11_20260420_194431_model_2,cov_OT_lag1,0.6756056369841099
0,2,0.3,XGBoost_grid_1_AutoML_11_20260420_194431_model_2,hour_lag1,0.8305441764043644
0,2,0.3,XGBoost_grid_1_AutoML_11_20260420_194431_model_2,day_of_week_lag1,0.10308412590529765
0,2,0.3,XGBoost_grid_1_AutoML_11_20260420_194431_model_2,month_lag1,0.15813847711309784
0,2,0.3,XGBoost_grid_1_AutoML_11_20260420_194431_model_2,month_sin,0.14152322901412842
0,2,0.3,XGBoost_grid_1_AutoML_11_20260420_194431_model_2,month_cos,0.09397640157490965
0,2,0.3,XGBoost_1_AutoML_11_20260420_194431,target_lag1,2.2194608315080404
0,2,0.3,XGBoost_1_AutoML_11_20260420_194431,target_lag2,0.8653680393844843
0,2,0.3,XGBoost_1_AutoML_11_20260420_194431,target_lag3,0.5429222548753023
0,2,0.3,XGBoost_1_AutoML_11_20260420_194431,target_lag4,0.4838830048963427
0,2,0.3,XGBoost_1_AutoML_11_20260420_194431,target_lag5,0.3087736114533618
0,2,0.3,XGBoost_1_AutoML_11_20260420_194431,target_lag6,0.4933533845283091
0,2,0.3,XGBoost_1_AutoML_11_20260420_194431,cov_HULL_lag1,0.6485277633089572
0,2,0.3,XGBoost_1_AutoML_11_20260420_194431,cov_MUFL_lag1,3.6489070987701417
0,2,0.3,XGBoost_1_AutoML_11_20260420_194431,cov_MULL_lag1,0.34968532469123603
0,2,0.3,XGBoost_1_AutoML_11_20260420_194431,cov_LUFL_lag1,0.15053541732835582
0,2,0.3,XGBoost_1_AutoML_11_20260420_194431,cov_LULL_lag1,0.06663063792744646
0,2,0.3,XGBoost_1_AutoML_11_20260420_194431,cov_OT_lag1,0.6592994724214077
0,2,0.3,XGBoost_1_AutoML_11_20260420_194431,hour_lag1,1.1268580870330334
0,2,0.3,XGBoost_1_AutoML_11_20260420_194431,day_of_week_lag1,0.1616399398166686
0,2,0.3,XGBoost_1_AutoML_11_20260420_194431,month_lag1,0.19764249970205125
0,2,0.3,XGBoost_1_AutoML_11_20260420_194431,month_sin,0.12678572556236756
0,2,0.3,XGBoost_1_AutoML_11_20260420_194431,month_cos,0.10474051416502331
0,2,0.3,XGBoost_grid_1_AutoML_11_20260420_194431_model_4,target_lag1,1.3574192832037806
0,2,0.3,XGBoost_grid_1_AutoML_11_20260420_194431_model_4,target_lag2,0.8882135954499245
0,2,0.3,XGBoost_grid_1_AutoML_11_20260420_194431_model_4,target_lag3,0.6994713535904884
0,2,0.3,XGBoost_grid_1_AutoML_11_20260420_194431_model_4,target_lag4,0.3298667221702635
0,2,0.3,XGBoost_grid_1_AutoML_11_20260420_194431_model_4,target_lag5,0.36921327793737874
0,2,0.3,XGBoost_grid_1_AutoML_11_20260420_194431_model_4,target_lag6,0.3405904385074973
0,2,0.3,XGBoost_grid_1_AutoML_11_20260420_194431_model_4,cov_HULL_lag1,0.46308326398488137
0,2,0.3,XGBoost_grid_1_AutoML_11_20260420_194431_model_4,cov_MUFL_lag1,4.583771989345551
0,2,0.3,XGBoost_grid_1_AutoML_11_20260420_194431_model_4,cov_MULL_lag1,0.24419952385127544
0,2,0.3,XGBoost_grid_1_AutoML_11_20260420_194431_model_4,cov_LUFL_lag1,0.14537421988323326
0,2,0.3,XGBoost_grid_1_AutoML_11_20260420_194431_model_4,cov_LULL_lag1,0.04382584719394795
0,2,0.3,XGBoost_grid_1_AutoML_11_20260420_194431_model_4,cov_OT_lag1,0.6187659947574139
0,2,0.3,XGBoost_grid_1_AutoML_11_20260420_194431_model_4,hour_lag1,1.0139395831897855
0,2,0.3,XGBoost_grid_1_AutoML_11_20260420_194431_model_4,day_of_week_lag1,0.1029419991112081
0,2,0.3,XGBoost_grid_1_AutoML_11_20260420_194431_model_4,month_lag1,0.16999106314964588
0,2,0.3,XGBoost_grid_1_AutoML_11_20260420_194431_model_4,month_sin,0.12892288194503632
0,2,0.3,XGBoost_grid_1_AutoML_11_20260420_194431_model_4,month_cos,0.09494071988388893
0,2,0.3,XGBoost_2_AutoML_11_20260420_194431,target_lag1,1.6285400607809424
0,2,0.3,XGBoost_2_AutoML_11_20260420_194431,target_lag2,1.2491981446743012
0,2,0.3,XGBoost_2_AutoML_11_20260420_194431,target_lag3,0.3189257011888549
0,2,0.3,XGBoost_2_AutoML_11_20260420_194431,target_lag4,0.49524993769358844
0,2,0.3,XGBoost_2_AutoML_11_20260420_194431,target_lag5,0.40297134056687356
0,2,0.3,XGBoost_2_AutoML_11_20260420_194431,target_lag6,0.264671740566846
0,2,0.3,XGBoost_2_AutoML_11_20260420_194431,cov_HULL_lag1,0.7020215201145038
0,2,0.3,XGBoost_2_AutoML_11_20260420_194431,cov_MUFL_lag1,4.47431211527437
0,2,0.3,XGBoost_2_AutoML_11_20260420_194431,cov_MULL_lag1,0.4437258552387357
0,2,0.3,XGBoost_2_AutoML_11_20260420_194431,cov_LUFL_lag1,0.30181909574894233
0,2,0.3,XGBoost_2_AutoML_11_20260420_194431,cov_LULL_lag1,0.07091808760596902
0,2,0.3,XGBoost_2_AutoML_11_20260420_194431,cov_OT_lag1,0.5228893974423409
0,2,0.3,XGBoost_2_AutoML_11_20260420_194431,hour_lag1,1.110739285047166
0,2,0.3,XGBoost_2_AutoML_11_20260420_194431,day_of_week_lag1,0.14334158458339513
0,2,0.3,XGBoost_2_AutoML_11_20260420_194431,month_lag1,0.2622796107083559
0,2,0.3,XGBoost_2_AutoML_11_20260420_194431,month_sin,0.2525710658542812
0,2,0.3,XGBoost_2_AutoML_11_20260420_194431,month_cos,0.08560416051681383
0,2,0.3,GLM_1_AutoML_11_20260420_194431,target_lag1,1.1674693003847565
0,2,0.3,GLM_1_AutoML_11_20260420_194431,target_lag2,0.9304579317143643
0,2,0.3,GLM_1_AutoML_11_20260420_194431,target_lag3,0.8482247646403855
0,2,0.3,GLM_1_AutoML_11_20260420_194431,target_lag4,0.6786484656428999
0,2,0.3,GLM_1_AutoML_11_20260420_194431,target_lag5,0.5548645931432726
0,2,0.3,GLM_1_AutoML_11_20260420_194431,target_lag6,0.4737780308448464
0,2,0.3,GLM_1_AutoML_11_20260420_194431,cov_HULL_lag1,0.6463719745108358
0,2,0.3,GLM_1_AutoML_11_20260420_194431,cov_MUFL_lag1,1.4933362263508463
0,2,0.3,GLM_1_AutoML_11_20260420_194431,cov_MULL_lag1,0.3413312294675847
0,2,0.3,GLM_1_AutoML_11_20260420_194431,cov_LUFL_lag1,1.7487125419339578
0,2,0.3,GLM_1_AutoML_11_20260420_194431,cov_LULL_lag1,0.6204758924841692
0,2,0.3,GLM_1_AutoML_11_20260420_194431,cov_OT_lag1,0.15689096484040788
0,2,0.3,GLM_1_AutoML_11_20260420_194431,hour_lag1,0.15288325047959497
0,2,0.3,GLM_1_AutoML_11_20260420_194431,day_of_week_lag1,0.036279475025678444
0,2,0.3,GLM_1_AutoML_11_20260420_194431,month_lag1,0.1186932060895071
0,2,0.3,GLM_1_AutoML_11_20260420_194431,month_sin,0.39373035138678814
0,2,0.3,GLM_1_AutoML_11_20260420_194431,month_cos,0.001004707407671054
0,2,0.3,GLM_1_AutoML_11_20260420_194431,year,0.0
1,2,0.02,XGBoost_grid_1_AutoML_14_20260420_195048_model_1,target_lag1,5.43978030204773
1,2,0.02,XGBoost_grid_1_AutoML_14_20260420_195048_model_1,target_lag2,2.0700834518671036
1,2,0.02,XGBoost_grid_1_AutoML_14_20260420_195048_model_1,target_lag3,1.7549988949298858
1,2,0.02,XGBoost_grid_1_AutoML_14_20260420_195048_model_1,target_lag4,0.9466166388988495
1,2,0.02,XGBoost_grid_1_AutoML_14_20260420_195048_model_1,target_lag5,0.3882270619715564
1,2,0.02,XGBoost_grid_1_AutoML_14_20260420_195048_model_1,target_lag6,0.16361127473413936
1,2,0.02,XGBoost_grid_1_AutoML_14_20260420_195048_model_1,cov_HULL_lag1,0.36627641059458255
1,2,0.02,XGBoost_grid_1_AutoML_14_20260420_195048_model_1,cov_MUFL_lag1,0.10883929739706215
1,2,0.02,XGBoost_grid_1_AutoML_14_20260420_195048_model_1,cov_MULL_lag1,3.0340039920806885
1,2,0.02,XGBoost_grid_1_AutoML_14_20260420_195048_model_1,cov_LUFL_lag1,0.05274177502840754
1,2,0.02,XGBoost_grid_1_AutoML_14_20260420_195048_model_1,cov_LULL_lag1,0.04837230101227753
1,2,0.02,XGBoost_grid_1_AutoML_14_20260420_195048_model_1,cov_OT_lag1,0.2712412939593196
1,2,0.02,XGBoost_grid_1_AutoML_14_20260420_195048_model_1,hour_lag1,1.2447933574253693
1,2,0.02,XGBoost_grid_1_AutoML_14_20260420_195048_model_1,day_of_week_lag1,0.044981870269402806
1,2,0.02,XGBoost_grid_1_AutoML_14_20260420_195048_model_1,month_lag1,0.11417090237140648
1,2,0.02,XGBoost_grid_1_AutoML_14_20260420_195048_model_1,month_sin,0.06321452738717195
1,2,0.02,XGBoost_grid_1_AutoML_14_20260420_195048_model_1,month_cos,0.1083246160112321
1,2,0.02,GLM_1_AutoML_14_20260420_195048,target_lag1,6.441742196234231
1,2,0.02,GLM_1_AutoML_14_20260420_195048,target_lag2,2.4490424509818682
1,2,0.02,GLM_1_AutoML_14_20260420_195048,target_lag3,1.2143256420840725
1,2,0.02,GLM_1_AutoML_14_20260420_195048,target_lag4,0.5056503557594165
1,2,0.02,GLM_1_AutoML_14_20260420_195048,target_lag5,0.2834563565726392
1,2,0.02,GLM_1_AutoML_14_20260420_195048,target_lag6,0.5187518315527843
1,2,0.02,GLM_1_AutoML_14_20260420_195048,cov_HULL_lag1,0.013936647003340241
1,2,0.02,GLM_1_AutoML_14_20260420_195048,cov_MUFL_lag1,0.09268696049071541
1,2,0.02,GLM_1_AutoML_14_20260420_195048,cov_MULL_lag1,0.14555276895153496
1,2,0.02,GLM_1_AutoML_14_20260420_195048,cov_LUFL_lag1,0.35980029516599105
1,2,0.02,GLM_1_AutoML_14_20260420_195048,cov_LULL_lag1,0.001686161708820961
1,2,0.02,GLM_1_AutoML_14_20260420_195048,cov_OT_lag1,0.4949770123998249
1,2,0.02,GLM_1_AutoML_14_20260420_195048,hour_lag1,0.3254517241827498
1,2,0.02,GLM_1_AutoML_14_20260420_195048,day_of_week_lag1,0.07805984868302412
1,2,0.02,GLM_1_AutoML_14_20260420_195048,month_lag1,0.017505986721703705
1,2,0.02,GLM_1_AutoML_14_20260420_195048,month_sin,0.3919026504308951
1,2,0.02,GLM_1_AutoML_14_20260420_195048,month_cos,0.29853106516384753
1,2,0.02,GLM_1_AutoML_14_20260420_195048,year,0.0
1,2,0.02,GBM_5_AutoML_14_20260420_195048,target_lag1,7.07398686170578
1,2,0.02,GBM_5_AutoML_14_20260420_195048,target_lag2,2.556762101650238
1,2,0.02,GBM_5_AutoML_14_20260420_195048,target_lag3,1.7003698903694748
1,2,0.02,GBM_5_AutoML_14_20260420_195048,target_lag4,1.7467061697412283
1,2,0.02,GBM_5_AutoML_14_20260420_195048,target_lag5,0.3046581403911114
1,2,0.02,GBM_5_AutoML_14_20260420_195048,target_lag6,0.15181745227426285
1,2,0.02,GBM_5_AutoML_14_20260420_195048,cov_HULL_lag1,1.3002900038287044
1,2,0.02,GBM_5_AutoML_14_20260420_195048,cov_MUFL_lag1,0.46396862220484764
1,2,0.02,GBM_5_AutoML_14_20260420_195048,cov_MULL_lag1,0.7648700211104006
1,2,0.02,GBM_5_AutoML_14_20260420_195048,cov_LUFL_lag1,0.28794066730886697
1,2,0.02,GBM_5_AutoML_14_20260420_195048,cov_LULL_lag1,0.023880166385788416
1,2,0.02,GBM_5_AutoML_14_20260420_195048,cov_OT_lag1,0.3487546243425459
1,2,0.02,GBM_5_AutoML_14_20260420_195048,hour_lag1,0.7940110523067415
1,2,0.02,GBM_5_AutoML_14_20260420_195048,day_of_week_lag1,0.10944172028684986
1,2,0.02,GBM_5_AutoML_14_20260420_195048,month_lag1,0.11417476182978131
1,2,0.02,GBM_5_AutoML_14_20260420_195048,month_sin,0.09586667682509865
1,2,0.02,GBM_5_AutoML_14_20260420_195048,month_cos,0.048822430929867516
1,2,0.05,XGBoost_grid_1_AutoML_14_20260420_195048_model_1,target_lag1,5.43978030204773
1,2,0.05,XGBoost_grid_1_AutoML_14_20260420_195048_model_1,target_lag2,2.0700834518671036
1,2,0.05,XGBoost_grid_1_AutoML_14_20260420_195048_model_1,target_lag3,1.7549988949298858
1,2,0.05,XGBoost_grid_1_AutoML_14_20260420_195048_model_1,target_lag4,0.9466166388988495
1,2,0.05,XGBoost_grid_1_AutoML_14_20260420_195048_model_1,target_lag5,0.3882270619715564
1,2,0.05,XGBoost_grid_1_AutoML_14_20260420_195048_model_1,target_lag6,0.16361127473413936
1,2,0.05,XGBoost_grid_1_AutoML_14_20260420_195048_model_1,cov_HULL_lag1,0.36627641059458255
1,2,0.05,XGBoost_grid_1_AutoML_14_20260420_195048_model_1,cov_MUFL_lag1,0.10883929739706215
1,2,0.05,XGBoost_grid_1_AutoML_14_20260420_195048_model_1,cov_MULL_lag1,3.0340039920806885
1,2,0.05,XGBoost_grid_1_AutoML_14_20260420_195048_model_1,cov_LUFL_lag1,0.05274177502840754
1,2,0.05,XGBoost_grid_1_AutoML_14_20260420_195048_model_1,cov_LULL_lag1,0.04837230101227753
1,2,0.05,XGBoost_grid_1_AutoML_14_20260420_195048_model_1,cov_OT_lag1,0.2712412939593196
1,2,0.05,XGBoost_grid_1_AutoML_14_20260420_195048_model_1,hour_lag1,1.2447933574253693
1,2,0.05,XGBoost_grid_1_AutoML_14_20260420_195048_model_1,day_of_week_lag1,0.044981870269402806
1,2,0.05,XGBoost_grid_1_AutoML_14_20260420_195048_model_1,month_lag1,0.11417090237140648
1,2,0.05,XGBoost_grid_1_AutoML_14_20260420_195048_model_1,month_sin,0.06321452738717195
1,2,0.05,XGBoost_grid_1_AutoML_14_20260420_195048_model_1,month_cos,0.1083246160112321
1,2,0.05,GLM_1_AutoML_14_20260420_195048,target_lag1,6.441742196234231
1,2,0.05,GLM_1_AutoML_14_20260420_195048,target_lag2,2.4490424509818682
1,2,0.05,GLM_1_AutoML_14_20260420_195048,target_lag3,1.2143256420840725
1,2,0.05,GLM_1_AutoML_14_20260420_195048,target_lag4,0.5056503557594165
1,2,0.05,GLM_1_AutoML_14_20260420_195048,target_lag5,0.2834563565726392
1,2,0.05,GLM_1_AutoML_14_20260420_195048,target_lag6,0.5187518315527843
1,2,0.05,GLM_1_AutoML_14_20260420_195048,cov_HULL_lag1,0.013936647003340241
1,2,0.05,GLM_1_AutoML_14_20260420_195048,cov_MUFL_lag1,0.09268696049071541
1,2,0.05,GLM_1_AutoML_14_20260420_195048,cov_MULL_lag1,0.14555276895153496
1,2,0.05,GLM_1_AutoML_14_20260420_195048,cov_LUFL_lag1,0.35980029516599105
1,2,0.05,GLM_1_AutoML_14_20260420_195048,cov_LULL_lag1,0.001686161708820961
1,2,0.05,GLM_1_AutoML_14_20260420_195048,cov_OT_lag1,0.4949770123998249
1,2,0.05,GLM_1_AutoML_14_20260420_195048,hour_lag1,0.3254517241827498
1,2,0.05,GLM_1_AutoML_14_20260420_195048,day_of_week_lag1,0.07805984868302412
1,2,0.05,GLM_1_AutoML_14_20260420_195048,month_lag1,0.017505986721703705
1,2,0.05,GLM_1_AutoML_14_20260420_195048,month_sin,0.3919026504308951
1,2,0.05,GLM_1_AutoML_14_20260420_195048,month_cos,0.29853106516384753
1,2,0.05,GLM_1_AutoML_14_20260420_195048,year,0.0
1,2,0.05,GBM_5_AutoML_14_20260420_195048,target_lag1,7.07398686170578
1,2,0.05,GBM_5_AutoML_14_20260420_195048,target_lag2,2.556762101650238
1,2,0.05,GBM_5_AutoML_14_20260420_195048,target_lag3,1.7003698903694748
1,2,0.05,GBM_5_AutoML_14_20260420_195048,target_lag4,1.7467061697412283
1,2,0.05,GBM_5_AutoML_14_20260420_195048,target_lag5,0.3046581403911114
1,2,0.05,GBM_5_AutoML_14_20260420_195048,target_lag6,0.15181745227426285
1,2,0.05,GBM_5_AutoML_14_20260420_195048,cov_HULL_lag1,1.3002900038287044
1,2,0.05,GBM_5_AutoML_14_20260420_195048,cov_MUFL_lag1,0.46396862220484764
1,2,0.05,GBM_5_AutoML_14_20260420_195048,cov_MULL_lag1,0.7648700211104006
1,2,0.05,GBM_5_AutoML_14_20260420_195048,cov_LUFL_lag1,0.28794066730886697
1,2,0.05,GBM_5_AutoML_14_20260420_195048,cov_LULL_lag1,0.023880166385788416
1,2,0.05,GBM_5_AutoML_14_20260420_195048,cov_OT_lag1,0.3487546243425459
1,2,0.05,GBM_5_AutoML_14_20260420_195048,hour_lag1,0.7940110523067415
1,2,0.05,GBM_5_AutoML_14_20260420_195048,day_of_week_lag1,0.10944172028684986
1,2,0.05,GBM_5_AutoML_14_20260420_195048,month_lag1,0.11417476182978131
1,2,0.05,GBM_5_AutoML_14_20260420_195048,month_sin,0.09586667682509865
1,2,0.05,GBM_5_AutoML_14_20260420_195048,month_cos,0.048822430929867516
1,2,0.05,XGBoost_grid_1_AutoML_14_20260420_195048_model_4,target_lag1,7.42691294670105
1,2,0.05,XGBoost_grid_1_AutoML_14_20260420_195048_model_4,target_lag2,2.1460654056072235
1,2,0.05,XGBoost_grid_1_AutoML_14_20260420_195048_model_4,target_lag3,0.4359576092660427
1,2,0.05,XGBoost_grid_1_AutoML_14_20260420_195048_model_4,target_lag4,0.7330511895834934
1,2,0.05,XGBoost_grid_1_AutoML_14_20260420_195048_model_4,target_lag5,0.5922056775167585
1,2,0.05,XGBoost_grid_1_AutoML_14_20260420_195048_model_4,target_lag6,0.12994070983724665
1,2,0.05,XGBoost_grid_1_AutoML_14_20260420_195048_model_4,cov_HULL_lag1,0.784301590025425
1,2,0.05,XGBoost_grid_1_AutoML_14_20260420_195048_model_4,cov_MUFL_lag1,0.15438477339223025
1,2,0.05,XGBoost_grid_1_AutoML_14_20260420_195048_model_4,cov_MULL_lag1,0.5707551296707243
1,2,0.05,XGBoost_grid_1_AutoML_14_20260420_195048_model_4,cov_LUFL_lag1,0.3552872823923826
1,2,0.05,XGBoost_grid_1_AutoML_14_20260420_195048_model_4,cov_LULL_lag1,0.05381476249545807
1,2,0.05,XGBoost_grid_1_AutoML_14_20260420_195048_model_4,cov_OT_lag1,0.32381772544234994
1,2,0.05,XGBoost_grid_1_AutoML_14_20260420_195048_model_4,hour_lag1,1.1065794574469328
1,2,0.05,XGBoost_grid_1_AutoML_14_20260420_195048_model_4,day_of_week_lag1,0.1370500965416431
1,2,0.05,XGBoost_grid_1_AutoML_14_20260420_195048_model_4,month_lag1,0.061696016167406886
1,2,0.05,XGBoost_grid_1_AutoML_14_20260420_195048_model_4,month_sin,0.19196388735901565
1,2,0.05,XGBoost_grid_1_AutoML_14_20260420_195048_model_4,month_cos,0.08374333257204848
1,2,0.1,XGBoost_grid_1_AutoML_14_20260420_195048_model_1,target_lag1,5.43978030204773
1,2,0.1,XGBoost_grid_1_AutoML_14_20260420_195048_model_1,target_lag2,2.0700834518671036
1,2,0.1,XGBoost_grid_1_AutoML_14_20260420_195048_model_1,target_lag3,1.7549988949298858
1,2,0.1,XGBoost_grid_1_AutoML_14_20260420_195048_model_1,target_lag4,0.9466166388988495
1,2,0.1,XGBoost_grid_1_AutoML_14_20260420_195048_model_1,target_lag5,0.3882270619715564
1,2,0.1,XGBoost_grid_1_AutoML_14_20260420_195048_model_1,target_lag6,0.16361127473413936
1,2,0.1,XGBoost_grid_1_AutoML_14_20260420_195048_model_1,cov_HULL_lag1,0.36627641059458255
1,2,0.1,XGBoost_grid_1_AutoML_14_20260420_195048_model_1,cov_MUFL_lag1,0.10883929739706215
1,2,0.1,XGBoost_grid_1_AutoML_14_20260420_195048_model_1,cov_MULL_lag1,3.0340039920806885
1,2,0.1,XGBoost_grid_1_AutoML_14_20260420_195048_model_1,cov_LUFL_lag1,0.05274177502840754
1,2,0.1,XGBoost_grid_1_AutoML_14_20260420_195048_model_1,cov_LULL_lag1,0.04837230101227753
1,2,0.1,XGBoost_grid_1_AutoML_14_20260420_195048_model_1,cov_OT_lag1,0.2712412939593196
1,2,0.1,XGBoost_grid_1_AutoML_14_20260420_195048_model_1,hour_lag1,1.2447933574253693
1,2,0.1,XGBoost_grid_1_AutoML_14_20260420_195048_model_1,day_of_week_lag1,0.044981870269402806
1,2,0.1,XGBoost_grid_1_AutoML_14_20260420_195048_model_1,month_lag1,0.11417090237140648
1,2,0.1,XGBoost_grid_1_AutoML_14_20260420_195048_model_1,month_sin,0.06321452738717195
1,2,0.1,XGBoost_grid_1_AutoML_14_20260420_195048_model_1,month_cos,0.1083246160112321
1,2,0.1,GLM_1_AutoML_14_20260420_195048,target_lag1,6.441742196234231
1,2,0.1,GLM_1_AutoML_14_20260420_195048,target_lag2,2.4490424509818682
1,2,0.1,GLM_1_AutoML_14_20260420_195048,target_lag3,1.2143256420840725
1,2,0.1,GLM_1_AutoML_14_20260420_195048,target_lag4,0.5056503557594165
1,2,0.1,GLM_1_AutoML_14_20260420_195048,target_lag5,0.2834563565726392
1,2,0.1,GLM_1_AutoML_14_20260420_195048,target_lag6,0.5187518315527843
1,2,0.1,GLM_1_AutoML_14_20260420_195048,cov_HULL_lag1,0.013936647003340241
1,2,0.1,GLM_1_AutoML_14_20260420_195048,cov_MUFL_lag1,0.09268696049071541
1,2,0.1,GLM_1_AutoML_14_20260420_195048,cov_MULL_lag1,0.14555276895153496
1,2,0.1,GLM_1_AutoML_14_20260420_195048,cov_LUFL_lag1,0.35980029516599105
1,2,0.1,GLM_1_AutoML_14_20260420_195048,cov_LULL_lag1,0.001686161708820961
1,2,0.1,GLM_1_AutoML_14_20260420_195048,cov_OT_lag1,0.4949770123998249
1,2,0.1,GLM_1_AutoML_14_20260420_195048,hour_lag1,0.3254517241827498
1,2,0.1,GLM_1_AutoML_14_20260420_195048,day_of_week_lag1,0.07805984868302412
1,2,0.1,GLM_1_AutoML_14_20260420_195048,month_lag1,0.017505986721703705
1,2,0.1,GLM_1_AutoML_14_20260420_195048,month_sin,0.3919026504308951
1,2,0.1,GLM_1_AutoML_14_20260420_195048,month_cos,0.29853106516384753
1,2,0.1,GLM_1_AutoML_14_20260420_195048,year,0.0
1,2,0.1,GBM_5_AutoML_14_20260420_195048,target_lag1,7.07398686170578
1,2,0.1,GBM_5_AutoML_14_20260420_195048,target_lag2,2.556762101650238
1,2,0.1,GBM_5_AutoML_14_20260420_195048,target_lag3,1.7003698903694748
1,2,0.1,GBM_5_AutoML_14_20260420_195048,target_lag4,1.7467061697412283
1,2,0.1,GBM_5_AutoML_14_20260420_195048,target_lag5,0.3046581403911114
1,2,0.1,GBM_5_AutoML_14_20260420_195048,target_lag6,0.15181745227426285
1,2,0.1,GBM_5_AutoML_14_20260420_195048,cov_HULL_lag1,1.3002900038287044
1,2,0.1,GBM_5_AutoML_14_20260420_195048,cov_MUFL_lag1,0.46396862220484764
1,2,0.1,GBM_5_AutoML_14_20260420_195048,cov_MULL_lag1,0.7648700211104006
1,2,0.1,GBM_5_AutoML_14_20260420_195048,cov_LUFL_lag1,0.28794066730886697
1,2,0.1,GBM_5_AutoML_14_20260420_195048,cov_LULL_lag1,0.023880166385788416
1,2,0.1,GBM_5_AutoML_14_20260420_195048,cov_OT_lag1,0.3487546243425459
1,2,0.1,GBM_5_AutoML_14_20260420_195048,hour_lag1,0.7940110523067415
1,2,0.1,GBM_5_AutoML_14_20260420_195048,day_of_week_lag1,0.10944172028684986
1,2,0.1,GBM_5_AutoML_14_20260420_195048,month_lag1,0.11417476182978131
1,2,0.1,GBM_5_AutoML_14_20260420_195048,month_sin,0.09586667682509865
1,2,0.1,GBM_5_AutoML_14_20260420_195048,month_cos,0.048822430929867516
1,2,0.1,XGBoost_grid_1_AutoML_14_20260420_195048_model_4,target_lag1,7.42691294670105
1,2,0.1,XGBoost_grid_1_AutoML_14_20260420_195048_model_4,target_lag2,2.1460654056072235
1,2,0.1,XGBoost_grid_1_AutoML_14_20260420_195048_model_4,target_lag3,0.4359576092660427
1,2,0.1,XGBoost_grid_1_AutoML_14_20260420_195048_model_4,target_lag4,0.7330511895834934
1,2,0.1,XGBoost_grid_1_AutoML_14_20260420_195048_model_4,target_lag5,0.5922056775167585
1,2,0.1,XGBoost_grid_1_AutoML_14_20260420_195048_model_4,target_lag6,0.12994070983724665
1,2,0.1,XGBoost_grid_1_AutoML_14_20260420_195048_model_4,cov_HULL_lag1,0.784301590025425
1,2,0.1,XGBoost_grid_1_AutoML_14_20260420_195048_model_4,cov_MUFL_lag1,0.15438477339223025
1,2,0.1,XGBoost_grid_1_AutoML_14_20260420_195048_model_4,cov_MULL_lag1,0.5707551296707243
1,2,0.1,XGBoost_grid_1_AutoML_14_20260420_195048_model_4,cov_LUFL_lag1,0.3552872823923826
1,2,0.1,XGBoost_grid_1_AutoML_14_20260420_195048_model_4,cov_LULL_lag1,0.05381476249545807
1,2,0.1,XGBoost_grid_1_AutoML_14_20260420_195048_model_4,cov_OT_lag1,0.32381772544234994
1,2,0.1,XGBoost_grid_1_AutoML_14_20260420_195048_model_4,hour_lag1,1.1065794574469328
1,2,0.1,XGBoost_grid_1_AutoML_14_20260420_195048_model_4,day_of_week_lag1,0.1370500965416431
1,2,0.1,XGBoost_grid_1_AutoML_14_20260420_195048_model_4,month_lag1,0.061696016167406886
1,2,0.1,XGBoost_grid_1_AutoML_14_20260420_195048_model_4,month_sin,0.19196388735901565
1,2,0.1,XGBoost_grid_1_AutoML_14_20260420_195048_model_4,month_cos,0.08374333257204848
1,2,0.1,XGBoost_grid_1_AutoML_14_20260420_195048_model_3,target_lag1,4.317789181470871
1,2,0.1,XGBoost_grid_1_AutoML_14_20260420_195048_model_3,target_lag2,1.9065590980648994
1,2,0.1,XGBoost_grid_1_AutoML_14_20260420_195048_model_3,target_lag3,1.653806711435318
1,2,0.1,XGBoost_grid_1_AutoML_14_20260420_195048_model_3,target_lag4,0.5242747315764427
1,2,0.1,XGBoost_grid_1_AutoML_14_20260420_195048_model_3,target_lag5,0.5309718290169257
1,2,0.1,XGBoost_grid_1_AutoML_14_20260420_195048_model_3,target_lag6,2.2901552628353237
1,2,0.1,XGBoost_grid_1_AutoML_14_20260420_195048_model_3,cov_HULL_lag1,0.3603315325081348
1,2,0.1,XGBoost_grid_1_AutoML_14_20260420_195048_model_3,cov_MUFL_lag1,0.34844275083392856
1,2,0.1,XGBoost_grid_1_AutoML_14_20260420_195048_model_3,cov_MULL_lag1,1.3056849014619365
1,2,0.1,XGBoost_grid_1_AutoML_14_20260420_195048_model_3,cov_LUFL_lag1,0.1481483099609613
1,2,0.1,XGBoost_grid_1_AutoML_14_20260420_195048_model_3,cov_LULL_lag1,0.017685771738178965
1,2,0.1,XGBoost_grid_1_AutoML_14_20260420_195048_model_3,cov_OT_lag1,0.24661925315856933
1,2,0.1,XGBoost_grid_1_AutoML_14_20260420_195048_model_3,hour_lag1,1.317691850066185
1,2,0.1,XGBoost_grid_1_AutoML_14_20260420_195048_model_3,day_of_week_lag1,0.028951897142687772
1,2,0.1,XGBoost_grid_1_AutoML_14_20260420_195048_model_3,month_lag1,0.15311963044106958
1,2,0.1,XGBoost_grid_1_AutoML_14_20260420_195048_model_3,month_sin,0.07743479873985047
1,2,0.1,XGBoost_grid_1_AutoML_14_20260420_195048_model_3,month_cos,0.09837119203060862
1,2,0.1,XGBoost_grid_1_AutoML_14_20260420_195048_model_5,target_lag1,7.829189376831055
1,2,0.1,XGBoost_grid_1_AutoML_14_20260420_195048_model_5,target_lag2,1.2917791903018951
1,2,0.1,XGBoost_grid_1_AutoML_14_20260420_195048_model_5,target_lag3,0.5086692789196968
1,2,0.1,XGBoost_grid_1_AutoML_14_20260420_195048_model_5,target_lag4,1.3533843161165715
1,2,0.1,XGBoost_grid_1_AutoML_14_20260420_195048_model_5,target_lag5,0.4522054471075535
1,2,0.1,XGBoost_grid_1_AutoML_14_20260420_195048_model_5,target_lag6,0.06481080811470744
1,2,0.1,XGBoost_grid_1_AutoML_14_20260420_195048_model_5,cov_HULL_lag1,1.0000032041221858
1,2,0.1,XGBoost_grid_1_AutoML_14_20260420_195048_model_5,cov_MUFL_lag1,0.2598974921554327
1,2,0.1,XGBoost_grid_1_AutoML_14_20260420_195048_model_5,cov_MULL_lag1,0.8516877036169171
1,2,0.1,XGBoost_grid_1_AutoML_14_20260420_195048_model_5,cov_LUFL_lag1,0.08992196169216182
1,2,0.1,XGBoost_grid_1_AutoML_14_20260420_195048_model_5,cov_LULL_lag1,0.018945556010585195
1,2,0.1,XGBoost_grid_1_AutoML_14_20260420_195048_model_5,cov_OT_lag1,0.31426956549286844
1,2,0.1,XGBoost_grid_1_AutoML_14_20260420_195048_model_5,hour_lag1,1.05219989920035
1,2,0.1,XGBoost_grid_1_AutoML_14_20260420_195048_model_5,day_of_week_lag1,0.0054761927854269045
1,2,0.1,XGBoost_grid_1_AutoML_14_20260420_195048_model_5,month_lag1,0.14136659920215608
1,2,0.1,XGBoost_grid_1_AutoML_14_20260420_195048_model_5,month_sin,0.09414681222289797
1,2,0.1,XGBoost_grid_1_AutoML_14_20260420_195048_model_5,month_cos,0.004874220481142364
1,2,0.1,GBM_2_AutoML_14_20260420_195048,target_lag1,5.326830571889877
1,2,0.1,GBM_2_AutoML_14_20260420_195048,target_lag2,2.2206231355667114
1,2,0.1,GBM_2_AutoML_14_20260420_195048,target_lag3,2.810902039408684
1,2,0.1,GBM_2_AutoML_14_20260420_195048,target_lag4,0.9476747098844498
1,2,0.1,GBM_2_AutoML_14_20260420_195048,target_lag5,0.46405767334625125
1,2,0.1,GBM_2_AutoML_14_20260420_195048,target_lag6,0.07594007799867537
1,2,0.1,GBM_2_AutoML_14_20260420_195048,cov_HULL_lag1,0.7572100830823183
1,2,0.1,GBM_2_AutoML_14_20260420_195048,cov_MUFL_lag1,0.2737324038753286
1,2,0.1,GBM_2_AutoML_14_20260420_195048,cov_MULL_lag1,0.8341801446181489
1,2,0.1,GBM_2_AutoML_14_20260420_195048,cov_LUFL_lag1,0.7046496455743909
1,2,0.1,GBM_2_AutoML_14_20260420_195048,cov_LULL_lag1,0.05241109929978843
1,2,0.1,GBM_2_AutoML_14_20260420_195048,cov_OT_lag1,0.29647090315818786
1,2,0.1,GBM_2_AutoML_14_20260420_195048,hour_lag1,0.9428209564089776
1,2,0.1,GBM_2_AutoML_14_20260420_195048,day_of_week_lag1,0.1810447539296001
1,2,0.1,GBM_2_AutoML_14_20260420_195048,month_lag1,0.15704526889137918
1,2,0.1,GBM_2_AutoML_14_20260420_195048,month_sin,0.11957924518734213
1,2,0.1,GBM_2_AutoML_14_20260420_195048,month_cos,0.05459971309639509
1,2,0.1,GBM_3_AutoML_14_20260420_195048,target_lag1,8.035613391399384
1,2,0.1,GBM_3_AutoML_14_20260420_195048,target_lag2,1.3922935754060746
1,2,0.1,GBM_3_AutoML_14_20260420_195048,target_lag3,0.9091687430813908
1,2,0.1,GBM_3_AutoML_14_20260420_195048,target_lag4,0.7615549940429628
1,2,0.1,GBM_3_AutoML_14_20260420_195048,target_lag5,0.3277372816391289
1,2,0.1,GBM_3_AutoML_14_20260420_195048,target_lag6,0.07858661062084135
1,2,0.1,GBM_3_AutoML_14_20260420_195048,cov_HULL_lag1,0.34092988304793836
1,2,0.1,GBM_3_AutoML_14_20260420_195048,cov_MUFL_lag1,0.2797314332984388
1,2,0.1,GBM_3_AutoML_14_20260420_195048,cov_MULL_lag1,0.3843961152434349
1,2,0.1,GBM_3_AutoML_14_20260420_195048,cov_LUFL_lag1,0.6170903013646603
1,2,0.1,GBM_3_AutoML_14_20260420_195048,cov_LULL_lag1,0.038908204734325366
1,2,0.1,GBM_3_AutoML_14_20260420_195048,cov_OT_lag1,0.2641587952151895
1,2,0.1,GBM_3_AutoML_14_20260420_195048,hour_lag1,0.780058844909072
1,2,0.1,GBM_3_AutoML_14_20260420_195048,day_of_week_lag1,0.10909481507260349
1,2,0.1,GBM_3_AutoML_14_20260420_195048,month_lag1,0.11889696258120236
1,2,0.1,GBM_3_AutoML_14_20260420_195048,month_sin,0.11586511604487892
1,2,0.1,GBM_3_AutoML_14_20260420_195048,month_cos,0.047020565085113014
1,2,0.1,XGBoost_3_AutoML_14_20260420_195048,target_lag1,5.7969893705844875
1,2,0.1,XGBoost_3_AutoML_14_20260420_195048,target_lag2,2.5850344812870025
1,2,0.1,XGBoost_3_AutoML_14_20260420_195048,target_lag3,1.4541985952854157
1,2,0.1,XGBoost_3_AutoML_14_20260420_195048,target_lag4,1.1560829456150532
1,2,0.1,XGBoost_3_AutoML_14_20260420_195048,target_lag5,0.4597528450936079
1,2,0.1,XGBoost_3_AutoML_14_20260420_195048,target_lag6,0.32727317038923504
1,2,0.1,XGBoost_3_AutoML_14_20260420_195048,cov_HULL_lag1,0.544942453247495
1,2,0.1,XGBoost_3_AutoML_14_20260420_195048,cov_MUFL_lag1,0.20613528184592725
1,2,0.1,XGBoost_3_AutoML_14_20260420_195048,cov_MULL_lag1,0.7988164677098394
1,2,0.1,XGBoost_3_AutoML_14_20260420_195048,cov_LUFL_lag1,0.8802765474468469
1,2,0.1,XGBoost_3_AutoML_14_20260420_195048,cov_LULL_lag1,0.03153964778874065
1,2,0.1,XGBoost_3_AutoML_14_20260420_195048,cov_OT_lag1,0.3716763320658356
1,2,0.1,XGBoost_3_AutoML_14_20260420_195048,hour_lag1,1.0840961991250515
1,2,0.1,XGBoost_3_AutoML_14_20260420_195048,day_of_week_lag1,0.19945568751078097
1,2,0.1,XGBoost_3_AutoML_14_20260420_195048,month_lag1,0.22620047328993678
1,2,0.1,XGBoost_3_AutoML_14_20260420_195048,month_sin,0.17329481616616246
1,2,0.1,XGBoost_3_AutoML_14_20260420_195048,month_cos,0.036305810878984573
1,2,0.2,XGBoost_grid_1_AutoML_14_20260420_195048_model_1,target_lag1,5.43978030204773
1,2,0.2,XGBoost_grid_1_AutoML_14_20260420_195048_model_1,target_lag2,2.0700834518671036
1,2,0.2,XGBoost_grid_1_AutoML_14_20260420_195048_model_1,target_lag3,1.7549988949298858
1,2,0.2,XGBoost_grid_1_AutoML_14_20260420_195048_model_1,target_lag4,0.9466166388988495
1,2,0.2,XGBoost_grid_1_AutoML_14_20260420_195048_model_1,target_lag5,0.3882270619715564
1,2,0.2,XGBoost_grid_1_AutoML_14_20260420_195048_model_1,target_lag6,0.16361127473413936
1,2,0.2,XGBoost_grid_1_AutoML_14_20260420_195048_model_1,cov_HULL_lag1,0.36627641059458255
1,2,0.2,XGBoost_grid_1_AutoML_14_20260420_195048_model_1,cov_MUFL_lag1,0.10883929739706215
1,2,0.2,XGBoost_grid_1_AutoML_14_20260420_195048_model_1,cov_MULL_lag1,3.0340039920806885
1,2,0.2,XGBoost_grid_1_AutoML_14_20260420_195048_model_1,cov_LUFL_lag1,0.05274177502840754
1,2,0.2,XGBoost_grid_1_AutoML_14_20260420_195048_model_1,cov_LULL_lag1,0.04837230101227753
1,2,0.2,XGBoost_grid_1_AutoML_14_20260420_195048_model_1,cov_OT_lag1,0.2712412939593196
1,2,0.2,XGBoost_grid_1_AutoML_14_20260420_195048_model_1,hour_lag1,1.2447933574253693
1,2,0.2,XGBoost_grid_1_AutoML_14_20260420_195048_model_1,day_of_week_lag1,0.044981870269402806
1,2,0.2,XGBoost_grid_1_AutoML_14_20260420_195048_model_1,month_lag1,0.11417090237140648
1,2,0.2,XGBoost_grid_1_AutoML_14_20260420_195048_model_1,month_sin,0.06321452738717195
1,2,0.2,XGBoost_grid_1_AutoML_14_20260420_195048_model_1,month_cos,0.1083246160112321
1,2,0.2,GLM_1_AutoML_14_20260420_195048,target_lag1,6.441742196234231
1,2,0.2,GLM_1_AutoML_14_20260420_195048,target_lag2,2.4490424509818682
1,2,0.2,GLM_1_AutoML_14_20260420_195048,target_lag3,1.2143256420840725
1,2,0.2,GLM_1_AutoML_14_20260420_195048,target_lag4,0.5056503557594165
1,2,0.2,GLM_1_AutoML_14_20260420_195048,target_lag5,0.2834563565726392
1,2,0.2,GLM_1_AutoML_14_20260420_195048,target_lag6,0.5187518315527843
1,2,0.2,GLM_1_AutoML_14_20260420_195048,cov_HULL_lag1,0.013936647003340241
1,2,0.2,GLM_1_AutoML_14_20260420_195048,cov_MUFL_lag1,0.09268696049071541
1,2,0.2,GLM_1_AutoML_14_20260420_195048,cov_MULL_lag1,0.14555276895153496
1,2,0.2,GLM_1_AutoML_14_20260420_195048,cov_LUFL_lag1,0.35980029516599105
1,2,0.2,GLM_1_AutoML_14_20260420_195048,cov_LULL_lag1,0.001686161708820961
1,2,0.2,GLM_1_AutoML_14_20260420_195048,cov_OT_lag1,0.4949770123998249
1,2,0.2,GLM_1_AutoML_14_20260420_195048,hour_lag1,0.3254517241827498
1,2,0.2,GLM_1_AutoML_14_20260420_195048,day_of_week_lag1,0.07805984868302412
1,2,0.2,GLM_1_AutoML_14_20260420_195048,month_lag1,0.017505986721703705
1,2,0.2,GLM_1_AutoML_14_20260420_195048,month_sin,0.3919026504308951
1,2,0.2,GLM_1_AutoML_14_20260420_195048,month_cos,0.29853106516384753
1,2,0.2,GLM_1_AutoML_14_20260420_195048,year,0.0
1,2,0.2,GBM_5_AutoML_14_20260420_195048,target_lag1,7.07398686170578
1,2,0.2,GBM_5_AutoML_14_20260420_195048,target_lag2,2.556762101650238
1,2,0.2,GBM_5_AutoML_14_20260420_195048,target_lag3,1.7003698903694748
1,2,0.2,GBM_5_AutoML_14_20260420_195048,target_lag4,1.7467061697412283
1,2,0.2,GBM_5_AutoML_14_20260420_195048,target_lag5,0.3046581403911114
1,2,0.2,GBM_5_AutoML_14_20260420_195048,target_lag6,0.15181745227426285
1,2,0.2,GBM_5_AutoML_14_20260420_195048,cov_HULL_lag1,1.3002900038287044
1,2,0.2,GBM_5_AutoML_14_20260420_195048,cov_MUFL_lag1,0.46396862220484764
1,2,0.2,GBM_5_AutoML_14_20260420_195048,cov_MULL_lag1,0.7648700211104006
1,2,0.2,GBM_5_AutoML_14_20260420_195048,cov_LUFL_lag1,0.28794066730886697
1,2,0.2,GBM_5_AutoML_14_20260420_195048,cov_LULL_lag1,0.023880166385788416
1,2,0.2,GBM_5_AutoML_14_20260420_195048,cov_OT_lag1,0.3487546243425459
1,2,0.2,GBM_5_AutoML_14_20260420_195048,hour_lag1,0.7940110523067415
1,2,0.2,GBM_5_AutoML_14_20260420_195048,day_of_week_lag1,0.10944172028684986
1,2,0.2,GBM_5_AutoML_14_20260420_195048,month_lag1,0.11417476182978131
1,2,0.2,GBM_5_AutoML_14_20260420_195048,month_sin,0.09586667682509865
1,2,0.2,GBM_5_AutoML_14_20260420_195048,month_cos,0.048822430929867516
1,2,0.2,XGBoost_grid_1_AutoML_14_20260420_195048_model_4,target_lag1,7.42691294670105
1,2,0.2,XGBoost_grid_1_AutoML_14_20260420_195048_model_4,target_lag2,2.1460654056072235
1,2,0.2,XGBoost_grid_1_AutoML_14_20260420_195048_model_4,target_lag3,0.4359576092660427
1,2,0.2,XGBoost_grid_1_AutoML_14_20260420_195048_model_4,target_lag4,0.7330511895834934
1,2,0.2,XGBoost_grid_1_AutoML_14_20260420_195048_model_4,target_lag5,0.5922056775167585
1,2,0.2,XGBoost_grid_1_AutoML_14_20260420_195048_model_4,target_lag6,0.12994070983724665
1,2,0.2,XGBoost_grid_1_AutoML_14_20260420_195048_model_4,cov_HULL_lag1,0.784301590025425
1,2,0.2,XGBoost_grid_1_AutoML_14_20260420_195048_model_4,cov_MUFL_lag1,0.15438477339223025
1,2,0.2,XGBoost_grid_1_AutoML_14_20260420_195048_model_4,cov_MULL_lag1,0.5707551296707243
1,2,0.2,XGBoost_grid_1_AutoML_14_20260420_195048_model_4,cov_LUFL_lag1,0.3552872823923826
1,2,0.2,XGBoost_grid_1_AutoML_14_20260420_195048_model_4,cov_LULL_lag1,0.05381476249545807
1,2,0.2,XGBoost_grid_1_AutoML_14_20260420_195048_model_4,cov_OT_lag1,0.32381772544234994
1,2,0.2,XGBoost_grid_1_AutoML_14_20260420_195048_model_4,hour_lag1,1.1065794574469328
1,2,0.2,XGBoost_grid_1_AutoML_14_20260420_195048_model_4,day_of_week_lag1,0.1370500965416431
1,2,0.2,XGBoost_grid_1_AutoML_14_20260420_195048_model_4,month_lag1,0.061696016167406886
1,2,0.2,XGBoost_grid_1_AutoML_14_20260420_195048_model_4,month_sin,0.19196388735901565
1,2,0.2,XGBoost_grid_1_AutoML_14_20260420_195048_model_4,month_cos,0.08374333257204848
1,2,0.2,XGBoost_grid_1_AutoML_14_20260420_195048_model_3,target_lag1,4.317789181470871
1,2,0.2,XGBoost_grid_1_AutoML_14_20260420_195048_model_3,target_lag2,1.9065590980648994
1,2,0.2,XGBoost_grid_1_AutoML_14_20260420_195048_model_3,target_lag3,1.653806711435318
1,2,0.2,XGBoost_grid_1_AutoML_14_20260420_195048_model_3,target_lag4,0.5242747315764427
1,2,0.2,XGBoost_grid_1_AutoML_14_20260420_195048_model_3,target_lag5,0.5309718290169257
1,2,0.2,XGBoost_grid_1_AutoML_14_20260420_195048_model_3,target_lag6,2.2901552628353237
1,2,0.2,XGBoost_grid_1_AutoML_14_20260420_195048_model_3,cov_HULL_lag1,0.3603315325081348
1,2,0.2,XGBoost_grid_1_AutoML_14_20260420_195048_model_3,cov_MUFL_lag1,0.34844275083392856
1,2,0.2,XGBoost_grid_1_AutoML_14_20260420_195048_model_3,cov_MULL_lag1,1.3056849014619365
1,2,0.2,XGBoost_grid_1_AutoML_14_20260420_195048_model_3,cov_LUFL_lag1,0.1481483099609613
1,2,0.2,XGBoost_grid_1_AutoML_14_20260420_195048_model_3,cov_LULL_lag1,0.017685771738178965
1,2,0.2,XGBoost_grid_1_AutoML_14_20260420_195048_model_3,cov_OT_lag1,0.24661925315856933
1,2,0.2,XGBoost_grid_1_AutoML_14_20260420_195048_model_3,hour_lag1,1.317691850066185
1,2,0.2,XGBoost_grid_1_AutoML_14_20260420_195048_model_3,day_of_week_lag1,0.028951897142687772
1,2,0.2,XGBoost_grid_1_AutoML_14_20260420_195048_model_3,month_lag1,0.15311963044106958
1,2,0.2,XGBoost_grid_1_AutoML_14_20260420_195048_model_3,month_sin,0.07743479873985047
1,2,0.2,XGBoost_grid_1_AutoML_14_20260420_195048_model_3,month_cos,0.09837119203060862
1,2,0.2,XGBoost_grid_1_AutoML_14_20260420_195048_model_5,target_lag1,7.829189376831055
1,2,0.2,XGBoost_grid_1_AutoML_14_20260420_195048_model_5,target_lag2,1.2917791903018951
1,2,0.2,XGBoost_grid_1_AutoML_14_20260420_195048_model_5,target_lag3,0.5086692789196968
1,2,0.2,XGBoost_grid_1_AutoML_14_20260420_195048_model_5,target_lag4,1.3533843161165715
1,2,0.2,XGBoost_grid_1_AutoML_14_20260420_195048_model_5,target_lag5,0.4522054471075535
1,2,0.2,XGBoost_grid_1_AutoML_14_20260420_195048_model_5,target_lag6,0.06481080811470744
1,2,0.2,XGBoost_grid_1_AutoML_14_20260420_195048_model_5,cov_HULL_lag1,1.0000032041221858
1,2,0.2,XGBoost_grid_1_AutoML_14_20260420_195048_model_5,cov_MUFL_lag1,0.2598974921554327
1,2,0.2,XGBoost_grid_1_AutoML_14_20260420_195048_model_5,cov_MULL_lag1,0.8516877036169171
1,2,0.2,XGBoost_grid_1_AutoML_14_20260420_195048_model_5,cov_LUFL_lag1,0.08992196169216182
1,2,0.2,XGBoost_grid_1_AutoML_14_20260420_195048_model_5,cov_LULL_lag1,0.018945556010585195
1,2,0.2,XGBoost_grid_1_AutoML_14_20260420_195048_model_5,cov_OT_lag1,0.31426956549286844
1,2,0.2,XGBoost_grid_1_AutoML_14_20260420_195048_model_5,hour_lag1,1.05219989920035
1,2,0.2,XGBoost_grid_1_AutoML_14_20260420_195048_model_5,day_of_week_lag1,0.0054761927854269045
1,2,0.2,XGBoost_grid_1_AutoML_14_20260420_195048_model_5,month_lag1,0.14136659920215608
1,2,0.2,XGBoost_grid_1_AutoML_14_20260420_195048_model_5,month_sin,0.09414681222289797
1,2,0.2,XGBoost_grid_1_AutoML_14_20260420_195048_model_5,month_cos,0.004874220481142364
1,2,0.2,GBM_2_AutoML_14_20260420_195048,target_lag1,5.326830571889877
1,2,0.2,GBM_2_AutoML_14_20260420_195048,target_lag2,2.2206231355667114
1,2,0.2,GBM_2_AutoML_14_20260420_195048,target_lag3,2.810902039408684
1,2,0.2,GBM_2_AutoML_14_20260420_195048,target_lag4,0.9476747098844498
1,2,0.2,GBM_2_AutoML_14_20260420_195048,target_lag5,0.46405767334625125
1,2,0.2,GBM_2_AutoML_14_20260420_195048,target_lag6,0.07594007799867537
1,2,0.2,GBM_2_AutoML_14_20260420_195048,cov_HULL_lag1,0.7572100830823183
1,2,0.2,GBM_2_AutoML_14_20260420_195048,cov_MUFL_lag1,0.2737324038753286
1,2,0.2,GBM_2_AutoML_14_20260420_195048,cov_MULL_lag1,0.8341801446181489
1,2,0.2,GBM_2_AutoML_14_20260420_195048,cov_LUFL_lag1,0.7046496455743909
1,2,0.2,GBM_2_AutoML_14_20260420_195048,cov_LULL_lag1,0.05241109929978843
1,2,0.2,GBM_2_AutoML_14_20260420_195048,cov_OT_lag1,0.29647090315818786
1,2,0.2,GBM_2_AutoML_14_20260420_195048,hour_lag1,0.9428209564089776
1,2,0.2,GBM_2_AutoML_14_20260420_195048,day_of_week_lag1,0.1810447539296001
1,2,0.2,GBM_2_AutoML_14_20260420_195048,month_lag1,0.15704526889137918
1,2,0.2,GBM_2_AutoML_14_20260420_195048,month_sin,0.11957924518734213
1,2,0.2,GBM_2_AutoML_14_20260420_195048,month_cos,0.05459971309639509
1,2,0.2,GBM_3_AutoML_14_20260420_195048,target_lag1,8.035613391399384
1,2,0.2,GBM_3_AutoML_14_20260420_195048,target_lag2,1.3922935754060746
1,2,0.2,GBM_3_AutoML_14_20260420_195048,target_lag3,0.9091687430813908
1,2,0.2,GBM_3_AutoML_14_20260420_195048,target_lag4,0.7615549940429628
1,2,0.2,GBM_3_AutoML_14_20260420_195048,target_lag5,0.3277372816391289
1,2,0.2,GBM_3_AutoML_14_20260420_195048,target_lag6,0.07858661062084135
1,2,0.2,GBM_3_AutoML_14_20260420_195048,cov_HULL_lag1,0.34092988304793836
1,2,0.2,GBM_3_AutoML_14_20260420_195048,cov_MUFL_lag1,0.2797314332984388
1,2,0.2,GBM_3_AutoML_14_20260420_195048,cov_MULL_lag1,0.3843961152434349
1,2,0.2,GBM_3_AutoML_14_20260420_195048,cov_LUFL_lag1,0.6170903013646603
1,2,0.2,GBM_3_AutoML_14_20260420_195048,cov_LULL_lag1,0.038908204734325366
1,2,0.2,GBM_3_AutoML_14_20260420_195048,cov_OT_lag1,0.2641587952151895
1,2,0.2,GBM_3_AutoML_14_20260420_195048,hour_lag1,0.780058844909072
1,2,0.2,GBM_3_AutoML_14_20260420_195048,day_of_week_lag1,0.10909481507260349
1,2,0.2,GBM_3_AutoML_14_20260420_195048,month_lag1,0.11889696258120236
1,2,0.2,GBM_3_AutoML_14_20260420_195048,month_sin,0.11586511604487892
1,2,0.2,GBM_3_AutoML_14_20260420_195048,month_cos,0.047020565085113014
1,2,0.2,XGBoost_3_AutoML_14_20260420_195048,target_lag1,5.7969893705844875
1,2,0.2,XGBoost_3_AutoML_14_20260420_195048,target_lag2,2.5850344812870025
1,2,0.2,XGBoost_3_AutoML_14_20260420_195048,target_lag3,1.4541985952854157
1,2,0.2,XGBoost_3_AutoML_14_20260420_195048,target_lag4,1.1560829456150532
1,2,0.2,XGBoost_3_AutoML_14_20260420_195048,target_lag5,0.4597528450936079
1,2,0.2,XGBoost_3_AutoML_14_20260420_195048,target_lag6,0.32727317038923504
1,2,0.2,XGBoost_3_AutoML_14_20260420_195048,cov_HULL_lag1,0.544942453247495
1,2,0.2,XGBoost_3_AutoML_14_20260420_195048,cov_MUFL_lag1,0.20613528184592725
1,2,0.2,XGBoost_3_AutoML_14_20260420_195048,cov_MULL_lag1,0.7988164677098394
1,2,0.2,XGBoost_3_AutoML_14_20260420_195048,cov_LUFL_lag1,0.8802765474468469
1,2,0.2,XGBoost_3_AutoML_14_20260420_195048,cov_LULL_lag1,0.03153964778874065
1,2,0.2,XGBoost_3_AutoML_14_20260420_195048,cov_OT_lag1,0.3716763320658356
1,2,0.2,XGBoost_3_AutoML_14_20260420_195048,hour_lag1,1.0840961991250515
1,2,0.2,XGBoost_3_AutoML_14_20260420_195048,day_of_week_lag1,0.19945568751078097
1,2,0.2,XGBoost_3_AutoML_14_20260420_195048,month_lag1,0.22620047328993678
1,2,0.2,XGBoost_3_AutoML_14_20260420_195048,month_sin,0.17329481616616246
1,2,0.2,XGBoost_3_AutoML_14_20260420_195048,month_cos,0.036305810878984573
1,2,0.2,GBM_1_AutoML_14_20260420_195048,target_lag1,6.378272581100464
1,2,0.2,GBM_1_AutoML_14_20260420_195048,target_lag2,1.9328087091445922
1,2,0.2,GBM_1_AutoML_14_20260420_195048,target_lag3,1.259683185815811
1,2,0.2,GBM_1_AutoML_14_20260420_195048,target_lag4,1.322647956041619
1,2,0.2,GBM_1_AutoML_14_20260420_195048,target_lag5,0.2082087934575975
1,2,0.2,GBM_1_AutoML_14_20260420_195048,target_lag6,0.12743273127824065
1,2,0.2,GBM_1_AutoML_14_20260420_195048,cov_HULL_lag1,0.8752647821232676
1,2,0.2,GBM_1_AutoML_14_20260420_195048,cov_MUFL_lag1,0.3807008640468121
1,2,0.2,GBM_1_AutoML_14_20260420_195048,cov_MULL_lag1,1.0238247356563805
1,2,0.2,GBM_1_AutoML_14_20260420_195048,cov_LUFL_lag1,0.08874413907062259
1,2,0.2,GBM_1_AutoML_14_20260420_195048,cov_LULL_lag1,0.055489791389554705
1,2,0.2,GBM_1_AutoML_14_20260420_195048,cov_OT_lag1,0.20554673906415702
1,2,0.2,GBM_1_AutoML_14_20260420_195048,hour_lag1,0.8156336056609871
1,2,0.2,GBM_1_AutoML_14_20260420_195048,day_of_week_lag1,0.08232284167315808
1,2,0.2,GBM_1_AutoML_14_20260420_195048,month_lag1,0.07326883170753713
1,2,0.2,GBM_1_AutoML_14_20260420_195048,month_sin,0.09496774081140752
1,2,0.2,GBM_1_AutoML_14_20260420_195048,month_cos,0.02439147407654669
1,2,0.2,XRT_1_AutoML_14_20260420_195048,target_lag1,1.9780559108406306
1,2,0.2,XRT_1_AutoML_14_20260420_195048,target_lag2,1.8898111861944198
1,2,0.2,XRT_1_AutoML_14_20260420_195048,target_lag3,1.0464961212873458
1,2,0.2,XRT_1_AutoML_14_20260420_195048,target_lag4,1.347739497423172
1,2,0.2,XRT_1_AutoML_14_20260420_195048,target_lag5,0.838992778211832
1,2,0.2,XRT_1_AutoML_14_20260420_195048,target_lag6,7.113986426629126
1,2,0.2,XRT_1_AutoML_14_20260420_195048,cov_HULL_lag1,0.6688898276537657
1,2,0.2,XRT_1_AutoML_14_20260420_195048,cov_MUFL_lag1,0.4657661671563983
1,2,0.2,XRT_1_AutoML_14_20260420_195048,cov_MULL_lag1,1.24682775080204
1,2,0.2,XRT_1_AutoML_14_20260420_195048,cov_LUFL_lag1,0.4650472699850798
1,2,0.2,XRT_1_AutoML_14_20260420_195048,cov_LULL_lag1,0.1549787581991404
1,2,0.2,XRT_1_AutoML_14_20260420_195048,cov_OT_lag1,0.321510408258182
1,2,0.2,XRT_1_AutoML_14_20260420_195048,hour_lag1,0.5677125685662031
1,2,0.2,XRT_1_AutoML_14_20260420_195048,day_of_week_lag1,0.5339237223472446
1,2,0.2,XRT_1_AutoML_14_20260420_195048,month_lag1,1.7550701600685716
1,2,0.2,XRT_1_AutoML_14_20260420_195048,month_sin,0.1657932648388669
1,2,0.2,XRT_1_AutoML_14_20260420_195048,month_cos,0.2575220303237438
1,2,0.2,DRF_1_AutoML_14_20260420_195048,target_lag1,3.4466538666188717
1,2,0.2,DRF_1_AutoML_14_20260420_195048,target_lag2,0.8794447948411107
1,2,0.2,DRF_1_AutoML_14_20260420_195048,target_lag3,0.6020856892503798
1,2,0.2,DRF_1_AutoML_14_20260420_195048,target_lag4,0.9612870436534285
1,2,0.2,DRF_1_AutoML_14_20260420_195048,target_lag5,0.552620354294777
1,2,0.2,DRF_1_AutoML_14_20260420_195048,target_lag6,0.5117565838806332
1,2,0.2,DRF_1_AutoML_14_20260420_195048,cov_HULL_lag1,0.524543599486351
1,2,0.2,DRF_1_AutoML_14_20260420_195048,cov_MUFL_lag1,0.6647256670892239
1,2,0.2,DRF_1_AutoML_14_20260420_195048,cov_MULL_lag1,0.7266341038513928
1,2,0.2,DRF_1_AutoML_14_20260420_195048,cov_LUFL_lag1,0.43610755167901516
1,2,0.2,DRF_1_AutoML_14_20260420_195048,cov_LULL_lag1,0.19463900370290502
1,2,0.2,DRF_1_AutoML_14_20260420_195048,cov_OT_lag1,0.12398780879098918
1,2,0.2,DRF_1_AutoML_14_20260420_195048,hour_lag1,0.42753915932029485
1,2,0.2,DRF_1_AutoML_14_20260420_195048,day_of_week_lag1,0.09630205411696803
1,2,0.2,DRF_1_AutoML_14_20260420_195048,month_lag1,0.08444971809629348
1,2,0.2,DRF_1_AutoML_14_20260420_195048,month_sin,0.07906860884395424
1,2,0.2,DRF_1_AutoML_14_20260420_195048,month_cos,0.061098961895331684
1,2,0.2,GBM_4_AutoML_14_20260420_195048,target_lag1,6.240544030666351
1,2,0.2,GBM_4_AutoML_14_20260420_195048,target_lag2,2.37026349067688
1,2,0.2,GBM_4_AutoML_14_20260420_195048,target_lag3,0.9544977909326553
1,2,0.2,GBM_4_AutoML_14_20260420_195048,target_lag4,1.4691475957259537
1,2,0.2,GBM_4_AutoML_14_20260420_195048,target_lag5,0.31232510328292845
1,2,0.2,GBM_4_AutoML_14_20260420_195048,target_lag6,0.09677376979030665
1,2,0.2,GBM_4_AutoML_14_20260420_195048,cov_HULL_lag1,0.21017251966521144
1,2,0.2,GBM_4_AutoML_14_20260420_195048,cov_MUFL_lag1,0.41475901906844226
1,2,0.2,GBM_4_AutoML_14_20260420_195048,cov_MULL_lag1,0.6686485479399562
1,2,0.2,GBM_4_AutoML_14_20260420_195048,cov_LUFL_lag1,0.4429134724661708
1,2,0.2,GBM_4_AutoML_14_20260420_195048,cov_LULL_lag1,0.03754049729439426
1,2,0.2,GBM_4_AutoML_14_20260420_195048,cov_OT_lag1,0.24273344820365308
1,2,0.2,GBM_4_AutoML_14_20260420_195048,hour_lag1,0.7493353021144867
1,2,0.2,GBM_4_AutoML_14_20260420_195048,day_of_week_lag1,0.1055520133161917
1,2,0.2,GBM_4_AutoML_14_20260420_195048,month_lag1,0.08358000058680769
1,2,0.2,GBM_4_AutoML_14_20260420_195048,month_sin,0.06308409442193802
1,2,0.2,GBM_4_AutoML_14_20260420_195048,month_cos,0.09594807904213663
1,2,0.2,GBM_grid_1_AutoML_14_20260420_195048_model_2,target_lag1,5.879704276323318
1,2,0.2,GBM_grid_1_AutoML_14_20260420_195048_model_2,target_lag2,1.8171511602401733
1,2,0.2,GBM_grid_1_AutoML_14_20260420_195048_model_2,target_lag3,2.3972057816386223
1,2,0.2,GBM_grid_1_AutoML_14_20260420_195048_model_2,target_lag4,0.46190121782012283
1,2,0.2,GBM_grid_1_AutoML_14_20260420_195048_model_2,target_lag5,0.6642875894904137
1,2,0.2,GBM_grid_1_AutoML_14_20260420_195048_model_2,target_lag6,0.39223044010344893
1,2,0.2,GBM_grid_1_AutoML_14_20260420_195048_model_2,cov_HULL_lag1,0.9340411610156297
1,2,0.2,GBM_grid_1_AutoML_14_20260420_195048_model_2,cov_MUFL_lag1,0.3152757365815341
1,2,0.2,GBM_grid_1_AutoML_14_20260420_195048_model_2,cov_MULL_lag1,0.39334277684101837
1,2,0.2,GBM_grid_1_AutoML_14_20260420_195048_model_2,cov_LUFL_lag1,0.46044849455356596
1,2,0.2,GBM_grid_1_AutoML_14_20260420_195048_model_2,cov_LULL_lag1,0.07098618668271224
1,2,0.2,GBM_grid_1_AutoML_14_20260420_195048_model_2,cov_OT_lag1,0.22277820556424557
1,2,0.2,GBM_grid_1_AutoML_14_20260420_195048_model_2,hour_lag1,0.5056532079679892
1,2,0.2,GBM_grid_1_AutoML_14_20260420_195048_model_2,day_of_week_lag1,0.10670850060880181
1,2,0.2,GBM_grid_1_AutoML_14_20260420_195048_model_2,month_lag1,0.11563748769462105
1,2,0.2,GBM_grid_1_AutoML_14_20260420_195048_model_2,month_sin,0.06691669564228502
1,2,0.2,GBM_grid_1_AutoML_14_20260420_195048_model_2,month_cos,0.09389592210995029
1,2,0.2,XGBoost_grid_1_AutoML_14_20260420_195048_model_2,target_lag1,7.848841950893402
1,2,0.2,XGBoost_grid_1_AutoML_14_20260420_195048_model_2,target_lag2,1.343441333770752
1,2,0.2,XGBoost_grid_1_AutoML_14_20260420_195048_model_2,target_lag3,1.961376865822822
1,2,0.2,XGBoost_grid_1_AutoML_14_20260420_195048_model_2,target_lag4,0.739316547587514
1,2,0.2,XGBoost_grid_1_AutoML_14_20260420_195048_model_2,target_lag5,0.3963297203741968
1,2,0.2,XGBoost_grid_1_AutoML_14_20260420_195048_model_2,target_lag6,0.2676228617876768
1,2,0.2,XGBoost_grid_1_AutoML_14_20260420_195048_model_2,cov_HULL_lag1,1.2701705481112002
1,2,0.2,XGBoost_grid_1_AutoML_14_20260420_195048_model_2,cov_MUFL_lag1,0.6985376578941941
1,2,0.2,XGBoost_grid_1_AutoML_14_20260420_195048_model_2,cov_MULL_lag1,0.4655915361642837
1,2,0.2,XGBoost_grid_1_AutoML_14_20260420_195048_model_2,cov_LUFL_lag1,1.4902874061465263
1,2,0.2,XGBoost_grid_1_AutoML_14_20260420_195048_model_2,cov_LULL_lag1,0.060194353094557264
1,2,0.2,XGBoost_grid_1_AutoML_14_20260420_195048_model_2,cov_OT_lag1,0.41253661647439005
1,2,0.2,XGBoost_grid_1_AutoML_14_20260420_195048_model_2,hour_lag1,0.7508650486916304
1,2,0.2,XGBoost_grid_1_AutoML_14_20260420_195048_model_2,day_of_week_lag1,0.3127562848106027
1,2,0.2,XGBoost_grid_1_AutoML_14_20260420_195048_model_2,month_lag1,0.09055467188358303
1,2,0.2,XGBoost_grid_1_AutoML_14_20260420_195048_model_2,month_sin,0.12626999053172763
1,2,0.2,XGBoost_grid_1_AutoML_14_20260420_195048_model_2,month_cos,0.08326836402993645
1,2,0.2,GBM_grid_1_AutoML_14_20260420_195048_model_1,target_lag1,3.19606061283499
1,2,0.2,GBM_grid_1_AutoML_14_20260420_195048_model_1,target_lag2,1.9125023424625396
1,2,0.2,GBM_grid_1_AutoML_14_20260420_195048_model_1,target_lag3,2.602466734647751
1,2,0.2,GBM_grid_1_AutoML_14_20260420_195048_model_1,target_lag4,1.0612437503039838
1,2,0.2,GBM_grid_1_AutoML_14_20260420_195048_model_1,target_lag5,1.2580887458845973
1,2,0.2,GBM_grid_1_AutoML_14_20260420_195048_model_1,target_lag6,0.7859815097413957
1,2,0.2,GBM_grid_1_AutoML_14_20260420_195048_model_1,cov_HULL_lag1,1.374456972554326
1,2,0.2,GBM_grid_1_AutoML_14_20260420_195048_model_1,cov_MUFL_lag1,0.588269054889679
1,2,0.2,GBM_grid_1_AutoML_14_20260420_195048_model_1,cov_MULL_lag1,1.5994738922268152
1,2,0.2,GBM_grid_1_AutoML_14_20260420_195048_model_1,cov_LUFL_lag1,0.6948914547264576
1,2,0.2,GBM_grid_1_AutoML_14_20260420_195048_model_1,cov_LULL_lag1,0.03919488273560996
1,2,0.2,GBM_grid_1_AutoML_14_20260420_195048_model_1,cov_OT_lag1,0.23060600524768232
1,2,0.2,GBM_grid_1_AutoML_14_20260420_195048_model_1,hour_lag1,0.7313830538652837
1,2,0.2,GBM_grid_1_AutoML_14_20260420_195048_model_1,day_of_week_lag1,0.09666765978094187
1,2,0.2,GBM_grid_1_AutoML_14_20260420_195048_model_1,month_lag1,0.053016151732299434
1,2,0.2,GBM_grid_1_AutoML_14_20260420_195048_model_1,month_sin,0.16727144904434682
1,2,0.2,GBM_grid_1_AutoML_14_20260420_195048_model_1,month_cos,0.06489679409249216
1,2,0.3,XGBoost_grid_1_AutoML_14_20260420_195048_model_1,target_lag1,5.43978030204773
1,2,0.3,XGBoost_grid_1_AutoML_14_20260420_195048_model_1,target_lag2,2.0700834518671036
1,2,0.3,XGBoost_grid_1_AutoML_14_20260420_195048_model_1,target_lag3,1.7549988949298858
1,2,0.3,XGBoost_grid_1_AutoML_14_20260420_195048_model_1,target_lag4,0.9466166388988495
1,2,0.3,XGBoost_grid_1_AutoML_14_20260420_195048_model_1,target_lag5,0.3882270619715564
1,2,0.3,XGBoost_grid_1_AutoML_14_20260420_195048_model_1,target_lag6,0.16361127473413936
1,2,0.3,XGBoost_grid_1_AutoML_14_20260420_195048_model_1,cov_HULL_lag1,0.36627641059458255
1,2,0.3,XGBoost_grid_1_AutoML_14_20260420_195048_model_1,cov_MUFL_lag1,0.10883929739706215
1,2,0.3,XGBoost_grid_1_AutoML_14_20260420_195048_model_1,cov_MULL_lag1,3.0340039920806885
1,2,0.3,XGBoost_grid_1_AutoML_14_20260420_195048_model_1,cov_LUFL_lag1,0.05274177502840754
1,2,0.3,XGBoost_grid_1_AutoML_14_20260420_195048_model_1,cov_LULL_lag1,0.04837230101227753
1,2,0.3,XGBoost_grid_1_AutoML_14_20260420_195048_model_1,cov_OT_lag1,0.2712412939593196
1,2,0.3,XGBoost_grid_1_AutoML_14_20260420_195048_model_1,hour_lag1,1.2447933574253693
1,2,0.3,XGBoost_grid_1_AutoML_14_20260420_195048_model_1,day_of_week_lag1,0.044981870269402806
1,2,0.3,XGBoost_grid_1_AutoML_14_20260420_195048_model_1,month_lag1,0.11417090237140648
1,2,0.3,XGBoost_grid_1_AutoML_14_20260420_195048_model_1,month_sin,0.06321452738717195
1,2,0.3,XGBoost_grid_1_AutoML_14_20260420_195048_model_1,month_cos,0.1083246160112321
1,2,0.3,GLM_1_AutoML_14_20260420_195048,target_lag1,6.441742196234231
1,2,0.3,GLM_1_AutoML_14_20260420_195048,target_lag2,2.4490424509818682
1,2,0.3,GLM_1_AutoML_14_20260420_195048,target_lag3,1.2143256420840725
1,2,0.3,GLM_1_AutoML_14_20260420_195048,target_lag4,0.5056503557594165
1,2,0.3,GLM_1_AutoML_14_20260420_195048,target_lag5,0.2834563565726392
1,2,0.3,GLM_1_AutoML_14_20260420_195048,target_lag6,0.5187518315527843
1,2,0.3,GLM_1_AutoML_14_20260420_195048,cov_HULL_lag1,0.013936647003340241
1,2,0.3,GLM_1_AutoML_14_20260420_195048,cov_MUFL_lag1,0.09268696049071541
1,2,0.3,GLM_1_AutoML_14_20260420_195048,cov_MULL_lag1,0.14555276895153496
1,2,0.3,GLM_1_AutoML_14_20260420_195048,cov_LUFL_lag1,0.35980029516599105
1,2,0.3,GLM_1_AutoML_14_20260420_195048,cov_LULL_lag1,0.001686161708820961
1,2,0.3,GLM_1_AutoML_14_20260420_195048,cov_OT_lag1,0.4949770123998249
1,2,0.3,GLM_1_AutoML_14_20260420_195048,hour_lag1,0.3254517241827498
1,2,0.3,GLM_1_AutoML_14_20260420_195048,day_of_week_lag1,0.07805984868302412
1,2,0.3,GLM_1_AutoML_14_20260420_195048,month_lag1,0.017505986721703705
1,2,0.3,GLM_1_AutoML_14_20260420_195048,month_sin,0.3919026504308951
1,2,0.3,GLM_1_AutoML_14_20260420_195048,month_cos,0.29853106516384753
1,2,0.3,GLM_1_AutoML_14_20260420_195048,year,0.0
1,2,0.3,GBM_5_AutoML_14_20260420_195048,target_lag1,7.07398686170578
1,2,0.3,GBM_5_AutoML_14_20260420_195048,target_lag2,2.556762101650238
1,2,0.3,GBM_5_AutoML_14_20260420_195048,target_lag3,1.7003698903694748
1,2,0.3,GBM_5_AutoML_14_20260420_195048,target_lag4,1.7467061697412283
1,2,0.3,GBM_5_AutoML_14_20260420_195048,target_lag5,0.3046581403911114
1,2,0.3,GBM_5_AutoML_14_20260420_195048,target_lag6,0.15181745227426285
1,2,0.3,GBM_5_AutoML_14_20260420_195048,cov_HULL_lag1,1.3002900038287044
1,2,0.3,GBM_5_AutoML_14_20260420_195048,cov_MUFL_lag1,0.46396862220484764
1,2,0.3,GBM_5_AutoML_14_20260420_195048,cov_MULL_lag1,0.7648700211104006
1,2,0.3,GBM_5_AutoML_14_20260420_195048,cov_LUFL_lag1,0.28794066730886697
1,2,0.3,GBM_5_AutoML_14_20260420_195048,cov_LULL_lag1,0.023880166385788416
1,2,0.3,GBM_5_AutoML_14_20260420_195048,cov_OT_lag1,0.3487546243425459
1,2,0.3,GBM_5_AutoML_14_20260420_195048,hour_lag1,0.7940110523067415
1,2,0.3,GBM_5_AutoML_14_20260420_195048,day_of_week_lag1,0.10944172028684986
1,2,0.3,GBM_5_AutoML_14_20260420_195048,month_lag1,0.11417476182978131
1,2,0.3,GBM_5_AutoML_14_20260420_195048,month_sin,0.09586667682509865
1,2,0.3,GBM_5_AutoML_14_20260420_195048,month_cos,0.048822430929867516
1,2,0.3,XGBoost_grid_1_AutoML_14_20260420_195048_model_4,target_lag1,7.42691294670105
1,2,0.3,XGBoost_grid_1_AutoML_14_20260420_195048_model_4,target_lag2,2.1460654056072235
1,2,0.3,XGBoost_grid_1_AutoML_14_20260420_195048_model_4,target_lag3,0.4359576092660427
1,2,0.3,XGBoost_grid_1_AutoML_14_20260420_195048_model_4,target_lag4,0.7330511895834934
1,2,0.3,XGBoost_grid_1_AutoML_14_20260420_195048_model_4,target_lag5,0.5922056775167585
1,2,0.3,XGBoost_grid_1_AutoML_14_20260420_195048_model_4,target_lag6,0.12994070983724665
1,2,0.3,XGBoost_grid_1_AutoML_14_20260420_195048_model_4,cov_HULL_lag1,0.784301590025425
1,2,0.3,XGBoost_grid_1_AutoML_14_20260420_195048_model_4,cov_MUFL_lag1,0.15438477339223025
1,2,0.3,XGBoost_grid_1_AutoML_14_20260420_195048_model_4,cov_MULL_lag1,0.5707551296707243
1,2,0.3,XGBoost_grid_1_AutoML_14_20260420_195048_model_4,cov_LUFL_lag1,0.3552872823923826
1,2,0.3,XGBoost_grid_1_AutoML_14_20260420_195048_model_4,cov_LULL_lag1,0.05381476249545807
1,2,0.3,XGBoost_grid_1_AutoML_14_20260420_195048_model_4,cov_OT_lag1,0.32381772544234994
1,2,0.3,XGBoost_grid_1_AutoML_14_20260420_195048_model_4,hour_lag1,1.1065794574469328
1,2,0.3,XGBoost_grid_1_AutoML_14_20260420_195048_model_4,day_of_week_lag1,0.1370500965416431
1,2,0.3,XGBoost_grid_1_AutoML_14_20260420_195048_model_4,month_lag1,0.061696016167406886
1,2,0.3,XGBoost_grid_1_AutoML_14_20260420_195048_model_4,month_sin,0.19196388735901565
1,2,0.3,XGBoost_grid_1_AutoML_14_20260420_195048_model_4,month_cos,0.08374333257204848
1,2,0.3,XGBoost_grid_1_AutoML_14_20260420_195048_model_3,target_lag1,4.317789181470871
1,2,0.3,XGBoost_grid_1_AutoML_14_20260420_195048_model_3,target_lag2,1.9065590980648994
1,2,0.3,XGBoost_grid_1_AutoML_14_20260420_195048_model_3,target_lag3,1.653806711435318
1,2,0.3,XGBoost_grid_1_AutoML_14_20260420_195048_model_3,target_lag4,0.5242747315764427
1,2,0.3,XGBoost_grid_1_AutoML_14_20260420_195048_model_3,target_lag5,0.5309718290169257
1,2,0.3,XGBoost_grid_1_AutoML_14_20260420_195048_model_3,target_lag6,2.2901552628353237
1,2,0.3,XGBoost_grid_1_AutoML_14_20260420_195048_model_3,cov_HULL_lag1,0.3603315325081348
1,2,0.3,XGBoost_grid_1_AutoML_14_20260420_195048_model_3,cov_MUFL_lag1,0.34844275083392856
1,2,0.3,XGBoost_grid_1_AutoML_14_20260420_195048_model_3,cov_MULL_lag1,1.3056849014619365
1,2,0.3,XGBoost_grid_1_AutoML_14_20260420_195048_model_3,cov_LUFL_lag1,0.1481483099609613
1,2,0.3,XGBoost_grid_1_AutoML_14_20260420_195048_model_3,cov_LULL_lag1,0.017685771738178965
1,2,0.3,XGBoost_grid_1_AutoML_14_20260420_195048_model_3,cov_OT_lag1,0.24661925315856933
1,2,0.3,XGBoost_grid_1_AutoML_14_20260420_195048_model_3,hour_lag1,1.317691850066185
1,2,0.3,XGBoost_grid_1_AutoML_14_20260420_195048_model_3,day_of_week_lag1,0.028951897142687772
1,2,0.3,XGBoost_grid_1_AutoML_14_20260420_195048_model_3,month_lag1,0.15311963044106958
1,2,0.3,XGBoost_grid_1_AutoML_14_20260420_195048_model_3,month_sin,0.07743479873985047
1,2,0.3,XGBoost_grid_1_AutoML_14_20260420_195048_model_3,month_cos,0.09837119203060862
1,2,0.3,XGBoost_grid_1_AutoML_14_20260420_195048_model_5,target_lag1,7.829189376831055
1,2,0.3,XGBoost_grid_1_AutoML_14_20260420_195048_model_5,target_lag2,1.2917791903018951
1,2,0.3,XGBoost_grid_1_AutoML_14_20260420_195048_model_5,target_lag3,0.5086692789196968
1,2,0.3,XGBoost_grid_1_AutoML_14_20260420_195048_model_5,target_lag4,1.3533843161165715
1,2,0.3,XGBoost_grid_1_AutoML_14_20260420_195048_model_5,target_lag5,0.4522054471075535
1,2,0.3,XGBoost_grid_1_AutoML_14_20260420_195048_model_5,target_lag6,0.06481080811470744
1,2,0.3,XGBoost_grid_1_AutoML_14_20260420_195048_model_5,cov_HULL_lag1,1.0000032041221858
1,2,0.3,XGBoost_grid_1_AutoML_14_20260420_195048_model_5,cov_MUFL_lag1,0.2598974921554327
1,2,0.3,XGBoost_grid_1_AutoML_14_20260420_195048_model_5,cov_MULL_lag1,0.8516877036169171
1,2,0.3,XGBoost_grid_1_AutoML_14_20260420_195048_model_5,cov_LUFL_lag1,0.08992196169216182
1,2,0.3,XGBoost_grid_1_AutoML_14_20260420_195048_model_5,cov_LULL_lag1,0.018945556010585195
1,2,0.3,XGBoost_grid_1_AutoML_14_20260420_195048_model_5,cov_OT_lag1,0.31426956549286844
1,2,0.3,XGBoost_grid_1_AutoML_14_20260420_195048_model_5,hour_lag1,1.05219989920035
1,2,0.3,XGBoost_grid_1_AutoML_14_20260420_195048_model_5,day_of_week_lag1,0.0054761927854269045
1,2,0.3,XGBoost_grid_1_AutoML_14_20260420_195048_model_5,month_lag1,0.14136659920215608
1,2,0.3,XGBoost_grid_1_AutoML_14_20260420_195048_model_5,month_sin,0.09414681222289797
1,2,0.3,XGBoost_grid_1_AutoML_14_20260420_195048_model_5,month_cos,0.004874220481142364
1,2,0.3,GBM_2_AutoML_14_20260420_195048,target_lag1,5.326830571889877
1,2,0.3,GBM_2_AutoML_14_20260420_195048,target_lag2,2.2206231355667114
1,2,0.3,GBM_2_AutoML_14_20260420_195048,target_lag3,2.810902039408684
1,2,0.3,GBM_2_AutoML_14_20260420_195048,target_lag4,0.9476747098844498
1,2,0.3,GBM_2_AutoML_14_20260420_195048,target_lag5,0.46405767334625125
1,2,0.3,GBM_2_AutoML_14_20260420_195048,target_lag6,0.07594007799867537
1,2,0.3,GBM_2_AutoML_14_20260420_195048,cov_HULL_lag1,0.7572100830823183
1,2,0.3,GBM_2_AutoML_14_20260420_195048,cov_MUFL_lag1,0.2737324038753286
1,2,0.3,GBM_2_AutoML_14_20260420_195048,cov_MULL_lag1,0.8341801446181489
1,2,0.3,GBM_2_AutoML_14_20260420_195048,cov_LUFL_lag1,0.7046496455743909
1,2,0.3,GBM_2_AutoML_14_20260420_195048,cov_LULL_lag1,0.05241109929978843
1,2,0.3,GBM_2_AutoML_14_20260420_195048,cov_OT_lag1,0.29647090315818786
1,2,0.3,GBM_2_AutoML_14_20260420_195048,hour_lag1,0.9428209564089776
1,2,0.3,GBM_2_AutoML_14_20260420_195048,day_of_week_lag1,0.1810447539296001
1,2,0.3,GBM_2_AutoML_14_20260420_195048,month_lag1,0.15704526889137918
1,2,0.3,GBM_2_AutoML_14_20260420_195048,month_sin,0.11957924518734213
1,2,0.3,GBM_2_AutoML_14_20260420_195048,month_cos,0.05459971309639509
1,2,0.3,GBM_3_AutoML_14_20260420_195048,target_lag1,8.035613391399384
1,2,0.3,GBM_3_AutoML_14_20260420_195048,target_lag2,1.3922935754060746
1,2,0.3,GBM_3_AutoML_14_20260420_195048,target_lag3,0.9091687430813908
1,2,0.3,GBM_3_AutoML_14_20260420_195048,target_lag4,0.7615549940429628
1,2,0.3,GBM_3_AutoML_14_20260420_195048,target_lag5,0.3277372816391289
1,2,0.3,GBM_3_AutoML_14_20260420_195048,target_lag6,0.07858661062084135
1,2,0.3,GBM_3_AutoML_14_20260420_195048,cov_HULL_lag1,0.34092988304793836
1,2,0.3,GBM_3_AutoML_14_20260420_195048,cov_MUFL_lag1,0.2797314332984388
1,2,0.3,GBM_3_AutoML_14_20260420_195048,cov_MULL_lag1,0.3843961152434349
1,2,0.3,GBM_3_AutoML_14_20260420_195048,cov_LUFL_lag1,0.6170903013646603
1,2,0.3,GBM_3_AutoML_14_20260420_195048,cov_LULL_lag1,0.038908204734325366
1,2,0.3,GBM_3_AutoML_14_20260420_195048,cov_OT_lag1,0.2641587952151895
1,2,0.3,GBM_3_AutoML_14_20260420_195048,hour_lag1,0.780058844909072
1,2,0.3,GBM_3_AutoML_14_20260420_195048,day_of_week_lag1,0.10909481507260349
1,2,0.3,GBM_3_AutoML_14_20260420_195048,month_lag1,0.11889696258120236
1,2,0.3,GBM_3_AutoML_14_20260420_195048,month_sin,0.11586511604487892
1,2,0.3,GBM_3_AutoML_14_20260420_195048,month_cos,0.047020565085113014
1,2,0.3,XGBoost_3_AutoML_14_20260420_195048,target_lag1,5.7969893705844875
1,2,0.3,XGBoost_3_AutoML_14_20260420_195048,target_lag2,2.5850344812870025
1,2,0.3,XGBoost_3_AutoML_14_20260420_195048,target_lag3,1.4541985952854157
1,2,0.3,XGBoost_3_AutoML_14_20260420_195048,target_lag4,1.1560829456150532
1,2,0.3,XGBoost_3_AutoML_14_20260420_195048,target_lag5,0.4597528450936079
1,2,0.3,XGBoost_3_AutoML_14_20260420_195048,target_lag6,0.32727317038923504
1,2,0.3,XGBoost_3_AutoML_14_20260420_195048,cov_HULL_lag1,0.544942453247495
1,2,0.3,XGBoost_3_AutoML_14_20260420_195048,cov_MUFL_lag1,0.20613528184592725
1,2,0.3,XGBoost_3_AutoML_14_20260420_195048,cov_MULL_lag1,0.7988164677098394
1,2,0.3,XGBoost_3_AutoML_14_20260420_195048,cov_LUFL_lag1,0.8802765474468469
1,2,0.3,XGBoost_3_AutoML_14_20260420_195048,cov_LULL_lag1,0.03153964778874065
1,2,0.3,XGBoost_3_AutoML_14_20260420_195048,cov_OT_lag1,0.3716763320658356
1,2,0.3,XGBoost_3_AutoML_14_20260420_195048,hour_lag1,1.0840961991250515
1,2,0.3,XGBoost_3_AutoML_14_20260420_195048,day_of_week_lag1,0.19945568751078097
1,2,0.3,XGBoost_3_AutoML_14_20260420_195048,month_lag1,0.22620047328993678
1,2,0.3,XGBoost_3_AutoML_14_20260420_195048,month_sin,0.17329481616616246
1,2,0.3,XGBoost_3_AutoML_14_20260420_195048,month_cos,0.036305810878984573
1,2,0.3,GBM_1_AutoML_14_20260420_195048,target_lag1,6.378272581100464
1,2,0.3,GBM_1_AutoML_14_20260420_195048,target_lag2,1.9328087091445922
1,2,0.3,GBM_1_AutoML_14_20260420_195048,target_lag3,1.259683185815811
1,2,0.3,GBM_1_AutoML_14_20260420_195048,target_lag4,1.322647956041619
1,2,0.3,GBM_1_AutoML_14_20260420_195048,target_lag5,0.2082087934575975
1,2,0.3,GBM_1_AutoML_14_20260420_195048,target_lag6,0.12743273127824065
1,2,0.3,GBM_1_AutoML_14_20260420_195048,cov_HULL_lag1,0.8752647821232676
1,2,0.3,GBM_1_AutoML_14_20260420_195048,cov_MUFL_lag1,0.3807008640468121
1,2,0.3,GBM_1_AutoML_14_20260420_195048,cov_MULL_lag1,1.0238247356563805
1,2,0.3,GBM_1_AutoML_14_20260420_195048,cov_LUFL_lag1,0.08874413907062259
1,2,0.3,GBM_1_AutoML_14_20260420_195048,cov_LULL_lag1,0.055489791389554705
1,2,0.3,GBM_1_AutoML_14_20260420_195048,cov_OT_lag1,0.20554673906415702
1,2,0.3,GBM_1_AutoML_14_20260420_195048,hour_lag1,0.8156336056609871
1,2,0.3,GBM_1_AutoML_14_20260420_195048,day_of_week_lag1,0.08232284167315808
1,2,0.3,GBM_1_AutoML_14_20260420_195048,month_lag1,0.07326883170753713
1,2,0.3,GBM_1_AutoML_14_20260420_195048,month_sin,0.09496774081140752
1,2,0.3,GBM_1_AutoML_14_20260420_195048,month_cos,0.02439147407654669
1,2,0.3,XRT_1_AutoML_14_20260420_195048,target_lag1,1.9780559108406306
1,2,0.3,XRT_1_AutoML_14_20260420_195048,target_lag2,1.8898111861944198
1,2,0.3,XRT_1_AutoML_14_20260420_195048,target_lag3,1.0464961212873458
1,2,0.3,XRT_1_AutoML_14_20260420_195048,target_lag4,1.347739497423172
1,2,0.3,XRT_1_AutoML_14_20260420_195048,target_lag5,0.838992778211832
1,2,0.3,XRT_1_AutoML_14_20260420_195048,target_lag6,7.113986426629126
1,2,0.3,XRT_1_AutoML_14_20260420_195048,cov_HULL_lag1,0.6688898276537657
1,2,0.3,XRT_1_AutoML_14_20260420_195048,cov_MUFL_lag1,0.4657661671563983
1,2,0.3,XRT_1_AutoML_14_20260420_195048,cov_MULL_lag1,1.24682775080204
1,2,0.3,XRT_1_AutoML_14_20260420_195048,cov_LUFL_lag1,0.4650472699850798
1,2,0.3,XRT_1_AutoML_14_20260420_195048,cov_LULL_lag1,0.1549787581991404
1,2,0.3,XRT_1_AutoML_14_20260420_195048,cov_OT_lag1,0.321510408258182
1,2,0.3,XRT_1_AutoML_14_20260420_195048,hour_lag1,0.5677125685662031
1,2,0.3,XRT_1_AutoML_14_20260420_195048,day_of_week_lag1,0.5339237223472446
1,2,0.3,XRT_1_AutoML_14_20260420_195048,month_lag1,1.7550701600685716
1,2,0.3,XRT_1_AutoML_14_20260420_195048,month_sin,0.1657932648388669
1,2,0.3,XRT_1_AutoML_14_20260420_195048,month_cos,0.2575220303237438
1,2,0.3,DRF_1_AutoML_14_20260420_195048,target_lag1,3.4466538666188717
1,2,0.3,DRF_1_AutoML_14_20260420_195048,target_lag2,0.8794447948411107
1,2,0.3,DRF_1_AutoML_14_20260420_195048,target_lag3,0.6020856892503798
1,2,0.3,DRF_1_AutoML_14_20260420_195048,target_lag4,0.9612870436534285
1,2,0.3,DRF_1_AutoML_14_20260420_195048,target_lag5,0.552620354294777
1,2,0.3,DRF_1_AutoML_14_20260420_195048,target_lag6,0.5117565838806332
1,2,0.3,DRF_1_AutoML_14_20260420_195048,cov_HULL_lag1,0.524543599486351
1,2,0.3,DRF_1_AutoML_14_20260420_195048,cov_MUFL_lag1,0.6647256670892239
1,2,0.3,DRF_1_AutoML_14_20260420_195048,cov_MULL_lag1,0.7266341038513928
1,2,0.3,DRF_1_AutoML_14_20260420_195048,cov_LUFL_lag1,0.43610755167901516
1,2,0.3,DRF_1_AutoML_14_20260420_195048,cov_LULL_lag1,0.19463900370290502
1,2,0.3,DRF_1_AutoML_14_20260420_195048,cov_OT_lag1,0.12398780879098918
1,2,0.3,DRF_1_AutoML_14_20260420_195048,hour_lag1,0.42753915932029485
1,2,0.3,DRF_1_AutoML_14_20260420_195048,day_of_week_lag1,0.09630205411696803
1,2,0.3,DRF_1_AutoML_14_20260420_195048,month_lag1,0.08444971809629348
1,2,0.3,DRF_1_AutoML_14_20260420_195048,month_sin,0.07906860884395424
1,2,0.3,DRF_1_AutoML_14_20260420_195048,month_cos,0.061098961895331684
1,2,0.3,GBM_4_AutoML_14_20260420_195048,target_lag1,6.240544030666351
1,2,0.3,GBM_4_AutoML_14_20260420_195048,target_lag2,2.37026349067688
1,2,0.3,GBM_4_AutoML_14_20260420_195048,target_lag3,0.9544977909326553
1,2,0.3,GBM_4_AutoML_14_20260420_195048,target_lag4,1.4691475957259537
1,2,0.3,GBM_4_AutoML_14_20260420_195048,target_lag5,0.31232510328292845
1,2,0.3,GBM_4_AutoML_14_20260420_195048,target_lag6,0.09677376979030665
1,2,0.3,GBM_4_AutoML_14_20260420_195048,cov_HULL_lag1,0.21017251966521144
1,2,0.3,GBM_4_AutoML_14_20260420_195048,cov_MUFL_lag1,0.41475901906844226
1,2,0.3,GBM_4_AutoML_14_20260420_195048,cov_MULL_lag1,0.6686485479399562
1,2,0.3,GBM_4_AutoML_14_20260420_195048,cov_LUFL_lag1,0.4429134724661708
1,2,0.3,GBM_4_AutoML_14_20260420_195048,cov_LULL_lag1,0.03754049729439426
1,2,0.3,GBM_4_AutoML_14_20260420_195048,cov_OT_lag1,0.24273344820365308
1,2,0.3,GBM_4_AutoML_14_20260420_195048,hour_lag1,0.7493353021144867
1,2,0.3,GBM_4_AutoML_14_20260420_195048,day_of_week_lag1,0.1055520133161917
1,2,0.3,GBM_4_AutoML_14_20260420_195048,month_lag1,0.08358000058680769
1,2,0.3,GBM_4_AutoML_14_20260420_195048,month_sin,0.06308409442193802
1,2,0.3,GBM_4_AutoML_14_20260420_195048,month_cos,0.09594807904213663
1,2,0.3,GBM_grid_1_AutoML_14_20260420_195048_model_2,target_lag1,5.879704276323318
1,2,0.3,GBM_grid_1_AutoML_14_20260420_195048_model_2,target_lag2,1.8171511602401733
1,2,0.3,GBM_grid_1_AutoML_14_20260420_195048_model_2,target_lag3,2.3972057816386223
1,2,0.3,GBM_grid_1_AutoML_14_20260420_195048_model_2,target_lag4,0.46190121782012283
1,2,0.3,GBM_grid_1_AutoML_14_20260420_195048_model_2,target_lag5,0.6642875894904137
1,2,0.3,GBM_grid_1_AutoML_14_20260420_195048_model_2,target_lag6,0.39223044010344893
1,2,0.3,GBM_grid_1_AutoML_14_20260420_195048_model_2,cov_HULL_lag1,0.9340411610156297
1,2,0.3,GBM_grid_1_AutoML_14_20260420_195048_model_2,cov_MUFL_lag1,0.3152757365815341
1,2,0.3,GBM_grid_1_AutoML_14_20260420_195048_model_2,cov_MULL_lag1,0.39334277684101837
1,2,0.3,GBM_grid_1_AutoML_14_20260420_195048_model_2,cov_LUFL_lag1,0.46044849455356596
1,2,0.3,GBM_grid_1_AutoML_14_20260420_195048_model_2,cov_LULL_lag1,0.07098618668271224
1,2,0.3,GBM_grid_1_AutoML_14_20260420_195048_model_2,cov_OT_lag1,0.22277820556424557
1,2,0.3,GBM_grid_1_AutoML_14_20260420_195048_model_2,hour_lag1,0.5056532079679892
1,2,0.3,GBM_grid_1_AutoML_14_20260420_195048_model_2,day_of_week_lag1,0.10670850060880181
1,2,0.3,GBM_grid_1_AutoML_14_20260420_195048_model_2,month_lag1,0.11563748769462105
1,2,0.3,GBM_grid_1_AutoML_14_20260420_195048_model_2,month_sin,0.06691669564228502
1,2,0.3,GBM_grid_1_AutoML_14_20260420_195048_model_2,month_cos,0.09389592210995029
1,2,0.3,XGBoost_grid_1_AutoML_14_20260420_195048_model_2,target_lag1,7.848841950893402
1,2,0.3,XGBoost_grid_1_AutoML_14_20260420_195048_model_2,target_lag2,1.343441333770752
1,2,0.3,XGBoost_grid_1_AutoML_14_20260420_195048_model_2,target_lag3,1.961376865822822
1,2,0.3,XGBoost_grid_1_AutoML_14_20260420_195048_model_2,target_lag4,0.739316547587514
1,2,0.3,XGBoost_grid_1_AutoML_14_20260420_195048_model_2,target_lag5,0.3963297203741968
1,2,0.3,XGBoost_grid_1_AutoML_14_20260420_195048_model_2,target_lag6,0.2676228617876768
1,2,0.3,XGBoost_grid_1_AutoML_14_20260420_195048_model_2,cov_HULL_lag1,1.2701705481112002
1,2,0.3,XGBoost_grid_1_AutoML_14_20260420_195048_model_2,cov_MUFL_lag1,0.6985376578941941
1,2,0.3,XGBoost_grid_1_AutoML_14_20260420_195048_model_2,cov_MULL_lag1,0.4655915361642837
1,2,0.3,XGBoost_grid_1_AutoML_14_20260420_195048_model_2,cov_LUFL_lag1,1.4902874061465263
1,2,0.3,XGBoost_grid_1_AutoML_14_20260420_195048_model_2,cov_LULL_lag1,0.060194353094557264
1,2,0.3,XGBoost_grid_1_AutoML_14_20260420_195048_model_2,cov_OT_lag1,0.41253661647439005
1,2,0.3,XGBoost_grid_1_AutoML_14_20260420_195048_model_2,hour_lag1,0.7508650486916304
1,2,0.3,XGBoost_grid_1_AutoML_14_20260420_195048_model_2,day_of_week_lag1,0.3127562848106027
1,2,0.3,XGBoost_grid_1_AutoML_14_20260420_195048_model_2,month_lag1,0.09055467188358303
1,2,0.3,XGBoost_grid_1_AutoML_14_20260420_195048_model_2,month_sin,0.12626999053172763
1,2,0.3,XGBoost_grid_1_AutoML_14_20260420_195048_model_2,month_cos,0.08326836402993645
1,2,0.3,GBM_grid_1_AutoML_14_20260420_195048_model_1,target_lag1,3.19606061283499
1,2,0.3,GBM_grid_1_AutoML_14_20260420_195048_model_1,target_lag2,1.9125023424625396
1,2,0.3,GBM_grid_1_AutoML_14_20260420_195048_model_1,target_lag3,2.602466734647751
1,2,0.3,GBM_grid_1_AutoML_14_20260420_195048_model_1,target_lag4,1.0612437503039838
1,2,0.3,GBM_grid_1_AutoML_14_20260420_195048_model_1,target_lag5,1.2580887458845973
1,2,0.3,GBM_grid_1_AutoML_14_20260420_195048_model_1,target_lag6,0.7859815097413957
1,2,0.3,GBM_grid_1_AutoML_14_20260420_195048_model_1,cov_HULL_lag1,1.374456972554326
1,2,0.3,GBM_grid_1_AutoML_14_20260420_195048_model_1,cov_MUFL_lag1,0.588269054889679
1,2,0.3,GBM_grid_1_AutoML_14_20260420_195048_model_1,cov_MULL_lag1,1.5994738922268152
1,2,0.3,GBM_grid_1_AutoML_14_20260420_195048_model_1,cov_LUFL_lag1,0.6948914547264576
1,2,0.3,GBM_grid_1_AutoML_14_20260420_195048_model_1,cov_LULL_lag1,0.03919488273560996
1,2,0.3,GBM_grid_1_AutoML_14_20260420_195048_model_1,cov_OT_lag1,0.23060600524768232
1,2,0.3,GBM_grid_1_AutoML_14_20260420_195048_model_1,hour_lag1,0.7313830538652837
1,2,0.3,GBM_grid_1_AutoML_14_20260420_195048_model_1,day_of_week_lag1,0.09666765978094187
1,2,0.3,GBM_grid_1_AutoML_14_20260420_195048_model_1,month_lag1,0.053016151732299434
1,2,0.3,GBM_grid_1_AutoML_14_20260420_195048_model_1,month_sin,0.16727144904434682
1,2,0.3,GBM_grid_1_AutoML_14_20260420_195048_model_1,month_cos,0.06489679409249216
1,2,0.3,XGBoost_grid_1_AutoML_14_20260420_195048_model_6,target_lag1,4.316927757561206
1,2,0.3,XGBoost_grid_1_AutoML_14_20260420_195048_model_6,target_lag2,1.6357036197185517
1,2,0.3,XGBoost_grid_1_AutoML_14_20260420_195048_model_6,target_lag3,3.039311003088951
1,2,0.3,XGBoost_grid_1_AutoML_14_20260420_195048_model_6,target_lag4,0.5451065666694194
1,2,0.3,XGBoost_grid_1_AutoML_14_20260420_195048_model_6,target_lag5,0.3278561661229469
1,2,0.3,XGBoost_grid_1_AutoML_14_20260420_195048_model_6,target_lag6,0.5011380400881171
1,2,0.3,XGBoost_grid_1_AutoML_14_20260420_195048_model_6,cov_HULL_lag1,0.5979787140339613
1,2,0.3,XGBoost_grid_1_AutoML_14_20260420_195048_model_6,cov_MUFL_lag1,0.3221511605940759
1,2,0.3,XGBoost_grid_1_AutoML_14_20260420_195048_model_6,cov_MULL_lag1,1.380628336071968
1,2,0.3,XGBoost_grid_1_AutoML_14_20260420_195048_model_6,cov_LUFL_lag1,1.0117127557098866
1,2,0.3,XGBoost_grid_1_AutoML_14_20260420_195048_model_6,cov_LULL_lag1,0.07079749862663444
1,2,0.3,XGBoost_grid_1_AutoML_14_20260420_195048_model_6,cov_OT_lag1,0.5655790281668306
1,2,0.3,XGBoost_grid_1_AutoML_14_20260420_195048_model_6,hour_lag1,0.926391628505662
1,2,0.3,XGBoost_grid_1_AutoML_14_20260420_195048_model_6,day_of_week_lag1,0.1067315761458303
1,2,0.3,XGBoost_grid_1_AutoML_14_20260420_195048_model_6,month_lag1,0.07360701650381084
1,2,0.3,XGBoost_grid_1_AutoML_14_20260420_195048_model_6,month_sin,0.08155840780818831
1,2,0.3,XGBoost_grid_1_AutoML_14_20260420_195048_model_6,month_cos,0.17009805703535677
1,2,0.3,XGBoost_1_AutoML_14_20260420_195048,target_lag1,5.807058100700378
1,2,0.3,XGBoost_1_AutoML_14_20260420_195048,target_lag2,2.487881380319595
1,2,0.3,XGBoost_1_AutoML_14_20260420_195048,target_lag3,0.5436865989491344
1,2,0.3,XGBoost_1_AutoML_14_20260420_195048,target_lag4,1.4909907780587672
1,2,0.3,XGBoost_1_AutoML_14_20260420_195048,target_lag5,0.25143124994821847
1,2,0.3,XGBoost_1_AutoML_14_20260420_195048,target_lag6,0.34704362752847373
1,2,0.3,XGBoost_1_AutoML_14_20260420_195048,cov_HULL_lag1,0.7942390113696456
1,2,0.3,XGBoost_1_AutoML_14_20260420_195048,cov_MUFL_lag1,0.581461900640279
1,2,0.3,XGBoost_1_AutoML_14_20260420_195048,cov_MULL_lag1,3.3329984278744087
1,2,0.3,XGBoost_1_AutoML_14_20260420_195048,cov_LUFL_lag1,0.935646465618629
1,2,0.3,XGBoost_1_AutoML_14_20260420_195048,cov_LULL_lag1,0.10880027860403058
1,2,0.3,XGBoost_1_AutoML_14_20260420_195048,cov_OT_lag1,0.34912124458700416
1,2,0.3,XGBoost_1_AutoML_14_20260420_195048,hour_lag1,1.0411345554376021
1,2,0.3,XGBoost_1_AutoML_14_20260420_195048,day_of_week_lag1,0.20531474039657038
1,2,0.3,XGBoost_1_AutoML_14_20260420_195048,month_lag1,0.08776597421616313
1,2,0.3,XGBoost_1_AutoML_14_20260420_195048,month_sin,0.1498037034575827
1,2,0.3,XGBoost_1_AutoML_14_20260420_195048,month_cos,0.09251731895434201
1,2,0.3,XGBoost_2_AutoML_14_20260420_195048,target_lag1,4.688930233120918
1,2,0.3,XGBoost_2_AutoML_14_20260420_195048,target_lag2,3.5026968145370483
1,2,0.3,XGBoost_2_AutoML_14_20260420_195048,target_lag3,1.352392296367325
1,2,0.3,XGBoost_2_AutoML_14_20260420_195048,target_lag4,1.2490589607879519
1,2,0.3,XGBoost_2_AutoML_14_20260420_195048,target_lag5,0.6945917508006096
1,2,0.3,XGBoost_2_AutoML_14_20260420_195048,target_lag6,0.3232877868786454
1,2,0.3,XGBoost_2_AutoML_14_20260420_195048,cov_HULL_lag1,1.5837244326621294
1,2,0.3,XGBoost_2_AutoML_14_20260420_195048,cov_MUFL_lag1,1.0174460242129861
1,2,0.3,XGBoost_2_AutoML_14_20260420_195048,cov_MULL_lag1,1.1493490064144134
1,2,0.3,XGBoost_2_AutoML_14_20260420_195048,cov_LUFL_lag1,1.156962059289217
1,2,0.3,XGBoost_2_AutoML_14_20260420_195048,cov_LULL_lag1,0.08558795192278917
1,2,0.3,XGBoost_2_AutoML_14_20260420_195048,cov_OT_lag1,0.37396921499632296
1,2,0.3,XGBoost_2_AutoML_14_20260420_195048,hour_lag1,1.2007450611982495
1,2,0.3,XGBoost_2_AutoML_14_20260420_195048,day_of_week_lag1,0.12487311602104452
1,2,0.3,XGBoost_2_AutoML_14_20260420_195048,month_lag1,0.10160365510731932
1,2,0.3,XGBoost_2_AutoML_14_20260420_195048,month_sin,0.16521468771621578
1,2,0.3,XGBoost_2_AutoML_14_20260420_195048,month_cos,0.08693196433596309
1,2,0.3,GBM_grid_1_AutoML_14_20260420_195048_model_3,target_lag1,3.7833482447266578
1,2,0.3,GBM_grid_1_AutoML_14_20260420_195048_model_3,target_lag2,2.2700761377811434
1,2,0.3,GBM_grid_1_AutoML_14_20260420_195048_model_3,target_lag3,2.619469368457794
1,2,0.3,GBM_grid_1_AutoML_14_20260420_195048_model_3,target_lag4,1.1205770631879568
1,2,0.3,GBM_grid_1_AutoML_14_20260420_195048_model_3,target_lag5,0.37620039843954145
1,2,0.3,GBM_grid_1_AutoML_14_20260420_195048_model_3,target_lag6,0.37669607168529184
1,2,0.3,GBM_grid_1_AutoML_14_20260420_195048_model_3,cov_HULL_lag1,1.3575240215659141
1,2,0.3,GBM_grid_1_AutoML_14_20260420_195048_model_3,cov_MUFL_lag1,0.3386162935197353
1,2,0.3,GBM_grid_1_AutoML_14_20260420_195048_model_3,cov_MULL_lag1,1.4925625295192004
1,2,0.3,GBM_grid_1_AutoML_14_20260420_195048_model_3,cov_LUFL_lag1,0.28804814609931784
1,2,0.3,GBM_grid_1_AutoML_14_20260420_195048_model_3,cov_LULL_lag1,0.07110958754783493
1,2,0.3,GBM_grid_1_AutoML_14_20260420_195048_model_3,cov_OT_lag1,0.21808172419201582
1,2,0.3,GBM_grid_1_AutoML_14_20260420_195048_model_3,hour_lag1,0.670897884182632
1,2,0.3,GBM_grid_1_AutoML_14_20260420_195048_model_3,day_of_week_lag1,0.1189108218438923
1,2,0.3,GBM_grid_1_AutoML_14_20260420_195048_model_3,month_lag1,0.2915552167594433
1,2,0.3,GBM_grid_1_AutoML_14_20260420_195048_model_3,month_sin,0.0977292881114408
1,2,0.3,GBM_grid_1_AutoML_14_20260420_195048_model_3,month_cos,0.1019708025641739
2,2,0.05,GBM_4_AutoML_18_20260420_195533,target_lag1,9.039216821193696
2,2,0.05,GBM_4_AutoML_18_20260420_195533,target_lag2,1.5042482295259834
2,2,0.05,GBM_4_AutoML_18_20260420_195533,target_lag3,1.0305575777590275
2,2,0.05,GBM_4_AutoML_18_20260420_195533,target_lag4,0.5550726956501603
2,2,0.05,GBM_4_AutoML_18_20260420_195533,target_lag5,0.15370477777905758
2,2,0.05,GBM_4_AutoML_18_20260420_195533,target_lag6,0.11824625212932002
2,2,0.05,GBM_4_AutoML_18_20260420_195533,cov_HULL_lag1,0.3246402375027537
2,2,0.05,GBM_4_AutoML_18_20260420_195533,cov_MUFL_lag1,0.07551548419054593
2,2,0.05,GBM_4_AutoML_18_20260420_195533,cov_MULL_lag1,0.430118111744523
2,2,0.05,GBM_4_AutoML_18_20260420_195533,cov_LUFL_lag1,0.148229756783694
2,2,0.05,GBM_4_AutoML_18_20260420_195533,cov_LULL_lag1,0.16854908391484058
2,2,0.05,GBM_4_AutoML_18_20260420_195533,cov_OT_lag1,0.34967459194362166
2,2,0.05,GBM_4_AutoML_18_20260420_195533,hour_lag1,0.8990900242328643
2,2,0.05,GBM_4_AutoML_18_20260420_195533,day_of_week_lag1,0.133360080292623
2,2,0.05,GBM_4_AutoML_18_20260420_195533,month_lag1,0.28834012668579817
2,2,0.05,GBM_4_AutoML_18_20260420_195533,month_sin,0.11282829193165522
2,2,0.05,GBM_4_AutoML_18_20260420_195533,month_cos,0.06863619434763674
2,2,0.05,GBM_4_AutoML_18_20260420_195533,year,0.17097260442562398
2,2,0.1,GBM_4_AutoML_18_20260420_195533,target_lag1,9.039216821193696
2,2,0.1,GBM_4_AutoML_18_20260420_195533,target_lag2,1.5042482295259834
2,2,0.1,GBM_4_AutoML_18_20260420_195533,target_lag3,1.0305575777590275
2,2,0.1,GBM_4_AutoML_18_20260420_195533,target_lag4,0.5550726956501603
2,2,0.1,GBM_4_AutoML_18_20260420_195533,target_lag5,0.15370477777905758
2,2,0.1,GBM_4_AutoML_18_20260420_195533,target_lag6,0.11824625212932002
2,2,0.1,GBM_4_AutoML_18_20260420_195533,cov_HULL_lag1,0.3246402375027537
2,2,0.1,GBM_4_AutoML_18_20260420_195533,cov_MUFL_lag1,0.07551548419054593
2,2,0.1,GBM_4_AutoML_18_20260420_195533,cov_MULL_lag1,0.430118111744523
2,2,0.1,GBM_4_AutoML_18_20260420_195533,cov_LUFL_lag1,0.148229756783694
2,2,0.1,GBM_4_AutoML_18_20260420_195533,cov_LULL_lag1,0.16854908391484058
2,2,0.1,GBM_4_AutoML_18_20260420_195533,cov_OT_lag1,0.34967459194362166
2,2,0.1,GBM_4_AutoML_18_20260420_195533,hour_lag1,0.8990900242328643
2,2,0.1,GBM_4_AutoML_18_20260420_195533,day_of_week_lag1,0.133360080292623
2,2,0.1,GBM_4_AutoML_18_20260420_195533,month_lag1,0.28834012668579817
2,2,0.1,GBM_4_AutoML_18_20260420_195533,month_sin,0.11282829193165522
2,2,0.1,GBM_4_AutoML_18_20260420_195533,month_cos,0.06863619434763674
2,2,0.1,GBM_4_AutoML_18_20260420_195533,year,0.17097260442562398
2,2,0.2,GBM_4_AutoML_18_20260420_195533,target_lag1,9.039216821193696
2,2,0.2,GBM_4_AutoML_18_20260420_195533,target_lag2,1.5042482295259834
2,2,0.2,GBM_4_AutoML_18_20260420_195533,target_lag3,1.0305575777590275
2,2,0.2,GBM_4_AutoML_18_20260420_195533,target_lag4,0.5550726956501603
2,2,0.2,GBM_4_AutoML_18_20260420_195533,target_lag5,0.15370477777905758
2,2,0.2,GBM_4_AutoML_18_20260420_195533,target_lag6,0.11824625212932002
2,2,0.2,GBM_4_AutoML_18_20260420_195533,cov_HULL_lag1,0.3246402375027537
2,2,0.2,GBM_4_AutoML_18_20260420_195533,cov_MUFL_lag1,0.07551548419054593
2,2,0.2,GBM_4_AutoML_18_20260420_195533,cov_MULL_lag1,0.430118111744523
2,2,0.2,GBM_4_AutoML_18_20260420_195533,cov_LUFL_lag1,0.148229756783694
2,2,0.2,GBM_4_AutoML_18_20260420_195533,cov_LULL_lag1,0.16854908391484058
2,2,0.2,GBM_4_AutoML_18_20260420_195533,cov_OT_lag1,0.34967459194362166
2,2,0.2,GBM_4_AutoML_18_20260420_195533,hour_lag1,0.8990900242328643
2,2,0.2,GBM_4_AutoML_18_20260420_195533,day_of_week_lag1,0.133360080292623
2,2,0.2,GBM_4_AutoML_18_20260420_195533,month_lag1,0.28834012668579817
2,2,0.2,GBM_4_AutoML_18_20260420_195533,month_sin,0.11282829193165522
2,2,0.2,GBM_4_AutoML_18_20260420_195533,month_cos,0.06863619434763674
2,2,0.2,GBM_4_AutoML_18_20260420_195533,year,0.17097260442562398
2,2,0.2,GBM_5_AutoML_18_20260420_195533,target_lag1,7.96589706659317
2,2,0.2,GBM_5_AutoML_18_20260420_195533,target_lag2,3.118755144774914
2,2,0.2,GBM_5_AutoML_18_20260420_195533,target_lag3,0.4209159274958074
2,2,0.2,GBM_5_AutoML_18_20260420_195533,target_lag4,0.3103867065906525
2,2,0.2,GBM_5_AutoML_18_20260420_195533,target_lag5,0.20217298997566105
2,2,0.2,GBM_5_AutoML_18_20260420_195533,target_lag6,0.11336667605675753
2,2,0.2,GBM_5_AutoML_18_20260420_195533,cov_HULL_lag1,0.17553761756047606
2,2,0.2,GBM_5_AutoML_18_20260420_195533,cov_MUFL_lag1,0.24473877091309987
2,2,0.2,GBM_5_AutoML_18_20260420_195533,cov_MULL_lag1,0.36728086963295936
2,2,0.2,GBM_5_AutoML_18_20260420_195533,cov_LUFL_lag1,0.28948348183184863
2,2,0.2,GBM_5_AutoML_18_20260420_195533,cov_LULL_lag1,0.11138057347168794
2,2,0.2,GBM_5_AutoML_18_20260420_195533,cov_OT_lag1,0.2777936903387308
2,2,0.2,GBM_5_AutoML_18_20260420_195533,hour_lag1,0.9533939597010612
2,2,0.2,GBM_5_AutoML_18_20260420_195533,day_of_week_lag1,0.04931925627563029
2,2,0.2,GBM_5_AutoML_18_20260420_195533,month_lag1,0.05802856628783044
2,2,0.2,GBM_5_AutoML_18_20260420_195533,month_sin,0.07564851889270355
2,2,0.2,GBM_5_AutoML_18_20260420_195533,month_cos,0.03897852465510364
2,2,0.2,GBM_5_AutoML_18_20260420_195533,year,0.1465825004130602
2,2,0.2,GBM_grid_1_AutoML_18_20260420_195533_model_2,target_lag1,5.334759385585785
2,2,0.2,GBM_grid_1_AutoML_18_20260420_195533_model_2,target_lag2,2.6555184000730514
2,2,0.2,GBM_grid_1_AutoML_18_20260420_195533_model_2,target_lag3,1.3732436073571443
2,2,0.2,GBM_grid_1_AutoML_18_20260420_195533_model_2,target_lag4,1.3543320841528474
2,2,0.2,GBM_grid_1_AutoML_18_20260420_195533_model_2,target_lag5,0.16958421900868415
2,2,0.2,GBM_grid_1_AutoML_18_20260420_195533_model_2,target_lag6,0.15376248153857883
2,2,0.2,GBM_grid_1_AutoML_18_20260420_195533_model_2,cov_HULL_lag1,0.9295521823316812
2,2,0.2,GBM_grid_1_AutoML_18_20260420_195533_model_2,cov_MUFL_lag1,0.22063647896051408
2,2,0.2,GBM_grid_1_AutoML_18_20260420_195533_model_2,cov_MULL_lag1,0.305973677393049
2,2,0.2,GBM_grid_1_AutoML_18_20260420_195533_model_2,cov_LUFL_lag1,0.21039967564865947
2,2,0.2,GBM_grid_1_AutoML_18_20260420_195533_model_2,cov_LULL_lag1,0.35453250991995444
2,2,0.2,GBM_grid_1_AutoML_18_20260420_195533_model_2,cov_OT_lag1,0.2852803238388151
2,2,0.2,GBM_grid_1_AutoML_18_20260420_195533_model_2,hour_lag1,0.6901100043207407
2,2,0.2,GBM_grid_1_AutoML_18_20260420_195533_model_2,day_of_week_lag1,0.11087264658417549
2,2,0.2,GBM_grid_1_AutoML_18_20260420_195533_model_2,month_lag1,0.16533921543974428
2,2,0.2,GBM_grid_1_AutoML_18_20260420_195533_model_2,month_sin,0.0650701597635634
2,2,0.2,GBM_grid_1_AutoML_18_20260420_195533_model_2,month_cos,0.2001214058790356
2,2,0.2,GBM_grid_1_AutoML_18_20260420_195533_model_2,year,0.2951940452051349
2,2,0.2,GBM_2_AutoML_18_20260420_195533,target_lag1,6.698973875641823
2,2,0.2,GBM_2_AutoML_18_20260420_195533,target_lag2,4.213500252962112
2,2,0.2,GBM_2_AutoML_18_20260420_195533,target_lag3,0.6660108466353267
2,2,0.2,GBM_2_AutoML_18_20260420_195533,target_lag4,0.334703225819394
2,2,0.2,GBM_2_AutoML_18_20260420_195533,target_lag5,0.19399702180176973
2,2,0.2,GBM_2_AutoML_18_20260420_195533,target_lag6,0.09000630171038207
2,2,0.2,GBM_2_AutoML_18_20260420_195533,cov_HULL_lag1,0.4345481425151229
2,2,0.2,GBM_2_AutoML_18_20260420_195533,cov_MUFL_lag1,0.08343649239744985
2,2,0.2,GBM_2_AutoML_18_20260420_195533,cov_MULL_lag1,0.2674293923052028
2,2,0.2,GBM_2_AutoML_18_20260420_195533,cov_LUFL_lag1,0.22583925113081932
2,2,0.2,GBM_2_AutoML_18_20260420_195533,cov_LULL_lag1,0.16292741592042145
2,2,0.2,GBM_2_AutoML_18_20260420_195533,cov_OT_lag1,0.4077398899383843
2,2,0.2,GBM_2_AutoML_18_20260420_195533,hour_lag1,0.9229204583354295
2,2,0.2,GBM_2_AutoML_18_20260420_195533,day_of_week_lag1,0.07126948204822835
2,2,0.2,GBM_2_AutoML_18_20260420_195533,month_lag1,0.06263290150323879
2,2,0.2,GBM_2_AutoML_18_20260420_195533,month_sin,0.1028629901539534
2,2,0.2,GBM_2_AutoML_18_20260420_195533,month_cos,0.04122763990511882
2,2,0.2,GBM_2_AutoML_18_20260420_195533,year,0.10909153891727325
2,2,0.2,GBM_1_AutoML_18_20260420_195533,target_lag1,7.8089797806739805
2,2,0.2,GBM_1_AutoML_18_20260420_195533,target_lag2,2.5665869857370853
2,2,0.2,GBM_1_AutoML_18_20260420_195533,target_lag3,0.5441972274705767
2,2,0.2,GBM_1_AutoML_18_20260420_195533,target_lag4,0.7256549373269081
2,2,0.2,GBM_1_AutoML_18_20260420_195533,target_lag5,0.5553843130683527
2,2,0.2,GBM_1_AutoML_18_20260420_195533,target_lag6,0.1526181815192103
2,2,0.2,GBM_1_AutoML_18_20260420_195533,cov_HULL_lag1,0.7155025506019592
2,2,0.2,GBM_1_AutoML_18_20260420_195533,cov_MUFL_lag1,0.06469544428633522
2,2,0.2,GBM_1_AutoML_18_20260420_195533,cov_MULL_lag1,0.35996943190693853
2,2,0.2,GBM_1_AutoML_18_20260420_195533,cov_LUFL_lag1,0.24550186414271594
2,2,0.2,GBM_1_AutoML_18_20260420_195533,cov_LULL_lag1,0.11853396560065445
2,2,0.2,GBM_1_AutoML_18_20260420_195533,cov_OT_lag1,0.1574079607054591
2,2,0.2,GBM_1_AutoML_18_20260420_195533,hour_lag1,0.9959138494729995
2,2,0.2,GBM_1_AutoML_18_20260420_195533,day_of_week_lag1,0.053572512377286295
2,2,0.2,GBM_1_AutoML_18_20260420_195533,month_lag1,0.0351805076282471
2,2,0.2,GBM_1_AutoML_18_20260420_195533,month_sin,0.05257206812500948
2,2,0.2,GBM_1_AutoML_18_20260420_195533,month_cos,0.023627843726426317
2,2,0.2,GBM_1_AutoML_18_20260420_195533,year,0.1002508165221661
2,2,0.2,GBM_3_AutoML_18_20260420_195533,target_lag1,5.615673197507858
2,2,0.2,GBM_3_AutoML_18_20260420_195533,target_lag2,4.709553383886814
2,2,0.2,GBM_3_AutoML_18_20260420_195533,target_lag3,0.4977709318324923
2,2,0.2,GBM_3_AutoML_18_20260420_195533,target_lag4,0.49109753413125873
2,2,0.2,GBM_3_AutoML_18_20260420_195533,target_lag5,0.2015747005864978
2,2,0.2,GBM_3_AutoML_18_20260420_195533,target_lag6,0.12096215950325127
2,2,0.2,GBM_3_AutoML_18_20260420_195533,cov_HULL_lag1,0.8442807098478079
2,2,0.2,GBM_3_AutoML_18_20260420_195533,cov_MUFL_lag1,0.08075377176282923
2,2,0.2,GBM_3_AutoML_18_20260420_195533,cov_MULL_lag1,0.22193168200552463
2,2,0.2,GBM_3_AutoML_18_20260420_195533,cov_LUFL_lag1,0.26356967302504924
2,2,0.2,GBM_3_AutoML_18_20260420_195533,cov_LULL_lag1,0.22317377335391939
2,2,0.2,GBM_3_AutoML_18_20260420_195533,cov_OT_lag1,0.35267014630138876
2,2,0.2,GBM_3_AutoML_18_20260420_195533,hour_lag1,0.9493907758593559
2,2,0.2,GBM_3_AutoML_18_20260420_195533,day_of_week_lag1,0.0671219321643002
2,2,0.2,GBM_3_AutoML_18_20260420_195533,month_lag1,0.051496400802861844
2,2,0.2,GBM_3_AutoML_18_20260420_195533,month_sin,0.049914712154422836
2,2,0.2,GBM_3_AutoML_18_20260420_195533,month_cos,0.05372822578996416
2,2,0.2,GBM_3_AutoML_18_20260420_195533,year,0.1649698629416525
2,2,0.2,DRF_1_AutoML_18_20260420_195533,target_lag1,3.5143671384453774
2,2,0.2,DRF_1_AutoML_18_20260420_195533,target_lag2,1.8460057532787324
2,2,0.2,DRF_1_AutoML_18_20260420_195533,target_lag3,1.1041276413947343
2,2,0.2,DRF_1_AutoML_18_20260420_195533,target_lag4,0.7587418959103525
2,2,0.2,DRF_1_AutoML_18_20260420_195533,target_lag5,0.42197543788701297
2,2,0.2,DRF_1_AutoML_18_20260420_195533,target_lag6,0.23140681490302087
2,2,0.2,DRF_1_AutoML_18_20260420_195533,cov_HULL_lag1,0.5208862529881298
2,2,0.2,DRF_1_AutoML_18_20260420_195533,cov_MUFL_lag1,0.07731930769048628
2,2,0.2,DRF_1_AutoML_18_20260420_195533,cov_MULL_lag1,2.0593011528253555
2,2,0.2,DRF_1_AutoML_18_20260420_195533,cov_LUFL_lag1,0.14823567207902666
2,2,0.2,DRF_1_AutoML_18_20260420_195533,cov_LULL_lag1,0.16430852659977968
2,2,0.2,DRF_1_AutoML_18_20260420_195533,cov_OT_lag1,0.28802432771772146
2,2,0.2,DRF_1_AutoML_18_20260420_195533,hour_lag1,0.5726951310387812
2,2,0.2,DRF_1_AutoML_18_20260420_195533,day_of_week_lag1,0.08297214528014589
2,2,0.2,DRF_1_AutoML_18_20260420_195533,month_lag1,0.099510965780355
2,2,0.2,DRF_1_AutoML_18_20260420_195533,month_sin,0.06907806355564385
2,2,0.2,DRF_1_AutoML_18_20260420_195533,month_cos,0.08150987774133679
2,2,0.2,DRF_1_AutoML_18_20260420_195533,year,0.10818365379003804
2,2,0.3,GBM_4_AutoML_18_20260420_195533,target_lag1,9.039216821193696
2,2,0.3,GBM_4_AutoML_18_20260420_195533,target_lag2,1.5042482295259834
2,2,0.3,GBM_4_AutoML_18_20260420_195533,target_lag3,1.0305575777590275
2,2,0.3,GBM_4_AutoML_18_20260420_195533,target_lag4,0.5550726956501603
2,2,0.3,GBM_4_AutoML_18_20260420_195533,target_lag5,0.15370477777905758
2,2,0.3,GBM_4_AutoML_18_20260420_195533,target_lag6,0.11824625212932002
2,2,0.3,GBM_4_AutoML_18_20260420_195533,cov_HULL_lag1,0.3246402375027537
2,2,0.3,GBM_4_AutoML_18_20260420_195533,cov_MUFL_lag1,0.07551548419054593
2,2,0.3,GBM_4_AutoML_18_20260420_195533,cov_MULL_lag1,0.430118111744523
2,2,0.3,GBM_4_AutoML_18_20260420_195533,cov_LUFL_lag1,0.148229756783694
2,2,0.3,GBM_4_AutoML_18_20260420_195533,cov_LULL_lag1,0.16854908391484058
2,2,0.3,GBM_4_AutoML_18_20260420_195533,cov_OT_lag1,0.34967459194362166
2,2,0.3,GBM_4_AutoML_18_20260420_195533,hour_lag1,0.8990900242328643
2,2,0.3,GBM_4_AutoML_18_20260420_195533,day_of_week_lag1,0.133360080292623
2,2,0.3,GBM_4_AutoML_18_20260420_195533,month_lag1,0.28834012668579817
2,2,0.3,GBM_4_AutoML_18_20260420_195533,month_sin,0.11282829193165522
2,2,0.3,GBM_4_AutoML_18_20260420_195533,month_cos,0.06863619434763674
2,2,0.3,GBM_4_AutoML_18_20260420_195533,year,0.17097260442562398
2,2,0.3,GBM_5_AutoML_18_20260420_195533,target_lag1,7.96589706659317
2,2,0.3,GBM_5_AutoML_18_20260420_195533,target_lag2,3.118755144774914
2,2,0.3,GBM_5_AutoML_18_20260420_195533,target_lag3,0.4209159274958074
2,2,0.3,GBM_5_AutoML_18_20260420_195533,target_lag4,0.3103867065906525
2,2,0.3,GBM_5_AutoML_18_20260420_195533,target_lag5,0.20217298997566105
2,2,0.3,GBM_5_AutoML_18_20260420_195533,target_lag6,0.11336667605675753
2,2,0.3,GBM_5_AutoML_18_20260420_195533,cov_HULL_lag1,0.17553761756047606
2,2,0.3,GBM_5_AutoML_18_20260420_195533,cov_MUFL_lag1,0.24473877091309987
2,2,0.3,GBM_5_AutoML_18_20260420_195533,cov_MULL_lag1,0.36728086963295936
2,2,0.3,GBM_5_AutoML_18_20260420_195533,cov_LUFL_lag1,0.28948348183184863
2,2,0.3,GBM_5_AutoML_18_20260420_195533,cov_LULL_lag1,0.11138057347168794
2,2,0.3,GBM_5_AutoML_18_20260420_195533,cov_OT_lag1,0.2777936903387308
2,2,0.3,GBM_5_AutoML_18_20260420_195533,hour_lag1,0.9533939597010612
2,2,0.3,GBM_5_AutoML_18_20260420_195533,day_of_week_lag1,0.04931925627563029
2,2,0.3,GBM_5_AutoML_18_20260420_195533,month_lag1,0.05802856628783044
2,2,0.3,GBM_5_AutoML_18_20260420_195533,month_sin,0.07564851889270355
2,2,0.3,GBM_5_AutoML_18_20260420_195533,month_cos,0.03897852465510364
2,2,0.3,GBM_5_AutoML_18_20260420_195533,year,0.1465825004130602
2,2,0.3,GBM_grid_1_AutoML_18_20260420_195533_model_2,target_lag1,5.334759385585785
2,2,0.3,GBM_grid_1_AutoML_18_20260420_195533_model_2,target_lag2,2.6555184000730514
2,2,0.3,GBM_grid_1_AutoML_18_20260420_195533_model_2,target_lag3,1.3732436073571443
2,2,0.3,GBM_grid_1_AutoML_18_20260420_195533_model_2,target_lag4,1.3543320841528474
2,2,0.3,GBM_grid_1_AutoML_18_20260420_195533_model_2,target_lag5,0.16958421900868415
2,2,0.3,GBM_grid_1_AutoML_18_20260420_195533_model_2,target_lag6,0.15376248153857883
2,2,0.3,GBM_grid_1_AutoML_18_20260420_195533_model_2,cov_HULL_lag1,0.9295521823316812
2,2,0.3,GBM_grid_1_AutoML_18_20260420_195533_model_2,cov_MUFL_lag1,0.22063647896051408
2,2,0.3,GBM_grid_1_AutoML_18_20260420_195533_model_2,cov_MULL_lag1,0.305973677393049
2,2,0.3,GBM_grid_1_AutoML_18_20260420_195533_model_2,cov_LUFL_lag1,0.21039967564865947
2,2,0.3,GBM_grid_1_AutoML_18_20260420_195533_model_2,cov_LULL_lag1,0.35453250991995444
2,2,0.3,GBM_grid_1_AutoML_18_20260420_195533_model_2,cov_OT_lag1,0.2852803238388151
2,2,0.3,GBM_grid_1_AutoML_18_20260420_195533_model_2,hour_lag1,0.6901100043207407
2,2,0.3,GBM_grid_1_AutoML_18_20260420_195533_model_2,day_of_week_lag1,0.11087264658417549
2,2,0.3,GBM_grid_1_AutoML_18_20260420_195533_model_2,month_lag1,0.16533921543974428
2,2,0.3,GBM_grid_1_AutoML_18_20260420_195533_model_2,month_sin,0.0650701597635634
2,2,0.3,GBM_grid_1_AutoML_18_20260420_195533_model_2,month_cos,0.2001214058790356
2,2,0.3,GBM_grid_1_AutoML_18_20260420_195533_model_2,year,0.2951940452051349
2,2,0.3,GBM_2_AutoML_18_20260420_195533,target_lag1,6.698973875641823
2,2,0.3,GBM_2_AutoML_18_20260420_195533,target_lag2,4.213500252962112
2,2,0.3,GBM_2_AutoML_18_20260420_195533,target_lag3,0.6660108466353267
2,2,0.3,GBM_2_AutoML_18_20260420_195533,target_lag4,0.334703225819394
2,2,0.3,GBM_2_AutoML_18_20260420_195533,target_lag5,0.19399702180176973
2,2,0.3,GBM_2_AutoML_18_20260420_195533,target_lag6,0.09000630171038207
2,2,0.3,GBM_2_AutoML_18_20260420_195533,cov_HULL_lag1,0.4345481425151229
2,2,0.3,GBM_2_AutoML_18_20260420_195533,cov_MUFL_lag1,0.08343649239744985
2,2,0.3,GBM_2_AutoML_18_20260420_195533,cov_MULL_lag1,0.2674293923052028
2,2,0.3,GBM_2_AutoML_18_20260420_195533,cov_LUFL_lag1,0.22583925113081932
2,2,0.3,GBM_2_AutoML_18_20260420_195533,cov_LULL_lag1,0.16292741592042145
2,2,0.3,GBM_2_AutoML_18_20260420_195533,cov_OT_lag1,0.4077398899383843
2,2,0.3,GBM_2_AutoML_18_20260420_195533,hour_lag1,0.9229204583354295
2,2,0.3,GBM_2_AutoML_18_20260420_195533,day_of_week_lag1,0.07126948204822835
2,2,0.3,GBM_2_AutoML_18_20260420_195533,month_lag1,0.06263290150323879
2,2,0.3,GBM_2_AutoML_18_20260420_195533,month_sin,0.1028629901539534
2,2,0.3,GBM_2_AutoML_18_20260420_195533,month_cos,0.04122763990511882
2,2,0.3,GBM_2_AutoML_18_20260420_195533,year,0.10909153891727325
2,2,0.3,GBM_1_AutoML_18_20260420_195533,target_lag1,7.8089797806739805
2,2,0.3,GBM_1_AutoML_18_20260420_195533,target_lag2,2.5665869857370853
2,2,0.3,GBM_1_AutoML_18_20260420_195533,target_lag3,0.5441972274705767
2,2,0.3,GBM_1_AutoML_18_20260420_195533,target_lag4,0.7256549373269081
2,2,0.3,GBM_1_AutoML_18_20260420_195533,target_lag5,0.5553843130683527
2,2,0.3,GBM_1_AutoML_18_20260420_195533,target_lag6,0.1526181815192103
2,2,0.3,GBM_1_AutoML_18_20260420_195533,cov_HULL_lag1,0.7155025506019592
2,2,0.3,GBM_1_AutoML_18_20260420_195533,cov_MUFL_lag1,0.06469544428633522
2,2,0.3,GBM_1_AutoML_18_20260420_195533,cov_MULL_lag1,0.35996943190693853
2,2,0.3,GBM_1_AutoML_18_20260420_195533,cov_LUFL_lag1,0.24550186414271594
2,2,0.3,GBM_1_AutoML_18_20260420_195533,cov_LULL_lag1,0.11853396560065445
2,2,0.3,GBM_1_AutoML_18_20260420_195533,cov_OT_lag1,0.1574079607054591
2,2,0.3,GBM_1_AutoML_18_20260420_195533,hour_lag1,0.9959138494729995
2,2,0.3,GBM_1_AutoML_18_20260420_195533,day_of_week_lag1,0.053572512377286295
2,2,0.3,GBM_1_AutoML_18_20260420_195533,month_lag1,0.0351805076282471
2,2,0.3,GBM_1_AutoML_18_20260420_195533,month_sin,0.05257206812500948
2,2,0.3,GBM_1_AutoML_18_20260420_195533,month_cos,0.023627843726426317
2,2,0.3,GBM_1_AutoML_18_20260420_195533,year,0.1002508165221661
2,2,0.3,GBM_3_AutoML_18_20260420_195533,target_lag1,5.615673197507858
2,2,0.3,GBM_3_AutoML_18_20260420_195533,target_lag2,4.709553383886814
2,2,0.3,GBM_3_AutoML_18_20260420_195533,target_lag3,0.4977709318324923
2,2,0.3,GBM_3_AutoML_18_20260420_195533,target_lag4,0.49109753413125873
2,2,0.3,GBM_3_AutoML_18_20260420_195533,target_lag5,0.2015747005864978
2,2,0.3,GBM_3_AutoML_18_20260420_195533,target_lag6,0.12096215950325127
2,2,0.3,GBM_3_AutoML_18_20260420_195533,cov_HULL_lag1,0.8442807098478079
2,2,0.3,GBM_3_AutoML_18_20260420_195533,cov_MUFL_lag1,0.08075377176282923
2,2,0.3,GBM_3_AutoML_18_20260420_195533,cov_MULL_lag1,0.22193168200552463
2,2,0.3,GBM_3_AutoML_18_20260420_195533,cov_LUFL_lag1,0.26356967302504924
2,2,0.3,GBM_3_AutoML_18_20260420_195533,cov_LULL_lag1,0.22317377335391939
2,2,0.3,GBM_3_AutoML_18_20260420_195533,cov_OT_lag1,0.35267014630138876
2,2,0.3,GBM_3_AutoML_18_20260420_195533,hour_lag1,0.9493907758593559
2,2,0.3,GBM_3_AutoML_18_20260420_195533,day_of_week_lag1,0.0671219321643002
2,2,0.3,GBM_3_AutoML_18_20260420_195533,month_lag1,0.051496400802861844
2,2,0.3,GBM_3_AutoML_18_20260420_195533,month_sin,0.049914712154422836
2,2,0.3,GBM_3_AutoML_18_20260420_195533,month_cos,0.05372822578996416
2,2,0.3,GBM_3_AutoML_18_20260420_195533,year,0.1649698629416525
2,2,0.3,DRF_1_AutoML_18_20260420_195533,target_lag1,3.5143671384453774
2,2,0.3,DRF_1_AutoML_18_20260420_195533,target_lag2,1.8460057532787324
2,2,0.3,DRF_1_AutoML_18_20260420_195533,target_lag3,1.1041276413947343
2,2,0.3,DRF_1_AutoML_18_20260420_195533,target_lag4,0.7587418959103525
2,2,0.3,DRF_1_AutoML_18_20260420_195533,target_lag5,0.42197543788701297
2,2,0.3,DRF_1_AutoML_18_20260420_195533,target_lag6,0.23140681490302087
2,2,0.3,DRF_1_AutoML_18_20260420_195533,cov_HULL_lag1,0.5208862529881298
2,2,0.3,DRF_1_AutoML_18_20260420_195533,cov_MUFL_lag1,0.07731930769048628
2,2,0.3,DRF_1_AutoML_18_20260420_195533,cov_MULL_lag1,2.0593011528253555
2,2,0.3,DRF_1_AutoML_18_20260420_195533,cov_LUFL_lag1,0.14823567207902666
2,2,0.3,DRF_1_AutoML_18_20260420_195533,cov_LULL_lag1,0.16430852659977968
2,2,0.3,DRF_1_AutoML_18_20260420_195533,cov_OT_lag1,0.28802432771772146
2,2,0.3,DRF_1_AutoML_18_20260420_195533,hour_lag1,0.5726951310387812
2,2,0.3,DRF_1_AutoML_18_20260420_195533,day_of_week_lag1,0.08297214528014589
2,2,0.3,DRF_1_AutoML_18_20260420_195533,month_lag1,0.099510965780355
2,2,0.3,DRF_1_AutoML_18_20260420_195533,month_sin,0.06907806355564385
2,2,0.3,DRF_1_AutoML_18_20260420_195533,month_cos,0.08150987774133679
2,2,0.3,DRF_1_AutoML_18_20260420_195533,year,0.10818365379003804
