split_id,seed,eps,model,feature,global_importance
0,0,0.02,GBM_grid_1_AutoML_4_20260420_192958_model_2,target_lag1,2.787828901335597
0,0,0.02,GBM_grid_1_AutoML_4_20260420_192958_model_2,target_lag2,0.21059908106923103
0,0,0.02,GBM_grid_1_AutoML_4_20260420_192958_model_2,target_lag3,0.0960974170963163
0,0,0.02,GBM_grid_1_AutoML_4_20260420_192958_model_2,target_lag4,0.03261934596579518
0,0,0.02,GBM_grid_1_AutoML_4_20260420_192958_model_2,target_lag5,0.03799562227679412
0,0,0.02,GBM_grid_1_AutoML_4_20260420_192958_model_2,target_lag6,0.049635985475033485
0,0,0.02,GBM_grid_1_AutoML_4_20260420_192958_model_2,cov_HULL_lag1,0.08351478181779382
0,0,0.02,GBM_grid_1_AutoML_4_20260420_192958_model_2,cov_MUFL_lag1,1.7316941889375448
0,0,0.02,GBM_grid_1_AutoML_4_20260420_192958_model_2,cov_MULL_lag1,0.03887819942319762
0,0,0.02,GBM_grid_1_AutoML_4_20260420_192958_model_2,cov_LUFL_lag1,0.07736843450111333
0,0,0.02,GBM_grid_1_AutoML_4_20260420_192958_model_2,cov_LULL_lag1,0.015828339793661095
0,0,0.02,GBM_grid_1_AutoML_4_20260420_192958_model_2,cov_OT_lag1,0.044919488662853786
0,0,0.02,GBM_grid_1_AutoML_4_20260420_192958_model_2,hour_lag1,0.31815111441537736
0,0,0.02,GBM_grid_1_AutoML_4_20260420_192958_model_2,day_of_week_lag1,0.010642336759483381
0,0,0.02,GBM_grid_1_AutoML_4_20260420_192958_model_2,month_lag1,0.013955358316597945
0,0,0.02,GBM_grid_1_AutoML_4_20260420_192958_model_2,month_sin,0.004846248075191354
0,0,0.02,GBM_grid_1_AutoML_4_20260420_192958_model_2,month_cos,0.015428626066422979
0,0,0.02,GBM_grid_1_AutoML_4_20260420_192958_model_2,year,0.1918860708270222
0,0,0.02,GBM_1_AutoML_4_20260420_192958,target_lag1,2.3126153323054313
0,0,0.02,GBM_1_AutoML_4_20260420_192958,target_lag2,0.637744482755661
0,0,0.02,GBM_1_AutoML_4_20260420_192958,target_lag3,0.09033070885809134
0,0,0.02,GBM_1_AutoML_4_20260420_192958,target_lag4,0.08772299466421823
0,0,0.02,GBM_1_AutoML_4_20260420_192958,target_lag5,0.051024287007749025
0,0,0.02,GBM_1_AutoML_4_20260420_192958,target_lag6,0.03901501619846381
0,0,0.02,GBM_1_AutoML_4_20260420_192958,cov_HULL_lag1,0.1279486715374514
0,0,0.02,GBM_1_AutoML_4_20260420_192958,cov_MUFL_lag1,1.6563933362066745
0,0,0.02,GBM_1_AutoML_4_20260420_192958,cov_MULL_lag1,0.03885563058312978
0,0,0.02,GBM_1_AutoML_4_20260420_192958,cov_LUFL_lag1,0.07509032721631224
0,0,0.02,GBM_1_AutoML_4_20260420_192958,cov_LULL_lag1,0.015308948233141521
0,0,0.02,GBM_1_AutoML_4_20260420_192958,cov_OT_lag1,0.04649967336794357
0,0,0.02,GBM_1_AutoML_4_20260420_192958,hour_lag1,0.3035024566203356
0,0,0.02,GBM_1_AutoML_4_20260420_192958,day_of_week_lag1,0.014973060784395737
0,0,0.02,GBM_1_AutoML_4_20260420_192958,month_lag1,0.026884583299979524
0,0,0.02,GBM_1_AutoML_4_20260420_192958,month_sin,0.011792851821664906
0,0,0.02,GBM_1_AutoML_4_20260420_192958,month_cos,0.016908973621320867
0,0,0.02,GBM_1_AutoML_4_20260420_192958,year,0.16111390678212043
0,0,0.02,GBM_grid_1_AutoML_4_20260420_192958_model_3,target_lag1,1.7260991024225951
0,0,0.02,GBM_grid_1_AutoML_4_20260420_192958_model_3,target_lag2,0.8882915743067861
0,0,0.02,GBM_grid_1_AutoML_4_20260420_192958_model_3,target_lag3,0.341031905412674
0,0,0.02,GBM_grid_1_AutoML_4_20260420_192958_model_3,target_lag4,0.3213221155235078
0,0,0.02,GBM_grid_1_AutoML_4_20260420_192958_model_3,target_lag5,0.04790490457497067
0,0,0.02,GBM_grid_1_AutoML_4_20260420_192958_model_3,target_lag6,0.05390617794357235
0,0,0.02,GBM_grid_1_AutoML_4_20260420_192958_model_3,cov_HULL_lag1,0.1414292533881962
0,0,0.02,GBM_grid_1_AutoML_4_20260420_192958_model_3,cov_MUFL_lag1,1.330263764411211
0,0,0.02,GBM_grid_1_AutoML_4_20260420_192958_model_3,cov_MULL_lag1,0.059625404467806176
0,0,0.02,GBM_grid_1_AutoML_4_20260420_192958_model_3,cov_LUFL_lag1,0.19140947746112943
0,0,0.02,GBM_grid_1_AutoML_4_20260420_192958_model_3,cov_LULL_lag1,0.03435812111885748
0,0,0.02,GBM_grid_1_AutoML_4_20260420_192958_model_3,cov_OT_lag1,0.057499089001212235
0,0,0.02,GBM_grid_1_AutoML_4_20260420_192958_model_3,hour_lag1,0.3450664407107979
0,0,0.02,GBM_grid_1_AutoML_4_20260420_192958_model_3,day_of_week_lag1,0.018209780885081222
0,0,0.02,GBM_grid_1_AutoML_4_20260420_192958_model_3,month_lag1,0.03570966285187747
0,0,0.02,GBM_grid_1_AutoML_4_20260420_192958_model_3,month_sin,0.013285763134626854
0,0,0.02,GBM_grid_1_AutoML_4_20260420_192958_model_3,month_cos,0.01563098453509151
0,0,0.02,GBM_grid_1_AutoML_4_20260420_192958_model_3,year,0.17903132423758505
0,0,0.05,GBM_grid_1_AutoML_4_20260420_192958_model_2,target_lag1,2.787828901335597
0,0,0.05,GBM_grid_1_AutoML_4_20260420_192958_model_2,target_lag2,0.21059908106923103
0,0,0.05,GBM_grid_1_AutoML_4_20260420_192958_model_2,target_lag3,0.0960974170963163
0,0,0.05,GBM_grid_1_AutoML_4_20260420_192958_model_2,target_lag4,0.03261934596579518
0,0,0.05,GBM_grid_1_AutoML_4_20260420_192958_model_2,target_lag5,0.03799562227679412
0,0,0.05,GBM_grid_1_AutoML_4_20260420_192958_model_2,target_lag6,0.049635985475033485
0,0,0.05,GBM_grid_1_AutoML_4_20260420_192958_model_2,cov_HULL_lag1,0.08351478181779382
0,0,0.05,GBM_grid_1_AutoML_4_20260420_192958_model_2,cov_MUFL_lag1,1.7316941889375448
0,0,0.05,GBM_grid_1_AutoML_4_20260420_192958_model_2,cov_MULL_lag1,0.03887819942319762
0,0,0.05,GBM_grid_1_AutoML_4_20260420_192958_model_2,cov_LUFL_lag1,0.07736843450111333
0,0,0.05,GBM_grid_1_AutoML_4_20260420_192958_model_2,cov_LULL_lag1,0.015828339793661095
0,0,0.05,GBM_grid_1_AutoML_4_20260420_192958_model_2,cov_OT_lag1,0.044919488662853786
0,0,0.05,GBM_grid_1_AutoML_4_20260420_192958_model_2,hour_lag1,0.31815111441537736
0,0,0.05,GBM_grid_1_AutoML_4_20260420_192958_model_2,day_of_week_lag1,0.010642336759483381
0,0,0.05,GBM_grid_1_AutoML_4_20260420_192958_model_2,month_lag1,0.013955358316597945
0,0,0.05,GBM_grid_1_AutoML_4_20260420_192958_model_2,month_sin,0.004846248075191354
0,0,0.05,GBM_grid_1_AutoML_4_20260420_192958_model_2,month_cos,0.015428626066422979
0,0,0.05,GBM_grid_1_AutoML_4_20260420_192958_model_2,year,0.1918860708270222
0,0,0.05,GBM_1_AutoML_4_20260420_192958,target_lag1,2.3126153323054313
0,0,0.05,GBM_1_AutoML_4_20260420_192958,target_lag2,0.637744482755661
0,0,0.05,GBM_1_AutoML_4_20260420_192958,target_lag3,0.09033070885809134
0,0,0.05,GBM_1_AutoML_4_20260420_192958,target_lag4,0.08772299466421823
0,0,0.05,GBM_1_AutoML_4_20260420_192958,target_lag5,0.051024287007749025
0,0,0.05,GBM_1_AutoML_4_20260420_192958,target_lag6,0.03901501619846381
0,0,0.05,GBM_1_AutoML_4_20260420_192958,cov_HULL_lag1,0.1279486715374514
0,0,0.05,GBM_1_AutoML_4_20260420_192958,cov_MUFL_lag1,1.6563933362066745
0,0,0.05,GBM_1_AutoML_4_20260420_192958,cov_MULL_lag1,0.03885563058312978
0,0,0.05,GBM_1_AutoML_4_20260420_192958,cov_LUFL_lag1,0.07509032721631224
0,0,0.05,GBM_1_AutoML_4_20260420_192958,cov_LULL_lag1,0.015308948233141521
0,0,0.05,GBM_1_AutoML_4_20260420_192958,cov_OT_lag1,0.04649967336794357
0,0,0.05,GBM_1_AutoML_4_20260420_192958,hour_lag1,0.3035024566203356
0,0,0.05,GBM_1_AutoML_4_20260420_192958,day_of_week_lag1,0.014973060784395737
0,0,0.05,GBM_1_AutoML_4_20260420_192958,month_lag1,0.026884583299979524
0,0,0.05,GBM_1_AutoML_4_20260420_192958,month_sin,0.011792851821664906
0,0,0.05,GBM_1_AutoML_4_20260420_192958,month_cos,0.016908973621320867
0,0,0.05,GBM_1_AutoML_4_20260420_192958,year,0.16111390678212043
0,0,0.05,GBM_grid_1_AutoML_4_20260420_192958_model_3,target_lag1,1.7260991024225951
0,0,0.05,GBM_grid_1_AutoML_4_20260420_192958_model_3,target_lag2,0.8882915743067861
0,0,0.05,GBM_grid_1_AutoML_4_20260420_192958_model_3,target_lag3,0.341031905412674
0,0,0.05,GBM_grid_1_AutoML_4_20260420_192958_model_3,target_lag4,0.3213221155235078
0,0,0.05,GBM_grid_1_AutoML_4_20260420_192958_model_3,target_lag5,0.04790490457497067
0,0,0.05,GBM_grid_1_AutoML_4_20260420_192958_model_3,target_lag6,0.05390617794357235
0,0,0.05,GBM_grid_1_AutoML_4_20260420_192958_model_3,cov_HULL_lag1,0.1414292533881962
0,0,0.05,GBM_grid_1_AutoML_4_20260420_192958_model_3,cov_MUFL_lag1,1.330263764411211
0,0,0.05,GBM_grid_1_AutoML_4_20260420_192958_model_3,cov_MULL_lag1,0.059625404467806176
0,0,0.05,GBM_grid_1_AutoML_4_20260420_192958_model_3,cov_LUFL_lag1,0.19140947746112943
0,0,0.05,GBM_grid_1_AutoML_4_20260420_192958_model_3,cov_LULL_lag1,0.03435812111885748
0,0,0.05,GBM_grid_1_AutoML_4_20260420_192958_model_3,cov_OT_lag1,0.057499089001212235
0,0,0.05,GBM_grid_1_AutoML_4_20260420_192958_model_3,hour_lag1,0.3450664407107979
0,0,0.05,GBM_grid_1_AutoML_4_20260420_192958_model_3,day_of_week_lag1,0.018209780885081222
0,0,0.05,GBM_grid_1_AutoML_4_20260420_192958_model_3,month_lag1,0.03570966285187747
0,0,0.05,GBM_grid_1_AutoML_4_20260420_192958_model_3,month_sin,0.013285763134626854
0,0,0.05,GBM_grid_1_AutoML_4_20260420_192958_model_3,month_cos,0.01563098453509151
0,0,0.05,GBM_grid_1_AutoML_4_20260420_192958_model_3,year,0.17903132423758505
0,0,0.05,XGBoost_grid_1_AutoML_4_20260420_192958_model_6,target_lag1,0.8631686191260814
0,0,0.05,XGBoost_grid_1_AutoML_4_20260420_192958_model_6,target_lag2,1.3184459951519967
0,0,0.05,XGBoost_grid_1_AutoML_4_20260420_192958_model_6,target_lag3,0.1541135383432265
0,0,0.05,XGBoost_grid_1_AutoML_4_20260420_192958_model_6,target_lag4,0.6695356976985931
0,0,0.05,XGBoost_grid_1_AutoML_4_20260420_192958_model_6,target_lag5,0.10761129193007943
0,0,0.05,XGBoost_grid_1_AutoML_4_20260420_192958_model_6,target_lag6,0.15853590629762035
0,0,0.05,XGBoost_grid_1_AutoML_4_20260420_192958_model_6,cov_HULL_lag1,0.02132310523797056
0,0,0.05,XGBoost_grid_1_AutoML_4_20260420_192958_model_6,cov_MUFL_lag1,1.775387176256627
0,0,0.05,XGBoost_grid_1_AutoML_4_20260420_192958_model_6,cov_MULL_lag1,0.09198114773258563
0,0,0.05,XGBoost_grid_1_AutoML_4_20260420_192958_model_6,cov_LUFL_lag1,0.2934683371335268
0,0,0.05,XGBoost_grid_1_AutoML_4_20260420_192958_model_6,cov_LULL_lag1,0.022268517300253695
0,0,0.05,XGBoost_grid_1_AutoML_4_20260420_192958_model_6,cov_OT_lag1,0.03243412580108265
0,0,0.05,XGBoost_grid_1_AutoML_4_20260420_192958_model_6,hour_lag1,0.42264901627786455
0,0,0.05,XGBoost_grid_1_AutoML_4_20260420_192958_model_6,day_of_week_lag1,0.0
0,0,0.05,XGBoost_grid_1_AutoML_4_20260420_192958_model_6,month_lag1,0.020853761848993548
0,0,0.05,XGBoost_grid_1_AutoML_4_20260420_192958_model_6,month_sin,0.0018395256053190528
0,0,0.05,XGBoost_grid_1_AutoML_4_20260420_192958_model_6,month_cos,0.0006909493386046893
0,0,0.05,XGBoost_grid_1_AutoML_4_20260420_192958_model_6,year,0.3665656033158302
0,0,0.05,GBM_3_AutoML_4_20260420_192958,target_lag1,1.93072120167315
0,0,0.05,GBM_3_AutoML_4_20260420_192958,target_lag2,0.6636543575581163
0,0,0.05,GBM_3_AutoML_4_20260420_192958,target_lag3,0.08946474649208536
0,0,0.05,GBM_3_AutoML_4_20260420_192958,target_lag4,0.0345275439281249
0,0,0.05,GBM_3_AutoML_4_20260420_192958,target_lag5,0.049826078587211636
0,0,0.05,GBM_3_AutoML_4_20260420_192958,target_lag6,0.0678546297177672
0,0,0.05,GBM_3_AutoML_4_20260420_192958,cov_HULL_lag1,0.07055226563941681
0,0,0.05,GBM_3_AutoML_4_20260420_192958,cov_MUFL_lag1,2.0752107378840448
0,0,0.05,GBM_3_AutoML_4_20260420_192958,cov_MULL_lag1,0.06933335259265727
0,0,0.05,GBM_3_AutoML_4_20260420_192958,cov_LUFL_lag1,0.08702165969647463
0,0,0.05,GBM_3_AutoML_4_20260420_192958,cov_LULL_lag1,0.025764810879481917
0,0,0.05,GBM_3_AutoML_4_20260420_192958,cov_OT_lag1,0.05384895517257969
0,0,0.05,GBM_3_AutoML_4_20260420_192958,hour_lag1,0.32515524392947553
0,0,0.05,GBM_3_AutoML_4_20260420_192958,day_of_week_lag1,0.01320794194820332
0,0,0.05,GBM_3_AutoML_4_20260420_192958,month_lag1,0.021137952256249218
0,0,0.05,GBM_3_AutoML_4_20260420_192958,month_sin,0.017766251205757685
0,0,0.05,GBM_3_AutoML_4_20260420_192958,month_cos,0.0172138893109513
0,0,0.05,GBM_3_AutoML_4_20260420_192958,year,0.18567782383412124
0,0,0.05,XRT_1_AutoML_4_20260420_192958,target_lag1,1.8048066169023513
0,0,0.05,XRT_1_AutoML_4_20260420_192958,target_lag2,0.9546754959598184
0,0,0.05,XRT_1_AutoML_4_20260420_192958,target_lag3,0.6067922962491866
0,0,0.05,XRT_1_AutoML_4_20260420_192958,target_lag4,0.24103822952136397
0,0,0.05,XRT_1_AutoML_4_20260420_192958,target_lag5,161.1871020728629
0,0,0.05,XRT_1_AutoML_4_20260420_192958,target_lag6,0.10601224414422174
0,0,0.05,XRT_1_AutoML_4_20260420_192958,cov_HULL_lag1,955.7447181395628
0,0,0.05,XRT_1_AutoML_4_20260420_192958,cov_MUFL_lag1,1.9279274477995931
0,0,0.05,XRT_1_AutoML_4_20260420_192958,cov_MULL_lag1,0.08893381916917857
0,0,0.05,XRT_1_AutoML_4_20260420_192958,cov_LUFL_lag1,0.4019557113526389
0,0,0.05,XRT_1_AutoML_4_20260420_192958,cov_LULL_lag1,0.45551099513540977
0,0,0.05,XRT_1_AutoML_4_20260420_192958,cov_OT_lag1,0.07716274358332152
0,0,0.05,XRT_1_AutoML_4_20260420_192958,hour_lag1,161.13876860480755
0,0,0.05,XRT_1_AutoML_4_20260420_192958,day_of_week_lag1,0.3504624895751476
0,0,0.05,XRT_1_AutoML_4_20260420_192958,month_lag1,0.17881066085770725
0,0,0.05,XRT_1_AutoML_4_20260420_192958,month_sin,2703.222498379829
0,0,0.05,XRT_1_AutoML_4_20260420_192958,month_cos,0.030641051657730678
0,0,0.05,XRT_1_AutoML_4_20260420_192958,year,0.18931377470493316
0,0,0.05,GBM_2_AutoML_4_20260420_192958,target_lag1,2.1670065230503677
0,0,0.05,GBM_2_AutoML_4_20260420_192958,target_lag2,0.4421126080863178
0,0,0.05,GBM_2_AutoML_4_20260420_192958,target_lag3,0.1129182911603129
0,0,0.05,GBM_2_AutoML_4_20260420_192958,target_lag4,0.04369303279323498
0,0,0.05,GBM_2_AutoML_4_20260420_192958,target_lag5,0.0447163910385279
0,0,0.05,GBM_2_AutoML_4_20260420_192958,target_lag6,0.05860567952040578
0,0,0.05,GBM_2_AutoML_4_20260420_192958,cov_HULL_lag1,0.11265636336058375
0,0,0.05,GBM_2_AutoML_4_20260420_192958,cov_MUFL_lag1,2.0746852651238443
0,0,0.05,GBM_2_AutoML_4_20260420_192958,cov_MULL_lag1,0.06827879855991335
0,0,0.05,GBM_2_AutoML_4_20260420_192958,cov_LUFL_lag1,0.0923160055861808
0,0,0.05,GBM_2_AutoML_4_20260420_192958,cov_LULL_lag1,0.025301876711309842
0,0,0.05,GBM_2_AutoML_4_20260420_192958,cov_OT_lag1,0.03924468926503319
0,0,0.05,GBM_2_AutoML_4_20260420_192958,hour_lag1,0.30467817693948746
0,0,0.05,GBM_2_AutoML_4_20260420_192958,day_of_week_lag1,0.011505322181619659
0,0,0.05,GBM_2_AutoML_4_20260420_192958,month_lag1,0.03294448445696613
0,0,0.05,GBM_2_AutoML_4_20260420_192958,month_sin,0.014611705733113876
0,0,0.05,GBM_2_AutoML_4_20260420_192958,month_cos,0.011876398980311887
0,0,0.05,GBM_2_AutoML_4_20260420_192958,year,0.17900005482137205
0,0,0.05,GBM_4_AutoML_4_20260420_192958,target_lag1,1.7019092310220003
0,0,0.05,GBM_4_AutoML_4_20260420_192958,target_lag2,0.685168043874437
0,0,0.05,GBM_4_AutoML_4_20260420_192958,target_lag3,0.07138409524894083
0,0,0.05,GBM_4_AutoML_4_20260420_192958,target_lag4,0.07228155812714246
0,0,0.05,GBM_4_AutoML_4_20260420_192958,target_lag5,0.03434338982566256
0,0,0.05,GBM_4_AutoML_4_20260420_192958,target_lag6,0.06964758619200434
0,0,0.05,GBM_4_AutoML_4_20260420_192958,cov_HULL_lag1,0.08478728142858014
0,0,0.05,GBM_4_AutoML_4_20260420_192958,cov_MUFL_lag1,2.314059830605984
0,0,0.05,GBM_4_AutoML_4_20260420_192958,cov_MULL_lag1,0.07150163435493591
0,0,0.05,GBM_4_AutoML_4_20260420_192958,cov_LUFL_lag1,0.11228523636906171
0,0,0.05,GBM_4_AutoML_4_20260420_192958,cov_LULL_lag1,0.025977109119121402
0,0,0.05,GBM_4_AutoML_4_20260420_192958,cov_OT_lag1,0.058426388624065975
0,0,0.05,GBM_4_AutoML_4_20260420_192958,hour_lag1,0.3454651290550828
0,0,0.05,GBM_4_AutoML_4_20260420_192958,day_of_week_lag1,0.024048881351482084
0,0,0.05,GBM_4_AutoML_4_20260420_192958,month_lag1,0.03530828475952144
0,0,0.05,GBM_4_AutoML_4_20260420_192958,month_sin,0.025062501751817724
0,0,0.05,GBM_4_AutoML_4_20260420_192958,month_cos,0.019529766597552175
0,0,0.05,GBM_4_AutoML_4_20260420_192958,year,0.1778273361013271
0,0,0.05,DRF_1_AutoML_4_20260420_192958,target_lag1,1.8747661547362804
0,0,0.05,DRF_1_AutoML_4_20260420_192958,target_lag2,1.2081526924669743
0,0,0.05,DRF_1_AutoML_4_20260420_192958,target_lag3,0.3035435749217868
0,0,0.05,DRF_1_AutoML_4_20260420_192958,target_lag4,0.11139474753290411
0,0,0.05,DRF_1_AutoML_4_20260420_192958,target_lag5,0.07615960713243107
0,0,0.05,DRF_1_AutoML_4_20260420_192958,target_lag6,0.03981654168106611
0,0,0.05,DRF_1_AutoML_4_20260420_192958,cov_HULL_lag1,0.09906306045013476
0,0,0.05,DRF_1_AutoML_4_20260420_192958,cov_MUFL_lag1,1.8262941946089268
0,0,0.05,DRF_1_AutoML_4_20260420_192958,cov_MULL_lag1,0.09823646534699942
0,0,0.05,DRF_1_AutoML_4_20260420_192958,cov_LUFL_lag1,0.07311203600373116
0,0,0.05,DRF_1_AutoML_4_20260420_192958,cov_LULL_lag1,0.021761127396020995
0,0,0.05,DRF_1_AutoML_4_20260420_192958,cov_OT_lag1,0.030142483863746704
0,0,0.05,DRF_1_AutoML_4_20260420_192958,hour_lag1,0.21946413336787374
0,0,0.05,DRF_1_AutoML_4_20260420_192958,day_of_week_lag1,0.015728431490133477
0,0,0.05,DRF_1_AutoML_4_20260420_192958,month_lag1,0.03647112917504269
0,0,0.05,DRF_1_AutoML_4_20260420_192958,month_sin,0.015007655150257012
0,0,0.05,DRF_1_AutoML_4_20260420_192958,month_cos,0.012326849647797596
0,0,0.05,DRF_1_AutoML_4_20260420_192958,year,0.10222192646237087
0,0,0.05,GBM_5_AutoML_4_20260420_192958,target_lag1,1.4040771619603039
0,0,0.05,GBM_5_AutoML_4_20260420_192958,target_lag2,0.8696340137161315
0,0,0.05,GBM_5_AutoML_4_20260420_192958,target_lag3,0.051556705858092716
0,0,0.05,GBM_5_AutoML_4_20260420_192958,target_lag4,0.06683839416014958
0,0,0.05,GBM_5_AutoML_4_20260420_192958,target_lag5,0.05678921499289568
0,0,0.05,GBM_5_AutoML_4_20260420_192958,target_lag6,0.0682764796051924
0,0,0.05,GBM_5_AutoML_4_20260420_192958,cov_HULL_lag1,0.06906549163861196
0,0,0.05,GBM_5_AutoML_4_20260420_192958,cov_MUFL_lag1,2.2704834753880276
0,0,0.05,GBM_5_AutoML_4_20260420_192958,cov_MULL_lag1,0.04674014068441462
0,0,0.05,GBM_5_AutoML_4_20260420_192958,cov_LUFL_lag1,0.09432834467384961
0,0,0.05,GBM_5_AutoML_4_20260420_192958,cov_LULL_lag1,0.024988458201987626
0,0,0.05,GBM_5_AutoML_4_20260420_192958,cov_OT_lag1,0.05311134670278984
0,0,0.05,GBM_5_AutoML_4_20260420_192958,hour_lag1,0.32083365325815977
0,0,0.05,GBM_5_AutoML_4_20260420_192958,day_of_week_lag1,0.009485697755299007
0,0,0.05,GBM_5_AutoML_4_20260420_192958,month_lag1,0.023956320931028993
0,0,0.05,GBM_5_AutoML_4_20260420_192958,month_sin,0.00943906498578141
0,0,0.05,GBM_5_AutoML_4_20260420_192958,month_cos,0.005541368346312051
0,0,0.05,GBM_5_AutoML_4_20260420_192958,year,0.15677734378725286
0,0,0.05,XGBoost_grid_1_AutoML_4_20260420_192958_model_5,target_lag1,2.627989328466356
0,0,0.05,XGBoost_grid_1_AutoML_4_20260420_192958_model_5,target_lag2,0.48736111700534823
0,0,0.05,XGBoost_grid_1_AutoML_4_20260420_192958_model_5,target_lag3,0.13468644212756767
0,0,0.05,XGBoost_grid_1_AutoML_4_20260420_192958_model_5,target_lag4,0.04556652400409799
0,0,0.05,XGBoost_grid_1_AutoML_4_20260420_192958_model_5,target_lag5,0.04731145533616649
0,0,0.05,XGBoost_grid_1_AutoML_4_20260420_192958_model_5,target_lag6,0.08147605946287509
0,0,0.05,XGBoost_grid_1_AutoML_4_20260420_192958_model_5,cov_HULL_lag1,0.10012665039161217
0,0,0.05,XGBoost_grid_1_AutoML_4_20260420_192958_model_5,cov_MUFL_lag1,1.4638457741588353
0,0,0.05,XGBoost_grid_1_AutoML_4_20260420_192958_model_5,cov_MULL_lag1,0.056582783053745464
0,0,0.05,XGBoost_grid_1_AutoML_4_20260420_192958_model_5,cov_LUFL_lag1,0.09466146115213629
0,0,0.05,XGBoost_grid_1_AutoML_4_20260420_192958_model_5,cov_LULL_lag1,0.03107451022602613
0,0,0.05,XGBoost_grid_1_AutoML_4_20260420_192958_model_5,cov_OT_lag1,0.06065003088675436
0,0,0.05,XGBoost_grid_1_AutoML_4_20260420_192958_model_5,hour_lag1,0.4350408298894763
0,0,0.05,XGBoost_grid_1_AutoML_4_20260420_192958_model_5,day_of_week_lag1,0.018142003947868898
0,0,0.05,XGBoost_grid_1_AutoML_4_20260420_192958_model_5,month_lag1,0.027039577935211088
0,0,0.05,XGBoost_grid_1_AutoML_4_20260420_192958_model_5,month_sin,0.013210513960802878
0,0,0.05,XGBoost_grid_1_AutoML_4_20260420_192958_model_5,month_cos,0.012290038495557331
0,0,0.05,XGBoost_grid_1_AutoML_4_20260420_192958_model_5,year,0.36457422494888303
0,0,0.1,GBM_grid_1_AutoML_4_20260420_192958_model_2,target_lag1,2.787828901335597
0,0,0.1,GBM_grid_1_AutoML_4_20260420_192958_model_2,target_lag2,0.21059908106923103
0,0,0.1,GBM_grid_1_AutoML_4_20260420_192958_model_2,target_lag3,0.0960974170963163
0,0,0.1,GBM_grid_1_AutoML_4_20260420_192958_model_2,target_lag4,0.03261934596579518
0,0,0.1,GBM_grid_1_AutoML_4_20260420_192958_model_2,target_lag5,0.03799562227679412
0,0,0.1,GBM_grid_1_AutoML_4_20260420_192958_model_2,target_lag6,0.049635985475033485
0,0,0.1,GBM_grid_1_AutoML_4_20260420_192958_model_2,cov_HULL_lag1,0.08351478181779382
0,0,0.1,GBM_grid_1_AutoML_4_20260420_192958_model_2,cov_MUFL_lag1,1.7316941889375448
0,0,0.1,GBM_grid_1_AutoML_4_20260420_192958_model_2,cov_MULL_lag1,0.03887819942319762
0,0,0.1,GBM_grid_1_AutoML_4_20260420_192958_model_2,cov_LUFL_lag1,0.07736843450111333
0,0,0.1,GBM_grid_1_AutoML_4_20260420_192958_model_2,cov_LULL_lag1,0.015828339793661095
0,0,0.1,GBM_grid_1_AutoML_4_20260420_192958_model_2,cov_OT_lag1,0.044919488662853786
0,0,0.1,GBM_grid_1_AutoML_4_20260420_192958_model_2,hour_lag1,0.31815111441537736
0,0,0.1,GBM_grid_1_AutoML_4_20260420_192958_model_2,day_of_week_lag1,0.010642336759483381
0,0,0.1,GBM_grid_1_AutoML_4_20260420_192958_model_2,month_lag1,0.013955358316597945
0,0,0.1,GBM_grid_1_AutoML_4_20260420_192958_model_2,month_sin,0.004846248075191354
0,0,0.1,GBM_grid_1_AutoML_4_20260420_192958_model_2,month_cos,0.015428626066422979
0,0,0.1,GBM_grid_1_AutoML_4_20260420_192958_model_2,year,0.1918860708270222
0,0,0.1,GBM_1_AutoML_4_20260420_192958,target_lag1,2.3126153323054313
0,0,0.1,GBM_1_AutoML_4_20260420_192958,target_lag2,0.637744482755661
0,0,0.1,GBM_1_AutoML_4_20260420_192958,target_lag3,0.09033070885809134
0,0,0.1,GBM_1_AutoML_4_20260420_192958,target_lag4,0.08772299466421823
0,0,0.1,GBM_1_AutoML_4_20260420_192958,target_lag5,0.051024287007749025
0,0,0.1,GBM_1_AutoML_4_20260420_192958,target_lag6,0.03901501619846381
0,0,0.1,GBM_1_AutoML_4_20260420_192958,cov_HULL_lag1,0.1279486715374514
0,0,0.1,GBM_1_AutoML_4_20260420_192958,cov_MUFL_lag1,1.6563933362066745
0,0,0.1,GBM_1_AutoML_4_20260420_192958,cov_MULL_lag1,0.03885563058312978
0,0,0.1,GBM_1_AutoML_4_20260420_192958,cov_LUFL_lag1,0.07509032721631224
0,0,0.1,GBM_1_AutoML_4_20260420_192958,cov_LULL_lag1,0.015308948233141521
0,0,0.1,GBM_1_AutoML_4_20260420_192958,cov_OT_lag1,0.04649967336794357
0,0,0.1,GBM_1_AutoML_4_20260420_192958,hour_lag1,0.3035024566203356
0,0,0.1,GBM_1_AutoML_4_20260420_192958,day_of_week_lag1,0.014973060784395737
0,0,0.1,GBM_1_AutoML_4_20260420_192958,month_lag1,0.026884583299979524
0,0,0.1,GBM_1_AutoML_4_20260420_192958,month_sin,0.011792851821664906
0,0,0.1,GBM_1_AutoML_4_20260420_192958,month_cos,0.016908973621320867
0,0,0.1,GBM_1_AutoML_4_20260420_192958,year,0.16111390678212043
0,0,0.1,GBM_grid_1_AutoML_4_20260420_192958_model_3,target_lag1,1.7260991024225951
0,0,0.1,GBM_grid_1_AutoML_4_20260420_192958_model_3,target_lag2,0.8882915743067861
0,0,0.1,GBM_grid_1_AutoML_4_20260420_192958_model_3,target_lag3,0.341031905412674
0,0,0.1,GBM_grid_1_AutoML_4_20260420_192958_model_3,target_lag4,0.3213221155235078
0,0,0.1,GBM_grid_1_AutoML_4_20260420_192958_model_3,target_lag5,0.04790490457497067
0,0,0.1,GBM_grid_1_AutoML_4_20260420_192958_model_3,target_lag6,0.05390617794357235
0,0,0.1,GBM_grid_1_AutoML_4_20260420_192958_model_3,cov_HULL_lag1,0.1414292533881962
0,0,0.1,GBM_grid_1_AutoML_4_20260420_192958_model_3,cov_MUFL_lag1,1.330263764411211
0,0,0.1,GBM_grid_1_AutoML_4_20260420_192958_model_3,cov_MULL_lag1,0.059625404467806176
0,0,0.1,GBM_grid_1_AutoML_4_20260420_192958_model_3,cov_LUFL_lag1,0.19140947746112943
0,0,0.1,GBM_grid_1_AutoML_4_20260420_192958_model_3,cov_LULL_lag1,0.03435812111885748
0,0,0.1,GBM_grid_1_AutoML_4_20260420_192958_model_3,cov_OT_lag1,0.057499089001212235
0,0,0.1,GBM_grid_1_AutoML_4_20260420_192958_model_3,hour_lag1,0.3450664407107979
0,0,0.1,GBM_grid_1_AutoML_4_20260420_192958_model_3,day_of_week_lag1,0.018209780885081222
0,0,0.1,GBM_grid_1_AutoML_4_20260420_192958_model_3,month_lag1,0.03570966285187747
0,0,0.1,GBM_grid_1_AutoML_4_20260420_192958_model_3,month_sin,0.013285763134626854
0,0,0.1,GBM_grid_1_AutoML_4_20260420_192958_model_3,month_cos,0.01563098453509151
0,0,0.1,GBM_grid_1_AutoML_4_20260420_192958_model_3,year,0.17903132423758505
0,0,0.1,XGBoost_grid_1_AutoML_4_20260420_192958_model_6,target_lag1,0.8631686191260814
0,0,0.1,XGBoost_grid_1_AutoML_4_20260420_192958_model_6,target_lag2,1.3184459951519967
0,0,0.1,XGBoost_grid_1_AutoML_4_20260420_192958_model_6,target_lag3,0.1541135383432265
0,0,0.1,XGBoost_grid_1_AutoML_4_20260420_192958_model_6,target_lag4,0.6695356976985931
0,0,0.1,XGBoost_grid_1_AutoML_4_20260420_192958_model_6,target_lag5,0.10761129193007943
0,0,0.1,XGBoost_grid_1_AutoML_4_20260420_192958_model_6,target_lag6,0.15853590629762035
0,0,0.1,XGBoost_grid_1_AutoML_4_20260420_192958_model_6,cov_HULL_lag1,0.02132310523797056
0,0,0.1,XGBoost_grid_1_AutoML_4_20260420_192958_model_6,cov_MUFL_lag1,1.775387176256627
0,0,0.1,XGBoost_grid_1_AutoML_4_20260420_192958_model_6,cov_MULL_lag1,0.09198114773258563
0,0,0.1,XGBoost_grid_1_AutoML_4_20260420_192958_model_6,cov_LUFL_lag1,0.2934683371335268
0,0,0.1,XGBoost_grid_1_AutoML_4_20260420_192958_model_6,cov_LULL_lag1,0.022268517300253695
0,0,0.1,XGBoost_grid_1_AutoML_4_20260420_192958_model_6,cov_OT_lag1,0.03243412580108265
0,0,0.1,XGBoost_grid_1_AutoML_4_20260420_192958_model_6,hour_lag1,0.42264901627786455
0,0,0.1,XGBoost_grid_1_AutoML_4_20260420_192958_model_6,day_of_week_lag1,0.0
0,0,0.1,XGBoost_grid_1_AutoML_4_20260420_192958_model_6,month_lag1,0.020853761848993548
0,0,0.1,XGBoost_grid_1_AutoML_4_20260420_192958_model_6,month_sin,0.0018395256053190528
0,0,0.1,XGBoost_grid_1_AutoML_4_20260420_192958_model_6,month_cos,0.0006909493386046893
0,0,0.1,XGBoost_grid_1_AutoML_4_20260420_192958_model_6,year,0.3665656033158302
0,0,0.1,GBM_3_AutoML_4_20260420_192958,target_lag1,1.93072120167315
0,0,0.1,GBM_3_AutoML_4_20260420_192958,target_lag2,0.6636543575581163
0,0,0.1,GBM_3_AutoML_4_20260420_192958,target_lag3,0.08946474649208536
0,0,0.1,GBM_3_AutoML_4_20260420_192958,target_lag4,0.0345275439281249
0,0,0.1,GBM_3_AutoML_4_20260420_192958,target_lag5,0.049826078587211636
0,0,0.1,GBM_3_AutoML_4_20260420_192958,target_lag6,0.0678546297177672
0,0,0.1,GBM_3_AutoML_4_20260420_192958,cov_HULL_lag1,0.07055226563941681
0,0,0.1,GBM_3_AutoML_4_20260420_192958,cov_MUFL_lag1,2.0752107378840448
0,0,0.1,GBM_3_AutoML_4_20260420_192958,cov_MULL_lag1,0.06933335259265727
0,0,0.1,GBM_3_AutoML_4_20260420_192958,cov_LUFL_lag1,0.08702165969647463
0,0,0.1,GBM_3_AutoML_4_20260420_192958,cov_LULL_lag1,0.025764810879481917
0,0,0.1,GBM_3_AutoML_4_20260420_192958,cov_OT_lag1,0.05384895517257969
0,0,0.1,GBM_3_AutoML_4_20260420_192958,hour_lag1,0.32515524392947553
0,0,0.1,GBM_3_AutoML_4_20260420_192958,day_of_week_lag1,0.01320794194820332
0,0,0.1,GBM_3_AutoML_4_20260420_192958,month_lag1,0.021137952256249218
0,0,0.1,GBM_3_AutoML_4_20260420_192958,month_sin,0.017766251205757685
0,0,0.1,GBM_3_AutoML_4_20260420_192958,month_cos,0.0172138893109513
0,0,0.1,GBM_3_AutoML_4_20260420_192958,year,0.18567782383412124
0,0,0.1,XRT_1_AutoML_4_20260420_192958,target_lag1,1.8048066169023513
0,0,0.1,XRT_1_AutoML_4_20260420_192958,target_lag2,0.9546754959598184
0,0,0.1,XRT_1_AutoML_4_20260420_192958,target_lag3,0.6067922962491866
0,0,0.1,XRT_1_AutoML_4_20260420_192958,target_lag4,0.24103822952136397
0,0,0.1,XRT_1_AutoML_4_20260420_192958,target_lag5,161.1871020728629
0,0,0.1,XRT_1_AutoML_4_20260420_192958,target_lag6,0.10601224414422174
0,0,0.1,XRT_1_AutoML_4_20260420_192958,cov_HULL_lag1,955.7447181395628
0,0,0.1,XRT_1_AutoML_4_20260420_192958,cov_MUFL_lag1,1.9279274477995931
0,0,0.1,XRT_1_AutoML_4_20260420_192958,cov_MULL_lag1,0.08893381916917857
0,0,0.1,XRT_1_AutoML_4_20260420_192958,cov_LUFL_lag1,0.4019557113526389
0,0,0.1,XRT_1_AutoML_4_20260420_192958,cov_LULL_lag1,0.45551099513540977
0,0,0.1,XRT_1_AutoML_4_20260420_192958,cov_OT_lag1,0.07716274358332152
0,0,0.1,XRT_1_AutoML_4_20260420_192958,hour_lag1,161.13876860480755
0,0,0.1,XRT_1_AutoML_4_20260420_192958,day_of_week_lag1,0.3504624895751476
0,0,0.1,XRT_1_AutoML_4_20260420_192958,month_lag1,0.17881066085770725
0,0,0.1,XRT_1_AutoML_4_20260420_192958,month_sin,2703.222498379829
0,0,0.1,XRT_1_AutoML_4_20260420_192958,month_cos,0.030641051657730678
0,0,0.1,XRT_1_AutoML_4_20260420_192958,year,0.18931377470493316
0,0,0.1,GBM_2_AutoML_4_20260420_192958,target_lag1,2.1670065230503677
0,0,0.1,GBM_2_AutoML_4_20260420_192958,target_lag2,0.4421126080863178
0,0,0.1,GBM_2_AutoML_4_20260420_192958,target_lag3,0.1129182911603129
0,0,0.1,GBM_2_AutoML_4_20260420_192958,target_lag4,0.04369303279323498
0,0,0.1,GBM_2_AutoML_4_20260420_192958,target_lag5,0.0447163910385279
0,0,0.1,GBM_2_AutoML_4_20260420_192958,target_lag6,0.05860567952040578
0,0,0.1,GBM_2_AutoML_4_20260420_192958,cov_HULL_lag1,0.11265636336058375
0,0,0.1,GBM_2_AutoML_4_20260420_192958,cov_MUFL_lag1,2.0746852651238443
0,0,0.1,GBM_2_AutoML_4_20260420_192958,cov_MULL_lag1,0.06827879855991335
0,0,0.1,GBM_2_AutoML_4_20260420_192958,cov_LUFL_lag1,0.0923160055861808
0,0,0.1,GBM_2_AutoML_4_20260420_192958,cov_LULL_lag1,0.025301876711309842
0,0,0.1,GBM_2_AutoML_4_20260420_192958,cov_OT_lag1,0.03924468926503319
0,0,0.1,GBM_2_AutoML_4_20260420_192958,hour_lag1,0.30467817693948746
0,0,0.1,GBM_2_AutoML_4_20260420_192958,day_of_week_lag1,0.011505322181619659
0,0,0.1,GBM_2_AutoML_4_20260420_192958,month_lag1,0.03294448445696613
0,0,0.1,GBM_2_AutoML_4_20260420_192958,month_sin,0.014611705733113876
0,0,0.1,GBM_2_AutoML_4_20260420_192958,month_cos,0.011876398980311887
0,0,0.1,GBM_2_AutoML_4_20260420_192958,year,0.17900005482137205
0,0,0.1,GBM_4_AutoML_4_20260420_192958,target_lag1,1.7019092310220003
0,0,0.1,GBM_4_AutoML_4_20260420_192958,target_lag2,0.685168043874437
0,0,0.1,GBM_4_AutoML_4_20260420_192958,target_lag3,0.07138409524894083
0,0,0.1,GBM_4_AutoML_4_20260420_192958,target_lag4,0.07228155812714246
0,0,0.1,GBM_4_AutoML_4_20260420_192958,target_lag5,0.03434338982566256
0,0,0.1,GBM_4_AutoML_4_20260420_192958,target_lag6,0.06964758619200434
0,0,0.1,GBM_4_AutoML_4_20260420_192958,cov_HULL_lag1,0.08478728142858014
0,0,0.1,GBM_4_AutoML_4_20260420_192958,cov_MUFL_lag1,2.314059830605984
0,0,0.1,GBM_4_AutoML_4_20260420_192958,cov_MULL_lag1,0.07150163435493591
0,0,0.1,GBM_4_AutoML_4_20260420_192958,cov_LUFL_lag1,0.11228523636906171
0,0,0.1,GBM_4_AutoML_4_20260420_192958,cov_LULL_lag1,0.025977109119121402
0,0,0.1,GBM_4_AutoML_4_20260420_192958,cov_OT_lag1,0.058426388624065975
0,0,0.1,GBM_4_AutoML_4_20260420_192958,hour_lag1,0.3454651290550828
0,0,0.1,GBM_4_AutoML_4_20260420_192958,day_of_week_lag1,0.024048881351482084
0,0,0.1,GBM_4_AutoML_4_20260420_192958,month_lag1,0.03530828475952144
0,0,0.1,GBM_4_AutoML_4_20260420_192958,month_sin,0.025062501751817724
0,0,0.1,GBM_4_AutoML_4_20260420_192958,month_cos,0.019529766597552175
0,0,0.1,GBM_4_AutoML_4_20260420_192958,year,0.1778273361013271
0,0,0.1,DRF_1_AutoML_4_20260420_192958,target_lag1,1.8747661547362804
0,0,0.1,DRF_1_AutoML_4_20260420_192958,target_lag2,1.2081526924669743
0,0,0.1,DRF_1_AutoML_4_20260420_192958,target_lag3,0.3035435749217868
0,0,0.1,DRF_1_AutoML_4_20260420_192958,target_lag4,0.11139474753290411
0,0,0.1,DRF_1_AutoML_4_20260420_192958,target_lag5,0.07615960713243107
0,0,0.1,DRF_1_AutoML_4_20260420_192958,target_lag6,0.03981654168106611
0,0,0.1,DRF_1_AutoML_4_20260420_192958,cov_HULL_lag1,0.09906306045013476
0,0,0.1,DRF_1_AutoML_4_20260420_192958,cov_MUFL_lag1,1.8262941946089268
0,0,0.1,DRF_1_AutoML_4_20260420_192958,cov_MULL_lag1,0.09823646534699942
0,0,0.1,DRF_1_AutoML_4_20260420_192958,cov_LUFL_lag1,0.07311203600373116
0,0,0.1,DRF_1_AutoML_4_20260420_192958,cov_LULL_lag1,0.021761127396020995
0,0,0.1,DRF_1_AutoML_4_20260420_192958,cov_OT_lag1,0.030142483863746704
0,0,0.1,DRF_1_AutoML_4_20260420_192958,hour_lag1,0.21946413336787374
0,0,0.1,DRF_1_AutoML_4_20260420_192958,day_of_week_lag1,0.015728431490133477
0,0,0.1,DRF_1_AutoML_4_20260420_192958,month_lag1,0.03647112917504269
0,0,0.1,DRF_1_AutoML_4_20260420_192958,month_sin,0.015007655150257012
0,0,0.1,DRF_1_AutoML_4_20260420_192958,month_cos,0.012326849647797596
0,0,0.1,DRF_1_AutoML_4_20260420_192958,year,0.10222192646237087
0,0,0.1,GBM_5_AutoML_4_20260420_192958,target_lag1,1.4040771619603039
0,0,0.1,GBM_5_AutoML_4_20260420_192958,target_lag2,0.8696340137161315
0,0,0.1,GBM_5_AutoML_4_20260420_192958,target_lag3,0.051556705858092716
0,0,0.1,GBM_5_AutoML_4_20260420_192958,target_lag4,0.06683839416014958
0,0,0.1,GBM_5_AutoML_4_20260420_192958,target_lag5,0.05678921499289568
0,0,0.1,GBM_5_AutoML_4_20260420_192958,target_lag6,0.0682764796051924
0,0,0.1,GBM_5_AutoML_4_20260420_192958,cov_HULL_lag1,0.06906549163861196
0,0,0.1,GBM_5_AutoML_4_20260420_192958,cov_MUFL_lag1,2.2704834753880276
0,0,0.1,GBM_5_AutoML_4_20260420_192958,cov_MULL_lag1,0.04674014068441462
0,0,0.1,GBM_5_AutoML_4_20260420_192958,cov_LUFL_lag1,0.09432834467384961
0,0,0.1,GBM_5_AutoML_4_20260420_192958,cov_LULL_lag1,0.024988458201987626
0,0,0.1,GBM_5_AutoML_4_20260420_192958,cov_OT_lag1,0.05311134670278984
0,0,0.1,GBM_5_AutoML_4_20260420_192958,hour_lag1,0.32083365325815977
0,0,0.1,GBM_5_AutoML_4_20260420_192958,day_of_week_lag1,0.009485697755299007
0,0,0.1,GBM_5_AutoML_4_20260420_192958,month_lag1,0.023956320931028993
0,0,0.1,GBM_5_AutoML_4_20260420_192958,month_sin,0.00943906498578141
0,0,0.1,GBM_5_AutoML_4_20260420_192958,month_cos,0.005541368346312051
0,0,0.1,GBM_5_AutoML_4_20260420_192958,year,0.15677734378725286
0,0,0.1,XGBoost_grid_1_AutoML_4_20260420_192958_model_5,target_lag1,2.627989328466356
0,0,0.1,XGBoost_grid_1_AutoML_4_20260420_192958_model_5,target_lag2,0.48736111700534823
0,0,0.1,XGBoost_grid_1_AutoML_4_20260420_192958_model_5,target_lag3,0.13468644212756767
0,0,0.1,XGBoost_grid_1_AutoML_4_20260420_192958_model_5,target_lag4,0.04556652400409799
0,0,0.1,XGBoost_grid_1_AutoML_4_20260420_192958_model_5,target_lag5,0.04731145533616649
0,0,0.1,XGBoost_grid_1_AutoML_4_20260420_192958_model_5,target_lag6,0.08147605946287509
0,0,0.1,XGBoost_grid_1_AutoML_4_20260420_192958_model_5,cov_HULL_lag1,0.10012665039161217
0,0,0.1,XGBoost_grid_1_AutoML_4_20260420_192958_model_5,cov_MUFL_lag1,1.4638457741588353
0,0,0.1,XGBoost_grid_1_AutoML_4_20260420_192958_model_5,cov_MULL_lag1,0.056582783053745464
0,0,0.1,XGBoost_grid_1_AutoML_4_20260420_192958_model_5,cov_LUFL_lag1,0.09466146115213629
0,0,0.1,XGBoost_grid_1_AutoML_4_20260420_192958_model_5,cov_LULL_lag1,0.03107451022602613
0,0,0.1,XGBoost_grid_1_AutoML_4_20260420_192958_model_5,cov_OT_lag1,0.06065003088675436
0,0,0.1,XGBoost_grid_1_AutoML_4_20260420_192958_model_5,hour_lag1,0.4350408298894763
0,0,0.1,XGBoost_grid_1_AutoML_4_20260420_192958_model_5,day_of_week_lag1,0.018142003947868898
0,0,0.1,XGBoost_grid_1_AutoML_4_20260420_192958_model_5,month_lag1,0.027039577935211088
0,0,0.1,XGBoost_grid_1_AutoML_4_20260420_192958_model_5,month_sin,0.013210513960802878
0,0,0.1,XGBoost_grid_1_AutoML_4_20260420_192958_model_5,month_cos,0.012290038495557331
0,0,0.1,XGBoost_grid_1_AutoML_4_20260420_192958_model_5,year,0.36457422494888303
0,0,0.1,XGBoost_3_AutoML_4_20260420_192958,target_lag1,2.303431920260191
0,0,0.1,XGBoost_3_AutoML_4_20260420_192958,target_lag2,0.6329962278902531
0,0,0.1,XGBoost_3_AutoML_4_20260420_192958,target_lag3,0.09975932976529289
0,0,0.1,XGBoost_3_AutoML_4_20260420_192958,target_lag4,0.06935715512488966
0,0,0.1,XGBoost_3_AutoML_4_20260420_192958,target_lag5,0.08221598440781232
0,0,0.1,XGBoost_3_AutoML_4_20260420_192958,target_lag6,0.13658033119980242
0,0,0.1,XGBoost_3_AutoML_4_20260420_192958,cov_HULL_lag1,0.07931375963380556
0,0,0.1,XGBoost_3_AutoML_4_20260420_192958,cov_MUFL_lag1,1.808485896140337
0,0,0.1,XGBoost_3_AutoML_4_20260420_192958,cov_MULL_lag1,0.07523618144936331
0,0,0.1,XGBoost_3_AutoML_4_20260420_192958,cov_LUFL_lag1,0.09805701628560197
0,0,0.1,XGBoost_3_AutoML_4_20260420_192958,cov_LULL_lag1,0.0480467401805799
0,0,0.1,XGBoost_3_AutoML_4_20260420_192958,cov_OT_lag1,0.06149403102230277
0,0,0.1,XGBoost_3_AutoML_4_20260420_192958,hour_lag1,0.38345894545316694
0,0,0.1,XGBoost_3_AutoML_4_20260420_192958,day_of_week_lag1,0.031095371339470105
0,0,0.1,XGBoost_3_AutoML_4_20260420_192958,month_lag1,0.02061951475829114
0,0,0.1,XGBoost_3_AutoML_4_20260420_192958,month_sin,0.01529467958243909
0,0,0.1,XGBoost_3_AutoML_4_20260420_192958,month_cos,0.007084926348179532
0,0,0.1,XGBoost_3_AutoML_4_20260420_192958,year,0.30473013579845426
0,0,0.1,XGBoost_grid_1_AutoML_4_20260420_192958_model_3,target_lag1,1.7975868894066662
0,0,0.1,XGBoost_grid_1_AutoML_4_20260420_192958_model_3,target_lag2,0.7085062384512275
0,0,0.1,XGBoost_grid_1_AutoML_4_20260420_192958_model_3,target_lag3,0.41940946361166426
0,0,0.1,XGBoost_grid_1_AutoML_4_20260420_192958_model_3,target_lag4,0.7220416990667582
0,0,0.1,XGBoost_grid_1_AutoML_4_20260420_192958_model_3,target_lag5,0.04864162727608342
0,0,0.1,XGBoost_grid_1_AutoML_4_20260420_192958_model_3,target_lag6,0.0977864394523203
0,0,0.1,XGBoost_grid_1_AutoML_4_20260420_192958_model_3,cov_HULL_lag1,0.09990557318553325
0,0,0.1,XGBoost_grid_1_AutoML_4_20260420_192958_model_3,cov_MUFL_lag1,1.2881656277179718
0,0,0.1,XGBoost_grid_1_AutoML_4_20260420_192958_model_3,cov_MULL_lag1,0.06613446466159072
0,0,0.1,XGBoost_grid_1_AutoML_4_20260420_192958_model_3,cov_LUFL_lag1,0.2033203695900738
0,0,0.1,XGBoost_grid_1_AutoML_4_20260420_192958_model_3,cov_LULL_lag1,0.04397955588530745
0,0,0.1,XGBoost_grid_1_AutoML_4_20260420_192958_model_3,cov_OT_lag1,0.028457161874139235
0,0,0.1,XGBoost_grid_1_AutoML_4_20260420_192958_model_3,hour_lag1,0.3232278145477176
0,0,0.1,XGBoost_grid_1_AutoML_4_20260420_192958_model_3,day_of_week_lag1,0.024792355883400834
0,0,0.1,XGBoost_grid_1_AutoML_4_20260420_192958_model_3,month_lag1,0.0753160538594238
0,0,0.1,XGBoost_grid_1_AutoML_4_20260420_192958_model_3,month_sin,0.016030365477781697
0,0,0.1,XGBoost_grid_1_AutoML_4_20260420_192958_model_3,month_cos,0.014353532901732205
0,0,0.1,XGBoost_grid_1_AutoML_4_20260420_192958_model_3,year,0.27600155748426913
0,0,0.2,GBM_grid_1_AutoML_4_20260420_192958_model_2,target_lag1,2.787828901335597
0,0,0.2,GBM_grid_1_AutoML_4_20260420_192958_model_2,target_lag2,0.21059908106923103
0,0,0.2,GBM_grid_1_AutoML_4_20260420_192958_model_2,target_lag3,0.0960974170963163
0,0,0.2,GBM_grid_1_AutoML_4_20260420_192958_model_2,target_lag4,0.03261934596579518
0,0,0.2,GBM_grid_1_AutoML_4_20260420_192958_model_2,target_lag5,0.03799562227679412
0,0,0.2,GBM_grid_1_AutoML_4_20260420_192958_model_2,target_lag6,0.049635985475033485
0,0,0.2,GBM_grid_1_AutoML_4_20260420_192958_model_2,cov_HULL_lag1,0.08351478181779382
0,0,0.2,GBM_grid_1_AutoML_4_20260420_192958_model_2,cov_MUFL_lag1,1.7316941889375448
0,0,0.2,GBM_grid_1_AutoML_4_20260420_192958_model_2,cov_MULL_lag1,0.03887819942319762
0,0,0.2,GBM_grid_1_AutoML_4_20260420_192958_model_2,cov_LUFL_lag1,0.07736843450111333
0,0,0.2,GBM_grid_1_AutoML_4_20260420_192958_model_2,cov_LULL_lag1,0.015828339793661095
0,0,0.2,GBM_grid_1_AutoML_4_20260420_192958_model_2,cov_OT_lag1,0.044919488662853786
0,0,0.2,GBM_grid_1_AutoML_4_20260420_192958_model_2,hour_lag1,0.31815111441537736
0,0,0.2,GBM_grid_1_AutoML_4_20260420_192958_model_2,day_of_week_lag1,0.010642336759483381
0,0,0.2,GBM_grid_1_AutoML_4_20260420_192958_model_2,month_lag1,0.013955358316597945
0,0,0.2,GBM_grid_1_AutoML_4_20260420_192958_model_2,month_sin,0.004846248075191354
0,0,0.2,GBM_grid_1_AutoML_4_20260420_192958_model_2,month_cos,0.015428626066422979
0,0,0.2,GBM_grid_1_AutoML_4_20260420_192958_model_2,year,0.1918860708270222
0,0,0.2,GBM_1_AutoML_4_20260420_192958,target_lag1,2.3126153323054313
0,0,0.2,GBM_1_AutoML_4_20260420_192958,target_lag2,0.637744482755661
0,0,0.2,GBM_1_AutoML_4_20260420_192958,target_lag3,0.09033070885809134
0,0,0.2,GBM_1_AutoML_4_20260420_192958,target_lag4,0.08772299466421823
0,0,0.2,GBM_1_AutoML_4_20260420_192958,target_lag5,0.051024287007749025
0,0,0.2,GBM_1_AutoML_4_20260420_192958,target_lag6,0.03901501619846381
0,0,0.2,GBM_1_AutoML_4_20260420_192958,cov_HULL_lag1,0.1279486715374514
0,0,0.2,GBM_1_AutoML_4_20260420_192958,cov_MUFL_lag1,1.6563933362066745
0,0,0.2,GBM_1_AutoML_4_20260420_192958,cov_MULL_lag1,0.03885563058312978
0,0,0.2,GBM_1_AutoML_4_20260420_192958,cov_LUFL_lag1,0.07509032721631224
0,0,0.2,GBM_1_AutoML_4_20260420_192958,cov_LULL_lag1,0.015308948233141521
0,0,0.2,GBM_1_AutoML_4_20260420_192958,cov_OT_lag1,0.04649967336794357
0,0,0.2,GBM_1_AutoML_4_20260420_192958,hour_lag1,0.3035024566203356
0,0,0.2,GBM_1_AutoML_4_20260420_192958,day_of_week_lag1,0.014973060784395737
0,0,0.2,GBM_1_AutoML_4_20260420_192958,month_lag1,0.026884583299979524
0,0,0.2,GBM_1_AutoML_4_20260420_192958,month_sin,0.011792851821664906
0,0,0.2,GBM_1_AutoML_4_20260420_192958,month_cos,0.016908973621320867
0,0,0.2,GBM_1_AutoML_4_20260420_192958,year,0.16111390678212043
0,0,0.2,GBM_grid_1_AutoML_4_20260420_192958_model_3,target_lag1,1.7260991024225951
0,0,0.2,GBM_grid_1_AutoML_4_20260420_192958_model_3,target_lag2,0.8882915743067861
0,0,0.2,GBM_grid_1_AutoML_4_20260420_192958_model_3,target_lag3,0.341031905412674
0,0,0.2,GBM_grid_1_AutoML_4_20260420_192958_model_3,target_lag4,0.3213221155235078
0,0,0.2,GBM_grid_1_AutoML_4_20260420_192958_model_3,target_lag5,0.04790490457497067
0,0,0.2,GBM_grid_1_AutoML_4_20260420_192958_model_3,target_lag6,0.05390617794357235
0,0,0.2,GBM_grid_1_AutoML_4_20260420_192958_model_3,cov_HULL_lag1,0.1414292533881962
0,0,0.2,GBM_grid_1_AutoML_4_20260420_192958_model_3,cov_MUFL_lag1,1.330263764411211
0,0,0.2,GBM_grid_1_AutoML_4_20260420_192958_model_3,cov_MULL_lag1,0.059625404467806176
0,0,0.2,GBM_grid_1_AutoML_4_20260420_192958_model_3,cov_LUFL_lag1,0.19140947746112943
0,0,0.2,GBM_grid_1_AutoML_4_20260420_192958_model_3,cov_LULL_lag1,0.03435812111885748
0,0,0.2,GBM_grid_1_AutoML_4_20260420_192958_model_3,cov_OT_lag1,0.057499089001212235
0,0,0.2,GBM_grid_1_AutoML_4_20260420_192958_model_3,hour_lag1,0.3450664407107979
0,0,0.2,GBM_grid_1_AutoML_4_20260420_192958_model_3,day_of_week_lag1,0.018209780885081222
0,0,0.2,GBM_grid_1_AutoML_4_20260420_192958_model_3,month_lag1,0.03570966285187747
0,0,0.2,GBM_grid_1_AutoML_4_20260420_192958_model_3,month_sin,0.013285763134626854
0,0,0.2,GBM_grid_1_AutoML_4_20260420_192958_model_3,month_cos,0.01563098453509151
0,0,0.2,GBM_grid_1_AutoML_4_20260420_192958_model_3,year,0.17903132423758505
0,0,0.2,XGBoost_grid_1_AutoML_4_20260420_192958_model_6,target_lag1,0.8631686191260814
0,0,0.2,XGBoost_grid_1_AutoML_4_20260420_192958_model_6,target_lag2,1.3184459951519967
0,0,0.2,XGBoost_grid_1_AutoML_4_20260420_192958_model_6,target_lag3,0.1541135383432265
0,0,0.2,XGBoost_grid_1_AutoML_4_20260420_192958_model_6,target_lag4,0.6695356976985931
0,0,0.2,XGBoost_grid_1_AutoML_4_20260420_192958_model_6,target_lag5,0.10761129193007943
0,0,0.2,XGBoost_grid_1_AutoML_4_20260420_192958_model_6,target_lag6,0.15853590629762035
0,0,0.2,XGBoost_grid_1_AutoML_4_20260420_192958_model_6,cov_HULL_lag1,0.02132310523797056
0,0,0.2,XGBoost_grid_1_AutoML_4_20260420_192958_model_6,cov_MUFL_lag1,1.775387176256627
0,0,0.2,XGBoost_grid_1_AutoML_4_20260420_192958_model_6,cov_MULL_lag1,0.09198114773258563
0,0,0.2,XGBoost_grid_1_AutoML_4_20260420_192958_model_6,cov_LUFL_lag1,0.2934683371335268
0,0,0.2,XGBoost_grid_1_AutoML_4_20260420_192958_model_6,cov_LULL_lag1,0.022268517300253695
0,0,0.2,XGBoost_grid_1_AutoML_4_20260420_192958_model_6,cov_OT_lag1,0.03243412580108265
0,0,0.2,XGBoost_grid_1_AutoML_4_20260420_192958_model_6,hour_lag1,0.42264901627786455
0,0,0.2,XGBoost_grid_1_AutoML_4_20260420_192958_model_6,day_of_week_lag1,0.0
0,0,0.2,XGBoost_grid_1_AutoML_4_20260420_192958_model_6,month_lag1,0.020853761848993548
0,0,0.2,XGBoost_grid_1_AutoML_4_20260420_192958_model_6,month_sin,0.0018395256053190528
0,0,0.2,XGBoost_grid_1_AutoML_4_20260420_192958_model_6,month_cos,0.0006909493386046893
0,0,0.2,XGBoost_grid_1_AutoML_4_20260420_192958_model_6,year,0.3665656033158302
0,0,0.2,GBM_3_AutoML_4_20260420_192958,target_lag1,1.93072120167315
0,0,0.2,GBM_3_AutoML_4_20260420_192958,target_lag2,0.6636543575581163
0,0,0.2,GBM_3_AutoML_4_20260420_192958,target_lag3,0.08946474649208536
0,0,0.2,GBM_3_AutoML_4_20260420_192958,target_lag4,0.0345275439281249
0,0,0.2,GBM_3_AutoML_4_20260420_192958,target_lag5,0.049826078587211636
0,0,0.2,GBM_3_AutoML_4_20260420_192958,target_lag6,0.0678546297177672
0,0,0.2,GBM_3_AutoML_4_20260420_192958,cov_HULL_lag1,0.07055226563941681
0,0,0.2,GBM_3_AutoML_4_20260420_192958,cov_MUFL_lag1,2.0752107378840448
0,0,0.2,GBM_3_AutoML_4_20260420_192958,cov_MULL_lag1,0.06933335259265727
0,0,0.2,GBM_3_AutoML_4_20260420_192958,cov_LUFL_lag1,0.08702165969647463
0,0,0.2,GBM_3_AutoML_4_20260420_192958,cov_LULL_lag1,0.025764810879481917
0,0,0.2,GBM_3_AutoML_4_20260420_192958,cov_OT_lag1,0.05384895517257969
0,0,0.2,GBM_3_AutoML_4_20260420_192958,hour_lag1,0.32515524392947553
0,0,0.2,GBM_3_AutoML_4_20260420_192958,day_of_week_lag1,0.01320794194820332
0,0,0.2,GBM_3_AutoML_4_20260420_192958,month_lag1,0.021137952256249218
0,0,0.2,GBM_3_AutoML_4_20260420_192958,month_sin,0.017766251205757685
0,0,0.2,GBM_3_AutoML_4_20260420_192958,month_cos,0.0172138893109513
0,0,0.2,GBM_3_AutoML_4_20260420_192958,year,0.18567782383412124
0,0,0.2,XRT_1_AutoML_4_20260420_192958,target_lag1,1.8048066169023513
0,0,0.2,XRT_1_AutoML_4_20260420_192958,target_lag2,0.9546754959598184
0,0,0.2,XRT_1_AutoML_4_20260420_192958,target_lag3,0.6067922962491866
0,0,0.2,XRT_1_AutoML_4_20260420_192958,target_lag4,0.24103822952136397
0,0,0.2,XRT_1_AutoML_4_20260420_192958,target_lag5,161.1871020728629
0,0,0.2,XRT_1_AutoML_4_20260420_192958,target_lag6,0.10601224414422174
0,0,0.2,XRT_1_AutoML_4_20260420_192958,cov_HULL_lag1,955.7447181395628
0,0,0.2,XRT_1_AutoML_4_20260420_192958,cov_MUFL_lag1,1.9279274477995931
0,0,0.2,XRT_1_AutoML_4_20260420_192958,cov_MULL_lag1,0.08893381916917857
0,0,0.2,XRT_1_AutoML_4_20260420_192958,cov_LUFL_lag1,0.4019557113526389
0,0,0.2,XRT_1_AutoML_4_20260420_192958,cov_LULL_lag1,0.45551099513540977
0,0,0.2,XRT_1_AutoML_4_20260420_192958,cov_OT_lag1,0.07716274358332152
0,0,0.2,XRT_1_AutoML_4_20260420_192958,hour_lag1,161.13876860480755
0,0,0.2,XRT_1_AutoML_4_20260420_192958,day_of_week_lag1,0.3504624895751476
0,0,0.2,XRT_1_AutoML_4_20260420_192958,month_lag1,0.17881066085770725
0,0,0.2,XRT_1_AutoML_4_20260420_192958,month_sin,2703.222498379829
0,0,0.2,XRT_1_AutoML_4_20260420_192958,month_cos,0.030641051657730678
0,0,0.2,XRT_1_AutoML_4_20260420_192958,year,0.18931377470493316
0,0,0.2,GBM_2_AutoML_4_20260420_192958,target_lag1,2.1670065230503677
0,0,0.2,GBM_2_AutoML_4_20260420_192958,target_lag2,0.4421126080863178
0,0,0.2,GBM_2_AutoML_4_20260420_192958,target_lag3,0.1129182911603129
0,0,0.2,GBM_2_AutoML_4_20260420_192958,target_lag4,0.04369303279323498
0,0,0.2,GBM_2_AutoML_4_20260420_192958,target_lag5,0.0447163910385279
0,0,0.2,GBM_2_AutoML_4_20260420_192958,target_lag6,0.05860567952040578
0,0,0.2,GBM_2_AutoML_4_20260420_192958,cov_HULL_lag1,0.11265636336058375
0,0,0.2,GBM_2_AutoML_4_20260420_192958,cov_MUFL_lag1,2.0746852651238443
0,0,0.2,GBM_2_AutoML_4_20260420_192958,cov_MULL_lag1,0.06827879855991335
0,0,0.2,GBM_2_AutoML_4_20260420_192958,cov_LUFL_lag1,0.0923160055861808
0,0,0.2,GBM_2_AutoML_4_20260420_192958,cov_LULL_lag1,0.025301876711309842
0,0,0.2,GBM_2_AutoML_4_20260420_192958,cov_OT_lag1,0.03924468926503319
0,0,0.2,GBM_2_AutoML_4_20260420_192958,hour_lag1,0.30467817693948746
0,0,0.2,GBM_2_AutoML_4_20260420_192958,day_of_week_lag1,0.011505322181619659
0,0,0.2,GBM_2_AutoML_4_20260420_192958,month_lag1,0.03294448445696613
0,0,0.2,GBM_2_AutoML_4_20260420_192958,month_sin,0.014611705733113876
0,0,0.2,GBM_2_AutoML_4_20260420_192958,month_cos,0.011876398980311887
0,0,0.2,GBM_2_AutoML_4_20260420_192958,year,0.17900005482137205
0,0,0.2,GBM_4_AutoML_4_20260420_192958,target_lag1,1.7019092310220003
0,0,0.2,GBM_4_AutoML_4_20260420_192958,target_lag2,0.685168043874437
0,0,0.2,GBM_4_AutoML_4_20260420_192958,target_lag3,0.07138409524894083
0,0,0.2,GBM_4_AutoML_4_20260420_192958,target_lag4,0.07228155812714246
0,0,0.2,GBM_4_AutoML_4_20260420_192958,target_lag5,0.03434338982566256
0,0,0.2,GBM_4_AutoML_4_20260420_192958,target_lag6,0.06964758619200434
0,0,0.2,GBM_4_AutoML_4_20260420_192958,cov_HULL_lag1,0.08478728142858014
0,0,0.2,GBM_4_AutoML_4_20260420_192958,cov_MUFL_lag1,2.314059830605984
0,0,0.2,GBM_4_AutoML_4_20260420_192958,cov_MULL_lag1,0.07150163435493591
0,0,0.2,GBM_4_AutoML_4_20260420_192958,cov_LUFL_lag1,0.11228523636906171
0,0,0.2,GBM_4_AutoML_4_20260420_192958,cov_LULL_lag1,0.025977109119121402
0,0,0.2,GBM_4_AutoML_4_20260420_192958,cov_OT_lag1,0.058426388624065975
0,0,0.2,GBM_4_AutoML_4_20260420_192958,hour_lag1,0.3454651290550828
0,0,0.2,GBM_4_AutoML_4_20260420_192958,day_of_week_lag1,0.024048881351482084
0,0,0.2,GBM_4_AutoML_4_20260420_192958,month_lag1,0.03530828475952144
0,0,0.2,GBM_4_AutoML_4_20260420_192958,month_sin,0.025062501751817724
0,0,0.2,GBM_4_AutoML_4_20260420_192958,month_cos,0.019529766597552175
0,0,0.2,GBM_4_AutoML_4_20260420_192958,year,0.1778273361013271
0,0,0.2,DRF_1_AutoML_4_20260420_192958,target_lag1,1.8747661547362804
0,0,0.2,DRF_1_AutoML_4_20260420_192958,target_lag2,1.2081526924669743
0,0,0.2,DRF_1_AutoML_4_20260420_192958,target_lag3,0.3035435749217868
0,0,0.2,DRF_1_AutoML_4_20260420_192958,target_lag4,0.11139474753290411
0,0,0.2,DRF_1_AutoML_4_20260420_192958,target_lag5,0.07615960713243107
0,0,0.2,DRF_1_AutoML_4_20260420_192958,target_lag6,0.03981654168106611
0,0,0.2,DRF_1_AutoML_4_20260420_192958,cov_HULL_lag1,0.09906306045013476
0,0,0.2,DRF_1_AutoML_4_20260420_192958,cov_MUFL_lag1,1.8262941946089268
0,0,0.2,DRF_1_AutoML_4_20260420_192958,cov_MULL_lag1,0.09823646534699942
0,0,0.2,DRF_1_AutoML_4_20260420_192958,cov_LUFL_lag1,0.07311203600373116
0,0,0.2,DRF_1_AutoML_4_20260420_192958,cov_LULL_lag1,0.021761127396020995
0,0,0.2,DRF_1_AutoML_4_20260420_192958,cov_OT_lag1,0.030142483863746704
0,0,0.2,DRF_1_AutoML_4_20260420_192958,hour_lag1,0.21946413336787374
0,0,0.2,DRF_1_AutoML_4_20260420_192958,day_of_week_lag1,0.015728431490133477
0,0,0.2,DRF_1_AutoML_4_20260420_192958,month_lag1,0.03647112917504269
0,0,0.2,DRF_1_AutoML_4_20260420_192958,month_sin,0.015007655150257012
0,0,0.2,DRF_1_AutoML_4_20260420_192958,month_cos,0.012326849647797596
0,0,0.2,DRF_1_AutoML_4_20260420_192958,year,0.10222192646237087
0,0,0.2,GBM_5_AutoML_4_20260420_192958,target_lag1,1.4040771619603039
0,0,0.2,GBM_5_AutoML_4_20260420_192958,target_lag2,0.8696340137161315
0,0,0.2,GBM_5_AutoML_4_20260420_192958,target_lag3,0.051556705858092716
0,0,0.2,GBM_5_AutoML_4_20260420_192958,target_lag4,0.06683839416014958
0,0,0.2,GBM_5_AutoML_4_20260420_192958,target_lag5,0.05678921499289568
0,0,0.2,GBM_5_AutoML_4_20260420_192958,target_lag6,0.0682764796051924
0,0,0.2,GBM_5_AutoML_4_20260420_192958,cov_HULL_lag1,0.06906549163861196
0,0,0.2,GBM_5_AutoML_4_20260420_192958,cov_MUFL_lag1,2.2704834753880276
0,0,0.2,GBM_5_AutoML_4_20260420_192958,cov_MULL_lag1,0.04674014068441462
0,0,0.2,GBM_5_AutoML_4_20260420_192958,cov_LUFL_lag1,0.09432834467384961
0,0,0.2,GBM_5_AutoML_4_20260420_192958,cov_LULL_lag1,0.024988458201987626
0,0,0.2,GBM_5_AutoML_4_20260420_192958,cov_OT_lag1,0.05311134670278984
0,0,0.2,GBM_5_AutoML_4_20260420_192958,hour_lag1,0.32083365325815977
0,0,0.2,GBM_5_AutoML_4_20260420_192958,day_of_week_lag1,0.009485697755299007
0,0,0.2,GBM_5_AutoML_4_20260420_192958,month_lag1,0.023956320931028993
0,0,0.2,GBM_5_AutoML_4_20260420_192958,month_sin,0.00943906498578141
0,0,0.2,GBM_5_AutoML_4_20260420_192958,month_cos,0.005541368346312051
0,0,0.2,GBM_5_AutoML_4_20260420_192958,year,0.15677734378725286
0,0,0.2,XGBoost_grid_1_AutoML_4_20260420_192958_model_5,target_lag1,2.627989328466356
0,0,0.2,XGBoost_grid_1_AutoML_4_20260420_192958_model_5,target_lag2,0.48736111700534823
0,0,0.2,XGBoost_grid_1_AutoML_4_20260420_192958_model_5,target_lag3,0.13468644212756767
0,0,0.2,XGBoost_grid_1_AutoML_4_20260420_192958_model_5,target_lag4,0.04556652400409799
0,0,0.2,XGBoost_grid_1_AutoML_4_20260420_192958_model_5,target_lag5,0.04731145533616649
0,0,0.2,XGBoost_grid_1_AutoML_4_20260420_192958_model_5,target_lag6,0.08147605946287509
0,0,0.2,XGBoost_grid_1_AutoML_4_20260420_192958_model_5,cov_HULL_lag1,0.10012665039161217
0,0,0.2,XGBoost_grid_1_AutoML_4_20260420_192958_model_5,cov_MUFL_lag1,1.4638457741588353
0,0,0.2,XGBoost_grid_1_AutoML_4_20260420_192958_model_5,cov_MULL_lag1,0.056582783053745464
0,0,0.2,XGBoost_grid_1_AutoML_4_20260420_192958_model_5,cov_LUFL_lag1,0.09466146115213629
0,0,0.2,XGBoost_grid_1_AutoML_4_20260420_192958_model_5,cov_LULL_lag1,0.03107451022602613
0,0,0.2,XGBoost_grid_1_AutoML_4_20260420_192958_model_5,cov_OT_lag1,0.06065003088675436
0,0,0.2,XGBoost_grid_1_AutoML_4_20260420_192958_model_5,hour_lag1,0.4350408298894763
0,0,0.2,XGBoost_grid_1_AutoML_4_20260420_192958_model_5,day_of_week_lag1,0.018142003947868898
0,0,0.2,XGBoost_grid_1_AutoML_4_20260420_192958_model_5,month_lag1,0.027039577935211088
0,0,0.2,XGBoost_grid_1_AutoML_4_20260420_192958_model_5,month_sin,0.013210513960802878
0,0,0.2,XGBoost_grid_1_AutoML_4_20260420_192958_model_5,month_cos,0.012290038495557331
0,0,0.2,XGBoost_grid_1_AutoML_4_20260420_192958_model_5,year,0.36457422494888303
0,0,0.2,XGBoost_3_AutoML_4_20260420_192958,target_lag1,2.303431920260191
0,0,0.2,XGBoost_3_AutoML_4_20260420_192958,target_lag2,0.6329962278902531
0,0,0.2,XGBoost_3_AutoML_4_20260420_192958,target_lag3,0.09975932976529289
0,0,0.2,XGBoost_3_AutoML_4_20260420_192958,target_lag4,0.06935715512488966
0,0,0.2,XGBoost_3_AutoML_4_20260420_192958,target_lag5,0.08221598440781232
0,0,0.2,XGBoost_3_AutoML_4_20260420_192958,target_lag6,0.13658033119980242
0,0,0.2,XGBoost_3_AutoML_4_20260420_192958,cov_HULL_lag1,0.07931375963380556
0,0,0.2,XGBoost_3_AutoML_4_20260420_192958,cov_MUFL_lag1,1.808485896140337
0,0,0.2,XGBoost_3_AutoML_4_20260420_192958,cov_MULL_lag1,0.07523618144936331
0,0,0.2,XGBoost_3_AutoML_4_20260420_192958,cov_LUFL_lag1,0.09805701628560197
0,0,0.2,XGBoost_3_AutoML_4_20260420_192958,cov_LULL_lag1,0.0480467401805799
0,0,0.2,XGBoost_3_AutoML_4_20260420_192958,cov_OT_lag1,0.06149403102230277
0,0,0.2,XGBoost_3_AutoML_4_20260420_192958,hour_lag1,0.38345894545316694
0,0,0.2,XGBoost_3_AutoML_4_20260420_192958,day_of_week_lag1,0.031095371339470105
0,0,0.2,XGBoost_3_AutoML_4_20260420_192958,month_lag1,0.02061951475829114
0,0,0.2,XGBoost_3_AutoML_4_20260420_192958,month_sin,0.01529467958243909
0,0,0.2,XGBoost_3_AutoML_4_20260420_192958,month_cos,0.007084926348179532
0,0,0.2,XGBoost_3_AutoML_4_20260420_192958,year,0.30473013579845426
0,0,0.2,XGBoost_grid_1_AutoML_4_20260420_192958_model_3,target_lag1,1.7975868894066662
0,0,0.2,XGBoost_grid_1_AutoML_4_20260420_192958_model_3,target_lag2,0.7085062384512275
0,0,0.2,XGBoost_grid_1_AutoML_4_20260420_192958_model_3,target_lag3,0.41940946361166426
0,0,0.2,XGBoost_grid_1_AutoML_4_20260420_192958_model_3,target_lag4,0.7220416990667582
0,0,0.2,XGBoost_grid_1_AutoML_4_20260420_192958_model_3,target_lag5,0.04864162727608342
0,0,0.2,XGBoost_grid_1_AutoML_4_20260420_192958_model_3,target_lag6,0.0977864394523203
0,0,0.2,XGBoost_grid_1_AutoML_4_20260420_192958_model_3,cov_HULL_lag1,0.09990557318553325
0,0,0.2,XGBoost_grid_1_AutoML_4_20260420_192958_model_3,cov_MUFL_lag1,1.2881656277179718
0,0,0.2,XGBoost_grid_1_AutoML_4_20260420_192958_model_3,cov_MULL_lag1,0.06613446466159072
0,0,0.2,XGBoost_grid_1_AutoML_4_20260420_192958_model_3,cov_LUFL_lag1,0.2033203695900738
0,0,0.2,XGBoost_grid_1_AutoML_4_20260420_192958_model_3,cov_LULL_lag1,0.04397955588530745
0,0,0.2,XGBoost_grid_1_AutoML_4_20260420_192958_model_3,cov_OT_lag1,0.028457161874139235
0,0,0.2,XGBoost_grid_1_AutoML_4_20260420_192958_model_3,hour_lag1,0.3232278145477176
0,0,0.2,XGBoost_grid_1_AutoML_4_20260420_192958_model_3,day_of_week_lag1,0.024792355883400834
0,0,0.2,XGBoost_grid_1_AutoML_4_20260420_192958_model_3,month_lag1,0.0753160538594238
0,0,0.2,XGBoost_grid_1_AutoML_4_20260420_192958_model_3,month_sin,0.016030365477781697
0,0,0.2,XGBoost_grid_1_AutoML_4_20260420_192958_model_3,month_cos,0.014353532901732205
0,0,0.2,XGBoost_grid_1_AutoML_4_20260420_192958_model_3,year,0.27600155748426913
0,0,0.2,GLM_1_AutoML_4_20260420_192958,target_lag1,1.5384637194987771
0,0,0.2,GLM_1_AutoML_4_20260420_192958,target_lag2,0.9487112181100221
0,0,0.2,GLM_1_AutoML_4_20260420_192958,target_lag3,0.4847865904185493
0,0,0.2,GLM_1_AutoML_4_20260420_192958,target_lag4,0.05703152399159532
0,0,0.2,GLM_1_AutoML_4_20260420_192958,target_lag5,0.21746113326924854
0,0,0.2,GLM_1_AutoML_4_20260420_192958,target_lag6,0.30307286837595876
0,0,0.2,GLM_1_AutoML_4_20260420_192958,cov_HULL_lag1,0.01597929677693877
0,0,0.2,GLM_1_AutoML_4_20260420_192958,cov_MUFL_lag1,1.8300781493030485
0,0,0.2,GLM_1_AutoML_4_20260420_192958,cov_MULL_lag1,0.07738777154666704
0,0,0.2,GLM_1_AutoML_4_20260420_192958,cov_LUFL_lag1,0.202586370860203
0,0,0.2,GLM_1_AutoML_4_20260420_192958,cov_LULL_lag1,0.01284809333308505
0,0,0.2,GLM_1_AutoML_4_20260420_192958,cov_OT_lag1,0.035517595810979276
0,0,0.2,GLM_1_AutoML_4_20260420_192958,hour_lag1,0.12610448218657433
0,0,0.2,GLM_1_AutoML_4_20260420_192958,day_of_week_lag1,0.0069030922644516615
0,0,0.2,GLM_1_AutoML_4_20260420_192958,month_lag1,0.002169221676292396
0,0,0.2,GLM_1_AutoML_4_20260420_192958,month_sin,0.0030934496850310166
0,0,0.2,GLM_1_AutoML_4_20260420_192958,month_cos,0.00433979969262997
0,0,0.2,GLM_1_AutoML_4_20260420_192958,year,0.3761831905953026
0,0,0.2,XGBoost_grid_1_AutoML_4_20260420_192958_model_2,target_lag1,2.0205977726727724
0,0,0.2,XGBoost_grid_1_AutoML_4_20260420_192958_model_2,target_lag2,0.4778554048202932
0,0,0.2,XGBoost_grid_1_AutoML_4_20260420_192958_model_2,target_lag3,0.08476804698817428
0,0,0.2,XGBoost_grid_1_AutoML_4_20260420_192958_model_2,target_lag4,0.0628223119024187
0,0,0.2,XGBoost_grid_1_AutoML_4_20260420_192958_model_2,target_lag5,0.05005152010591697
0,0,0.2,XGBoost_grid_1_AutoML_4_20260420_192958_model_2,target_lag6,0.07567558681635995
0,0,0.2,XGBoost_grid_1_AutoML_4_20260420_192958_model_2,cov_HULL_lag1,0.0963981695193797
0,0,0.2,XGBoost_grid_1_AutoML_4_20260420_192958_model_2,cov_MUFL_lag1,2.284801503829658
0,0,0.2,XGBoost_grid_1_AutoML_4_20260420_192958_model_2,cov_MULL_lag1,0.1363365104841068
0,0,0.2,XGBoost_grid_1_AutoML_4_20260420_192958_model_2,cov_LUFL_lag1,0.1012466978630982
0,0,0.2,XGBoost_grid_1_AutoML_4_20260420_192958_model_2,cov_LULL_lag1,0.0661277585709467
0,0,0.2,XGBoost_grid_1_AutoML_4_20260420_192958_model_2,cov_OT_lag1,0.09224772656452838
0,0,0.2,XGBoost_grid_1_AutoML_4_20260420_192958_model_2,hour_lag1,0.3983482204726897
0,0,0.2,XGBoost_grid_1_AutoML_4_20260420_192958_model_2,day_of_week_lag1,0.03789802433922882
0,0,0.2,XGBoost_grid_1_AutoML_4_20260420_192958_model_2,month_lag1,0.05123232905752952
0,0,0.2,XGBoost_grid_1_AutoML_4_20260420_192958_model_2,month_sin,0.024897338967421048
0,0,0.2,XGBoost_grid_1_AutoML_4_20260420_192958_model_2,month_cos,0.040431368795107066
0,0,0.2,XGBoost_grid_1_AutoML_4_20260420_192958_model_2,year,0.25639369996031747
0,0,0.2,XGBoost_2_AutoML_4_20260420_192958,target_lag1,1.7348445491492748
0,0,0.2,XGBoost_2_AutoML_4_20260420_192958,target_lag2,0.37719442196190356
0,0,0.2,XGBoost_2_AutoML_4_20260420_192958,target_lag3,0.7810399603843688
0,0,0.2,XGBoost_2_AutoML_4_20260420_192958,target_lag4,0.0733620353043079
0,0,0.2,XGBoost_2_AutoML_4_20260420_192958,target_lag5,0.06699575851671392
0,0,0.2,XGBoost_2_AutoML_4_20260420_192958,target_lag6,0.09960760442540045
0,0,0.2,XGBoost_2_AutoML_4_20260420_192958,cov_HULL_lag1,0.10270679579582062
0,0,0.2,XGBoost_2_AutoML_4_20260420_192958,cov_MUFL_lag1,1.9746486714482308
0,0,0.2,XGBoost_2_AutoML_4_20260420_192958,cov_MULL_lag1,0.14569233378628266
0,0,0.2,XGBoost_2_AutoML_4_20260420_192958,cov_LUFL_lag1,0.11930727571947497
0,0,0.2,XGBoost_2_AutoML_4_20260420_192958,cov_LULL_lag1,0.07380997028667476
0,0,0.2,XGBoost_2_AutoML_4_20260420_192958,cov_OT_lag1,0.1057155099418014
0,0,0.2,XGBoost_2_AutoML_4_20260420_192958,hour_lag1,0.38087704553967344
0,0,0.2,XGBoost_2_AutoML_4_20260420_192958,day_of_week_lag1,0.04195644186002023
0,0,0.2,XGBoost_2_AutoML_4_20260420_192958,month_lag1,0.04544203964411277
0,0,0.2,XGBoost_2_AutoML_4_20260420_192958,month_sin,0.032536946162290366
0,0,0.2,XGBoost_2_AutoML_4_20260420_192958,month_cos,0.021768025176133916
0,0,0.2,XGBoost_2_AutoML_4_20260420_192958,year,0.37107154544442894
0,0,0.2,XGBoost_grid_1_AutoML_4_20260420_192958_model_1,target_lag1,2.399680951312184
0,0,0.2,XGBoost_grid_1_AutoML_4_20260420_192958_model_1,target_lag2,0.1695057463319972
0,0,0.2,XGBoost_grid_1_AutoML_4_20260420_192958_model_1,target_lag3,0.10434587177878708
0,0,0.2,XGBoost_grid_1_AutoML_4_20260420_192958_model_1,target_lag4,0.06822658609671631
0,0,0.2,XGBoost_grid_1_AutoML_4_20260420_192958_model_1,target_lag5,0.06000523245427753
0,0,0.2,XGBoost_grid_1_AutoML_4_20260420_192958_model_1,target_lag6,0.08232038352172819
0,0,0.2,XGBoost_grid_1_AutoML_4_20260420_192958_model_1,cov_HULL_lag1,0.05722295855171975
0,0,0.2,XGBoost_grid_1_AutoML_4_20260420_192958_model_1,cov_MUFL_lag1,2.48121351711452
0,0,0.2,XGBoost_grid_1_AutoML_4_20260420_192958_model_1,cov_MULL_lag1,0.12991287221433592
0,0,0.2,XGBoost_grid_1_AutoML_4_20260420_192958_model_1,cov_LUFL_lag1,0.09558373436331745
0,0,0.2,XGBoost_grid_1_AutoML_4_20260420_192958_model_1,cov_LULL_lag1,0.03970314179314296
0,0,0.2,XGBoost_grid_1_AutoML_4_20260420_192958_model_1,cov_OT_lag1,0.08648340007755902
0,0,0.2,XGBoost_grid_1_AutoML_4_20260420_192958_model_1,hour_lag1,0.4421434984356165
0,0,0.2,XGBoost_grid_1_AutoML_4_20260420_192958_model_1,day_of_week_lag1,0.024170752892096015
0,0,0.2,XGBoost_grid_1_AutoML_4_20260420_192958_model_1,month_lag1,0.034797360894881384
0,0,0.2,XGBoost_grid_1_AutoML_4_20260420_192958_model_1,month_sin,0.03118766192812468
0,0,0.2,XGBoost_grid_1_AutoML_4_20260420_192958_model_1,month_cos,0.03316019929130558
0,0,0.2,XGBoost_grid_1_AutoML_4_20260420_192958_model_1,year,0.30213952479884026
0,0,0.2,GBM_grid_1_AutoML_4_20260420_192958_model_1,target_lag1,1.5116383931785822
0,0,0.2,GBM_grid_1_AutoML_4_20260420_192958_model_1,target_lag2,0.9593339354917407
0,0,0.2,GBM_grid_1_AutoML_4_20260420_192958_model_1,target_lag3,0.07898171867127526
0,0,0.2,GBM_grid_1_AutoML_4_20260420_192958_model_1,target_lag4,0.1594043953856453
0,0,0.2,GBM_grid_1_AutoML_4_20260420_192958_model_1,target_lag5,0.07267297259240872
0,0,0.2,GBM_grid_1_AutoML_4_20260420_192958_model_1,target_lag6,0.07166080838127524
0,0,0.2,GBM_grid_1_AutoML_4_20260420_192958_model_1,cov_HULL_lag1,0.10245262106647711
0,0,0.2,GBM_grid_1_AutoML_4_20260420_192958_model_1,cov_MUFL_lag1,1.3319577965233476
0,0,0.2,GBM_grid_1_AutoML_4_20260420_192958_model_1,cov_MULL_lag1,0.2877276123035699
0,0,0.2,GBM_grid_1_AutoML_4_20260420_192958_model_1,cov_LUFL_lag1,0.11154889628291126
0,0,0.2,GBM_grid_1_AutoML_4_20260420_192958_model_1,cov_LULL_lag1,0.06780851249583061
0,0,0.2,GBM_grid_1_AutoML_4_20260420_192958_model_1,cov_OT_lag1,0.05772737775419952
0,0,0.2,GBM_grid_1_AutoML_4_20260420_192958_model_1,hour_lag1,0.37975344316102566
0,0,0.2,GBM_grid_1_AutoML_4_20260420_192958_model_1,day_of_week_lag1,0.017794604546615987
0,0,0.2,GBM_grid_1_AutoML_4_20260420_192958_model_1,month_lag1,0.018938584418501655
0,0,0.2,GBM_grid_1_AutoML_4_20260420_192958_model_1,month_sin,0.010365009934757793
0,0,0.2,GBM_grid_1_AutoML_4_20260420_192958_model_1,month_cos,0.01448389939556359
0,0,0.2,GBM_grid_1_AutoML_4_20260420_192958_model_1,year,0.5388332607224584
0,0,0.2,XGBoost_1_AutoML_4_20260420_192958,target_lag1,2.253882554485463
0,0,0.2,XGBoost_1_AutoML_4_20260420_192958,target_lag2,1.016606398522854
0,0,0.2,XGBoost_1_AutoML_4_20260420_192958,target_lag3,0.16697301757521926
0,0,0.2,XGBoost_1_AutoML_4_20260420_192958,target_lag4,0.10938406559289429
0,0,0.2,XGBoost_1_AutoML_4_20260420_192958,target_lag5,0.09247480264399197
0,0,0.2,XGBoost_1_AutoML_4_20260420_192958,target_lag6,0.11492128584999588
0,0,0.2,XGBoost_1_AutoML_4_20260420_192958,cov_HULL_lag1,0.10351633630692955
0,0,0.2,XGBoost_1_AutoML_4_20260420_192958,cov_MUFL_lag1,1.2732520714402198
0,0,0.2,XGBoost_1_AutoML_4_20260420_192958,cov_MULL_lag1,0.1474412295618094
0,0,0.2,XGBoost_1_AutoML_4_20260420_192958,cov_LUFL_lag1,0.14892315297154707
0,0,0.2,XGBoost_1_AutoML_4_20260420_192958,cov_LULL_lag1,0.0647600232600234
0,0,0.2,XGBoost_1_AutoML_4_20260420_192958,cov_OT_lag1,0.09659050220157947
0,0,0.2,XGBoost_1_AutoML_4_20260420_192958,hour_lag1,0.47163909792900083
0,0,0.2,XGBoost_1_AutoML_4_20260420_192958,day_of_week_lag1,0.042296389616676554
0,0,0.2,XGBoost_1_AutoML_4_20260420_192958,month_lag1,0.03038100053556259
0,0,0.2,XGBoost_1_AutoML_4_20260420_192958,month_sin,0.062393935907166416
0,0,0.2,XGBoost_1_AutoML_4_20260420_192958,month_cos,0.04469158072955901
0,0,0.2,XGBoost_1_AutoML_4_20260420_192958,year,0.4444355533272028
0,0,0.3,GBM_grid_1_AutoML_4_20260420_192958_model_2,target_lag1,2.787828901335597
0,0,0.3,GBM_grid_1_AutoML_4_20260420_192958_model_2,target_lag2,0.21059908106923103
0,0,0.3,GBM_grid_1_AutoML_4_20260420_192958_model_2,target_lag3,0.0960974170963163
0,0,0.3,GBM_grid_1_AutoML_4_20260420_192958_model_2,target_lag4,0.03261934596579518
0,0,0.3,GBM_grid_1_AutoML_4_20260420_192958_model_2,target_lag5,0.03799562227679412
0,0,0.3,GBM_grid_1_AutoML_4_20260420_192958_model_2,target_lag6,0.049635985475033485
0,0,0.3,GBM_grid_1_AutoML_4_20260420_192958_model_2,cov_HULL_lag1,0.08351478181779382
0,0,0.3,GBM_grid_1_AutoML_4_20260420_192958_model_2,cov_MUFL_lag1,1.7316941889375448
0,0,0.3,GBM_grid_1_AutoML_4_20260420_192958_model_2,cov_MULL_lag1,0.03887819942319762
0,0,0.3,GBM_grid_1_AutoML_4_20260420_192958_model_2,cov_LUFL_lag1,0.07736843450111333
0,0,0.3,GBM_grid_1_AutoML_4_20260420_192958_model_2,cov_LULL_lag1,0.015828339793661095
0,0,0.3,GBM_grid_1_AutoML_4_20260420_192958_model_2,cov_OT_lag1,0.044919488662853786
0,0,0.3,GBM_grid_1_AutoML_4_20260420_192958_model_2,hour_lag1,0.31815111441537736
0,0,0.3,GBM_grid_1_AutoML_4_20260420_192958_model_2,day_of_week_lag1,0.010642336759483381
0,0,0.3,GBM_grid_1_AutoML_4_20260420_192958_model_2,month_lag1,0.013955358316597945
0,0,0.3,GBM_grid_1_AutoML_4_20260420_192958_model_2,month_sin,0.004846248075191354
0,0,0.3,GBM_grid_1_AutoML_4_20260420_192958_model_2,month_cos,0.015428626066422979
0,0,0.3,GBM_grid_1_AutoML_4_20260420_192958_model_2,year,0.1918860708270222
0,0,0.3,GBM_1_AutoML_4_20260420_192958,target_lag1,2.3126153323054313
0,0,0.3,GBM_1_AutoML_4_20260420_192958,target_lag2,0.637744482755661
0,0,0.3,GBM_1_AutoML_4_20260420_192958,target_lag3,0.09033070885809134
0,0,0.3,GBM_1_AutoML_4_20260420_192958,target_lag4,0.08772299466421823
0,0,0.3,GBM_1_AutoML_4_20260420_192958,target_lag5,0.051024287007749025
0,0,0.3,GBM_1_AutoML_4_20260420_192958,target_lag6,0.03901501619846381
0,0,0.3,GBM_1_AutoML_4_20260420_192958,cov_HULL_lag1,0.1279486715374514
0,0,0.3,GBM_1_AutoML_4_20260420_192958,cov_MUFL_lag1,1.6563933362066745
0,0,0.3,GBM_1_AutoML_4_20260420_192958,cov_MULL_lag1,0.03885563058312978
0,0,0.3,GBM_1_AutoML_4_20260420_192958,cov_LUFL_lag1,0.07509032721631224
0,0,0.3,GBM_1_AutoML_4_20260420_192958,cov_LULL_lag1,0.015308948233141521
0,0,0.3,GBM_1_AutoML_4_20260420_192958,cov_OT_lag1,0.04649967336794357
0,0,0.3,GBM_1_AutoML_4_20260420_192958,hour_lag1,0.3035024566203356
0,0,0.3,GBM_1_AutoML_4_20260420_192958,day_of_week_lag1,0.014973060784395737
0,0,0.3,GBM_1_AutoML_4_20260420_192958,month_lag1,0.026884583299979524
0,0,0.3,GBM_1_AutoML_4_20260420_192958,month_sin,0.011792851821664906
0,0,0.3,GBM_1_AutoML_4_20260420_192958,month_cos,0.016908973621320867
0,0,0.3,GBM_1_AutoML_4_20260420_192958,year,0.16111390678212043
0,0,0.3,GBM_grid_1_AutoML_4_20260420_192958_model_3,target_lag1,1.7260991024225951
0,0,0.3,GBM_grid_1_AutoML_4_20260420_192958_model_3,target_lag2,0.8882915743067861
0,0,0.3,GBM_grid_1_AutoML_4_20260420_192958_model_3,target_lag3,0.341031905412674
0,0,0.3,GBM_grid_1_AutoML_4_20260420_192958_model_3,target_lag4,0.3213221155235078
0,0,0.3,GBM_grid_1_AutoML_4_20260420_192958_model_3,target_lag5,0.04790490457497067
0,0,0.3,GBM_grid_1_AutoML_4_20260420_192958_model_3,target_lag6,0.05390617794357235
0,0,0.3,GBM_grid_1_AutoML_4_20260420_192958_model_3,cov_HULL_lag1,0.1414292533881962
0,0,0.3,GBM_grid_1_AutoML_4_20260420_192958_model_3,cov_MUFL_lag1,1.330263764411211
0,0,0.3,GBM_grid_1_AutoML_4_20260420_192958_model_3,cov_MULL_lag1,0.059625404467806176
0,0,0.3,GBM_grid_1_AutoML_4_20260420_192958_model_3,cov_LUFL_lag1,0.19140947746112943
0,0,0.3,GBM_grid_1_AutoML_4_20260420_192958_model_3,cov_LULL_lag1,0.03435812111885748
0,0,0.3,GBM_grid_1_AutoML_4_20260420_192958_model_3,cov_OT_lag1,0.057499089001212235
0,0,0.3,GBM_grid_1_AutoML_4_20260420_192958_model_3,hour_lag1,0.3450664407107979
0,0,0.3,GBM_grid_1_AutoML_4_20260420_192958_model_3,day_of_week_lag1,0.018209780885081222
0,0,0.3,GBM_grid_1_AutoML_4_20260420_192958_model_3,month_lag1,0.03570966285187747
0,0,0.3,GBM_grid_1_AutoML_4_20260420_192958_model_3,month_sin,0.013285763134626854
0,0,0.3,GBM_grid_1_AutoML_4_20260420_192958_model_3,month_cos,0.01563098453509151
0,0,0.3,GBM_grid_1_AutoML_4_20260420_192958_model_3,year,0.17903132423758505
0,0,0.3,XGBoost_grid_1_AutoML_4_20260420_192958_model_6,target_lag1,0.8631686191260814
0,0,0.3,XGBoost_grid_1_AutoML_4_20260420_192958_model_6,target_lag2,1.3184459951519967
0,0,0.3,XGBoost_grid_1_AutoML_4_20260420_192958_model_6,target_lag3,0.1541135383432265
0,0,0.3,XGBoost_grid_1_AutoML_4_20260420_192958_model_6,target_lag4,0.6695356976985931
0,0,0.3,XGBoost_grid_1_AutoML_4_20260420_192958_model_6,target_lag5,0.10761129193007943
0,0,0.3,XGBoost_grid_1_AutoML_4_20260420_192958_model_6,target_lag6,0.15853590629762035
0,0,0.3,XGBoost_grid_1_AutoML_4_20260420_192958_model_6,cov_HULL_lag1,0.02132310523797056
0,0,0.3,XGBoost_grid_1_AutoML_4_20260420_192958_model_6,cov_MUFL_lag1,1.775387176256627
0,0,0.3,XGBoost_grid_1_AutoML_4_20260420_192958_model_6,cov_MULL_lag1,0.09198114773258563
0,0,0.3,XGBoost_grid_1_AutoML_4_20260420_192958_model_6,cov_LUFL_lag1,0.2934683371335268
0,0,0.3,XGBoost_grid_1_AutoML_4_20260420_192958_model_6,cov_LULL_lag1,0.022268517300253695
0,0,0.3,XGBoost_grid_1_AutoML_4_20260420_192958_model_6,cov_OT_lag1,0.03243412580108265
0,0,0.3,XGBoost_grid_1_AutoML_4_20260420_192958_model_6,hour_lag1,0.42264901627786455
0,0,0.3,XGBoost_grid_1_AutoML_4_20260420_192958_model_6,day_of_week_lag1,0.0
0,0,0.3,XGBoost_grid_1_AutoML_4_20260420_192958_model_6,month_lag1,0.020853761848993548
0,0,0.3,XGBoost_grid_1_AutoML_4_20260420_192958_model_6,month_sin,0.0018395256053190528
0,0,0.3,XGBoost_grid_1_AutoML_4_20260420_192958_model_6,month_cos,0.0006909493386046893
0,0,0.3,XGBoost_grid_1_AutoML_4_20260420_192958_model_6,year,0.3665656033158302
0,0,0.3,GBM_3_AutoML_4_20260420_192958,target_lag1,1.93072120167315
0,0,0.3,GBM_3_AutoML_4_20260420_192958,target_lag2,0.6636543575581163
0,0,0.3,GBM_3_AutoML_4_20260420_192958,target_lag3,0.08946474649208536
0,0,0.3,GBM_3_AutoML_4_20260420_192958,target_lag4,0.0345275439281249
0,0,0.3,GBM_3_AutoML_4_20260420_192958,target_lag5,0.049826078587211636
0,0,0.3,GBM_3_AutoML_4_20260420_192958,target_lag6,0.0678546297177672
0,0,0.3,GBM_3_AutoML_4_20260420_192958,cov_HULL_lag1,0.07055226563941681
0,0,0.3,GBM_3_AutoML_4_20260420_192958,cov_MUFL_lag1,2.0752107378840448
0,0,0.3,GBM_3_AutoML_4_20260420_192958,cov_MULL_lag1,0.06933335259265727
0,0,0.3,GBM_3_AutoML_4_20260420_192958,cov_LUFL_lag1,0.08702165969647463
0,0,0.3,GBM_3_AutoML_4_20260420_192958,cov_LULL_lag1,0.025764810879481917
0,0,0.3,GBM_3_AutoML_4_20260420_192958,cov_OT_lag1,0.05384895517257969
0,0,0.3,GBM_3_AutoML_4_20260420_192958,hour_lag1,0.32515524392947553
0,0,0.3,GBM_3_AutoML_4_20260420_192958,day_of_week_lag1,0.01320794194820332
0,0,0.3,GBM_3_AutoML_4_20260420_192958,month_lag1,0.021137952256249218
0,0,0.3,GBM_3_AutoML_4_20260420_192958,month_sin,0.017766251205757685
0,0,0.3,GBM_3_AutoML_4_20260420_192958,month_cos,0.0172138893109513
0,0,0.3,GBM_3_AutoML_4_20260420_192958,year,0.18567782383412124
0,0,0.3,XRT_1_AutoML_4_20260420_192958,target_lag1,1.8048066169023513
0,0,0.3,XRT_1_AutoML_4_20260420_192958,target_lag2,0.9546754959598184
0,0,0.3,XRT_1_AutoML_4_20260420_192958,target_lag3,0.6067922962491866
0,0,0.3,XRT_1_AutoML_4_20260420_192958,target_lag4,0.24103822952136397
0,0,0.3,XRT_1_AutoML_4_20260420_192958,target_lag5,161.1871020728629
0,0,0.3,XRT_1_AutoML_4_20260420_192958,target_lag6,0.10601224414422174
0,0,0.3,XRT_1_AutoML_4_20260420_192958,cov_HULL_lag1,955.7447181395628
0,0,0.3,XRT_1_AutoML_4_20260420_192958,cov_MUFL_lag1,1.9279274477995931
0,0,0.3,XRT_1_AutoML_4_20260420_192958,cov_MULL_lag1,0.08893381916917857
0,0,0.3,XRT_1_AutoML_4_20260420_192958,cov_LUFL_lag1,0.4019557113526389
0,0,0.3,XRT_1_AutoML_4_20260420_192958,cov_LULL_lag1,0.45551099513540977
0,0,0.3,XRT_1_AutoML_4_20260420_192958,cov_OT_lag1,0.07716274358332152
0,0,0.3,XRT_1_AutoML_4_20260420_192958,hour_lag1,161.13876860480755
0,0,0.3,XRT_1_AutoML_4_20260420_192958,day_of_week_lag1,0.3504624895751476
0,0,0.3,XRT_1_AutoML_4_20260420_192958,month_lag1,0.17881066085770725
0,0,0.3,XRT_1_AutoML_4_20260420_192958,month_sin,2703.222498379829
0,0,0.3,XRT_1_AutoML_4_20260420_192958,month_cos,0.030641051657730678
0,0,0.3,XRT_1_AutoML_4_20260420_192958,year,0.18931377470493316
0,0,0.3,GBM_2_AutoML_4_20260420_192958,target_lag1,2.1670065230503677
0,0,0.3,GBM_2_AutoML_4_20260420_192958,target_lag2,0.4421126080863178
0,0,0.3,GBM_2_AutoML_4_20260420_192958,target_lag3,0.1129182911603129
0,0,0.3,GBM_2_AutoML_4_20260420_192958,target_lag4,0.04369303279323498
0,0,0.3,GBM_2_AutoML_4_20260420_192958,target_lag5,0.0447163910385279
0,0,0.3,GBM_2_AutoML_4_20260420_192958,target_lag6,0.05860567952040578
0,0,0.3,GBM_2_AutoML_4_20260420_192958,cov_HULL_lag1,0.11265636336058375
0,0,0.3,GBM_2_AutoML_4_20260420_192958,cov_MUFL_lag1,2.0746852651238443
0,0,0.3,GBM_2_AutoML_4_20260420_192958,cov_MULL_lag1,0.06827879855991335
0,0,0.3,GBM_2_AutoML_4_20260420_192958,cov_LUFL_lag1,0.0923160055861808
0,0,0.3,GBM_2_AutoML_4_20260420_192958,cov_LULL_lag1,0.025301876711309842
0,0,0.3,GBM_2_AutoML_4_20260420_192958,cov_OT_lag1,0.03924468926503319
0,0,0.3,GBM_2_AutoML_4_20260420_192958,hour_lag1,0.30467817693948746
0,0,0.3,GBM_2_AutoML_4_20260420_192958,day_of_week_lag1,0.011505322181619659
0,0,0.3,GBM_2_AutoML_4_20260420_192958,month_lag1,0.03294448445696613
0,0,0.3,GBM_2_AutoML_4_20260420_192958,month_sin,0.014611705733113876
0,0,0.3,GBM_2_AutoML_4_20260420_192958,month_cos,0.011876398980311887
0,0,0.3,GBM_2_AutoML_4_20260420_192958,year,0.17900005482137205
0,0,0.3,GBM_4_AutoML_4_20260420_192958,target_lag1,1.7019092310220003
0,0,0.3,GBM_4_AutoML_4_20260420_192958,target_lag2,0.685168043874437
0,0,0.3,GBM_4_AutoML_4_20260420_192958,target_lag3,0.07138409524894083
0,0,0.3,GBM_4_AutoML_4_20260420_192958,target_lag4,0.07228155812714246
0,0,0.3,GBM_4_AutoML_4_20260420_192958,target_lag5,0.03434338982566256
0,0,0.3,GBM_4_AutoML_4_20260420_192958,target_lag6,0.06964758619200434
0,0,0.3,GBM_4_AutoML_4_20260420_192958,cov_HULL_lag1,0.08478728142858014
0,0,0.3,GBM_4_AutoML_4_20260420_192958,cov_MUFL_lag1,2.314059830605984
0,0,0.3,GBM_4_AutoML_4_20260420_192958,cov_MULL_lag1,0.07150163435493591
0,0,0.3,GBM_4_AutoML_4_20260420_192958,cov_LUFL_lag1,0.11228523636906171
0,0,0.3,GBM_4_AutoML_4_20260420_192958,cov_LULL_lag1,0.025977109119121402
0,0,0.3,GBM_4_AutoML_4_20260420_192958,cov_OT_lag1,0.058426388624065975
0,0,0.3,GBM_4_AutoML_4_20260420_192958,hour_lag1,0.3454651290550828
0,0,0.3,GBM_4_AutoML_4_20260420_192958,day_of_week_lag1,0.024048881351482084
0,0,0.3,GBM_4_AutoML_4_20260420_192958,month_lag1,0.03530828475952144
0,0,0.3,GBM_4_AutoML_4_20260420_192958,month_sin,0.025062501751817724
0,0,0.3,GBM_4_AutoML_4_20260420_192958,month_cos,0.019529766597552175
0,0,0.3,GBM_4_AutoML_4_20260420_192958,year,0.1778273361013271
0,0,0.3,DRF_1_AutoML_4_20260420_192958,target_lag1,1.8747661547362804
0,0,0.3,DRF_1_AutoML_4_20260420_192958,target_lag2,1.2081526924669743
0,0,0.3,DRF_1_AutoML_4_20260420_192958,target_lag3,0.3035435749217868
0,0,0.3,DRF_1_AutoML_4_20260420_192958,target_lag4,0.11139474753290411
0,0,0.3,DRF_1_AutoML_4_20260420_192958,target_lag5,0.07615960713243107
0,0,0.3,DRF_1_AutoML_4_20260420_192958,target_lag6,0.03981654168106611
0,0,0.3,DRF_1_AutoML_4_20260420_192958,cov_HULL_lag1,0.09906306045013476
0,0,0.3,DRF_1_AutoML_4_20260420_192958,cov_MUFL_lag1,1.8262941946089268
0,0,0.3,DRF_1_AutoML_4_20260420_192958,cov_MULL_lag1,0.09823646534699942
0,0,0.3,DRF_1_AutoML_4_20260420_192958,cov_LUFL_lag1,0.07311203600373116
0,0,0.3,DRF_1_AutoML_4_20260420_192958,cov_LULL_lag1,0.021761127396020995
0,0,0.3,DRF_1_AutoML_4_20260420_192958,cov_OT_lag1,0.030142483863746704
0,0,0.3,DRF_1_AutoML_4_20260420_192958,hour_lag1,0.21946413336787374
0,0,0.3,DRF_1_AutoML_4_20260420_192958,day_of_week_lag1,0.015728431490133477
0,0,0.3,DRF_1_AutoML_4_20260420_192958,month_lag1,0.03647112917504269
0,0,0.3,DRF_1_AutoML_4_20260420_192958,month_sin,0.015007655150257012
0,0,0.3,DRF_1_AutoML_4_20260420_192958,month_cos,0.012326849647797596
0,0,0.3,DRF_1_AutoML_4_20260420_192958,year,0.10222192646237087
0,0,0.3,GBM_5_AutoML_4_20260420_192958,target_lag1,1.4040771619603039
0,0,0.3,GBM_5_AutoML_4_20260420_192958,target_lag2,0.8696340137161315
0,0,0.3,GBM_5_AutoML_4_20260420_192958,target_lag3,0.051556705858092716
0,0,0.3,GBM_5_AutoML_4_20260420_192958,target_lag4,0.06683839416014958
0,0,0.3,GBM_5_AutoML_4_20260420_192958,target_lag5,0.05678921499289568
0,0,0.3,GBM_5_AutoML_4_20260420_192958,target_lag6,0.0682764796051924
0,0,0.3,GBM_5_AutoML_4_20260420_192958,cov_HULL_lag1,0.06906549163861196
0,0,0.3,GBM_5_AutoML_4_20260420_192958,cov_MUFL_lag1,2.2704834753880276
0,0,0.3,GBM_5_AutoML_4_20260420_192958,cov_MULL_lag1,0.04674014068441462
0,0,0.3,GBM_5_AutoML_4_20260420_192958,cov_LUFL_lag1,0.09432834467384961
0,0,0.3,GBM_5_AutoML_4_20260420_192958,cov_LULL_lag1,0.024988458201987626
0,0,0.3,GBM_5_AutoML_4_20260420_192958,cov_OT_lag1,0.05311134670278984
0,0,0.3,GBM_5_AutoML_4_20260420_192958,hour_lag1,0.32083365325815977
0,0,0.3,GBM_5_AutoML_4_20260420_192958,day_of_week_lag1,0.009485697755299007
0,0,0.3,GBM_5_AutoML_4_20260420_192958,month_lag1,0.023956320931028993
0,0,0.3,GBM_5_AutoML_4_20260420_192958,month_sin,0.00943906498578141
0,0,0.3,GBM_5_AutoML_4_20260420_192958,month_cos,0.005541368346312051
0,0,0.3,GBM_5_AutoML_4_20260420_192958,year,0.15677734378725286
0,0,0.3,XGBoost_grid_1_AutoML_4_20260420_192958_model_5,target_lag1,2.627989328466356
0,0,0.3,XGBoost_grid_1_AutoML_4_20260420_192958_model_5,target_lag2,0.48736111700534823
0,0,0.3,XGBoost_grid_1_AutoML_4_20260420_192958_model_5,target_lag3,0.13468644212756767
0,0,0.3,XGBoost_grid_1_AutoML_4_20260420_192958_model_5,target_lag4,0.04556652400409799
0,0,0.3,XGBoost_grid_1_AutoML_4_20260420_192958_model_5,target_lag5,0.04731145533616649
0,0,0.3,XGBoost_grid_1_AutoML_4_20260420_192958_model_5,target_lag6,0.08147605946287509
0,0,0.3,XGBoost_grid_1_AutoML_4_20260420_192958_model_5,cov_HULL_lag1,0.10012665039161217
0,0,0.3,XGBoost_grid_1_AutoML_4_20260420_192958_model_5,cov_MUFL_lag1,1.4638457741588353
0,0,0.3,XGBoost_grid_1_AutoML_4_20260420_192958_model_5,cov_MULL_lag1,0.056582783053745464
0,0,0.3,XGBoost_grid_1_AutoML_4_20260420_192958_model_5,cov_LUFL_lag1,0.09466146115213629
0,0,0.3,XGBoost_grid_1_AutoML_4_20260420_192958_model_5,cov_LULL_lag1,0.03107451022602613
0,0,0.3,XGBoost_grid_1_AutoML_4_20260420_192958_model_5,cov_OT_lag1,0.06065003088675436
0,0,0.3,XGBoost_grid_1_AutoML_4_20260420_192958_model_5,hour_lag1,0.4350408298894763
0,0,0.3,XGBoost_grid_1_AutoML_4_20260420_192958_model_5,day_of_week_lag1,0.018142003947868898
0,0,0.3,XGBoost_grid_1_AutoML_4_20260420_192958_model_5,month_lag1,0.027039577935211088
0,0,0.3,XGBoost_grid_1_AutoML_4_20260420_192958_model_5,month_sin,0.013210513960802878
0,0,0.3,XGBoost_grid_1_AutoML_4_20260420_192958_model_5,month_cos,0.012290038495557331
0,0,0.3,XGBoost_grid_1_AutoML_4_20260420_192958_model_5,year,0.36457422494888303
0,0,0.3,XGBoost_3_AutoML_4_20260420_192958,target_lag1,2.303431920260191
0,0,0.3,XGBoost_3_AutoML_4_20260420_192958,target_lag2,0.6329962278902531
0,0,0.3,XGBoost_3_AutoML_4_20260420_192958,target_lag3,0.09975932976529289
0,0,0.3,XGBoost_3_AutoML_4_20260420_192958,target_lag4,0.06935715512488966
0,0,0.3,XGBoost_3_AutoML_4_20260420_192958,target_lag5,0.08221598440781232
0,0,0.3,XGBoost_3_AutoML_4_20260420_192958,target_lag6,0.13658033119980242
0,0,0.3,XGBoost_3_AutoML_4_20260420_192958,cov_HULL_lag1,0.07931375963380556
0,0,0.3,XGBoost_3_AutoML_4_20260420_192958,cov_MUFL_lag1,1.808485896140337
0,0,0.3,XGBoost_3_AutoML_4_20260420_192958,cov_MULL_lag1,0.07523618144936331
0,0,0.3,XGBoost_3_AutoML_4_20260420_192958,cov_LUFL_lag1,0.09805701628560197
0,0,0.3,XGBoost_3_AutoML_4_20260420_192958,cov_LULL_lag1,0.0480467401805799
0,0,0.3,XGBoost_3_AutoML_4_20260420_192958,cov_OT_lag1,0.06149403102230277
0,0,0.3,XGBoost_3_AutoML_4_20260420_192958,hour_lag1,0.38345894545316694
0,0,0.3,XGBoost_3_AutoML_4_20260420_192958,day_of_week_lag1,0.031095371339470105
0,0,0.3,XGBoost_3_AutoML_4_20260420_192958,month_lag1,0.02061951475829114
0,0,0.3,XGBoost_3_AutoML_4_20260420_192958,month_sin,0.01529467958243909
0,0,0.3,XGBoost_3_AutoML_4_20260420_192958,month_cos,0.007084926348179532
0,0,0.3,XGBoost_3_AutoML_4_20260420_192958,year,0.30473013579845426
0,0,0.3,XGBoost_grid_1_AutoML_4_20260420_192958_model_3,target_lag1,1.7975868894066662
0,0,0.3,XGBoost_grid_1_AutoML_4_20260420_192958_model_3,target_lag2,0.7085062384512275
0,0,0.3,XGBoost_grid_1_AutoML_4_20260420_192958_model_3,target_lag3,0.41940946361166426
0,0,0.3,XGBoost_grid_1_AutoML_4_20260420_192958_model_3,target_lag4,0.7220416990667582
0,0,0.3,XGBoost_grid_1_AutoML_4_20260420_192958_model_3,target_lag5,0.04864162727608342
0,0,0.3,XGBoost_grid_1_AutoML_4_20260420_192958_model_3,target_lag6,0.0977864394523203
0,0,0.3,XGBoost_grid_1_AutoML_4_20260420_192958_model_3,cov_HULL_lag1,0.09990557318553325
0,0,0.3,XGBoost_grid_1_AutoML_4_20260420_192958_model_3,cov_MUFL_lag1,1.2881656277179718
0,0,0.3,XGBoost_grid_1_AutoML_4_20260420_192958_model_3,cov_MULL_lag1,0.06613446466159072
0,0,0.3,XGBoost_grid_1_AutoML_4_20260420_192958_model_3,cov_LUFL_lag1,0.2033203695900738
0,0,0.3,XGBoost_grid_1_AutoML_4_20260420_192958_model_3,cov_LULL_lag1,0.04397955588530745
0,0,0.3,XGBoost_grid_1_AutoML_4_20260420_192958_model_3,cov_OT_lag1,0.028457161874139235
0,0,0.3,XGBoost_grid_1_AutoML_4_20260420_192958_model_3,hour_lag1,0.3232278145477176
0,0,0.3,XGBoost_grid_1_AutoML_4_20260420_192958_model_3,day_of_week_lag1,0.024792355883400834
0,0,0.3,XGBoost_grid_1_AutoML_4_20260420_192958_model_3,month_lag1,0.0753160538594238
0,0,0.3,XGBoost_grid_1_AutoML_4_20260420_192958_model_3,month_sin,0.016030365477781697
0,0,0.3,XGBoost_grid_1_AutoML_4_20260420_192958_model_3,month_cos,0.014353532901732205
0,0,0.3,XGBoost_grid_1_AutoML_4_20260420_192958_model_3,year,0.27600155748426913
0,0,0.3,GLM_1_AutoML_4_20260420_192958,target_lag1,1.5384637194987771
0,0,0.3,GLM_1_AutoML_4_20260420_192958,target_lag2,0.9487112181100221
0,0,0.3,GLM_1_AutoML_4_20260420_192958,target_lag3,0.4847865904185493
0,0,0.3,GLM_1_AutoML_4_20260420_192958,target_lag4,0.05703152399159532
0,0,0.3,GLM_1_AutoML_4_20260420_192958,target_lag5,0.21746113326924854
0,0,0.3,GLM_1_AutoML_4_20260420_192958,target_lag6,0.30307286837595876
0,0,0.3,GLM_1_AutoML_4_20260420_192958,cov_HULL_lag1,0.01597929677693877
0,0,0.3,GLM_1_AutoML_4_20260420_192958,cov_MUFL_lag1,1.8300781493030485
0,0,0.3,GLM_1_AutoML_4_20260420_192958,cov_MULL_lag1,0.07738777154666704
0,0,0.3,GLM_1_AutoML_4_20260420_192958,cov_LUFL_lag1,0.202586370860203
0,0,0.3,GLM_1_AutoML_4_20260420_192958,cov_LULL_lag1,0.01284809333308505
0,0,0.3,GLM_1_AutoML_4_20260420_192958,cov_OT_lag1,0.035517595810979276
0,0,0.3,GLM_1_AutoML_4_20260420_192958,hour_lag1,0.12610448218657433
0,0,0.3,GLM_1_AutoML_4_20260420_192958,day_of_week_lag1,0.0069030922644516615
0,0,0.3,GLM_1_AutoML_4_20260420_192958,month_lag1,0.002169221676292396
0,0,0.3,GLM_1_AutoML_4_20260420_192958,month_sin,0.0030934496850310166
0,0,0.3,GLM_1_AutoML_4_20260420_192958,month_cos,0.00433979969262997
0,0,0.3,GLM_1_AutoML_4_20260420_192958,year,0.3761831905953026
0,0,0.3,XGBoost_grid_1_AutoML_4_20260420_192958_model_2,target_lag1,2.0205977726727724
0,0,0.3,XGBoost_grid_1_AutoML_4_20260420_192958_model_2,target_lag2,0.4778554048202932
0,0,0.3,XGBoost_grid_1_AutoML_4_20260420_192958_model_2,target_lag3,0.08476804698817428
0,0,0.3,XGBoost_grid_1_AutoML_4_20260420_192958_model_2,target_lag4,0.0628223119024187
0,0,0.3,XGBoost_grid_1_AutoML_4_20260420_192958_model_2,target_lag5,0.05005152010591697
0,0,0.3,XGBoost_grid_1_AutoML_4_20260420_192958_model_2,target_lag6,0.07567558681635995
0,0,0.3,XGBoost_grid_1_AutoML_4_20260420_192958_model_2,cov_HULL_lag1,0.0963981695193797
0,0,0.3,XGBoost_grid_1_AutoML_4_20260420_192958_model_2,cov_MUFL_lag1,2.284801503829658
0,0,0.3,XGBoost_grid_1_AutoML_4_20260420_192958_model_2,cov_MULL_lag1,0.1363365104841068
0,0,0.3,XGBoost_grid_1_AutoML_4_20260420_192958_model_2,cov_LUFL_lag1,0.1012466978630982
0,0,0.3,XGBoost_grid_1_AutoML_4_20260420_192958_model_2,cov_LULL_lag1,0.0661277585709467
0,0,0.3,XGBoost_grid_1_AutoML_4_20260420_192958_model_2,cov_OT_lag1,0.09224772656452838
0,0,0.3,XGBoost_grid_1_AutoML_4_20260420_192958_model_2,hour_lag1,0.3983482204726897
0,0,0.3,XGBoost_grid_1_AutoML_4_20260420_192958_model_2,day_of_week_lag1,0.03789802433922882
0,0,0.3,XGBoost_grid_1_AutoML_4_20260420_192958_model_2,month_lag1,0.05123232905752952
0,0,0.3,XGBoost_grid_1_AutoML_4_20260420_192958_model_2,month_sin,0.024897338967421048
0,0,0.3,XGBoost_grid_1_AutoML_4_20260420_192958_model_2,month_cos,0.040431368795107066
0,0,0.3,XGBoost_grid_1_AutoML_4_20260420_192958_model_2,year,0.25639369996031747
0,0,0.3,XGBoost_2_AutoML_4_20260420_192958,target_lag1,1.7348445491492748
0,0,0.3,XGBoost_2_AutoML_4_20260420_192958,target_lag2,0.37719442196190356
0,0,0.3,XGBoost_2_AutoML_4_20260420_192958,target_lag3,0.7810399603843688
0,0,0.3,XGBoost_2_AutoML_4_20260420_192958,target_lag4,0.0733620353043079
0,0,0.3,XGBoost_2_AutoML_4_20260420_192958,target_lag5,0.06699575851671392
0,0,0.3,XGBoost_2_AutoML_4_20260420_192958,target_lag6,0.09960760442540045
0,0,0.3,XGBoost_2_AutoML_4_20260420_192958,cov_HULL_lag1,0.10270679579582062
0,0,0.3,XGBoost_2_AutoML_4_20260420_192958,cov_MUFL_lag1,1.9746486714482308
0,0,0.3,XGBoost_2_AutoML_4_20260420_192958,cov_MULL_lag1,0.14569233378628266
0,0,0.3,XGBoost_2_AutoML_4_20260420_192958,cov_LUFL_lag1,0.11930727571947497
0,0,0.3,XGBoost_2_AutoML_4_20260420_192958,cov_LULL_lag1,0.07380997028667476
0,0,0.3,XGBoost_2_AutoML_4_20260420_192958,cov_OT_lag1,0.1057155099418014
0,0,0.3,XGBoost_2_AutoML_4_20260420_192958,hour_lag1,0.38087704553967344
0,0,0.3,XGBoost_2_AutoML_4_20260420_192958,day_of_week_lag1,0.04195644186002023
0,0,0.3,XGBoost_2_AutoML_4_20260420_192958,month_lag1,0.04544203964411277
0,0,0.3,XGBoost_2_AutoML_4_20260420_192958,month_sin,0.032536946162290366
0,0,0.3,XGBoost_2_AutoML_4_20260420_192958,month_cos,0.021768025176133916
0,0,0.3,XGBoost_2_AutoML_4_20260420_192958,year,0.37107154544442894
0,0,0.3,XGBoost_grid_1_AutoML_4_20260420_192958_model_1,target_lag1,2.399680951312184
0,0,0.3,XGBoost_grid_1_AutoML_4_20260420_192958_model_1,target_lag2,0.1695057463319972
0,0,0.3,XGBoost_grid_1_AutoML_4_20260420_192958_model_1,target_lag3,0.10434587177878708
0,0,0.3,XGBoost_grid_1_AutoML_4_20260420_192958_model_1,target_lag4,0.06822658609671631
0,0,0.3,XGBoost_grid_1_AutoML_4_20260420_192958_model_1,target_lag5,0.06000523245427753
0,0,0.3,XGBoost_grid_1_AutoML_4_20260420_192958_model_1,target_lag6,0.08232038352172819
0,0,0.3,XGBoost_grid_1_AutoML_4_20260420_192958_model_1,cov_HULL_lag1,0.05722295855171975
0,0,0.3,XGBoost_grid_1_AutoML_4_20260420_192958_model_1,cov_MUFL_lag1,2.48121351711452
0,0,0.3,XGBoost_grid_1_AutoML_4_20260420_192958_model_1,cov_MULL_lag1,0.12991287221433592
0,0,0.3,XGBoost_grid_1_AutoML_4_20260420_192958_model_1,cov_LUFL_lag1,0.09558373436331745
0,0,0.3,XGBoost_grid_1_AutoML_4_20260420_192958_model_1,cov_LULL_lag1,0.03970314179314296
0,0,0.3,XGBoost_grid_1_AutoML_4_20260420_192958_model_1,cov_OT_lag1,0.08648340007755902
0,0,0.3,XGBoost_grid_1_AutoML_4_20260420_192958_model_1,hour_lag1,0.4421434984356165
0,0,0.3,XGBoost_grid_1_AutoML_4_20260420_192958_model_1,day_of_week_lag1,0.024170752892096015
0,0,0.3,XGBoost_grid_1_AutoML_4_20260420_192958_model_1,month_lag1,0.034797360894881384
0,0,0.3,XGBoost_grid_1_AutoML_4_20260420_192958_model_1,month_sin,0.03118766192812468
0,0,0.3,XGBoost_grid_1_AutoML_4_20260420_192958_model_1,month_cos,0.03316019929130558
0,0,0.3,XGBoost_grid_1_AutoML_4_20260420_192958_model_1,year,0.30213952479884026
0,0,0.3,GBM_grid_1_AutoML_4_20260420_192958_model_1,target_lag1,1.5116383931785822
0,0,0.3,GBM_grid_1_AutoML_4_20260420_192958_model_1,target_lag2,0.9593339354917407
0,0,0.3,GBM_grid_1_AutoML_4_20260420_192958_model_1,target_lag3,0.07898171867127526
0,0,0.3,GBM_grid_1_AutoML_4_20260420_192958_model_1,target_lag4,0.1594043953856453
0,0,0.3,GBM_grid_1_AutoML_4_20260420_192958_model_1,target_lag5,0.07267297259240872
0,0,0.3,GBM_grid_1_AutoML_4_20260420_192958_model_1,target_lag6,0.07166080838127524
0,0,0.3,GBM_grid_1_AutoML_4_20260420_192958_model_1,cov_HULL_lag1,0.10245262106647711
0,0,0.3,GBM_grid_1_AutoML_4_20260420_192958_model_1,cov_MUFL_lag1,1.3319577965233476
0,0,0.3,GBM_grid_1_AutoML_4_20260420_192958_model_1,cov_MULL_lag1,0.2877276123035699
0,0,0.3,GBM_grid_1_AutoML_4_20260420_192958_model_1,cov_LUFL_lag1,0.11154889628291126
0,0,0.3,GBM_grid_1_AutoML_4_20260420_192958_model_1,cov_LULL_lag1,0.06780851249583061
0,0,0.3,GBM_grid_1_AutoML_4_20260420_192958_model_1,cov_OT_lag1,0.05772737775419952
0,0,0.3,GBM_grid_1_AutoML_4_20260420_192958_model_1,hour_lag1,0.37975344316102566
0,0,0.3,GBM_grid_1_AutoML_4_20260420_192958_model_1,day_of_week_lag1,0.017794604546615987
0,0,0.3,GBM_grid_1_AutoML_4_20260420_192958_model_1,month_lag1,0.018938584418501655
0,0,0.3,GBM_grid_1_AutoML_4_20260420_192958_model_1,month_sin,0.010365009934757793
0,0,0.3,GBM_grid_1_AutoML_4_20260420_192958_model_1,month_cos,0.01448389939556359
0,0,0.3,GBM_grid_1_AutoML_4_20260420_192958_model_1,year,0.5388332607224584
0,0,0.3,XGBoost_1_AutoML_4_20260420_192958,target_lag1,2.253882554485463
0,0,0.3,XGBoost_1_AutoML_4_20260420_192958,target_lag2,1.016606398522854
0,0,0.3,XGBoost_1_AutoML_4_20260420_192958,target_lag3,0.16697301757521926
0,0,0.3,XGBoost_1_AutoML_4_20260420_192958,target_lag4,0.10938406559289429
0,0,0.3,XGBoost_1_AutoML_4_20260420_192958,target_lag5,0.09247480264399197
0,0,0.3,XGBoost_1_AutoML_4_20260420_192958,target_lag6,0.11492128584999588
0,0,0.3,XGBoost_1_AutoML_4_20260420_192958,cov_HULL_lag1,0.10351633630692955
0,0,0.3,XGBoost_1_AutoML_4_20260420_192958,cov_MUFL_lag1,1.2732520714402198
0,0,0.3,XGBoost_1_AutoML_4_20260420_192958,cov_MULL_lag1,0.1474412295618094
0,0,0.3,XGBoost_1_AutoML_4_20260420_192958,cov_LUFL_lag1,0.14892315297154707
0,0,0.3,XGBoost_1_AutoML_4_20260420_192958,cov_LULL_lag1,0.0647600232600234
0,0,0.3,XGBoost_1_AutoML_4_20260420_192958,cov_OT_lag1,0.09659050220157947
0,0,0.3,XGBoost_1_AutoML_4_20260420_192958,hour_lag1,0.47163909792900083
0,0,0.3,XGBoost_1_AutoML_4_20260420_192958,day_of_week_lag1,0.042296389616676554
0,0,0.3,XGBoost_1_AutoML_4_20260420_192958,month_lag1,0.03038100053556259
0,0,0.3,XGBoost_1_AutoML_4_20260420_192958,month_sin,0.062393935907166416
0,0,0.3,XGBoost_1_AutoML_4_20260420_192958,month_cos,0.04469158072955901
0,0,0.3,XGBoost_1_AutoML_4_20260420_192958,year,0.4444355533272028
0,0,0.3,XGBoost_grid_1_AutoML_4_20260420_192958_model_4,target_lag1,2.7258724729716777
0,0,0.3,XGBoost_grid_1_AutoML_4_20260420_192958_model_4,target_lag2,0.3103583771176636
0,0,0.3,XGBoost_grid_1_AutoML_4_20260420_192958_model_4,target_lag3,0.09742733251536262
0,0,0.3,XGBoost_grid_1_AutoML_4_20260420_192958_model_4,target_lag4,0.06928257679450321
0,0,0.3,XGBoost_grid_1_AutoML_4_20260420_192958_model_4,target_lag5,0.04258608214571719
0,0,0.3,XGBoost_grid_1_AutoML_4_20260420_192958_model_4,target_lag6,0.09307021564338352
0,0,0.3,XGBoost_grid_1_AutoML_4_20260420_192958_model_4,cov_HULL_lag1,0.1350371531927976
0,0,0.3,XGBoost_grid_1_AutoML_4_20260420_192958_model_4,cov_MUFL_lag1,1.5007968066632749
0,0,0.3,XGBoost_grid_1_AutoML_4_20260420_192958_model_4,cov_MULL_lag1,0.14756773191853423
0,0,0.3,XGBoost_grid_1_AutoML_4_20260420_192958_model_4,cov_LUFL_lag1,0.1216383412852883
0,0,0.3,XGBoost_grid_1_AutoML_4_20260420_192958_model_4,cov_LULL_lag1,0.05058682614238928
0,0,0.3,XGBoost_grid_1_AutoML_4_20260420_192958_model_4,cov_OT_lag1,0.08697819853201505
0,0,0.3,XGBoost_grid_1_AutoML_4_20260420_192958_model_4,hour_lag1,0.46582351049641146
0,0,0.3,XGBoost_grid_1_AutoML_4_20260420_192958_model_4,day_of_week_lag1,0.03799320855643596
0,0,0.3,XGBoost_grid_1_AutoML_4_20260420_192958_model_4,month_lag1,0.037052992554381436
0,0,0.3,XGBoost_grid_1_AutoML_4_20260420_192958_model_4,month_sin,0.04068584179854948
0,0,0.3,XGBoost_grid_1_AutoML_4_20260420_192958_model_4,month_cos,0.029630347976562867
0,0,0.3,XGBoost_grid_1_AutoML_4_20260420_192958_model_4,year,0.4530230901017785
1,0,0.02,GBM_1_AutoML_7_20260420_193538,target_lag1,2.2166158454865217
1,0,0.02,GBM_1_AutoML_7_20260420_193538,target_lag2,0.700724132899195
1,0,0.02,GBM_1_AutoML_7_20260420_193538,target_lag3,0.1293872856884263
1,0,0.02,GBM_1_AutoML_7_20260420_193538,target_lag4,0.11978282462339845
1,0,0.02,GBM_1_AutoML_7_20260420_193538,target_lag5,0.05053412567474875
1,0,0.02,GBM_1_AutoML_7_20260420_193538,target_lag6,0.06485719096526732
1,0,0.02,GBM_1_AutoML_7_20260420_193538,cov_HULL_lag1,0.042119543360313365
1,0,0.02,GBM_1_AutoML_7_20260420_193538,cov_MUFL_lag1,1.1700557886064054
1,0,0.02,GBM_1_AutoML_7_20260420_193538,cov_MULL_lag1,0.03563446773448955
1,0,0.02,GBM_1_AutoML_7_20260420_193538,cov_LUFL_lag1,0.061907778899185306
1,0,0.02,GBM_1_AutoML_7_20260420_193538,cov_LULL_lag1,0.024168161253910476
1,0,0.02,GBM_1_AutoML_7_20260420_193538,cov_OT_lag1,0.037744426637072996
1,0,0.02,GBM_1_AutoML_7_20260420_193538,hour_lag1,0.42875290352851153
1,0,0.02,GBM_1_AutoML_7_20260420_193538,day_of_week_lag1,0.016733859370287926
1,0,0.02,GBM_1_AutoML_7_20260420_193538,month_lag1,0.07397794429416532
1,0,0.02,GBM_1_AutoML_7_20260420_193538,month_sin,0.01156580733600999
1,0,0.02,GBM_1_AutoML_7_20260420_193538,month_cos,0.00844252212089482
1,0,0.02,GBM_1_AutoML_7_20260420_193538,year,0.07297268118709321
1,0,0.02,GBM_grid_1_AutoML_7_20260420_193538_model_2,target_lag1,2.8199201253056527
1,0,0.02,GBM_grid_1_AutoML_7_20260420_193538_model_2,target_lag2,0.4007604678720236
1,0,0.02,GBM_grid_1_AutoML_7_20260420_193538_model_2,target_lag3,0.1495596886379644
1,0,0.02,GBM_grid_1_AutoML_7_20260420_193538_model_2,target_lag4,0.030429308796883527
1,0,0.02,GBM_grid_1_AutoML_7_20260420_193538_model_2,target_lag5,0.04810058172210115
1,0,0.02,GBM_grid_1_AutoML_7_20260420_193538_model_2,target_lag6,0.05414511326234783
1,0,0.02,GBM_grid_1_AutoML_7_20260420_193538_model_2,cov_HULL_lag1,0.021757071621250318
1,0,0.02,GBM_grid_1_AutoML_7_20260420_193538_model_2,cov_MUFL_lag1,0.9279769214987755
1,0,0.02,GBM_grid_1_AutoML_7_20260420_193538_model_2,cov_MULL_lag1,0.03386853404459539
1,0,0.02,GBM_grid_1_AutoML_7_20260420_193538_model_2,cov_LUFL_lag1,0.05709141370374706
1,0,0.02,GBM_grid_1_AutoML_7_20260420_193538_model_2,cov_LULL_lag1,0.0192392585490597
1,0,0.02,GBM_grid_1_AutoML_7_20260420_193538_model_2,cov_OT_lag1,0.03510465480852869
1,0,0.02,GBM_grid_1_AutoML_7_20260420_193538_model_2,hour_lag1,0.43577633604872973
1,0,0.02,GBM_grid_1_AutoML_7_20260420_193538_model_2,day_of_week_lag1,0.009281470898713406
1,0,0.02,GBM_grid_1_AutoML_7_20260420_193538_model_2,month_lag1,0.061657235643942786
1,0,0.02,GBM_grid_1_AutoML_7_20260420_193538_model_2,month_sin,0.0075750219461042
1,0,0.02,GBM_grid_1_AutoML_7_20260420_193538_model_2,month_cos,0.006619830938143385
1,0,0.02,GBM_grid_1_AutoML_7_20260420_193538_model_2,year,0.08870834556175393
1,0,0.05,GBM_1_AutoML_7_20260420_193538,target_lag1,2.2166158454865217
1,0,0.05,GBM_1_AutoML_7_20260420_193538,target_lag2,0.700724132899195
1,0,0.05,GBM_1_AutoML_7_20260420_193538,target_lag3,0.1293872856884263
1,0,0.05,GBM_1_AutoML_7_20260420_193538,target_lag4,0.11978282462339845
1,0,0.05,GBM_1_AutoML_7_20260420_193538,target_lag5,0.05053412567474875
1,0,0.05,GBM_1_AutoML_7_20260420_193538,target_lag6,0.06485719096526732
1,0,0.05,GBM_1_AutoML_7_20260420_193538,cov_HULL_lag1,0.042119543360313365
1,0,0.05,GBM_1_AutoML_7_20260420_193538,cov_MUFL_lag1,1.1700557886064054
1,0,0.05,GBM_1_AutoML_7_20260420_193538,cov_MULL_lag1,0.03563446773448955
1,0,0.05,GBM_1_AutoML_7_20260420_193538,cov_LUFL_lag1,0.061907778899185306
1,0,0.05,GBM_1_AutoML_7_20260420_193538,cov_LULL_lag1,0.024168161253910476
1,0,0.05,GBM_1_AutoML_7_20260420_193538,cov_OT_lag1,0.037744426637072996
1,0,0.05,GBM_1_AutoML_7_20260420_193538,hour_lag1,0.42875290352851153
1,0,0.05,GBM_1_AutoML_7_20260420_193538,day_of_week_lag1,0.016733859370287926
1,0,0.05,GBM_1_AutoML_7_20260420_193538,month_lag1,0.07397794429416532
1,0,0.05,GBM_1_AutoML_7_20260420_193538,month_sin,0.01156580733600999
1,0,0.05,GBM_1_AutoML_7_20260420_193538,month_cos,0.00844252212089482
1,0,0.05,GBM_1_AutoML_7_20260420_193538,year,0.07297268118709321
1,0,0.05,GBM_grid_1_AutoML_7_20260420_193538_model_2,target_lag1,2.8199201253056527
1,0,0.05,GBM_grid_1_AutoML_7_20260420_193538_model_2,target_lag2,0.4007604678720236
1,0,0.05,GBM_grid_1_AutoML_7_20260420_193538_model_2,target_lag3,0.1495596886379644
1,0,0.05,GBM_grid_1_AutoML_7_20260420_193538_model_2,target_lag4,0.030429308796883527
1,0,0.05,GBM_grid_1_AutoML_7_20260420_193538_model_2,target_lag5,0.04810058172210115
1,0,0.05,GBM_grid_1_AutoML_7_20260420_193538_model_2,target_lag6,0.05414511326234783
1,0,0.05,GBM_grid_1_AutoML_7_20260420_193538_model_2,cov_HULL_lag1,0.021757071621250318
1,0,0.05,GBM_grid_1_AutoML_7_20260420_193538_model_2,cov_MUFL_lag1,0.9279769214987755
1,0,0.05,GBM_grid_1_AutoML_7_20260420_193538_model_2,cov_MULL_lag1,0.03386853404459539
1,0,0.05,GBM_grid_1_AutoML_7_20260420_193538_model_2,cov_LUFL_lag1,0.05709141370374706
1,0,0.05,GBM_grid_1_AutoML_7_20260420_193538_model_2,cov_LULL_lag1,0.0192392585490597
1,0,0.05,GBM_grid_1_AutoML_7_20260420_193538_model_2,cov_OT_lag1,0.03510465480852869
1,0,0.05,GBM_grid_1_AutoML_7_20260420_193538_model_2,hour_lag1,0.43577633604872973
1,0,0.05,GBM_grid_1_AutoML_7_20260420_193538_model_2,day_of_week_lag1,0.009281470898713406
1,0,0.05,GBM_grid_1_AutoML_7_20260420_193538_model_2,month_lag1,0.061657235643942786
1,0,0.05,GBM_grid_1_AutoML_7_20260420_193538_model_2,month_sin,0.0075750219461042
1,0,0.05,GBM_grid_1_AutoML_7_20260420_193538_model_2,month_cos,0.006619830938143385
1,0,0.05,GBM_grid_1_AutoML_7_20260420_193538_model_2,year,0.08870834556175393
1,0,0.05,GBM_grid_1_AutoML_7_20260420_193538_model_3,target_lag1,1.5710429128631949
1,0,0.05,GBM_grid_1_AutoML_7_20260420_193538_model_3,target_lag2,0.8395766887697391
1,0,0.05,GBM_grid_1_AutoML_7_20260420_193538_model_3,target_lag3,0.4243140586465597
1,0,0.05,GBM_grid_1_AutoML_7_20260420_193538_model_3,target_lag4,0.3804100894369185
1,0,0.05,GBM_grid_1_AutoML_7_20260420_193538_model_3,target_lag5,0.043639729713322556
1,0,0.05,GBM_grid_1_AutoML_7_20260420_193538_model_3,target_lag6,0.05676935219671572
1,0,0.05,GBM_grid_1_AutoML_7_20260420_193538_model_3,cov_HULL_lag1,0.049181392327882295
1,0,0.05,GBM_grid_1_AutoML_7_20260420_193538_model_3,cov_MUFL_lag1,1.0960730150341988
1,0,0.05,GBM_grid_1_AutoML_7_20260420_193538_model_3,cov_MULL_lag1,0.04145116199739274
1,0,0.05,GBM_grid_1_AutoML_7_20260420_193538_model_3,cov_LUFL_lag1,0.15335465184412894
1,0,0.05,GBM_grid_1_AutoML_7_20260420_193538_model_3,cov_LULL_lag1,0.02948646671720776
1,0,0.05,GBM_grid_1_AutoML_7_20260420_193538_model_3,cov_OT_lag1,0.03988667911849912
1,0,0.05,GBM_grid_1_AutoML_7_20260420_193538_model_3,hour_lag1,0.44120122224092484
1,0,0.05,GBM_grid_1_AutoML_7_20260420_193538_model_3,day_of_week_lag1,0.009936303445137996
1,0,0.05,GBM_grid_1_AutoML_7_20260420_193538_model_3,month_lag1,0.07447291372343895
1,0,0.05,GBM_grid_1_AutoML_7_20260420_193538_model_3,month_sin,0.01985073752352032
1,0,0.05,GBM_grid_1_AutoML_7_20260420_193538_model_3,month_cos,0.014283959239837664
1,0,0.05,GBM_grid_1_AutoML_7_20260420_193538_model_3,year,0.13641781734302635
1,0,0.05,GBM_3_AutoML_7_20260420_193538,target_lag1,1.982550236172974
1,0,0.05,GBM_3_AutoML_7_20260420_193538,target_lag2,0.6325996186584234
1,0,0.05,GBM_3_AutoML_7_20260420_193538,target_lag3,0.13105312630883414
1,0,0.05,GBM_3_AutoML_7_20260420_193538,target_lag4,0.05843586334493007
1,0,0.05,GBM_3_AutoML_7_20260420_193538,target_lag5,0.04383774576126594
1,0,0.05,GBM_3_AutoML_7_20260420_193538,target_lag6,0.06827905227517472
1,0,0.05,GBM_3_AutoML_7_20260420_193538,cov_HULL_lag1,0.050254282560199454
1,0,0.05,GBM_3_AutoML_7_20260420_193538,cov_MUFL_lag1,1.505116869956255
1,0,0.05,GBM_3_AutoML_7_20260420_193538,cov_MULL_lag1,0.028598188034957235
1,0,0.05,GBM_3_AutoML_7_20260420_193538,cov_LUFL_lag1,0.08025905059999783
1,0,0.05,GBM_3_AutoML_7_20260420_193538,cov_LULL_lag1,0.020965552979614544
1,0,0.05,GBM_3_AutoML_7_20260420_193538,cov_OT_lag1,0.05877668654080476
1,0,0.05,GBM_3_AutoML_7_20260420_193538,hour_lag1,0.42630933456122877
1,0,0.05,GBM_3_AutoML_7_20260420_193538,day_of_week_lag1,0.014052192669478204
1,0,0.05,GBM_3_AutoML_7_20260420_193538,month_lag1,0.0603499527694657
1,0,0.05,GBM_3_AutoML_7_20260420_193538,month_sin,0.01218201933719679
1,0,0.05,GBM_3_AutoML_7_20260420_193538,month_cos,0.008633552464016203
1,0,0.05,GBM_3_AutoML_7_20260420_193538,year,0.17544003860093654
1,0,0.05,GBM_2_AutoML_7_20260420_193538,target_lag1,2.113325870707631
1,0,0.05,GBM_2_AutoML_7_20260420_193538,target_lag2,0.5896432536188513
1,0,0.05,GBM_2_AutoML_7_20260420_193538,target_lag3,0.16019422882935033
1,0,0.05,GBM_2_AutoML_7_20260420_193538,target_lag4,0.04248922358965498
1,0,0.05,GBM_2_AutoML_7_20260420_193538,target_lag5,0.055169190907617995
1,0,0.05,GBM_2_AutoML_7_20260420_193538,target_lag6,0.06370917438063767
1,0,0.05,GBM_2_AutoML_7_20260420_193538,cov_HULL_lag1,0.040520581076852934
1,0,0.05,GBM_2_AutoML_7_20260420_193538,cov_MUFL_lag1,1.435897999946028
1,0,0.05,GBM_2_AutoML_7_20260420_193538,cov_MULL_lag1,0.04135697455843905
1,0,0.05,GBM_2_AutoML_7_20260420_193538,cov_LUFL_lag1,0.07256066438741979
1,0,0.05,GBM_2_AutoML_7_20260420_193538,cov_LULL_lag1,0.021351701962994372
1,0,0.05,GBM_2_AutoML_7_20260420_193538,cov_OT_lag1,0.04776778231491331
1,0,0.05,GBM_2_AutoML_7_20260420_193538,hour_lag1,0.44254211844876407
1,0,0.05,GBM_2_AutoML_7_20260420_193538,day_of_week_lag1,0.012673767413943953
1,0,0.05,GBM_2_AutoML_7_20260420_193538,month_lag1,0.04986804837826636
1,0,0.05,GBM_2_AutoML_7_20260420_193538,month_sin,0.011374678839129007
1,0,0.05,GBM_2_AutoML_7_20260420_193538,month_cos,0.0052471608865016185
1,0,0.05,GBM_2_AutoML_7_20260420_193538,year,0.14376027519814666
1,0,0.05,XGBoost_grid_1_AutoML_7_20260420_193538_model_6,target_lag1,0.6931691870093346
1,0,0.05,XGBoost_grid_1_AutoML_7_20260420_193538_model_6,target_lag2,0.9195477410405875
1,0,0.05,XGBoost_grid_1_AutoML_7_20260420_193538_model_6,target_lag3,0.20777969323098655
1,0,0.05,XGBoost_grid_1_AutoML_7_20260420_193538_model_6,target_lag4,0.6673570257425309
1,0,0.05,XGBoost_grid_1_AutoML_7_20260420_193538_model_6,target_lag5,0.0959302415233105
1,0,0.05,XGBoost_grid_1_AutoML_7_20260420_193538_model_6,target_lag6,0.12164596309419717
1,0,0.05,XGBoost_grid_1_AutoML_7_20260420_193538_model_6,cov_HULL_lag1,0.028124781567603306
1,0,0.05,XGBoost_grid_1_AutoML_7_20260420_193538_model_6,cov_MUFL_lag1,1.876582296900451
1,0,0.05,XGBoost_grid_1_AutoML_7_20260420_193538_model_6,cov_MULL_lag1,0.043095522366929755
1,0,0.05,XGBoost_grid_1_AutoML_7_20260420_193538_model_6,cov_LUFL_lag1,0.360003879647702
1,0,0.05,XGBoost_grid_1_AutoML_7_20260420_193538_model_6,cov_LULL_lag1,0.010301266131282273
1,0,0.05,XGBoost_grid_1_AutoML_7_20260420_193538_model_6,cov_OT_lag1,0.04401902825571592
1,0,0.05,XGBoost_grid_1_AutoML_7_20260420_193538_model_6,hour_lag1,0.4742199175804853
1,0,0.05,XGBoost_grid_1_AutoML_7_20260420_193538_model_6,day_of_week_lag1,0.007465589204803074
1,0,0.05,XGBoost_grid_1_AutoML_7_20260420_193538_model_6,month_lag1,0.06305190697778013
1,0,0.05,XGBoost_grid_1_AutoML_7_20260420_193538_model_6,month_sin,0.0016204452526289493
1,0,0.05,XGBoost_grid_1_AutoML_7_20260420_193538_model_6,month_cos,0.0
1,0,0.05,XGBoost_grid_1_AutoML_7_20260420_193538_model_6,year,0.047118395764846305
1,0,0.05,XRT_1_AutoML_7_20260420_193538,target_lag1,3.054702072441578
1,0,0.05,XRT_1_AutoML_7_20260420_193538,target_lag2,1.5235427236929535
1,0,0.05,XRT_1_AutoML_7_20260420_193538,target_lag3,11300963.884158596
1,0,0.05,XRT_1_AutoML_7_20260420_193538,target_lag4,2.988161389613524
1,0,0.05,XRT_1_AutoML_7_20260420_193538,target_lag5,35.65200974481181
1,0,0.05,XRT_1_AutoML_7_20260420_193538,target_lag6,0.5341067987366114
1,0,0.05,XRT_1_AutoML_7_20260420_193538,cov_HULL_lag1,0.08033907322387672
1,0,0.05,XRT_1_AutoML_7_20260420_193538,cov_MUFL_lag1,298.8937545916438
1,0,0.05,XRT_1_AutoML_7_20260420_193538,cov_MULL_lag1,0.5432861589454114
1,0,0.05,XRT_1_AutoML_7_20260420_193538,cov_LUFL_lag1,0.24488573517650367
1,0,0.05,XRT_1_AutoML_7_20260420_193538,cov_LULL_lag1,0.5719060212909244
1,0,0.05,XRT_1_AutoML_7_20260420_193538,cov_OT_lag1,0.3222806952148676
1,0,0.05,XRT_1_AutoML_7_20260420_193538,hour_lag1,4.210337845897302
1,0,0.05,XRT_1_AutoML_7_20260420_193538,day_of_week_lag1,0.12391993539873507
1,0,0.05,XRT_1_AutoML_7_20260420_193538,month_lag1,53.63267581358552
1,0,0.05,XRT_1_AutoML_7_20260420_193538,month_sin,0.04880980176501904
1,0,0.05,XRT_1_AutoML_7_20260420_193538,month_cos,4.937502668597736
1,0,0.05,XRT_1_AutoML_7_20260420_193538,year,1.1642435214144644
1,0,0.1,GBM_1_AutoML_7_20260420_193538,target_lag1,2.2166158454865217
1,0,0.1,GBM_1_AutoML_7_20260420_193538,target_lag2,0.700724132899195
1,0,0.1,GBM_1_AutoML_7_20260420_193538,target_lag3,0.1293872856884263
1,0,0.1,GBM_1_AutoML_7_20260420_193538,target_lag4,0.11978282462339845
1,0,0.1,GBM_1_AutoML_7_20260420_193538,target_lag5,0.05053412567474875
1,0,0.1,GBM_1_AutoML_7_20260420_193538,target_lag6,0.06485719096526732
1,0,0.1,GBM_1_AutoML_7_20260420_193538,cov_HULL_lag1,0.042119543360313365
1,0,0.1,GBM_1_AutoML_7_20260420_193538,cov_MUFL_lag1,1.1700557886064054
1,0,0.1,GBM_1_AutoML_7_20260420_193538,cov_MULL_lag1,0.03563446773448955
1,0,0.1,GBM_1_AutoML_7_20260420_193538,cov_LUFL_lag1,0.061907778899185306
1,0,0.1,GBM_1_AutoML_7_20260420_193538,cov_LULL_lag1,0.024168161253910476
1,0,0.1,GBM_1_AutoML_7_20260420_193538,cov_OT_lag1,0.037744426637072996
1,0,0.1,GBM_1_AutoML_7_20260420_193538,hour_lag1,0.42875290352851153
1,0,0.1,GBM_1_AutoML_7_20260420_193538,day_of_week_lag1,0.016733859370287926
1,0,0.1,GBM_1_AutoML_7_20260420_193538,month_lag1,0.07397794429416532
1,0,0.1,GBM_1_AutoML_7_20260420_193538,month_sin,0.01156580733600999
1,0,0.1,GBM_1_AutoML_7_20260420_193538,month_cos,0.00844252212089482
1,0,0.1,GBM_1_AutoML_7_20260420_193538,year,0.07297268118709321
1,0,0.1,GBM_grid_1_AutoML_7_20260420_193538_model_2,target_lag1,2.8199201253056527
1,0,0.1,GBM_grid_1_AutoML_7_20260420_193538_model_2,target_lag2,0.4007604678720236
1,0,0.1,GBM_grid_1_AutoML_7_20260420_193538_model_2,target_lag3,0.1495596886379644
1,0,0.1,GBM_grid_1_AutoML_7_20260420_193538_model_2,target_lag4,0.030429308796883527
1,0,0.1,GBM_grid_1_AutoML_7_20260420_193538_model_2,target_lag5,0.04810058172210115
1,0,0.1,GBM_grid_1_AutoML_7_20260420_193538_model_2,target_lag6,0.05414511326234783
1,0,0.1,GBM_grid_1_AutoML_7_20260420_193538_model_2,cov_HULL_lag1,0.021757071621250318
1,0,0.1,GBM_grid_1_AutoML_7_20260420_193538_model_2,cov_MUFL_lag1,0.9279769214987755
1,0,0.1,GBM_grid_1_AutoML_7_20260420_193538_model_2,cov_MULL_lag1,0.03386853404459539
1,0,0.1,GBM_grid_1_AutoML_7_20260420_193538_model_2,cov_LUFL_lag1,0.05709141370374706
1,0,0.1,GBM_grid_1_AutoML_7_20260420_193538_model_2,cov_LULL_lag1,0.0192392585490597
1,0,0.1,GBM_grid_1_AutoML_7_20260420_193538_model_2,cov_OT_lag1,0.03510465480852869
1,0,0.1,GBM_grid_1_AutoML_7_20260420_193538_model_2,hour_lag1,0.43577633604872973
1,0,0.1,GBM_grid_1_AutoML_7_20260420_193538_model_2,day_of_week_lag1,0.009281470898713406
1,0,0.1,GBM_grid_1_AutoML_7_20260420_193538_model_2,month_lag1,0.061657235643942786
1,0,0.1,GBM_grid_1_AutoML_7_20260420_193538_model_2,month_sin,0.0075750219461042
1,0,0.1,GBM_grid_1_AutoML_7_20260420_193538_model_2,month_cos,0.006619830938143385
1,0,0.1,GBM_grid_1_AutoML_7_20260420_193538_model_2,year,0.08870834556175393
1,0,0.1,GBM_grid_1_AutoML_7_20260420_193538_model_3,target_lag1,1.5710429128631949
1,0,0.1,GBM_grid_1_AutoML_7_20260420_193538_model_3,target_lag2,0.8395766887697391
1,0,0.1,GBM_grid_1_AutoML_7_20260420_193538_model_3,target_lag3,0.4243140586465597
1,0,0.1,GBM_grid_1_AutoML_7_20260420_193538_model_3,target_lag4,0.3804100894369185
1,0,0.1,GBM_grid_1_AutoML_7_20260420_193538_model_3,target_lag5,0.043639729713322556
1,0,0.1,GBM_grid_1_AutoML_7_20260420_193538_model_3,target_lag6,0.05676935219671572
1,0,0.1,GBM_grid_1_AutoML_7_20260420_193538_model_3,cov_HULL_lag1,0.049181392327882295
1,0,0.1,GBM_grid_1_AutoML_7_20260420_193538_model_3,cov_MUFL_lag1,1.0960730150341988
1,0,0.1,GBM_grid_1_AutoML_7_20260420_193538_model_3,cov_MULL_lag1,0.04145116199739274
1,0,0.1,GBM_grid_1_AutoML_7_20260420_193538_model_3,cov_LUFL_lag1,0.15335465184412894
1,0,0.1,GBM_grid_1_AutoML_7_20260420_193538_model_3,cov_LULL_lag1,0.02948646671720776
1,0,0.1,GBM_grid_1_AutoML_7_20260420_193538_model_3,cov_OT_lag1,0.03988667911849912
1,0,0.1,GBM_grid_1_AutoML_7_20260420_193538_model_3,hour_lag1,0.44120122224092484
1,0,0.1,GBM_grid_1_AutoML_7_20260420_193538_model_3,day_of_week_lag1,0.009936303445137996
1,0,0.1,GBM_grid_1_AutoML_7_20260420_193538_model_3,month_lag1,0.07447291372343895
1,0,0.1,GBM_grid_1_AutoML_7_20260420_193538_model_3,month_sin,0.01985073752352032
1,0,0.1,GBM_grid_1_AutoML_7_20260420_193538_model_3,month_cos,0.014283959239837664
1,0,0.1,GBM_grid_1_AutoML_7_20260420_193538_model_3,year,0.13641781734302635
1,0,0.1,GBM_3_AutoML_7_20260420_193538,target_lag1,1.982550236172974
1,0,0.1,GBM_3_AutoML_7_20260420_193538,target_lag2,0.6325996186584234
1,0,0.1,GBM_3_AutoML_7_20260420_193538,target_lag3,0.13105312630883414
1,0,0.1,GBM_3_AutoML_7_20260420_193538,target_lag4,0.05843586334493007
1,0,0.1,GBM_3_AutoML_7_20260420_193538,target_lag5,0.04383774576126594
1,0,0.1,GBM_3_AutoML_7_20260420_193538,target_lag6,0.06827905227517472
1,0,0.1,GBM_3_AutoML_7_20260420_193538,cov_HULL_lag1,0.050254282560199454
1,0,0.1,GBM_3_AutoML_7_20260420_193538,cov_MUFL_lag1,1.505116869956255
1,0,0.1,GBM_3_AutoML_7_20260420_193538,cov_MULL_lag1,0.028598188034957235
1,0,0.1,GBM_3_AutoML_7_20260420_193538,cov_LUFL_lag1,0.08025905059999783
1,0,0.1,GBM_3_AutoML_7_20260420_193538,cov_LULL_lag1,0.020965552979614544
1,0,0.1,GBM_3_AutoML_7_20260420_193538,cov_OT_lag1,0.05877668654080476
1,0,0.1,GBM_3_AutoML_7_20260420_193538,hour_lag1,0.42630933456122877
1,0,0.1,GBM_3_AutoML_7_20260420_193538,day_of_week_lag1,0.014052192669478204
1,0,0.1,GBM_3_AutoML_7_20260420_193538,month_lag1,0.0603499527694657
1,0,0.1,GBM_3_AutoML_7_20260420_193538,month_sin,0.01218201933719679
1,0,0.1,GBM_3_AutoML_7_20260420_193538,month_cos,0.008633552464016203
1,0,0.1,GBM_3_AutoML_7_20260420_193538,year,0.17544003860093654
1,0,0.1,GBM_2_AutoML_7_20260420_193538,target_lag1,2.113325870707631
1,0,0.1,GBM_2_AutoML_7_20260420_193538,target_lag2,0.5896432536188513
1,0,0.1,GBM_2_AutoML_7_20260420_193538,target_lag3,0.16019422882935033
1,0,0.1,GBM_2_AutoML_7_20260420_193538,target_lag4,0.04248922358965498
1,0,0.1,GBM_2_AutoML_7_20260420_193538,target_lag5,0.055169190907617995
1,0,0.1,GBM_2_AutoML_7_20260420_193538,target_lag6,0.06370917438063767
1,0,0.1,GBM_2_AutoML_7_20260420_193538,cov_HULL_lag1,0.040520581076852934
1,0,0.1,GBM_2_AutoML_7_20260420_193538,cov_MUFL_lag1,1.435897999946028
1,0,0.1,GBM_2_AutoML_7_20260420_193538,cov_MULL_lag1,0.04135697455843905
1,0,0.1,GBM_2_AutoML_7_20260420_193538,cov_LUFL_lag1,0.07256066438741979
1,0,0.1,GBM_2_AutoML_7_20260420_193538,cov_LULL_lag1,0.021351701962994372
1,0,0.1,GBM_2_AutoML_7_20260420_193538,cov_OT_lag1,0.04776778231491331
1,0,0.1,GBM_2_AutoML_7_20260420_193538,hour_lag1,0.44254211844876407
1,0,0.1,GBM_2_AutoML_7_20260420_193538,day_of_week_lag1,0.012673767413943953
1,0,0.1,GBM_2_AutoML_7_20260420_193538,month_lag1,0.04986804837826636
1,0,0.1,GBM_2_AutoML_7_20260420_193538,month_sin,0.011374678839129007
1,0,0.1,GBM_2_AutoML_7_20260420_193538,month_cos,0.0052471608865016185
1,0,0.1,GBM_2_AutoML_7_20260420_193538,year,0.14376027519814666
1,0,0.1,XGBoost_grid_1_AutoML_7_20260420_193538_model_6,target_lag1,0.6931691870093346
1,0,0.1,XGBoost_grid_1_AutoML_7_20260420_193538_model_6,target_lag2,0.9195477410405875
1,0,0.1,XGBoost_grid_1_AutoML_7_20260420_193538_model_6,target_lag3,0.20777969323098655
1,0,0.1,XGBoost_grid_1_AutoML_7_20260420_193538_model_6,target_lag4,0.6673570257425309
1,0,0.1,XGBoost_grid_1_AutoML_7_20260420_193538_model_6,target_lag5,0.0959302415233105
1,0,0.1,XGBoost_grid_1_AutoML_7_20260420_193538_model_6,target_lag6,0.12164596309419717
1,0,0.1,XGBoost_grid_1_AutoML_7_20260420_193538_model_6,cov_HULL_lag1,0.028124781567603306
1,0,0.1,XGBoost_grid_1_AutoML_7_20260420_193538_model_6,cov_MUFL_lag1,1.876582296900451
1,0,0.1,XGBoost_grid_1_AutoML_7_20260420_193538_model_6,cov_MULL_lag1,0.043095522366929755
1,0,0.1,XGBoost_grid_1_AutoML_7_20260420_193538_model_6,cov_LUFL_lag1,0.360003879647702
1,0,0.1,XGBoost_grid_1_AutoML_7_20260420_193538_model_6,cov_LULL_lag1,0.010301266131282273
1,0,0.1,XGBoost_grid_1_AutoML_7_20260420_193538_model_6,cov_OT_lag1,0.04401902825571592
1,0,0.1,XGBoost_grid_1_AutoML_7_20260420_193538_model_6,hour_lag1,0.4742199175804853
1,0,0.1,XGBoost_grid_1_AutoML_7_20260420_193538_model_6,day_of_week_lag1,0.007465589204803074
1,0,0.1,XGBoost_grid_1_AutoML_7_20260420_193538_model_6,month_lag1,0.06305190697778013
1,0,0.1,XGBoost_grid_1_AutoML_7_20260420_193538_model_6,month_sin,0.0016204452526289493
1,0,0.1,XGBoost_grid_1_AutoML_7_20260420_193538_model_6,month_cos,0.0
1,0,0.1,XGBoost_grid_1_AutoML_7_20260420_193538_model_6,year,0.047118395764846305
1,0,0.1,XRT_1_AutoML_7_20260420_193538,target_lag1,3.054702072441578
1,0,0.1,XRT_1_AutoML_7_20260420_193538,target_lag2,1.5235427236929535
1,0,0.1,XRT_1_AutoML_7_20260420_193538,target_lag3,11300963.884158596
1,0,0.1,XRT_1_AutoML_7_20260420_193538,target_lag4,2.988161389613524
1,0,0.1,XRT_1_AutoML_7_20260420_193538,target_lag5,35.65200974481181
1,0,0.1,XRT_1_AutoML_7_20260420_193538,target_lag6,0.5341067987366114
1,0,0.1,XRT_1_AutoML_7_20260420_193538,cov_HULL_lag1,0.08033907322387672
1,0,0.1,XRT_1_AutoML_7_20260420_193538,cov_MUFL_lag1,298.8937545916438
1,0,0.1,XRT_1_AutoML_7_20260420_193538,cov_MULL_lag1,0.5432861589454114
1,0,0.1,XRT_1_AutoML_7_20260420_193538,cov_LUFL_lag1,0.24488573517650367
1,0,0.1,XRT_1_AutoML_7_20260420_193538,cov_LULL_lag1,0.5719060212909244
1,0,0.1,XRT_1_AutoML_7_20260420_193538,cov_OT_lag1,0.3222806952148676
1,0,0.1,XRT_1_AutoML_7_20260420_193538,hour_lag1,4.210337845897302
1,0,0.1,XRT_1_AutoML_7_20260420_193538,day_of_week_lag1,0.12391993539873507
1,0,0.1,XRT_1_AutoML_7_20260420_193538,month_lag1,53.63267581358552
1,0,0.1,XRT_1_AutoML_7_20260420_193538,month_sin,0.04880980176501904
1,0,0.1,XRT_1_AutoML_7_20260420_193538,month_cos,4.937502668597736
1,0,0.1,XRT_1_AutoML_7_20260420_193538,year,1.1642435214144644
1,0,0.1,GBM_4_AutoML_7_20260420_193538,target_lag1,1.66999267809093
1,0,0.1,GBM_4_AutoML_7_20260420_193538,target_lag2,0.7594617600319907
1,0,0.1,GBM_4_AutoML_7_20260420_193538,target_lag3,0.12954192461213093
1,0,0.1,GBM_4_AutoML_7_20260420_193538,target_lag4,0.10060106757329773
1,0,0.1,GBM_4_AutoML_7_20260420_193538,target_lag5,0.0477008826017845
1,0,0.1,GBM_4_AutoML_7_20260420_193538,target_lag6,0.06005804324522611
1,0,0.1,GBM_4_AutoML_7_20260420_193538,cov_HULL_lag1,0.03718612296273927
1,0,0.1,GBM_4_AutoML_7_20260420_193538,cov_MUFL_lag1,1.686812881231308
1,0,0.1,GBM_4_AutoML_7_20260420_193538,cov_MULL_lag1,0.03604684316553172
1,0,0.1,GBM_4_AutoML_7_20260420_193538,cov_LUFL_lag1,0.08496432497166094
1,0,0.1,GBM_4_AutoML_7_20260420_193538,cov_LULL_lag1,0.029890788852644574
1,0,0.1,GBM_4_AutoML_7_20260420_193538,cov_OT_lag1,0.06573760096856854
1,0,0.1,GBM_4_AutoML_7_20260420_193538,hour_lag1,0.4350230745598674
1,0,0.1,GBM_4_AutoML_7_20260420_193538,day_of_week_lag1,0.0160958088363986
1,0,0.1,GBM_4_AutoML_7_20260420_193538,month_lag1,0.08561979958321896
1,0,0.1,GBM_4_AutoML_7_20260420_193538,month_sin,0.019765843453351365
1,0,0.1,GBM_4_AutoML_7_20260420_193538,month_cos,0.016047139610163824
1,0,0.1,GBM_4_AutoML_7_20260420_193538,year,0.1457657948764972
1,0,0.1,XGBoost_grid_1_AutoML_7_20260420_193538_model_5,target_lag1,2.5610086733102797
1,0,0.1,XGBoost_grid_1_AutoML_7_20260420_193538_model_5,target_lag2,0.4831060786289163
1,0,0.1,XGBoost_grid_1_AutoML_7_20260420_193538_model_5,target_lag3,0.15128398596425538
1,0,0.1,XGBoost_grid_1_AutoML_7_20260420_193538_model_5,target_lag4,0.07692314144223925
1,0,0.1,XGBoost_grid_1_AutoML_7_20260420_193538_model_5,target_lag5,0.10576547429140187
1,0,0.1,XGBoost_grid_1_AutoML_7_20260420_193538_model_5,target_lag6,0.10116695697419342
1,0,0.1,XGBoost_grid_1_AutoML_7_20260420_193538_model_5,cov_HULL_lag1,0.03160296724643554
1,0,0.1,XGBoost_grid_1_AutoML_7_20260420_193538_model_5,cov_MUFL_lag1,1.0394955010712146
1,0,0.1,XGBoost_grid_1_AutoML_7_20260420_193538_model_5,cov_MULL_lag1,0.04688331019133325
1,0,0.1,XGBoost_grid_1_AutoML_7_20260420_193538_model_5,cov_LUFL_lag1,0.06236987011274319
1,0,0.1,XGBoost_grid_1_AutoML_7_20260420_193538_model_5,cov_LULL_lag1,0.0400297515711281
1,0,0.1,XGBoost_grid_1_AutoML_7_20260420_193538_model_5,cov_OT_lag1,0.09977617341093716
1,0,0.1,XGBoost_grid_1_AutoML_7_20260420_193538_model_5,hour_lag1,0.4439286624873057
1,0,0.1,XGBoost_grid_1_AutoML_7_20260420_193538_model_5,day_of_week_lag1,0.016436863741837397
1,0,0.1,XGBoost_grid_1_AutoML_7_20260420_193538_model_5,month_lag1,0.06528349013799921
1,0,0.1,XGBoost_grid_1_AutoML_7_20260420_193538_model_5,month_sin,0.021456447831296785
1,0,0.1,XGBoost_grid_1_AutoML_7_20260420_193538_model_5,month_cos,0.006072241804795288
1,0,0.1,XGBoost_grid_1_AutoML_7_20260420_193538_model_5,year,0.12620152136776594
1,0,0.1,GBM_5_AutoML_7_20260420_193538,target_lag1,1.5427562163770199
1,0,0.1,GBM_5_AutoML_7_20260420_193538,target_lag2,0.9056787295639515
1,0,0.1,GBM_5_AutoML_7_20260420_193538,target_lag3,0.11193738987669345
1,0,0.1,GBM_5_AutoML_7_20260420_193538,target_lag4,0.07597232898464423
1,0,0.1,GBM_5_AutoML_7_20260420_193538,target_lag5,0.06304481586441392
1,0,0.1,GBM_5_AutoML_7_20260420_193538,target_lag6,0.06988255759119053
1,0,0.1,GBM_5_AutoML_7_20260420_193538,cov_HULL_lag1,0.024890535961021625
1,0,0.1,GBM_5_AutoML_7_20260420_193538,cov_MUFL_lag1,1.6954827733337878
1,0,0.1,GBM_5_AutoML_7_20260420_193538,cov_MULL_lag1,0.045988383349031166
1,0,0.1,GBM_5_AutoML_7_20260420_193538,cov_LUFL_lag1,0.1003290789457969
1,0,0.1,GBM_5_AutoML_7_20260420_193538,cov_LULL_lag1,0.029158215902862095
1,0,0.1,GBM_5_AutoML_7_20260420_193538,cov_OT_lag1,0.06216122272657227
1,0,0.1,GBM_5_AutoML_7_20260420_193538,hour_lag1,0.44078322587534785
1,0,0.1,GBM_5_AutoML_7_20260420_193538,day_of_week_lag1,0.010188606303418004
1,0,0.1,GBM_5_AutoML_7_20260420_193538,month_lag1,0.09706937979906793
1,0,0.1,GBM_5_AutoML_7_20260420_193538,month_sin,0.007446115381171657
1,0,0.1,GBM_5_AutoML_7_20260420_193538,month_cos,0.004824560343986327
1,0,0.1,GBM_5_AutoML_7_20260420_193538,year,0.06539568827021863
1,0,0.1,DRF_1_AutoML_7_20260420_193538,target_lag1,2.3315436965227128
1,0,0.1,DRF_1_AutoML_7_20260420_193538,target_lag2,1.5509510135650635
1,0,0.1,DRF_1_AutoML_7_20260420_193538,target_lag3,0.3740538151562214
1,0,0.1,DRF_1_AutoML_7_20260420_193538,target_lag4,0.15571803432889278
1,0,0.1,DRF_1_AutoML_7_20260420_193538,target_lag5,0.0920755739510059
1,0,0.1,DRF_1_AutoML_7_20260420_193538,target_lag6,0.05397128428332503
1,0,0.1,DRF_1_AutoML_7_20260420_193538,cov_HULL_lag1,0.03506926414876939
1,0,0.1,DRF_1_AutoML_7_20260420_193538,cov_MUFL_lag1,1.7794689095020295
1,0,0.1,DRF_1_AutoML_7_20260420_193538,cov_MULL_lag1,0.01879913426317212
1,0,0.1,DRF_1_AutoML_7_20260420_193538,cov_LUFL_lag1,0.06877811769489195
1,0,0.1,DRF_1_AutoML_7_20260420_193538,cov_LULL_lag1,0.06985196934881965
1,0,0.1,DRF_1_AutoML_7_20260420_193538,cov_OT_lag1,0.05745190922403705
1,0,0.1,DRF_1_AutoML_7_20260420_193538,hour_lag1,0.32193732195068153
1,0,0.1,DRF_1_AutoML_7_20260420_193538,day_of_week_lag1,0.01122807777370322
1,0,0.1,DRF_1_AutoML_7_20260420_193538,month_lag1,0.04660733105614776
1,0,0.1,DRF_1_AutoML_7_20260420_193538,month_sin,0.016872565741650712
1,0,0.1,DRF_1_AutoML_7_20260420_193538,month_cos,0.012157502881018398
1,0,0.1,DRF_1_AutoML_7_20260420_193538,year,0.11617383815348145
1,0,0.1,GBM_grid_1_AutoML_7_20260420_193538_model_1,target_lag1,1.504705919623375
1,0,0.1,GBM_grid_1_AutoML_7_20260420_193538_model_1,target_lag2,0.9458736719563603
1,0,0.1,GBM_grid_1_AutoML_7_20260420_193538_model_1,target_lag3,0.0858320283470675
1,0,0.1,GBM_grid_1_AutoML_7_20260420_193538_model_1,target_lag4,0.19445391502231357
1,0,0.1,GBM_grid_1_AutoML_7_20260420_193538_model_1,target_lag5,0.06624792006099592
1,0,0.1,GBM_grid_1_AutoML_7_20260420_193538_model_1,target_lag6,0.05276380502036769
1,0,0.1,GBM_grid_1_AutoML_7_20260420_193538_model_1,cov_HULL_lag1,0.13145708787254987
1,0,0.1,GBM_grid_1_AutoML_7_20260420_193538_model_1,cov_MUFL_lag1,1.2029657937586307
1,0,0.1,GBM_grid_1_AutoML_7_20260420_193538_model_1,cov_MULL_lag1,0.16233281244058162
1,0,0.1,GBM_grid_1_AutoML_7_20260420_193538_model_1,cov_LUFL_lag1,0.10026768168070699
1,0,0.1,GBM_grid_1_AutoML_7_20260420_193538_model_1,cov_LULL_lag1,0.05482377529609945
1,0,0.1,GBM_grid_1_AutoML_7_20260420_193538_model_1,cov_OT_lag1,0.045050534777983514
1,0,0.1,GBM_grid_1_AutoML_7_20260420_193538_model_1,hour_lag1,0.46338020399212837
1,0,0.1,GBM_grid_1_AutoML_7_20260420_193538_model_1,day_of_week_lag1,0.021574235733132763
1,0,0.1,GBM_grid_1_AutoML_7_20260420_193538_model_1,month_lag1,0.025962444516189818
1,0,0.1,GBM_grid_1_AutoML_7_20260420_193538_model_1,month_sin,0.02493687170463086
1,0,0.1,GBM_grid_1_AutoML_7_20260420_193538_model_1,month_cos,0.009338797111195108
1,0,0.1,GBM_grid_1_AutoML_7_20260420_193538_model_1,year,0.18024404221214346
1,0,0.1,XGBoost_3_AutoML_7_20260420_193538,target_lag1,2.329895888268948
1,0,0.1,XGBoost_3_AutoML_7_20260420_193538,target_lag2,0.39888701573014257
1,0,0.1,XGBoost_3_AutoML_7_20260420_193538,target_lag3,0.08447614194825288
1,0,0.1,XGBoost_3_AutoML_7_20260420_193538,target_lag4,0.05242865107487884
1,0,0.1,XGBoost_3_AutoML_7_20260420_193538,target_lag5,0.07283302377356446
1,0,0.1,XGBoost_3_AutoML_7_20260420_193538,target_lag6,0.10618280096387021
1,0,0.1,XGBoost_3_AutoML_7_20260420_193538,cov_HULL_lag1,0.04775358486571344
1,0,0.1,XGBoost_3_AutoML_7_20260420_193538,cov_MUFL_lag1,1.4892977893352508
1,0,0.1,XGBoost_3_AutoML_7_20260420_193538,cov_MULL_lag1,0.03200800823280584
1,0,0.1,XGBoost_3_AutoML_7_20260420_193538,cov_LUFL_lag1,0.09169165950268504
1,0,0.1,XGBoost_3_AutoML_7_20260420_193538,cov_LULL_lag1,0.03717694463091899
1,0,0.1,XGBoost_3_AutoML_7_20260420_193538,cov_OT_lag1,0.040396646991139235
1,0,0.1,XGBoost_3_AutoML_7_20260420_193538,hour_lag1,0.45278529688715935
1,0,0.1,XGBoost_3_AutoML_7_20260420_193538,day_of_week_lag1,0.006301002711406859
1,0,0.1,XGBoost_3_AutoML_7_20260420_193538,month_lag1,0.08478336935862896
1,0,0.1,XGBoost_3_AutoML_7_20260420_193538,month_sin,0.010235675331605276
1,0,0.1,XGBoost_3_AutoML_7_20260420_193538,month_cos,0.0005282425839686706
1,0,0.1,XGBoost_3_AutoML_7_20260420_193538,year,0.09613357752095904
1,0,0.2,GBM_1_AutoML_7_20260420_193538,target_lag1,2.2166158454865217
1,0,0.2,GBM_1_AutoML_7_20260420_193538,target_lag2,0.700724132899195
1,0,0.2,GBM_1_AutoML_7_20260420_193538,target_lag3,0.1293872856884263
1,0,0.2,GBM_1_AutoML_7_20260420_193538,target_lag4,0.11978282462339845
1,0,0.2,GBM_1_AutoML_7_20260420_193538,target_lag5,0.05053412567474875
1,0,0.2,GBM_1_AutoML_7_20260420_193538,target_lag6,0.06485719096526732
1,0,0.2,GBM_1_AutoML_7_20260420_193538,cov_HULL_lag1,0.042119543360313365
1,0,0.2,GBM_1_AutoML_7_20260420_193538,cov_MUFL_lag1,1.1700557886064054
1,0,0.2,GBM_1_AutoML_7_20260420_193538,cov_MULL_lag1,0.03563446773448955
1,0,0.2,GBM_1_AutoML_7_20260420_193538,cov_LUFL_lag1,0.061907778899185306
1,0,0.2,GBM_1_AutoML_7_20260420_193538,cov_LULL_lag1,0.024168161253910476
1,0,0.2,GBM_1_AutoML_7_20260420_193538,cov_OT_lag1,0.037744426637072996
1,0,0.2,GBM_1_AutoML_7_20260420_193538,hour_lag1,0.42875290352851153
1,0,0.2,GBM_1_AutoML_7_20260420_193538,day_of_week_lag1,0.016733859370287926
1,0,0.2,GBM_1_AutoML_7_20260420_193538,month_lag1,0.07397794429416532
1,0,0.2,GBM_1_AutoML_7_20260420_193538,month_sin,0.01156580733600999
1,0,0.2,GBM_1_AutoML_7_20260420_193538,month_cos,0.00844252212089482
1,0,0.2,GBM_1_AutoML_7_20260420_193538,year,0.07297268118709321
1,0,0.2,GBM_grid_1_AutoML_7_20260420_193538_model_2,target_lag1,2.8199201253056527
1,0,0.2,GBM_grid_1_AutoML_7_20260420_193538_model_2,target_lag2,0.4007604678720236
1,0,0.2,GBM_grid_1_AutoML_7_20260420_193538_model_2,target_lag3,0.1495596886379644
1,0,0.2,GBM_grid_1_AutoML_7_20260420_193538_model_2,target_lag4,0.030429308796883527
1,0,0.2,GBM_grid_1_AutoML_7_20260420_193538_model_2,target_lag5,0.04810058172210115
1,0,0.2,GBM_grid_1_AutoML_7_20260420_193538_model_2,target_lag6,0.05414511326234783
1,0,0.2,GBM_grid_1_AutoML_7_20260420_193538_model_2,cov_HULL_lag1,0.021757071621250318
1,0,0.2,GBM_grid_1_AutoML_7_20260420_193538_model_2,cov_MUFL_lag1,0.9279769214987755
1,0,0.2,GBM_grid_1_AutoML_7_20260420_193538_model_2,cov_MULL_lag1,0.03386853404459539
1,0,0.2,GBM_grid_1_AutoML_7_20260420_193538_model_2,cov_LUFL_lag1,0.05709141370374706
1,0,0.2,GBM_grid_1_AutoML_7_20260420_193538_model_2,cov_LULL_lag1,0.0192392585490597
1,0,0.2,GBM_grid_1_AutoML_7_20260420_193538_model_2,cov_OT_lag1,0.03510465480852869
1,0,0.2,GBM_grid_1_AutoML_7_20260420_193538_model_2,hour_lag1,0.43577633604872973
1,0,0.2,GBM_grid_1_AutoML_7_20260420_193538_model_2,day_of_week_lag1,0.009281470898713406
1,0,0.2,GBM_grid_1_AutoML_7_20260420_193538_model_2,month_lag1,0.061657235643942786
1,0,0.2,GBM_grid_1_AutoML_7_20260420_193538_model_2,month_sin,0.0075750219461042
1,0,0.2,GBM_grid_1_AutoML_7_20260420_193538_model_2,month_cos,0.006619830938143385
1,0,0.2,GBM_grid_1_AutoML_7_20260420_193538_model_2,year,0.08870834556175393
1,0,0.2,GBM_grid_1_AutoML_7_20260420_193538_model_3,target_lag1,1.5710429128631949
1,0,0.2,GBM_grid_1_AutoML_7_20260420_193538_model_3,target_lag2,0.8395766887697391
1,0,0.2,GBM_grid_1_AutoML_7_20260420_193538_model_3,target_lag3,0.4243140586465597
1,0,0.2,GBM_grid_1_AutoML_7_20260420_193538_model_3,target_lag4,0.3804100894369185
1,0,0.2,GBM_grid_1_AutoML_7_20260420_193538_model_3,target_lag5,0.043639729713322556
1,0,0.2,GBM_grid_1_AutoML_7_20260420_193538_model_3,target_lag6,0.05676935219671572
1,0,0.2,GBM_grid_1_AutoML_7_20260420_193538_model_3,cov_HULL_lag1,0.049181392327882295
1,0,0.2,GBM_grid_1_AutoML_7_20260420_193538_model_3,cov_MUFL_lag1,1.0960730150341988
1,0,0.2,GBM_grid_1_AutoML_7_20260420_193538_model_3,cov_MULL_lag1,0.04145116199739274
1,0,0.2,GBM_grid_1_AutoML_7_20260420_193538_model_3,cov_LUFL_lag1,0.15335465184412894
1,0,0.2,GBM_grid_1_AutoML_7_20260420_193538_model_3,cov_LULL_lag1,0.02948646671720776
1,0,0.2,GBM_grid_1_AutoML_7_20260420_193538_model_3,cov_OT_lag1,0.03988667911849912
1,0,0.2,GBM_grid_1_AutoML_7_20260420_193538_model_3,hour_lag1,0.44120122224092484
1,0,0.2,GBM_grid_1_AutoML_7_20260420_193538_model_3,day_of_week_lag1,0.009936303445137996
1,0,0.2,GBM_grid_1_AutoML_7_20260420_193538_model_3,month_lag1,0.07447291372343895
1,0,0.2,GBM_grid_1_AutoML_7_20260420_193538_model_3,month_sin,0.01985073752352032
1,0,0.2,GBM_grid_1_AutoML_7_20260420_193538_model_3,month_cos,0.014283959239837664
1,0,0.2,GBM_grid_1_AutoML_7_20260420_193538_model_3,year,0.13641781734302635
1,0,0.2,GBM_3_AutoML_7_20260420_193538,target_lag1,1.982550236172974
1,0,0.2,GBM_3_AutoML_7_20260420_193538,target_lag2,0.6325996186584234
1,0,0.2,GBM_3_AutoML_7_20260420_193538,target_lag3,0.13105312630883414
1,0,0.2,GBM_3_AutoML_7_20260420_193538,target_lag4,0.05843586334493007
1,0,0.2,GBM_3_AutoML_7_20260420_193538,target_lag5,0.04383774576126594
1,0,0.2,GBM_3_AutoML_7_20260420_193538,target_lag6,0.06827905227517472
1,0,0.2,GBM_3_AutoML_7_20260420_193538,cov_HULL_lag1,0.050254282560199454
1,0,0.2,GBM_3_AutoML_7_20260420_193538,cov_MUFL_lag1,1.505116869956255
1,0,0.2,GBM_3_AutoML_7_20260420_193538,cov_MULL_lag1,0.028598188034957235
1,0,0.2,GBM_3_AutoML_7_20260420_193538,cov_LUFL_lag1,0.08025905059999783
1,0,0.2,GBM_3_AutoML_7_20260420_193538,cov_LULL_lag1,0.020965552979614544
1,0,0.2,GBM_3_AutoML_7_20260420_193538,cov_OT_lag1,0.05877668654080476
1,0,0.2,GBM_3_AutoML_7_20260420_193538,hour_lag1,0.42630933456122877
1,0,0.2,GBM_3_AutoML_7_20260420_193538,day_of_week_lag1,0.014052192669478204
1,0,0.2,GBM_3_AutoML_7_20260420_193538,month_lag1,0.0603499527694657
1,0,0.2,GBM_3_AutoML_7_20260420_193538,month_sin,0.01218201933719679
1,0,0.2,GBM_3_AutoML_7_20260420_193538,month_cos,0.008633552464016203
1,0,0.2,GBM_3_AutoML_7_20260420_193538,year,0.17544003860093654
1,0,0.2,GBM_2_AutoML_7_20260420_193538,target_lag1,2.113325870707631
1,0,0.2,GBM_2_AutoML_7_20260420_193538,target_lag2,0.5896432536188513
1,0,0.2,GBM_2_AutoML_7_20260420_193538,target_lag3,0.16019422882935033
1,0,0.2,GBM_2_AutoML_7_20260420_193538,target_lag4,0.04248922358965498
1,0,0.2,GBM_2_AutoML_7_20260420_193538,target_lag5,0.055169190907617995
1,0,0.2,GBM_2_AutoML_7_20260420_193538,target_lag6,0.06370917438063767
1,0,0.2,GBM_2_AutoML_7_20260420_193538,cov_HULL_lag1,0.040520581076852934
1,0,0.2,GBM_2_AutoML_7_20260420_193538,cov_MUFL_lag1,1.435897999946028
1,0,0.2,GBM_2_AutoML_7_20260420_193538,cov_MULL_lag1,0.04135697455843905
1,0,0.2,GBM_2_AutoML_7_20260420_193538,cov_LUFL_lag1,0.07256066438741979
1,0,0.2,GBM_2_AutoML_7_20260420_193538,cov_LULL_lag1,0.021351701962994372
1,0,0.2,GBM_2_AutoML_7_20260420_193538,cov_OT_lag1,0.04776778231491331
1,0,0.2,GBM_2_AutoML_7_20260420_193538,hour_lag1,0.44254211844876407
1,0,0.2,GBM_2_AutoML_7_20260420_193538,day_of_week_lag1,0.012673767413943953
1,0,0.2,GBM_2_AutoML_7_20260420_193538,month_lag1,0.04986804837826636
1,0,0.2,GBM_2_AutoML_7_20260420_193538,month_sin,0.011374678839129007
1,0,0.2,GBM_2_AutoML_7_20260420_193538,month_cos,0.0052471608865016185
1,0,0.2,GBM_2_AutoML_7_20260420_193538,year,0.14376027519814666
1,0,0.2,XGBoost_grid_1_AutoML_7_20260420_193538_model_6,target_lag1,0.6931691870093346
1,0,0.2,XGBoost_grid_1_AutoML_7_20260420_193538_model_6,target_lag2,0.9195477410405875
1,0,0.2,XGBoost_grid_1_AutoML_7_20260420_193538_model_6,target_lag3,0.20777969323098655
1,0,0.2,XGBoost_grid_1_AutoML_7_20260420_193538_model_6,target_lag4,0.6673570257425309
1,0,0.2,XGBoost_grid_1_AutoML_7_20260420_193538_model_6,target_lag5,0.0959302415233105
1,0,0.2,XGBoost_grid_1_AutoML_7_20260420_193538_model_6,target_lag6,0.12164596309419717
1,0,0.2,XGBoost_grid_1_AutoML_7_20260420_193538_model_6,cov_HULL_lag1,0.028124781567603306
1,0,0.2,XGBoost_grid_1_AutoML_7_20260420_193538_model_6,cov_MUFL_lag1,1.876582296900451
1,0,0.2,XGBoost_grid_1_AutoML_7_20260420_193538_model_6,cov_MULL_lag1,0.043095522366929755
1,0,0.2,XGBoost_grid_1_AutoML_7_20260420_193538_model_6,cov_LUFL_lag1,0.360003879647702
1,0,0.2,XGBoost_grid_1_AutoML_7_20260420_193538_model_6,cov_LULL_lag1,0.010301266131282273
1,0,0.2,XGBoost_grid_1_AutoML_7_20260420_193538_model_6,cov_OT_lag1,0.04401902825571592
1,0,0.2,XGBoost_grid_1_AutoML_7_20260420_193538_model_6,hour_lag1,0.4742199175804853
1,0,0.2,XGBoost_grid_1_AutoML_7_20260420_193538_model_6,day_of_week_lag1,0.007465589204803074
1,0,0.2,XGBoost_grid_1_AutoML_7_20260420_193538_model_6,month_lag1,0.06305190697778013
1,0,0.2,XGBoost_grid_1_AutoML_7_20260420_193538_model_6,month_sin,0.0016204452526289493
1,0,0.2,XGBoost_grid_1_AutoML_7_20260420_193538_model_6,month_cos,0.0
1,0,0.2,XGBoost_grid_1_AutoML_7_20260420_193538_model_6,year,0.047118395764846305
1,0,0.2,XRT_1_AutoML_7_20260420_193538,target_lag1,3.054702072441578
1,0,0.2,XRT_1_AutoML_7_20260420_193538,target_lag2,1.5235427236929535
1,0,0.2,XRT_1_AutoML_7_20260420_193538,target_lag3,11300963.884158596
1,0,0.2,XRT_1_AutoML_7_20260420_193538,target_lag4,2.988161389613524
1,0,0.2,XRT_1_AutoML_7_20260420_193538,target_lag5,35.65200974481181
1,0,0.2,XRT_1_AutoML_7_20260420_193538,target_lag6,0.5341067987366114
1,0,0.2,XRT_1_AutoML_7_20260420_193538,cov_HULL_lag1,0.08033907322387672
1,0,0.2,XRT_1_AutoML_7_20260420_193538,cov_MUFL_lag1,298.8937545916438
1,0,0.2,XRT_1_AutoML_7_20260420_193538,cov_MULL_lag1,0.5432861589454114
1,0,0.2,XRT_1_AutoML_7_20260420_193538,cov_LUFL_lag1,0.24488573517650367
1,0,0.2,XRT_1_AutoML_7_20260420_193538,cov_LULL_lag1,0.5719060212909244
1,0,0.2,XRT_1_AutoML_7_20260420_193538,cov_OT_lag1,0.3222806952148676
1,0,0.2,XRT_1_AutoML_7_20260420_193538,hour_lag1,4.210337845897302
1,0,0.2,XRT_1_AutoML_7_20260420_193538,day_of_week_lag1,0.12391993539873507
1,0,0.2,XRT_1_AutoML_7_20260420_193538,month_lag1,53.63267581358552
1,0,0.2,XRT_1_AutoML_7_20260420_193538,month_sin,0.04880980176501904
1,0,0.2,XRT_1_AutoML_7_20260420_193538,month_cos,4.937502668597736
1,0,0.2,XRT_1_AutoML_7_20260420_193538,year,1.1642435214144644
1,0,0.2,GBM_4_AutoML_7_20260420_193538,target_lag1,1.66999267809093
1,0,0.2,GBM_4_AutoML_7_20260420_193538,target_lag2,0.7594617600319907
1,0,0.2,GBM_4_AutoML_7_20260420_193538,target_lag3,0.12954192461213093
1,0,0.2,GBM_4_AutoML_7_20260420_193538,target_lag4,0.10060106757329773
1,0,0.2,GBM_4_AutoML_7_20260420_193538,target_lag5,0.0477008826017845
1,0,0.2,GBM_4_AutoML_7_20260420_193538,target_lag6,0.06005804324522611
1,0,0.2,GBM_4_AutoML_7_20260420_193538,cov_HULL_lag1,0.03718612296273927
1,0,0.2,GBM_4_AutoML_7_20260420_193538,cov_MUFL_lag1,1.686812881231308
1,0,0.2,GBM_4_AutoML_7_20260420_193538,cov_MULL_lag1,0.03604684316553172
1,0,0.2,GBM_4_AutoML_7_20260420_193538,cov_LUFL_lag1,0.08496432497166094
1,0,0.2,GBM_4_AutoML_7_20260420_193538,cov_LULL_lag1,0.029890788852644574
1,0,0.2,GBM_4_AutoML_7_20260420_193538,cov_OT_lag1,0.06573760096856854
1,0,0.2,GBM_4_AutoML_7_20260420_193538,hour_lag1,0.4350230745598674
1,0,0.2,GBM_4_AutoML_7_20260420_193538,day_of_week_lag1,0.0160958088363986
1,0,0.2,GBM_4_AutoML_7_20260420_193538,month_lag1,0.08561979958321896
1,0,0.2,GBM_4_AutoML_7_20260420_193538,month_sin,0.019765843453351365
1,0,0.2,GBM_4_AutoML_7_20260420_193538,month_cos,0.016047139610163824
1,0,0.2,GBM_4_AutoML_7_20260420_193538,year,0.1457657948764972
1,0,0.2,XGBoost_grid_1_AutoML_7_20260420_193538_model_5,target_lag1,2.5610086733102797
1,0,0.2,XGBoost_grid_1_AutoML_7_20260420_193538_model_5,target_lag2,0.4831060786289163
1,0,0.2,XGBoost_grid_1_AutoML_7_20260420_193538_model_5,target_lag3,0.15128398596425538
1,0,0.2,XGBoost_grid_1_AutoML_7_20260420_193538_model_5,target_lag4,0.07692314144223925
1,0,0.2,XGBoost_grid_1_AutoML_7_20260420_193538_model_5,target_lag5,0.10576547429140187
1,0,0.2,XGBoost_grid_1_AutoML_7_20260420_193538_model_5,target_lag6,0.10116695697419342
1,0,0.2,XGBoost_grid_1_AutoML_7_20260420_193538_model_5,cov_HULL_lag1,0.03160296724643554
1,0,0.2,XGBoost_grid_1_AutoML_7_20260420_193538_model_5,cov_MUFL_lag1,1.0394955010712146
1,0,0.2,XGBoost_grid_1_AutoML_7_20260420_193538_model_5,cov_MULL_lag1,0.04688331019133325
1,0,0.2,XGBoost_grid_1_AutoML_7_20260420_193538_model_5,cov_LUFL_lag1,0.06236987011274319
1,0,0.2,XGBoost_grid_1_AutoML_7_20260420_193538_model_5,cov_LULL_lag1,0.0400297515711281
1,0,0.2,XGBoost_grid_1_AutoML_7_20260420_193538_model_5,cov_OT_lag1,0.09977617341093716
1,0,0.2,XGBoost_grid_1_AutoML_7_20260420_193538_model_5,hour_lag1,0.4439286624873057
1,0,0.2,XGBoost_grid_1_AutoML_7_20260420_193538_model_5,day_of_week_lag1,0.016436863741837397
1,0,0.2,XGBoost_grid_1_AutoML_7_20260420_193538_model_5,month_lag1,0.06528349013799921
1,0,0.2,XGBoost_grid_1_AutoML_7_20260420_193538_model_5,month_sin,0.021456447831296785
1,0,0.2,XGBoost_grid_1_AutoML_7_20260420_193538_model_5,month_cos,0.006072241804795288
1,0,0.2,XGBoost_grid_1_AutoML_7_20260420_193538_model_5,year,0.12620152136776594
1,0,0.2,GBM_5_AutoML_7_20260420_193538,target_lag1,1.5427562163770199
1,0,0.2,GBM_5_AutoML_7_20260420_193538,target_lag2,0.9056787295639515
1,0,0.2,GBM_5_AutoML_7_20260420_193538,target_lag3,0.11193738987669345
1,0,0.2,GBM_5_AutoML_7_20260420_193538,target_lag4,0.07597232898464423
1,0,0.2,GBM_5_AutoML_7_20260420_193538,target_lag5,0.06304481586441392
1,0,0.2,GBM_5_AutoML_7_20260420_193538,target_lag6,0.06988255759119053
1,0,0.2,GBM_5_AutoML_7_20260420_193538,cov_HULL_lag1,0.024890535961021625
1,0,0.2,GBM_5_AutoML_7_20260420_193538,cov_MUFL_lag1,1.6954827733337878
1,0,0.2,GBM_5_AutoML_7_20260420_193538,cov_MULL_lag1,0.045988383349031166
1,0,0.2,GBM_5_AutoML_7_20260420_193538,cov_LUFL_lag1,0.1003290789457969
1,0,0.2,GBM_5_AutoML_7_20260420_193538,cov_LULL_lag1,0.029158215902862095
1,0,0.2,GBM_5_AutoML_7_20260420_193538,cov_OT_lag1,0.06216122272657227
1,0,0.2,GBM_5_AutoML_7_20260420_193538,hour_lag1,0.44078322587534785
1,0,0.2,GBM_5_AutoML_7_20260420_193538,day_of_week_lag1,0.010188606303418004
1,0,0.2,GBM_5_AutoML_7_20260420_193538,month_lag1,0.09706937979906793
1,0,0.2,GBM_5_AutoML_7_20260420_193538,month_sin,0.007446115381171657
1,0,0.2,GBM_5_AutoML_7_20260420_193538,month_cos,0.004824560343986327
1,0,0.2,GBM_5_AutoML_7_20260420_193538,year,0.06539568827021863
1,0,0.2,DRF_1_AutoML_7_20260420_193538,target_lag1,2.3315436965227128
1,0,0.2,DRF_1_AutoML_7_20260420_193538,target_lag2,1.5509510135650635
1,0,0.2,DRF_1_AutoML_7_20260420_193538,target_lag3,0.3740538151562214
1,0,0.2,DRF_1_AutoML_7_20260420_193538,target_lag4,0.15571803432889278
1,0,0.2,DRF_1_AutoML_7_20260420_193538,target_lag5,0.0920755739510059
1,0,0.2,DRF_1_AutoML_7_20260420_193538,target_lag6,0.05397128428332503
1,0,0.2,DRF_1_AutoML_7_20260420_193538,cov_HULL_lag1,0.03506926414876939
1,0,0.2,DRF_1_AutoML_7_20260420_193538,cov_MUFL_lag1,1.7794689095020295
1,0,0.2,DRF_1_AutoML_7_20260420_193538,cov_MULL_lag1,0.01879913426317212
1,0,0.2,DRF_1_AutoML_7_20260420_193538,cov_LUFL_lag1,0.06877811769489195
1,0,0.2,DRF_1_AutoML_7_20260420_193538,cov_LULL_lag1,0.06985196934881965
1,0,0.2,DRF_1_AutoML_7_20260420_193538,cov_OT_lag1,0.05745190922403705
1,0,0.2,DRF_1_AutoML_7_20260420_193538,hour_lag1,0.32193732195068153
1,0,0.2,DRF_1_AutoML_7_20260420_193538,day_of_week_lag1,0.01122807777370322
1,0,0.2,DRF_1_AutoML_7_20260420_193538,month_lag1,0.04660733105614776
1,0,0.2,DRF_1_AutoML_7_20260420_193538,month_sin,0.016872565741650712
1,0,0.2,DRF_1_AutoML_7_20260420_193538,month_cos,0.012157502881018398
1,0,0.2,DRF_1_AutoML_7_20260420_193538,year,0.11617383815348145
1,0,0.2,GBM_grid_1_AutoML_7_20260420_193538_model_1,target_lag1,1.504705919623375
1,0,0.2,GBM_grid_1_AutoML_7_20260420_193538_model_1,target_lag2,0.9458736719563603
1,0,0.2,GBM_grid_1_AutoML_7_20260420_193538_model_1,target_lag3,0.0858320283470675
1,0,0.2,GBM_grid_1_AutoML_7_20260420_193538_model_1,target_lag4,0.19445391502231357
1,0,0.2,GBM_grid_1_AutoML_7_20260420_193538_model_1,target_lag5,0.06624792006099592
1,0,0.2,GBM_grid_1_AutoML_7_20260420_193538_model_1,target_lag6,0.05276380502036769
1,0,0.2,GBM_grid_1_AutoML_7_20260420_193538_model_1,cov_HULL_lag1,0.13145708787254987
1,0,0.2,GBM_grid_1_AutoML_7_20260420_193538_model_1,cov_MUFL_lag1,1.2029657937586307
1,0,0.2,GBM_grid_1_AutoML_7_20260420_193538_model_1,cov_MULL_lag1,0.16233281244058162
1,0,0.2,GBM_grid_1_AutoML_7_20260420_193538_model_1,cov_LUFL_lag1,0.10026768168070699
1,0,0.2,GBM_grid_1_AutoML_7_20260420_193538_model_1,cov_LULL_lag1,0.05482377529609945
1,0,0.2,GBM_grid_1_AutoML_7_20260420_193538_model_1,cov_OT_lag1,0.045050534777983514
1,0,0.2,GBM_grid_1_AutoML_7_20260420_193538_model_1,hour_lag1,0.46338020399212837
1,0,0.2,GBM_grid_1_AutoML_7_20260420_193538_model_1,day_of_week_lag1,0.021574235733132763
1,0,0.2,GBM_grid_1_AutoML_7_20260420_193538_model_1,month_lag1,0.025962444516189818
1,0,0.2,GBM_grid_1_AutoML_7_20260420_193538_model_1,month_sin,0.02493687170463086
1,0,0.2,GBM_grid_1_AutoML_7_20260420_193538_model_1,month_cos,0.009338797111195108
1,0,0.2,GBM_grid_1_AutoML_7_20260420_193538_model_1,year,0.18024404221214346
1,0,0.2,XGBoost_3_AutoML_7_20260420_193538,target_lag1,2.329895888268948
1,0,0.2,XGBoost_3_AutoML_7_20260420_193538,target_lag2,0.39888701573014257
1,0,0.2,XGBoost_3_AutoML_7_20260420_193538,target_lag3,0.08447614194825288
1,0,0.2,XGBoost_3_AutoML_7_20260420_193538,target_lag4,0.05242865107487884
1,0,0.2,XGBoost_3_AutoML_7_20260420_193538,target_lag5,0.07283302377356446
1,0,0.2,XGBoost_3_AutoML_7_20260420_193538,target_lag6,0.10618280096387021
1,0,0.2,XGBoost_3_AutoML_7_20260420_193538,cov_HULL_lag1,0.04775358486571344
1,0,0.2,XGBoost_3_AutoML_7_20260420_193538,cov_MUFL_lag1,1.4892977893352508
1,0,0.2,XGBoost_3_AutoML_7_20260420_193538,cov_MULL_lag1,0.03200800823280584
1,0,0.2,XGBoost_3_AutoML_7_20260420_193538,cov_LUFL_lag1,0.09169165950268504
1,0,0.2,XGBoost_3_AutoML_7_20260420_193538,cov_LULL_lag1,0.03717694463091899
1,0,0.2,XGBoost_3_AutoML_7_20260420_193538,cov_OT_lag1,0.040396646991139235
1,0,0.2,XGBoost_3_AutoML_7_20260420_193538,hour_lag1,0.45278529688715935
1,0,0.2,XGBoost_3_AutoML_7_20260420_193538,day_of_week_lag1,0.006301002711406859
1,0,0.2,XGBoost_3_AutoML_7_20260420_193538,month_lag1,0.08478336935862896
1,0,0.2,XGBoost_3_AutoML_7_20260420_193538,month_sin,0.010235675331605276
1,0,0.2,XGBoost_3_AutoML_7_20260420_193538,month_cos,0.0005282425839686706
1,0,0.2,XGBoost_3_AutoML_7_20260420_193538,year,0.09613357752095904
1,0,0.2,XGBoost_grid_1_AutoML_7_20260420_193538_model_2,target_lag1,1.9903566049039363
1,0,0.2,XGBoost_grid_1_AutoML_7_20260420_193538_model_2,target_lag2,0.5216065469942986
1,0,0.2,XGBoost_grid_1_AutoML_7_20260420_193538_model_2,target_lag3,0.12375616206874834
1,0,0.2,XGBoost_grid_1_AutoML_7_20260420_193538_model_2,target_lag4,0.11460782966110852
1,0,0.2,XGBoost_grid_1_AutoML_7_20260420_193538_model_2,target_lag5,0.052653216434991885
1,0,0.2,XGBoost_grid_1_AutoML_7_20260420_193538_model_2,target_lag6,0.10559736290946599
1,0,0.2,XGBoost_grid_1_AutoML_7_20260420_193538_model_2,cov_HULL_lag1,0.055452598413103224
1,0,0.2,XGBoost_grid_1_AutoML_7_20260420_193538_model_2,cov_MUFL_lag1,1.694769599288702
1,0,0.2,XGBoost_grid_1_AutoML_7_20260420_193538_model_2,cov_MULL_lag1,0.05901526296511289
1,0,0.2,XGBoost_grid_1_AutoML_7_20260420_193538_model_2,cov_LUFL_lag1,0.096435156869702
1,0,0.2,XGBoost_grid_1_AutoML_7_20260420_193538_model_2,cov_LULL_lag1,0.04211708348360839
1,0,0.2,XGBoost_grid_1_AutoML_7_20260420_193538_model_2,cov_OT_lag1,0.1126394460862502
1,0,0.2,XGBoost_grid_1_AutoML_7_20260420_193538_model_2,hour_lag1,0.5117079010605812
1,0,0.2,XGBoost_grid_1_AutoML_7_20260420_193538_model_2,day_of_week_lag1,0.030594094086991354
1,0,0.2,XGBoost_grid_1_AutoML_7_20260420_193538_model_2,month_lag1,0.10952601491473611
1,0,0.2,XGBoost_grid_1_AutoML_7_20260420_193538_model_2,month_sin,0.02608149448235049
1,0,0.2,XGBoost_grid_1_AutoML_7_20260420_193538_model_2,month_cos,0.008893885734287283
1,0,0.2,XGBoost_grid_1_AutoML_7_20260420_193538_model_2,year,0.21907097507268192
1,0,0.2,XGBoost_grid_1_AutoML_7_20260420_193538_model_3,target_lag1,1.6829009819030762
1,0,0.2,XGBoost_grid_1_AutoML_7_20260420_193538_model_3,target_lag2,0.7866339668631553
1,0,0.2,XGBoost_grid_1_AutoML_7_20260420_193538_model_3,target_lag3,0.5329833555221558
1,0,0.2,XGBoost_grid_1_AutoML_7_20260420_193538_model_3,target_lag4,0.6506916123628617
1,0,0.2,XGBoost_grid_1_AutoML_7_20260420_193538_model_3,target_lag5,0.10856469176709649
1,0,0.2,XGBoost_grid_1_AutoML_7_20260420_193538_model_3,target_lag6,0.12951348103117194
1,0,0.2,XGBoost_grid_1_AutoML_7_20260420_193538_model_3,cov_HULL_lag1,0.061755355354398446
1,0,0.2,XGBoost_grid_1_AutoML_7_20260420_193538_model_3,cov_MUFL_lag1,0.934968785699457
1,0,0.2,XGBoost_grid_1_AutoML_7_20260420_193538_model_3,cov_MULL_lag1,0.03584923080779841
1,0,0.2,XGBoost_grid_1_AutoML_7_20260420_193538_model_3,cov_LUFL_lag1,0.10717456923506685
1,0,0.2,XGBoost_grid_1_AutoML_7_20260420_193538_model_3,cov_LULL_lag1,0.029855411617572783
1,0,0.2,XGBoost_grid_1_AutoML_7_20260420_193538_model_3,cov_OT_lag1,0.07239605844952163
1,0,0.2,XGBoost_grid_1_AutoML_7_20260420_193538_model_3,hour_lag1,0.4187115651369095
1,0,0.2,XGBoost_grid_1_AutoML_7_20260420_193538_model_3,day_of_week_lag1,0.013105811609711922
1,0,0.2,XGBoost_grid_1_AutoML_7_20260420_193538_model_3,month_lag1,0.09974501528311518
1,0,0.2,XGBoost_grid_1_AutoML_7_20260420_193538_model_3,month_sin,0.012355262322816953
1,0,0.2,XGBoost_grid_1_AutoML_7_20260420_193538_model_3,month_cos,0.016166688658267925
1,0,0.2,XGBoost_grid_1_AutoML_7_20260420_193538_model_3,year,0.11134752874262627
1,0,0.2,GLM_1_AutoML_7_20260420_193538,target_lag1,2.569128798143713
1,0,0.2,GLM_1_AutoML_7_20260420_193538,target_lag2,1.135791643866567
1,0,0.2,GLM_1_AutoML_7_20260420_193538,target_lag3,0.4901573688387502
1,0,0.2,GLM_1_AutoML_7_20260420_193538,target_lag4,0.11936077206431399
1,0,0.2,GLM_1_AutoML_7_20260420_193538,target_lag5,0.323526276082219
1,0,0.2,GLM_1_AutoML_7_20260420_193538,target_lag6,0.5269141790027055
1,0,0.2,GLM_1_AutoML_7_20260420_193538,cov_HULL_lag1,0.10844471057306411
1,0,0.2,GLM_1_AutoML_7_20260420_193538,cov_MUFL_lag1,0.7426309797150508
1,0,0.2,GLM_1_AutoML_7_20260420_193538,cov_MULL_lag1,0.1374042972028507
1,0,0.2,GLM_1_AutoML_7_20260420_193538,cov_LUFL_lag1,0.015730635881019136
1,0,0.2,GLM_1_AutoML_7_20260420_193538,cov_LULL_lag1,0.02416664778199459
1,0,0.2,GLM_1_AutoML_7_20260420_193538,cov_OT_lag1,0.20466466991670743
1,0,0.2,GLM_1_AutoML_7_20260420_193538,hour_lag1,0.16464640512481274
1,0,0.2,GLM_1_AutoML_7_20260420_193538,day_of_week_lag1,0.006511168951120567
1,0,0.2,GLM_1_AutoML_7_20260420_193538,month_lag1,0.0436333769161325
1,0,0.2,GLM_1_AutoML_7_20260420_193538,month_sin,0.0062887807199099146
1,0,0.2,GLM_1_AutoML_7_20260420_193538,month_cos,0.002635812016014859
1,0,0.2,GLM_1_AutoML_7_20260420_193538,year,0.28321918174066146
1,0,0.2,XGBoost_grid_1_AutoML_7_20260420_193538_model_1,target_lag1,1.9705590932071209
1,0,0.2,XGBoost_grid_1_AutoML_7_20260420_193538_model_1,target_lag2,0.2700682785967365
1,0,0.2,XGBoost_grid_1_AutoML_7_20260420_193538_model_1,target_lag3,0.1311627305112779
1,0,0.2,XGBoost_grid_1_AutoML_7_20260420_193538_model_1,target_lag4,0.06674204698763783
1,0,0.2,XGBoost_grid_1_AutoML_7_20260420_193538_model_1,target_lag5,0.08488772585056718
1,0,0.2,XGBoost_grid_1_AutoML_7_20260420_193538_model_1,target_lag6,0.08278415430384481
1,0,0.2,XGBoost_grid_1_AutoML_7_20260420_193538_model_1,cov_HULL_lag1,0.04714331602212038
1,0,0.2,XGBoost_grid_1_AutoML_7_20260420_193538_model_1,cov_MUFL_lag1,2.176277707666159
1,0,0.2,XGBoost_grid_1_AutoML_7_20260420_193538_model_1,cov_MULL_lag1,0.047803975541610234
1,0,0.2,XGBoost_grid_1_AutoML_7_20260420_193538_model_1,cov_LUFL_lag1,0.07074891745462078
1,0,0.2,XGBoost_grid_1_AutoML_7_20260420_193538_model_1,cov_LULL_lag1,0.03836530576634683
1,0,0.2,XGBoost_grid_1_AutoML_7_20260420_193538_model_1,cov_OT_lag1,0.10439154145307836
1,0,0.2,XGBoost_grid_1_AutoML_7_20260420_193538_model_1,hour_lag1,0.5629007280245424
1,0,0.2,XGBoost_grid_1_AutoML_7_20260420_193538_model_1,day_of_week_lag1,0.027531291850609662
1,0,0.2,XGBoost_grid_1_AutoML_7_20260420_193538_model_1,month_lag1,0.05701476740185167
1,0,0.2,XGBoost_grid_1_AutoML_7_20260420_193538_model_1,month_sin,0.035561978783225597
1,0,0.2,XGBoost_grid_1_AutoML_7_20260420_193538_model_1,month_cos,0.016863851716043387
1,0,0.2,XGBoost_grid_1_AutoML_7_20260420_193538_model_1,year,0.18008669665083288
1,0,0.3,GBM_1_AutoML_7_20260420_193538,target_lag1,2.2166158454865217
1,0,0.3,GBM_1_AutoML_7_20260420_193538,target_lag2,0.700724132899195
1,0,0.3,GBM_1_AutoML_7_20260420_193538,target_lag3,0.1293872856884263
1,0,0.3,GBM_1_AutoML_7_20260420_193538,target_lag4,0.11978282462339845
1,0,0.3,GBM_1_AutoML_7_20260420_193538,target_lag5,0.05053412567474875
1,0,0.3,GBM_1_AutoML_7_20260420_193538,target_lag6,0.06485719096526732
1,0,0.3,GBM_1_AutoML_7_20260420_193538,cov_HULL_lag1,0.042119543360313365
1,0,0.3,GBM_1_AutoML_7_20260420_193538,cov_MUFL_lag1,1.1700557886064054
1,0,0.3,GBM_1_AutoML_7_20260420_193538,cov_MULL_lag1,0.03563446773448955
1,0,0.3,GBM_1_AutoML_7_20260420_193538,cov_LUFL_lag1,0.061907778899185306
1,0,0.3,GBM_1_AutoML_7_20260420_193538,cov_LULL_lag1,0.024168161253910476
1,0,0.3,GBM_1_AutoML_7_20260420_193538,cov_OT_lag1,0.037744426637072996
1,0,0.3,GBM_1_AutoML_7_20260420_193538,hour_lag1,0.42875290352851153
1,0,0.3,GBM_1_AutoML_7_20260420_193538,day_of_week_lag1,0.016733859370287926
1,0,0.3,GBM_1_AutoML_7_20260420_193538,month_lag1,0.07397794429416532
1,0,0.3,GBM_1_AutoML_7_20260420_193538,month_sin,0.01156580733600999
1,0,0.3,GBM_1_AutoML_7_20260420_193538,month_cos,0.00844252212089482
1,0,0.3,GBM_1_AutoML_7_20260420_193538,year,0.07297268118709321
1,0,0.3,GBM_grid_1_AutoML_7_20260420_193538_model_2,target_lag1,2.8199201253056527
1,0,0.3,GBM_grid_1_AutoML_7_20260420_193538_model_2,target_lag2,0.4007604678720236
1,0,0.3,GBM_grid_1_AutoML_7_20260420_193538_model_2,target_lag3,0.1495596886379644
1,0,0.3,GBM_grid_1_AutoML_7_20260420_193538_model_2,target_lag4,0.030429308796883527
1,0,0.3,GBM_grid_1_AutoML_7_20260420_193538_model_2,target_lag5,0.04810058172210115
1,0,0.3,GBM_grid_1_AutoML_7_20260420_193538_model_2,target_lag6,0.05414511326234783
1,0,0.3,GBM_grid_1_AutoML_7_20260420_193538_model_2,cov_HULL_lag1,0.021757071621250318
1,0,0.3,GBM_grid_1_AutoML_7_20260420_193538_model_2,cov_MUFL_lag1,0.9279769214987755
1,0,0.3,GBM_grid_1_AutoML_7_20260420_193538_model_2,cov_MULL_lag1,0.03386853404459539
1,0,0.3,GBM_grid_1_AutoML_7_20260420_193538_model_2,cov_LUFL_lag1,0.05709141370374706
1,0,0.3,GBM_grid_1_AutoML_7_20260420_193538_model_2,cov_LULL_lag1,0.0192392585490597
1,0,0.3,GBM_grid_1_AutoML_7_20260420_193538_model_2,cov_OT_lag1,0.03510465480852869
1,0,0.3,GBM_grid_1_AutoML_7_20260420_193538_model_2,hour_lag1,0.43577633604872973
1,0,0.3,GBM_grid_1_AutoML_7_20260420_193538_model_2,day_of_week_lag1,0.009281470898713406
1,0,0.3,GBM_grid_1_AutoML_7_20260420_193538_model_2,month_lag1,0.061657235643942786
1,0,0.3,GBM_grid_1_AutoML_7_20260420_193538_model_2,month_sin,0.0075750219461042
1,0,0.3,GBM_grid_1_AutoML_7_20260420_193538_model_2,month_cos,0.006619830938143385
1,0,0.3,GBM_grid_1_AutoML_7_20260420_193538_model_2,year,0.08870834556175393
1,0,0.3,GBM_grid_1_AutoML_7_20260420_193538_model_3,target_lag1,1.5710429128631949
1,0,0.3,GBM_grid_1_AutoML_7_20260420_193538_model_3,target_lag2,0.8395766887697391
1,0,0.3,GBM_grid_1_AutoML_7_20260420_193538_model_3,target_lag3,0.4243140586465597
1,0,0.3,GBM_grid_1_AutoML_7_20260420_193538_model_3,target_lag4,0.3804100894369185
1,0,0.3,GBM_grid_1_AutoML_7_20260420_193538_model_3,target_lag5,0.043639729713322556
1,0,0.3,GBM_grid_1_AutoML_7_20260420_193538_model_3,target_lag6,0.05676935219671572
1,0,0.3,GBM_grid_1_AutoML_7_20260420_193538_model_3,cov_HULL_lag1,0.049181392327882295
1,0,0.3,GBM_grid_1_AutoML_7_20260420_193538_model_3,cov_MUFL_lag1,1.0960730150341988
1,0,0.3,GBM_grid_1_AutoML_7_20260420_193538_model_3,cov_MULL_lag1,0.04145116199739274
1,0,0.3,GBM_grid_1_AutoML_7_20260420_193538_model_3,cov_LUFL_lag1,0.15335465184412894
1,0,0.3,GBM_grid_1_AutoML_7_20260420_193538_model_3,cov_LULL_lag1,0.02948646671720776
1,0,0.3,GBM_grid_1_AutoML_7_20260420_193538_model_3,cov_OT_lag1,0.03988667911849912
1,0,0.3,GBM_grid_1_AutoML_7_20260420_193538_model_3,hour_lag1,0.44120122224092484
1,0,0.3,GBM_grid_1_AutoML_7_20260420_193538_model_3,day_of_week_lag1,0.009936303445137996
1,0,0.3,GBM_grid_1_AutoML_7_20260420_193538_model_3,month_lag1,0.07447291372343895
1,0,0.3,GBM_grid_1_AutoML_7_20260420_193538_model_3,month_sin,0.01985073752352032
1,0,0.3,GBM_grid_1_AutoML_7_20260420_193538_model_3,month_cos,0.014283959239837664
1,0,0.3,GBM_grid_1_AutoML_7_20260420_193538_model_3,year,0.13641781734302635
1,0,0.3,GBM_3_AutoML_7_20260420_193538,target_lag1,1.982550236172974
1,0,0.3,GBM_3_AutoML_7_20260420_193538,target_lag2,0.6325996186584234
1,0,0.3,GBM_3_AutoML_7_20260420_193538,target_lag3,0.13105312630883414
1,0,0.3,GBM_3_AutoML_7_20260420_193538,target_lag4,0.05843586334493007
1,0,0.3,GBM_3_AutoML_7_20260420_193538,target_lag5,0.04383774576126594
1,0,0.3,GBM_3_AutoML_7_20260420_193538,target_lag6,0.06827905227517472
1,0,0.3,GBM_3_AutoML_7_20260420_193538,cov_HULL_lag1,0.050254282560199454
1,0,0.3,GBM_3_AutoML_7_20260420_193538,cov_MUFL_lag1,1.505116869956255
1,0,0.3,GBM_3_AutoML_7_20260420_193538,cov_MULL_lag1,0.028598188034957235
1,0,0.3,GBM_3_AutoML_7_20260420_193538,cov_LUFL_lag1,0.08025905059999783
1,0,0.3,GBM_3_AutoML_7_20260420_193538,cov_LULL_lag1,0.020965552979614544
1,0,0.3,GBM_3_AutoML_7_20260420_193538,cov_OT_lag1,0.05877668654080476
1,0,0.3,GBM_3_AutoML_7_20260420_193538,hour_lag1,0.42630933456122877
1,0,0.3,GBM_3_AutoML_7_20260420_193538,day_of_week_lag1,0.014052192669478204
1,0,0.3,GBM_3_AutoML_7_20260420_193538,month_lag1,0.0603499527694657
1,0,0.3,GBM_3_AutoML_7_20260420_193538,month_sin,0.01218201933719679
1,0,0.3,GBM_3_AutoML_7_20260420_193538,month_cos,0.008633552464016203
1,0,0.3,GBM_3_AutoML_7_20260420_193538,year,0.17544003860093654
1,0,0.3,GBM_2_AutoML_7_20260420_193538,target_lag1,2.113325870707631
1,0,0.3,GBM_2_AutoML_7_20260420_193538,target_lag2,0.5896432536188513
1,0,0.3,GBM_2_AutoML_7_20260420_193538,target_lag3,0.16019422882935033
1,0,0.3,GBM_2_AutoML_7_20260420_193538,target_lag4,0.04248922358965498
1,0,0.3,GBM_2_AutoML_7_20260420_193538,target_lag5,0.055169190907617995
1,0,0.3,GBM_2_AutoML_7_20260420_193538,target_lag6,0.06370917438063767
1,0,0.3,GBM_2_AutoML_7_20260420_193538,cov_HULL_lag1,0.040520581076852934
1,0,0.3,GBM_2_AutoML_7_20260420_193538,cov_MUFL_lag1,1.435897999946028
1,0,0.3,GBM_2_AutoML_7_20260420_193538,cov_MULL_lag1,0.04135697455843905
1,0,0.3,GBM_2_AutoML_7_20260420_193538,cov_LUFL_lag1,0.07256066438741979
1,0,0.3,GBM_2_AutoML_7_20260420_193538,cov_LULL_lag1,0.021351701962994372
1,0,0.3,GBM_2_AutoML_7_20260420_193538,cov_OT_lag1,0.04776778231491331
1,0,0.3,GBM_2_AutoML_7_20260420_193538,hour_lag1,0.44254211844876407
1,0,0.3,GBM_2_AutoML_7_20260420_193538,day_of_week_lag1,0.012673767413943953
1,0,0.3,GBM_2_AutoML_7_20260420_193538,month_lag1,0.04986804837826636
1,0,0.3,GBM_2_AutoML_7_20260420_193538,month_sin,0.011374678839129007
1,0,0.3,GBM_2_AutoML_7_20260420_193538,month_cos,0.0052471608865016185
1,0,0.3,GBM_2_AutoML_7_20260420_193538,year,0.14376027519814666
1,0,0.3,XGBoost_grid_1_AutoML_7_20260420_193538_model_6,target_lag1,0.6931691870093346
1,0,0.3,XGBoost_grid_1_AutoML_7_20260420_193538_model_6,target_lag2,0.9195477410405875
1,0,0.3,XGBoost_grid_1_AutoML_7_20260420_193538_model_6,target_lag3,0.20777969323098655
1,0,0.3,XGBoost_grid_1_AutoML_7_20260420_193538_model_6,target_lag4,0.6673570257425309
1,0,0.3,XGBoost_grid_1_AutoML_7_20260420_193538_model_6,target_lag5,0.0959302415233105
1,0,0.3,XGBoost_grid_1_AutoML_7_20260420_193538_model_6,target_lag6,0.12164596309419717
1,0,0.3,XGBoost_grid_1_AutoML_7_20260420_193538_model_6,cov_HULL_lag1,0.028124781567603306
1,0,0.3,XGBoost_grid_1_AutoML_7_20260420_193538_model_6,cov_MUFL_lag1,1.876582296900451
1,0,0.3,XGBoost_grid_1_AutoML_7_20260420_193538_model_6,cov_MULL_lag1,0.043095522366929755
1,0,0.3,XGBoost_grid_1_AutoML_7_20260420_193538_model_6,cov_LUFL_lag1,0.360003879647702
1,0,0.3,XGBoost_grid_1_AutoML_7_20260420_193538_model_6,cov_LULL_lag1,0.010301266131282273
1,0,0.3,XGBoost_grid_1_AutoML_7_20260420_193538_model_6,cov_OT_lag1,0.04401902825571592
1,0,0.3,XGBoost_grid_1_AutoML_7_20260420_193538_model_6,hour_lag1,0.4742199175804853
1,0,0.3,XGBoost_grid_1_AutoML_7_20260420_193538_model_6,day_of_week_lag1,0.007465589204803074
1,0,0.3,XGBoost_grid_1_AutoML_7_20260420_193538_model_6,month_lag1,0.06305190697778013
1,0,0.3,XGBoost_grid_1_AutoML_7_20260420_193538_model_6,month_sin,0.0016204452526289493
1,0,0.3,XGBoost_grid_1_AutoML_7_20260420_193538_model_6,month_cos,0.0
1,0,0.3,XGBoost_grid_1_AutoML_7_20260420_193538_model_6,year,0.047118395764846305
1,0,0.3,XRT_1_AutoML_7_20260420_193538,target_lag1,3.054702072441578
1,0,0.3,XRT_1_AutoML_7_20260420_193538,target_lag2,1.5235427236929535
1,0,0.3,XRT_1_AutoML_7_20260420_193538,target_lag3,11300963.884158596
1,0,0.3,XRT_1_AutoML_7_20260420_193538,target_lag4,2.988161389613524
1,0,0.3,XRT_1_AutoML_7_20260420_193538,target_lag5,35.65200974481181
1,0,0.3,XRT_1_AutoML_7_20260420_193538,target_lag6,0.5341067987366114
1,0,0.3,XRT_1_AutoML_7_20260420_193538,cov_HULL_lag1,0.08033907322387672
1,0,0.3,XRT_1_AutoML_7_20260420_193538,cov_MUFL_lag1,298.8937545916438
1,0,0.3,XRT_1_AutoML_7_20260420_193538,cov_MULL_lag1,0.5432861589454114
1,0,0.3,XRT_1_AutoML_7_20260420_193538,cov_LUFL_lag1,0.24488573517650367
1,0,0.3,XRT_1_AutoML_7_20260420_193538,cov_LULL_lag1,0.5719060212909244
1,0,0.3,XRT_1_AutoML_7_20260420_193538,cov_OT_lag1,0.3222806952148676
1,0,0.3,XRT_1_AutoML_7_20260420_193538,hour_lag1,4.210337845897302
1,0,0.3,XRT_1_AutoML_7_20260420_193538,day_of_week_lag1,0.12391993539873507
1,0,0.3,XRT_1_AutoML_7_20260420_193538,month_lag1,53.63267581358552
1,0,0.3,XRT_1_AutoML_7_20260420_193538,month_sin,0.04880980176501904
1,0,0.3,XRT_1_AutoML_7_20260420_193538,month_cos,4.937502668597736
1,0,0.3,XRT_1_AutoML_7_20260420_193538,year,1.1642435214144644
1,0,0.3,GBM_4_AutoML_7_20260420_193538,target_lag1,1.66999267809093
1,0,0.3,GBM_4_AutoML_7_20260420_193538,target_lag2,0.7594617600319907
1,0,0.3,GBM_4_AutoML_7_20260420_193538,target_lag3,0.12954192461213093
1,0,0.3,GBM_4_AutoML_7_20260420_193538,target_lag4,0.10060106757329773
1,0,0.3,GBM_4_AutoML_7_20260420_193538,target_lag5,0.0477008826017845
1,0,0.3,GBM_4_AutoML_7_20260420_193538,target_lag6,0.06005804324522611
1,0,0.3,GBM_4_AutoML_7_20260420_193538,cov_HULL_lag1,0.03718612296273927
1,0,0.3,GBM_4_AutoML_7_20260420_193538,cov_MUFL_lag1,1.686812881231308
1,0,0.3,GBM_4_AutoML_7_20260420_193538,cov_MULL_lag1,0.03604684316553172
1,0,0.3,GBM_4_AutoML_7_20260420_193538,cov_LUFL_lag1,0.08496432497166094
1,0,0.3,GBM_4_AutoML_7_20260420_193538,cov_LULL_lag1,0.029890788852644574
1,0,0.3,GBM_4_AutoML_7_20260420_193538,cov_OT_lag1,0.06573760096856854
1,0,0.3,GBM_4_AutoML_7_20260420_193538,hour_lag1,0.4350230745598674
1,0,0.3,GBM_4_AutoML_7_20260420_193538,day_of_week_lag1,0.0160958088363986
1,0,0.3,GBM_4_AutoML_7_20260420_193538,month_lag1,0.08561979958321896
1,0,0.3,GBM_4_AutoML_7_20260420_193538,month_sin,0.019765843453351365
1,0,0.3,GBM_4_AutoML_7_20260420_193538,month_cos,0.016047139610163824
1,0,0.3,GBM_4_AutoML_7_20260420_193538,year,0.1457657948764972
1,0,0.3,XGBoost_grid_1_AutoML_7_20260420_193538_model_5,target_lag1,2.5610086733102797
1,0,0.3,XGBoost_grid_1_AutoML_7_20260420_193538_model_5,target_lag2,0.4831060786289163
1,0,0.3,XGBoost_grid_1_AutoML_7_20260420_193538_model_5,target_lag3,0.15128398596425538
1,0,0.3,XGBoost_grid_1_AutoML_7_20260420_193538_model_5,target_lag4,0.07692314144223925
1,0,0.3,XGBoost_grid_1_AutoML_7_20260420_193538_model_5,target_lag5,0.10576547429140187
1,0,0.3,XGBoost_grid_1_AutoML_7_20260420_193538_model_5,target_lag6,0.10116695697419342
1,0,0.3,XGBoost_grid_1_AutoML_7_20260420_193538_model_5,cov_HULL_lag1,0.03160296724643554
1,0,0.3,XGBoost_grid_1_AutoML_7_20260420_193538_model_5,cov_MUFL_lag1,1.0394955010712146
1,0,0.3,XGBoost_grid_1_AutoML_7_20260420_193538_model_5,cov_MULL_lag1,0.04688331019133325
1,0,0.3,XGBoost_grid_1_AutoML_7_20260420_193538_model_5,cov_LUFL_lag1,0.06236987011274319
1,0,0.3,XGBoost_grid_1_AutoML_7_20260420_193538_model_5,cov_LULL_lag1,0.0400297515711281
1,0,0.3,XGBoost_grid_1_AutoML_7_20260420_193538_model_5,cov_OT_lag1,0.09977617341093716
1,0,0.3,XGBoost_grid_1_AutoML_7_20260420_193538_model_5,hour_lag1,0.4439286624873057
1,0,0.3,XGBoost_grid_1_AutoML_7_20260420_193538_model_5,day_of_week_lag1,0.016436863741837397
1,0,0.3,XGBoost_grid_1_AutoML_7_20260420_193538_model_5,month_lag1,0.06528349013799921
1,0,0.3,XGBoost_grid_1_AutoML_7_20260420_193538_model_5,month_sin,0.021456447831296785
1,0,0.3,XGBoost_grid_1_AutoML_7_20260420_193538_model_5,month_cos,0.006072241804795288
1,0,0.3,XGBoost_grid_1_AutoML_7_20260420_193538_model_5,year,0.12620152136776594
1,0,0.3,GBM_5_AutoML_7_20260420_193538,target_lag1,1.5427562163770199
1,0,0.3,GBM_5_AutoML_7_20260420_193538,target_lag2,0.9056787295639515
1,0,0.3,GBM_5_AutoML_7_20260420_193538,target_lag3,0.11193738987669345
1,0,0.3,GBM_5_AutoML_7_20260420_193538,target_lag4,0.07597232898464423
1,0,0.3,GBM_5_AutoML_7_20260420_193538,target_lag5,0.06304481586441392
1,0,0.3,GBM_5_AutoML_7_20260420_193538,target_lag6,0.06988255759119053
1,0,0.3,GBM_5_AutoML_7_20260420_193538,cov_HULL_lag1,0.024890535961021625
1,0,0.3,GBM_5_AutoML_7_20260420_193538,cov_MUFL_lag1,1.6954827733337878
1,0,0.3,GBM_5_AutoML_7_20260420_193538,cov_MULL_lag1,0.045988383349031166
1,0,0.3,GBM_5_AutoML_7_20260420_193538,cov_LUFL_lag1,0.1003290789457969
1,0,0.3,GBM_5_AutoML_7_20260420_193538,cov_LULL_lag1,0.029158215902862095
1,0,0.3,GBM_5_AutoML_7_20260420_193538,cov_OT_lag1,0.06216122272657227
1,0,0.3,GBM_5_AutoML_7_20260420_193538,hour_lag1,0.44078322587534785
1,0,0.3,GBM_5_AutoML_7_20260420_193538,day_of_week_lag1,0.010188606303418004
1,0,0.3,GBM_5_AutoML_7_20260420_193538,month_lag1,0.09706937979906793
1,0,0.3,GBM_5_AutoML_7_20260420_193538,month_sin,0.007446115381171657
1,0,0.3,GBM_5_AutoML_7_20260420_193538,month_cos,0.004824560343986327
1,0,0.3,GBM_5_AutoML_7_20260420_193538,year,0.06539568827021863
1,0,0.3,DRF_1_AutoML_7_20260420_193538,target_lag1,2.3315436965227128
1,0,0.3,DRF_1_AutoML_7_20260420_193538,target_lag2,1.5509510135650635
1,0,0.3,DRF_1_AutoML_7_20260420_193538,target_lag3,0.3740538151562214
1,0,0.3,DRF_1_AutoML_7_20260420_193538,target_lag4,0.15571803432889278
1,0,0.3,DRF_1_AutoML_7_20260420_193538,target_lag5,0.0920755739510059
1,0,0.3,DRF_1_AutoML_7_20260420_193538,target_lag6,0.05397128428332503
1,0,0.3,DRF_1_AutoML_7_20260420_193538,cov_HULL_lag1,0.03506926414876939
1,0,0.3,DRF_1_AutoML_7_20260420_193538,cov_MUFL_lag1,1.7794689095020295
1,0,0.3,DRF_1_AutoML_7_20260420_193538,cov_MULL_lag1,0.01879913426317212
1,0,0.3,DRF_1_AutoML_7_20260420_193538,cov_LUFL_lag1,0.06877811769489195
1,0,0.3,DRF_1_AutoML_7_20260420_193538,cov_LULL_lag1,0.06985196934881965
1,0,0.3,DRF_1_AutoML_7_20260420_193538,cov_OT_lag1,0.05745190922403705
1,0,0.3,DRF_1_AutoML_7_20260420_193538,hour_lag1,0.32193732195068153
1,0,0.3,DRF_1_AutoML_7_20260420_193538,day_of_week_lag1,0.01122807777370322
1,0,0.3,DRF_1_AutoML_7_20260420_193538,month_lag1,0.04660733105614776
1,0,0.3,DRF_1_AutoML_7_20260420_193538,month_sin,0.016872565741650712
1,0,0.3,DRF_1_AutoML_7_20260420_193538,month_cos,0.012157502881018398
1,0,0.3,DRF_1_AutoML_7_20260420_193538,year,0.11617383815348145
1,0,0.3,GBM_grid_1_AutoML_7_20260420_193538_model_1,target_lag1,1.504705919623375
1,0,0.3,GBM_grid_1_AutoML_7_20260420_193538_model_1,target_lag2,0.9458736719563603
1,0,0.3,GBM_grid_1_AutoML_7_20260420_193538_model_1,target_lag3,0.0858320283470675
1,0,0.3,GBM_grid_1_AutoML_7_20260420_193538_model_1,target_lag4,0.19445391502231357
1,0,0.3,GBM_grid_1_AutoML_7_20260420_193538_model_1,target_lag5,0.06624792006099592
1,0,0.3,GBM_grid_1_AutoML_7_20260420_193538_model_1,target_lag6,0.05276380502036769
1,0,0.3,GBM_grid_1_AutoML_7_20260420_193538_model_1,cov_HULL_lag1,0.13145708787254987
1,0,0.3,GBM_grid_1_AutoML_7_20260420_193538_model_1,cov_MUFL_lag1,1.2029657937586307
1,0,0.3,GBM_grid_1_AutoML_7_20260420_193538_model_1,cov_MULL_lag1,0.16233281244058162
1,0,0.3,GBM_grid_1_AutoML_7_20260420_193538_model_1,cov_LUFL_lag1,0.10026768168070699
1,0,0.3,GBM_grid_1_AutoML_7_20260420_193538_model_1,cov_LULL_lag1,0.05482377529609945
1,0,0.3,GBM_grid_1_AutoML_7_20260420_193538_model_1,cov_OT_lag1,0.045050534777983514
1,0,0.3,GBM_grid_1_AutoML_7_20260420_193538_model_1,hour_lag1,0.46338020399212837
1,0,0.3,GBM_grid_1_AutoML_7_20260420_193538_model_1,day_of_week_lag1,0.021574235733132763
1,0,0.3,GBM_grid_1_AutoML_7_20260420_193538_model_1,month_lag1,0.025962444516189818
1,0,0.3,GBM_grid_1_AutoML_7_20260420_193538_model_1,month_sin,0.02493687170463086
1,0,0.3,GBM_grid_1_AutoML_7_20260420_193538_model_1,month_cos,0.009338797111195108
1,0,0.3,GBM_grid_1_AutoML_7_20260420_193538_model_1,year,0.18024404221214346
1,0,0.3,XGBoost_3_AutoML_7_20260420_193538,target_lag1,2.329895888268948
1,0,0.3,XGBoost_3_AutoML_7_20260420_193538,target_lag2,0.39888701573014257
1,0,0.3,XGBoost_3_AutoML_7_20260420_193538,target_lag3,0.08447614194825288
1,0,0.3,XGBoost_3_AutoML_7_20260420_193538,target_lag4,0.05242865107487884
1,0,0.3,XGBoost_3_AutoML_7_20260420_193538,target_lag5,0.07283302377356446
1,0,0.3,XGBoost_3_AutoML_7_20260420_193538,target_lag6,0.10618280096387021
1,0,0.3,XGBoost_3_AutoML_7_20260420_193538,cov_HULL_lag1,0.04775358486571344
1,0,0.3,XGBoost_3_AutoML_7_20260420_193538,cov_MUFL_lag1,1.4892977893352508
1,0,0.3,XGBoost_3_AutoML_7_20260420_193538,cov_MULL_lag1,0.03200800823280584
1,0,0.3,XGBoost_3_AutoML_7_20260420_193538,cov_LUFL_lag1,0.09169165950268504
1,0,0.3,XGBoost_3_AutoML_7_20260420_193538,cov_LULL_lag1,0.03717694463091899
1,0,0.3,XGBoost_3_AutoML_7_20260420_193538,cov_OT_lag1,0.040396646991139235
1,0,0.3,XGBoost_3_AutoML_7_20260420_193538,hour_lag1,0.45278529688715935
1,0,0.3,XGBoost_3_AutoML_7_20260420_193538,day_of_week_lag1,0.006301002711406859
1,0,0.3,XGBoost_3_AutoML_7_20260420_193538,month_lag1,0.08478336935862896
1,0,0.3,XGBoost_3_AutoML_7_20260420_193538,month_sin,0.010235675331605276
1,0,0.3,XGBoost_3_AutoML_7_20260420_193538,month_cos,0.0005282425839686706
1,0,0.3,XGBoost_3_AutoML_7_20260420_193538,year,0.09613357752095904
1,0,0.3,XGBoost_grid_1_AutoML_7_20260420_193538_model_2,target_lag1,1.9903566049039363
1,0,0.3,XGBoost_grid_1_AutoML_7_20260420_193538_model_2,target_lag2,0.5216065469942986
1,0,0.3,XGBoost_grid_1_AutoML_7_20260420_193538_model_2,target_lag3,0.12375616206874834
1,0,0.3,XGBoost_grid_1_AutoML_7_20260420_193538_model_2,target_lag4,0.11460782966110852
1,0,0.3,XGBoost_grid_1_AutoML_7_20260420_193538_model_2,target_lag5,0.052653216434991885
1,0,0.3,XGBoost_grid_1_AutoML_7_20260420_193538_model_2,target_lag6,0.10559736290946599
1,0,0.3,XGBoost_grid_1_AutoML_7_20260420_193538_model_2,cov_HULL_lag1,0.055452598413103224
1,0,0.3,XGBoost_grid_1_AutoML_7_20260420_193538_model_2,cov_MUFL_lag1,1.694769599288702
1,0,0.3,XGBoost_grid_1_AutoML_7_20260420_193538_model_2,cov_MULL_lag1,0.05901526296511289
1,0,0.3,XGBoost_grid_1_AutoML_7_20260420_193538_model_2,cov_LUFL_lag1,0.096435156869702
1,0,0.3,XGBoost_grid_1_AutoML_7_20260420_193538_model_2,cov_LULL_lag1,0.04211708348360839
1,0,0.3,XGBoost_grid_1_AutoML_7_20260420_193538_model_2,cov_OT_lag1,0.1126394460862502
1,0,0.3,XGBoost_grid_1_AutoML_7_20260420_193538_model_2,hour_lag1,0.5117079010605812
1,0,0.3,XGBoost_grid_1_AutoML_7_20260420_193538_model_2,day_of_week_lag1,0.030594094086991354
1,0,0.3,XGBoost_grid_1_AutoML_7_20260420_193538_model_2,month_lag1,0.10952601491473611
1,0,0.3,XGBoost_grid_1_AutoML_7_20260420_193538_model_2,month_sin,0.02608149448235049
1,0,0.3,XGBoost_grid_1_AutoML_7_20260420_193538_model_2,month_cos,0.008893885734287283
1,0,0.3,XGBoost_grid_1_AutoML_7_20260420_193538_model_2,year,0.21907097507268192
1,0,0.3,XGBoost_grid_1_AutoML_7_20260420_193538_model_3,target_lag1,1.6829009819030762
1,0,0.3,XGBoost_grid_1_AutoML_7_20260420_193538_model_3,target_lag2,0.7866339668631553
1,0,0.3,XGBoost_grid_1_AutoML_7_20260420_193538_model_3,target_lag3,0.5329833555221558
1,0,0.3,XGBoost_grid_1_AutoML_7_20260420_193538_model_3,target_lag4,0.6506916123628617
1,0,0.3,XGBoost_grid_1_AutoML_7_20260420_193538_model_3,target_lag5,0.10856469176709649
1,0,0.3,XGBoost_grid_1_AutoML_7_20260420_193538_model_3,target_lag6,0.12951348103117194
1,0,0.3,XGBoost_grid_1_AutoML_7_20260420_193538_model_3,cov_HULL_lag1,0.061755355354398446
1,0,0.3,XGBoost_grid_1_AutoML_7_20260420_193538_model_3,cov_MUFL_lag1,0.934968785699457
1,0,0.3,XGBoost_grid_1_AutoML_7_20260420_193538_model_3,cov_MULL_lag1,0.03584923080779841
1,0,0.3,XGBoost_grid_1_AutoML_7_20260420_193538_model_3,cov_LUFL_lag1,0.10717456923506685
1,0,0.3,XGBoost_grid_1_AutoML_7_20260420_193538_model_3,cov_LULL_lag1,0.029855411617572783
1,0,0.3,XGBoost_grid_1_AutoML_7_20260420_193538_model_3,cov_OT_lag1,0.07239605844952163
1,0,0.3,XGBoost_grid_1_AutoML_7_20260420_193538_model_3,hour_lag1,0.4187115651369095
1,0,0.3,XGBoost_grid_1_AutoML_7_20260420_193538_model_3,day_of_week_lag1,0.013105811609711922
1,0,0.3,XGBoost_grid_1_AutoML_7_20260420_193538_model_3,month_lag1,0.09974501528311518
1,0,0.3,XGBoost_grid_1_AutoML_7_20260420_193538_model_3,month_sin,0.012355262322816953
1,0,0.3,XGBoost_grid_1_AutoML_7_20260420_193538_model_3,month_cos,0.016166688658267925
1,0,0.3,XGBoost_grid_1_AutoML_7_20260420_193538_model_3,year,0.11134752874262627
1,0,0.3,GLM_1_AutoML_7_20260420_193538,target_lag1,2.569128798143713
1,0,0.3,GLM_1_AutoML_7_20260420_193538,target_lag2,1.135791643866567
1,0,0.3,GLM_1_AutoML_7_20260420_193538,target_lag3,0.4901573688387502
1,0,0.3,GLM_1_AutoML_7_20260420_193538,target_lag4,0.11936077206431399
1,0,0.3,GLM_1_AutoML_7_20260420_193538,target_lag5,0.323526276082219
1,0,0.3,GLM_1_AutoML_7_20260420_193538,target_lag6,0.5269141790027055
1,0,0.3,GLM_1_AutoML_7_20260420_193538,cov_HULL_lag1,0.10844471057306411
1,0,0.3,GLM_1_AutoML_7_20260420_193538,cov_MUFL_lag1,0.7426309797150508
1,0,0.3,GLM_1_AutoML_7_20260420_193538,cov_MULL_lag1,0.1374042972028507
1,0,0.3,GLM_1_AutoML_7_20260420_193538,cov_LUFL_lag1,0.015730635881019136
1,0,0.3,GLM_1_AutoML_7_20260420_193538,cov_LULL_lag1,0.02416664778199459
1,0,0.3,GLM_1_AutoML_7_20260420_193538,cov_OT_lag1,0.20466466991670743
1,0,0.3,GLM_1_AutoML_7_20260420_193538,hour_lag1,0.16464640512481274
1,0,0.3,GLM_1_AutoML_7_20260420_193538,day_of_week_lag1,0.006511168951120567
1,0,0.3,GLM_1_AutoML_7_20260420_193538,month_lag1,0.0436333769161325
1,0,0.3,GLM_1_AutoML_7_20260420_193538,month_sin,0.0062887807199099146
1,0,0.3,GLM_1_AutoML_7_20260420_193538,month_cos,0.002635812016014859
1,0,0.3,GLM_1_AutoML_7_20260420_193538,year,0.28321918174066146
1,0,0.3,XGBoost_grid_1_AutoML_7_20260420_193538_model_1,target_lag1,1.9705590932071209
1,0,0.3,XGBoost_grid_1_AutoML_7_20260420_193538_model_1,target_lag2,0.2700682785967365
1,0,0.3,XGBoost_grid_1_AutoML_7_20260420_193538_model_1,target_lag3,0.1311627305112779
1,0,0.3,XGBoost_grid_1_AutoML_7_20260420_193538_model_1,target_lag4,0.06674204698763783
1,0,0.3,XGBoost_grid_1_AutoML_7_20260420_193538_model_1,target_lag5,0.08488772585056718
1,0,0.3,XGBoost_grid_1_AutoML_7_20260420_193538_model_1,target_lag6,0.08278415430384481
1,0,0.3,XGBoost_grid_1_AutoML_7_20260420_193538_model_1,cov_HULL_lag1,0.04714331602212038
1,0,0.3,XGBoost_grid_1_AutoML_7_20260420_193538_model_1,cov_MUFL_lag1,2.176277707666159
1,0,0.3,XGBoost_grid_1_AutoML_7_20260420_193538_model_1,cov_MULL_lag1,0.047803975541610234
1,0,0.3,XGBoost_grid_1_AutoML_7_20260420_193538_model_1,cov_LUFL_lag1,0.07074891745462078
1,0,0.3,XGBoost_grid_1_AutoML_7_20260420_193538_model_1,cov_LULL_lag1,0.03836530576634683
1,0,0.3,XGBoost_grid_1_AutoML_7_20260420_193538_model_1,cov_OT_lag1,0.10439154145307836
1,0,0.3,XGBoost_grid_1_AutoML_7_20260420_193538_model_1,hour_lag1,0.5629007280245424
1,0,0.3,XGBoost_grid_1_AutoML_7_20260420_193538_model_1,day_of_week_lag1,0.027531291850609662
1,0,0.3,XGBoost_grid_1_AutoML_7_20260420_193538_model_1,month_lag1,0.05701476740185167
1,0,0.3,XGBoost_grid_1_AutoML_7_20260420_193538_model_1,month_sin,0.035561978783225597
1,0,0.3,XGBoost_grid_1_AutoML_7_20260420_193538_model_1,month_cos,0.016863851716043387
1,0,0.3,XGBoost_grid_1_AutoML_7_20260420_193538_model_1,year,0.18008669665083288
1,0,0.3,XGBoost_grid_1_AutoML_7_20260420_193538_model_4,target_lag1,2.054227504506707
1,0,0.3,XGBoost_grid_1_AutoML_7_20260420_193538_model_4,target_lag2,0.4303868767723907
1,0,0.3,XGBoost_grid_1_AutoML_7_20260420_193538_model_4,target_lag3,0.09633286485215646
1,0,0.3,XGBoost_grid_1_AutoML_7_20260420_193538_model_4,target_lag4,0.1075860024685971
1,0,0.3,XGBoost_grid_1_AutoML_7_20260420_193538_model_4,target_lag5,0.08074727569561216
1,0,0.3,XGBoost_grid_1_AutoML_7_20260420_193538_model_4,target_lag6,0.132323445372167
1,0,0.3,XGBoost_grid_1_AutoML_7_20260420_193538_model_4,cov_HULL_lag1,0.06074081620667126
1,0,0.3,XGBoost_grid_1_AutoML_7_20260420_193538_model_4,cov_MUFL_lag1,1.7109962487220765
1,0,0.3,XGBoost_grid_1_AutoML_7_20260420_193538_model_4,cov_MULL_lag1,0.08261201404966409
1,0,0.3,XGBoost_grid_1_AutoML_7_20260420_193538_model_4,cov_LUFL_lag1,0.09978305748314593
1,0,0.3,XGBoost_grid_1_AutoML_7_20260420_193538_model_4,cov_LULL_lag1,0.06778259416474608
1,0,0.3,XGBoost_grid_1_AutoML_7_20260420_193538_model_4,cov_OT_lag1,0.2056268209964037
1,0,0.3,XGBoost_grid_1_AutoML_7_20260420_193538_model_4,hour_lag1,0.5288765411730856
1,0,0.3,XGBoost_grid_1_AutoML_7_20260420_193538_model_4,day_of_week_lag1,0.04448641354218122
1,0,0.3,XGBoost_grid_1_AutoML_7_20260420_193538_model_4,month_lag1,0.06560570000205185
1,0,0.3,XGBoost_grid_1_AutoML_7_20260420_193538_model_4,month_sin,0.04264516220544461
1,0,0.3,XGBoost_grid_1_AutoML_7_20260420_193538_model_4,month_cos,0.02149111791877654
1,0,0.3,XGBoost_grid_1_AutoML_7_20260420_193538_model_4,year,0.2159030043706298
1,0,0.3,XGBoost_1_AutoML_7_20260420_193538,target_lag1,1.5547450152039528
1,0,0.3,XGBoost_1_AutoML_7_20260420_193538,target_lag2,0.8982408593595028
1,0,0.3,XGBoost_1_AutoML_7_20260420_193538,target_lag3,0.11559386542998251
1,0,0.3,XGBoost_1_AutoML_7_20260420_193538,target_lag4,0.11320003606611859
1,0,0.3,XGBoost_1_AutoML_7_20260420_193538,target_lag5,0.1048020056961104
1,0,0.3,XGBoost_1_AutoML_7_20260420_193538,target_lag6,0.1250091425841674
1,0,0.3,XGBoost_1_AutoML_7_20260420_193538,cov_HULL_lag1,0.076862924931338
1,0,0.3,XGBoost_1_AutoML_7_20260420_193538,cov_MUFL_lag1,1.741675677895546
1,0,0.3,XGBoost_1_AutoML_7_20260420_193538,cov_MULL_lag1,0.08779789576539766
1,0,0.3,XGBoost_1_AutoML_7_20260420_193538,cov_LUFL_lag1,0.09491785535588856
1,0,0.3,XGBoost_1_AutoML_7_20260420_193538,cov_LULL_lag1,0.08036726520396766
1,0,0.3,XGBoost_1_AutoML_7_20260420_193538,cov_OT_lag1,0.11782474073042973
1,0,0.3,XGBoost_1_AutoML_7_20260420_193538,hour_lag1,0.4951826101820916
1,0,0.3,XGBoost_1_AutoML_7_20260420_193538,day_of_week_lag1,0.03148160003591324
1,0,0.3,XGBoost_1_AutoML_7_20260420_193538,month_lag1,0.08586317905923348
1,0,0.3,XGBoost_1_AutoML_7_20260420_193538,month_sin,0.04538082632352593
1,0,0.3,XGBoost_1_AutoML_7_20260420_193538,month_cos,0.032524297109339344
1,0,0.3,XGBoost_1_AutoML_7_20260420_193538,year,0.2675406692363322
1,0,0.3,XGBoost_2_AutoML_7_20260420_193538,target_lag1,1.7633301873132587
1,0,0.3,XGBoost_2_AutoML_7_20260420_193538,target_lag2,0.4464051640406251
1,0,0.3,XGBoost_2_AutoML_7_20260420_193538,target_lag3,0.14199660179729107
1,0,0.3,XGBoost_2_AutoML_7_20260420_193538,target_lag4,0.09972623383626339
1,0,0.3,XGBoost_2_AutoML_7_20260420_193538,target_lag5,0.09337790343910451
1,0,0.3,XGBoost_2_AutoML_7_20260420_193538,target_lag6,0.09747384155169125
1,0,0.3,XGBoost_2_AutoML_7_20260420_193538,cov_HULL_lag1,0.07487423109821971
1,0,0.3,XGBoost_2_AutoML_7_20260420_193538,cov_MUFL_lag1,2.0006293630599976
1,0,0.3,XGBoost_2_AutoML_7_20260420_193538,cov_MULL_lag1,0.08615368070546534
1,0,0.3,XGBoost_2_AutoML_7_20260420_193538,cov_LUFL_lag1,0.117065939635504
1,0,0.3,XGBoost_2_AutoML_7_20260420_193538,cov_LULL_lag1,0.04432940202299501
1,0,0.3,XGBoost_2_AutoML_7_20260420_193538,cov_OT_lag1,0.10154055635255642
1,0,0.3,XGBoost_2_AutoML_7_20260420_193538,hour_lag1,0.5059290504502133
1,0,0.3,XGBoost_2_AutoML_7_20260420_193538,day_of_week_lag1,0.02878817740653172
1,0,0.3,XGBoost_2_AutoML_7_20260420_193538,month_lag1,0.0759283512702677
1,0,0.3,XGBoost_2_AutoML_7_20260420_193538,month_sin,0.03954234202741642
1,0,0.3,XGBoost_2_AutoML_7_20260420_193538,month_cos,0.028965497601311608
1,0,0.3,XGBoost_2_AutoML_7_20260420_193538,year,0.29292615320533516
2,0,0.02,GBM_grid_1_AutoML_10_20260420_194217_model_2,target_lag1,3.6993858269788324
2,0,0.02,GBM_grid_1_AutoML_10_20260420_194217_model_2,target_lag2,0.5503305499255657
2,0,0.02,GBM_grid_1_AutoML_10_20260420_194217_model_2,target_lag3,0.20119871669681744
2,0,0.02,GBM_grid_1_AutoML_10_20260420_194217_model_2,target_lag4,0.03954411898041139
2,0,0.02,GBM_grid_1_AutoML_10_20260420_194217_model_2,target_lag5,0.0659825200703926
2,0,0.02,GBM_grid_1_AutoML_10_20260420_194217_model_2,target_lag6,0.0720678065961692
2,0,0.02,GBM_grid_1_AutoML_10_20260420_194217_model_2,cov_HULL_lag1,0.04772486038971687
2,0,0.02,GBM_grid_1_AutoML_10_20260420_194217_model_2,cov_MUFL_lag1,1.6850961674749851
2,0,0.02,GBM_grid_1_AutoML_10_20260420_194217_model_2,cov_MULL_lag1,0.048387268465012276
2,0,0.02,GBM_grid_1_AutoML_10_20260420_194217_model_2,cov_LUFL_lag1,0.07050530897919084
2,0,0.02,GBM_grid_1_AutoML_10_20260420_194217_model_2,cov_LULL_lag1,0.024950586989871182
2,0,0.02,GBM_grid_1_AutoML_10_20260420_194217_model_2,cov_OT_lag1,0.04283682523062447
2,0,0.02,GBM_grid_1_AutoML_10_20260420_194217_model_2,hour_lag1,0.5897341439500451
2,0,0.02,GBM_grid_1_AutoML_10_20260420_194217_model_2,day_of_week_lag1,0.013219493634533095
2,0,0.02,GBM_grid_1_AutoML_10_20260420_194217_model_2,month_lag1,0.06863179398700592
2,0,0.02,GBM_grid_1_AutoML_10_20260420_194217_model_2,month_sin,0.013503788452362595
2,0,0.02,GBM_grid_1_AutoML_10_20260420_194217_model_2,month_cos,0.019781823563680478
2,0,0.02,GBM_grid_1_AutoML_10_20260420_194217_model_2,year,0.11141694205813106
2,0,0.02,GBM_3_AutoML_10_20260420_194217,target_lag1,2.7752959402278066
2,0,0.02,GBM_3_AutoML_10_20260420_194217,target_lag2,1.0006403547339142
2,0,0.02,GBM_3_AutoML_10_20260420_194217,target_lag3,0.17523930427851156
2,0,0.02,GBM_3_AutoML_10_20260420_194217,target_lag4,0.04210748891753606
2,0,0.02,GBM_3_AutoML_10_20260420_194217,target_lag5,0.08476694712298917
2,0,0.02,GBM_3_AutoML_10_20260420_194217,target_lag6,0.08242830988252532
2,0,0.02,GBM_3_AutoML_10_20260420_194217,cov_HULL_lag1,0.04154488661093633
2,0,0.02,GBM_3_AutoML_10_20260420_194217,cov_MUFL_lag1,2.0220541011937896
2,0,0.02,GBM_3_AutoML_10_20260420_194217,cov_MULL_lag1,0.04708514553960409
2,0,0.02,GBM_3_AutoML_10_20260420_194217,cov_LUFL_lag1,0.10164433762896802
2,0,0.02,GBM_3_AutoML_10_20260420_194217,cov_LULL_lag1,0.02647153028519819
2,0,0.02,GBM_3_AutoML_10_20260420_194217,cov_OT_lag1,0.06438368519186038
2,0,0.02,GBM_3_AutoML_10_20260420_194217,hour_lag1,0.5878745530545711
2,0,0.02,GBM_3_AutoML_10_20260420_194217,day_of_week_lag1,0.011820920755126236
2,0,0.02,GBM_3_AutoML_10_20260420_194217,month_lag1,0.04691814127843823
2,0,0.02,GBM_3_AutoML_10_20260420_194217,month_sin,0.010968193870503415
2,0,0.02,GBM_3_AutoML_10_20260420_194217,month_cos,0.014129010684991904
2,0,0.02,GBM_3_AutoML_10_20260420_194217,year,0.1499206349399173
2,0,0.05,GBM_grid_1_AutoML_10_20260420_194217_model_2,target_lag1,3.6993858269788324
2,0,0.05,GBM_grid_1_AutoML_10_20260420_194217_model_2,target_lag2,0.5503305499255657
2,0,0.05,GBM_grid_1_AutoML_10_20260420_194217_model_2,target_lag3,0.20119871669681744
2,0,0.05,GBM_grid_1_AutoML_10_20260420_194217_model_2,target_lag4,0.03954411898041139
2,0,0.05,GBM_grid_1_AutoML_10_20260420_194217_model_2,target_lag5,0.0659825200703926
2,0,0.05,GBM_grid_1_AutoML_10_20260420_194217_model_2,target_lag6,0.0720678065961692
2,0,0.05,GBM_grid_1_AutoML_10_20260420_194217_model_2,cov_HULL_lag1,0.04772486038971687
2,0,0.05,GBM_grid_1_AutoML_10_20260420_194217_model_2,cov_MUFL_lag1,1.6850961674749851
2,0,0.05,GBM_grid_1_AutoML_10_20260420_194217_model_2,cov_MULL_lag1,0.048387268465012276
2,0,0.05,GBM_grid_1_AutoML_10_20260420_194217_model_2,cov_LUFL_lag1,0.07050530897919084
2,0,0.05,GBM_grid_1_AutoML_10_20260420_194217_model_2,cov_LULL_lag1,0.024950586989871182
2,0,0.05,GBM_grid_1_AutoML_10_20260420_194217_model_2,cov_OT_lag1,0.04283682523062447
2,0,0.05,GBM_grid_1_AutoML_10_20260420_194217_model_2,hour_lag1,0.5897341439500451
2,0,0.05,GBM_grid_1_AutoML_10_20260420_194217_model_2,day_of_week_lag1,0.013219493634533095
2,0,0.05,GBM_grid_1_AutoML_10_20260420_194217_model_2,month_lag1,0.06863179398700592
2,0,0.05,GBM_grid_1_AutoML_10_20260420_194217_model_2,month_sin,0.013503788452362595
2,0,0.05,GBM_grid_1_AutoML_10_20260420_194217_model_2,month_cos,0.019781823563680478
2,0,0.05,GBM_grid_1_AutoML_10_20260420_194217_model_2,year,0.11141694205813106
2,0,0.05,GBM_3_AutoML_10_20260420_194217,target_lag1,2.7752959402278066
2,0,0.05,GBM_3_AutoML_10_20260420_194217,target_lag2,1.0006403547339142
2,0,0.05,GBM_3_AutoML_10_20260420_194217,target_lag3,0.17523930427851156
2,0,0.05,GBM_3_AutoML_10_20260420_194217,target_lag4,0.04210748891753606
2,0,0.05,GBM_3_AutoML_10_20260420_194217,target_lag5,0.08476694712298917
2,0,0.05,GBM_3_AutoML_10_20260420_194217,target_lag6,0.08242830988252532
2,0,0.05,GBM_3_AutoML_10_20260420_194217,cov_HULL_lag1,0.04154488661093633
2,0,0.05,GBM_3_AutoML_10_20260420_194217,cov_MUFL_lag1,2.0220541011937896
2,0,0.05,GBM_3_AutoML_10_20260420_194217,cov_MULL_lag1,0.04708514553960409
2,0,0.05,GBM_3_AutoML_10_20260420_194217,cov_LUFL_lag1,0.10164433762896802
2,0,0.05,GBM_3_AutoML_10_20260420_194217,cov_LULL_lag1,0.02647153028519819
2,0,0.05,GBM_3_AutoML_10_20260420_194217,cov_OT_lag1,0.06438368519186038
2,0,0.05,GBM_3_AutoML_10_20260420_194217,hour_lag1,0.5878745530545711
2,0,0.05,GBM_3_AutoML_10_20260420_194217,day_of_week_lag1,0.011820920755126236
2,0,0.05,GBM_3_AutoML_10_20260420_194217,month_lag1,0.04691814127843823
2,0,0.05,GBM_3_AutoML_10_20260420_194217,month_sin,0.010968193870503415
2,0,0.05,GBM_3_AutoML_10_20260420_194217,month_cos,0.014129010684991904
2,0,0.05,GBM_3_AutoML_10_20260420_194217,year,0.1499206349399173
2,0,0.05,GBM_1_AutoML_10_20260420_194217,target_lag1,2.9503915977478026
2,0,0.05,GBM_1_AutoML_10_20260420_194217,target_lag2,0.6893313520681112
2,0,0.05,GBM_1_AutoML_10_20260420_194217,target_lag3,0.2333163570857141
2,0,0.05,GBM_1_AutoML_10_20260420_194217,target_lag4,0.13032356532290573
2,0,0.05,GBM_1_AutoML_10_20260420_194217,target_lag5,0.062189457574859226
2,0,0.05,GBM_1_AutoML_10_20260420_194217,target_lag6,0.06253743316512551
2,0,0.05,GBM_1_AutoML_10_20260420_194217,cov_HULL_lag1,0.04222358531784261
2,0,0.05,GBM_1_AutoML_10_20260420_194217,cov_MUFL_lag1,2.0889643067866563
2,0,0.05,GBM_1_AutoML_10_20260420_194217,cov_MULL_lag1,0.033462542643683216
2,0,0.05,GBM_1_AutoML_10_20260420_194217,cov_LUFL_lag1,0.06627762880758378
2,0,0.05,GBM_1_AutoML_10_20260420_194217,cov_LULL_lag1,0.02356458088412178
2,0,0.05,GBM_1_AutoML_10_20260420_194217,cov_OT_lag1,0.04312186601120626
2,0,0.05,GBM_1_AutoML_10_20260420_194217,hour_lag1,0.5564875747595215
2,0,0.05,GBM_1_AutoML_10_20260420_194217,day_of_week_lag1,0.01564987987279886
2,0,0.05,GBM_1_AutoML_10_20260420_194217,month_lag1,0.05925478578545149
2,0,0.05,GBM_1_AutoML_10_20260420_194217,month_sin,0.013743307528784445
2,0,0.05,GBM_1_AutoML_10_20260420_194217,month_cos,0.014445209923433098
2,0,0.05,GBM_1_AutoML_10_20260420_194217,year,0.08797452835366126
2,0,0.05,GBM_2_AutoML_10_20260420_194217,target_lag1,3.0016585412621497
2,0,0.05,GBM_2_AutoML_10_20260420_194217,target_lag2,0.6558724579028785
2,0,0.05,GBM_2_AutoML_10_20260420_194217,target_lag3,0.19410916728316807
2,0,0.05,GBM_2_AutoML_10_20260420_194217,target_lag4,0.03827554651303212
2,0,0.05,GBM_2_AutoML_10_20260420_194217,target_lag5,0.1181129074376076
2,0,0.05,GBM_2_AutoML_10_20260420_194217,target_lag6,0.09457106446381655
2,0,0.05,GBM_2_AutoML_10_20260420_194217,cov_HULL_lag1,0.032506203392986155
2,0,0.05,GBM_2_AutoML_10_20260420_194217,cov_MUFL_lag1,2.111029949858785
2,0,0.05,GBM_2_AutoML_10_20260420_194217,cov_MULL_lag1,0.042942157703801005
2,0,0.05,GBM_2_AutoML_10_20260420_194217,cov_LUFL_lag1,0.09869901649653907
2,0,0.05,GBM_2_AutoML_10_20260420_194217,cov_LULL_lag1,0.02090241657861038
2,0,0.05,GBM_2_AutoML_10_20260420_194217,cov_OT_lag1,0.03868403245694931
2,0,0.05,GBM_2_AutoML_10_20260420_194217,hour_lag1,0.5758963345363736
2,0,0.05,GBM_2_AutoML_10_20260420_194217,day_of_week_lag1,0.014579128685872968
2,0,0.05,GBM_2_AutoML_10_20260420_194217,month_lag1,0.04290520598879079
2,0,0.05,GBM_2_AutoML_10_20260420_194217,month_sin,0.009179616452602169
2,0,0.05,GBM_2_AutoML_10_20260420_194217,month_cos,0.004752319895778735
2,0,0.05,GBM_2_AutoML_10_20260420_194217,year,0.13380703049246218
2,0,0.05,GBM_grid_1_AutoML_10_20260420_194217_model_3,target_lag1,2.1729733458161355
2,0,0.05,GBM_grid_1_AutoML_10_20260420_194217_model_3,target_lag2,1.2377236453816294
2,0,0.05,GBM_grid_1_AutoML_10_20260420_194217_model_3,target_lag3,0.5631974853388965
2,0,0.05,GBM_grid_1_AutoML_10_20260420_194217_model_3,target_lag4,0.5154032924771309
2,0,0.05,GBM_grid_1_AutoML_10_20260420_194217_model_3,target_lag5,0.05821500460384408
2,0,0.05,GBM_grid_1_AutoML_10_20260420_194217_model_3,target_lag6,0.07140906265471127
2,0,0.05,GBM_grid_1_AutoML_10_20260420_194217_model_3,cov_HULL_lag1,0.0490740543149877
2,0,0.05,GBM_grid_1_AutoML_10_20260420_194217_model_3,cov_MUFL_lag1,1.4331170845031738
2,0,0.05,GBM_grid_1_AutoML_10_20260420_194217_model_3,cov_MULL_lag1,0.0406431909196544
2,0,0.05,GBM_grid_1_AutoML_10_20260420_194217_model_3,cov_LUFL_lag1,0.19631134435534478
2,0,0.05,GBM_grid_1_AutoML_10_20260420_194217_model_3,cov_LULL_lag1,0.0317649327544495
2,0,0.05,GBM_grid_1_AutoML_10_20260420_194217_model_3,cov_OT_lag1,0.04717448562500064
2,0,0.05,GBM_grid_1_AutoML_10_20260420_194217_model_3,hour_lag1,0.6367222463805229
2,0,0.05,GBM_grid_1_AutoML_10_20260420_194217_model_3,day_of_week_lag1,0.012874796832365934
2,0,0.05,GBM_grid_1_AutoML_10_20260420_194217_model_3,month_lag1,0.05927842478035014
2,0,0.05,GBM_grid_1_AutoML_10_20260420_194217_model_3,month_sin,0.014724052429664833
2,0,0.05,GBM_grid_1_AutoML_10_20260420_194217_model_3,month_cos,0.012715410143791768
2,0,0.05,GBM_grid_1_AutoML_10_20260420_194217_model_3,year,0.13076179412193592
2,0,0.1,GBM_grid_1_AutoML_10_20260420_194217_model_2,target_lag1,3.6993858269788324
2,0,0.1,GBM_grid_1_AutoML_10_20260420_194217_model_2,target_lag2,0.5503305499255657
2,0,0.1,GBM_grid_1_AutoML_10_20260420_194217_model_2,target_lag3,0.20119871669681744
2,0,0.1,GBM_grid_1_AutoML_10_20260420_194217_model_2,target_lag4,0.03954411898041139
2,0,0.1,GBM_grid_1_AutoML_10_20260420_194217_model_2,target_lag5,0.0659825200703926
2,0,0.1,GBM_grid_1_AutoML_10_20260420_194217_model_2,target_lag6,0.0720678065961692
2,0,0.1,GBM_grid_1_AutoML_10_20260420_194217_model_2,cov_HULL_lag1,0.04772486038971687
2,0,0.1,GBM_grid_1_AutoML_10_20260420_194217_model_2,cov_MUFL_lag1,1.6850961674749851
2,0,0.1,GBM_grid_1_AutoML_10_20260420_194217_model_2,cov_MULL_lag1,0.048387268465012276
2,0,0.1,GBM_grid_1_AutoML_10_20260420_194217_model_2,cov_LUFL_lag1,0.07050530897919084
2,0,0.1,GBM_grid_1_AutoML_10_20260420_194217_model_2,cov_LULL_lag1,0.024950586989871182
2,0,0.1,GBM_grid_1_AutoML_10_20260420_194217_model_2,cov_OT_lag1,0.04283682523062447
2,0,0.1,GBM_grid_1_AutoML_10_20260420_194217_model_2,hour_lag1,0.5897341439500451
2,0,0.1,GBM_grid_1_AutoML_10_20260420_194217_model_2,day_of_week_lag1,0.013219493634533095
2,0,0.1,GBM_grid_1_AutoML_10_20260420_194217_model_2,month_lag1,0.06863179398700592
2,0,0.1,GBM_grid_1_AutoML_10_20260420_194217_model_2,month_sin,0.013503788452362595
2,0,0.1,GBM_grid_1_AutoML_10_20260420_194217_model_2,month_cos,0.019781823563680478
2,0,0.1,GBM_grid_1_AutoML_10_20260420_194217_model_2,year,0.11141694205813106
2,0,0.1,GBM_3_AutoML_10_20260420_194217,target_lag1,2.7752959402278066
2,0,0.1,GBM_3_AutoML_10_20260420_194217,target_lag2,1.0006403547339142
2,0,0.1,GBM_3_AutoML_10_20260420_194217,target_lag3,0.17523930427851156
2,0,0.1,GBM_3_AutoML_10_20260420_194217,target_lag4,0.04210748891753606
2,0,0.1,GBM_3_AutoML_10_20260420_194217,target_lag5,0.08476694712298917
2,0,0.1,GBM_3_AutoML_10_20260420_194217,target_lag6,0.08242830988252532
2,0,0.1,GBM_3_AutoML_10_20260420_194217,cov_HULL_lag1,0.04154488661093633
2,0,0.1,GBM_3_AutoML_10_20260420_194217,cov_MUFL_lag1,2.0220541011937896
2,0,0.1,GBM_3_AutoML_10_20260420_194217,cov_MULL_lag1,0.04708514553960409
2,0,0.1,GBM_3_AutoML_10_20260420_194217,cov_LUFL_lag1,0.10164433762896802
2,0,0.1,GBM_3_AutoML_10_20260420_194217,cov_LULL_lag1,0.02647153028519819
2,0,0.1,GBM_3_AutoML_10_20260420_194217,cov_OT_lag1,0.06438368519186038
2,0,0.1,GBM_3_AutoML_10_20260420_194217,hour_lag1,0.5878745530545711
2,0,0.1,GBM_3_AutoML_10_20260420_194217,day_of_week_lag1,0.011820920755126236
2,0,0.1,GBM_3_AutoML_10_20260420_194217,month_lag1,0.04691814127843823
2,0,0.1,GBM_3_AutoML_10_20260420_194217,month_sin,0.010968193870503415
2,0,0.1,GBM_3_AutoML_10_20260420_194217,month_cos,0.014129010684991904
2,0,0.1,GBM_3_AutoML_10_20260420_194217,year,0.1499206349399173
2,0,0.1,GBM_1_AutoML_10_20260420_194217,target_lag1,2.9503915977478026
2,0,0.1,GBM_1_AutoML_10_20260420_194217,target_lag2,0.6893313520681112
2,0,0.1,GBM_1_AutoML_10_20260420_194217,target_lag3,0.2333163570857141
2,0,0.1,GBM_1_AutoML_10_20260420_194217,target_lag4,0.13032356532290573
2,0,0.1,GBM_1_AutoML_10_20260420_194217,target_lag5,0.062189457574859226
2,0,0.1,GBM_1_AutoML_10_20260420_194217,target_lag6,0.06253743316512551
2,0,0.1,GBM_1_AutoML_10_20260420_194217,cov_HULL_lag1,0.04222358531784261
2,0,0.1,GBM_1_AutoML_10_20260420_194217,cov_MUFL_lag1,2.0889643067866563
2,0,0.1,GBM_1_AutoML_10_20260420_194217,cov_MULL_lag1,0.033462542643683216
2,0,0.1,GBM_1_AutoML_10_20260420_194217,cov_LUFL_lag1,0.06627762880758378
2,0,0.1,GBM_1_AutoML_10_20260420_194217,cov_LULL_lag1,0.02356458088412178
2,0,0.1,GBM_1_AutoML_10_20260420_194217,cov_OT_lag1,0.04312186601120626
2,0,0.1,GBM_1_AutoML_10_20260420_194217,hour_lag1,0.5564875747595215
2,0,0.1,GBM_1_AutoML_10_20260420_194217,day_of_week_lag1,0.01564987987279886
2,0,0.1,GBM_1_AutoML_10_20260420_194217,month_lag1,0.05925478578545149
2,0,0.1,GBM_1_AutoML_10_20260420_194217,month_sin,0.013743307528784445
2,0,0.1,GBM_1_AutoML_10_20260420_194217,month_cos,0.014445209923433098
2,0,0.1,GBM_1_AutoML_10_20260420_194217,year,0.08797452835366126
2,0,0.1,GBM_2_AutoML_10_20260420_194217,target_lag1,3.0016585412621497
2,0,0.1,GBM_2_AutoML_10_20260420_194217,target_lag2,0.6558724579028785
2,0,0.1,GBM_2_AutoML_10_20260420_194217,target_lag3,0.19410916728316807
2,0,0.1,GBM_2_AutoML_10_20260420_194217,target_lag4,0.03827554651303212
2,0,0.1,GBM_2_AutoML_10_20260420_194217,target_lag5,0.1181129074376076
2,0,0.1,GBM_2_AutoML_10_20260420_194217,target_lag6,0.09457106446381655
2,0,0.1,GBM_2_AutoML_10_20260420_194217,cov_HULL_lag1,0.032506203392986155
2,0,0.1,GBM_2_AutoML_10_20260420_194217,cov_MUFL_lag1,2.111029949858785
2,0,0.1,GBM_2_AutoML_10_20260420_194217,cov_MULL_lag1,0.042942157703801005
2,0,0.1,GBM_2_AutoML_10_20260420_194217,cov_LUFL_lag1,0.09869901649653907
2,0,0.1,GBM_2_AutoML_10_20260420_194217,cov_LULL_lag1,0.02090241657861038
2,0,0.1,GBM_2_AutoML_10_20260420_194217,cov_OT_lag1,0.03868403245694931
2,0,0.1,GBM_2_AutoML_10_20260420_194217,hour_lag1,0.5758963345363736
2,0,0.1,GBM_2_AutoML_10_20260420_194217,day_of_week_lag1,0.014579128685872968
2,0,0.1,GBM_2_AutoML_10_20260420_194217,month_lag1,0.04290520598879079
2,0,0.1,GBM_2_AutoML_10_20260420_194217,month_sin,0.009179616452602169
2,0,0.1,GBM_2_AutoML_10_20260420_194217,month_cos,0.004752319895778735
2,0,0.1,GBM_2_AutoML_10_20260420_194217,year,0.13380703049246218
2,0,0.1,GBM_grid_1_AutoML_10_20260420_194217_model_3,target_lag1,2.1729733458161355
2,0,0.1,GBM_grid_1_AutoML_10_20260420_194217_model_3,target_lag2,1.2377236453816294
2,0,0.1,GBM_grid_1_AutoML_10_20260420_194217_model_3,target_lag3,0.5631974853388965
2,0,0.1,GBM_grid_1_AutoML_10_20260420_194217_model_3,target_lag4,0.5154032924771309
2,0,0.1,GBM_grid_1_AutoML_10_20260420_194217_model_3,target_lag5,0.05821500460384408
2,0,0.1,GBM_grid_1_AutoML_10_20260420_194217_model_3,target_lag6,0.07140906265471127
2,0,0.1,GBM_grid_1_AutoML_10_20260420_194217_model_3,cov_HULL_lag1,0.0490740543149877
2,0,0.1,GBM_grid_1_AutoML_10_20260420_194217_model_3,cov_MUFL_lag1,1.4331170845031738
2,0,0.1,GBM_grid_1_AutoML_10_20260420_194217_model_3,cov_MULL_lag1,0.0406431909196544
2,0,0.1,GBM_grid_1_AutoML_10_20260420_194217_model_3,cov_LUFL_lag1,0.19631134435534478
2,0,0.1,GBM_grid_1_AutoML_10_20260420_194217_model_3,cov_LULL_lag1,0.0317649327544495
2,0,0.1,GBM_grid_1_AutoML_10_20260420_194217_model_3,cov_OT_lag1,0.04717448562500064
2,0,0.1,GBM_grid_1_AutoML_10_20260420_194217_model_3,hour_lag1,0.6367222463805229
2,0,0.1,GBM_grid_1_AutoML_10_20260420_194217_model_3,day_of_week_lag1,0.012874796832365934
2,0,0.1,GBM_grid_1_AutoML_10_20260420_194217_model_3,month_lag1,0.05927842478035014
2,0,0.1,GBM_grid_1_AutoML_10_20260420_194217_model_3,month_sin,0.014724052429664833
2,0,0.1,GBM_grid_1_AutoML_10_20260420_194217_model_3,month_cos,0.012715410143791768
2,0,0.1,GBM_grid_1_AutoML_10_20260420_194217_model_3,year,0.13076179412193592
2,0,0.1,DRF_1_AutoML_10_20260420_194217,target_lag1,2.56722387701273
2,0,0.1,DRF_1_AutoML_10_20260420_194217,target_lag2,1.399483764693141
2,0,0.1,DRF_1_AutoML_10_20260420_194217,target_lag3,0.49664028141647576
2,0,0.1,DRF_1_AutoML_10_20260420_194217,target_lag4,0.2456907282723114
2,0,0.1,DRF_1_AutoML_10_20260420_194217,target_lag5,0.13435311781242487
2,0,0.1,DRF_1_AutoML_10_20260420_194217,target_lag6,0.07023884273134168
2,0,0.1,DRF_1_AutoML_10_20260420_194217,cov_HULL_lag1,0.054403561573708376
2,0,0.1,DRF_1_AutoML_10_20260420_194217,cov_MUFL_lag1,2.124163458794355
2,0,0.1,DRF_1_AutoML_10_20260420_194217,cov_MULL_lag1,0.028099624747410373
2,0,0.1,DRF_1_AutoML_10_20260420_194217,cov_LUFL_lag1,0.08744112961576317
2,0,0.1,DRF_1_AutoML_10_20260420_194217,cov_LULL_lag1,0.01952334571629758
2,0,0.1,DRF_1_AutoML_10_20260420_194217,cov_OT_lag1,0.04429660625755783
2,0,0.1,DRF_1_AutoML_10_20260420_194217,hour_lag1,0.46887732326984405
2,0,0.1,DRF_1_AutoML_10_20260420_194217,day_of_week_lag1,0.014356073358794623
2,0,0.1,DRF_1_AutoML_10_20260420_194217,month_lag1,0.030429050870588926
2,0,0.1,DRF_1_AutoML_10_20260420_194217,month_sin,0.012520820049830898
2,0,0.1,DRF_1_AutoML_10_20260420_194217,month_cos,0.012880222929525127
2,0,0.1,DRF_1_AutoML_10_20260420_194217,year,0.07801130123436446
2,0,0.1,XGBoost_grid_1_AutoML_10_20260420_194217_model_6,target_lag1,0.916091783111915
2,0,0.1,XGBoost_grid_1_AutoML_10_20260420_194217_model_6,target_lag2,1.6402159898914397
2,0,0.1,XGBoost_grid_1_AutoML_10_20260420_194217_model_6,target_lag3,0.27842599442228677
2,0,0.1,XGBoost_grid_1_AutoML_10_20260420_194217_model_6,target_lag4,0.940659004598856
2,0,0.1,XGBoost_grid_1_AutoML_10_20260420_194217_model_6,target_lag5,0.21180444629862905
2,0,0.1,XGBoost_grid_1_AutoML_10_20260420_194217_model_6,target_lag6,0.16053305943962182
2,0,0.1,XGBoost_grid_1_AutoML_10_20260420_194217_model_6,cov_HULL_lag1,0.028392169740109195
2,0,0.1,XGBoost_grid_1_AutoML_10_20260420_194217_model_6,cov_MUFL_lag1,2.1912263196706774
2,0,0.1,XGBoost_grid_1_AutoML_10_20260420_194217_model_6,cov_MULL_lag1,0.05103060352848839
2,0,0.1,XGBoost_grid_1_AutoML_10_20260420_194217_model_6,cov_LUFL_lag1,0.3768623459339142
2,0,0.1,XGBoost_grid_1_AutoML_10_20260420_194217_model_6,cov_LULL_lag1,0.02069921081536446
2,0,0.1,XGBoost_grid_1_AutoML_10_20260420_194217_model_6,cov_OT_lag1,0.08214260802138591
2,0,0.1,XGBoost_grid_1_AutoML_10_20260420_194217_model_6,hour_lag1,0.6314864912629128
2,0,0.1,XGBoost_grid_1_AutoML_10_20260420_194217_model_6,day_of_week_lag1,0.0
2,0,0.1,XGBoost_grid_1_AutoML_10_20260420_194217_model_6,month_lag1,0.02350136057939376
2,0,0.1,XGBoost_grid_1_AutoML_10_20260420_194217_model_6,month_sin,0.00141187626111786
2,0,0.1,XGBoost_grid_1_AutoML_10_20260420_194217_model_6,month_cos,0.0
2,0,0.1,XGBoost_grid_1_AutoML_10_20260420_194217_model_6,year,0.15606376749696207
2,0,0.1,XRT_1_AutoML_10_20260420_194217,target_lag1,2.342533679008484
2,0,0.1,XRT_1_AutoML_10_20260420_194217,target_lag2,1.2346029105782508
2,0,0.1,XRT_1_AutoML_10_20260420_194217,target_lag3,0.7490988370776176
2,0,0.1,XRT_1_AutoML_10_20260420_194217,target_lag4,14.960602295845748
2,0,0.1,XRT_1_AutoML_10_20260420_194217,target_lag5,0.3545083687454462
2,0,0.1,XRT_1_AutoML_10_20260420_194217,target_lag6,0.15870746785774822
2,0,0.1,XRT_1_AutoML_10_20260420_194217,cov_HULL_lag1,0.056717971756588624
2,0,0.1,XRT_1_AutoML_10_20260420_194217,cov_MUFL_lag1,1.9220306853204965
2,0,0.1,XRT_1_AutoML_10_20260420_194217,cov_MULL_lag1,0.03907855538185681
2,0,0.1,XRT_1_AutoML_10_20260420_194217,cov_LUFL_lag1,0.0889678944429033
2,0,0.1,XRT_1_AutoML_10_20260420_194217,cov_LULL_lag1,0.13304809741210188
2,0,0.1,XRT_1_AutoML_10_20260420_194217,cov_OT_lag1,0.05741190858185287
2,0,0.1,XRT_1_AutoML_10_20260420_194217,hour_lag1,0.5138061314076185
2,0,0.1,XRT_1_AutoML_10_20260420_194217,day_of_week_lag1,0.0857297994586406
2,0,0.1,XRT_1_AutoML_10_20260420_194217,month_lag1,0.08067562577314671
2,0,0.1,XRT_1_AutoML_10_20260420_194217,month_sin,0.0214219485095236
2,0,0.1,XRT_1_AutoML_10_20260420_194217,month_cos,0.15536528554337561
2,0,0.1,XRT_1_AutoML_10_20260420_194217,year,0.3226678122673184
2,0,0.1,GBM_4_AutoML_10_20260420_194217,target_lag1,2.3315419119037686
2,0,0.1,GBM_4_AutoML_10_20260420_194217,target_lag2,0.8476297783758491
2,0,0.1,GBM_4_AutoML_10_20260420_194217,target_lag3,0.17253122690803135
2,0,0.1,GBM_4_AutoML_10_20260420_194217,target_lag4,0.11936057365644953
2,0,0.1,GBM_4_AutoML_10_20260420_194217,target_lag5,0.04447495566448193
2,0,0.1,GBM_4_AutoML_10_20260420_194217,target_lag6,0.08251451408490533
2,0,0.1,GBM_4_AutoML_10_20260420_194217,cov_HULL_lag1,0.044989516941131985
2,0,0.1,GBM_4_AutoML_10_20260420_194217,cov_MUFL_lag1,2.6424560778588058
2,0,0.1,GBM_4_AutoML_10_20260420_194217,cov_MULL_lag1,0.04111915053799744
2,0,0.1,GBM_4_AutoML_10_20260420_194217,cov_LUFL_lag1,0.08626663959817957
2,0,0.1,GBM_4_AutoML_10_20260420_194217,cov_LULL_lag1,0.03605664591857927
2,0,0.1,GBM_4_AutoML_10_20260420_194217,cov_OT_lag1,0.05946179276332255
2,0,0.1,GBM_4_AutoML_10_20260420_194217,hour_lag1,0.5930105873383582
2,0,0.1,GBM_4_AutoML_10_20260420_194217,day_of_week_lag1,0.01829547033295962
2,0,0.1,GBM_4_AutoML_10_20260420_194217,month_lag1,0.0533724553743377
2,0,0.1,GBM_4_AutoML_10_20260420_194217,month_sin,0.02219975432148199
2,0,0.1,GBM_4_AutoML_10_20260420_194217,month_cos,0.017783019677735823
2,0,0.1,GBM_4_AutoML_10_20260420_194217,year,0.14063162175938484
2,0,0.1,GBM_grid_1_AutoML_10_20260420_194217_model_1,target_lag1,2.1156459723599257
2,0,0.1,GBM_grid_1_AutoML_10_20260420_194217_model_1,target_lag2,1.3743455116078258
2,0,0.1,GBM_grid_1_AutoML_10_20260420_194217_model_1,target_lag3,0.14598396948305886
2,0,0.1,GBM_grid_1_AutoML_10_20260420_194217_model_1,target_lag4,0.2712721267901361
2,0,0.1,GBM_grid_1_AutoML_10_20260420_194217_model_1,target_lag5,0.12056228281231593
2,0,0.1,GBM_grid_1_AutoML_10_20260420_194217_model_1,target_lag6,0.0856299605336971
2,0,0.1,GBM_grid_1_AutoML_10_20260420_194217_model_1,cov_HULL_lag1,0.042621419958304575
2,0,0.1,GBM_grid_1_AutoML_10_20260420_194217_model_1,cov_MUFL_lag1,1.5548181933909655
2,0,0.1,GBM_grid_1_AutoML_10_20260420_194217_model_1,cov_MULL_lag1,0.12425198207609352
2,0,0.1,GBM_grid_1_AutoML_10_20260420_194217_model_1,cov_LUFL_lag1,0.11174386390950528
2,0,0.1,GBM_grid_1_AutoML_10_20260420_194217_model_1,cov_LULL_lag1,0.05300404120935123
2,0,0.1,GBM_grid_1_AutoML_10_20260420_194217_model_1,cov_OT_lag1,0.059145008909981645
2,0,0.1,GBM_grid_1_AutoML_10_20260420_194217_model_1,hour_lag1,0.5571156916022301
2,0,0.1,GBM_grid_1_AutoML_10_20260420_194217_model_1,day_of_week_lag1,0.023995720555540133
2,0,0.1,GBM_grid_1_AutoML_10_20260420_194217_model_1,month_lag1,0.02375844037160273
2,0,0.1,GBM_grid_1_AutoML_10_20260420_194217_model_1,month_sin,0.015846636763308147
2,0,0.1,GBM_grid_1_AutoML_10_20260420_194217_model_1,month_cos,0.013181818026932846
2,0,0.1,GBM_grid_1_AutoML_10_20260420_194217_model_1,year,0.1122779098898172
2,0,0.2,GBM_grid_1_AutoML_10_20260420_194217_model_2,target_lag1,3.6993858269788324
2,0,0.2,GBM_grid_1_AutoML_10_20260420_194217_model_2,target_lag2,0.5503305499255657
2,0,0.2,GBM_grid_1_AutoML_10_20260420_194217_model_2,target_lag3,0.20119871669681744
2,0,0.2,GBM_grid_1_AutoML_10_20260420_194217_model_2,target_lag4,0.03954411898041139
2,0,0.2,GBM_grid_1_AutoML_10_20260420_194217_model_2,target_lag5,0.0659825200703926
2,0,0.2,GBM_grid_1_AutoML_10_20260420_194217_model_2,target_lag6,0.0720678065961692
2,0,0.2,GBM_grid_1_AutoML_10_20260420_194217_model_2,cov_HULL_lag1,0.04772486038971687
2,0,0.2,GBM_grid_1_AutoML_10_20260420_194217_model_2,cov_MUFL_lag1,1.6850961674749851
2,0,0.2,GBM_grid_1_AutoML_10_20260420_194217_model_2,cov_MULL_lag1,0.048387268465012276
2,0,0.2,GBM_grid_1_AutoML_10_20260420_194217_model_2,cov_LUFL_lag1,0.07050530897919084
2,0,0.2,GBM_grid_1_AutoML_10_20260420_194217_model_2,cov_LULL_lag1,0.024950586989871182
2,0,0.2,GBM_grid_1_AutoML_10_20260420_194217_model_2,cov_OT_lag1,0.04283682523062447
2,0,0.2,GBM_grid_1_AutoML_10_20260420_194217_model_2,hour_lag1,0.5897341439500451
2,0,0.2,GBM_grid_1_AutoML_10_20260420_194217_model_2,day_of_week_lag1,0.013219493634533095
2,0,0.2,GBM_grid_1_AutoML_10_20260420_194217_model_2,month_lag1,0.06863179398700592
2,0,0.2,GBM_grid_1_AutoML_10_20260420_194217_model_2,month_sin,0.013503788452362595
2,0,0.2,GBM_grid_1_AutoML_10_20260420_194217_model_2,month_cos,0.019781823563680478
2,0,0.2,GBM_grid_1_AutoML_10_20260420_194217_model_2,year,0.11141694205813106
2,0,0.2,GBM_3_AutoML_10_20260420_194217,target_lag1,2.7752959402278066
2,0,0.2,GBM_3_AutoML_10_20260420_194217,target_lag2,1.0006403547339142
2,0,0.2,GBM_3_AutoML_10_20260420_194217,target_lag3,0.17523930427851156
2,0,0.2,GBM_3_AutoML_10_20260420_194217,target_lag4,0.04210748891753606
2,0,0.2,GBM_3_AutoML_10_20260420_194217,target_lag5,0.08476694712298917
2,0,0.2,GBM_3_AutoML_10_20260420_194217,target_lag6,0.08242830988252532
2,0,0.2,GBM_3_AutoML_10_20260420_194217,cov_HULL_lag1,0.04154488661093633
2,0,0.2,GBM_3_AutoML_10_20260420_194217,cov_MUFL_lag1,2.0220541011937896
2,0,0.2,GBM_3_AutoML_10_20260420_194217,cov_MULL_lag1,0.04708514553960409
2,0,0.2,GBM_3_AutoML_10_20260420_194217,cov_LUFL_lag1,0.10164433762896802
2,0,0.2,GBM_3_AutoML_10_20260420_194217,cov_LULL_lag1,0.02647153028519819
2,0,0.2,GBM_3_AutoML_10_20260420_194217,cov_OT_lag1,0.06438368519186038
2,0,0.2,GBM_3_AutoML_10_20260420_194217,hour_lag1,0.5878745530545711
2,0,0.2,GBM_3_AutoML_10_20260420_194217,day_of_week_lag1,0.011820920755126236
2,0,0.2,GBM_3_AutoML_10_20260420_194217,month_lag1,0.04691814127843823
2,0,0.2,GBM_3_AutoML_10_20260420_194217,month_sin,0.010968193870503415
2,0,0.2,GBM_3_AutoML_10_20260420_194217,month_cos,0.014129010684991904
2,0,0.2,GBM_3_AutoML_10_20260420_194217,year,0.1499206349399173
2,0,0.2,GBM_1_AutoML_10_20260420_194217,target_lag1,2.9503915977478026
2,0,0.2,GBM_1_AutoML_10_20260420_194217,target_lag2,0.6893313520681112
2,0,0.2,GBM_1_AutoML_10_20260420_194217,target_lag3,0.2333163570857141
2,0,0.2,GBM_1_AutoML_10_20260420_194217,target_lag4,0.13032356532290573
2,0,0.2,GBM_1_AutoML_10_20260420_194217,target_lag5,0.062189457574859226
2,0,0.2,GBM_1_AutoML_10_20260420_194217,target_lag6,0.06253743316512551
2,0,0.2,GBM_1_AutoML_10_20260420_194217,cov_HULL_lag1,0.04222358531784261
2,0,0.2,GBM_1_AutoML_10_20260420_194217,cov_MUFL_lag1,2.0889643067866563
2,0,0.2,GBM_1_AutoML_10_20260420_194217,cov_MULL_lag1,0.033462542643683216
2,0,0.2,GBM_1_AutoML_10_20260420_194217,cov_LUFL_lag1,0.06627762880758378
2,0,0.2,GBM_1_AutoML_10_20260420_194217,cov_LULL_lag1,0.02356458088412178
2,0,0.2,GBM_1_AutoML_10_20260420_194217,cov_OT_lag1,0.04312186601120626
2,0,0.2,GBM_1_AutoML_10_20260420_194217,hour_lag1,0.5564875747595215
2,0,0.2,GBM_1_AutoML_10_20260420_194217,day_of_week_lag1,0.01564987987279886
2,0,0.2,GBM_1_AutoML_10_20260420_194217,month_lag1,0.05925478578545149
2,0,0.2,GBM_1_AutoML_10_20260420_194217,month_sin,0.013743307528784445
2,0,0.2,GBM_1_AutoML_10_20260420_194217,month_cos,0.014445209923433098
2,0,0.2,GBM_1_AutoML_10_20260420_194217,year,0.08797452835366126
2,0,0.2,GBM_2_AutoML_10_20260420_194217,target_lag1,3.0016585412621497
2,0,0.2,GBM_2_AutoML_10_20260420_194217,target_lag2,0.6558724579028785
2,0,0.2,GBM_2_AutoML_10_20260420_194217,target_lag3,0.19410916728316807
2,0,0.2,GBM_2_AutoML_10_20260420_194217,target_lag4,0.03827554651303212
2,0,0.2,GBM_2_AutoML_10_20260420_194217,target_lag5,0.1181129074376076
2,0,0.2,GBM_2_AutoML_10_20260420_194217,target_lag6,0.09457106446381655
2,0,0.2,GBM_2_AutoML_10_20260420_194217,cov_HULL_lag1,0.032506203392986155
2,0,0.2,GBM_2_AutoML_10_20260420_194217,cov_MUFL_lag1,2.111029949858785
2,0,0.2,GBM_2_AutoML_10_20260420_194217,cov_MULL_lag1,0.042942157703801005
2,0,0.2,GBM_2_AutoML_10_20260420_194217,cov_LUFL_lag1,0.09869901649653907
2,0,0.2,GBM_2_AutoML_10_20260420_194217,cov_LULL_lag1,0.02090241657861038
2,0,0.2,GBM_2_AutoML_10_20260420_194217,cov_OT_lag1,0.03868403245694931
2,0,0.2,GBM_2_AutoML_10_20260420_194217,hour_lag1,0.5758963345363736
2,0,0.2,GBM_2_AutoML_10_20260420_194217,day_of_week_lag1,0.014579128685872968
2,0,0.2,GBM_2_AutoML_10_20260420_194217,month_lag1,0.04290520598879079
2,0,0.2,GBM_2_AutoML_10_20260420_194217,month_sin,0.009179616452602169
2,0,0.2,GBM_2_AutoML_10_20260420_194217,month_cos,0.004752319895778735
2,0,0.2,GBM_2_AutoML_10_20260420_194217,year,0.13380703049246218
2,0,0.2,GBM_grid_1_AutoML_10_20260420_194217_model_3,target_lag1,2.1729733458161355
2,0,0.2,GBM_grid_1_AutoML_10_20260420_194217_model_3,target_lag2,1.2377236453816294
2,0,0.2,GBM_grid_1_AutoML_10_20260420_194217_model_3,target_lag3,0.5631974853388965
2,0,0.2,GBM_grid_1_AutoML_10_20260420_194217_model_3,target_lag4,0.5154032924771309
2,0,0.2,GBM_grid_1_AutoML_10_20260420_194217_model_3,target_lag5,0.05821500460384408
2,0,0.2,GBM_grid_1_AutoML_10_20260420_194217_model_3,target_lag6,0.07140906265471127
2,0,0.2,GBM_grid_1_AutoML_10_20260420_194217_model_3,cov_HULL_lag1,0.0490740543149877
2,0,0.2,GBM_grid_1_AutoML_10_20260420_194217_model_3,cov_MUFL_lag1,1.4331170845031738
2,0,0.2,GBM_grid_1_AutoML_10_20260420_194217_model_3,cov_MULL_lag1,0.0406431909196544
2,0,0.2,GBM_grid_1_AutoML_10_20260420_194217_model_3,cov_LUFL_lag1,0.19631134435534478
2,0,0.2,GBM_grid_1_AutoML_10_20260420_194217_model_3,cov_LULL_lag1,0.0317649327544495
2,0,0.2,GBM_grid_1_AutoML_10_20260420_194217_model_3,cov_OT_lag1,0.04717448562500064
2,0,0.2,GBM_grid_1_AutoML_10_20260420_194217_model_3,hour_lag1,0.6367222463805229
2,0,0.2,GBM_grid_1_AutoML_10_20260420_194217_model_3,day_of_week_lag1,0.012874796832365934
2,0,0.2,GBM_grid_1_AutoML_10_20260420_194217_model_3,month_lag1,0.05927842478035014
2,0,0.2,GBM_grid_1_AutoML_10_20260420_194217_model_3,month_sin,0.014724052429664833
2,0,0.2,GBM_grid_1_AutoML_10_20260420_194217_model_3,month_cos,0.012715410143791768
2,0,0.2,GBM_grid_1_AutoML_10_20260420_194217_model_3,year,0.13076179412193592
2,0,0.2,DRF_1_AutoML_10_20260420_194217,target_lag1,2.56722387701273
2,0,0.2,DRF_1_AutoML_10_20260420_194217,target_lag2,1.399483764693141
2,0,0.2,DRF_1_AutoML_10_20260420_194217,target_lag3,0.49664028141647576
2,0,0.2,DRF_1_AutoML_10_20260420_194217,target_lag4,0.2456907282723114
2,0,0.2,DRF_1_AutoML_10_20260420_194217,target_lag5,0.13435311781242487
2,0,0.2,DRF_1_AutoML_10_20260420_194217,target_lag6,0.07023884273134168
2,0,0.2,DRF_1_AutoML_10_20260420_194217,cov_HULL_lag1,0.054403561573708376
2,0,0.2,DRF_1_AutoML_10_20260420_194217,cov_MUFL_lag1,2.124163458794355
2,0,0.2,DRF_1_AutoML_10_20260420_194217,cov_MULL_lag1,0.028099624747410373
2,0,0.2,DRF_1_AutoML_10_20260420_194217,cov_LUFL_lag1,0.08744112961576317
2,0,0.2,DRF_1_AutoML_10_20260420_194217,cov_LULL_lag1,0.01952334571629758
2,0,0.2,DRF_1_AutoML_10_20260420_194217,cov_OT_lag1,0.04429660625755783
2,0,0.2,DRF_1_AutoML_10_20260420_194217,hour_lag1,0.46887732326984405
2,0,0.2,DRF_1_AutoML_10_20260420_194217,day_of_week_lag1,0.014356073358794623
2,0,0.2,DRF_1_AutoML_10_20260420_194217,month_lag1,0.030429050870588926
2,0,0.2,DRF_1_AutoML_10_20260420_194217,month_sin,0.012520820049830898
2,0,0.2,DRF_1_AutoML_10_20260420_194217,month_cos,0.012880222929525127
2,0,0.2,DRF_1_AutoML_10_20260420_194217,year,0.07801130123436446
2,0,0.2,XGBoost_grid_1_AutoML_10_20260420_194217_model_6,target_lag1,0.916091783111915
2,0,0.2,XGBoost_grid_1_AutoML_10_20260420_194217_model_6,target_lag2,1.6402159898914397
2,0,0.2,XGBoost_grid_1_AutoML_10_20260420_194217_model_6,target_lag3,0.27842599442228677
2,0,0.2,XGBoost_grid_1_AutoML_10_20260420_194217_model_6,target_lag4,0.940659004598856
2,0,0.2,XGBoost_grid_1_AutoML_10_20260420_194217_model_6,target_lag5,0.21180444629862905
2,0,0.2,XGBoost_grid_1_AutoML_10_20260420_194217_model_6,target_lag6,0.16053305943962182
2,0,0.2,XGBoost_grid_1_AutoML_10_20260420_194217_model_6,cov_HULL_lag1,0.028392169740109195
2,0,0.2,XGBoost_grid_1_AutoML_10_20260420_194217_model_6,cov_MUFL_lag1,2.1912263196706774
2,0,0.2,XGBoost_grid_1_AutoML_10_20260420_194217_model_6,cov_MULL_lag1,0.05103060352848839
2,0,0.2,XGBoost_grid_1_AutoML_10_20260420_194217_model_6,cov_LUFL_lag1,0.3768623459339142
2,0,0.2,XGBoost_grid_1_AutoML_10_20260420_194217_model_6,cov_LULL_lag1,0.02069921081536446
2,0,0.2,XGBoost_grid_1_AutoML_10_20260420_194217_model_6,cov_OT_lag1,0.08214260802138591
2,0,0.2,XGBoost_grid_1_AutoML_10_20260420_194217_model_6,hour_lag1,0.6314864912629128
2,0,0.2,XGBoost_grid_1_AutoML_10_20260420_194217_model_6,day_of_week_lag1,0.0
2,0,0.2,XGBoost_grid_1_AutoML_10_20260420_194217_model_6,month_lag1,0.02350136057939376
2,0,0.2,XGBoost_grid_1_AutoML_10_20260420_194217_model_6,month_sin,0.00141187626111786
2,0,0.2,XGBoost_grid_1_AutoML_10_20260420_194217_model_6,month_cos,0.0
2,0,0.2,XGBoost_grid_1_AutoML_10_20260420_194217_model_6,year,0.15606376749696207
2,0,0.2,XRT_1_AutoML_10_20260420_194217,target_lag1,2.342533679008484
2,0,0.2,XRT_1_AutoML_10_20260420_194217,target_lag2,1.2346029105782508
2,0,0.2,XRT_1_AutoML_10_20260420_194217,target_lag3,0.7490988370776176
2,0,0.2,XRT_1_AutoML_10_20260420_194217,target_lag4,14.960602295845748
2,0,0.2,XRT_1_AutoML_10_20260420_194217,target_lag5,0.3545083687454462
2,0,0.2,XRT_1_AutoML_10_20260420_194217,target_lag6,0.15870746785774822
2,0,0.2,XRT_1_AutoML_10_20260420_194217,cov_HULL_lag1,0.056717971756588624
2,0,0.2,XRT_1_AutoML_10_20260420_194217,cov_MUFL_lag1,1.9220306853204965
2,0,0.2,XRT_1_AutoML_10_20260420_194217,cov_MULL_lag1,0.03907855538185681
2,0,0.2,XRT_1_AutoML_10_20260420_194217,cov_LUFL_lag1,0.0889678944429033
2,0,0.2,XRT_1_AutoML_10_20260420_194217,cov_LULL_lag1,0.13304809741210188
2,0,0.2,XRT_1_AutoML_10_20260420_194217,cov_OT_lag1,0.05741190858185287
2,0,0.2,XRT_1_AutoML_10_20260420_194217,hour_lag1,0.5138061314076185
2,0,0.2,XRT_1_AutoML_10_20260420_194217,day_of_week_lag1,0.0857297994586406
2,0,0.2,XRT_1_AutoML_10_20260420_194217,month_lag1,0.08067562577314671
2,0,0.2,XRT_1_AutoML_10_20260420_194217,month_sin,0.0214219485095236
2,0,0.2,XRT_1_AutoML_10_20260420_194217,month_cos,0.15536528554337561
2,0,0.2,XRT_1_AutoML_10_20260420_194217,year,0.3226678122673184
2,0,0.2,GBM_4_AutoML_10_20260420_194217,target_lag1,2.3315419119037686
2,0,0.2,GBM_4_AutoML_10_20260420_194217,target_lag2,0.8476297783758491
2,0,0.2,GBM_4_AutoML_10_20260420_194217,target_lag3,0.17253122690803135
2,0,0.2,GBM_4_AutoML_10_20260420_194217,target_lag4,0.11936057365644953
2,0,0.2,GBM_4_AutoML_10_20260420_194217,target_lag5,0.04447495566448193
2,0,0.2,GBM_4_AutoML_10_20260420_194217,target_lag6,0.08251451408490533
2,0,0.2,GBM_4_AutoML_10_20260420_194217,cov_HULL_lag1,0.044989516941131985
2,0,0.2,GBM_4_AutoML_10_20260420_194217,cov_MUFL_lag1,2.6424560778588058
2,0,0.2,GBM_4_AutoML_10_20260420_194217,cov_MULL_lag1,0.04111915053799744
2,0,0.2,GBM_4_AutoML_10_20260420_194217,cov_LUFL_lag1,0.08626663959817957
2,0,0.2,GBM_4_AutoML_10_20260420_194217,cov_LULL_lag1,0.03605664591857927
2,0,0.2,GBM_4_AutoML_10_20260420_194217,cov_OT_lag1,0.05946179276332255
2,0,0.2,GBM_4_AutoML_10_20260420_194217,hour_lag1,0.5930105873383582
2,0,0.2,GBM_4_AutoML_10_20260420_194217,day_of_week_lag1,0.01829547033295962
2,0,0.2,GBM_4_AutoML_10_20260420_194217,month_lag1,0.0533724553743377
2,0,0.2,GBM_4_AutoML_10_20260420_194217,month_sin,0.02219975432148199
2,0,0.2,GBM_4_AutoML_10_20260420_194217,month_cos,0.017783019677735823
2,0,0.2,GBM_4_AutoML_10_20260420_194217,year,0.14063162175938484
2,0,0.2,GBM_grid_1_AutoML_10_20260420_194217_model_1,target_lag1,2.1156459723599257
2,0,0.2,GBM_grid_1_AutoML_10_20260420_194217_model_1,target_lag2,1.3743455116078258
2,0,0.2,GBM_grid_1_AutoML_10_20260420_194217_model_1,target_lag3,0.14598396948305886
2,0,0.2,GBM_grid_1_AutoML_10_20260420_194217_model_1,target_lag4,0.2712721267901361
2,0,0.2,GBM_grid_1_AutoML_10_20260420_194217_model_1,target_lag5,0.12056228281231593
2,0,0.2,GBM_grid_1_AutoML_10_20260420_194217_model_1,target_lag6,0.0856299605336971
2,0,0.2,GBM_grid_1_AutoML_10_20260420_194217_model_1,cov_HULL_lag1,0.042621419958304575
2,0,0.2,GBM_grid_1_AutoML_10_20260420_194217_model_1,cov_MUFL_lag1,1.5548181933909655
2,0,0.2,GBM_grid_1_AutoML_10_20260420_194217_model_1,cov_MULL_lag1,0.12425198207609352
2,0,0.2,GBM_grid_1_AutoML_10_20260420_194217_model_1,cov_LUFL_lag1,0.11174386390950528
2,0,0.2,GBM_grid_1_AutoML_10_20260420_194217_model_1,cov_LULL_lag1,0.05300404120935123
2,0,0.2,GBM_grid_1_AutoML_10_20260420_194217_model_1,cov_OT_lag1,0.059145008909981645
2,0,0.2,GBM_grid_1_AutoML_10_20260420_194217_model_1,hour_lag1,0.5571156916022301
2,0,0.2,GBM_grid_1_AutoML_10_20260420_194217_model_1,day_of_week_lag1,0.023995720555540133
2,0,0.2,GBM_grid_1_AutoML_10_20260420_194217_model_1,month_lag1,0.02375844037160273
2,0,0.2,GBM_grid_1_AutoML_10_20260420_194217_model_1,month_sin,0.015846636763308147
2,0,0.2,GBM_grid_1_AutoML_10_20260420_194217_model_1,month_cos,0.013181818026932846
2,0,0.2,GBM_grid_1_AutoML_10_20260420_194217_model_1,year,0.1122779098898172
2,0,0.2,XGBoost_grid_1_AutoML_10_20260420_194217_model_2,target_lag1,2.72204192109406
2,0,0.2,XGBoost_grid_1_AutoML_10_20260420_194217_model_2,target_lag2,0.47416479375213383
2,0,0.2,XGBoost_grid_1_AutoML_10_20260420_194217_model_2,target_lag3,0.15866763124242425
2,0,0.2,XGBoost_grid_1_AutoML_10_20260420_194217_model_2,target_lag4,0.10433574349619444
2,0,0.2,XGBoost_grid_1_AutoML_10_20260420_194217_model_2,target_lag5,0.06323250070447099
2,0,0.2,XGBoost_grid_1_AutoML_10_20260420_194217_model_2,target_lag6,0.11547396333771755
2,0,0.2,XGBoost_grid_1_AutoML_10_20260420_194217_model_2,cov_HULL_lag1,0.0685845401231199
2,0,0.2,XGBoost_grid_1_AutoML_10_20260420_194217_model_2,cov_MUFL_lag1,2.7102870783954858
2,0,0.2,XGBoost_grid_1_AutoML_10_20260420_194217_model_2,cov_MULL_lag1,0.08207219007890668
2,0,0.2,XGBoost_grid_1_AutoML_10_20260420_194217_model_2,cov_LUFL_lag1,0.0871576081262901
2,0,0.2,XGBoost_grid_1_AutoML_10_20260420_194217_model_2,cov_LULL_lag1,0.03548216691939156
2,0,0.2,XGBoost_grid_1_AutoML_10_20260420_194217_model_2,cov_OT_lag1,0.06466737376060333
2,0,0.2,XGBoost_grid_1_AutoML_10_20260420_194217_model_2,hour_lag1,0.6118313367804512
2,0,0.2,XGBoost_grid_1_AutoML_10_20260420_194217_model_2,day_of_week_lag1,0.022991044428345004
2,0,0.2,XGBoost_grid_1_AutoML_10_20260420_194217_model_2,month_lag1,0.06230043008457865
2,0,0.2,XGBoost_grid_1_AutoML_10_20260420_194217_model_2,month_sin,0.013385709618451026
2,0,0.2,XGBoost_grid_1_AutoML_10_20260420_194217_model_2,month_cos,0.027516341948066795
2,0,0.2,XGBoost_grid_1_AutoML_10_20260420_194217_model_2,year,0.14196128313895312
2,0,0.2,XGBoost_grid_1_AutoML_10_20260420_194217_model_1,target_lag1,2.884796183407307
2,0,0.2,XGBoost_grid_1_AutoML_10_20260420_194217_model_1,target_lag2,0.24943346555577592
2,0,0.2,XGBoost_grid_1_AutoML_10_20260420_194217_model_1,target_lag3,0.1724337570881471
2,0,0.2,XGBoost_grid_1_AutoML_10_20260420_194217_model_1,target_lag4,0.12304762669838962
2,0,0.2,XGBoost_grid_1_AutoML_10_20260420_194217_model_1,target_lag5,0.09822532701771702
2,0,0.2,XGBoost_grid_1_AutoML_10_20260420_194217_model_1,target_lag6,0.1323528398480266
2,0,0.2,XGBoost_grid_1_AutoML_10_20260420_194217_model_1,cov_HULL_lag1,0.08874599341303106
2,0,0.2,XGBoost_grid_1_AutoML_10_20260420_194217_model_1,cov_MUFL_lag1,3.2406459292024374
2,0,0.2,XGBoost_grid_1_AutoML_10_20260420_194217_model_1,cov_MULL_lag1,0.05084482712205495
2,0,0.2,XGBoost_grid_1_AutoML_10_20260420_194217_model_1,cov_LUFL_lag1,0.09013047355227169
2,0,0.2,XGBoost_grid_1_AutoML_10_20260420_194217_model_1,cov_LULL_lag1,0.049004057758720555
2,0,0.2,XGBoost_grid_1_AutoML_10_20260420_194217_model_1,cov_OT_lag1,0.08037837922252944
2,0,0.2,XGBoost_grid_1_AutoML_10_20260420_194217_model_1,hour_lag1,0.6577176713943481
2,0,0.2,XGBoost_grid_1_AutoML_10_20260420_194217_model_1,day_of_week_lag1,0.02509110286686332
2,0,0.2,XGBoost_grid_1_AutoML_10_20260420_194217_model_1,month_lag1,0.030109305615787844
2,0,0.2,XGBoost_grid_1_AutoML_10_20260420_194217_model_1,month_sin,0.02584695236757393
2,0,0.2,XGBoost_grid_1_AutoML_10_20260420_194217_model_1,month_cos,0.020483050559414514
2,0,0.2,XGBoost_grid_1_AutoML_10_20260420_194217_model_1,year,0.206334313089028
2,0,0.2,GBM_5_AutoML_10_20260420_194217,target_lag1,2.1648562213778497
2,0,0.2,GBM_5_AutoML_10_20260420_194217,target_lag2,1.3249524909583852
2,0,0.2,GBM_5_AutoML_10_20260420_194217,target_lag3,0.13421008259057995
2,0,0.2,GBM_5_AutoML_10_20260420_194217,target_lag4,0.1362972769513726
2,0,0.2,GBM_5_AutoML_10_20260420_194217,target_lag5,0.09851646650116887
2,0,0.2,GBM_5_AutoML_10_20260420_194217,target_lag6,0.13209090746880972
2,0,0.2,GBM_5_AutoML_10_20260420_194217,cov_HULL_lag1,0.03229637079639356
2,0,0.2,GBM_5_AutoML_10_20260420_194217,cov_MUFL_lag1,2.2818393954634666
2,0,0.2,GBM_5_AutoML_10_20260420_194217,cov_MULL_lag1,0.040376065624877756
2,0,0.2,GBM_5_AutoML_10_20260420_194217,cov_LUFL_lag1,0.13183364993659777
2,0,0.2,GBM_5_AutoML_10_20260420_194217,cov_LULL_lag1,0.02113991077407259
2,0,0.2,GBM_5_AutoML_10_20260420_194217,cov_OT_lag1,0.03983525778399776
2,0,0.2,GBM_5_AutoML_10_20260420_194217,hour_lag1,0.5160247089806944
2,0,0.2,GBM_5_AutoML_10_20260420_194217,day_of_week_lag1,0.004985993240334172
2,0,0.2,GBM_5_AutoML_10_20260420_194217,month_lag1,0.054593908265233006
2,0,0.2,GBM_5_AutoML_10_20260420_194217,month_sin,0.005305084227584276
2,0,0.2,GBM_5_AutoML_10_20260420_194217,month_cos,0.013960185732903443
2,0,0.2,GBM_5_AutoML_10_20260420_194217,year,0.11705621040426191
2,0,0.2,GLM_1_AutoML_10_20260420_194217,target_lag1,4.0502327055063185
2,0,0.2,GLM_1_AutoML_10_20260420_194217,target_lag2,1.609121890887585
2,0,0.2,GLM_1_AutoML_10_20260420_194217,target_lag3,0.6003533271325491
2,0,0.2,GLM_1_AutoML_10_20260420_194217,target_lag4,0.1666810213452531
2,0,0.2,GLM_1_AutoML_10_20260420_194217,target_lag5,0.3310433575443083
2,0,0.2,GLM_1_AutoML_10_20260420_194217,target_lag6,0.750003338690426
2,0,0.2,GLM_1_AutoML_10_20260420_194217,cov_HULL_lag1,0.14457857256289836
2,0,0.2,GLM_1_AutoML_10_20260420_194217,cov_MUFL_lag1,1.0472853955361026
2,0,0.2,GLM_1_AutoML_10_20260420_194217,cov_MULL_lag1,0.15978604244244332
2,0,0.2,GLM_1_AutoML_10_20260420_194217,cov_LUFL_lag1,0.005947261907036792
2,0,0.2,GLM_1_AutoML_10_20260420_194217,cov_LULL_lag1,0.026276360797248256
2,0,0.2,GLM_1_AutoML_10_20260420_194217,cov_OT_lag1,0.12321448057811311
2,0,0.2,GLM_1_AutoML_10_20260420_194217,hour_lag1,0.1816671567027014
2,0,0.2,GLM_1_AutoML_10_20260420_194217,day_of_week_lag1,0.0019405980720424896
2,0,0.2,GLM_1_AutoML_10_20260420_194217,month_lag1,0.03085792588566016
2,0,0.2,GLM_1_AutoML_10_20260420_194217,month_sin,0.004228709767785865
2,0,0.2,GLM_1_AutoML_10_20260420_194217,month_cos,0.003811078433148071
2,0,0.2,GLM_1_AutoML_10_20260420_194217,year,0.18756687910528144
2,0,0.2,XGBoost_grid_1_AutoML_10_20260420_194217_model_3,target_lag1,2.2373098610714077
2,0,0.2,XGBoost_grid_1_AutoML_10_20260420_194217_model_3,target_lag2,1.2425740513205528
2,0,0.2,XGBoost_grid_1_AutoML_10_20260420_194217_model_3,target_lag3,0.6364118491113185
2,0,0.2,XGBoost_grid_1_AutoML_10_20260420_194217_model_3,target_lag4,1.0455849885940551
2,0,0.2,XGBoost_grid_1_AutoML_10_20260420_194217_model_3,target_lag5,0.07583648042811543
2,0,0.2,XGBoost_grid_1_AutoML_10_20260420_194217_model_3,target_lag6,0.14630045279394832
2,0,0.2,XGBoost_grid_1_AutoML_10_20260420_194217_model_3,cov_HULL_lag1,0.035302119830812405
2,0,0.2,XGBoost_grid_1_AutoML_10_20260420_194217_model_3,cov_MUFL_lag1,1.1308869717270136
2,0,0.2,XGBoost_grid_1_AutoML_10_20260420_194217_model_3,cov_MULL_lag1,0.07808497021440411
2,0,0.2,XGBoost_grid_1_AutoML_10_20260420_194217_model_3,cov_LUFL_lag1,0.20203565794974562
2,0,0.2,XGBoost_grid_1_AutoML_10_20260420_194217_model_3,cov_LULL_lag1,0.032976610978366766
2,0,0.2,XGBoost_grid_1_AutoML_10_20260420_194217_model_3,cov_OT_lag1,0.04636041701305654
2,0,0.2,XGBoost_grid_1_AutoML_10_20260420_194217_model_3,hour_lag1,0.5718855513632297
2,0,0.2,XGBoost_grid_1_AutoML_10_20260420_194217_model_3,day_of_week_lag1,0.01012732170522209
2,0,0.2,XGBoost_grid_1_AutoML_10_20260420_194217_model_3,month_lag1,0.07267491944134231
2,0,0.2,XGBoost_grid_1_AutoML_10_20260420_194217_model_3,month_sin,0.006864422569060436
2,0,0.2,XGBoost_grid_1_AutoML_10_20260420_194217_model_3,month_cos,0.018297716527013067
2,0,0.2,XGBoost_grid_1_AutoML_10_20260420_194217_model_3,year,0.16513231303426437
2,0,0.2,XGBoost_3_AutoML_10_20260420_194217,target_lag1,3.838528238683939
2,0,0.2,XGBoost_3_AutoML_10_20260420_194217,target_lag2,0.26191689762476017
2,0,0.2,XGBoost_3_AutoML_10_20260420_194217,target_lag3,0.4465776297450066
2,0,0.2,XGBoost_3_AutoML_10_20260420_194217,target_lag4,0.2185353334806859
2,0,0.2,XGBoost_3_AutoML_10_20260420_194217,target_lag5,0.11545630404405526
2,0,0.2,XGBoost_3_AutoML_10_20260420_194217,target_lag6,0.21169306636787952
2,0,0.2,XGBoost_3_AutoML_10_20260420_194217,cov_HULL_lag1,0.019176700093666982
2,0,0.2,XGBoost_3_AutoML_10_20260420_194217,cov_MUFL_lag1,1.188698233384639
2,0,0.2,XGBoost_3_AutoML_10_20260420_194217,cov_MULL_lag1,0.08987742025405165
2,0,0.2,XGBoost_3_AutoML_10_20260420_194217,cov_LUFL_lag1,0.1004334936640225
2,0,0.2,XGBoost_3_AutoML_10_20260420_194217,cov_LULL_lag1,0.05028106800222299
2,0,0.2,XGBoost_3_AutoML_10_20260420_194217,cov_OT_lag1,0.05155261790263463
2,0,0.2,XGBoost_3_AutoML_10_20260420_194217,hour_lag1,0.6210888221487403
2,0,0.2,XGBoost_3_AutoML_10_20260420_194217,day_of_week_lag1,0.003647554311100934
2,0,0.2,XGBoost_3_AutoML_10_20260420_194217,month_lag1,0.026767017724923736
2,0,0.2,XGBoost_3_AutoML_10_20260420_194217,month_sin,0.005429156401951288
2,0,0.2,XGBoost_3_AutoML_10_20260420_194217,month_cos,0.00386991623339779
2,0,0.2,XGBoost_3_AutoML_10_20260420_194217,year,0.387652735611191
2,0,0.3,GBM_grid_1_AutoML_10_20260420_194217_model_2,target_lag1,3.6993858269788324
2,0,0.3,GBM_grid_1_AutoML_10_20260420_194217_model_2,target_lag2,0.5503305499255657
2,0,0.3,GBM_grid_1_AutoML_10_20260420_194217_model_2,target_lag3,0.20119871669681744
2,0,0.3,GBM_grid_1_AutoML_10_20260420_194217_model_2,target_lag4,0.03954411898041139
2,0,0.3,GBM_grid_1_AutoML_10_20260420_194217_model_2,target_lag5,0.0659825200703926
2,0,0.3,GBM_grid_1_AutoML_10_20260420_194217_model_2,target_lag6,0.0720678065961692
2,0,0.3,GBM_grid_1_AutoML_10_20260420_194217_model_2,cov_HULL_lag1,0.04772486038971687
2,0,0.3,GBM_grid_1_AutoML_10_20260420_194217_model_2,cov_MUFL_lag1,1.6850961674749851
2,0,0.3,GBM_grid_1_AutoML_10_20260420_194217_model_2,cov_MULL_lag1,0.048387268465012276
2,0,0.3,GBM_grid_1_AutoML_10_20260420_194217_model_2,cov_LUFL_lag1,0.07050530897919084
2,0,0.3,GBM_grid_1_AutoML_10_20260420_194217_model_2,cov_LULL_lag1,0.024950586989871182
2,0,0.3,GBM_grid_1_AutoML_10_20260420_194217_model_2,cov_OT_lag1,0.04283682523062447
2,0,0.3,GBM_grid_1_AutoML_10_20260420_194217_model_2,hour_lag1,0.5897341439500451
2,0,0.3,GBM_grid_1_AutoML_10_20260420_194217_model_2,day_of_week_lag1,0.013219493634533095
2,0,0.3,GBM_grid_1_AutoML_10_20260420_194217_model_2,month_lag1,0.06863179398700592
2,0,0.3,GBM_grid_1_AutoML_10_20260420_194217_model_2,month_sin,0.013503788452362595
2,0,0.3,GBM_grid_1_AutoML_10_20260420_194217_model_2,month_cos,0.019781823563680478
2,0,0.3,GBM_grid_1_AutoML_10_20260420_194217_model_2,year,0.11141694205813106
2,0,0.3,GBM_3_AutoML_10_20260420_194217,target_lag1,2.7752959402278066
2,0,0.3,GBM_3_AutoML_10_20260420_194217,target_lag2,1.0006403547339142
2,0,0.3,GBM_3_AutoML_10_20260420_194217,target_lag3,0.17523930427851156
2,0,0.3,GBM_3_AutoML_10_20260420_194217,target_lag4,0.04210748891753606
2,0,0.3,GBM_3_AutoML_10_20260420_194217,target_lag5,0.08476694712298917
2,0,0.3,GBM_3_AutoML_10_20260420_194217,target_lag6,0.08242830988252532
2,0,0.3,GBM_3_AutoML_10_20260420_194217,cov_HULL_lag1,0.04154488661093633
2,0,0.3,GBM_3_AutoML_10_20260420_194217,cov_MUFL_lag1,2.0220541011937896
2,0,0.3,GBM_3_AutoML_10_20260420_194217,cov_MULL_lag1,0.04708514553960409
2,0,0.3,GBM_3_AutoML_10_20260420_194217,cov_LUFL_lag1,0.10164433762896802
2,0,0.3,GBM_3_AutoML_10_20260420_194217,cov_LULL_lag1,0.02647153028519819
2,0,0.3,GBM_3_AutoML_10_20260420_194217,cov_OT_lag1,0.06438368519186038
2,0,0.3,GBM_3_AutoML_10_20260420_194217,hour_lag1,0.5878745530545711
2,0,0.3,GBM_3_AutoML_10_20260420_194217,day_of_week_lag1,0.011820920755126236
2,0,0.3,GBM_3_AutoML_10_20260420_194217,month_lag1,0.04691814127843823
2,0,0.3,GBM_3_AutoML_10_20260420_194217,month_sin,0.010968193870503415
2,0,0.3,GBM_3_AutoML_10_20260420_194217,month_cos,0.014129010684991904
2,0,0.3,GBM_3_AutoML_10_20260420_194217,year,0.1499206349399173
2,0,0.3,GBM_1_AutoML_10_20260420_194217,target_lag1,2.9503915977478026
2,0,0.3,GBM_1_AutoML_10_20260420_194217,target_lag2,0.6893313520681112
2,0,0.3,GBM_1_AutoML_10_20260420_194217,target_lag3,0.2333163570857141
2,0,0.3,GBM_1_AutoML_10_20260420_194217,target_lag4,0.13032356532290573
2,0,0.3,GBM_1_AutoML_10_20260420_194217,target_lag5,0.062189457574859226
2,0,0.3,GBM_1_AutoML_10_20260420_194217,target_lag6,0.06253743316512551
2,0,0.3,GBM_1_AutoML_10_20260420_194217,cov_HULL_lag1,0.04222358531784261
2,0,0.3,GBM_1_AutoML_10_20260420_194217,cov_MUFL_lag1,2.0889643067866563
2,0,0.3,GBM_1_AutoML_10_20260420_194217,cov_MULL_lag1,0.033462542643683216
2,0,0.3,GBM_1_AutoML_10_20260420_194217,cov_LUFL_lag1,0.06627762880758378
2,0,0.3,GBM_1_AutoML_10_20260420_194217,cov_LULL_lag1,0.02356458088412178
2,0,0.3,GBM_1_AutoML_10_20260420_194217,cov_OT_lag1,0.04312186601120626
2,0,0.3,GBM_1_AutoML_10_20260420_194217,hour_lag1,0.5564875747595215
2,0,0.3,GBM_1_AutoML_10_20260420_194217,day_of_week_lag1,0.01564987987279886
2,0,0.3,GBM_1_AutoML_10_20260420_194217,month_lag1,0.05925478578545149
2,0,0.3,GBM_1_AutoML_10_20260420_194217,month_sin,0.013743307528784445
2,0,0.3,GBM_1_AutoML_10_20260420_194217,month_cos,0.014445209923433098
2,0,0.3,GBM_1_AutoML_10_20260420_194217,year,0.08797452835366126
2,0,0.3,GBM_2_AutoML_10_20260420_194217,target_lag1,3.0016585412621497
2,0,0.3,GBM_2_AutoML_10_20260420_194217,target_lag2,0.6558724579028785
2,0,0.3,GBM_2_AutoML_10_20260420_194217,target_lag3,0.19410916728316807
2,0,0.3,GBM_2_AutoML_10_20260420_194217,target_lag4,0.03827554651303212
2,0,0.3,GBM_2_AutoML_10_20260420_194217,target_lag5,0.1181129074376076
2,0,0.3,GBM_2_AutoML_10_20260420_194217,target_lag6,0.09457106446381655
2,0,0.3,GBM_2_AutoML_10_20260420_194217,cov_HULL_lag1,0.032506203392986155
2,0,0.3,GBM_2_AutoML_10_20260420_194217,cov_MUFL_lag1,2.111029949858785
2,0,0.3,GBM_2_AutoML_10_20260420_194217,cov_MULL_lag1,0.042942157703801005
2,0,0.3,GBM_2_AutoML_10_20260420_194217,cov_LUFL_lag1,0.09869901649653907
2,0,0.3,GBM_2_AutoML_10_20260420_194217,cov_LULL_lag1,0.02090241657861038
2,0,0.3,GBM_2_AutoML_10_20260420_194217,cov_OT_lag1,0.03868403245694931
2,0,0.3,GBM_2_AutoML_10_20260420_194217,hour_lag1,0.5758963345363736
2,0,0.3,GBM_2_AutoML_10_20260420_194217,day_of_week_lag1,0.014579128685872968
2,0,0.3,GBM_2_AutoML_10_20260420_194217,month_lag1,0.04290520598879079
2,0,0.3,GBM_2_AutoML_10_20260420_194217,month_sin,0.009179616452602169
2,0,0.3,GBM_2_AutoML_10_20260420_194217,month_cos,0.004752319895778735
2,0,0.3,GBM_2_AutoML_10_20260420_194217,year,0.13380703049246218
2,0,0.3,GBM_grid_1_AutoML_10_20260420_194217_model_3,target_lag1,2.1729733458161355
2,0,0.3,GBM_grid_1_AutoML_10_20260420_194217_model_3,target_lag2,1.2377236453816294
2,0,0.3,GBM_grid_1_AutoML_10_20260420_194217_model_3,target_lag3,0.5631974853388965
2,0,0.3,GBM_grid_1_AutoML_10_20260420_194217_model_3,target_lag4,0.5154032924771309
2,0,0.3,GBM_grid_1_AutoML_10_20260420_194217_model_3,target_lag5,0.05821500460384408
2,0,0.3,GBM_grid_1_AutoML_10_20260420_194217_model_3,target_lag6,0.07140906265471127
2,0,0.3,GBM_grid_1_AutoML_10_20260420_194217_model_3,cov_HULL_lag1,0.0490740543149877
2,0,0.3,GBM_grid_1_AutoML_10_20260420_194217_model_3,cov_MUFL_lag1,1.4331170845031738
2,0,0.3,GBM_grid_1_AutoML_10_20260420_194217_model_3,cov_MULL_lag1,0.0406431909196544
2,0,0.3,GBM_grid_1_AutoML_10_20260420_194217_model_3,cov_LUFL_lag1,0.19631134435534478
2,0,0.3,GBM_grid_1_AutoML_10_20260420_194217_model_3,cov_LULL_lag1,0.0317649327544495
2,0,0.3,GBM_grid_1_AutoML_10_20260420_194217_model_3,cov_OT_lag1,0.04717448562500064
2,0,0.3,GBM_grid_1_AutoML_10_20260420_194217_model_3,hour_lag1,0.6367222463805229
2,0,0.3,GBM_grid_1_AutoML_10_20260420_194217_model_3,day_of_week_lag1,0.012874796832365934
2,0,0.3,GBM_grid_1_AutoML_10_20260420_194217_model_3,month_lag1,0.05927842478035014
2,0,0.3,GBM_grid_1_AutoML_10_20260420_194217_model_3,month_sin,0.014724052429664833
2,0,0.3,GBM_grid_1_AutoML_10_20260420_194217_model_3,month_cos,0.012715410143791768
2,0,0.3,GBM_grid_1_AutoML_10_20260420_194217_model_3,year,0.13076179412193592
2,0,0.3,DRF_1_AutoML_10_20260420_194217,target_lag1,2.56722387701273
2,0,0.3,DRF_1_AutoML_10_20260420_194217,target_lag2,1.399483764693141
2,0,0.3,DRF_1_AutoML_10_20260420_194217,target_lag3,0.49664028141647576
2,0,0.3,DRF_1_AutoML_10_20260420_194217,target_lag4,0.2456907282723114
2,0,0.3,DRF_1_AutoML_10_20260420_194217,target_lag5,0.13435311781242487
2,0,0.3,DRF_1_AutoML_10_20260420_194217,target_lag6,0.07023884273134168
2,0,0.3,DRF_1_AutoML_10_20260420_194217,cov_HULL_lag1,0.054403561573708376
2,0,0.3,DRF_1_AutoML_10_20260420_194217,cov_MUFL_lag1,2.124163458794355
2,0,0.3,DRF_1_AutoML_10_20260420_194217,cov_MULL_lag1,0.028099624747410373
2,0,0.3,DRF_1_AutoML_10_20260420_194217,cov_LUFL_lag1,0.08744112961576317
2,0,0.3,DRF_1_AutoML_10_20260420_194217,cov_LULL_lag1,0.01952334571629758
2,0,0.3,DRF_1_AutoML_10_20260420_194217,cov_OT_lag1,0.04429660625755783
2,0,0.3,DRF_1_AutoML_10_20260420_194217,hour_lag1,0.46887732326984405
2,0,0.3,DRF_1_AutoML_10_20260420_194217,day_of_week_lag1,0.014356073358794623
2,0,0.3,DRF_1_AutoML_10_20260420_194217,month_lag1,0.030429050870588926
2,0,0.3,DRF_1_AutoML_10_20260420_194217,month_sin,0.012520820049830898
2,0,0.3,DRF_1_AutoML_10_20260420_194217,month_cos,0.012880222929525127
2,0,0.3,DRF_1_AutoML_10_20260420_194217,year,0.07801130123436446
2,0,0.3,XGBoost_grid_1_AutoML_10_20260420_194217_model_6,target_lag1,0.916091783111915
2,0,0.3,XGBoost_grid_1_AutoML_10_20260420_194217_model_6,target_lag2,1.6402159898914397
2,0,0.3,XGBoost_grid_1_AutoML_10_20260420_194217_model_6,target_lag3,0.27842599442228677
2,0,0.3,XGBoost_grid_1_AutoML_10_20260420_194217_model_6,target_lag4,0.940659004598856
2,0,0.3,XGBoost_grid_1_AutoML_10_20260420_194217_model_6,target_lag5,0.21180444629862905
2,0,0.3,XGBoost_grid_1_AutoML_10_20260420_194217_model_6,target_lag6,0.16053305943962182
2,0,0.3,XGBoost_grid_1_AutoML_10_20260420_194217_model_6,cov_HULL_lag1,0.028392169740109195
2,0,0.3,XGBoost_grid_1_AutoML_10_20260420_194217_model_6,cov_MUFL_lag1,2.1912263196706774
2,0,0.3,XGBoost_grid_1_AutoML_10_20260420_194217_model_6,cov_MULL_lag1,0.05103060352848839
2,0,0.3,XGBoost_grid_1_AutoML_10_20260420_194217_model_6,cov_LUFL_lag1,0.3768623459339142
2,0,0.3,XGBoost_grid_1_AutoML_10_20260420_194217_model_6,cov_LULL_lag1,0.02069921081536446
2,0,0.3,XGBoost_grid_1_AutoML_10_20260420_194217_model_6,cov_OT_lag1,0.08214260802138591
2,0,0.3,XGBoost_grid_1_AutoML_10_20260420_194217_model_6,hour_lag1,0.6314864912629128
2,0,0.3,XGBoost_grid_1_AutoML_10_20260420_194217_model_6,day_of_week_lag1,0.0
2,0,0.3,XGBoost_grid_1_AutoML_10_20260420_194217_model_6,month_lag1,0.02350136057939376
2,0,0.3,XGBoost_grid_1_AutoML_10_20260420_194217_model_6,month_sin,0.00141187626111786
2,0,0.3,XGBoost_grid_1_AutoML_10_20260420_194217_model_6,month_cos,0.0
2,0,0.3,XGBoost_grid_1_AutoML_10_20260420_194217_model_6,year,0.15606376749696207
2,0,0.3,XRT_1_AutoML_10_20260420_194217,target_lag1,2.342533679008484
2,0,0.3,XRT_1_AutoML_10_20260420_194217,target_lag2,1.2346029105782508
2,0,0.3,XRT_1_AutoML_10_20260420_194217,target_lag3,0.7490988370776176
2,0,0.3,XRT_1_AutoML_10_20260420_194217,target_lag4,14.960602295845748
2,0,0.3,XRT_1_AutoML_10_20260420_194217,target_lag5,0.3545083687454462
2,0,0.3,XRT_1_AutoML_10_20260420_194217,target_lag6,0.15870746785774822
2,0,0.3,XRT_1_AutoML_10_20260420_194217,cov_HULL_lag1,0.056717971756588624
2,0,0.3,XRT_1_AutoML_10_20260420_194217,cov_MUFL_lag1,1.9220306853204965
2,0,0.3,XRT_1_AutoML_10_20260420_194217,cov_MULL_lag1,0.03907855538185681
2,0,0.3,XRT_1_AutoML_10_20260420_194217,cov_LUFL_lag1,0.0889678944429033
2,0,0.3,XRT_1_AutoML_10_20260420_194217,cov_LULL_lag1,0.13304809741210188
2,0,0.3,XRT_1_AutoML_10_20260420_194217,cov_OT_lag1,0.05741190858185287
2,0,0.3,XRT_1_AutoML_10_20260420_194217,hour_lag1,0.5138061314076185
2,0,0.3,XRT_1_AutoML_10_20260420_194217,day_of_week_lag1,0.0857297994586406
2,0,0.3,XRT_1_AutoML_10_20260420_194217,month_lag1,0.08067562577314671
2,0,0.3,XRT_1_AutoML_10_20260420_194217,month_sin,0.0214219485095236
2,0,0.3,XRT_1_AutoML_10_20260420_194217,month_cos,0.15536528554337561
2,0,0.3,XRT_1_AutoML_10_20260420_194217,year,0.3226678122673184
2,0,0.3,GBM_4_AutoML_10_20260420_194217,target_lag1,2.3315419119037686
2,0,0.3,GBM_4_AutoML_10_20260420_194217,target_lag2,0.8476297783758491
2,0,0.3,GBM_4_AutoML_10_20260420_194217,target_lag3,0.17253122690803135
2,0,0.3,GBM_4_AutoML_10_20260420_194217,target_lag4,0.11936057365644953
2,0,0.3,GBM_4_AutoML_10_20260420_194217,target_lag5,0.04447495566448193
2,0,0.3,GBM_4_AutoML_10_20260420_194217,target_lag6,0.08251451408490533
2,0,0.3,GBM_4_AutoML_10_20260420_194217,cov_HULL_lag1,0.044989516941131985
2,0,0.3,GBM_4_AutoML_10_20260420_194217,cov_MUFL_lag1,2.6424560778588058
2,0,0.3,GBM_4_AutoML_10_20260420_194217,cov_MULL_lag1,0.04111915053799744
2,0,0.3,GBM_4_AutoML_10_20260420_194217,cov_LUFL_lag1,0.08626663959817957
2,0,0.3,GBM_4_AutoML_10_20260420_194217,cov_LULL_lag1,0.03605664591857927
2,0,0.3,GBM_4_AutoML_10_20260420_194217,cov_OT_lag1,0.05946179276332255
2,0,0.3,GBM_4_AutoML_10_20260420_194217,hour_lag1,0.5930105873383582
2,0,0.3,GBM_4_AutoML_10_20260420_194217,day_of_week_lag1,0.01829547033295962
2,0,0.3,GBM_4_AutoML_10_20260420_194217,month_lag1,0.0533724553743377
2,0,0.3,GBM_4_AutoML_10_20260420_194217,month_sin,0.02219975432148199
2,0,0.3,GBM_4_AutoML_10_20260420_194217,month_cos,0.017783019677735823
2,0,0.3,GBM_4_AutoML_10_20260420_194217,year,0.14063162175938484
2,0,0.3,GBM_grid_1_AutoML_10_20260420_194217_model_1,target_lag1,2.1156459723599257
2,0,0.3,GBM_grid_1_AutoML_10_20260420_194217_model_1,target_lag2,1.3743455116078258
2,0,0.3,GBM_grid_1_AutoML_10_20260420_194217_model_1,target_lag3,0.14598396948305886
2,0,0.3,GBM_grid_1_AutoML_10_20260420_194217_model_1,target_lag4,0.2712721267901361
2,0,0.3,GBM_grid_1_AutoML_10_20260420_194217_model_1,target_lag5,0.12056228281231593
2,0,0.3,GBM_grid_1_AutoML_10_20260420_194217_model_1,target_lag6,0.0856299605336971
2,0,0.3,GBM_grid_1_AutoML_10_20260420_194217_model_1,cov_HULL_lag1,0.042621419958304575
2,0,0.3,GBM_grid_1_AutoML_10_20260420_194217_model_1,cov_MUFL_lag1,1.5548181933909655
2,0,0.3,GBM_grid_1_AutoML_10_20260420_194217_model_1,cov_MULL_lag1,0.12425198207609352
2,0,0.3,GBM_grid_1_AutoML_10_20260420_194217_model_1,cov_LUFL_lag1,0.11174386390950528
2,0,0.3,GBM_grid_1_AutoML_10_20260420_194217_model_1,cov_LULL_lag1,0.05300404120935123
2,0,0.3,GBM_grid_1_AutoML_10_20260420_194217_model_1,cov_OT_lag1,0.059145008909981645
2,0,0.3,GBM_grid_1_AutoML_10_20260420_194217_model_1,hour_lag1,0.5571156916022301
2,0,0.3,GBM_grid_1_AutoML_10_20260420_194217_model_1,day_of_week_lag1,0.023995720555540133
2,0,0.3,GBM_grid_1_AutoML_10_20260420_194217_model_1,month_lag1,0.02375844037160273
2,0,0.3,GBM_grid_1_AutoML_10_20260420_194217_model_1,month_sin,0.015846636763308147
2,0,0.3,GBM_grid_1_AutoML_10_20260420_194217_model_1,month_cos,0.013181818026932846
2,0,0.3,GBM_grid_1_AutoML_10_20260420_194217_model_1,year,0.1122779098898172
2,0,0.3,XGBoost_grid_1_AutoML_10_20260420_194217_model_2,target_lag1,2.72204192109406
2,0,0.3,XGBoost_grid_1_AutoML_10_20260420_194217_model_2,target_lag2,0.47416479375213383
2,0,0.3,XGBoost_grid_1_AutoML_10_20260420_194217_model_2,target_lag3,0.15866763124242425
2,0,0.3,XGBoost_grid_1_AutoML_10_20260420_194217_model_2,target_lag4,0.10433574349619444
2,0,0.3,XGBoost_grid_1_AutoML_10_20260420_194217_model_2,target_lag5,0.06323250070447099
2,0,0.3,XGBoost_grid_1_AutoML_10_20260420_194217_model_2,target_lag6,0.11547396333771755
2,0,0.3,XGBoost_grid_1_AutoML_10_20260420_194217_model_2,cov_HULL_lag1,0.0685845401231199
2,0,0.3,XGBoost_grid_1_AutoML_10_20260420_194217_model_2,cov_MUFL_lag1,2.7102870783954858
2,0,0.3,XGBoost_grid_1_AutoML_10_20260420_194217_model_2,cov_MULL_lag1,0.08207219007890668
2,0,0.3,XGBoost_grid_1_AutoML_10_20260420_194217_model_2,cov_LUFL_lag1,0.0871576081262901
2,0,0.3,XGBoost_grid_1_AutoML_10_20260420_194217_model_2,cov_LULL_lag1,0.03548216691939156
2,0,0.3,XGBoost_grid_1_AutoML_10_20260420_194217_model_2,cov_OT_lag1,0.06466737376060333
2,0,0.3,XGBoost_grid_1_AutoML_10_20260420_194217_model_2,hour_lag1,0.6118313367804512
2,0,0.3,XGBoost_grid_1_AutoML_10_20260420_194217_model_2,day_of_week_lag1,0.022991044428345004
2,0,0.3,XGBoost_grid_1_AutoML_10_20260420_194217_model_2,month_lag1,0.06230043008457865
2,0,0.3,XGBoost_grid_1_AutoML_10_20260420_194217_model_2,month_sin,0.013385709618451026
2,0,0.3,XGBoost_grid_1_AutoML_10_20260420_194217_model_2,month_cos,0.027516341948066795
2,0,0.3,XGBoost_grid_1_AutoML_10_20260420_194217_model_2,year,0.14196128313895312
2,0,0.3,XGBoost_grid_1_AutoML_10_20260420_194217_model_1,target_lag1,2.884796183407307
2,0,0.3,XGBoost_grid_1_AutoML_10_20260420_194217_model_1,target_lag2,0.24943346555577592
2,0,0.3,XGBoost_grid_1_AutoML_10_20260420_194217_model_1,target_lag3,0.1724337570881471
2,0,0.3,XGBoost_grid_1_AutoML_10_20260420_194217_model_1,target_lag4,0.12304762669838962
2,0,0.3,XGBoost_grid_1_AutoML_10_20260420_194217_model_1,target_lag5,0.09822532701771702
2,0,0.3,XGBoost_grid_1_AutoML_10_20260420_194217_model_1,target_lag6,0.1323528398480266
2,0,0.3,XGBoost_grid_1_AutoML_10_20260420_194217_model_1,cov_HULL_lag1,0.08874599341303106
2,0,0.3,XGBoost_grid_1_AutoML_10_20260420_194217_model_1,cov_MUFL_lag1,3.2406459292024374
2,0,0.3,XGBoost_grid_1_AutoML_10_20260420_194217_model_1,cov_MULL_lag1,0.05084482712205495
2,0,0.3,XGBoost_grid_1_AutoML_10_20260420_194217_model_1,cov_LUFL_lag1,0.09013047355227169
2,0,0.3,XGBoost_grid_1_AutoML_10_20260420_194217_model_1,cov_LULL_lag1,0.049004057758720555
2,0,0.3,XGBoost_grid_1_AutoML_10_20260420_194217_model_1,cov_OT_lag1,0.08037837922252944
2,0,0.3,XGBoost_grid_1_AutoML_10_20260420_194217_model_1,hour_lag1,0.6577176713943481
2,0,0.3,XGBoost_grid_1_AutoML_10_20260420_194217_model_1,day_of_week_lag1,0.02509110286686332
2,0,0.3,XGBoost_grid_1_AutoML_10_20260420_194217_model_1,month_lag1,0.030109305615787844
2,0,0.3,XGBoost_grid_1_AutoML_10_20260420_194217_model_1,month_sin,0.02584695236757393
2,0,0.3,XGBoost_grid_1_AutoML_10_20260420_194217_model_1,month_cos,0.020483050559414514
2,0,0.3,XGBoost_grid_1_AutoML_10_20260420_194217_model_1,year,0.206334313089028
2,0,0.3,GBM_5_AutoML_10_20260420_194217,target_lag1,2.1648562213778497
2,0,0.3,GBM_5_AutoML_10_20260420_194217,target_lag2,1.3249524909583852
2,0,0.3,GBM_5_AutoML_10_20260420_194217,target_lag3,0.13421008259057995
2,0,0.3,GBM_5_AutoML_10_20260420_194217,target_lag4,0.1362972769513726
2,0,0.3,GBM_5_AutoML_10_20260420_194217,target_lag5,0.09851646650116887
2,0,0.3,GBM_5_AutoML_10_20260420_194217,target_lag6,0.13209090746880972
2,0,0.3,GBM_5_AutoML_10_20260420_194217,cov_HULL_lag1,0.03229637079639356
2,0,0.3,GBM_5_AutoML_10_20260420_194217,cov_MUFL_lag1,2.2818393954634666
2,0,0.3,GBM_5_AutoML_10_20260420_194217,cov_MULL_lag1,0.040376065624877756
2,0,0.3,GBM_5_AutoML_10_20260420_194217,cov_LUFL_lag1,0.13183364993659777
2,0,0.3,GBM_5_AutoML_10_20260420_194217,cov_LULL_lag1,0.02113991077407259
2,0,0.3,GBM_5_AutoML_10_20260420_194217,cov_OT_lag1,0.03983525778399776
2,0,0.3,GBM_5_AutoML_10_20260420_194217,hour_lag1,0.5160247089806944
2,0,0.3,GBM_5_AutoML_10_20260420_194217,day_of_week_lag1,0.004985993240334172
2,0,0.3,GBM_5_AutoML_10_20260420_194217,month_lag1,0.054593908265233006
2,0,0.3,GBM_5_AutoML_10_20260420_194217,month_sin,0.005305084227584276
2,0,0.3,GBM_5_AutoML_10_20260420_194217,month_cos,0.013960185732903443
2,0,0.3,GBM_5_AutoML_10_20260420_194217,year,0.11705621040426191
2,0,0.3,GLM_1_AutoML_10_20260420_194217,target_lag1,4.0502327055063185
2,0,0.3,GLM_1_AutoML_10_20260420_194217,target_lag2,1.609121890887585
2,0,0.3,GLM_1_AutoML_10_20260420_194217,target_lag3,0.6003533271325491
2,0,0.3,GLM_1_AutoML_10_20260420_194217,target_lag4,0.1666810213452531
2,0,0.3,GLM_1_AutoML_10_20260420_194217,target_lag5,0.3310433575443083
2,0,0.3,GLM_1_AutoML_10_20260420_194217,target_lag6,0.750003338690426
2,0,0.3,GLM_1_AutoML_10_20260420_194217,cov_HULL_lag1,0.14457857256289836
2,0,0.3,GLM_1_AutoML_10_20260420_194217,cov_MUFL_lag1,1.0472853955361026
2,0,0.3,GLM_1_AutoML_10_20260420_194217,cov_MULL_lag1,0.15978604244244332
2,0,0.3,GLM_1_AutoML_10_20260420_194217,cov_LUFL_lag1,0.005947261907036792
2,0,0.3,GLM_1_AutoML_10_20260420_194217,cov_LULL_lag1,0.026276360797248256
2,0,0.3,GLM_1_AutoML_10_20260420_194217,cov_OT_lag1,0.12321448057811311
2,0,0.3,GLM_1_AutoML_10_20260420_194217,hour_lag1,0.1816671567027014
2,0,0.3,GLM_1_AutoML_10_20260420_194217,day_of_week_lag1,0.0019405980720424896
2,0,0.3,GLM_1_AutoML_10_20260420_194217,month_lag1,0.03085792588566016
2,0,0.3,GLM_1_AutoML_10_20260420_194217,month_sin,0.004228709767785865
2,0,0.3,GLM_1_AutoML_10_20260420_194217,month_cos,0.003811078433148071
2,0,0.3,GLM_1_AutoML_10_20260420_194217,year,0.18756687910528144
2,0,0.3,XGBoost_grid_1_AutoML_10_20260420_194217_model_3,target_lag1,2.2373098610714077
2,0,0.3,XGBoost_grid_1_AutoML_10_20260420_194217_model_3,target_lag2,1.2425740513205528
2,0,0.3,XGBoost_grid_1_AutoML_10_20260420_194217_model_3,target_lag3,0.6364118491113185
2,0,0.3,XGBoost_grid_1_AutoML_10_20260420_194217_model_3,target_lag4,1.0455849885940551
2,0,0.3,XGBoost_grid_1_AutoML_10_20260420_194217_model_3,target_lag5,0.07583648042811543
2,0,0.3,XGBoost_grid_1_AutoML_10_20260420_194217_model_3,target_lag6,0.14630045279394832
2,0,0.3,XGBoost_grid_1_AutoML_10_20260420_194217_model_3,cov_HULL_lag1,0.035302119830812405
2,0,0.3,XGBoost_grid_1_AutoML_10_20260420_194217_model_3,cov_MUFL_lag1,1.1308869717270136
2,0,0.3,XGBoost_grid_1_AutoML_10_20260420_194217_model_3,cov_MULL_lag1,0.07808497021440411
2,0,0.3,XGBoost_grid_1_AutoML_10_20260420_194217_model_3,cov_LUFL_lag1,0.20203565794974562
2,0,0.3,XGBoost_grid_1_AutoML_10_20260420_194217_model_3,cov_LULL_lag1,0.032976610978366766
2,0,0.3,XGBoost_grid_1_AutoML_10_20260420_194217_model_3,cov_OT_lag1,0.04636041701305654
2,0,0.3,XGBoost_grid_1_AutoML_10_20260420_194217_model_3,hour_lag1,0.5718855513632297
2,0,0.3,XGBoost_grid_1_AutoML_10_20260420_194217_model_3,day_of_week_lag1,0.01012732170522209
2,0,0.3,XGBoost_grid_1_AutoML_10_20260420_194217_model_3,month_lag1,0.07267491944134231
2,0,0.3,XGBoost_grid_1_AutoML_10_20260420_194217_model_3,month_sin,0.006864422569060436
2,0,0.3,XGBoost_grid_1_AutoML_10_20260420_194217_model_3,month_cos,0.018297716527013067
2,0,0.3,XGBoost_grid_1_AutoML_10_20260420_194217_model_3,year,0.16513231303426437
2,0,0.3,XGBoost_3_AutoML_10_20260420_194217,target_lag1,3.838528238683939
2,0,0.3,XGBoost_3_AutoML_10_20260420_194217,target_lag2,0.26191689762476017
2,0,0.3,XGBoost_3_AutoML_10_20260420_194217,target_lag3,0.4465776297450066
2,0,0.3,XGBoost_3_AutoML_10_20260420_194217,target_lag4,0.2185353334806859
2,0,0.3,XGBoost_3_AutoML_10_20260420_194217,target_lag5,0.11545630404405526
2,0,0.3,XGBoost_3_AutoML_10_20260420_194217,target_lag6,0.21169306636787952
2,0,0.3,XGBoost_3_AutoML_10_20260420_194217,cov_HULL_lag1,0.019176700093666982
2,0,0.3,XGBoost_3_AutoML_10_20260420_194217,cov_MUFL_lag1,1.188698233384639
2,0,0.3,XGBoost_3_AutoML_10_20260420_194217,cov_MULL_lag1,0.08987742025405165
2,0,0.3,XGBoost_3_AutoML_10_20260420_194217,cov_LUFL_lag1,0.1004334936640225
2,0,0.3,XGBoost_3_AutoML_10_20260420_194217,cov_LULL_lag1,0.05028106800222299
2,0,0.3,XGBoost_3_AutoML_10_20260420_194217,cov_OT_lag1,0.05155261790263463
2,0,0.3,XGBoost_3_AutoML_10_20260420_194217,hour_lag1,0.6210888221487403
2,0,0.3,XGBoost_3_AutoML_10_20260420_194217,day_of_week_lag1,0.003647554311100934
2,0,0.3,XGBoost_3_AutoML_10_20260420_194217,month_lag1,0.026767017724923736
2,0,0.3,XGBoost_3_AutoML_10_20260420_194217,month_sin,0.005429156401951288
2,0,0.3,XGBoost_3_AutoML_10_20260420_194217,month_cos,0.00386991623339779
2,0,0.3,XGBoost_3_AutoML_10_20260420_194217,year,0.387652735611191
2,0,0.3,XGBoost_grid_1_AutoML_10_20260420_194217_model_5,target_lag1,3.500004779174924
2,0,0.3,XGBoost_grid_1_AutoML_10_20260420_194217_model_5,target_lag2,0.6738687397073955
2,0,0.3,XGBoost_grid_1_AutoML_10_20260420_194217_model_5,target_lag3,0.17714218585751948
2,0,0.3,XGBoost_grid_1_AutoML_10_20260420_194217_model_5,target_lag4,0.09368667206261304
2,0,0.3,XGBoost_grid_1_AutoML_10_20260420_194217_model_5,target_lag5,0.07212673861587969
2,0,0.3,XGBoost_grid_1_AutoML_10_20260420_194217_model_5,target_lag6,0.0939793985150754
2,0,0.3,XGBoost_grid_1_AutoML_10_20260420_194217_model_5,cov_HULL_lag1,0.052680293280282016
2,0,0.3,XGBoost_grid_1_AutoML_10_20260420_194217_model_5,cov_MUFL_lag1,1.552368751456961
2,0,0.3,XGBoost_grid_1_AutoML_10_20260420_194217_model_5,cov_MULL_lag1,0.050128885708836564
2,0,0.3,XGBoost_grid_1_AutoML_10_20260420_194217_model_5,cov_LUFL_lag1,0.07851086696464332
2,0,0.3,XGBoost_grid_1_AutoML_10_20260420_194217_model_5,cov_LULL_lag1,0.041292727589607205
2,0,0.3,XGBoost_grid_1_AutoML_10_20260420_194217_model_5,cov_OT_lag1,0.06634786981623617
2,0,0.3,XGBoost_grid_1_AutoML_10_20260420_194217_model_5,hour_lag1,0.6058112569339573
2,0,0.3,XGBoost_grid_1_AutoML_10_20260420_194217_model_5,day_of_week_lag1,0.020457110506249557
2,0,0.3,XGBoost_grid_1_AutoML_10_20260420_194217_model_5,month_lag1,0.06538234626117624
2,0,0.3,XGBoost_grid_1_AutoML_10_20260420_194217_model_5,month_sin,0.013969575436785772
2,0,0.3,XGBoost_grid_1_AutoML_10_20260420_194217_model_5,month_cos,0.01363875280716452
2,0,0.3,XGBoost_grid_1_AutoML_10_20260420_194217_model_5,year,0.27132348862942307
2,0,0.3,XGBoost_2_AutoML_10_20260420_194217,target_lag1,2.451189907100052
2,0,0.3,XGBoost_2_AutoML_10_20260420_194217,target_lag2,0.5656700490042568
2,0,0.3,XGBoost_2_AutoML_10_20260420_194217,target_lag3,0.25051502473652365
2,0,0.3,XGBoost_2_AutoML_10_20260420_194217,target_lag4,0.17729026097105816
2,0,0.3,XGBoost_2_AutoML_10_20260420_194217,target_lag5,0.10067789171123874
2,0,0.3,XGBoost_2_AutoML_10_20260420_194217,target_lag6,0.21064045507460832
2,0,0.3,XGBoost_2_AutoML_10_20260420_194217,cov_HULL_lag1,0.12066184973227788
2,0,0.3,XGBoost_2_AutoML_10_20260420_194217,cov_MUFL_lag1,2.9655561632290484
2,0,0.3,XGBoost_2_AutoML_10_20260420_194217,cov_MULL_lag1,0.0707761452114209
2,0,0.3,XGBoost_2_AutoML_10_20260420_194217,cov_LUFL_lag1,0.09077153881546106
2,0,0.3,XGBoost_2_AutoML_10_20260420_194217,cov_LULL_lag1,0.06605225454753959
2,0,0.3,XGBoost_2_AutoML_10_20260420_194217,cov_OT_lag1,0.09783048880286511
2,0,0.3,XGBoost_2_AutoML_10_20260420_194217,hour_lag1,0.6154810174927116
2,0,0.3,XGBoost_2_AutoML_10_20260420_194217,day_of_week_lag1,0.04816725855474939
2,0,0.3,XGBoost_2_AutoML_10_20260420_194217,month_lag1,0.11312372476793822
2,0,0.3,XGBoost_2_AutoML_10_20260420_194217,month_sin,0.0324297888227738
2,0,0.3,XGBoost_2_AutoML_10_20260420_194217,month_cos,0.027408266201709875
2,0,0.3,XGBoost_2_AutoML_10_20260420_194217,year,0.2592471468448639
2,0,0.3,XGBoost_1_AutoML_10_20260420_194217,target_lag1,2.510914160925895
2,0,0.3,XGBoost_1_AutoML_10_20260420_194217,target_lag2,0.922110429033637
2,0,0.3,XGBoost_1_AutoML_10_20260420_194217,target_lag3,0.17579397005029018
2,0,0.3,XGBoost_1_AutoML_10_20260420_194217,target_lag4,0.12679903570009624
2,0,0.3,XGBoost_1_AutoML_10_20260420_194217,target_lag5,0.12972147605032658
2,0,0.3,XGBoost_1_AutoML_10_20260420_194217,target_lag6,0.13702501176390794
2,0,0.3,XGBoost_1_AutoML_10_20260420_194217,cov_HULL_lag1,0.07510411999654021
2,0,0.3,XGBoost_1_AutoML_10_20260420_194217,cov_MUFL_lag1,2.40542183727026
2,0,0.3,XGBoost_1_AutoML_10_20260420_194217,cov_MULL_lag1,0.10103770613903176
2,0,0.3,XGBoost_1_AutoML_10_20260420_194217,cov_LUFL_lag1,0.19665056738071143
2,0,0.3,XGBoost_1_AutoML_10_20260420_194217,cov_LULL_lag1,0.07434469357132907
2,0,0.3,XGBoost_1_AutoML_10_20260420_194217,cov_OT_lag1,0.14471417857392221
2,0,0.3,XGBoost_1_AutoML_10_20260420_194217,hour_lag1,0.6008761176466941
2,0,0.3,XGBoost_1_AutoML_10_20260420_194217,day_of_week_lag1,0.029128714770777112
2,0,0.3,XGBoost_1_AutoML_10_20260420_194217,month_lag1,0.08945684835081917
2,0,0.3,XGBoost_1_AutoML_10_20260420_194217,month_sin,0.03999550135456952
2,0,0.3,XGBoost_1_AutoML_10_20260420_194217,month_cos,0.04295202683715612
2,0,0.3,XGBoost_1_AutoML_10_20260420_194217,year,0.13969146240502592
0,1,0.02,GBM_grid_1_AutoML_13_20260420_194809_model_3,target_lag1,1.6134529651515186
0,1,0.02,GBM_grid_1_AutoML_13_20260420_194809_model_3,target_lag2,0.8323274960997514
0,1,0.02,GBM_grid_1_AutoML_13_20260420_194809_model_3,target_lag3,0.3646453302074224
0,1,0.02,GBM_grid_1_AutoML_13_20260420_194809_model_3,target_lag4,0.33611990361940114
0,1,0.02,GBM_grid_1_AutoML_13_20260420_194809_model_3,target_lag5,0.09122349878540259
0,1,0.02,GBM_grid_1_AutoML_13_20260420_194809_model_3,target_lag6,0.15303314785705877
0,1,0.02,GBM_grid_1_AutoML_13_20260420_194809_model_3,cov_HULL_lag1,0.06427142423577603
0,1,0.02,GBM_grid_1_AutoML_13_20260420_194809_model_3,cov_MUFL_lag1,1.0012619666778482
0,1,0.02,GBM_grid_1_AutoML_13_20260420_194809_model_3,cov_MULL_lag1,0.08672253360273313
0,1,0.02,GBM_grid_1_AutoML_13_20260420_194809_model_3,cov_LUFL_lag1,0.12485233932733532
0,1,0.02,GBM_grid_1_AutoML_13_20260420_194809_model_3,cov_LULL_lag1,0.019995698190759817
0,1,0.02,GBM_grid_1_AutoML_13_20260420_194809_model_3,cov_OT_lag1,0.03491270508966404
0,1,0.02,GBM_grid_1_AutoML_13_20260420_194809_model_3,hour_lag1,0.2779851976595819
0,1,0.02,GBM_grid_1_AutoML_13_20260420_194809_model_3,day_of_week_lag1,0.01658985315541936
0,1,0.02,GBM_grid_1_AutoML_13_20260420_194809_model_3,month_lag1,0.023844452821649566
0,1,0.02,GBM_grid_1_AutoML_13_20260420_194809_model_3,month_sin,0.005637246263977405
0,1,0.02,GBM_grid_1_AutoML_13_20260420_194809_model_3,month_cos,0.006739388712012401
0,1,0.02,GBM_grid_1_AutoML_13_20260420_194809_model_3,year,0.09988551419693974
0,1,0.02,GBM_grid_1_AutoML_13_20260420_194809_model_2,target_lag1,2.1715187546610832
0,1,0.02,GBM_grid_1_AutoML_13_20260420_194809_model_2,target_lag2,0.6302606803644448
0,1,0.02,GBM_grid_1_AutoML_13_20260420_194809_model_2,target_lag3,0.34856234713457523
0,1,0.02,GBM_grid_1_AutoML_13_20260420_194809_model_2,target_lag4,0.023279509461717644
0,1,0.02,GBM_grid_1_AutoML_13_20260420_194809_model_2,target_lag5,0.03564173985476368
0,1,0.02,GBM_grid_1_AutoML_13_20260420_194809_model_2,target_lag6,0.04812235537450756
0,1,0.02,GBM_grid_1_AutoML_13_20260420_194809_model_2,cov_HULL_lag1,0.06522235223790628
0,1,0.02,GBM_grid_1_AutoML_13_20260420_194809_model_2,cov_MUFL_lag1,1.5071206644922495
0,1,0.02,GBM_grid_1_AutoML_13_20260420_194809_model_2,cov_MULL_lag1,0.03162646873854096
0,1,0.02,GBM_grid_1_AutoML_13_20260420_194809_model_2,cov_LUFL_lag1,0.08730029903352257
0,1,0.02,GBM_grid_1_AutoML_13_20260420_194809_model_2,cov_LULL_lag1,0.006870503900572616
0,1,0.02,GBM_grid_1_AutoML_13_20260420_194809_model_2,cov_OT_lag1,0.037666985723189966
0,1,0.02,GBM_grid_1_AutoML_13_20260420_194809_model_2,hour_lag1,0.33730500081554055
0,1,0.02,GBM_grid_1_AutoML_13_20260420_194809_model_2,day_of_week_lag1,0.0018203494940826177
0,1,0.02,GBM_grid_1_AutoML_13_20260420_194809_model_2,month_lag1,0.013418472396442617
0,1,0.02,GBM_grid_1_AutoML_13_20260420_194809_model_2,month_sin,0.00034269889085407487
0,1,0.02,GBM_grid_1_AutoML_13_20260420_194809_model_2,month_cos,0.004251077828812368
0,1,0.02,GBM_grid_1_AutoML_13_20260420_194809_model_2,year,0.12498050030320879
0,1,0.02,GBM_1_AutoML_13_20260420_194809,target_lag1,2.3986005119606855
0,1,0.02,GBM_1_AutoML_13_20260420_194809,target_lag2,0.5846139481663704
0,1,0.02,GBM_1_AutoML_13_20260420_194809,target_lag3,0.09590638737194236
0,1,0.02,GBM_1_AutoML_13_20260420_194809,target_lag4,0.0399336242571007
0,1,0.02,GBM_1_AutoML_13_20260420_194809,target_lag5,0.0443508843844756
0,1,0.02,GBM_1_AutoML_13_20260420_194809,target_lag6,0.06438063378445799
0,1,0.02,GBM_1_AutoML_13_20260420_194809,cov_HULL_lag1,0.08535066748969253
0,1,0.02,GBM_1_AutoML_13_20260420_194809,cov_MUFL_lag1,1.751801759749651
0,1,0.02,GBM_1_AutoML_13_20260420_194809,cov_MULL_lag1,0.07982110576238478
0,1,0.02,GBM_1_AutoML_13_20260420_194809,cov_LUFL_lag1,0.07391703772358592
0,1,0.02,GBM_1_AutoML_13_20260420_194809,cov_LULL_lag1,0.017785910202655887
0,1,0.02,GBM_1_AutoML_13_20260420_194809,cov_OT_lag1,0.04403342697769398
0,1,0.02,GBM_1_AutoML_13_20260420_194809,hour_lag1,0.30732755300588904
0,1,0.02,GBM_1_AutoML_13_20260420_194809,day_of_week_lag1,0.019655151107581283
0,1,0.02,GBM_1_AutoML_13_20260420_194809,month_lag1,0.025884402781957708
0,1,0.02,GBM_1_AutoML_13_20260420_194809,month_sin,0.013029164607869417
0,1,0.02,GBM_1_AutoML_13_20260420_194809,month_cos,0.015189695105072995
0,1,0.02,GBM_1_AutoML_13_20260420_194809,year,0.20373245380818844
0,1,0.05,GBM_grid_1_AutoML_13_20260420_194809_model_3,target_lag1,1.6134529651515186
0,1,0.05,GBM_grid_1_AutoML_13_20260420_194809_model_3,target_lag2,0.8323274960997514
0,1,0.05,GBM_grid_1_AutoML_13_20260420_194809_model_3,target_lag3,0.3646453302074224
0,1,0.05,GBM_grid_1_AutoML_13_20260420_194809_model_3,target_lag4,0.33611990361940114
0,1,0.05,GBM_grid_1_AutoML_13_20260420_194809_model_3,target_lag5,0.09122349878540259
0,1,0.05,GBM_grid_1_AutoML_13_20260420_194809_model_3,target_lag6,0.15303314785705877
0,1,0.05,GBM_grid_1_AutoML_13_20260420_194809_model_3,cov_HULL_lag1,0.06427142423577603
0,1,0.05,GBM_grid_1_AutoML_13_20260420_194809_model_3,cov_MUFL_lag1,1.0012619666778482
0,1,0.05,GBM_grid_1_AutoML_13_20260420_194809_model_3,cov_MULL_lag1,0.08672253360273313
0,1,0.05,GBM_grid_1_AutoML_13_20260420_194809_model_3,cov_LUFL_lag1,0.12485233932733532
0,1,0.05,GBM_grid_1_AutoML_13_20260420_194809_model_3,cov_LULL_lag1,0.019995698190759817
0,1,0.05,GBM_grid_1_AutoML_13_20260420_194809_model_3,cov_OT_lag1,0.03491270508966404
0,1,0.05,GBM_grid_1_AutoML_13_20260420_194809_model_3,hour_lag1,0.2779851976595819
0,1,0.05,GBM_grid_1_AutoML_13_20260420_194809_model_3,day_of_week_lag1,0.01658985315541936
0,1,0.05,GBM_grid_1_AutoML_13_20260420_194809_model_3,month_lag1,0.023844452821649566
0,1,0.05,GBM_grid_1_AutoML_13_20260420_194809_model_3,month_sin,0.005637246263977405
0,1,0.05,GBM_grid_1_AutoML_13_20260420_194809_model_3,month_cos,0.006739388712012401
0,1,0.05,GBM_grid_1_AutoML_13_20260420_194809_model_3,year,0.09988551419693974
0,1,0.05,GBM_grid_1_AutoML_13_20260420_194809_model_2,target_lag1,2.1715187546610832
0,1,0.05,GBM_grid_1_AutoML_13_20260420_194809_model_2,target_lag2,0.6302606803644448
0,1,0.05,GBM_grid_1_AutoML_13_20260420_194809_model_2,target_lag3,0.34856234713457523
0,1,0.05,GBM_grid_1_AutoML_13_20260420_194809_model_2,target_lag4,0.023279509461717644
0,1,0.05,GBM_grid_1_AutoML_13_20260420_194809_model_2,target_lag5,0.03564173985476368
0,1,0.05,GBM_grid_1_AutoML_13_20260420_194809_model_2,target_lag6,0.04812235537450756
0,1,0.05,GBM_grid_1_AutoML_13_20260420_194809_model_2,cov_HULL_lag1,0.06522235223790628
0,1,0.05,GBM_grid_1_AutoML_13_20260420_194809_model_2,cov_MUFL_lag1,1.5071206644922495
0,1,0.05,GBM_grid_1_AutoML_13_20260420_194809_model_2,cov_MULL_lag1,0.03162646873854096
0,1,0.05,GBM_grid_1_AutoML_13_20260420_194809_model_2,cov_LUFL_lag1,0.08730029903352257
0,1,0.05,GBM_grid_1_AutoML_13_20260420_194809_model_2,cov_LULL_lag1,0.006870503900572616
0,1,0.05,GBM_grid_1_AutoML_13_20260420_194809_model_2,cov_OT_lag1,0.037666985723189966
0,1,0.05,GBM_grid_1_AutoML_13_20260420_194809_model_2,hour_lag1,0.33730500081554055
0,1,0.05,GBM_grid_1_AutoML_13_20260420_194809_model_2,day_of_week_lag1,0.0018203494940826177
0,1,0.05,GBM_grid_1_AutoML_13_20260420_194809_model_2,month_lag1,0.013418472396442617
0,1,0.05,GBM_grid_1_AutoML_13_20260420_194809_model_2,month_sin,0.00034269889085407487
0,1,0.05,GBM_grid_1_AutoML_13_20260420_194809_model_2,month_cos,0.004251077828812368
0,1,0.05,GBM_grid_1_AutoML_13_20260420_194809_model_2,year,0.12498050030320879
0,1,0.05,GBM_1_AutoML_13_20260420_194809,target_lag1,2.3986005119606855
0,1,0.05,GBM_1_AutoML_13_20260420_194809,target_lag2,0.5846139481663704
0,1,0.05,GBM_1_AutoML_13_20260420_194809,target_lag3,0.09590638737194236
0,1,0.05,GBM_1_AutoML_13_20260420_194809,target_lag4,0.0399336242571007
0,1,0.05,GBM_1_AutoML_13_20260420_194809,target_lag5,0.0443508843844756
0,1,0.05,GBM_1_AutoML_13_20260420_194809,target_lag6,0.06438063378445799
0,1,0.05,GBM_1_AutoML_13_20260420_194809,cov_HULL_lag1,0.08535066748969253
0,1,0.05,GBM_1_AutoML_13_20260420_194809,cov_MUFL_lag1,1.751801759749651
0,1,0.05,GBM_1_AutoML_13_20260420_194809,cov_MULL_lag1,0.07982110576238478
0,1,0.05,GBM_1_AutoML_13_20260420_194809,cov_LUFL_lag1,0.07391703772358592
0,1,0.05,GBM_1_AutoML_13_20260420_194809,cov_LULL_lag1,0.017785910202655887
0,1,0.05,GBM_1_AutoML_13_20260420_194809,cov_OT_lag1,0.04403342697769398
0,1,0.05,GBM_1_AutoML_13_20260420_194809,hour_lag1,0.30732755300588904
0,1,0.05,GBM_1_AutoML_13_20260420_194809,day_of_week_lag1,0.019655151107581283
0,1,0.05,GBM_1_AutoML_13_20260420_194809,month_lag1,0.025884402781957708
0,1,0.05,GBM_1_AutoML_13_20260420_194809,month_sin,0.013029164607869417
0,1,0.05,GBM_1_AutoML_13_20260420_194809,month_cos,0.015189695105072995
0,1,0.05,GBM_1_AutoML_13_20260420_194809,year,0.20373245380818844
0,1,0.05,GBM_2_AutoML_13_20260420_194809,target_lag1,2.011435300260782
0,1,0.05,GBM_2_AutoML_13_20260420_194809,target_lag2,0.6119619281659834
0,1,0.05,GBM_2_AutoML_13_20260420_194809,target_lag3,0.08721437357831743
0,1,0.05,GBM_2_AutoML_13_20260420_194809,target_lag4,0.03082063380628819
0,1,0.05,GBM_2_AutoML_13_20260420_194809,target_lag5,0.04633549692574885
0,1,0.05,GBM_2_AutoML_13_20260420_194809,target_lag6,0.05861206880304957
0,1,0.05,GBM_2_AutoML_13_20260420_194809,cov_HULL_lag1,0.0501685912534594
0,1,0.05,GBM_2_AutoML_13_20260420_194809,cov_MUFL_lag1,2.019203143119812
0,1,0.05,GBM_2_AutoML_13_20260420_194809,cov_MULL_lag1,0.0602684240462258
0,1,0.05,GBM_2_AutoML_13_20260420_194809,cov_LUFL_lag1,0.10062101888470348
0,1,0.05,GBM_2_AutoML_13_20260420_194809,cov_LULL_lag1,0.024783570326399013
0,1,0.05,GBM_2_AutoML_13_20260420_194809,cov_OT_lag1,0.029662410267337652
0,1,0.05,GBM_2_AutoML_13_20260420_194809,hour_lag1,0.3095280239917338
0,1,0.05,GBM_2_AutoML_13_20260420_194809,day_of_week_lag1,0.013698440533189528
0,1,0.05,GBM_2_AutoML_13_20260420_194809,month_lag1,0.02467453528064649
0,1,0.05,GBM_2_AutoML_13_20260420_194809,month_sin,0.013511257804057044
0,1,0.05,GBM_2_AutoML_13_20260420_194809,month_cos,0.011086327690281865
0,1,0.05,GBM_2_AutoML_13_20260420_194809,year,0.2031683523952961
0,1,0.05,GBM_3_AutoML_13_20260420_194809,target_lag1,1.9953981480840595
0,1,0.05,GBM_3_AutoML_13_20260420_194809,target_lag2,0.6733168105408549
0,1,0.05,GBM_3_AutoML_13_20260420_194809,target_lag3,0.09833897634409365
0,1,0.05,GBM_3_AutoML_13_20260420_194809,target_lag4,0.06325238004792479
0,1,0.05,GBM_3_AutoML_13_20260420_194809,target_lag5,0.03684517680434505
0,1,0.05,GBM_3_AutoML_13_20260420_194809,target_lag6,0.08817388013470914
0,1,0.05,GBM_3_AutoML_13_20260420_194809,cov_HULL_lag1,0.05746307390276339
0,1,0.05,GBM_3_AutoML_13_20260420_194809,cov_MUFL_lag1,1.9711783902347089
0,1,0.05,GBM_3_AutoML_13_20260420_194809,cov_MULL_lag1,0.07072033355943855
0,1,0.05,GBM_3_AutoML_13_20260420_194809,cov_LUFL_lag1,0.09437976921908554
0,1,0.05,GBM_3_AutoML_13_20260420_194809,cov_LULL_lag1,0.03498065244646564
0,1,0.05,GBM_3_AutoML_13_20260420_194809,cov_OT_lag1,0.05395638485671947
0,1,0.05,GBM_3_AutoML_13_20260420_194809,hour_lag1,0.31570581153035165
0,1,0.05,GBM_3_AutoML_13_20260420_194809,day_of_week_lag1,0.012692106691247268
0,1,0.05,GBM_3_AutoML_13_20260420_194809,month_lag1,0.035068262222921434
0,1,0.05,GBM_3_AutoML_13_20260420_194809,month_sin,0.01632555191565184
0,1,0.05,GBM_3_AutoML_13_20260420_194809,month_cos,0.018039294520567586
0,1,0.05,GBM_3_AutoML_13_20260420_194809,year,0.1826959946192801
0,1,0.05,GBM_5_AutoML_13_20260420_194809,target_lag1,2.176434324160218
0,1,0.05,GBM_5_AutoML_13_20260420_194809,target_lag2,0.6158093095570802
0,1,0.05,GBM_5_AutoML_13_20260420_194809,target_lag3,0.08157411466119807
0,1,0.05,GBM_5_AutoML_13_20260420_194809,target_lag4,0.1518228051066398
0,1,0.05,GBM_5_AutoML_13_20260420_194809,target_lag5,0.0551162559795193
0,1,0.05,GBM_5_AutoML_13_20260420_194809,target_lag6,0.06362734070979055
0,1,0.05,GBM_5_AutoML_13_20260420_194809,cov_HULL_lag1,0.09108927743509408
0,1,0.05,GBM_5_AutoML_13_20260420_194809,cov_MUFL_lag1,1.6925037945620716
0,1,0.05,GBM_5_AutoML_13_20260420_194809,cov_MULL_lag1,0.08447319729253647
0,1,0.05,GBM_5_AutoML_13_20260420_194809,cov_LUFL_lag1,0.09809969306923445
0,1,0.05,GBM_5_AutoML_13_20260420_194809,cov_LULL_lag1,0.017263385561818678
0,1,0.05,GBM_5_AutoML_13_20260420_194809,cov_OT_lag1,0.03013135763641908
0,1,0.05,GBM_5_AutoML_13_20260420_194809,hour_lag1,0.31464435018540826
0,1,0.05,GBM_5_AutoML_13_20260420_194809,day_of_week_lag1,0.010873280998421204
0,1,0.05,GBM_5_AutoML_13_20260420_194809,month_lag1,0.022673663661407727
0,1,0.05,GBM_5_AutoML_13_20260420_194809,month_sin,0.010961673238780303
0,1,0.05,GBM_5_AutoML_13_20260420_194809,month_cos,0.007329688343488627
0,1,0.05,GBM_5_AutoML_13_20260420_194809,year,0.16736952482722697
0,1,0.05,XRT_1_AutoML_13_20260420_194809,target_lag1,1.6724793541431426
0,1,0.05,XRT_1_AutoML_13_20260420_194809,target_lag2,1.0721068568527699
0,1,0.05,XRT_1_AutoML_13_20260420_194809,target_lag3,0.22555036569014192
0,1,0.05,XRT_1_AutoML_13_20260420_194809,target_lag4,0.3342770900949836
0,1,0.05,XRT_1_AutoML_13_20260420_194809,target_lag5,0.18976650924421842
0,1,0.05,XRT_1_AutoML_13_20260420_194809,target_lag6,0.11688882532529529
0,1,0.05,XRT_1_AutoML_13_20260420_194809,cov_HULL_lag1,0.07453783859498796
0,1,0.05,XRT_1_AutoML_13_20260420_194809,cov_MUFL_lag1,1.7788599260151385
0,1,0.05,XRT_1_AutoML_13_20260420_194809,cov_MULL_lag1,0.12516185513231898
0,1,0.05,XRT_1_AutoML_13_20260420_194809,cov_LUFL_lag1,0.09628384616225955
0,1,0.05,XRT_1_AutoML_13_20260420_194809,cov_LULL_lag1,0.03783583847747646
0,1,0.05,XRT_1_AutoML_13_20260420_194809,cov_OT_lag1,0.06730078061576929
0,1,0.05,XRT_1_AutoML_13_20260420_194809,hour_lag1,0.24931254150345922
0,1,0.05,XRT_1_AutoML_13_20260420_194809,day_of_week_lag1,0.0675866535166278
0,1,0.05,XRT_1_AutoML_13_20260420_194809,month_lag1,0.08724640266969796
0,1,0.05,XRT_1_AutoML_13_20260420_194809,month_sin,0.02709969582268963
0,1,0.05,XRT_1_AutoML_13_20260420_194809,month_cos,0.025219153663274433
0,1,0.05,XRT_1_AutoML_13_20260420_194809,year,476714.74296122836
0,1,0.1,GBM_grid_1_AutoML_13_20260420_194809_model_3,target_lag1,1.6134529651515186
0,1,0.1,GBM_grid_1_AutoML_13_20260420_194809_model_3,target_lag2,0.8323274960997514
0,1,0.1,GBM_grid_1_AutoML_13_20260420_194809_model_3,target_lag3,0.3646453302074224
0,1,0.1,GBM_grid_1_AutoML_13_20260420_194809_model_3,target_lag4,0.33611990361940114
0,1,0.1,GBM_grid_1_AutoML_13_20260420_194809_model_3,target_lag5,0.09122349878540259
0,1,0.1,GBM_grid_1_AutoML_13_20260420_194809_model_3,target_lag6,0.15303314785705877
0,1,0.1,GBM_grid_1_AutoML_13_20260420_194809_model_3,cov_HULL_lag1,0.06427142423577603
0,1,0.1,GBM_grid_1_AutoML_13_20260420_194809_model_3,cov_MUFL_lag1,1.0012619666778482
0,1,0.1,GBM_grid_1_AutoML_13_20260420_194809_model_3,cov_MULL_lag1,0.08672253360273313
0,1,0.1,GBM_grid_1_AutoML_13_20260420_194809_model_3,cov_LUFL_lag1,0.12485233932733532
0,1,0.1,GBM_grid_1_AutoML_13_20260420_194809_model_3,cov_LULL_lag1,0.019995698190759817
0,1,0.1,GBM_grid_1_AutoML_13_20260420_194809_model_3,cov_OT_lag1,0.03491270508966404
0,1,0.1,GBM_grid_1_AutoML_13_20260420_194809_model_3,hour_lag1,0.2779851976595819
0,1,0.1,GBM_grid_1_AutoML_13_20260420_194809_model_3,day_of_week_lag1,0.01658985315541936
0,1,0.1,GBM_grid_1_AutoML_13_20260420_194809_model_3,month_lag1,0.023844452821649566
0,1,0.1,GBM_grid_1_AutoML_13_20260420_194809_model_3,month_sin,0.005637246263977405
0,1,0.1,GBM_grid_1_AutoML_13_20260420_194809_model_3,month_cos,0.006739388712012401
0,1,0.1,GBM_grid_1_AutoML_13_20260420_194809_model_3,year,0.09988551419693974
0,1,0.1,GBM_grid_1_AutoML_13_20260420_194809_model_2,target_lag1,2.1715187546610832
0,1,0.1,GBM_grid_1_AutoML_13_20260420_194809_model_2,target_lag2,0.6302606803644448
0,1,0.1,GBM_grid_1_AutoML_13_20260420_194809_model_2,target_lag3,0.34856234713457523
0,1,0.1,GBM_grid_1_AutoML_13_20260420_194809_model_2,target_lag4,0.023279509461717644
0,1,0.1,GBM_grid_1_AutoML_13_20260420_194809_model_2,target_lag5,0.03564173985476368
0,1,0.1,GBM_grid_1_AutoML_13_20260420_194809_model_2,target_lag6,0.04812235537450756
0,1,0.1,GBM_grid_1_AutoML_13_20260420_194809_model_2,cov_HULL_lag1,0.06522235223790628
0,1,0.1,GBM_grid_1_AutoML_13_20260420_194809_model_2,cov_MUFL_lag1,1.5071206644922495
0,1,0.1,GBM_grid_1_AutoML_13_20260420_194809_model_2,cov_MULL_lag1,0.03162646873854096
0,1,0.1,GBM_grid_1_AutoML_13_20260420_194809_model_2,cov_LUFL_lag1,0.08730029903352257
0,1,0.1,GBM_grid_1_AutoML_13_20260420_194809_model_2,cov_LULL_lag1,0.006870503900572616
0,1,0.1,GBM_grid_1_AutoML_13_20260420_194809_model_2,cov_OT_lag1,0.037666985723189966
0,1,0.1,GBM_grid_1_AutoML_13_20260420_194809_model_2,hour_lag1,0.33730500081554055
0,1,0.1,GBM_grid_1_AutoML_13_20260420_194809_model_2,day_of_week_lag1,0.0018203494940826177
0,1,0.1,GBM_grid_1_AutoML_13_20260420_194809_model_2,month_lag1,0.013418472396442617
0,1,0.1,GBM_grid_1_AutoML_13_20260420_194809_model_2,month_sin,0.00034269889085407487
0,1,0.1,GBM_grid_1_AutoML_13_20260420_194809_model_2,month_cos,0.004251077828812368
0,1,0.1,GBM_grid_1_AutoML_13_20260420_194809_model_2,year,0.12498050030320879
0,1,0.1,GBM_1_AutoML_13_20260420_194809,target_lag1,2.3986005119606855
0,1,0.1,GBM_1_AutoML_13_20260420_194809,target_lag2,0.5846139481663704
0,1,0.1,GBM_1_AutoML_13_20260420_194809,target_lag3,0.09590638737194236
0,1,0.1,GBM_1_AutoML_13_20260420_194809,target_lag4,0.0399336242571007
0,1,0.1,GBM_1_AutoML_13_20260420_194809,target_lag5,0.0443508843844756
0,1,0.1,GBM_1_AutoML_13_20260420_194809,target_lag6,0.06438063378445799
0,1,0.1,GBM_1_AutoML_13_20260420_194809,cov_HULL_lag1,0.08535066748969253
0,1,0.1,GBM_1_AutoML_13_20260420_194809,cov_MUFL_lag1,1.751801759749651
0,1,0.1,GBM_1_AutoML_13_20260420_194809,cov_MULL_lag1,0.07982110576238478
0,1,0.1,GBM_1_AutoML_13_20260420_194809,cov_LUFL_lag1,0.07391703772358592
0,1,0.1,GBM_1_AutoML_13_20260420_194809,cov_LULL_lag1,0.017785910202655887
0,1,0.1,GBM_1_AutoML_13_20260420_194809,cov_OT_lag1,0.04403342697769398
0,1,0.1,GBM_1_AutoML_13_20260420_194809,hour_lag1,0.30732755300588904
0,1,0.1,GBM_1_AutoML_13_20260420_194809,day_of_week_lag1,0.019655151107581283
0,1,0.1,GBM_1_AutoML_13_20260420_194809,month_lag1,0.025884402781957708
0,1,0.1,GBM_1_AutoML_13_20260420_194809,month_sin,0.013029164607869417
0,1,0.1,GBM_1_AutoML_13_20260420_194809,month_cos,0.015189695105072995
0,1,0.1,GBM_1_AutoML_13_20260420_194809,year,0.20373245380818844
0,1,0.1,GBM_2_AutoML_13_20260420_194809,target_lag1,2.011435300260782
0,1,0.1,GBM_2_AutoML_13_20260420_194809,target_lag2,0.6119619281659834
0,1,0.1,GBM_2_AutoML_13_20260420_194809,target_lag3,0.08721437357831743
0,1,0.1,GBM_2_AutoML_13_20260420_194809,target_lag4,0.03082063380628819
0,1,0.1,GBM_2_AutoML_13_20260420_194809,target_lag5,0.04633549692574885
0,1,0.1,GBM_2_AutoML_13_20260420_194809,target_lag6,0.05861206880304957
0,1,0.1,GBM_2_AutoML_13_20260420_194809,cov_HULL_lag1,0.0501685912534594
0,1,0.1,GBM_2_AutoML_13_20260420_194809,cov_MUFL_lag1,2.019203143119812
0,1,0.1,GBM_2_AutoML_13_20260420_194809,cov_MULL_lag1,0.0602684240462258
0,1,0.1,GBM_2_AutoML_13_20260420_194809,cov_LUFL_lag1,0.10062101888470348
0,1,0.1,GBM_2_AutoML_13_20260420_194809,cov_LULL_lag1,0.024783570326399013
0,1,0.1,GBM_2_AutoML_13_20260420_194809,cov_OT_lag1,0.029662410267337652
0,1,0.1,GBM_2_AutoML_13_20260420_194809,hour_lag1,0.3095280239917338
0,1,0.1,GBM_2_AutoML_13_20260420_194809,day_of_week_lag1,0.013698440533189528
0,1,0.1,GBM_2_AutoML_13_20260420_194809,month_lag1,0.02467453528064649
0,1,0.1,GBM_2_AutoML_13_20260420_194809,month_sin,0.013511257804057044
0,1,0.1,GBM_2_AutoML_13_20260420_194809,month_cos,0.011086327690281865
0,1,0.1,GBM_2_AutoML_13_20260420_194809,year,0.2031683523952961
0,1,0.1,GBM_3_AutoML_13_20260420_194809,target_lag1,1.9953981480840595
0,1,0.1,GBM_3_AutoML_13_20260420_194809,target_lag2,0.6733168105408549
0,1,0.1,GBM_3_AutoML_13_20260420_194809,target_lag3,0.09833897634409365
0,1,0.1,GBM_3_AutoML_13_20260420_194809,target_lag4,0.06325238004792479
0,1,0.1,GBM_3_AutoML_13_20260420_194809,target_lag5,0.03684517680434505
0,1,0.1,GBM_3_AutoML_13_20260420_194809,target_lag6,0.08817388013470914
0,1,0.1,GBM_3_AutoML_13_20260420_194809,cov_HULL_lag1,0.05746307390276339
0,1,0.1,GBM_3_AutoML_13_20260420_194809,cov_MUFL_lag1,1.9711783902347089
0,1,0.1,GBM_3_AutoML_13_20260420_194809,cov_MULL_lag1,0.07072033355943855
0,1,0.1,GBM_3_AutoML_13_20260420_194809,cov_LUFL_lag1,0.09437976921908554
0,1,0.1,GBM_3_AutoML_13_20260420_194809,cov_LULL_lag1,0.03498065244646564
0,1,0.1,GBM_3_AutoML_13_20260420_194809,cov_OT_lag1,0.05395638485671947
0,1,0.1,GBM_3_AutoML_13_20260420_194809,hour_lag1,0.31570581153035165
0,1,0.1,GBM_3_AutoML_13_20260420_194809,day_of_week_lag1,0.012692106691247268
0,1,0.1,GBM_3_AutoML_13_20260420_194809,month_lag1,0.035068262222921434
0,1,0.1,GBM_3_AutoML_13_20260420_194809,month_sin,0.01632555191565184
0,1,0.1,GBM_3_AutoML_13_20260420_194809,month_cos,0.018039294520567586
0,1,0.1,GBM_3_AutoML_13_20260420_194809,year,0.1826959946192801
0,1,0.1,GBM_5_AutoML_13_20260420_194809,target_lag1,2.176434324160218
0,1,0.1,GBM_5_AutoML_13_20260420_194809,target_lag2,0.6158093095570802
0,1,0.1,GBM_5_AutoML_13_20260420_194809,target_lag3,0.08157411466119807
0,1,0.1,GBM_5_AutoML_13_20260420_194809,target_lag4,0.1518228051066398
0,1,0.1,GBM_5_AutoML_13_20260420_194809,target_lag5,0.0551162559795193
0,1,0.1,GBM_5_AutoML_13_20260420_194809,target_lag6,0.06362734070979055
0,1,0.1,GBM_5_AutoML_13_20260420_194809,cov_HULL_lag1,0.09108927743509408
0,1,0.1,GBM_5_AutoML_13_20260420_194809,cov_MUFL_lag1,1.6925037945620716
0,1,0.1,GBM_5_AutoML_13_20260420_194809,cov_MULL_lag1,0.08447319729253647
0,1,0.1,GBM_5_AutoML_13_20260420_194809,cov_LUFL_lag1,0.09809969306923445
0,1,0.1,GBM_5_AutoML_13_20260420_194809,cov_LULL_lag1,0.017263385561818678
0,1,0.1,GBM_5_AutoML_13_20260420_194809,cov_OT_lag1,0.03013135763641908
0,1,0.1,GBM_5_AutoML_13_20260420_194809,hour_lag1,0.31464435018540826
0,1,0.1,GBM_5_AutoML_13_20260420_194809,day_of_week_lag1,0.010873280998421204
0,1,0.1,GBM_5_AutoML_13_20260420_194809,month_lag1,0.022673663661407727
0,1,0.1,GBM_5_AutoML_13_20260420_194809,month_sin,0.010961673238780303
0,1,0.1,GBM_5_AutoML_13_20260420_194809,month_cos,0.007329688343488627
0,1,0.1,GBM_5_AutoML_13_20260420_194809,year,0.16736952482722697
0,1,0.1,XRT_1_AutoML_13_20260420_194809,target_lag1,1.6724793541431426
0,1,0.1,XRT_1_AutoML_13_20260420_194809,target_lag2,1.0721068568527699
0,1,0.1,XRT_1_AutoML_13_20260420_194809,target_lag3,0.22555036569014192
0,1,0.1,XRT_1_AutoML_13_20260420_194809,target_lag4,0.3342770900949836
0,1,0.1,XRT_1_AutoML_13_20260420_194809,target_lag5,0.18976650924421842
0,1,0.1,XRT_1_AutoML_13_20260420_194809,target_lag6,0.11688882532529529
0,1,0.1,XRT_1_AutoML_13_20260420_194809,cov_HULL_lag1,0.07453783859498796
0,1,0.1,XRT_1_AutoML_13_20260420_194809,cov_MUFL_lag1,1.7788599260151385
0,1,0.1,XRT_1_AutoML_13_20260420_194809,cov_MULL_lag1,0.12516185513231898
0,1,0.1,XRT_1_AutoML_13_20260420_194809,cov_LUFL_lag1,0.09628384616225955
0,1,0.1,XRT_1_AutoML_13_20260420_194809,cov_LULL_lag1,0.03783583847747646
0,1,0.1,XRT_1_AutoML_13_20260420_194809,cov_OT_lag1,0.06730078061576929
0,1,0.1,XRT_1_AutoML_13_20260420_194809,hour_lag1,0.24931254150345922
0,1,0.1,XRT_1_AutoML_13_20260420_194809,day_of_week_lag1,0.0675866535166278
0,1,0.1,XRT_1_AutoML_13_20260420_194809,month_lag1,0.08724640266969796
0,1,0.1,XRT_1_AutoML_13_20260420_194809,month_sin,0.02709969582268963
0,1,0.1,XRT_1_AutoML_13_20260420_194809,month_cos,0.025219153663274433
0,1,0.1,XRT_1_AutoML_13_20260420_194809,year,476714.74296122836
0,1,0.1,DRF_1_AutoML_13_20260420_194809,target_lag1,1.5789975540339947
0,1,0.1,DRF_1_AutoML_13_20260420_194809,target_lag2,0.9595714610815048
0,1,0.1,DRF_1_AutoML_13_20260420_194809,target_lag3,0.7023188833892345
0,1,0.1,DRF_1_AutoML_13_20260420_194809,target_lag4,0.3672204768192023
0,1,0.1,DRF_1_AutoML_13_20260420_194809,target_lag5,0.17417507017031308
0,1,0.1,DRF_1_AutoML_13_20260420_194809,target_lag6,0.11174017818528224
0,1,0.1,DRF_1_AutoML_13_20260420_194809,cov_HULL_lag1,0.09072957456111902
0,1,0.1,DRF_1_AutoML_13_20260420_194809,cov_MUFL_lag1,1.60472880423069
0,1,0.1,DRF_1_AutoML_13_20260420_194809,cov_MULL_lag1,0.07136544531676912
0,1,0.1,DRF_1_AutoML_13_20260420_194809,cov_LUFL_lag1,0.08145080152899023
0,1,0.1,DRF_1_AutoML_13_20260420_194809,cov_LULL_lag1,0.027077415795065417
0,1,0.1,DRF_1_AutoML_13_20260420_194809,cov_OT_lag1,0.03790821692149616
0,1,0.1,DRF_1_AutoML_13_20260420_194809,hour_lag1,0.22388867279863917
0,1,0.1,DRF_1_AutoML_13_20260420_194809,day_of_week_lag1,0.01573075640306338
0,1,0.1,DRF_1_AutoML_13_20260420_194809,month_lag1,0.026876235194504213
0,1,0.1,DRF_1_AutoML_13_20260420_194809,month_sin,0.01349329615535675
0,1,0.1,DRF_1_AutoML_13_20260420_194809,month_cos,0.013121187914512078
0,1,0.1,DRF_1_AutoML_13_20260420_194809,year,0.1779123506695032
0,1,0.1,GBM_4_AutoML_13_20260420_194809,target_lag1,1.4643854400515557
0,1,0.1,GBM_4_AutoML_13_20260420_194809,target_lag2,0.6837098355591297
0,1,0.1,GBM_4_AutoML_13_20260420_194809,target_lag3,0.08000689064967442
0,1,0.1,GBM_4_AutoML_13_20260420_194809,target_lag4,0.03819118654646441
0,1,0.1,GBM_4_AutoML_13_20260420_194809,target_lag5,0.04542815480381245
0,1,0.1,GBM_4_AutoML_13_20260420_194809,target_lag6,0.059988220879458785
0,1,0.1,GBM_4_AutoML_13_20260420_194809,cov_HULL_lag1,0.07967817210592325
0,1,0.1,GBM_4_AutoML_13_20260420_194809,cov_MUFL_lag1,2.5813089894875882
0,1,0.1,GBM_4_AutoML_13_20260420_194809,cov_MULL_lag1,0.07593444159778297
0,1,0.1,GBM_4_AutoML_13_20260420_194809,cov_LUFL_lag1,0.12884374882210975
0,1,0.1,GBM_4_AutoML_13_20260420_194809,cov_LULL_lag1,0.03244656265131194
0,1,0.1,GBM_4_AutoML_13_20260420_194809,cov_OT_lag1,0.06647656301502135
0,1,0.1,GBM_4_AutoML_13_20260420_194809,hour_lag1,0.33558613795787096
0,1,0.1,GBM_4_AutoML_13_20260420_194809,day_of_week_lag1,0.02214918783400204
0,1,0.1,GBM_4_AutoML_13_20260420_194809,month_lag1,0.035755471962038377
0,1,0.1,GBM_4_AutoML_13_20260420_194809,month_sin,0.019469675097279787
0,1,0.1,GBM_4_AutoML_13_20260420_194809,month_cos,0.01691237701859787
0,1,0.1,GBM_4_AutoML_13_20260420_194809,year,0.19058266576379537
0,1,0.1,XGBoost_grid_1_AutoML_13_20260420_194809_model_3,target_lag1,1.933433726504445
0,1,0.1,XGBoost_grid_1_AutoML_13_20260420_194809_model_3,target_lag2,0.4195238914171932
0,1,0.1,XGBoost_grid_1_AutoML_13_20260420_194809_model_3,target_lag3,0.1396665125340223
0,1,0.1,XGBoost_grid_1_AutoML_13_20260420_194809_model_3,target_lag4,0.04472448785672892
0,1,0.1,XGBoost_grid_1_AutoML_13_20260420_194809_model_3,target_lag5,0.10176034065429118
0,1,0.1,XGBoost_grid_1_AutoML_13_20260420_194809_model_3,target_lag6,0.14866069514304395
0,1,0.1,XGBoost_grid_1_AutoML_13_20260420_194809_model_3,cov_HULL_lag1,0.07307492628693577
0,1,0.1,XGBoost_grid_1_AutoML_13_20260420_194809_model_3,cov_MUFL_lag1,2.3610232431441545
0,1,0.1,XGBoost_grid_1_AutoML_13_20260420_194809_model_3,cov_MULL_lag1,0.12669186802580948
0,1,0.1,XGBoost_grid_1_AutoML_13_20260420_194809_model_3,cov_LUFL_lag1,0.08538650429341939
0,1,0.1,XGBoost_grid_1_AutoML_13_20260420_194809_model_3,cov_LULL_lag1,0.07843849306460467
0,1,0.1,XGBoost_grid_1_AutoML_13_20260420_194809_model_3,cov_OT_lag1,0.0770186203019693
0,1,0.1,XGBoost_grid_1_AutoML_13_20260420_194809_model_3,hour_lag1,0.42945721094263717
0,1,0.1,XGBoost_grid_1_AutoML_13_20260420_194809_model_3,day_of_week_lag1,0.03737746345344927
0,1,0.1,XGBoost_grid_1_AutoML_13_20260420_194809_model_3,month_lag1,0.02833181228896133
0,1,0.1,XGBoost_grid_1_AutoML_13_20260420_194809_model_3,month_sin,0.0145144991495908
0,1,0.1,XGBoost_grid_1_AutoML_13_20260420_194809_model_3,month_cos,0.012066976828937143
0,1,0.1,XGBoost_grid_1_AutoML_13_20260420_194809_model_3,year,0.3307872458221391
0,1,0.1,XGBoost_3_AutoML_13_20260420_194809,target_lag1,2.2871642283536495
0,1,0.1,XGBoost_3_AutoML_13_20260420_194809,target_lag2,0.31558763128705325
0,1,0.1,XGBoost_3_AutoML_13_20260420_194809,target_lag3,0.09988102805800732
0,1,0.1,XGBoost_3_AutoML_13_20260420_194809,target_lag4,0.05345845147036012
0,1,0.1,XGBoost_3_AutoML_13_20260420_194809,target_lag5,0.07783418740378689
0,1,0.1,XGBoost_3_AutoML_13_20260420_194809,target_lag6,0.08273243018658828
0,1,0.1,XGBoost_3_AutoML_13_20260420_194809,cov_HULL_lag1,0.1428145603253506
0,1,0.1,XGBoost_3_AutoML_13_20260420_194809,cov_MUFL_lag1,2.1235007193731144
0,1,0.1,XGBoost_3_AutoML_13_20260420_194809,cov_MULL_lag1,0.12088056221604343
0,1,0.1,XGBoost_3_AutoML_13_20260420_194809,cov_LUFL_lag1,0.0931467352248728
0,1,0.1,XGBoost_3_AutoML_13_20260420_194809,cov_LULL_lag1,0.03189905146602537
0,1,0.1,XGBoost_3_AutoML_13_20260420_194809,cov_OT_lag1,0.06681079953908917
0,1,0.1,XGBoost_3_AutoML_13_20260420_194809,hour_lag1,0.35699225882999597
0,1,0.1,XGBoost_3_AutoML_13_20260420_194809,day_of_week_lag1,0.025554213458672117
0,1,0.1,XGBoost_3_AutoML_13_20260420_194809,month_lag1,0.03978729239170203
0,1,0.1,XGBoost_3_AutoML_13_20260420_194809,month_sin,0.013418469298048831
0,1,0.1,XGBoost_3_AutoML_13_20260420_194809,month_cos,0.0025899977283552135
0,1,0.1,XGBoost_3_AutoML_13_20260420_194809,year,0.38333135560154913
0,1,0.2,GBM_grid_1_AutoML_13_20260420_194809_model_3,target_lag1,1.6134529651515186
0,1,0.2,GBM_grid_1_AutoML_13_20260420_194809_model_3,target_lag2,0.8323274960997514
0,1,0.2,GBM_grid_1_AutoML_13_20260420_194809_model_3,target_lag3,0.3646453302074224
0,1,0.2,GBM_grid_1_AutoML_13_20260420_194809_model_3,target_lag4,0.33611990361940114
0,1,0.2,GBM_grid_1_AutoML_13_20260420_194809_model_3,target_lag5,0.09122349878540259
0,1,0.2,GBM_grid_1_AutoML_13_20260420_194809_model_3,target_lag6,0.15303314785705877
0,1,0.2,GBM_grid_1_AutoML_13_20260420_194809_model_3,cov_HULL_lag1,0.06427142423577603
0,1,0.2,GBM_grid_1_AutoML_13_20260420_194809_model_3,cov_MUFL_lag1,1.0012619666778482
0,1,0.2,GBM_grid_1_AutoML_13_20260420_194809_model_3,cov_MULL_lag1,0.08672253360273313
0,1,0.2,GBM_grid_1_AutoML_13_20260420_194809_model_3,cov_LUFL_lag1,0.12485233932733532
0,1,0.2,GBM_grid_1_AutoML_13_20260420_194809_model_3,cov_LULL_lag1,0.019995698190759817
0,1,0.2,GBM_grid_1_AutoML_13_20260420_194809_model_3,cov_OT_lag1,0.03491270508966404
0,1,0.2,GBM_grid_1_AutoML_13_20260420_194809_model_3,hour_lag1,0.2779851976595819
0,1,0.2,GBM_grid_1_AutoML_13_20260420_194809_model_3,day_of_week_lag1,0.01658985315541936
0,1,0.2,GBM_grid_1_AutoML_13_20260420_194809_model_3,month_lag1,0.023844452821649566
0,1,0.2,GBM_grid_1_AutoML_13_20260420_194809_model_3,month_sin,0.005637246263977405
0,1,0.2,GBM_grid_1_AutoML_13_20260420_194809_model_3,month_cos,0.006739388712012401
0,1,0.2,GBM_grid_1_AutoML_13_20260420_194809_model_3,year,0.09988551419693974
0,1,0.2,GBM_grid_1_AutoML_13_20260420_194809_model_2,target_lag1,2.1715187546610832
0,1,0.2,GBM_grid_1_AutoML_13_20260420_194809_model_2,target_lag2,0.6302606803644448
0,1,0.2,GBM_grid_1_AutoML_13_20260420_194809_model_2,target_lag3,0.34856234713457523
0,1,0.2,GBM_grid_1_AutoML_13_20260420_194809_model_2,target_lag4,0.023279509461717644
0,1,0.2,GBM_grid_1_AutoML_13_20260420_194809_model_2,target_lag5,0.03564173985476368
0,1,0.2,GBM_grid_1_AutoML_13_20260420_194809_model_2,target_lag6,0.04812235537450756
0,1,0.2,GBM_grid_1_AutoML_13_20260420_194809_model_2,cov_HULL_lag1,0.06522235223790628
0,1,0.2,GBM_grid_1_AutoML_13_20260420_194809_model_2,cov_MUFL_lag1,1.5071206644922495
0,1,0.2,GBM_grid_1_AutoML_13_20260420_194809_model_2,cov_MULL_lag1,0.03162646873854096
0,1,0.2,GBM_grid_1_AutoML_13_20260420_194809_model_2,cov_LUFL_lag1,0.08730029903352257
0,1,0.2,GBM_grid_1_AutoML_13_20260420_194809_model_2,cov_LULL_lag1,0.006870503900572616
0,1,0.2,GBM_grid_1_AutoML_13_20260420_194809_model_2,cov_OT_lag1,0.037666985723189966
0,1,0.2,GBM_grid_1_AutoML_13_20260420_194809_model_2,hour_lag1,0.33730500081554055
0,1,0.2,GBM_grid_1_AutoML_13_20260420_194809_model_2,day_of_week_lag1,0.0018203494940826177
0,1,0.2,GBM_grid_1_AutoML_13_20260420_194809_model_2,month_lag1,0.013418472396442617
0,1,0.2,GBM_grid_1_AutoML_13_20260420_194809_model_2,month_sin,0.00034269889085407487
0,1,0.2,GBM_grid_1_AutoML_13_20260420_194809_model_2,month_cos,0.004251077828812368
0,1,0.2,GBM_grid_1_AutoML_13_20260420_194809_model_2,year,0.12498050030320879
0,1,0.2,GBM_1_AutoML_13_20260420_194809,target_lag1,2.3986005119606855
0,1,0.2,GBM_1_AutoML_13_20260420_194809,target_lag2,0.5846139481663704
0,1,0.2,GBM_1_AutoML_13_20260420_194809,target_lag3,0.09590638737194236
0,1,0.2,GBM_1_AutoML_13_20260420_194809,target_lag4,0.0399336242571007
0,1,0.2,GBM_1_AutoML_13_20260420_194809,target_lag5,0.0443508843844756
0,1,0.2,GBM_1_AutoML_13_20260420_194809,target_lag6,0.06438063378445799
0,1,0.2,GBM_1_AutoML_13_20260420_194809,cov_HULL_lag1,0.08535066748969253
0,1,0.2,GBM_1_AutoML_13_20260420_194809,cov_MUFL_lag1,1.751801759749651
0,1,0.2,GBM_1_AutoML_13_20260420_194809,cov_MULL_lag1,0.07982110576238478
0,1,0.2,GBM_1_AutoML_13_20260420_194809,cov_LUFL_lag1,0.07391703772358592
0,1,0.2,GBM_1_AutoML_13_20260420_194809,cov_LULL_lag1,0.017785910202655887
0,1,0.2,GBM_1_AutoML_13_20260420_194809,cov_OT_lag1,0.04403342697769398
0,1,0.2,GBM_1_AutoML_13_20260420_194809,hour_lag1,0.30732755300588904
0,1,0.2,GBM_1_AutoML_13_20260420_194809,day_of_week_lag1,0.019655151107581283
0,1,0.2,GBM_1_AutoML_13_20260420_194809,month_lag1,0.025884402781957708
0,1,0.2,GBM_1_AutoML_13_20260420_194809,month_sin,0.013029164607869417
0,1,0.2,GBM_1_AutoML_13_20260420_194809,month_cos,0.015189695105072995
0,1,0.2,GBM_1_AutoML_13_20260420_194809,year,0.20373245380818844
0,1,0.2,GBM_2_AutoML_13_20260420_194809,target_lag1,2.011435300260782
0,1,0.2,GBM_2_AutoML_13_20260420_194809,target_lag2,0.6119619281659834
0,1,0.2,GBM_2_AutoML_13_20260420_194809,target_lag3,0.08721437357831743
0,1,0.2,GBM_2_AutoML_13_20260420_194809,target_lag4,0.03082063380628819
0,1,0.2,GBM_2_AutoML_13_20260420_194809,target_lag5,0.04633549692574885
0,1,0.2,GBM_2_AutoML_13_20260420_194809,target_lag6,0.05861206880304957
0,1,0.2,GBM_2_AutoML_13_20260420_194809,cov_HULL_lag1,0.0501685912534594
0,1,0.2,GBM_2_AutoML_13_20260420_194809,cov_MUFL_lag1,2.019203143119812
0,1,0.2,GBM_2_AutoML_13_20260420_194809,cov_MULL_lag1,0.0602684240462258
0,1,0.2,GBM_2_AutoML_13_20260420_194809,cov_LUFL_lag1,0.10062101888470348
0,1,0.2,GBM_2_AutoML_13_20260420_194809,cov_LULL_lag1,0.024783570326399013
0,1,0.2,GBM_2_AutoML_13_20260420_194809,cov_OT_lag1,0.029662410267337652
0,1,0.2,GBM_2_AutoML_13_20260420_194809,hour_lag1,0.3095280239917338
0,1,0.2,GBM_2_AutoML_13_20260420_194809,day_of_week_lag1,0.013698440533189528
0,1,0.2,GBM_2_AutoML_13_20260420_194809,month_lag1,0.02467453528064649
0,1,0.2,GBM_2_AutoML_13_20260420_194809,month_sin,0.013511257804057044
0,1,0.2,GBM_2_AutoML_13_20260420_194809,month_cos,0.011086327690281865
0,1,0.2,GBM_2_AutoML_13_20260420_194809,year,0.2031683523952961
0,1,0.2,GBM_3_AutoML_13_20260420_194809,target_lag1,1.9953981480840595
0,1,0.2,GBM_3_AutoML_13_20260420_194809,target_lag2,0.6733168105408549
0,1,0.2,GBM_3_AutoML_13_20260420_194809,target_lag3,0.09833897634409365
0,1,0.2,GBM_3_AutoML_13_20260420_194809,target_lag4,0.06325238004792479
0,1,0.2,GBM_3_AutoML_13_20260420_194809,target_lag5,0.03684517680434505
0,1,0.2,GBM_3_AutoML_13_20260420_194809,target_lag6,0.08817388013470914
0,1,0.2,GBM_3_AutoML_13_20260420_194809,cov_HULL_lag1,0.05746307390276339
0,1,0.2,GBM_3_AutoML_13_20260420_194809,cov_MUFL_lag1,1.9711783902347089
0,1,0.2,GBM_3_AutoML_13_20260420_194809,cov_MULL_lag1,0.07072033355943855
0,1,0.2,GBM_3_AutoML_13_20260420_194809,cov_LUFL_lag1,0.09437976921908554
0,1,0.2,GBM_3_AutoML_13_20260420_194809,cov_LULL_lag1,0.03498065244646564
0,1,0.2,GBM_3_AutoML_13_20260420_194809,cov_OT_lag1,0.05395638485671947
0,1,0.2,GBM_3_AutoML_13_20260420_194809,hour_lag1,0.31570581153035165
0,1,0.2,GBM_3_AutoML_13_20260420_194809,day_of_week_lag1,0.012692106691247268
0,1,0.2,GBM_3_AutoML_13_20260420_194809,month_lag1,0.035068262222921434
0,1,0.2,GBM_3_AutoML_13_20260420_194809,month_sin,0.01632555191565184
0,1,0.2,GBM_3_AutoML_13_20260420_194809,month_cos,0.018039294520567586
0,1,0.2,GBM_3_AutoML_13_20260420_194809,year,0.1826959946192801
0,1,0.2,GBM_5_AutoML_13_20260420_194809,target_lag1,2.176434324160218
0,1,0.2,GBM_5_AutoML_13_20260420_194809,target_lag2,0.6158093095570802
0,1,0.2,GBM_5_AutoML_13_20260420_194809,target_lag3,0.08157411466119807
0,1,0.2,GBM_5_AutoML_13_20260420_194809,target_lag4,0.1518228051066398
0,1,0.2,GBM_5_AutoML_13_20260420_194809,target_lag5,0.0551162559795193
0,1,0.2,GBM_5_AutoML_13_20260420_194809,target_lag6,0.06362734070979055
0,1,0.2,GBM_5_AutoML_13_20260420_194809,cov_HULL_lag1,0.09108927743509408
0,1,0.2,GBM_5_AutoML_13_20260420_194809,cov_MUFL_lag1,1.6925037945620716
0,1,0.2,GBM_5_AutoML_13_20260420_194809,cov_MULL_lag1,0.08447319729253647
0,1,0.2,GBM_5_AutoML_13_20260420_194809,cov_LUFL_lag1,0.09809969306923445
0,1,0.2,GBM_5_AutoML_13_20260420_194809,cov_LULL_lag1,0.017263385561818678
0,1,0.2,GBM_5_AutoML_13_20260420_194809,cov_OT_lag1,0.03013135763641908
0,1,0.2,GBM_5_AutoML_13_20260420_194809,hour_lag1,0.31464435018540826
0,1,0.2,GBM_5_AutoML_13_20260420_194809,day_of_week_lag1,0.010873280998421204
0,1,0.2,GBM_5_AutoML_13_20260420_194809,month_lag1,0.022673663661407727
0,1,0.2,GBM_5_AutoML_13_20260420_194809,month_sin,0.010961673238780303
0,1,0.2,GBM_5_AutoML_13_20260420_194809,month_cos,0.007329688343488627
0,1,0.2,GBM_5_AutoML_13_20260420_194809,year,0.16736952482722697
0,1,0.2,XRT_1_AutoML_13_20260420_194809,target_lag1,1.6724793541431426
0,1,0.2,XRT_1_AutoML_13_20260420_194809,target_lag2,1.0721068568527699
0,1,0.2,XRT_1_AutoML_13_20260420_194809,target_lag3,0.22555036569014192
0,1,0.2,XRT_1_AutoML_13_20260420_194809,target_lag4,0.3342770900949836
0,1,0.2,XRT_1_AutoML_13_20260420_194809,target_lag5,0.18976650924421842
0,1,0.2,XRT_1_AutoML_13_20260420_194809,target_lag6,0.11688882532529529
0,1,0.2,XRT_1_AutoML_13_20260420_194809,cov_HULL_lag1,0.07453783859498796
0,1,0.2,XRT_1_AutoML_13_20260420_194809,cov_MUFL_lag1,1.7788599260151385
0,1,0.2,XRT_1_AutoML_13_20260420_194809,cov_MULL_lag1,0.12516185513231898
0,1,0.2,XRT_1_AutoML_13_20260420_194809,cov_LUFL_lag1,0.09628384616225955
0,1,0.2,XRT_1_AutoML_13_20260420_194809,cov_LULL_lag1,0.03783583847747646
0,1,0.2,XRT_1_AutoML_13_20260420_194809,cov_OT_lag1,0.06730078061576929
0,1,0.2,XRT_1_AutoML_13_20260420_194809,hour_lag1,0.24931254150345922
0,1,0.2,XRT_1_AutoML_13_20260420_194809,day_of_week_lag1,0.0675866535166278
0,1,0.2,XRT_1_AutoML_13_20260420_194809,month_lag1,0.08724640266969796
0,1,0.2,XRT_1_AutoML_13_20260420_194809,month_sin,0.02709969582268963
0,1,0.2,XRT_1_AutoML_13_20260420_194809,month_cos,0.025219153663274433
0,1,0.2,XRT_1_AutoML_13_20260420_194809,year,476714.74296122836
0,1,0.2,DRF_1_AutoML_13_20260420_194809,target_lag1,1.5789975540339947
0,1,0.2,DRF_1_AutoML_13_20260420_194809,target_lag2,0.9595714610815048
0,1,0.2,DRF_1_AutoML_13_20260420_194809,target_lag3,0.7023188833892345
0,1,0.2,DRF_1_AutoML_13_20260420_194809,target_lag4,0.3672204768192023
0,1,0.2,DRF_1_AutoML_13_20260420_194809,target_lag5,0.17417507017031308
0,1,0.2,DRF_1_AutoML_13_20260420_194809,target_lag6,0.11174017818528224
0,1,0.2,DRF_1_AutoML_13_20260420_194809,cov_HULL_lag1,0.09072957456111902
0,1,0.2,DRF_1_AutoML_13_20260420_194809,cov_MUFL_lag1,1.60472880423069
0,1,0.2,DRF_1_AutoML_13_20260420_194809,cov_MULL_lag1,0.07136544531676912
0,1,0.2,DRF_1_AutoML_13_20260420_194809,cov_LUFL_lag1,0.08145080152899023
0,1,0.2,DRF_1_AutoML_13_20260420_194809,cov_LULL_lag1,0.027077415795065417
0,1,0.2,DRF_1_AutoML_13_20260420_194809,cov_OT_lag1,0.03790821692149616
0,1,0.2,DRF_1_AutoML_13_20260420_194809,hour_lag1,0.22388867279863917
0,1,0.2,DRF_1_AutoML_13_20260420_194809,day_of_week_lag1,0.01573075640306338
0,1,0.2,DRF_1_AutoML_13_20260420_194809,month_lag1,0.026876235194504213
0,1,0.2,DRF_1_AutoML_13_20260420_194809,month_sin,0.01349329615535675
0,1,0.2,DRF_1_AutoML_13_20260420_194809,month_cos,0.013121187914512078
0,1,0.2,DRF_1_AutoML_13_20260420_194809,year,0.1779123506695032
0,1,0.2,GBM_4_AutoML_13_20260420_194809,target_lag1,1.4643854400515557
0,1,0.2,GBM_4_AutoML_13_20260420_194809,target_lag2,0.6837098355591297
0,1,0.2,GBM_4_AutoML_13_20260420_194809,target_lag3,0.08000689064967442
0,1,0.2,GBM_4_AutoML_13_20260420_194809,target_lag4,0.03819118654646441
0,1,0.2,GBM_4_AutoML_13_20260420_194809,target_lag5,0.04542815480381245
0,1,0.2,GBM_4_AutoML_13_20260420_194809,target_lag6,0.059988220879458785
0,1,0.2,GBM_4_AutoML_13_20260420_194809,cov_HULL_lag1,0.07967817210592325
0,1,0.2,GBM_4_AutoML_13_20260420_194809,cov_MUFL_lag1,2.5813089894875882
0,1,0.2,GBM_4_AutoML_13_20260420_194809,cov_MULL_lag1,0.07593444159778297
0,1,0.2,GBM_4_AutoML_13_20260420_194809,cov_LUFL_lag1,0.12884374882210975
0,1,0.2,GBM_4_AutoML_13_20260420_194809,cov_LULL_lag1,0.03244656265131194
0,1,0.2,GBM_4_AutoML_13_20260420_194809,cov_OT_lag1,0.06647656301502135
0,1,0.2,GBM_4_AutoML_13_20260420_194809,hour_lag1,0.33558613795787096
0,1,0.2,GBM_4_AutoML_13_20260420_194809,day_of_week_lag1,0.02214918783400204
0,1,0.2,GBM_4_AutoML_13_20260420_194809,month_lag1,0.035755471962038377
0,1,0.2,GBM_4_AutoML_13_20260420_194809,month_sin,0.019469675097279787
0,1,0.2,GBM_4_AutoML_13_20260420_194809,month_cos,0.01691237701859787
0,1,0.2,GBM_4_AutoML_13_20260420_194809,year,0.19058266576379537
0,1,0.2,XGBoost_grid_1_AutoML_13_20260420_194809_model_3,target_lag1,1.933433726504445
0,1,0.2,XGBoost_grid_1_AutoML_13_20260420_194809_model_3,target_lag2,0.4195238914171932
0,1,0.2,XGBoost_grid_1_AutoML_13_20260420_194809_model_3,target_lag3,0.1396665125340223
0,1,0.2,XGBoost_grid_1_AutoML_13_20260420_194809_model_3,target_lag4,0.04472448785672892
0,1,0.2,XGBoost_grid_1_AutoML_13_20260420_194809_model_3,target_lag5,0.10176034065429118
0,1,0.2,XGBoost_grid_1_AutoML_13_20260420_194809_model_3,target_lag6,0.14866069514304395
0,1,0.2,XGBoost_grid_1_AutoML_13_20260420_194809_model_3,cov_HULL_lag1,0.07307492628693577
0,1,0.2,XGBoost_grid_1_AutoML_13_20260420_194809_model_3,cov_MUFL_lag1,2.3610232431441545
0,1,0.2,XGBoost_grid_1_AutoML_13_20260420_194809_model_3,cov_MULL_lag1,0.12669186802580948
0,1,0.2,XGBoost_grid_1_AutoML_13_20260420_194809_model_3,cov_LUFL_lag1,0.08538650429341939
0,1,0.2,XGBoost_grid_1_AutoML_13_20260420_194809_model_3,cov_LULL_lag1,0.07843849306460467
0,1,0.2,XGBoost_grid_1_AutoML_13_20260420_194809_model_3,cov_OT_lag1,0.0770186203019693
0,1,0.2,XGBoost_grid_1_AutoML_13_20260420_194809_model_3,hour_lag1,0.42945721094263717
0,1,0.2,XGBoost_grid_1_AutoML_13_20260420_194809_model_3,day_of_week_lag1,0.03737746345344927
0,1,0.2,XGBoost_grid_1_AutoML_13_20260420_194809_model_3,month_lag1,0.02833181228896133
0,1,0.2,XGBoost_grid_1_AutoML_13_20260420_194809_model_3,month_sin,0.0145144991495908
0,1,0.2,XGBoost_grid_1_AutoML_13_20260420_194809_model_3,month_cos,0.012066976828937143
0,1,0.2,XGBoost_grid_1_AutoML_13_20260420_194809_model_3,year,0.3307872458221391
0,1,0.2,XGBoost_3_AutoML_13_20260420_194809,target_lag1,2.2871642283536495
0,1,0.2,XGBoost_3_AutoML_13_20260420_194809,target_lag2,0.31558763128705325
0,1,0.2,XGBoost_3_AutoML_13_20260420_194809,target_lag3,0.09988102805800732
0,1,0.2,XGBoost_3_AutoML_13_20260420_194809,target_lag4,0.05345845147036012
0,1,0.2,XGBoost_3_AutoML_13_20260420_194809,target_lag5,0.07783418740378689
0,1,0.2,XGBoost_3_AutoML_13_20260420_194809,target_lag6,0.08273243018658828
0,1,0.2,XGBoost_3_AutoML_13_20260420_194809,cov_HULL_lag1,0.1428145603253506
0,1,0.2,XGBoost_3_AutoML_13_20260420_194809,cov_MUFL_lag1,2.1235007193731144
0,1,0.2,XGBoost_3_AutoML_13_20260420_194809,cov_MULL_lag1,0.12088056221604343
0,1,0.2,XGBoost_3_AutoML_13_20260420_194809,cov_LUFL_lag1,0.0931467352248728
0,1,0.2,XGBoost_3_AutoML_13_20260420_194809,cov_LULL_lag1,0.03189905146602537
0,1,0.2,XGBoost_3_AutoML_13_20260420_194809,cov_OT_lag1,0.06681079953908917
0,1,0.2,XGBoost_3_AutoML_13_20260420_194809,hour_lag1,0.35699225882999597
0,1,0.2,XGBoost_3_AutoML_13_20260420_194809,day_of_week_lag1,0.025554213458672117
0,1,0.2,XGBoost_3_AutoML_13_20260420_194809,month_lag1,0.03978729239170203
0,1,0.2,XGBoost_3_AutoML_13_20260420_194809,month_sin,0.013418469298048831
0,1,0.2,XGBoost_3_AutoML_13_20260420_194809,month_cos,0.0025899977283552135
0,1,0.2,XGBoost_3_AutoML_13_20260420_194809,year,0.38333135560154913
0,1,0.2,GLM_1_AutoML_13_20260420_194809,target_lag1,1.538463719498777
0,1,0.2,GLM_1_AutoML_13_20260420_194809,target_lag2,0.9487112181100221
0,1,0.2,GLM_1_AutoML_13_20260420_194809,target_lag3,0.4847865904185495
0,1,0.2,GLM_1_AutoML_13_20260420_194809,target_lag4,0.05703152399159531
0,1,0.2,GLM_1_AutoML_13_20260420_194809,target_lag5,0.21746113326924882
0,1,0.2,GLM_1_AutoML_13_20260420_194809,target_lag6,0.30307286837595865
0,1,0.2,GLM_1_AutoML_13_20260420_194809,cov_HULL_lag1,0.01597929677693858
0,1,0.2,GLM_1_AutoML_13_20260420_194809,cov_MUFL_lag1,1.8300781493030487
0,1,0.2,GLM_1_AutoML_13_20260420_194809,cov_MULL_lag1,0.07738777154666676
0,1,0.2,GLM_1_AutoML_13_20260420_194809,cov_LUFL_lag1,0.202586370860203
0,1,0.2,GLM_1_AutoML_13_20260420_194809,cov_LULL_lag1,0.012848093333085096
0,1,0.2,GLM_1_AutoML_13_20260420_194809,cov_OT_lag1,0.035517595810979234
0,1,0.2,GLM_1_AutoML_13_20260420_194809,hour_lag1,0.12610448218657438
0,1,0.2,GLM_1_AutoML_13_20260420_194809,day_of_week_lag1,0.006903092264451882
0,1,0.2,GLM_1_AutoML_13_20260420_194809,month_lag1,0.0021692216762924585
0,1,0.2,GLM_1_AutoML_13_20260420_194809,month_sin,0.0030934496850309845
0,1,0.2,GLM_1_AutoML_13_20260420_194809,month_cos,0.0043397996926297375
0,1,0.2,GLM_1_AutoML_13_20260420_194809,year,0.37618319059530253
0,1,0.2,XGBoost_grid_1_AutoML_13_20260420_194809_model_5,target_lag1,1.733013856532052
0,1,0.2,XGBoost_grid_1_AutoML_13_20260420_194809_model_5,target_lag2,0.9067387364711612
0,1,0.2,XGBoost_grid_1_AutoML_13_20260420_194809_model_5,target_lag3,0.6955146617535501
0,1,0.2,XGBoost_grid_1_AutoML_13_20260420_194809_model_5,target_lag4,0.11456955788191404
0,1,0.2,XGBoost_grid_1_AutoML_13_20260420_194809_model_5,target_lag5,0.06182547443837388
0,1,0.2,XGBoost_grid_1_AutoML_13_20260420_194809_model_5,target_lag6,0.09149365874473002
0,1,0.2,XGBoost_grid_1_AutoML_13_20260420_194809_model_5,cov_HULL_lag1,0.10201344903602144
0,1,0.2,XGBoost_grid_1_AutoML_13_20260420_194809_model_5,cov_MUFL_lag1,1.3178105172142387
0,1,0.2,XGBoost_grid_1_AutoML_13_20260420_194809_model_5,cov_MULL_lag1,0.13281824586912985
0,1,0.2,XGBoost_grid_1_AutoML_13_20260420_194809_model_5,cov_LUFL_lag1,0.1955787936039269
0,1,0.2,XGBoost_grid_1_AutoML_13_20260420_194809_model_5,cov_LULL_lag1,0.07148080639308314
0,1,0.2,XGBoost_grid_1_AutoML_13_20260420_194809_model_5,cov_OT_lag1,0.0639826852921396
0,1,0.2,XGBoost_grid_1_AutoML_13_20260420_194809_model_5,hour_lag1,0.40445514671504496
0,1,0.2,XGBoost_grid_1_AutoML_13_20260420_194809_model_5,day_of_week_lag1,0.04287910942570303
0,1,0.2,XGBoost_grid_1_AutoML_13_20260420_194809_model_5,month_lag1,0.047709645670838616
0,1,0.2,XGBoost_grid_1_AutoML_13_20260420_194809_model_5,month_sin,0.038065910266013775
0,1,0.2,XGBoost_grid_1_AutoML_13_20260420_194809_model_5,month_cos,0.04005582656711335
0,1,0.2,XGBoost_grid_1_AutoML_13_20260420_194809_model_5,year,0.32588651014491915
0,1,0.2,GBM_grid_1_AutoML_13_20260420_194809_model_1,target_lag1,1.1010091981291772
0,1,0.2,GBM_grid_1_AutoML_13_20260420_194809_model_1,target_lag2,0.6474843745306135
0,1,0.2,GBM_grid_1_AutoML_13_20260420_194809_model_1,target_lag3,0.5207276365533471
0,1,0.2,GBM_grid_1_AutoML_13_20260420_194809_model_1,target_lag4,0.16179043433861803
0,1,0.2,GBM_grid_1_AutoML_13_20260420_194809_model_1,target_lag5,0.6777192889526487
0,1,0.2,GBM_grid_1_AutoML_13_20260420_194809_model_1,target_lag6,0.08618149953079407
0,1,0.2,GBM_grid_1_AutoML_13_20260420_194809_model_1,cov_HULL_lag1,0.1488853218592703
0,1,0.2,GBM_grid_1_AutoML_13_20260420_194809_model_1,cov_MUFL_lag1,1.1921332460688427
0,1,0.2,GBM_grid_1_AutoML_13_20260420_194809_model_1,cov_MULL_lag1,0.10864441768519097
0,1,0.2,GBM_grid_1_AutoML_13_20260420_194809_model_1,cov_LUFL_lag1,0.1796530966181308
0,1,0.2,GBM_grid_1_AutoML_13_20260420_194809_model_1,cov_LULL_lag1,0.036612416119314685
0,1,0.2,GBM_grid_1_AutoML_13_20260420_194809_model_1,cov_OT_lag1,0.08297018638812002
0,1,0.2,GBM_grid_1_AutoML_13_20260420_194809_model_1,hour_lag1,0.2932291352469474
0,1,0.2,GBM_grid_1_AutoML_13_20260420_194809_model_1,day_of_week_lag1,0.038198569724336225
0,1,0.2,GBM_grid_1_AutoML_13_20260420_194809_model_1,month_lag1,0.043371752100647386
0,1,0.2,GBM_grid_1_AutoML_13_20260420_194809_model_1,month_sin,0.02516009576880601
0,1,0.2,GBM_grid_1_AutoML_13_20260420_194809_model_1,month_cos,0.030667488002218257
0,1,0.2,GBM_grid_1_AutoML_13_20260420_194809_model_1,year,0.2197831543162465
0,1,0.2,XGBoost_grid_1_AutoML_13_20260420_194809_model_4,target_lag1,2.3286350795626642
0,1,0.2,XGBoost_grid_1_AutoML_13_20260420_194809_model_4,target_lag2,0.3659316043742001
0,1,0.2,XGBoost_grid_1_AutoML_13_20260420_194809_model_4,target_lag3,0.12955674760043617
0,1,0.2,XGBoost_grid_1_AutoML_13_20260420_194809_model_4,target_lag4,0.07935385520861014
0,1,0.2,XGBoost_grid_1_AutoML_13_20260420_194809_model_4,target_lag5,0.0756768267648294
0,1,0.2,XGBoost_grid_1_AutoML_13_20260420_194809_model_4,target_lag6,0.1022411088645458
0,1,0.2,XGBoost_grid_1_AutoML_13_20260420_194809_model_4,cov_HULL_lag1,0.07822568699251856
0,1,0.2,XGBoost_grid_1_AutoML_13_20260420_194809_model_4,cov_MUFL_lag1,2.1222075510025022
0,1,0.2,XGBoost_grid_1_AutoML_13_20260420_194809_model_4,cov_MULL_lag1,0.08154809147963529
0,1,0.2,XGBoost_grid_1_AutoML_13_20260420_194809_model_4,cov_LUFL_lag1,0.07821731985546646
0,1,0.2,XGBoost_grid_1_AutoML_13_20260420_194809_model_4,cov_LULL_lag1,0.06930360466125418
0,1,0.2,XGBoost_grid_1_AutoML_13_20260420_194809_model_4,cov_OT_lag1,0.11153863174375143
0,1,0.2,XGBoost_grid_1_AutoML_13_20260420_194809_model_4,hour_lag1,0.47138448713347314
0,1,0.2,XGBoost_grid_1_AutoML_13_20260420_194809_model_4,day_of_week_lag1,0.044241914093581684
0,1,0.2,XGBoost_grid_1_AutoML_13_20260420_194809_model_4,month_lag1,0.0656947554775979
0,1,0.2,XGBoost_grid_1_AutoML_13_20260420_194809_model_4,month_sin,0.03858291441923935
0,1,0.2,XGBoost_grid_1_AutoML_13_20260420_194809_model_4,month_cos,0.039980532666668255
0,1,0.2,XGBoost_grid_1_AutoML_13_20260420_194809_model_4,year,0.295409876704216
0,1,0.2,XGBoost_grid_1_AutoML_13_20260420_194809_model_6,target_lag1,1.8262694484420354
0,1,0.2,XGBoost_grid_1_AutoML_13_20260420_194809_model_6,target_lag2,0.15786533821374174
0,1,0.2,XGBoost_grid_1_AutoML_13_20260420_194809_model_6,target_lag3,0.885372102484107
0,1,0.2,XGBoost_grid_1_AutoML_13_20260420_194809_model_6,target_lag4,0.0978942655632272
0,1,0.2,XGBoost_grid_1_AutoML_13_20260420_194809_model_6,target_lag5,0.08582158525241533
0,1,0.2,XGBoost_grid_1_AutoML_13_20260420_194809_model_6,target_lag6,0.08758706038643137
0,1,0.2,XGBoost_grid_1_AutoML_13_20260420_194809_model_6,cov_HULL_lag1,0.15030327276326713
0,1,0.2,XGBoost_grid_1_AutoML_13_20260420_194809_model_6,cov_MUFL_lag1,1.9702324473112822
0,1,0.2,XGBoost_grid_1_AutoML_13_20260420_194809_model_6,cov_MULL_lag1,0.1314802595414221
0,1,0.2,XGBoost_grid_1_AutoML_13_20260420_194809_model_6,cov_LUFL_lag1,0.1173857535969
0,1,0.2,XGBoost_grid_1_AutoML_13_20260420_194809_model_6,cov_LULL_lag1,0.058140496186751954
0,1,0.2,XGBoost_grid_1_AutoML_13_20260420_194809_model_6,cov_OT_lag1,0.10939266842789945
0,1,0.2,XGBoost_grid_1_AutoML_13_20260420_194809_model_6,hour_lag1,0.4059804106503725
0,1,0.2,XGBoost_grid_1_AutoML_13_20260420_194809_model_6,day_of_week_lag1,0.0396353765201638
0,1,0.2,XGBoost_grid_1_AutoML_13_20260420_194809_model_6,month_lag1,0.02237876476116066
0,1,0.2,XGBoost_grid_1_AutoML_13_20260420_194809_model_6,month_sin,0.028336668640840758
0,1,0.2,XGBoost_grid_1_AutoML_13_20260420_194809_model_6,month_cos,0.030821057118009733
0,1,0.2,XGBoost_grid_1_AutoML_13_20260420_194809_model_6,year,0.3784862057864666
0,1,0.2,XGBoost_grid_1_AutoML_13_20260420_194809_model_2,target_lag1,1.7288023178838194
0,1,0.2,XGBoost_grid_1_AutoML_13_20260420_194809_model_2,target_lag2,0.7144071221351623
0,1,0.2,XGBoost_grid_1_AutoML_13_20260420_194809_model_2,target_lag3,0.2386955327540636
0,1,0.2,XGBoost_grid_1_AutoML_13_20260420_194809_model_2,target_lag4,0.07009375924128104
0,1,0.2,XGBoost_grid_1_AutoML_13_20260420_194809_model_2,target_lag5,0.07673040542751547
0,1,0.2,XGBoost_grid_1_AutoML_13_20260420_194809_model_2,target_lag6,0.06803198218392932
0,1,0.2,XGBoost_grid_1_AutoML_13_20260420_194809_model_2,cov_HULL_lag1,0.11450438208586998
0,1,0.2,XGBoost_grid_1_AutoML_13_20260420_194809_model_2,cov_MUFL_lag1,2.090162228345871
0,1,0.2,XGBoost_grid_1_AutoML_13_20260420_194809_model_2,cov_MULL_lag1,0.11006625929847356
0,1,0.2,XGBoost_grid_1_AutoML_13_20260420_194809_model_2,cov_LUFL_lag1,0.15617863224819298
0,1,0.2,XGBoost_grid_1_AutoML_13_20260420_194809_model_2,cov_LULL_lag1,0.05068050114496142
0,1,0.2,XGBoost_grid_1_AutoML_13_20260420_194809_model_2,cov_OT_lag1,0.06526092456653709
0,1,0.2,XGBoost_grid_1_AutoML_13_20260420_194809_model_2,hour_lag1,0.40466752484440804
0,1,0.2,XGBoost_grid_1_AutoML_13_20260420_194809_model_2,day_of_week_lag1,0.025795049921980492
0,1,0.2,XGBoost_grid_1_AutoML_13_20260420_194809_model_2,month_lag1,0.04933572017354887
0,1,0.2,XGBoost_grid_1_AutoML_13_20260420_194809_model_2,month_sin,0.03191593657829794
0,1,0.2,XGBoost_grid_1_AutoML_13_20260420_194809_model_2,month_cos,0.03589390331835598
0,1,0.2,XGBoost_grid_1_AutoML_13_20260420_194809_model_2,year,0.3857968218252063
0,1,0.2,XGBoost_2_AutoML_13_20260420_194809,target_lag1,2.0620315202511845
0,1,0.2,XGBoost_2_AutoML_13_20260420_194809,target_lag2,0.6078625842370093
0,1,0.2,XGBoost_2_AutoML_13_20260420_194809,target_lag3,0.49287291142856704
0,1,0.2,XGBoost_2_AutoML_13_20260420_194809,target_lag4,0.08685008215950799
0,1,0.2,XGBoost_2_AutoML_13_20260420_194809,target_lag5,0.11125964309205298
0,1,0.2,XGBoost_2_AutoML_13_20260420_194809,target_lag6,0.12662329040002074
0,1,0.2,XGBoost_2_AutoML_13_20260420_194809,cov_HULL_lag1,0.09897273034788664
0,1,0.2,XGBoost_2_AutoML_13_20260420_194809,cov_MUFL_lag1,1.38770965218544
0,1,0.2,XGBoost_2_AutoML_13_20260420_194809,cov_MULL_lag1,0.08659692053683099
0,1,0.2,XGBoost_2_AutoML_13_20260420_194809,cov_LUFL_lag1,0.18278991512954235
0,1,0.2,XGBoost_2_AutoML_13_20260420_194809,cov_LULL_lag1,0.051852812310680695
0,1,0.2,XGBoost_2_AutoML_13_20260420_194809,cov_OT_lag1,0.12774139087647196
0,1,0.2,XGBoost_2_AutoML_13_20260420_194809,hour_lag1,0.4420750541612506
0,1,0.2,XGBoost_2_AutoML_13_20260420_194809,day_of_week_lag1,0.030232654389692422
0,1,0.2,XGBoost_2_AutoML_13_20260420_194809,month_lag1,0.03668308316380711
0,1,0.2,XGBoost_2_AutoML_13_20260420_194809,month_sin,0.08149352540029209
0,1,0.2,XGBoost_2_AutoML_13_20260420_194809,month_cos,0.03885000553156712
0,1,0.2,XGBoost_2_AutoML_13_20260420_194809,year,0.39018323257565496
0,1,0.2,XGBoost_1_AutoML_13_20260420_194809,target_lag1,2.293621823750436
0,1,0.2,XGBoost_1_AutoML_13_20260420_194809,target_lag2,0.2612642365251668
0,1,0.2,XGBoost_1_AutoML_13_20260420_194809,target_lag3,0.2212945408001542
0,1,0.2,XGBoost_1_AutoML_13_20260420_194809,target_lag4,0.08353592505794945
0,1,0.2,XGBoost_1_AutoML_13_20260420_194809,target_lag5,0.10090884100645776
0,1,0.2,XGBoost_1_AutoML_13_20260420_194809,target_lag6,0.07408760597929355
0,1,0.2,XGBoost_1_AutoML_13_20260420_194809,cov_HULL_lag1,0.1003095034556463
0,1,0.2,XGBoost_1_AutoML_13_20260420_194809,cov_MUFL_lag1,1.9563711531460286
0,1,0.2,XGBoost_1_AutoML_13_20260420_194809,cov_MULL_lag1,0.13265438189031553
0,1,0.2,XGBoost_1_AutoML_13_20260420_194809,cov_LUFL_lag1,0.12321480386657636
0,1,0.2,XGBoost_1_AutoML_13_20260420_194809,cov_LULL_lag1,0.0645545625837985
0,1,0.2,XGBoost_1_AutoML_13_20260420_194809,cov_OT_lag1,0.12527468450367446
0,1,0.2,XGBoost_1_AutoML_13_20260420_194809,hour_lag1,0.443871039101723
0,1,0.2,XGBoost_1_AutoML_13_20260420_194809,day_of_week_lag1,0.04265137562528247
0,1,0.2,XGBoost_1_AutoML_13_20260420_194809,month_lag1,0.040468950201757205
0,1,0.2,XGBoost_1_AutoML_13_20260420_194809,month_sin,0.04024646897902126
0,1,0.2,XGBoost_1_AutoML_13_20260420_194809,month_cos,0.05248897002078588
0,1,0.2,XGBoost_1_AutoML_13_20260420_194809,year,0.31460423946380617
0,1,0.3,GBM_grid_1_AutoML_13_20260420_194809_model_3,target_lag1,1.6134529651515186
0,1,0.3,GBM_grid_1_AutoML_13_20260420_194809_model_3,target_lag2,0.8323274960997514
0,1,0.3,GBM_grid_1_AutoML_13_20260420_194809_model_3,target_lag3,0.3646453302074224
0,1,0.3,GBM_grid_1_AutoML_13_20260420_194809_model_3,target_lag4,0.33611990361940114
0,1,0.3,GBM_grid_1_AutoML_13_20260420_194809_model_3,target_lag5,0.09122349878540259
0,1,0.3,GBM_grid_1_AutoML_13_20260420_194809_model_3,target_lag6,0.15303314785705877
0,1,0.3,GBM_grid_1_AutoML_13_20260420_194809_model_3,cov_HULL_lag1,0.06427142423577603
0,1,0.3,GBM_grid_1_AutoML_13_20260420_194809_model_3,cov_MUFL_lag1,1.0012619666778482
0,1,0.3,GBM_grid_1_AutoML_13_20260420_194809_model_3,cov_MULL_lag1,0.08672253360273313
0,1,0.3,GBM_grid_1_AutoML_13_20260420_194809_model_3,cov_LUFL_lag1,0.12485233932733532
0,1,0.3,GBM_grid_1_AutoML_13_20260420_194809_model_3,cov_LULL_lag1,0.019995698190759817
0,1,0.3,GBM_grid_1_AutoML_13_20260420_194809_model_3,cov_OT_lag1,0.03491270508966404
0,1,0.3,GBM_grid_1_AutoML_13_20260420_194809_model_3,hour_lag1,0.2779851976595819
0,1,0.3,GBM_grid_1_AutoML_13_20260420_194809_model_3,day_of_week_lag1,0.01658985315541936
0,1,0.3,GBM_grid_1_AutoML_13_20260420_194809_model_3,month_lag1,0.023844452821649566
0,1,0.3,GBM_grid_1_AutoML_13_20260420_194809_model_3,month_sin,0.005637246263977405
0,1,0.3,GBM_grid_1_AutoML_13_20260420_194809_model_3,month_cos,0.006739388712012401
0,1,0.3,GBM_grid_1_AutoML_13_20260420_194809_model_3,year,0.09988551419693974
0,1,0.3,GBM_grid_1_AutoML_13_20260420_194809_model_2,target_lag1,2.1715187546610832
0,1,0.3,GBM_grid_1_AutoML_13_20260420_194809_model_2,target_lag2,0.6302606803644448
0,1,0.3,GBM_grid_1_AutoML_13_20260420_194809_model_2,target_lag3,0.34856234713457523
0,1,0.3,GBM_grid_1_AutoML_13_20260420_194809_model_2,target_lag4,0.023279509461717644
0,1,0.3,GBM_grid_1_AutoML_13_20260420_194809_model_2,target_lag5,0.03564173985476368
0,1,0.3,GBM_grid_1_AutoML_13_20260420_194809_model_2,target_lag6,0.04812235537450756
0,1,0.3,GBM_grid_1_AutoML_13_20260420_194809_model_2,cov_HULL_lag1,0.06522235223790628
0,1,0.3,GBM_grid_1_AutoML_13_20260420_194809_model_2,cov_MUFL_lag1,1.5071206644922495
0,1,0.3,GBM_grid_1_AutoML_13_20260420_194809_model_2,cov_MULL_lag1,0.03162646873854096
0,1,0.3,GBM_grid_1_AutoML_13_20260420_194809_model_2,cov_LUFL_lag1,0.08730029903352257
0,1,0.3,GBM_grid_1_AutoML_13_20260420_194809_model_2,cov_LULL_lag1,0.006870503900572616
0,1,0.3,GBM_grid_1_AutoML_13_20260420_194809_model_2,cov_OT_lag1,0.037666985723189966
0,1,0.3,GBM_grid_1_AutoML_13_20260420_194809_model_2,hour_lag1,0.33730500081554055
0,1,0.3,GBM_grid_1_AutoML_13_20260420_194809_model_2,day_of_week_lag1,0.0018203494940826177
0,1,0.3,GBM_grid_1_AutoML_13_20260420_194809_model_2,month_lag1,0.013418472396442617
0,1,0.3,GBM_grid_1_AutoML_13_20260420_194809_model_2,month_sin,0.00034269889085407487
0,1,0.3,GBM_grid_1_AutoML_13_20260420_194809_model_2,month_cos,0.004251077828812368
0,1,0.3,GBM_grid_1_AutoML_13_20260420_194809_model_2,year,0.12498050030320879
0,1,0.3,GBM_1_AutoML_13_20260420_194809,target_lag1,2.3986005119606855
0,1,0.3,GBM_1_AutoML_13_20260420_194809,target_lag2,0.5846139481663704
0,1,0.3,GBM_1_AutoML_13_20260420_194809,target_lag3,0.09590638737194236
0,1,0.3,GBM_1_AutoML_13_20260420_194809,target_lag4,0.0399336242571007
0,1,0.3,GBM_1_AutoML_13_20260420_194809,target_lag5,0.0443508843844756
0,1,0.3,GBM_1_AutoML_13_20260420_194809,target_lag6,0.06438063378445799
0,1,0.3,GBM_1_AutoML_13_20260420_194809,cov_HULL_lag1,0.08535066748969253
0,1,0.3,GBM_1_AutoML_13_20260420_194809,cov_MUFL_lag1,1.751801759749651
0,1,0.3,GBM_1_AutoML_13_20260420_194809,cov_MULL_lag1,0.07982110576238478
0,1,0.3,GBM_1_AutoML_13_20260420_194809,cov_LUFL_lag1,0.07391703772358592
0,1,0.3,GBM_1_AutoML_13_20260420_194809,cov_LULL_lag1,0.017785910202655887
0,1,0.3,GBM_1_AutoML_13_20260420_194809,cov_OT_lag1,0.04403342697769398
0,1,0.3,GBM_1_AutoML_13_20260420_194809,hour_lag1,0.30732755300588904
0,1,0.3,GBM_1_AutoML_13_20260420_194809,day_of_week_lag1,0.019655151107581283
0,1,0.3,GBM_1_AutoML_13_20260420_194809,month_lag1,0.025884402781957708
0,1,0.3,GBM_1_AutoML_13_20260420_194809,month_sin,0.013029164607869417
0,1,0.3,GBM_1_AutoML_13_20260420_194809,month_cos,0.015189695105072995
0,1,0.3,GBM_1_AutoML_13_20260420_194809,year,0.20373245380818844
0,1,0.3,GBM_2_AutoML_13_20260420_194809,target_lag1,2.011435300260782
0,1,0.3,GBM_2_AutoML_13_20260420_194809,target_lag2,0.6119619281659834
0,1,0.3,GBM_2_AutoML_13_20260420_194809,target_lag3,0.08721437357831743
0,1,0.3,GBM_2_AutoML_13_20260420_194809,target_lag4,0.03082063380628819
0,1,0.3,GBM_2_AutoML_13_20260420_194809,target_lag5,0.04633549692574885
0,1,0.3,GBM_2_AutoML_13_20260420_194809,target_lag6,0.05861206880304957
0,1,0.3,GBM_2_AutoML_13_20260420_194809,cov_HULL_lag1,0.0501685912534594
0,1,0.3,GBM_2_AutoML_13_20260420_194809,cov_MUFL_lag1,2.019203143119812
0,1,0.3,GBM_2_AutoML_13_20260420_194809,cov_MULL_lag1,0.0602684240462258
0,1,0.3,GBM_2_AutoML_13_20260420_194809,cov_LUFL_lag1,0.10062101888470348
0,1,0.3,GBM_2_AutoML_13_20260420_194809,cov_LULL_lag1,0.024783570326399013
0,1,0.3,GBM_2_AutoML_13_20260420_194809,cov_OT_lag1,0.029662410267337652
0,1,0.3,GBM_2_AutoML_13_20260420_194809,hour_lag1,0.3095280239917338
0,1,0.3,GBM_2_AutoML_13_20260420_194809,day_of_week_lag1,0.013698440533189528
0,1,0.3,GBM_2_AutoML_13_20260420_194809,month_lag1,0.02467453528064649
0,1,0.3,GBM_2_AutoML_13_20260420_194809,month_sin,0.013511257804057044
0,1,0.3,GBM_2_AutoML_13_20260420_194809,month_cos,0.011086327690281865
0,1,0.3,GBM_2_AutoML_13_20260420_194809,year,0.2031683523952961
0,1,0.3,GBM_3_AutoML_13_20260420_194809,target_lag1,1.9953981480840595
0,1,0.3,GBM_3_AutoML_13_20260420_194809,target_lag2,0.6733168105408549
0,1,0.3,GBM_3_AutoML_13_20260420_194809,target_lag3,0.09833897634409365
0,1,0.3,GBM_3_AutoML_13_20260420_194809,target_lag4,0.06325238004792479
0,1,0.3,GBM_3_AutoML_13_20260420_194809,target_lag5,0.03684517680434505
0,1,0.3,GBM_3_AutoML_13_20260420_194809,target_lag6,0.08817388013470914
0,1,0.3,GBM_3_AutoML_13_20260420_194809,cov_HULL_lag1,0.05746307390276339
0,1,0.3,GBM_3_AutoML_13_20260420_194809,cov_MUFL_lag1,1.9711783902347089
0,1,0.3,GBM_3_AutoML_13_20260420_194809,cov_MULL_lag1,0.07072033355943855
0,1,0.3,GBM_3_AutoML_13_20260420_194809,cov_LUFL_lag1,0.09437976921908554
0,1,0.3,GBM_3_AutoML_13_20260420_194809,cov_LULL_lag1,0.03498065244646564
0,1,0.3,GBM_3_AutoML_13_20260420_194809,cov_OT_lag1,0.05395638485671947
0,1,0.3,GBM_3_AutoML_13_20260420_194809,hour_lag1,0.31570581153035165
0,1,0.3,GBM_3_AutoML_13_20260420_194809,day_of_week_lag1,0.012692106691247268
0,1,0.3,GBM_3_AutoML_13_20260420_194809,month_lag1,0.035068262222921434
0,1,0.3,GBM_3_AutoML_13_20260420_194809,month_sin,0.01632555191565184
0,1,0.3,GBM_3_AutoML_13_20260420_194809,month_cos,0.018039294520567586
0,1,0.3,GBM_3_AutoML_13_20260420_194809,year,0.1826959946192801
0,1,0.3,GBM_5_AutoML_13_20260420_194809,target_lag1,2.176434324160218
0,1,0.3,GBM_5_AutoML_13_20260420_194809,target_lag2,0.6158093095570802
0,1,0.3,GBM_5_AutoML_13_20260420_194809,target_lag3,0.08157411466119807
0,1,0.3,GBM_5_AutoML_13_20260420_194809,target_lag4,0.1518228051066398
0,1,0.3,GBM_5_AutoML_13_20260420_194809,target_lag5,0.0551162559795193
0,1,0.3,GBM_5_AutoML_13_20260420_194809,target_lag6,0.06362734070979055
0,1,0.3,GBM_5_AutoML_13_20260420_194809,cov_HULL_lag1,0.09108927743509408
0,1,0.3,GBM_5_AutoML_13_20260420_194809,cov_MUFL_lag1,1.6925037945620716
0,1,0.3,GBM_5_AutoML_13_20260420_194809,cov_MULL_lag1,0.08447319729253647
0,1,0.3,GBM_5_AutoML_13_20260420_194809,cov_LUFL_lag1,0.09809969306923445
0,1,0.3,GBM_5_AutoML_13_20260420_194809,cov_LULL_lag1,0.017263385561818678
0,1,0.3,GBM_5_AutoML_13_20260420_194809,cov_OT_lag1,0.03013135763641908
0,1,0.3,GBM_5_AutoML_13_20260420_194809,hour_lag1,0.31464435018540826
0,1,0.3,GBM_5_AutoML_13_20260420_194809,day_of_week_lag1,0.010873280998421204
0,1,0.3,GBM_5_AutoML_13_20260420_194809,month_lag1,0.022673663661407727
0,1,0.3,GBM_5_AutoML_13_20260420_194809,month_sin,0.010961673238780303
0,1,0.3,GBM_5_AutoML_13_20260420_194809,month_cos,0.007329688343488627
0,1,0.3,GBM_5_AutoML_13_20260420_194809,year,0.16736952482722697
0,1,0.3,XRT_1_AutoML_13_20260420_194809,target_lag1,1.6724793541431426
0,1,0.3,XRT_1_AutoML_13_20260420_194809,target_lag2,1.0721068568527699
0,1,0.3,XRT_1_AutoML_13_20260420_194809,target_lag3,0.22555036569014192
0,1,0.3,XRT_1_AutoML_13_20260420_194809,target_lag4,0.3342770900949836
0,1,0.3,XRT_1_AutoML_13_20260420_194809,target_lag5,0.18976650924421842
0,1,0.3,XRT_1_AutoML_13_20260420_194809,target_lag6,0.11688882532529529
0,1,0.3,XRT_1_AutoML_13_20260420_194809,cov_HULL_lag1,0.07453783859498796
0,1,0.3,XRT_1_AutoML_13_20260420_194809,cov_MUFL_lag1,1.7788599260151385
0,1,0.3,XRT_1_AutoML_13_20260420_194809,cov_MULL_lag1,0.12516185513231898
0,1,0.3,XRT_1_AutoML_13_20260420_194809,cov_LUFL_lag1,0.09628384616225955
0,1,0.3,XRT_1_AutoML_13_20260420_194809,cov_LULL_lag1,0.03783583847747646
0,1,0.3,XRT_1_AutoML_13_20260420_194809,cov_OT_lag1,0.06730078061576929
0,1,0.3,XRT_1_AutoML_13_20260420_194809,hour_lag1,0.24931254150345922
0,1,0.3,XRT_1_AutoML_13_20260420_194809,day_of_week_lag1,0.0675866535166278
0,1,0.3,XRT_1_AutoML_13_20260420_194809,month_lag1,0.08724640266969796
0,1,0.3,XRT_1_AutoML_13_20260420_194809,month_sin,0.02709969582268963
0,1,0.3,XRT_1_AutoML_13_20260420_194809,month_cos,0.025219153663274433
0,1,0.3,XRT_1_AutoML_13_20260420_194809,year,476714.74296122836
0,1,0.3,DRF_1_AutoML_13_20260420_194809,target_lag1,1.5789975540339947
0,1,0.3,DRF_1_AutoML_13_20260420_194809,target_lag2,0.9595714610815048
0,1,0.3,DRF_1_AutoML_13_20260420_194809,target_lag3,0.7023188833892345
0,1,0.3,DRF_1_AutoML_13_20260420_194809,target_lag4,0.3672204768192023
0,1,0.3,DRF_1_AutoML_13_20260420_194809,target_lag5,0.17417507017031308
0,1,0.3,DRF_1_AutoML_13_20260420_194809,target_lag6,0.11174017818528224
0,1,0.3,DRF_1_AutoML_13_20260420_194809,cov_HULL_lag1,0.09072957456111902
0,1,0.3,DRF_1_AutoML_13_20260420_194809,cov_MUFL_lag1,1.60472880423069
0,1,0.3,DRF_1_AutoML_13_20260420_194809,cov_MULL_lag1,0.07136544531676912
0,1,0.3,DRF_1_AutoML_13_20260420_194809,cov_LUFL_lag1,0.08145080152899023
0,1,0.3,DRF_1_AutoML_13_20260420_194809,cov_LULL_lag1,0.027077415795065417
0,1,0.3,DRF_1_AutoML_13_20260420_194809,cov_OT_lag1,0.03790821692149616
0,1,0.3,DRF_1_AutoML_13_20260420_194809,hour_lag1,0.22388867279863917
0,1,0.3,DRF_1_AutoML_13_20260420_194809,day_of_week_lag1,0.01573075640306338
0,1,0.3,DRF_1_AutoML_13_20260420_194809,month_lag1,0.026876235194504213
0,1,0.3,DRF_1_AutoML_13_20260420_194809,month_sin,0.01349329615535675
0,1,0.3,DRF_1_AutoML_13_20260420_194809,month_cos,0.013121187914512078
0,1,0.3,DRF_1_AutoML_13_20260420_194809,year,0.1779123506695032
0,1,0.3,GBM_4_AutoML_13_20260420_194809,target_lag1,1.4643854400515557
0,1,0.3,GBM_4_AutoML_13_20260420_194809,target_lag2,0.6837098355591297
0,1,0.3,GBM_4_AutoML_13_20260420_194809,target_lag3,0.08000689064967442
0,1,0.3,GBM_4_AutoML_13_20260420_194809,target_lag4,0.03819118654646441
0,1,0.3,GBM_4_AutoML_13_20260420_194809,target_lag5,0.04542815480381245
0,1,0.3,GBM_4_AutoML_13_20260420_194809,target_lag6,0.059988220879458785
0,1,0.3,GBM_4_AutoML_13_20260420_194809,cov_HULL_lag1,0.07967817210592325
0,1,0.3,GBM_4_AutoML_13_20260420_194809,cov_MUFL_lag1,2.5813089894875882
0,1,0.3,GBM_4_AutoML_13_20260420_194809,cov_MULL_lag1,0.07593444159778297
0,1,0.3,GBM_4_AutoML_13_20260420_194809,cov_LUFL_lag1,0.12884374882210975
0,1,0.3,GBM_4_AutoML_13_20260420_194809,cov_LULL_lag1,0.03244656265131194
0,1,0.3,GBM_4_AutoML_13_20260420_194809,cov_OT_lag1,0.06647656301502135
0,1,0.3,GBM_4_AutoML_13_20260420_194809,hour_lag1,0.33558613795787096
0,1,0.3,GBM_4_AutoML_13_20260420_194809,day_of_week_lag1,0.02214918783400204
0,1,0.3,GBM_4_AutoML_13_20260420_194809,month_lag1,0.035755471962038377
0,1,0.3,GBM_4_AutoML_13_20260420_194809,month_sin,0.019469675097279787
0,1,0.3,GBM_4_AutoML_13_20260420_194809,month_cos,0.01691237701859787
0,1,0.3,GBM_4_AutoML_13_20260420_194809,year,0.19058266576379537
0,1,0.3,XGBoost_grid_1_AutoML_13_20260420_194809_model_3,target_lag1,1.933433726504445
0,1,0.3,XGBoost_grid_1_AutoML_13_20260420_194809_model_3,target_lag2,0.4195238914171932
0,1,0.3,XGBoost_grid_1_AutoML_13_20260420_194809_model_3,target_lag3,0.1396665125340223
0,1,0.3,XGBoost_grid_1_AutoML_13_20260420_194809_model_3,target_lag4,0.04472448785672892
0,1,0.3,XGBoost_grid_1_AutoML_13_20260420_194809_model_3,target_lag5,0.10176034065429118
0,1,0.3,XGBoost_grid_1_AutoML_13_20260420_194809_model_3,target_lag6,0.14866069514304395
0,1,0.3,XGBoost_grid_1_AutoML_13_20260420_194809_model_3,cov_HULL_lag1,0.07307492628693577
0,1,0.3,XGBoost_grid_1_AutoML_13_20260420_194809_model_3,cov_MUFL_lag1,2.3610232431441545
0,1,0.3,XGBoost_grid_1_AutoML_13_20260420_194809_model_3,cov_MULL_lag1,0.12669186802580948
0,1,0.3,XGBoost_grid_1_AutoML_13_20260420_194809_model_3,cov_LUFL_lag1,0.08538650429341939
0,1,0.3,XGBoost_grid_1_AutoML_13_20260420_194809_model_3,cov_LULL_lag1,0.07843849306460467
0,1,0.3,XGBoost_grid_1_AutoML_13_20260420_194809_model_3,cov_OT_lag1,0.0770186203019693
0,1,0.3,XGBoost_grid_1_AutoML_13_20260420_194809_model_3,hour_lag1,0.42945721094263717
0,1,0.3,XGBoost_grid_1_AutoML_13_20260420_194809_model_3,day_of_week_lag1,0.03737746345344927
0,1,0.3,XGBoost_grid_1_AutoML_13_20260420_194809_model_3,month_lag1,0.02833181228896133
0,1,0.3,XGBoost_grid_1_AutoML_13_20260420_194809_model_3,month_sin,0.0145144991495908
0,1,0.3,XGBoost_grid_1_AutoML_13_20260420_194809_model_3,month_cos,0.012066976828937143
0,1,0.3,XGBoost_grid_1_AutoML_13_20260420_194809_model_3,year,0.3307872458221391
0,1,0.3,XGBoost_3_AutoML_13_20260420_194809,target_lag1,2.2871642283536495
0,1,0.3,XGBoost_3_AutoML_13_20260420_194809,target_lag2,0.31558763128705325
0,1,0.3,XGBoost_3_AutoML_13_20260420_194809,target_lag3,0.09988102805800732
0,1,0.3,XGBoost_3_AutoML_13_20260420_194809,target_lag4,0.05345845147036012
0,1,0.3,XGBoost_3_AutoML_13_20260420_194809,target_lag5,0.07783418740378689
0,1,0.3,XGBoost_3_AutoML_13_20260420_194809,target_lag6,0.08273243018658828
0,1,0.3,XGBoost_3_AutoML_13_20260420_194809,cov_HULL_lag1,0.1428145603253506
0,1,0.3,XGBoost_3_AutoML_13_20260420_194809,cov_MUFL_lag1,2.1235007193731144
0,1,0.3,XGBoost_3_AutoML_13_20260420_194809,cov_MULL_lag1,0.12088056221604343
0,1,0.3,XGBoost_3_AutoML_13_20260420_194809,cov_LUFL_lag1,0.0931467352248728
0,1,0.3,XGBoost_3_AutoML_13_20260420_194809,cov_LULL_lag1,0.03189905146602537
0,1,0.3,XGBoost_3_AutoML_13_20260420_194809,cov_OT_lag1,0.06681079953908917
0,1,0.3,XGBoost_3_AutoML_13_20260420_194809,hour_lag1,0.35699225882999597
0,1,0.3,XGBoost_3_AutoML_13_20260420_194809,day_of_week_lag1,0.025554213458672117
0,1,0.3,XGBoost_3_AutoML_13_20260420_194809,month_lag1,0.03978729239170203
0,1,0.3,XGBoost_3_AutoML_13_20260420_194809,month_sin,0.013418469298048831
0,1,0.3,XGBoost_3_AutoML_13_20260420_194809,month_cos,0.0025899977283552135
0,1,0.3,XGBoost_3_AutoML_13_20260420_194809,year,0.38333135560154913
0,1,0.3,GLM_1_AutoML_13_20260420_194809,target_lag1,1.538463719498777
0,1,0.3,GLM_1_AutoML_13_20260420_194809,target_lag2,0.9487112181100221
0,1,0.3,GLM_1_AutoML_13_20260420_194809,target_lag3,0.4847865904185495
0,1,0.3,GLM_1_AutoML_13_20260420_194809,target_lag4,0.05703152399159531
0,1,0.3,GLM_1_AutoML_13_20260420_194809,target_lag5,0.21746113326924882
0,1,0.3,GLM_1_AutoML_13_20260420_194809,target_lag6,0.30307286837595865
0,1,0.3,GLM_1_AutoML_13_20260420_194809,cov_HULL_lag1,0.01597929677693858
0,1,0.3,GLM_1_AutoML_13_20260420_194809,cov_MUFL_lag1,1.8300781493030487
0,1,0.3,GLM_1_AutoML_13_20260420_194809,cov_MULL_lag1,0.07738777154666676
0,1,0.3,GLM_1_AutoML_13_20260420_194809,cov_LUFL_lag1,0.202586370860203
0,1,0.3,GLM_1_AutoML_13_20260420_194809,cov_LULL_lag1,0.012848093333085096
0,1,0.3,GLM_1_AutoML_13_20260420_194809,cov_OT_lag1,0.035517595810979234
0,1,0.3,GLM_1_AutoML_13_20260420_194809,hour_lag1,0.12610448218657438
0,1,0.3,GLM_1_AutoML_13_20260420_194809,day_of_week_lag1,0.006903092264451882
0,1,0.3,GLM_1_AutoML_13_20260420_194809,month_lag1,0.0021692216762924585
0,1,0.3,GLM_1_AutoML_13_20260420_194809,month_sin,0.0030934496850309845
0,1,0.3,GLM_1_AutoML_13_20260420_194809,month_cos,0.0043397996926297375
0,1,0.3,GLM_1_AutoML_13_20260420_194809,year,0.37618319059530253
0,1,0.3,XGBoost_grid_1_AutoML_13_20260420_194809_model_5,target_lag1,1.733013856532052
0,1,0.3,XGBoost_grid_1_AutoML_13_20260420_194809_model_5,target_lag2,0.9067387364711612
0,1,0.3,XGBoost_grid_1_AutoML_13_20260420_194809_model_5,target_lag3,0.6955146617535501
0,1,0.3,XGBoost_grid_1_AutoML_13_20260420_194809_model_5,target_lag4,0.11456955788191404
0,1,0.3,XGBoost_grid_1_AutoML_13_20260420_194809_model_5,target_lag5,0.06182547443837388
0,1,0.3,XGBoost_grid_1_AutoML_13_20260420_194809_model_5,target_lag6,0.09149365874473002
0,1,0.3,XGBoost_grid_1_AutoML_13_20260420_194809_model_5,cov_HULL_lag1,0.10201344903602144
0,1,0.3,XGBoost_grid_1_AutoML_13_20260420_194809_model_5,cov_MUFL_lag1,1.3178105172142387
0,1,0.3,XGBoost_grid_1_AutoML_13_20260420_194809_model_5,cov_MULL_lag1,0.13281824586912985
0,1,0.3,XGBoost_grid_1_AutoML_13_20260420_194809_model_5,cov_LUFL_lag1,0.1955787936039269
0,1,0.3,XGBoost_grid_1_AutoML_13_20260420_194809_model_5,cov_LULL_lag1,0.07148080639308314
0,1,0.3,XGBoost_grid_1_AutoML_13_20260420_194809_model_5,cov_OT_lag1,0.0639826852921396
0,1,0.3,XGBoost_grid_1_AutoML_13_20260420_194809_model_5,hour_lag1,0.40445514671504496
0,1,0.3,XGBoost_grid_1_AutoML_13_20260420_194809_model_5,day_of_week_lag1,0.04287910942570303
0,1,0.3,XGBoost_grid_1_AutoML_13_20260420_194809_model_5,month_lag1,0.047709645670838616
0,1,0.3,XGBoost_grid_1_AutoML_13_20260420_194809_model_5,month_sin,0.038065910266013775
0,1,0.3,XGBoost_grid_1_AutoML_13_20260420_194809_model_5,month_cos,0.04005582656711335
0,1,0.3,XGBoost_grid_1_AutoML_13_20260420_194809_model_5,year,0.32588651014491915
0,1,0.3,GBM_grid_1_AutoML_13_20260420_194809_model_1,target_lag1,1.1010091981291772
0,1,0.3,GBM_grid_1_AutoML_13_20260420_194809_model_1,target_lag2,0.6474843745306135
0,1,0.3,GBM_grid_1_AutoML_13_20260420_194809_model_1,target_lag3,0.5207276365533471
0,1,0.3,GBM_grid_1_AutoML_13_20260420_194809_model_1,target_lag4,0.16179043433861803
0,1,0.3,GBM_grid_1_AutoML_13_20260420_194809_model_1,target_lag5,0.6777192889526487
0,1,0.3,GBM_grid_1_AutoML_13_20260420_194809_model_1,target_lag6,0.08618149953079407
0,1,0.3,GBM_grid_1_AutoML_13_20260420_194809_model_1,cov_HULL_lag1,0.1488853218592703
0,1,0.3,GBM_grid_1_AutoML_13_20260420_194809_model_1,cov_MUFL_lag1,1.1921332460688427
0,1,0.3,GBM_grid_1_AutoML_13_20260420_194809_model_1,cov_MULL_lag1,0.10864441768519097
0,1,0.3,GBM_grid_1_AutoML_13_20260420_194809_model_1,cov_LUFL_lag1,0.1796530966181308
0,1,0.3,GBM_grid_1_AutoML_13_20260420_194809_model_1,cov_LULL_lag1,0.036612416119314685
0,1,0.3,GBM_grid_1_AutoML_13_20260420_194809_model_1,cov_OT_lag1,0.08297018638812002
0,1,0.3,GBM_grid_1_AutoML_13_20260420_194809_model_1,hour_lag1,0.2932291352469474
0,1,0.3,GBM_grid_1_AutoML_13_20260420_194809_model_1,day_of_week_lag1,0.038198569724336225
0,1,0.3,GBM_grid_1_AutoML_13_20260420_194809_model_1,month_lag1,0.043371752100647386
0,1,0.3,GBM_grid_1_AutoML_13_20260420_194809_model_1,month_sin,0.02516009576880601
0,1,0.3,GBM_grid_1_AutoML_13_20260420_194809_model_1,month_cos,0.030667488002218257
0,1,0.3,GBM_grid_1_AutoML_13_20260420_194809_model_1,year,0.2197831543162465
0,1,0.3,XGBoost_grid_1_AutoML_13_20260420_194809_model_4,target_lag1,2.3286350795626642
0,1,0.3,XGBoost_grid_1_AutoML_13_20260420_194809_model_4,target_lag2,0.3659316043742001
0,1,0.3,XGBoost_grid_1_AutoML_13_20260420_194809_model_4,target_lag3,0.12955674760043617
0,1,0.3,XGBoost_grid_1_AutoML_13_20260420_194809_model_4,target_lag4,0.07935385520861014
0,1,0.3,XGBoost_grid_1_AutoML_13_20260420_194809_model_4,target_lag5,0.0756768267648294
0,1,0.3,XGBoost_grid_1_AutoML_13_20260420_194809_model_4,target_lag6,0.1022411088645458
0,1,0.3,XGBoost_grid_1_AutoML_13_20260420_194809_model_4,cov_HULL_lag1,0.07822568699251856
0,1,0.3,XGBoost_grid_1_AutoML_13_20260420_194809_model_4,cov_MUFL_lag1,2.1222075510025022
0,1,0.3,XGBoost_grid_1_AutoML_13_20260420_194809_model_4,cov_MULL_lag1,0.08154809147963529
0,1,0.3,XGBoost_grid_1_AutoML_13_20260420_194809_model_4,cov_LUFL_lag1,0.07821731985546646
0,1,0.3,XGBoost_grid_1_AutoML_13_20260420_194809_model_4,cov_LULL_lag1,0.06930360466125418
0,1,0.3,XGBoost_grid_1_AutoML_13_20260420_194809_model_4,cov_OT_lag1,0.11153863174375143
0,1,0.3,XGBoost_grid_1_AutoML_13_20260420_194809_model_4,hour_lag1,0.47138448713347314
0,1,0.3,XGBoost_grid_1_AutoML_13_20260420_194809_model_4,day_of_week_lag1,0.044241914093581684
0,1,0.3,XGBoost_grid_1_AutoML_13_20260420_194809_model_4,month_lag1,0.0656947554775979
0,1,0.3,XGBoost_grid_1_AutoML_13_20260420_194809_model_4,month_sin,0.03858291441923935
0,1,0.3,XGBoost_grid_1_AutoML_13_20260420_194809_model_4,month_cos,0.039980532666668255
0,1,0.3,XGBoost_grid_1_AutoML_13_20260420_194809_model_4,year,0.295409876704216
0,1,0.3,XGBoost_grid_1_AutoML_13_20260420_194809_model_6,target_lag1,1.8262694484420354
0,1,0.3,XGBoost_grid_1_AutoML_13_20260420_194809_model_6,target_lag2,0.15786533821374174
0,1,0.3,XGBoost_grid_1_AutoML_13_20260420_194809_model_6,target_lag3,0.885372102484107
0,1,0.3,XGBoost_grid_1_AutoML_13_20260420_194809_model_6,target_lag4,0.0978942655632272
0,1,0.3,XGBoost_grid_1_AutoML_13_20260420_194809_model_6,target_lag5,0.08582158525241533
0,1,0.3,XGBoost_grid_1_AutoML_13_20260420_194809_model_6,target_lag6,0.08758706038643137
0,1,0.3,XGBoost_grid_1_AutoML_13_20260420_194809_model_6,cov_HULL_lag1,0.15030327276326713
0,1,0.3,XGBoost_grid_1_AutoML_13_20260420_194809_model_6,cov_MUFL_lag1,1.9702324473112822
0,1,0.3,XGBoost_grid_1_AutoML_13_20260420_194809_model_6,cov_MULL_lag1,0.1314802595414221
0,1,0.3,XGBoost_grid_1_AutoML_13_20260420_194809_model_6,cov_LUFL_lag1,0.1173857535969
0,1,0.3,XGBoost_grid_1_AutoML_13_20260420_194809_model_6,cov_LULL_lag1,0.058140496186751954
0,1,0.3,XGBoost_grid_1_AutoML_13_20260420_194809_model_6,cov_OT_lag1,0.10939266842789945
0,1,0.3,XGBoost_grid_1_AutoML_13_20260420_194809_model_6,hour_lag1,0.4059804106503725
0,1,0.3,XGBoost_grid_1_AutoML_13_20260420_194809_model_6,day_of_week_lag1,0.0396353765201638
0,1,0.3,XGBoost_grid_1_AutoML_13_20260420_194809_model_6,month_lag1,0.02237876476116066
0,1,0.3,XGBoost_grid_1_AutoML_13_20260420_194809_model_6,month_sin,0.028336668640840758
0,1,0.3,XGBoost_grid_1_AutoML_13_20260420_194809_model_6,month_cos,0.030821057118009733
0,1,0.3,XGBoost_grid_1_AutoML_13_20260420_194809_model_6,year,0.3784862057864666
0,1,0.3,XGBoost_grid_1_AutoML_13_20260420_194809_model_2,target_lag1,1.7288023178838194
0,1,0.3,XGBoost_grid_1_AutoML_13_20260420_194809_model_2,target_lag2,0.7144071221351623
0,1,0.3,XGBoost_grid_1_AutoML_13_20260420_194809_model_2,target_lag3,0.2386955327540636
0,1,0.3,XGBoost_grid_1_AutoML_13_20260420_194809_model_2,target_lag4,0.07009375924128104
0,1,0.3,XGBoost_grid_1_AutoML_13_20260420_194809_model_2,target_lag5,0.07673040542751547
0,1,0.3,XGBoost_grid_1_AutoML_13_20260420_194809_model_2,target_lag6,0.06803198218392932
0,1,0.3,XGBoost_grid_1_AutoML_13_20260420_194809_model_2,cov_HULL_lag1,0.11450438208586998
0,1,0.3,XGBoost_grid_1_AutoML_13_20260420_194809_model_2,cov_MUFL_lag1,2.090162228345871
0,1,0.3,XGBoost_grid_1_AutoML_13_20260420_194809_model_2,cov_MULL_lag1,0.11006625929847356
0,1,0.3,XGBoost_grid_1_AutoML_13_20260420_194809_model_2,cov_LUFL_lag1,0.15617863224819298
0,1,0.3,XGBoost_grid_1_AutoML_13_20260420_194809_model_2,cov_LULL_lag1,0.05068050114496142
0,1,0.3,XGBoost_grid_1_AutoML_13_20260420_194809_model_2,cov_OT_lag1,0.06526092456653709
0,1,0.3,XGBoost_grid_1_AutoML_13_20260420_194809_model_2,hour_lag1,0.40466752484440804
0,1,0.3,XGBoost_grid_1_AutoML_13_20260420_194809_model_2,day_of_week_lag1,0.025795049921980492
0,1,0.3,XGBoost_grid_1_AutoML_13_20260420_194809_model_2,month_lag1,0.04933572017354887
0,1,0.3,XGBoost_grid_1_AutoML_13_20260420_194809_model_2,month_sin,0.03191593657829794
0,1,0.3,XGBoost_grid_1_AutoML_13_20260420_194809_model_2,month_cos,0.03589390331835598
0,1,0.3,XGBoost_grid_1_AutoML_13_20260420_194809_model_2,year,0.3857968218252063
0,1,0.3,XGBoost_2_AutoML_13_20260420_194809,target_lag1,2.0620315202511845
0,1,0.3,XGBoost_2_AutoML_13_20260420_194809,target_lag2,0.6078625842370093
0,1,0.3,XGBoost_2_AutoML_13_20260420_194809,target_lag3,0.49287291142856704
0,1,0.3,XGBoost_2_AutoML_13_20260420_194809,target_lag4,0.08685008215950799
0,1,0.3,XGBoost_2_AutoML_13_20260420_194809,target_lag5,0.11125964309205298
0,1,0.3,XGBoost_2_AutoML_13_20260420_194809,target_lag6,0.12662329040002074
0,1,0.3,XGBoost_2_AutoML_13_20260420_194809,cov_HULL_lag1,0.09897273034788664
0,1,0.3,XGBoost_2_AutoML_13_20260420_194809,cov_MUFL_lag1,1.38770965218544
0,1,0.3,XGBoost_2_AutoML_13_20260420_194809,cov_MULL_lag1,0.08659692053683099
0,1,0.3,XGBoost_2_AutoML_13_20260420_194809,cov_LUFL_lag1,0.18278991512954235
0,1,0.3,XGBoost_2_AutoML_13_20260420_194809,cov_LULL_lag1,0.051852812310680695
0,1,0.3,XGBoost_2_AutoML_13_20260420_194809,cov_OT_lag1,0.12774139087647196
0,1,0.3,XGBoost_2_AutoML_13_20260420_194809,hour_lag1,0.4420750541612506
0,1,0.3,XGBoost_2_AutoML_13_20260420_194809,day_of_week_lag1,0.030232654389692422
0,1,0.3,XGBoost_2_AutoML_13_20260420_194809,month_lag1,0.03668308316380711
0,1,0.3,XGBoost_2_AutoML_13_20260420_194809,month_sin,0.08149352540029209
0,1,0.3,XGBoost_2_AutoML_13_20260420_194809,month_cos,0.03885000553156712
0,1,0.3,XGBoost_2_AutoML_13_20260420_194809,year,0.39018323257565496
0,1,0.3,XGBoost_1_AutoML_13_20260420_194809,target_lag1,2.293621823750436
0,1,0.3,XGBoost_1_AutoML_13_20260420_194809,target_lag2,0.2612642365251668
0,1,0.3,XGBoost_1_AutoML_13_20260420_194809,target_lag3,0.2212945408001542
0,1,0.3,XGBoost_1_AutoML_13_20260420_194809,target_lag4,0.08353592505794945
0,1,0.3,XGBoost_1_AutoML_13_20260420_194809,target_lag5,0.10090884100645776
0,1,0.3,XGBoost_1_AutoML_13_20260420_194809,target_lag6,0.07408760597929355
0,1,0.3,XGBoost_1_AutoML_13_20260420_194809,cov_HULL_lag1,0.1003095034556463
0,1,0.3,XGBoost_1_AutoML_13_20260420_194809,cov_MUFL_lag1,1.9563711531460286
0,1,0.3,XGBoost_1_AutoML_13_20260420_194809,cov_MULL_lag1,0.13265438189031553
0,1,0.3,XGBoost_1_AutoML_13_20260420_194809,cov_LUFL_lag1,0.12321480386657636
0,1,0.3,XGBoost_1_AutoML_13_20260420_194809,cov_LULL_lag1,0.0645545625837985
0,1,0.3,XGBoost_1_AutoML_13_20260420_194809,cov_OT_lag1,0.12527468450367446
0,1,0.3,XGBoost_1_AutoML_13_20260420_194809,hour_lag1,0.443871039101723
0,1,0.3,XGBoost_1_AutoML_13_20260420_194809,day_of_week_lag1,0.04265137562528247
0,1,0.3,XGBoost_1_AutoML_13_20260420_194809,month_lag1,0.040468950201757205
0,1,0.3,XGBoost_1_AutoML_13_20260420_194809,month_sin,0.04024646897902126
0,1,0.3,XGBoost_1_AutoML_13_20260420_194809,month_cos,0.05248897002078588
0,1,0.3,XGBoost_1_AutoML_13_20260420_194809,year,0.31460423946380617
0,1,0.3,XGBoost_grid_1_AutoML_13_20260420_194809_model_1,target_lag1,1.1857616208307444
0,1,0.3,XGBoost_grid_1_AutoML_13_20260420_194809_model_1,target_lag2,1.3067275507375598
0,1,0.3,XGBoost_grid_1_AutoML_13_20260420_194809_model_1,target_lag3,0.11512953965924677
0,1,0.3,XGBoost_grid_1_AutoML_13_20260420_194809_model_1,target_lag4,0.10026909165084358
0,1,0.3,XGBoost_grid_1_AutoML_13_20260420_194809_model_1,target_lag5,0.10013987011217974
0,1,0.3,XGBoost_grid_1_AutoML_13_20260420_194809_model_1,target_lag6,0.11068757487460967
0,1,0.3,XGBoost_grid_1_AutoML_13_20260420_194809_model_1,cov_HULL_lag1,0.1212114889360964
0,1,0.3,XGBoost_grid_1_AutoML_13_20260420_194809_model_1,cov_MUFL_lag1,2.0182522478699685
0,1,0.3,XGBoost_grid_1_AutoML_13_20260420_194809_model_1,cov_MULL_lag1,0.16364890133088916
0,1,0.3,XGBoost_grid_1_AutoML_13_20260420_194809_model_1,cov_LUFL_lag1,0.15822353630326685
0,1,0.3,XGBoost_grid_1_AutoML_13_20260420_194809_model_1,cov_LULL_lag1,0.07347019487526264
0,1,0.3,XGBoost_grid_1_AutoML_13_20260420_194809_model_1,cov_OT_lag1,0.07698591867578213
0,1,0.3,XGBoost_grid_1_AutoML_13_20260420_194809_model_1,hour_lag1,0.46435974912950767
0,1,0.3,XGBoost_grid_1_AutoML_13_20260420_194809_model_1,day_of_week_lag1,0.03942447181791064
0,1,0.3,XGBoost_grid_1_AutoML_13_20260420_194809_model_1,month_lag1,0.03980869609426005
0,1,0.3,XGBoost_grid_1_AutoML_13_20260420_194809_model_1,month_sin,0.03371098398463796
0,1,0.3,XGBoost_grid_1_AutoML_13_20260420_194809_model_1,month_cos,0.025444587303791143
0,1,0.3,XGBoost_grid_1_AutoML_13_20260420_194809_model_1,year,0.546114007383585
1,1,0.02,GBM_1_AutoML_15_20260420_195413,target_lag1,2.583043591082096
1,1,0.02,GBM_1_AutoML_15_20260420_195413,target_lag2,0.5885686808871106
1,1,0.02,GBM_1_AutoML_15_20260420_195413,target_lag3,0.12630675778782458
1,1,0.02,GBM_1_AutoML_15_20260420_195413,target_lag4,0.027527830057952053
1,1,0.02,GBM_1_AutoML_15_20260420_195413,target_lag5,0.04393286822305523
1,1,0.02,GBM_1_AutoML_15_20260420_195413,target_lag6,0.06575006358129026
1,1,0.02,GBM_1_AutoML_15_20260420_195413,cov_HULL_lag1,0.02923060257977336
1,1,0.02,GBM_1_AutoML_15_20260420_195413,cov_MUFL_lag1,1.0028843063488602
1,1,0.02,GBM_1_AutoML_15_20260420_195413,cov_MULL_lag1,0.032966193207539574
1,1,0.02,GBM_1_AutoML_15_20260420_195413,cov_LUFL_lag1,0.04575505346059794
1,1,0.02,GBM_1_AutoML_15_20260420_195413,cov_LULL_lag1,0.024631264880299528
1,1,0.02,GBM_1_AutoML_15_20260420_195413,cov_OT_lag1,0.04045596996846139
1,1,0.02,GBM_1_AutoML_15_20260420_195413,hour_lag1,0.41212538281455635
1,1,0.02,GBM_1_AutoML_15_20260420_195413,day_of_week_lag1,0.014892780843656465
1,1,0.02,GBM_1_AutoML_15_20260420_195413,month_lag1,0.08164976519881745
1,1,0.02,GBM_1_AutoML_15_20260420_195413,month_sin,0.01525759462965648
1,1,0.02,GBM_1_AutoML_15_20260420_195413,month_cos,0.00793943542361371
1,1,0.02,GBM_1_AutoML_15_20260420_195413,year,0.11513708055950697
1,1,0.02,GBM_2_AutoML_15_20260420_195413,target_lag1,1.9699725171923637
1,1,0.02,GBM_2_AutoML_15_20260420_195413,target_lag2,0.6174828478321434
1,1,0.02,GBM_2_AutoML_15_20260420_195413,target_lag3,0.1471418415382504
1,1,0.02,GBM_2_AutoML_15_20260420_195413,target_lag4,0.0532470103865489
1,1,0.02,GBM_2_AutoML_15_20260420_195413,target_lag5,0.0554114392213523
1,1,0.02,GBM_2_AutoML_15_20260420_195413,target_lag6,0.07344871288980354
1,1,0.02,GBM_2_AutoML_15_20260420_195413,cov_HULL_lag1,0.04087975693866606
1,1,0.02,GBM_2_AutoML_15_20260420_195413,cov_MUFL_lag1,1.527988100796938
1,1,0.02,GBM_2_AutoML_15_20260420_195413,cov_MULL_lag1,0.03772178744315165
1,1,0.02,GBM_2_AutoML_15_20260420_195413,cov_LUFL_lag1,0.08099533120810515
1,1,0.02,GBM_2_AutoML_15_20260420_195413,cov_LULL_lag1,0.016850156601285513
1,1,0.02,GBM_2_AutoML_15_20260420_195413,cov_OT_lag1,0.04690491517307233
1,1,0.02,GBM_2_AutoML_15_20260420_195413,hour_lag1,0.4274238109239377
1,1,0.02,GBM_2_AutoML_15_20260420_195413,day_of_week_lag1,0.015407546948408658
1,1,0.02,GBM_2_AutoML_15_20260420_195413,month_lag1,0.07209744136780497
1,1,0.02,GBM_2_AutoML_15_20260420_195413,month_sin,0.008933207525842542
1,1,0.02,GBM_2_AutoML_15_20260420_195413,month_cos,0.007363082351730512
1,1,0.02,GBM_2_AutoML_15_20260420_195413,year,0.13683931404899335
1,1,0.05,GBM_1_AutoML_15_20260420_195413,target_lag1,2.583043591082096
1,1,0.05,GBM_1_AutoML_15_20260420_195413,target_lag2,0.5885686808871106
1,1,0.05,GBM_1_AutoML_15_20260420_195413,target_lag3,0.12630675778782458
1,1,0.05,GBM_1_AutoML_15_20260420_195413,target_lag4,0.027527830057952053
1,1,0.05,GBM_1_AutoML_15_20260420_195413,target_lag5,0.04393286822305523
1,1,0.05,GBM_1_AutoML_15_20260420_195413,target_lag6,0.06575006358129026
1,1,0.05,GBM_1_AutoML_15_20260420_195413,cov_HULL_lag1,0.02923060257977336
1,1,0.05,GBM_1_AutoML_15_20260420_195413,cov_MUFL_lag1,1.0028843063488602
1,1,0.05,GBM_1_AutoML_15_20260420_195413,cov_MULL_lag1,0.032966193207539574
1,1,0.05,GBM_1_AutoML_15_20260420_195413,cov_LUFL_lag1,0.04575505346059794
1,1,0.05,GBM_1_AutoML_15_20260420_195413,cov_LULL_lag1,0.024631264880299528
1,1,0.05,GBM_1_AutoML_15_20260420_195413,cov_OT_lag1,0.04045596996846139
1,1,0.05,GBM_1_AutoML_15_20260420_195413,hour_lag1,0.41212538281455635
1,1,0.05,GBM_1_AutoML_15_20260420_195413,day_of_week_lag1,0.014892780843656465
1,1,0.05,GBM_1_AutoML_15_20260420_195413,month_lag1,0.08164976519881745
1,1,0.05,GBM_1_AutoML_15_20260420_195413,month_sin,0.01525759462965648
1,1,0.05,GBM_1_AutoML_15_20260420_195413,month_cos,0.00793943542361371
1,1,0.05,GBM_1_AutoML_15_20260420_195413,year,0.11513708055950697
1,1,0.05,GBM_2_AutoML_15_20260420_195413,target_lag1,1.9699725171923637
1,1,0.05,GBM_2_AutoML_15_20260420_195413,target_lag2,0.6174828478321434
1,1,0.05,GBM_2_AutoML_15_20260420_195413,target_lag3,0.1471418415382504
1,1,0.05,GBM_2_AutoML_15_20260420_195413,target_lag4,0.0532470103865489
1,1,0.05,GBM_2_AutoML_15_20260420_195413,target_lag5,0.0554114392213523
1,1,0.05,GBM_2_AutoML_15_20260420_195413,target_lag6,0.07344871288980354
1,1,0.05,GBM_2_AutoML_15_20260420_195413,cov_HULL_lag1,0.04087975693866606
1,1,0.05,GBM_2_AutoML_15_20260420_195413,cov_MUFL_lag1,1.527988100796938
1,1,0.05,GBM_2_AutoML_15_20260420_195413,cov_MULL_lag1,0.03772178744315165
1,1,0.05,GBM_2_AutoML_15_20260420_195413,cov_LUFL_lag1,0.08099533120810515
1,1,0.05,GBM_2_AutoML_15_20260420_195413,cov_LULL_lag1,0.016850156601285513
1,1,0.05,GBM_2_AutoML_15_20260420_195413,cov_OT_lag1,0.04690491517307233
1,1,0.05,GBM_2_AutoML_15_20260420_195413,hour_lag1,0.4274238109239377
1,1,0.05,GBM_2_AutoML_15_20260420_195413,day_of_week_lag1,0.015407546948408658
1,1,0.05,GBM_2_AutoML_15_20260420_195413,month_lag1,0.07209744136780497
1,1,0.05,GBM_2_AutoML_15_20260420_195413,month_sin,0.008933207525842542
1,1,0.05,GBM_2_AutoML_15_20260420_195413,month_cos,0.007363082351730512
1,1,0.05,GBM_2_AutoML_15_20260420_195413,year,0.13683931404899335
1,1,0.05,GBM_grid_1_AutoML_15_20260420_195413_model_2,target_lag1,2.3200684931874274
1,1,0.05,GBM_grid_1_AutoML_15_20260420_195413_model_2,target_lag2,0.5540559338778257
1,1,0.05,GBM_grid_1_AutoML_15_20260420_195413_model_2,target_lag3,0.3177488666120917
1,1,0.05,GBM_grid_1_AutoML_15_20260420_195413_model_2,target_lag4,0.06069468572270121
1,1,0.05,GBM_grid_1_AutoML_15_20260420_195413_model_2,target_lag5,0.03447955624214952
1,1,0.05,GBM_grid_1_AutoML_15_20260420_195413_model_2,target_lag6,0.0649044231465086
1,1,0.05,GBM_grid_1_AutoML_15_20260420_195413_model_2,cov_HULL_lag1,0.009605264910496729
1,1,0.05,GBM_grid_1_AutoML_15_20260420_195413_model_2,cov_MUFL_lag1,1.1317806392908096
1,1,0.05,GBM_grid_1_AutoML_15_20260420_195413_model_2,cov_MULL_lag1,0.026920508043840483
1,1,0.05,GBM_grid_1_AutoML_15_20260420_195413_model_2,cov_LUFL_lag1,0.10169970127753909
1,1,0.05,GBM_grid_1_AutoML_15_20260420_195413_model_2,cov_LULL_lag1,0.007899238979443867
1,1,0.05,GBM_grid_1_AutoML_15_20260420_195413_model_2,cov_OT_lag1,0.033303873881231946
1,1,0.05,GBM_grid_1_AutoML_15_20260420_195413_model_2,hour_lag1,0.3956419052183628
1,1,0.05,GBM_grid_1_AutoML_15_20260420_195413_model_2,day_of_week_lag1,0.001849732216214761
1,1,0.05,GBM_grid_1_AutoML_15_20260420_195413_model_2,month_lag1,0.03389694519690234
1,1,0.05,GBM_grid_1_AutoML_15_20260420_195413_model_2,month_sin,7.196279264462646e-05
1,1,0.05,GBM_grid_1_AutoML_15_20260420_195413_model_2,month_cos,0.00021154904025024382
1,1,0.05,GBM_grid_1_AutoML_15_20260420_195413_model_2,year,0.06812151106074447
1,1,0.05,GBM_grid_1_AutoML_15_20260420_195413_model_3,target_lag1,1.62458241969347
1,1,0.05,GBM_grid_1_AutoML_15_20260420_195413_model_3,target_lag2,0.7030262614786625
1,1,0.05,GBM_grid_1_AutoML_15_20260420_195413_model_3,target_lag3,0.35697561845183373
1,1,0.05,GBM_grid_1_AutoML_15_20260420_195413_model_3,target_lag4,0.4094223584891006
1,1,0.05,GBM_grid_1_AutoML_15_20260420_195413_model_3,target_lag5,0.05614868758624649
1,1,0.05,GBM_grid_1_AutoML_15_20260420_195413_model_3,target_lag6,0.23034036146476866
1,1,0.05,GBM_grid_1_AutoML_15_20260420_195413_model_3,cov_HULL_lag1,0.052032347575295665
1,1,0.05,GBM_grid_1_AutoML_15_20260420_195413_model_3,cov_MUFL_lag1,0.7719276823103428
1,1,0.05,GBM_grid_1_AutoML_15_20260420_195413_model_3,cov_MULL_lag1,0.06653825395391319
1,1,0.05,GBM_grid_1_AutoML_15_20260420_195413_model_3,cov_LUFL_lag1,0.12775729165412483
1,1,0.05,GBM_grid_1_AutoML_15_20260420_195413_model_3,cov_LULL_lag1,0.04025053062709044
1,1,0.05,GBM_grid_1_AutoML_15_20260420_195413_model_3,cov_OT_lag1,0.030998738340567752
1,1,0.05,GBM_grid_1_AutoML_15_20260420_195413_model_3,hour_lag1,0.3329015204310417
1,1,0.05,GBM_grid_1_AutoML_15_20260420_195413_model_3,day_of_week_lag1,0.007041003542931279
1,1,0.05,GBM_grid_1_AutoML_15_20260420_195413_model_3,month_lag1,0.08383376494050022
1,1,0.05,GBM_grid_1_AutoML_15_20260420_195413_model_3,month_sin,0.011422024815110447
1,1,0.05,GBM_grid_1_AutoML_15_20260420_195413_model_3,month_cos,0.003571379603017669
1,1,0.05,GBM_grid_1_AutoML_15_20260420_195413_model_3,year,0.08398174327798184
1,1,0.05,DRF_1_AutoML_15_20260420_195413,target_lag1,1.7983043962717056
1,1,0.05,DRF_1_AutoML_15_20260420_195413,target_lag2,1.1744359165616334
1,1,0.05,DRF_1_AutoML_15_20260420_195413,target_lag3,0.8527181006968021
1,1,0.05,DRF_1_AutoML_15_20260420_195413,target_lag4,0.5237470918893814
1,1,0.05,DRF_1_AutoML_15_20260420_195413,target_lag5,0.24167221821844578
1,1,0.05,DRF_1_AutoML_15_20260420_195413,target_lag6,0.13451218653470273
1,1,0.05,DRF_1_AutoML_15_20260420_195413,cov_HULL_lag1,0.04335328081157055
1,1,0.05,DRF_1_AutoML_15_20260420_195413,cov_MUFL_lag1,1.649288873076439
1,1,0.05,DRF_1_AutoML_15_20260420_195413,cov_MULL_lag1,0.0328483473695814
1,1,0.05,DRF_1_AutoML_15_20260420_195413,cov_LUFL_lag1,0.06694064049050208
1,1,0.05,DRF_1_AutoML_15_20260420_195413,cov_LULL_lag1,0.016720090350718194
1,1,0.05,DRF_1_AutoML_15_20260420_195413,cov_OT_lag1,0.05657749255653467
1,1,0.05,DRF_1_AutoML_15_20260420_195413,hour_lag1,0.3110858575708699
1,1,0.05,DRF_1_AutoML_15_20260420_195413,day_of_week_lag1,0.014187375983456103
1,1,0.05,DRF_1_AutoML_15_20260420_195413,month_lag1,0.03852293419593475
1,1,0.05,DRF_1_AutoML_15_20260420_195413,month_sin,0.012871196047053623
1,1,0.05,DRF_1_AutoML_15_20260420_195413,month_cos,0.010164858958451026
1,1,0.05,DRF_1_AutoML_15_20260420_195413,year,0.16418399907648557
1,1,0.05,GBM_4_AutoML_15_20260420_195413,target_lag1,1.6585530635714532
1,1,0.05,GBM_4_AutoML_15_20260420_195413,target_lag2,0.6380973913939669
1,1,0.05,GBM_4_AutoML_15_20260420_195413,target_lag3,0.10441672221524638
1,1,0.05,GBM_4_AutoML_15_20260420_195413,target_lag4,0.05772988046839597
1,1,0.05,GBM_4_AutoML_15_20260420_195413,target_lag5,0.052600253194104836
1,1,0.05,GBM_4_AutoML_15_20260420_195413,target_lag6,0.06880126980831842
1,1,0.05,GBM_4_AutoML_15_20260420_195413,cov_HULL_lag1,0.0495069353934377
1,1,0.05,GBM_4_AutoML_15_20260420_195413,cov_MUFL_lag1,1.8629704332351684
1,1,0.05,GBM_4_AutoML_15_20260420_195413,cov_MULL_lag1,0.03378246998880053
1,1,0.05,GBM_4_AutoML_15_20260420_195413,cov_LUFL_lag1,0.10893241634243164
1,1,0.05,GBM_4_AutoML_15_20260420_195413,cov_LULL_lag1,0.03169473095476856
1,1,0.05,GBM_4_AutoML_15_20260420_195413,cov_OT_lag1,0.048517539568711035
1,1,0.05,GBM_4_AutoML_15_20260420_195413,hour_lag1,0.4098269380349666
1,1,0.05,GBM_4_AutoML_15_20260420_195413,day_of_week_lag1,0.015401831594062929
1,1,0.05,GBM_4_AutoML_15_20260420_195413,month_lag1,0.08781974316108969
1,1,0.05,GBM_4_AutoML_15_20260420_195413,month_sin,0.020085895752126774
1,1,0.05,GBM_4_AutoML_15_20260420_195413,month_cos,0.011859381566318876
1,1,0.05,GBM_4_AutoML_15_20260420_195413,year,0.14500426940619943
1,1,0.05,GBM_3_AutoML_15_20260420_195413,target_lag1,1.8368896704167128
1,1,0.05,GBM_3_AutoML_15_20260420_195413,target_lag2,0.7678245948115364
1,1,0.05,GBM_3_AutoML_15_20260420_195413,target_lag3,0.13481427531689402
1,1,0.05,GBM_3_AutoML_15_20260420_195413,target_lag4,0.09217509439447891
1,1,0.05,GBM_3_AutoML_15_20260420_195413,target_lag5,0.0481796805025078
1,1,0.05,GBM_3_AutoML_15_20260420_195413,target_lag6,0.06782951467204835
1,1,0.05,GBM_3_AutoML_15_20260420_195413,cov_HULL_lag1,0.0451530332351103
1,1,0.05,GBM_3_AutoML_15_20260420_195413,cov_MUFL_lag1,1.4948162046074867
1,1,0.05,GBM_3_AutoML_15_20260420_195413,cov_MULL_lag1,0.03214205809985283
1,1,0.05,GBM_3_AutoML_15_20260420_195413,cov_LUFL_lag1,0.0752850062353536
1,1,0.05,GBM_3_AutoML_15_20260420_195413,cov_LULL_lag1,0.021003798049350698
1,1,0.05,GBM_3_AutoML_15_20260420_195413,cov_OT_lag1,0.06786019927938465
1,1,0.05,GBM_3_AutoML_15_20260420_195413,hour_lag1,0.422520335779991
1,1,0.05,GBM_3_AutoML_15_20260420_195413,day_of_week_lag1,0.013509621578268667
1,1,0.05,GBM_3_AutoML_15_20260420_195413,month_lag1,0.0893543287599459
1,1,0.05,GBM_3_AutoML_15_20260420_195413,month_sin,0.009704218140395782
1,1,0.05,GBM_3_AutoML_15_20260420_195413,month_cos,0.009396671042777553
1,1,0.05,GBM_3_AutoML_15_20260420_195413,year,0.15557979479432102
1,1,0.05,GBM_5_AutoML_15_20260420_195413,target_lag1,2.307358638383448
1,1,0.05,GBM_5_AutoML_15_20260420_195413,target_lag2,0.6278060628473758
1,1,0.05,GBM_5_AutoML_15_20260420_195413,target_lag3,0.14361915090121324
1,1,0.05,GBM_5_AutoML_15_20260420_195413,target_lag4,0.1408832477778196
1,1,0.05,GBM_5_AutoML_15_20260420_195413,target_lag5,0.040962254944024556
1,1,0.05,GBM_5_AutoML_15_20260420_195413,target_lag6,0.060374868623330205
1,1,0.05,GBM_5_AutoML_15_20260420_195413,cov_HULL_lag1,0.036076989518478465
1,1,0.05,GBM_5_AutoML_15_20260420_195413,cov_MUFL_lag1,1.050102111697197
1,1,0.05,GBM_5_AutoML_15_20260420_195413,cov_MULL_lag1,0.019156160114216572
1,1,0.05,GBM_5_AutoML_15_20260420_195413,cov_LUFL_lag1,0.07520002079625553
1,1,0.05,GBM_5_AutoML_15_20260420_195413,cov_LULL_lag1,0.030967306848833646
1,1,0.05,GBM_5_AutoML_15_20260420_195413,cov_OT_lag1,0.05568690604704894
1,1,0.05,GBM_5_AutoML_15_20260420_195413,hour_lag1,0.4026550780981779
1,1,0.05,GBM_5_AutoML_15_20260420_195413,day_of_week_lag1,0.007955490012354823
1,1,0.05,GBM_5_AutoML_15_20260420_195413,month_lag1,0.07501456890255208
1,1,0.05,GBM_5_AutoML_15_20260420_195413,month_sin,0.0032327614103268942
1,1,0.05,GBM_5_AutoML_15_20260420_195413,month_cos,0.0030878269760068766
1,1,0.05,GBM_5_AutoML_15_20260420_195413,year,0.09116591361816968
1,1,0.1,GBM_1_AutoML_15_20260420_195413,target_lag1,2.583043591082096
1,1,0.1,GBM_1_AutoML_15_20260420_195413,target_lag2,0.5885686808871106
1,1,0.1,GBM_1_AutoML_15_20260420_195413,target_lag3,0.12630675778782458
1,1,0.1,GBM_1_AutoML_15_20260420_195413,target_lag4,0.027527830057952053
1,1,0.1,GBM_1_AutoML_15_20260420_195413,target_lag5,0.04393286822305523
1,1,0.1,GBM_1_AutoML_15_20260420_195413,target_lag6,0.06575006358129026
1,1,0.1,GBM_1_AutoML_15_20260420_195413,cov_HULL_lag1,0.02923060257977336
1,1,0.1,GBM_1_AutoML_15_20260420_195413,cov_MUFL_lag1,1.0028843063488602
1,1,0.1,GBM_1_AutoML_15_20260420_195413,cov_MULL_lag1,0.032966193207539574
1,1,0.1,GBM_1_AutoML_15_20260420_195413,cov_LUFL_lag1,0.04575505346059794
1,1,0.1,GBM_1_AutoML_15_20260420_195413,cov_LULL_lag1,0.024631264880299528
1,1,0.1,GBM_1_AutoML_15_20260420_195413,cov_OT_lag1,0.04045596996846139
1,1,0.1,GBM_1_AutoML_15_20260420_195413,hour_lag1,0.41212538281455635
1,1,0.1,GBM_1_AutoML_15_20260420_195413,day_of_week_lag1,0.014892780843656465
1,1,0.1,GBM_1_AutoML_15_20260420_195413,month_lag1,0.08164976519881745
1,1,0.1,GBM_1_AutoML_15_20260420_195413,month_sin,0.01525759462965648
1,1,0.1,GBM_1_AutoML_15_20260420_195413,month_cos,0.00793943542361371
1,1,0.1,GBM_1_AutoML_15_20260420_195413,year,0.11513708055950697
1,1,0.1,GBM_2_AutoML_15_20260420_195413,target_lag1,1.9699725171923637
1,1,0.1,GBM_2_AutoML_15_20260420_195413,target_lag2,0.6174828478321434
1,1,0.1,GBM_2_AutoML_15_20260420_195413,target_lag3,0.1471418415382504
1,1,0.1,GBM_2_AutoML_15_20260420_195413,target_lag4,0.0532470103865489
1,1,0.1,GBM_2_AutoML_15_20260420_195413,target_lag5,0.0554114392213523
1,1,0.1,GBM_2_AutoML_15_20260420_195413,target_lag6,0.07344871288980354
1,1,0.1,GBM_2_AutoML_15_20260420_195413,cov_HULL_lag1,0.04087975693866606
1,1,0.1,GBM_2_AutoML_15_20260420_195413,cov_MUFL_lag1,1.527988100796938
1,1,0.1,GBM_2_AutoML_15_20260420_195413,cov_MULL_lag1,0.03772178744315165
1,1,0.1,GBM_2_AutoML_15_20260420_195413,cov_LUFL_lag1,0.08099533120810515
1,1,0.1,GBM_2_AutoML_15_20260420_195413,cov_LULL_lag1,0.016850156601285513
1,1,0.1,GBM_2_AutoML_15_20260420_195413,cov_OT_lag1,0.04690491517307233
1,1,0.1,GBM_2_AutoML_15_20260420_195413,hour_lag1,0.4274238109239377
1,1,0.1,GBM_2_AutoML_15_20260420_195413,day_of_week_lag1,0.015407546948408658
1,1,0.1,GBM_2_AutoML_15_20260420_195413,month_lag1,0.07209744136780497
1,1,0.1,GBM_2_AutoML_15_20260420_195413,month_sin,0.008933207525842542
1,1,0.1,GBM_2_AutoML_15_20260420_195413,month_cos,0.007363082351730512
1,1,0.1,GBM_2_AutoML_15_20260420_195413,year,0.13683931404899335
1,1,0.1,GBM_grid_1_AutoML_15_20260420_195413_model_2,target_lag1,2.3200684931874274
1,1,0.1,GBM_grid_1_AutoML_15_20260420_195413_model_2,target_lag2,0.5540559338778257
1,1,0.1,GBM_grid_1_AutoML_15_20260420_195413_model_2,target_lag3,0.3177488666120917
1,1,0.1,GBM_grid_1_AutoML_15_20260420_195413_model_2,target_lag4,0.06069468572270121
1,1,0.1,GBM_grid_1_AutoML_15_20260420_195413_model_2,target_lag5,0.03447955624214952
1,1,0.1,GBM_grid_1_AutoML_15_20260420_195413_model_2,target_lag6,0.0649044231465086
1,1,0.1,GBM_grid_1_AutoML_15_20260420_195413_model_2,cov_HULL_lag1,0.009605264910496729
1,1,0.1,GBM_grid_1_AutoML_15_20260420_195413_model_2,cov_MUFL_lag1,1.1317806392908096
1,1,0.1,GBM_grid_1_AutoML_15_20260420_195413_model_2,cov_MULL_lag1,0.026920508043840483
1,1,0.1,GBM_grid_1_AutoML_15_20260420_195413_model_2,cov_LUFL_lag1,0.10169970127753909
1,1,0.1,GBM_grid_1_AutoML_15_20260420_195413_model_2,cov_LULL_lag1,0.007899238979443867
1,1,0.1,GBM_grid_1_AutoML_15_20260420_195413_model_2,cov_OT_lag1,0.033303873881231946
1,1,0.1,GBM_grid_1_AutoML_15_20260420_195413_model_2,hour_lag1,0.3956419052183628
1,1,0.1,GBM_grid_1_AutoML_15_20260420_195413_model_2,day_of_week_lag1,0.001849732216214761
1,1,0.1,GBM_grid_1_AutoML_15_20260420_195413_model_2,month_lag1,0.03389694519690234
1,1,0.1,GBM_grid_1_AutoML_15_20260420_195413_model_2,month_sin,7.196279264462646e-05
1,1,0.1,GBM_grid_1_AutoML_15_20260420_195413_model_2,month_cos,0.00021154904025024382
1,1,0.1,GBM_grid_1_AutoML_15_20260420_195413_model_2,year,0.06812151106074447
1,1,0.1,GBM_grid_1_AutoML_15_20260420_195413_model_3,target_lag1,1.62458241969347
1,1,0.1,GBM_grid_1_AutoML_15_20260420_195413_model_3,target_lag2,0.7030262614786625
1,1,0.1,GBM_grid_1_AutoML_15_20260420_195413_model_3,target_lag3,0.35697561845183373
1,1,0.1,GBM_grid_1_AutoML_15_20260420_195413_model_3,target_lag4,0.4094223584891006
1,1,0.1,GBM_grid_1_AutoML_15_20260420_195413_model_3,target_lag5,0.05614868758624649
1,1,0.1,GBM_grid_1_AutoML_15_20260420_195413_model_3,target_lag6,0.23034036146476866
1,1,0.1,GBM_grid_1_AutoML_15_20260420_195413_model_3,cov_HULL_lag1,0.052032347575295665
1,1,0.1,GBM_grid_1_AutoML_15_20260420_195413_model_3,cov_MUFL_lag1,0.7719276823103428
1,1,0.1,GBM_grid_1_AutoML_15_20260420_195413_model_3,cov_MULL_lag1,0.06653825395391319
1,1,0.1,GBM_grid_1_AutoML_15_20260420_195413_model_3,cov_LUFL_lag1,0.12775729165412483
1,1,0.1,GBM_grid_1_AutoML_15_20260420_195413_model_3,cov_LULL_lag1,0.04025053062709044
1,1,0.1,GBM_grid_1_AutoML_15_20260420_195413_model_3,cov_OT_lag1,0.030998738340567752
1,1,0.1,GBM_grid_1_AutoML_15_20260420_195413_model_3,hour_lag1,0.3329015204310417
1,1,0.1,GBM_grid_1_AutoML_15_20260420_195413_model_3,day_of_week_lag1,0.007041003542931279
1,1,0.1,GBM_grid_1_AutoML_15_20260420_195413_model_3,month_lag1,0.08383376494050022
1,1,0.1,GBM_grid_1_AutoML_15_20260420_195413_model_3,month_sin,0.011422024815110447
1,1,0.1,GBM_grid_1_AutoML_15_20260420_195413_model_3,month_cos,0.003571379603017669
1,1,0.1,GBM_grid_1_AutoML_15_20260420_195413_model_3,year,0.08398174327798184
1,1,0.1,DRF_1_AutoML_15_20260420_195413,target_lag1,1.7983043962717056
1,1,0.1,DRF_1_AutoML_15_20260420_195413,target_lag2,1.1744359165616334
1,1,0.1,DRF_1_AutoML_15_20260420_195413,target_lag3,0.8527181006968021
1,1,0.1,DRF_1_AutoML_15_20260420_195413,target_lag4,0.5237470918893814
1,1,0.1,DRF_1_AutoML_15_20260420_195413,target_lag5,0.24167221821844578
1,1,0.1,DRF_1_AutoML_15_20260420_195413,target_lag6,0.13451218653470273
1,1,0.1,DRF_1_AutoML_15_20260420_195413,cov_HULL_lag1,0.04335328081157055
1,1,0.1,DRF_1_AutoML_15_20260420_195413,cov_MUFL_lag1,1.649288873076439
1,1,0.1,DRF_1_AutoML_15_20260420_195413,cov_MULL_lag1,0.0328483473695814
1,1,0.1,DRF_1_AutoML_15_20260420_195413,cov_LUFL_lag1,0.06694064049050208
1,1,0.1,DRF_1_AutoML_15_20260420_195413,cov_LULL_lag1,0.016720090350718194
1,1,0.1,DRF_1_AutoML_15_20260420_195413,cov_OT_lag1,0.05657749255653467
1,1,0.1,DRF_1_AutoML_15_20260420_195413,hour_lag1,0.3110858575708699
1,1,0.1,DRF_1_AutoML_15_20260420_195413,day_of_week_lag1,0.014187375983456103
1,1,0.1,DRF_1_AutoML_15_20260420_195413,month_lag1,0.03852293419593475
1,1,0.1,DRF_1_AutoML_15_20260420_195413,month_sin,0.012871196047053623
1,1,0.1,DRF_1_AutoML_15_20260420_195413,month_cos,0.010164858958451026
1,1,0.1,DRF_1_AutoML_15_20260420_195413,year,0.16418399907648557
1,1,0.1,GBM_4_AutoML_15_20260420_195413,target_lag1,1.6585530635714532
1,1,0.1,GBM_4_AutoML_15_20260420_195413,target_lag2,0.6380973913939669
1,1,0.1,GBM_4_AutoML_15_20260420_195413,target_lag3,0.10441672221524638
1,1,0.1,GBM_4_AutoML_15_20260420_195413,target_lag4,0.05772988046839597
1,1,0.1,GBM_4_AutoML_15_20260420_195413,target_lag5,0.052600253194104836
1,1,0.1,GBM_4_AutoML_15_20260420_195413,target_lag6,0.06880126980831842
1,1,0.1,GBM_4_AutoML_15_20260420_195413,cov_HULL_lag1,0.0495069353934377
1,1,0.1,GBM_4_AutoML_15_20260420_195413,cov_MUFL_lag1,1.8629704332351684
1,1,0.1,GBM_4_AutoML_15_20260420_195413,cov_MULL_lag1,0.03378246998880053
1,1,0.1,GBM_4_AutoML_15_20260420_195413,cov_LUFL_lag1,0.10893241634243164
1,1,0.1,GBM_4_AutoML_15_20260420_195413,cov_LULL_lag1,0.03169473095476856
1,1,0.1,GBM_4_AutoML_15_20260420_195413,cov_OT_lag1,0.048517539568711035
1,1,0.1,GBM_4_AutoML_15_20260420_195413,hour_lag1,0.4098269380349666
1,1,0.1,GBM_4_AutoML_15_20260420_195413,day_of_week_lag1,0.015401831594062929
1,1,0.1,GBM_4_AutoML_15_20260420_195413,month_lag1,0.08781974316108969
1,1,0.1,GBM_4_AutoML_15_20260420_195413,month_sin,0.020085895752126774
1,1,0.1,GBM_4_AutoML_15_20260420_195413,month_cos,0.011859381566318876
1,1,0.1,GBM_4_AutoML_15_20260420_195413,year,0.14500426940619943
1,1,0.1,GBM_3_AutoML_15_20260420_195413,target_lag1,1.8368896704167128
1,1,0.1,GBM_3_AutoML_15_20260420_195413,target_lag2,0.7678245948115364
1,1,0.1,GBM_3_AutoML_15_20260420_195413,target_lag3,0.13481427531689402
1,1,0.1,GBM_3_AutoML_15_20260420_195413,target_lag4,0.09217509439447891
1,1,0.1,GBM_3_AutoML_15_20260420_195413,target_lag5,0.0481796805025078
1,1,0.1,GBM_3_AutoML_15_20260420_195413,target_lag6,0.06782951467204835
1,1,0.1,GBM_3_AutoML_15_20260420_195413,cov_HULL_lag1,0.0451530332351103
1,1,0.1,GBM_3_AutoML_15_20260420_195413,cov_MUFL_lag1,1.4948162046074867
1,1,0.1,GBM_3_AutoML_15_20260420_195413,cov_MULL_lag1,0.03214205809985283
1,1,0.1,GBM_3_AutoML_15_20260420_195413,cov_LUFL_lag1,0.0752850062353536
1,1,0.1,GBM_3_AutoML_15_20260420_195413,cov_LULL_lag1,0.021003798049350698
1,1,0.1,GBM_3_AutoML_15_20260420_195413,cov_OT_lag1,0.06786019927938465
1,1,0.1,GBM_3_AutoML_15_20260420_195413,hour_lag1,0.422520335779991
1,1,0.1,GBM_3_AutoML_15_20260420_195413,day_of_week_lag1,0.013509621578268667
1,1,0.1,GBM_3_AutoML_15_20260420_195413,month_lag1,0.0893543287599459
1,1,0.1,GBM_3_AutoML_15_20260420_195413,month_sin,0.009704218140395782
1,1,0.1,GBM_3_AutoML_15_20260420_195413,month_cos,0.009396671042777553
1,1,0.1,GBM_3_AutoML_15_20260420_195413,year,0.15557979479432102
1,1,0.1,GBM_5_AutoML_15_20260420_195413,target_lag1,2.307358638383448
1,1,0.1,GBM_5_AutoML_15_20260420_195413,target_lag2,0.6278060628473758
1,1,0.1,GBM_5_AutoML_15_20260420_195413,target_lag3,0.14361915090121324
1,1,0.1,GBM_5_AutoML_15_20260420_195413,target_lag4,0.1408832477778196
1,1,0.1,GBM_5_AutoML_15_20260420_195413,target_lag5,0.040962254944024556
1,1,0.1,GBM_5_AutoML_15_20260420_195413,target_lag6,0.060374868623330205
1,1,0.1,GBM_5_AutoML_15_20260420_195413,cov_HULL_lag1,0.036076989518478465
1,1,0.1,GBM_5_AutoML_15_20260420_195413,cov_MUFL_lag1,1.050102111697197
1,1,0.1,GBM_5_AutoML_15_20260420_195413,cov_MULL_lag1,0.019156160114216572
1,1,0.1,GBM_5_AutoML_15_20260420_195413,cov_LUFL_lag1,0.07520002079625553
1,1,0.1,GBM_5_AutoML_15_20260420_195413,cov_LULL_lag1,0.030967306848833646
1,1,0.1,GBM_5_AutoML_15_20260420_195413,cov_OT_lag1,0.05568690604704894
1,1,0.1,GBM_5_AutoML_15_20260420_195413,hour_lag1,0.4026550780981779
1,1,0.1,GBM_5_AutoML_15_20260420_195413,day_of_week_lag1,0.007955490012354823
1,1,0.1,GBM_5_AutoML_15_20260420_195413,month_lag1,0.07501456890255208
1,1,0.1,GBM_5_AutoML_15_20260420_195413,month_sin,0.0032327614103268942
1,1,0.1,GBM_5_AutoML_15_20260420_195413,month_cos,0.0030878269760068766
1,1,0.1,GBM_5_AutoML_15_20260420_195413,year,0.09116591361816968
1,1,0.2,GBM_1_AutoML_15_20260420_195413,target_lag1,2.583043591082096
1,1,0.2,GBM_1_AutoML_15_20260420_195413,target_lag2,0.5885686808871106
1,1,0.2,GBM_1_AutoML_15_20260420_195413,target_lag3,0.12630675778782458
1,1,0.2,GBM_1_AutoML_15_20260420_195413,target_lag4,0.027527830057952053
1,1,0.2,GBM_1_AutoML_15_20260420_195413,target_lag5,0.04393286822305523
1,1,0.2,GBM_1_AutoML_15_20260420_195413,target_lag6,0.06575006358129026
1,1,0.2,GBM_1_AutoML_15_20260420_195413,cov_HULL_lag1,0.02923060257977336
1,1,0.2,GBM_1_AutoML_15_20260420_195413,cov_MUFL_lag1,1.0028843063488602
1,1,0.2,GBM_1_AutoML_15_20260420_195413,cov_MULL_lag1,0.032966193207539574
1,1,0.2,GBM_1_AutoML_15_20260420_195413,cov_LUFL_lag1,0.04575505346059794
1,1,0.2,GBM_1_AutoML_15_20260420_195413,cov_LULL_lag1,0.024631264880299528
1,1,0.2,GBM_1_AutoML_15_20260420_195413,cov_OT_lag1,0.04045596996846139
1,1,0.2,GBM_1_AutoML_15_20260420_195413,hour_lag1,0.41212538281455635
1,1,0.2,GBM_1_AutoML_15_20260420_195413,day_of_week_lag1,0.014892780843656465
1,1,0.2,GBM_1_AutoML_15_20260420_195413,month_lag1,0.08164976519881745
1,1,0.2,GBM_1_AutoML_15_20260420_195413,month_sin,0.01525759462965648
1,1,0.2,GBM_1_AutoML_15_20260420_195413,month_cos,0.00793943542361371
1,1,0.2,GBM_1_AutoML_15_20260420_195413,year,0.11513708055950697
1,1,0.2,GBM_2_AutoML_15_20260420_195413,target_lag1,1.9699725171923637
1,1,0.2,GBM_2_AutoML_15_20260420_195413,target_lag2,0.6174828478321434
1,1,0.2,GBM_2_AutoML_15_20260420_195413,target_lag3,0.1471418415382504
1,1,0.2,GBM_2_AutoML_15_20260420_195413,target_lag4,0.0532470103865489
1,1,0.2,GBM_2_AutoML_15_20260420_195413,target_lag5,0.0554114392213523
1,1,0.2,GBM_2_AutoML_15_20260420_195413,target_lag6,0.07344871288980354
1,1,0.2,GBM_2_AutoML_15_20260420_195413,cov_HULL_lag1,0.04087975693866606
1,1,0.2,GBM_2_AutoML_15_20260420_195413,cov_MUFL_lag1,1.527988100796938
1,1,0.2,GBM_2_AutoML_15_20260420_195413,cov_MULL_lag1,0.03772178744315165
1,1,0.2,GBM_2_AutoML_15_20260420_195413,cov_LUFL_lag1,0.08099533120810515
1,1,0.2,GBM_2_AutoML_15_20260420_195413,cov_LULL_lag1,0.016850156601285513
1,1,0.2,GBM_2_AutoML_15_20260420_195413,cov_OT_lag1,0.04690491517307233
1,1,0.2,GBM_2_AutoML_15_20260420_195413,hour_lag1,0.4274238109239377
1,1,0.2,GBM_2_AutoML_15_20260420_195413,day_of_week_lag1,0.015407546948408658
1,1,0.2,GBM_2_AutoML_15_20260420_195413,month_lag1,0.07209744136780497
1,1,0.2,GBM_2_AutoML_15_20260420_195413,month_sin,0.008933207525842542
1,1,0.2,GBM_2_AutoML_15_20260420_195413,month_cos,0.007363082351730512
1,1,0.2,GBM_2_AutoML_15_20260420_195413,year,0.13683931404899335
1,1,0.2,GBM_grid_1_AutoML_15_20260420_195413_model_2,target_lag1,2.3200684931874274
1,1,0.2,GBM_grid_1_AutoML_15_20260420_195413_model_2,target_lag2,0.5540559338778257
1,1,0.2,GBM_grid_1_AutoML_15_20260420_195413_model_2,target_lag3,0.3177488666120917
1,1,0.2,GBM_grid_1_AutoML_15_20260420_195413_model_2,target_lag4,0.06069468572270121
1,1,0.2,GBM_grid_1_AutoML_15_20260420_195413_model_2,target_lag5,0.03447955624214952
1,1,0.2,GBM_grid_1_AutoML_15_20260420_195413_model_2,target_lag6,0.0649044231465086
1,1,0.2,GBM_grid_1_AutoML_15_20260420_195413_model_2,cov_HULL_lag1,0.009605264910496729
1,1,0.2,GBM_grid_1_AutoML_15_20260420_195413_model_2,cov_MUFL_lag1,1.1317806392908096
1,1,0.2,GBM_grid_1_AutoML_15_20260420_195413_model_2,cov_MULL_lag1,0.026920508043840483
1,1,0.2,GBM_grid_1_AutoML_15_20260420_195413_model_2,cov_LUFL_lag1,0.10169970127753909
1,1,0.2,GBM_grid_1_AutoML_15_20260420_195413_model_2,cov_LULL_lag1,0.007899238979443867
1,1,0.2,GBM_grid_1_AutoML_15_20260420_195413_model_2,cov_OT_lag1,0.033303873881231946
1,1,0.2,GBM_grid_1_AutoML_15_20260420_195413_model_2,hour_lag1,0.3956419052183628
1,1,0.2,GBM_grid_1_AutoML_15_20260420_195413_model_2,day_of_week_lag1,0.001849732216214761
1,1,0.2,GBM_grid_1_AutoML_15_20260420_195413_model_2,month_lag1,0.03389694519690234
1,1,0.2,GBM_grid_1_AutoML_15_20260420_195413_model_2,month_sin,7.196279264462646e-05
1,1,0.2,GBM_grid_1_AutoML_15_20260420_195413_model_2,month_cos,0.00021154904025024382
1,1,0.2,GBM_grid_1_AutoML_15_20260420_195413_model_2,year,0.06812151106074447
1,1,0.2,GBM_grid_1_AutoML_15_20260420_195413_model_3,target_lag1,1.62458241969347
1,1,0.2,GBM_grid_1_AutoML_15_20260420_195413_model_3,target_lag2,0.7030262614786625
1,1,0.2,GBM_grid_1_AutoML_15_20260420_195413_model_3,target_lag3,0.35697561845183373
1,1,0.2,GBM_grid_1_AutoML_15_20260420_195413_model_3,target_lag4,0.4094223584891006
1,1,0.2,GBM_grid_1_AutoML_15_20260420_195413_model_3,target_lag5,0.05614868758624649
1,1,0.2,GBM_grid_1_AutoML_15_20260420_195413_model_3,target_lag6,0.23034036146476866
1,1,0.2,GBM_grid_1_AutoML_15_20260420_195413_model_3,cov_HULL_lag1,0.052032347575295665
1,1,0.2,GBM_grid_1_AutoML_15_20260420_195413_model_3,cov_MUFL_lag1,0.7719276823103428
1,1,0.2,GBM_grid_1_AutoML_15_20260420_195413_model_3,cov_MULL_lag1,0.06653825395391319
1,1,0.2,GBM_grid_1_AutoML_15_20260420_195413_model_3,cov_LUFL_lag1,0.12775729165412483
1,1,0.2,GBM_grid_1_AutoML_15_20260420_195413_model_3,cov_LULL_lag1,0.04025053062709044
1,1,0.2,GBM_grid_1_AutoML_15_20260420_195413_model_3,cov_OT_lag1,0.030998738340567752
1,1,0.2,GBM_grid_1_AutoML_15_20260420_195413_model_3,hour_lag1,0.3329015204310417
1,1,0.2,GBM_grid_1_AutoML_15_20260420_195413_model_3,day_of_week_lag1,0.007041003542931279
1,1,0.2,GBM_grid_1_AutoML_15_20260420_195413_model_3,month_lag1,0.08383376494050022
1,1,0.2,GBM_grid_1_AutoML_15_20260420_195413_model_3,month_sin,0.011422024815110447
1,1,0.2,GBM_grid_1_AutoML_15_20260420_195413_model_3,month_cos,0.003571379603017669
1,1,0.2,GBM_grid_1_AutoML_15_20260420_195413_model_3,year,0.08398174327798184
1,1,0.2,DRF_1_AutoML_15_20260420_195413,target_lag1,1.7983043962717056
1,1,0.2,DRF_1_AutoML_15_20260420_195413,target_lag2,1.1744359165616334
1,1,0.2,DRF_1_AutoML_15_20260420_195413,target_lag3,0.8527181006968021
1,1,0.2,DRF_1_AutoML_15_20260420_195413,target_lag4,0.5237470918893814
1,1,0.2,DRF_1_AutoML_15_20260420_195413,target_lag5,0.24167221821844578
1,1,0.2,DRF_1_AutoML_15_20260420_195413,target_lag6,0.13451218653470273
1,1,0.2,DRF_1_AutoML_15_20260420_195413,cov_HULL_lag1,0.04335328081157055
1,1,0.2,DRF_1_AutoML_15_20260420_195413,cov_MUFL_lag1,1.649288873076439
1,1,0.2,DRF_1_AutoML_15_20260420_195413,cov_MULL_lag1,0.0328483473695814
1,1,0.2,DRF_1_AutoML_15_20260420_195413,cov_LUFL_lag1,0.06694064049050208
1,1,0.2,DRF_1_AutoML_15_20260420_195413,cov_LULL_lag1,0.016720090350718194
1,1,0.2,DRF_1_AutoML_15_20260420_195413,cov_OT_lag1,0.05657749255653467
1,1,0.2,DRF_1_AutoML_15_20260420_195413,hour_lag1,0.3110858575708699
1,1,0.2,DRF_1_AutoML_15_20260420_195413,day_of_week_lag1,0.014187375983456103
1,1,0.2,DRF_1_AutoML_15_20260420_195413,month_lag1,0.03852293419593475
1,1,0.2,DRF_1_AutoML_15_20260420_195413,month_sin,0.012871196047053623
1,1,0.2,DRF_1_AutoML_15_20260420_195413,month_cos,0.010164858958451026
1,1,0.2,DRF_1_AutoML_15_20260420_195413,year,0.16418399907648557
1,1,0.2,GBM_4_AutoML_15_20260420_195413,target_lag1,1.6585530635714532
1,1,0.2,GBM_4_AutoML_15_20260420_195413,target_lag2,0.6380973913939669
1,1,0.2,GBM_4_AutoML_15_20260420_195413,target_lag3,0.10441672221524638
1,1,0.2,GBM_4_AutoML_15_20260420_195413,target_lag4,0.05772988046839597
1,1,0.2,GBM_4_AutoML_15_20260420_195413,target_lag5,0.052600253194104836
1,1,0.2,GBM_4_AutoML_15_20260420_195413,target_lag6,0.06880126980831842
1,1,0.2,GBM_4_AutoML_15_20260420_195413,cov_HULL_lag1,0.0495069353934377
1,1,0.2,GBM_4_AutoML_15_20260420_195413,cov_MUFL_lag1,1.8629704332351684
1,1,0.2,GBM_4_AutoML_15_20260420_195413,cov_MULL_lag1,0.03378246998880053
1,1,0.2,GBM_4_AutoML_15_20260420_195413,cov_LUFL_lag1,0.10893241634243164
1,1,0.2,GBM_4_AutoML_15_20260420_195413,cov_LULL_lag1,0.03169473095476856
1,1,0.2,GBM_4_AutoML_15_20260420_195413,cov_OT_lag1,0.048517539568711035
1,1,0.2,GBM_4_AutoML_15_20260420_195413,hour_lag1,0.4098269380349666
1,1,0.2,GBM_4_AutoML_15_20260420_195413,day_of_week_lag1,0.015401831594062929
1,1,0.2,GBM_4_AutoML_15_20260420_195413,month_lag1,0.08781974316108969
1,1,0.2,GBM_4_AutoML_15_20260420_195413,month_sin,0.020085895752126774
1,1,0.2,GBM_4_AutoML_15_20260420_195413,month_cos,0.011859381566318876
1,1,0.2,GBM_4_AutoML_15_20260420_195413,year,0.14500426940619943
1,1,0.2,GBM_3_AutoML_15_20260420_195413,target_lag1,1.8368896704167128
1,1,0.2,GBM_3_AutoML_15_20260420_195413,target_lag2,0.7678245948115364
1,1,0.2,GBM_3_AutoML_15_20260420_195413,target_lag3,0.13481427531689402
1,1,0.2,GBM_3_AutoML_15_20260420_195413,target_lag4,0.09217509439447891
1,1,0.2,GBM_3_AutoML_15_20260420_195413,target_lag5,0.0481796805025078
1,1,0.2,GBM_3_AutoML_15_20260420_195413,target_lag6,0.06782951467204835
1,1,0.2,GBM_3_AutoML_15_20260420_195413,cov_HULL_lag1,0.0451530332351103
1,1,0.2,GBM_3_AutoML_15_20260420_195413,cov_MUFL_lag1,1.4948162046074867
1,1,0.2,GBM_3_AutoML_15_20260420_195413,cov_MULL_lag1,0.03214205809985283
1,1,0.2,GBM_3_AutoML_15_20260420_195413,cov_LUFL_lag1,0.0752850062353536
1,1,0.2,GBM_3_AutoML_15_20260420_195413,cov_LULL_lag1,0.021003798049350698
1,1,0.2,GBM_3_AutoML_15_20260420_195413,cov_OT_lag1,0.06786019927938465
1,1,0.2,GBM_3_AutoML_15_20260420_195413,hour_lag1,0.422520335779991
1,1,0.2,GBM_3_AutoML_15_20260420_195413,day_of_week_lag1,0.013509621578268667
1,1,0.2,GBM_3_AutoML_15_20260420_195413,month_lag1,0.0893543287599459
1,1,0.2,GBM_3_AutoML_15_20260420_195413,month_sin,0.009704218140395782
1,1,0.2,GBM_3_AutoML_15_20260420_195413,month_cos,0.009396671042777553
1,1,0.2,GBM_3_AutoML_15_20260420_195413,year,0.15557979479432102
1,1,0.2,GBM_5_AutoML_15_20260420_195413,target_lag1,2.307358638383448
1,1,0.2,GBM_5_AutoML_15_20260420_195413,target_lag2,0.6278060628473758
1,1,0.2,GBM_5_AutoML_15_20260420_195413,target_lag3,0.14361915090121324
1,1,0.2,GBM_5_AutoML_15_20260420_195413,target_lag4,0.1408832477778196
1,1,0.2,GBM_5_AutoML_15_20260420_195413,target_lag5,0.040962254944024556
1,1,0.2,GBM_5_AutoML_15_20260420_195413,target_lag6,0.060374868623330205
1,1,0.2,GBM_5_AutoML_15_20260420_195413,cov_HULL_lag1,0.036076989518478465
1,1,0.2,GBM_5_AutoML_15_20260420_195413,cov_MUFL_lag1,1.050102111697197
1,1,0.2,GBM_5_AutoML_15_20260420_195413,cov_MULL_lag1,0.019156160114216572
1,1,0.2,GBM_5_AutoML_15_20260420_195413,cov_LUFL_lag1,0.07520002079625553
1,1,0.2,GBM_5_AutoML_15_20260420_195413,cov_LULL_lag1,0.030967306848833646
1,1,0.2,GBM_5_AutoML_15_20260420_195413,cov_OT_lag1,0.05568690604704894
1,1,0.2,GBM_5_AutoML_15_20260420_195413,hour_lag1,0.4026550780981779
1,1,0.2,GBM_5_AutoML_15_20260420_195413,day_of_week_lag1,0.007955490012354823
1,1,0.2,GBM_5_AutoML_15_20260420_195413,month_lag1,0.07501456890255208
1,1,0.2,GBM_5_AutoML_15_20260420_195413,month_sin,0.0032327614103268942
1,1,0.2,GBM_5_AutoML_15_20260420_195413,month_cos,0.0030878269760068766
1,1,0.2,GBM_5_AutoML_15_20260420_195413,year,0.09116591361816968
1,1,0.2,GBM_grid_1_AutoML_15_20260420_195413_model_1,target_lag1,1.12515414647758
1,1,0.2,GBM_grid_1_AutoML_15_20260420_195413_model_1,target_lag2,0.6248660808801652
1,1,0.2,GBM_grid_1_AutoML_15_20260420_195413_model_1,target_lag3,0.6037733076140285
1,1,0.2,GBM_grid_1_AutoML_15_20260420_195413_model_1,target_lag4,0.14584794166963544
1,1,0.2,GBM_grid_1_AutoML_15_20260420_195413_model_1,target_lag5,0.6857328110933304
1,1,0.2,GBM_grid_1_AutoML_15_20260420_195413_model_1,target_lag6,0.08692861684714441
1,1,0.2,GBM_grid_1_AutoML_15_20260420_195413_model_1,cov_HULL_lag1,0.04339747751015234
1,1,0.2,GBM_grid_1_AutoML_15_20260420_195413_model_1,cov_MUFL_lag1,0.9474989680945873
1,1,0.2,GBM_grid_1_AutoML_15_20260420_195413_model_1,cov_MULL_lag1,0.07257424655603241
1,1,0.2,GBM_grid_1_AutoML_15_20260420_195413_model_1,cov_LUFL_lag1,0.10979080712422724
1,1,0.2,GBM_grid_1_AutoML_15_20260420_195413_model_1,cov_LULL_lag1,0.047214015080826316
1,1,0.2,GBM_grid_1_AutoML_15_20260420_195413_model_1,cov_OT_lag1,0.05046148363951939
1,1,0.2,GBM_grid_1_AutoML_15_20260420_195413_model_1,hour_lag1,0.35748388231731953
1,1,0.2,GBM_grid_1_AutoML_15_20260420_195413_model_1,day_of_week_lag1,0.030197804400231655
1,1,0.2,GBM_grid_1_AutoML_15_20260420_195413_model_1,month_lag1,0.07202205931767817
1,1,0.2,GBM_grid_1_AutoML_15_20260420_195413_model_1,month_sin,0.021700407912139737
1,1,0.2,GBM_grid_1_AutoML_15_20260420_195413_model_1,month_cos,0.04354819714091713
1,1,0.2,GBM_grid_1_AutoML_15_20260420_195413_model_1,year,0.1475379211705876
1,1,0.3,GBM_1_AutoML_15_20260420_195413,target_lag1,2.583043591082096
1,1,0.3,GBM_1_AutoML_15_20260420_195413,target_lag2,0.5885686808871106
1,1,0.3,GBM_1_AutoML_15_20260420_195413,target_lag3,0.12630675778782458
1,1,0.3,GBM_1_AutoML_15_20260420_195413,target_lag4,0.027527830057952053
1,1,0.3,GBM_1_AutoML_15_20260420_195413,target_lag5,0.04393286822305523
1,1,0.3,GBM_1_AutoML_15_20260420_195413,target_lag6,0.06575006358129026
1,1,0.3,GBM_1_AutoML_15_20260420_195413,cov_HULL_lag1,0.02923060257977336
1,1,0.3,GBM_1_AutoML_15_20260420_195413,cov_MUFL_lag1,1.0028843063488602
1,1,0.3,GBM_1_AutoML_15_20260420_195413,cov_MULL_lag1,0.032966193207539574
1,1,0.3,GBM_1_AutoML_15_20260420_195413,cov_LUFL_lag1,0.04575505346059794
1,1,0.3,GBM_1_AutoML_15_20260420_195413,cov_LULL_lag1,0.024631264880299528
1,1,0.3,GBM_1_AutoML_15_20260420_195413,cov_OT_lag1,0.04045596996846139
1,1,0.3,GBM_1_AutoML_15_20260420_195413,hour_lag1,0.41212538281455635
1,1,0.3,GBM_1_AutoML_15_20260420_195413,day_of_week_lag1,0.014892780843656465
1,1,0.3,GBM_1_AutoML_15_20260420_195413,month_lag1,0.08164976519881745
1,1,0.3,GBM_1_AutoML_15_20260420_195413,month_sin,0.01525759462965648
1,1,0.3,GBM_1_AutoML_15_20260420_195413,month_cos,0.00793943542361371
1,1,0.3,GBM_1_AutoML_15_20260420_195413,year,0.11513708055950697
1,1,0.3,GBM_2_AutoML_15_20260420_195413,target_lag1,1.9699725171923637
1,1,0.3,GBM_2_AutoML_15_20260420_195413,target_lag2,0.6174828478321434
1,1,0.3,GBM_2_AutoML_15_20260420_195413,target_lag3,0.1471418415382504
1,1,0.3,GBM_2_AutoML_15_20260420_195413,target_lag4,0.0532470103865489
1,1,0.3,GBM_2_AutoML_15_20260420_195413,target_lag5,0.0554114392213523
1,1,0.3,GBM_2_AutoML_15_20260420_195413,target_lag6,0.07344871288980354
1,1,0.3,GBM_2_AutoML_15_20260420_195413,cov_HULL_lag1,0.04087975693866606
1,1,0.3,GBM_2_AutoML_15_20260420_195413,cov_MUFL_lag1,1.527988100796938
1,1,0.3,GBM_2_AutoML_15_20260420_195413,cov_MULL_lag1,0.03772178744315165
1,1,0.3,GBM_2_AutoML_15_20260420_195413,cov_LUFL_lag1,0.08099533120810515
1,1,0.3,GBM_2_AutoML_15_20260420_195413,cov_LULL_lag1,0.016850156601285513
1,1,0.3,GBM_2_AutoML_15_20260420_195413,cov_OT_lag1,0.04690491517307233
1,1,0.3,GBM_2_AutoML_15_20260420_195413,hour_lag1,0.4274238109239377
1,1,0.3,GBM_2_AutoML_15_20260420_195413,day_of_week_lag1,0.015407546948408658
1,1,0.3,GBM_2_AutoML_15_20260420_195413,month_lag1,0.07209744136780497
1,1,0.3,GBM_2_AutoML_15_20260420_195413,month_sin,0.008933207525842542
1,1,0.3,GBM_2_AutoML_15_20260420_195413,month_cos,0.007363082351730512
1,1,0.3,GBM_2_AutoML_15_20260420_195413,year,0.13683931404899335
1,1,0.3,GBM_grid_1_AutoML_15_20260420_195413_model_2,target_lag1,2.3200684931874274
1,1,0.3,GBM_grid_1_AutoML_15_20260420_195413_model_2,target_lag2,0.5540559338778257
1,1,0.3,GBM_grid_1_AutoML_15_20260420_195413_model_2,target_lag3,0.3177488666120917
1,1,0.3,GBM_grid_1_AutoML_15_20260420_195413_model_2,target_lag4,0.06069468572270121
1,1,0.3,GBM_grid_1_AutoML_15_20260420_195413_model_2,target_lag5,0.03447955624214952
1,1,0.3,GBM_grid_1_AutoML_15_20260420_195413_model_2,target_lag6,0.0649044231465086
1,1,0.3,GBM_grid_1_AutoML_15_20260420_195413_model_2,cov_HULL_lag1,0.009605264910496729
1,1,0.3,GBM_grid_1_AutoML_15_20260420_195413_model_2,cov_MUFL_lag1,1.1317806392908096
1,1,0.3,GBM_grid_1_AutoML_15_20260420_195413_model_2,cov_MULL_lag1,0.026920508043840483
1,1,0.3,GBM_grid_1_AutoML_15_20260420_195413_model_2,cov_LUFL_lag1,0.10169970127753909
1,1,0.3,GBM_grid_1_AutoML_15_20260420_195413_model_2,cov_LULL_lag1,0.007899238979443867
1,1,0.3,GBM_grid_1_AutoML_15_20260420_195413_model_2,cov_OT_lag1,0.033303873881231946
1,1,0.3,GBM_grid_1_AutoML_15_20260420_195413_model_2,hour_lag1,0.3956419052183628
1,1,0.3,GBM_grid_1_AutoML_15_20260420_195413_model_2,day_of_week_lag1,0.001849732216214761
1,1,0.3,GBM_grid_1_AutoML_15_20260420_195413_model_2,month_lag1,0.03389694519690234
1,1,0.3,GBM_grid_1_AutoML_15_20260420_195413_model_2,month_sin,7.196279264462646e-05
1,1,0.3,GBM_grid_1_AutoML_15_20260420_195413_model_2,month_cos,0.00021154904025024382
1,1,0.3,GBM_grid_1_AutoML_15_20260420_195413_model_2,year,0.06812151106074447
1,1,0.3,GBM_grid_1_AutoML_15_20260420_195413_model_3,target_lag1,1.62458241969347
1,1,0.3,GBM_grid_1_AutoML_15_20260420_195413_model_3,target_lag2,0.7030262614786625
1,1,0.3,GBM_grid_1_AutoML_15_20260420_195413_model_3,target_lag3,0.35697561845183373
1,1,0.3,GBM_grid_1_AutoML_15_20260420_195413_model_3,target_lag4,0.4094223584891006
1,1,0.3,GBM_grid_1_AutoML_15_20260420_195413_model_3,target_lag5,0.05614868758624649
1,1,0.3,GBM_grid_1_AutoML_15_20260420_195413_model_3,target_lag6,0.23034036146476866
1,1,0.3,GBM_grid_1_AutoML_15_20260420_195413_model_3,cov_HULL_lag1,0.052032347575295665
1,1,0.3,GBM_grid_1_AutoML_15_20260420_195413_model_3,cov_MUFL_lag1,0.7719276823103428
1,1,0.3,GBM_grid_1_AutoML_15_20260420_195413_model_3,cov_MULL_lag1,0.06653825395391319
1,1,0.3,GBM_grid_1_AutoML_15_20260420_195413_model_3,cov_LUFL_lag1,0.12775729165412483
1,1,0.3,GBM_grid_1_AutoML_15_20260420_195413_model_3,cov_LULL_lag1,0.04025053062709044
1,1,0.3,GBM_grid_1_AutoML_15_20260420_195413_model_3,cov_OT_lag1,0.030998738340567752
1,1,0.3,GBM_grid_1_AutoML_15_20260420_195413_model_3,hour_lag1,0.3329015204310417
1,1,0.3,GBM_grid_1_AutoML_15_20260420_195413_model_3,day_of_week_lag1,0.007041003542931279
1,1,0.3,GBM_grid_1_AutoML_15_20260420_195413_model_3,month_lag1,0.08383376494050022
1,1,0.3,GBM_grid_1_AutoML_15_20260420_195413_model_3,month_sin,0.011422024815110447
1,1,0.3,GBM_grid_1_AutoML_15_20260420_195413_model_3,month_cos,0.003571379603017669
1,1,0.3,GBM_grid_1_AutoML_15_20260420_195413_model_3,year,0.08398174327798184
1,1,0.3,DRF_1_AutoML_15_20260420_195413,target_lag1,1.7983043962717056
1,1,0.3,DRF_1_AutoML_15_20260420_195413,target_lag2,1.1744359165616334
1,1,0.3,DRF_1_AutoML_15_20260420_195413,target_lag3,0.8527181006968021
1,1,0.3,DRF_1_AutoML_15_20260420_195413,target_lag4,0.5237470918893814
1,1,0.3,DRF_1_AutoML_15_20260420_195413,target_lag5,0.24167221821844578
1,1,0.3,DRF_1_AutoML_15_20260420_195413,target_lag6,0.13451218653470273
1,1,0.3,DRF_1_AutoML_15_20260420_195413,cov_HULL_lag1,0.04335328081157055
1,1,0.3,DRF_1_AutoML_15_20260420_195413,cov_MUFL_lag1,1.649288873076439
1,1,0.3,DRF_1_AutoML_15_20260420_195413,cov_MULL_lag1,0.0328483473695814
1,1,0.3,DRF_1_AutoML_15_20260420_195413,cov_LUFL_lag1,0.06694064049050208
1,1,0.3,DRF_1_AutoML_15_20260420_195413,cov_LULL_lag1,0.016720090350718194
1,1,0.3,DRF_1_AutoML_15_20260420_195413,cov_OT_lag1,0.05657749255653467
1,1,0.3,DRF_1_AutoML_15_20260420_195413,hour_lag1,0.3110858575708699
1,1,0.3,DRF_1_AutoML_15_20260420_195413,day_of_week_lag1,0.014187375983456103
1,1,0.3,DRF_1_AutoML_15_20260420_195413,month_lag1,0.03852293419593475
1,1,0.3,DRF_1_AutoML_15_20260420_195413,month_sin,0.012871196047053623
1,1,0.3,DRF_1_AutoML_15_20260420_195413,month_cos,0.010164858958451026
1,1,0.3,DRF_1_AutoML_15_20260420_195413,year,0.16418399907648557
1,1,0.3,GBM_4_AutoML_15_20260420_195413,target_lag1,1.6585530635714532
1,1,0.3,GBM_4_AutoML_15_20260420_195413,target_lag2,0.6380973913939669
1,1,0.3,GBM_4_AutoML_15_20260420_195413,target_lag3,0.10441672221524638
1,1,0.3,GBM_4_AutoML_15_20260420_195413,target_lag4,0.05772988046839597
1,1,0.3,GBM_4_AutoML_15_20260420_195413,target_lag5,0.052600253194104836
1,1,0.3,GBM_4_AutoML_15_20260420_195413,target_lag6,0.06880126980831842
1,1,0.3,GBM_4_AutoML_15_20260420_195413,cov_HULL_lag1,0.0495069353934377
1,1,0.3,GBM_4_AutoML_15_20260420_195413,cov_MUFL_lag1,1.8629704332351684
1,1,0.3,GBM_4_AutoML_15_20260420_195413,cov_MULL_lag1,0.03378246998880053
1,1,0.3,GBM_4_AutoML_15_20260420_195413,cov_LUFL_lag1,0.10893241634243164
1,1,0.3,GBM_4_AutoML_15_20260420_195413,cov_LULL_lag1,0.03169473095476856
1,1,0.3,GBM_4_AutoML_15_20260420_195413,cov_OT_lag1,0.048517539568711035
1,1,0.3,GBM_4_AutoML_15_20260420_195413,hour_lag1,0.4098269380349666
1,1,0.3,GBM_4_AutoML_15_20260420_195413,day_of_week_lag1,0.015401831594062929
1,1,0.3,GBM_4_AutoML_15_20260420_195413,month_lag1,0.08781974316108969
1,1,0.3,GBM_4_AutoML_15_20260420_195413,month_sin,0.020085895752126774
1,1,0.3,GBM_4_AutoML_15_20260420_195413,month_cos,0.011859381566318876
1,1,0.3,GBM_4_AutoML_15_20260420_195413,year,0.14500426940619943
1,1,0.3,GBM_3_AutoML_15_20260420_195413,target_lag1,1.8368896704167128
1,1,0.3,GBM_3_AutoML_15_20260420_195413,target_lag2,0.7678245948115364
1,1,0.3,GBM_3_AutoML_15_20260420_195413,target_lag3,0.13481427531689402
1,1,0.3,GBM_3_AutoML_15_20260420_195413,target_lag4,0.09217509439447891
1,1,0.3,GBM_3_AutoML_15_20260420_195413,target_lag5,0.0481796805025078
1,1,0.3,GBM_3_AutoML_15_20260420_195413,target_lag6,0.06782951467204835
1,1,0.3,GBM_3_AutoML_15_20260420_195413,cov_HULL_lag1,0.0451530332351103
1,1,0.3,GBM_3_AutoML_15_20260420_195413,cov_MUFL_lag1,1.4948162046074867
1,1,0.3,GBM_3_AutoML_15_20260420_195413,cov_MULL_lag1,0.03214205809985283
1,1,0.3,GBM_3_AutoML_15_20260420_195413,cov_LUFL_lag1,0.0752850062353536
1,1,0.3,GBM_3_AutoML_15_20260420_195413,cov_LULL_lag1,0.021003798049350698
1,1,0.3,GBM_3_AutoML_15_20260420_195413,cov_OT_lag1,0.06786019927938465
1,1,0.3,GBM_3_AutoML_15_20260420_195413,hour_lag1,0.422520335779991
1,1,0.3,GBM_3_AutoML_15_20260420_195413,day_of_week_lag1,0.013509621578268667
1,1,0.3,GBM_3_AutoML_15_20260420_195413,month_lag1,0.0893543287599459
1,1,0.3,GBM_3_AutoML_15_20260420_195413,month_sin,0.009704218140395782
1,1,0.3,GBM_3_AutoML_15_20260420_195413,month_cos,0.009396671042777553
1,1,0.3,GBM_3_AutoML_15_20260420_195413,year,0.15557979479432102
1,1,0.3,GBM_5_AutoML_15_20260420_195413,target_lag1,2.307358638383448
1,1,0.3,GBM_5_AutoML_15_20260420_195413,target_lag2,0.6278060628473758
1,1,0.3,GBM_5_AutoML_15_20260420_195413,target_lag3,0.14361915090121324
1,1,0.3,GBM_5_AutoML_15_20260420_195413,target_lag4,0.1408832477778196
1,1,0.3,GBM_5_AutoML_15_20260420_195413,target_lag5,0.040962254944024556
1,1,0.3,GBM_5_AutoML_15_20260420_195413,target_lag6,0.060374868623330205
1,1,0.3,GBM_5_AutoML_15_20260420_195413,cov_HULL_lag1,0.036076989518478465
1,1,0.3,GBM_5_AutoML_15_20260420_195413,cov_MUFL_lag1,1.050102111697197
1,1,0.3,GBM_5_AutoML_15_20260420_195413,cov_MULL_lag1,0.019156160114216572
1,1,0.3,GBM_5_AutoML_15_20260420_195413,cov_LUFL_lag1,0.07520002079625553
1,1,0.3,GBM_5_AutoML_15_20260420_195413,cov_LULL_lag1,0.030967306848833646
1,1,0.3,GBM_5_AutoML_15_20260420_195413,cov_OT_lag1,0.05568690604704894
1,1,0.3,GBM_5_AutoML_15_20260420_195413,hour_lag1,0.4026550780981779
1,1,0.3,GBM_5_AutoML_15_20260420_195413,day_of_week_lag1,0.007955490012354823
1,1,0.3,GBM_5_AutoML_15_20260420_195413,month_lag1,0.07501456890255208
1,1,0.3,GBM_5_AutoML_15_20260420_195413,month_sin,0.0032327614103268942
1,1,0.3,GBM_5_AutoML_15_20260420_195413,month_cos,0.0030878269760068766
1,1,0.3,GBM_5_AutoML_15_20260420_195413,year,0.09116591361816968
1,1,0.3,GBM_grid_1_AutoML_15_20260420_195413_model_1,target_lag1,1.12515414647758
1,1,0.3,GBM_grid_1_AutoML_15_20260420_195413_model_1,target_lag2,0.6248660808801652
1,1,0.3,GBM_grid_1_AutoML_15_20260420_195413_model_1,target_lag3,0.6037733076140285
1,1,0.3,GBM_grid_1_AutoML_15_20260420_195413_model_1,target_lag4,0.14584794166963544
1,1,0.3,GBM_grid_1_AutoML_15_20260420_195413_model_1,target_lag5,0.6857328110933304
1,1,0.3,GBM_grid_1_AutoML_15_20260420_195413_model_1,target_lag6,0.08692861684714441
1,1,0.3,GBM_grid_1_AutoML_15_20260420_195413_model_1,cov_HULL_lag1,0.04339747751015234
1,1,0.3,GBM_grid_1_AutoML_15_20260420_195413_model_1,cov_MUFL_lag1,0.9474989680945873
1,1,0.3,GBM_grid_1_AutoML_15_20260420_195413_model_1,cov_MULL_lag1,0.07257424655603241
1,1,0.3,GBM_grid_1_AutoML_15_20260420_195413_model_1,cov_LUFL_lag1,0.10979080712422724
1,1,0.3,GBM_grid_1_AutoML_15_20260420_195413_model_1,cov_LULL_lag1,0.047214015080826316
1,1,0.3,GBM_grid_1_AutoML_15_20260420_195413_model_1,cov_OT_lag1,0.05046148363951939
1,1,0.3,GBM_grid_1_AutoML_15_20260420_195413_model_1,hour_lag1,0.35748388231731953
1,1,0.3,GBM_grid_1_AutoML_15_20260420_195413_model_1,day_of_week_lag1,0.030197804400231655
1,1,0.3,GBM_grid_1_AutoML_15_20260420_195413_model_1,month_lag1,0.07202205931767817
1,1,0.3,GBM_grid_1_AutoML_15_20260420_195413_model_1,month_sin,0.021700407912139737
1,1,0.3,GBM_grid_1_AutoML_15_20260420_195413_model_1,month_cos,0.04354819714091713
1,1,0.3,GBM_grid_1_AutoML_15_20260420_195413_model_1,year,0.1475379211705876
2,1,0.02,GBM_1_AutoML_2_20260420_200107,target_lag1,3.469861578643322
2,1,0.02,GBM_1_AutoML_2_20260420_200107,target_lag2,0.7071504284441471
2,1,0.02,GBM_1_AutoML_2_20260420_200107,target_lag3,0.25032285052391673
2,1,0.02,GBM_1_AutoML_2_20260420_200107,target_lag4,0.05674204492010173
2,1,0.02,GBM_1_AutoML_2_20260420_200107,target_lag5,0.06845244032912884
2,1,0.02,GBM_1_AutoML_2_20260420_200107,target_lag6,0.07087199503090229
2,1,0.02,GBM_1_AutoML_2_20260420_200107,cov_HULL_lag1,0.04608465213925224
2,1,0.02,GBM_1_AutoML_2_20260420_200107,cov_MUFL_lag1,1.5753162208013236
2,1,0.02,GBM_1_AutoML_2_20260420_200107,cov_MULL_lag1,0.03312067862483668
2,1,0.02,GBM_1_AutoML_2_20260420_200107,cov_LUFL_lag1,0.07265911226335443
2,1,0.02,GBM_1_AutoML_2_20260420_200107,cov_LULL_lag1,0.030191883616498626
2,1,0.02,GBM_1_AutoML_2_20260420_200107,cov_OT_lag1,0.05402814519009549
2,1,0.02,GBM_1_AutoML_2_20260420_200107,hour_lag1,0.547548979818821
2,1,0.02,GBM_1_AutoML_2_20260420_200107,day_of_week_lag1,0.018084965553425675
2,1,0.02,GBM_1_AutoML_2_20260420_200107,month_lag1,0.06618233354645778
2,1,0.02,GBM_1_AutoML_2_20260420_200107,month_sin,0.015201176487607847
2,1,0.02,GBM_1_AutoML_2_20260420_200107,month_cos,0.018981816971790938
2,1,0.02,GBM_1_AutoML_2_20260420_200107,year,0.10795843355357643
2,1,0.05,GBM_1_AutoML_2_20260420_200107,target_lag1,3.469861578643322
2,1,0.05,GBM_1_AutoML_2_20260420_200107,target_lag2,0.7071504284441471
2,1,0.05,GBM_1_AutoML_2_20260420_200107,target_lag3,0.25032285052391673
2,1,0.05,GBM_1_AutoML_2_20260420_200107,target_lag4,0.05674204492010173
2,1,0.05,GBM_1_AutoML_2_20260420_200107,target_lag5,0.06845244032912884
2,1,0.05,GBM_1_AutoML_2_20260420_200107,target_lag6,0.07087199503090229
2,1,0.05,GBM_1_AutoML_2_20260420_200107,cov_HULL_lag1,0.04608465213925224
2,1,0.05,GBM_1_AutoML_2_20260420_200107,cov_MUFL_lag1,1.5753162208013236
2,1,0.05,GBM_1_AutoML_2_20260420_200107,cov_MULL_lag1,0.03312067862483668
2,1,0.05,GBM_1_AutoML_2_20260420_200107,cov_LUFL_lag1,0.07265911226335443
2,1,0.05,GBM_1_AutoML_2_20260420_200107,cov_LULL_lag1,0.030191883616498626
2,1,0.05,GBM_1_AutoML_2_20260420_200107,cov_OT_lag1,0.05402814519009549
2,1,0.05,GBM_1_AutoML_2_20260420_200107,hour_lag1,0.547548979818821
2,1,0.05,GBM_1_AutoML_2_20260420_200107,day_of_week_lag1,0.018084965553425675
2,1,0.05,GBM_1_AutoML_2_20260420_200107,month_lag1,0.06618233354645778
2,1,0.05,GBM_1_AutoML_2_20260420_200107,month_sin,0.015201176487607847
2,1,0.05,GBM_1_AutoML_2_20260420_200107,month_cos,0.018981816971790938
2,1,0.05,GBM_1_AutoML_2_20260420_200107,year,0.10795843355357643
2,1,0.05,GBM_2_AutoML_2_20260420_200107,target_lag1,2.7731983669102194
2,1,0.05,GBM_2_AutoML_2_20260420_200107,target_lag2,0.9624083859467646
2,1,0.05,GBM_2_AutoML_2_20260420_200107,target_lag3,0.203963193167001
2,1,0.05,GBM_2_AutoML_2_20260420_200107,target_lag4,0.05866665547247971
2,1,0.05,GBM_2_AutoML_2_20260420_200107,target_lag5,0.07930621918116226
2,1,0.05,GBM_2_AutoML_2_20260420_200107,target_lag6,0.09681979295390189
2,1,0.05,GBM_2_AutoML_2_20260420_200107,cov_HULL_lag1,0.03611958064837377
2,1,0.05,GBM_2_AutoML_2_20260420_200107,cov_MUFL_lag1,2.035605549393222
2,1,0.05,GBM_2_AutoML_2_20260420_200107,cov_MULL_lag1,0.050977575538709026
2,1,0.05,GBM_2_AutoML_2_20260420_200107,cov_LUFL_lag1,0.10387125361477953
2,1,0.05,GBM_2_AutoML_2_20260420_200107,cov_LULL_lag1,0.026863122445065488
2,1,0.05,GBM_2_AutoML_2_20260420_200107,cov_OT_lag1,0.04282730747479941
2,1,0.05,GBM_2_AutoML_2_20260420_200107,hour_lag1,0.5759246927499772
2,1,0.05,GBM_2_AutoML_2_20260420_200107,day_of_week_lag1,0.00921970473078541
2,1,0.05,GBM_2_AutoML_2_20260420_200107,month_lag1,0.055687851724214796
2,1,0.05,GBM_2_AutoML_2_20260420_200107,month_sin,0.009781530711988996
2,1,0.05,GBM_2_AutoML_2_20260420_200107,month_cos,0.01172210409276882
2,1,0.05,GBM_2_AutoML_2_20260420_200107,year,0.14481234470964405
2,1,0.05,GBM_grid_1_AutoML_2_20260420_200107_model_2,target_lag1,3.1878337693214416
2,1,0.05,GBM_grid_1_AutoML_2_20260420_200107_model_2,target_lag2,0.9698916873335839
2,1,0.05,GBM_grid_1_AutoML_2_20260420_200107_model_2,target_lag3,0.41037109626457097
2,1,0.05,GBM_grid_1_AutoML_2_20260420_200107_model_2,target_lag4,0.04832707832101727
2,1,0.05,GBM_grid_1_AutoML_2_20260420_200107_model_2,target_lag5,0.039942384343594275
2,1,0.05,GBM_grid_1_AutoML_2_20260420_200107_model_2,target_lag6,0.05478940408327613
2,1,0.05,GBM_grid_1_AutoML_2_20260420_200107_model_2,cov_HULL_lag1,0.006544117701705512
2,1,0.05,GBM_grid_1_AutoML_2_20260420_200107_model_2,cov_MUFL_lag1,1.430524472296238
2,1,0.05,GBM_grid_1_AutoML_2_20260420_200107_model_2,cov_MULL_lag1,0.04617407334502783
2,1,0.05,GBM_grid_1_AutoML_2_20260420_200107_model_2,cov_LUFL_lag1,0.12176721241325136
2,1,0.05,GBM_grid_1_AutoML_2_20260420_200107_model_2,cov_LULL_lag1,0.022679904212709472
2,1,0.05,GBM_grid_1_AutoML_2_20260420_200107_model_2,cov_OT_lag1,0.03463985344860698
2,1,0.05,GBM_grid_1_AutoML_2_20260420_200107_model_2,hour_lag1,0.5257513015251607
2,1,0.05,GBM_grid_1_AutoML_2_20260420_200107_model_2,day_of_week_lag1,7.326609738811385e-05
2,1,0.05,GBM_grid_1_AutoML_2_20260420_200107_model_2,month_lag1,0.047228250869084096
2,1,0.05,GBM_grid_1_AutoML_2_20260420_200107_model_2,month_sin,0.0013902345267706468
2,1,0.05,GBM_grid_1_AutoML_2_20260420_200107_model_2,month_cos,0.0008444122434593652
2,1,0.05,GBM_grid_1_AutoML_2_20260420_200107_model_2,year,0.07400401530787344
2,1,0.05,GBM_4_AutoML_2_20260420_200107,target_lag1,2.304449080005288
2,1,0.05,GBM_4_AutoML_2_20260420_200107,target_lag2,0.8448330910131335
2,1,0.05,GBM_4_AutoML_2_20260420_200107,target_lag3,0.15322414106689394
2,1,0.05,GBM_4_AutoML_2_20260420_200107,target_lag4,0.05935957070905712
2,1,0.05,GBM_4_AutoML_2_20260420_200107,target_lag5,0.07206881943100595
2,1,0.05,GBM_4_AutoML_2_20260420_200107,target_lag6,0.0772159764869138
2,1,0.05,GBM_4_AutoML_2_20260420_200107,cov_HULL_lag1,0.05338363037677478
2,1,0.05,GBM_4_AutoML_2_20260420_200107,cov_MUFL_lag1,2.7323324341501576
2,1,0.05,GBM_4_AutoML_2_20260420_200107,cov_MULL_lag1,0.05236845868872475
2,1,0.05,GBM_4_AutoML_2_20260420_200107,cov_LUFL_lag1,0.13205594956874844
2,1,0.05,GBM_4_AutoML_2_20260420_200107,cov_LULL_lag1,0.03629030970158051
2,1,0.05,GBM_4_AutoML_2_20260420_200107,cov_OT_lag1,0.05775474147172641
2,1,0.05,GBM_4_AutoML_2_20260420_200107,hour_lag1,0.5766023486107588
2,1,0.05,GBM_4_AutoML_2_20260420_200107,day_of_week_lag1,0.018580083849374155
2,1,0.05,GBM_4_AutoML_2_20260420_200107,month_lag1,0.05808215775585264
2,1,0.05,GBM_4_AutoML_2_20260420_200107,month_sin,0.01630625536199655
2,1,0.05,GBM_4_AutoML_2_20260420_200107,month_cos,0.0199883530309307
2,1,0.05,GBM_4_AutoML_2_20260420_200107,year,0.14081732220016416
2,1,0.1,GBM_1_AutoML_2_20260420_200107,target_lag1,3.469861578643322
2,1,0.1,GBM_1_AutoML_2_20260420_200107,target_lag2,0.7071504284441471
2,1,0.1,GBM_1_AutoML_2_20260420_200107,target_lag3,0.25032285052391673
2,1,0.1,GBM_1_AutoML_2_20260420_200107,target_lag4,0.05674204492010173
2,1,0.1,GBM_1_AutoML_2_20260420_200107,target_lag5,0.06845244032912884
2,1,0.1,GBM_1_AutoML_2_20260420_200107,target_lag6,0.07087199503090229
2,1,0.1,GBM_1_AutoML_2_20260420_200107,cov_HULL_lag1,0.04608465213925224
2,1,0.1,GBM_1_AutoML_2_20260420_200107,cov_MUFL_lag1,1.5753162208013236
2,1,0.1,GBM_1_AutoML_2_20260420_200107,cov_MULL_lag1,0.03312067862483668
2,1,0.1,GBM_1_AutoML_2_20260420_200107,cov_LUFL_lag1,0.07265911226335443
2,1,0.1,GBM_1_AutoML_2_20260420_200107,cov_LULL_lag1,0.030191883616498626
2,1,0.1,GBM_1_AutoML_2_20260420_200107,cov_OT_lag1,0.05402814519009549
2,1,0.1,GBM_1_AutoML_2_20260420_200107,hour_lag1,0.547548979818821
2,1,0.1,GBM_1_AutoML_2_20260420_200107,day_of_week_lag1,0.018084965553425675
2,1,0.1,GBM_1_AutoML_2_20260420_200107,month_lag1,0.06618233354645778
2,1,0.1,GBM_1_AutoML_2_20260420_200107,month_sin,0.015201176487607847
2,1,0.1,GBM_1_AutoML_2_20260420_200107,month_cos,0.018981816971790938
2,1,0.1,GBM_1_AutoML_2_20260420_200107,year,0.10795843355357643
2,1,0.1,GBM_2_AutoML_2_20260420_200107,target_lag1,2.7731983669102194
2,1,0.1,GBM_2_AutoML_2_20260420_200107,target_lag2,0.9624083859467646
2,1,0.1,GBM_2_AutoML_2_20260420_200107,target_lag3,0.203963193167001
2,1,0.1,GBM_2_AutoML_2_20260420_200107,target_lag4,0.05866665547247971
2,1,0.1,GBM_2_AutoML_2_20260420_200107,target_lag5,0.07930621918116226
2,1,0.1,GBM_2_AutoML_2_20260420_200107,target_lag6,0.09681979295390189
2,1,0.1,GBM_2_AutoML_2_20260420_200107,cov_HULL_lag1,0.03611958064837377
2,1,0.1,GBM_2_AutoML_2_20260420_200107,cov_MUFL_lag1,2.035605549393222
2,1,0.1,GBM_2_AutoML_2_20260420_200107,cov_MULL_lag1,0.050977575538709026
2,1,0.1,GBM_2_AutoML_2_20260420_200107,cov_LUFL_lag1,0.10387125361477953
2,1,0.1,GBM_2_AutoML_2_20260420_200107,cov_LULL_lag1,0.026863122445065488
2,1,0.1,GBM_2_AutoML_2_20260420_200107,cov_OT_lag1,0.04282730747479941
2,1,0.1,GBM_2_AutoML_2_20260420_200107,hour_lag1,0.5759246927499772
2,1,0.1,GBM_2_AutoML_2_20260420_200107,day_of_week_lag1,0.00921970473078541
2,1,0.1,GBM_2_AutoML_2_20260420_200107,month_lag1,0.055687851724214796
2,1,0.1,GBM_2_AutoML_2_20260420_200107,month_sin,0.009781530711988996
2,1,0.1,GBM_2_AutoML_2_20260420_200107,month_cos,0.01172210409276882
2,1,0.1,GBM_2_AutoML_2_20260420_200107,year,0.14481234470964405
2,1,0.1,GBM_grid_1_AutoML_2_20260420_200107_model_2,target_lag1,3.1878337693214416
2,1,0.1,GBM_grid_1_AutoML_2_20260420_200107_model_2,target_lag2,0.9698916873335839
2,1,0.1,GBM_grid_1_AutoML_2_20260420_200107_model_2,target_lag3,0.41037109626457097
2,1,0.1,GBM_grid_1_AutoML_2_20260420_200107_model_2,target_lag4,0.04832707832101727
2,1,0.1,GBM_grid_1_AutoML_2_20260420_200107_model_2,target_lag5,0.039942384343594275
2,1,0.1,GBM_grid_1_AutoML_2_20260420_200107_model_2,target_lag6,0.05478940408327613
2,1,0.1,GBM_grid_1_AutoML_2_20260420_200107_model_2,cov_HULL_lag1,0.006544117701705512
2,1,0.1,GBM_grid_1_AutoML_2_20260420_200107_model_2,cov_MUFL_lag1,1.430524472296238
2,1,0.1,GBM_grid_1_AutoML_2_20260420_200107_model_2,cov_MULL_lag1,0.04617407334502783
2,1,0.1,GBM_grid_1_AutoML_2_20260420_200107_model_2,cov_LUFL_lag1,0.12176721241325136
2,1,0.1,GBM_grid_1_AutoML_2_20260420_200107_model_2,cov_LULL_lag1,0.022679904212709472
2,1,0.1,GBM_grid_1_AutoML_2_20260420_200107_model_2,cov_OT_lag1,0.03463985344860698
2,1,0.1,GBM_grid_1_AutoML_2_20260420_200107_model_2,hour_lag1,0.5257513015251607
2,1,0.1,GBM_grid_1_AutoML_2_20260420_200107_model_2,day_of_week_lag1,7.326609738811385e-05
2,1,0.1,GBM_grid_1_AutoML_2_20260420_200107_model_2,month_lag1,0.047228250869084096
2,1,0.1,GBM_grid_1_AutoML_2_20260420_200107_model_2,month_sin,0.0013902345267706468
2,1,0.1,GBM_grid_1_AutoML_2_20260420_200107_model_2,month_cos,0.0008444122434593652
2,1,0.1,GBM_grid_1_AutoML_2_20260420_200107_model_2,year,0.07400401530787344
2,1,0.1,GBM_4_AutoML_2_20260420_200107,target_lag1,2.304449080005288
2,1,0.1,GBM_4_AutoML_2_20260420_200107,target_lag2,0.8448330910131335
2,1,0.1,GBM_4_AutoML_2_20260420_200107,target_lag3,0.15322414106689394
2,1,0.1,GBM_4_AutoML_2_20260420_200107,target_lag4,0.05935957070905712
2,1,0.1,GBM_4_AutoML_2_20260420_200107,target_lag5,0.07206881943100595
2,1,0.1,GBM_4_AutoML_2_20260420_200107,target_lag6,0.0772159764869138
2,1,0.1,GBM_4_AutoML_2_20260420_200107,cov_HULL_lag1,0.05338363037677478
2,1,0.1,GBM_4_AutoML_2_20260420_200107,cov_MUFL_lag1,2.7323324341501576
2,1,0.1,GBM_4_AutoML_2_20260420_200107,cov_MULL_lag1,0.05236845868872475
2,1,0.1,GBM_4_AutoML_2_20260420_200107,cov_LUFL_lag1,0.13205594956874844
2,1,0.1,GBM_4_AutoML_2_20260420_200107,cov_LULL_lag1,0.03629030970158051
2,1,0.1,GBM_4_AutoML_2_20260420_200107,cov_OT_lag1,0.05775474147172641
2,1,0.1,GBM_4_AutoML_2_20260420_200107,hour_lag1,0.5766023486107588
2,1,0.1,GBM_4_AutoML_2_20260420_200107,day_of_week_lag1,0.018580083849374155
2,1,0.1,GBM_4_AutoML_2_20260420_200107,month_lag1,0.05808215775585264
2,1,0.1,GBM_4_AutoML_2_20260420_200107,month_sin,0.01630625536199655
2,1,0.1,GBM_4_AutoML_2_20260420_200107,month_cos,0.0199883530309307
2,1,0.1,GBM_4_AutoML_2_20260420_200107,year,0.14081732220016416
2,1,0.1,DRF_1_AutoML_2_20260420_200107,target_lag1,2.2027795109152795
2,1,0.1,DRF_1_AutoML_2_20260420_200107,target_lag2,0.9486796264816075
2,1,0.1,DRF_1_AutoML_2_20260420_200107,target_lag3,0.8482155467569829
2,1,0.1,DRF_1_AutoML_2_20260420_200107,target_lag4,0.4779921537637711
2,1,0.1,DRF_1_AutoML_2_20260420_200107,target_lag5,0.2325789362937212
2,1,0.1,DRF_1_AutoML_2_20260420_200107,target_lag6,0.12792681313585486
2,1,0.1,DRF_1_AutoML_2_20260420_200107,cov_HULL_lag1,0.03987708189291875
2,1,0.1,DRF_1_AutoML_2_20260420_200107,cov_MUFL_lag1,2.146329018473625
2,1,0.1,DRF_1_AutoML_2_20260420_200107,cov_MULL_lag1,0.03063474675407629
2,1,0.1,DRF_1_AutoML_2_20260420_200107,cov_LUFL_lag1,0.08264002260752018
2,1,0.1,DRF_1_AutoML_2_20260420_200107,cov_LULL_lag1,0.022107481914572367
2,1,0.1,DRF_1_AutoML_2_20260420_200107,cov_OT_lag1,0.04003050600062119
2,1,0.1,DRF_1_AutoML_2_20260420_200107,hour_lag1,0.46195262966677547
2,1,0.1,DRF_1_AutoML_2_20260420_200107,day_of_week_lag1,0.01319645327981557
2,1,0.1,DRF_1_AutoML_2_20260420_200107,month_lag1,0.02140888632566198
2,1,0.1,DRF_1_AutoML_2_20260420_200107,month_sin,0.009894262631423718
2,1,0.1,DRF_1_AutoML_2_20260420_200107,month_cos,0.01049714927095915
2,1,0.1,DRF_1_AutoML_2_20260420_200107,year,0.09035770265618336
2,1,0.1,GBM_3_AutoML_2_20260420_200107,target_lag1,2.554972622692585
2,1,0.1,GBM_3_AutoML_2_20260420_200107,target_lag2,0.8524531066603959
2,1,0.1,GBM_3_AutoML_2_20260420_200107,target_lag3,0.2027338396036066
2,1,0.1,GBM_3_AutoML_2_20260420_200107,target_lag4,0.10510215145535763
2,1,0.1,GBM_3_AutoML_2_20260420_200107,target_lag5,0.041292189083178485
2,1,0.1,GBM_3_AutoML_2_20260420_200107,target_lag6,0.08519943577237424
2,1,0.1,GBM_3_AutoML_2_20260420_200107,cov_HULL_lag1,0.049299248610623146
2,1,0.1,GBM_3_AutoML_2_20260420_200107,cov_MUFL_lag1,2.395075203292072
2,1,0.1,GBM_3_AutoML_2_20260420_200107,cov_MULL_lag1,0.05095463452511462
2,1,0.1,GBM_3_AutoML_2_20260420_200107,cov_LUFL_lag1,0.07279403225402344
2,1,0.1,GBM_3_AutoML_2_20260420_200107,cov_LULL_lag1,0.028706605411134616
2,1,0.1,GBM_3_AutoML_2_20260420_200107,cov_OT_lag1,0.04807155553484332
2,1,0.1,GBM_3_AutoML_2_20260420_200107,hour_lag1,0.5855338246561587
2,1,0.1,GBM_3_AutoML_2_20260420_200107,day_of_week_lag1,0.013266920896421609
2,1,0.1,GBM_3_AutoML_2_20260420_200107,month_lag1,0.055832617664127566
2,1,0.1,GBM_3_AutoML_2_20260420_200107,month_sin,0.012888325075327839
2,1,0.1,GBM_3_AutoML_2_20260420_200107,month_cos,0.01256930508970977
2,1,0.1,GBM_3_AutoML_2_20260420_200107,year,0.10415631541050967
2,1,0.1,GBM_grid_1_AutoML_2_20260420_200107_model_3,target_lag1,2.1930763052403925
2,1,0.1,GBM_grid_1_AutoML_2_20260420_200107_model_3,target_lag2,1.1849434289056808
2,1,0.1,GBM_grid_1_AutoML_2_20260420_200107_model_3,target_lag3,0.48686130955815315
2,1,0.1,GBM_grid_1_AutoML_2_20260420_200107_model_3,target_lag4,0.5075488471984864
2,1,0.1,GBM_grid_1_AutoML_2_20260420_200107_model_3,target_lag5,0.10426543211564418
2,1,0.1,GBM_grid_1_AutoML_2_20260420_200107_model_3,target_lag6,0.33109928131103517
2,1,0.1,GBM_grid_1_AutoML_2_20260420_200107_model_3,cov_HULL_lag1,0.024822301241802007
2,1,0.1,GBM_grid_1_AutoML_2_20260420_200107_model_3,cov_MUFL_lag1,0.9508805909752845
2,1,0.1,GBM_grid_1_AutoML_2_20260420_200107_model_3,cov_MULL_lag1,0.0924727012403309
2,1,0.1,GBM_grid_1_AutoML_2_20260420_200107_model_3,cov_LUFL_lag1,0.18212145943194624
2,1,0.1,GBM_grid_1_AutoML_2_20260420_200107_model_3,cov_LULL_lag1,0.0350636988622136
2,1,0.1,GBM_grid_1_AutoML_2_20260420_200107_model_3,cov_OT_lag1,0.03818293582648034
2,1,0.1,GBM_grid_1_AutoML_2_20260420_200107_model_3,hour_lag1,0.4976165464706719
2,1,0.1,GBM_grid_1_AutoML_2_20260420_200107_model_3,day_of_week_lag1,0.009146579130901914
2,1,0.1,GBM_grid_1_AutoML_2_20260420_200107_model_3,month_lag1,0.06618959393352265
2,1,0.1,GBM_grid_1_AutoML_2_20260420_200107_model_3,month_sin,0.009760176138370262
2,1,0.1,GBM_grid_1_AutoML_2_20260420_200107_model_3,month_cos,0.007579516218684106
2,1,0.1,GBM_grid_1_AutoML_2_20260420_200107_model_3,year,0.11355366096482608
2,1,0.1,XRT_1_AutoML_2_20260420_200107,target_lag1,33.999209636747835
2,1,0.1,XRT_1_AutoML_2_20260420_200107,target_lag2,1.4530018536746503
2,1,0.1,XRT_1_AutoML_2_20260420_200107,target_lag3,0.4728854298591614
2,1,0.1,XRT_1_AutoML_2_20260420_200107,target_lag4,0.42950289100408556
2,1,0.1,XRT_1_AutoML_2_20260420_200107,target_lag5,0.2642125865072012
2,1,0.1,XRT_1_AutoML_2_20260420_200107,target_lag6,0.15783009777776894
2,1,0.1,XRT_1_AutoML_2_20260420_200107,cov_HULL_lag1,32.08425173156593
2,1,0.1,XRT_1_AutoML_2_20260420_200107,cov_MUFL_lag1,35.53237092971802
2,1,0.1,XRT_1_AutoML_2_20260420_200107,cov_MULL_lag1,0.03630819556303318
2,1,0.1,XRT_1_AutoML_2_20260420_200107,cov_LUFL_lag1,0.1534592547174543
2,1,0.1,XRT_1_AutoML_2_20260420_200107,cov_LULL_lag1,0.07007690606638786
2,1,0.1,XRT_1_AutoML_2_20260420_200107,cov_OT_lag1,0.0694885352083656
2,1,0.1,XRT_1_AutoML_2_20260420_200107,hour_lag1,1.9338724875822664
2,1,0.1,XRT_1_AutoML_2_20260420_200107,day_of_week_lag1,0.06340923389419909
2,1,0.1,XRT_1_AutoML_2_20260420_200107,month_lag1,0.07070638611243335
2,1,0.1,XRT_1_AutoML_2_20260420_200107,month_sin,0.2109765751403756
2,1,0.1,XRT_1_AutoML_2_20260420_200107,month_cos,1.9087607880285942
2,1,0.1,XRT_1_AutoML_2_20260420_200107,year,33.40158126032911
2,1,0.1,XGBoost_3_AutoML_2_20260420_200107,target_lag1,2.215771254897118
2,1,0.1,XGBoost_3_AutoML_2_20260420_200107,target_lag2,1.0557894820580258
2,1,0.1,XGBoost_3_AutoML_2_20260420_200107,target_lag3,0.13053980942815538
2,1,0.1,XGBoost_3_AutoML_2_20260420_200107,target_lag4,0.08201052383141355
2,1,0.1,XGBoost_3_AutoML_2_20260420_200107,target_lag5,0.10574460409581658
2,1,0.1,XGBoost_3_AutoML_2_20260420_200107,target_lag6,0.14597130441572514
2,1,0.1,XGBoost_3_AutoML_2_20260420_200107,cov_HULL_lag1,0.04731808153097514
2,1,0.1,XGBoost_3_AutoML_2_20260420_200107,cov_MUFL_lag1,2.5675203748047353
2,1,0.1,XGBoost_3_AutoML_2_20260420_200107,cov_MULL_lag1,0.05985863150330255
2,1,0.1,XGBoost_3_AutoML_2_20260420_200107,cov_LUFL_lag1,0.15125006528571244
2,1,0.1,XGBoost_3_AutoML_2_20260420_200107,cov_LULL_lag1,0.05887809136882421
2,1,0.1,XGBoost_3_AutoML_2_20260420_200107,cov_OT_lag1,0.06229438075330105
2,1,0.1,XGBoost_3_AutoML_2_20260420_200107,hour_lag1,0.5735047645866871
2,1,0.1,XGBoost_3_AutoML_2_20260420_200107,day_of_week_lag1,0.020202150302648034
2,1,0.1,XGBoost_3_AutoML_2_20260420_200107,month_lag1,0.0584767271764576
2,1,0.1,XGBoost_3_AutoML_2_20260420_200107,month_sin,0.013005154296988574
2,1,0.1,XGBoost_3_AutoML_2_20260420_200107,month_cos,0.013303619902289905
2,1,0.1,XGBoost_3_AutoML_2_20260420_200107,year,0.2494113308750093
2,1,0.2,GBM_1_AutoML_2_20260420_200107,target_lag1,3.469861578643322
2,1,0.2,GBM_1_AutoML_2_20260420_200107,target_lag2,0.7071504284441471
2,1,0.2,GBM_1_AutoML_2_20260420_200107,target_lag3,0.25032285052391673
2,1,0.2,GBM_1_AutoML_2_20260420_200107,target_lag4,0.05674204492010173
2,1,0.2,GBM_1_AutoML_2_20260420_200107,target_lag5,0.06845244032912884
2,1,0.2,GBM_1_AutoML_2_20260420_200107,target_lag6,0.07087199503090229
2,1,0.2,GBM_1_AutoML_2_20260420_200107,cov_HULL_lag1,0.04608465213925224
2,1,0.2,GBM_1_AutoML_2_20260420_200107,cov_MUFL_lag1,1.5753162208013236
2,1,0.2,GBM_1_AutoML_2_20260420_200107,cov_MULL_lag1,0.03312067862483668
2,1,0.2,GBM_1_AutoML_2_20260420_200107,cov_LUFL_lag1,0.07265911226335443
2,1,0.2,GBM_1_AutoML_2_20260420_200107,cov_LULL_lag1,0.030191883616498626
2,1,0.2,GBM_1_AutoML_2_20260420_200107,cov_OT_lag1,0.05402814519009549
2,1,0.2,GBM_1_AutoML_2_20260420_200107,hour_lag1,0.547548979818821
2,1,0.2,GBM_1_AutoML_2_20260420_200107,day_of_week_lag1,0.018084965553425675
2,1,0.2,GBM_1_AutoML_2_20260420_200107,month_lag1,0.06618233354645778
2,1,0.2,GBM_1_AutoML_2_20260420_200107,month_sin,0.015201176487607847
2,1,0.2,GBM_1_AutoML_2_20260420_200107,month_cos,0.018981816971790938
2,1,0.2,GBM_1_AutoML_2_20260420_200107,year,0.10795843355357643
2,1,0.2,GBM_2_AutoML_2_20260420_200107,target_lag1,2.7731983669102194
2,1,0.2,GBM_2_AutoML_2_20260420_200107,target_lag2,0.9624083859467646
2,1,0.2,GBM_2_AutoML_2_20260420_200107,target_lag3,0.203963193167001
2,1,0.2,GBM_2_AutoML_2_20260420_200107,target_lag4,0.05866665547247971
2,1,0.2,GBM_2_AutoML_2_20260420_200107,target_lag5,0.07930621918116226
2,1,0.2,GBM_2_AutoML_2_20260420_200107,target_lag6,0.09681979295390189
2,1,0.2,GBM_2_AutoML_2_20260420_200107,cov_HULL_lag1,0.03611958064837377
2,1,0.2,GBM_2_AutoML_2_20260420_200107,cov_MUFL_lag1,2.035605549393222
2,1,0.2,GBM_2_AutoML_2_20260420_200107,cov_MULL_lag1,0.050977575538709026
2,1,0.2,GBM_2_AutoML_2_20260420_200107,cov_LUFL_lag1,0.10387125361477953
2,1,0.2,GBM_2_AutoML_2_20260420_200107,cov_LULL_lag1,0.026863122445065488
2,1,0.2,GBM_2_AutoML_2_20260420_200107,cov_OT_lag1,0.04282730747479941
2,1,0.2,GBM_2_AutoML_2_20260420_200107,hour_lag1,0.5759246927499772
2,1,0.2,GBM_2_AutoML_2_20260420_200107,day_of_week_lag1,0.00921970473078541
2,1,0.2,GBM_2_AutoML_2_20260420_200107,month_lag1,0.055687851724214796
2,1,0.2,GBM_2_AutoML_2_20260420_200107,month_sin,0.009781530711988996
2,1,0.2,GBM_2_AutoML_2_20260420_200107,month_cos,0.01172210409276882
2,1,0.2,GBM_2_AutoML_2_20260420_200107,year,0.14481234470964405
2,1,0.2,GBM_grid_1_AutoML_2_20260420_200107_model_2,target_lag1,3.1878337693214416
2,1,0.2,GBM_grid_1_AutoML_2_20260420_200107_model_2,target_lag2,0.9698916873335839
2,1,0.2,GBM_grid_1_AutoML_2_20260420_200107_model_2,target_lag3,0.41037109626457097
2,1,0.2,GBM_grid_1_AutoML_2_20260420_200107_model_2,target_lag4,0.04832707832101727
2,1,0.2,GBM_grid_1_AutoML_2_20260420_200107_model_2,target_lag5,0.039942384343594275
2,1,0.2,GBM_grid_1_AutoML_2_20260420_200107_model_2,target_lag6,0.05478940408327613
2,1,0.2,GBM_grid_1_AutoML_2_20260420_200107_model_2,cov_HULL_lag1,0.006544117701705512
2,1,0.2,GBM_grid_1_AutoML_2_20260420_200107_model_2,cov_MUFL_lag1,1.430524472296238
2,1,0.2,GBM_grid_1_AutoML_2_20260420_200107_model_2,cov_MULL_lag1,0.04617407334502783
2,1,0.2,GBM_grid_1_AutoML_2_20260420_200107_model_2,cov_LUFL_lag1,0.12176721241325136
2,1,0.2,GBM_grid_1_AutoML_2_20260420_200107_model_2,cov_LULL_lag1,0.022679904212709472
2,1,0.2,GBM_grid_1_AutoML_2_20260420_200107_model_2,cov_OT_lag1,0.03463985344860698
2,1,0.2,GBM_grid_1_AutoML_2_20260420_200107_model_2,hour_lag1,0.5257513015251607
2,1,0.2,GBM_grid_1_AutoML_2_20260420_200107_model_2,day_of_week_lag1,7.326609738811385e-05
2,1,0.2,GBM_grid_1_AutoML_2_20260420_200107_model_2,month_lag1,0.047228250869084096
2,1,0.2,GBM_grid_1_AutoML_2_20260420_200107_model_2,month_sin,0.0013902345267706468
2,1,0.2,GBM_grid_1_AutoML_2_20260420_200107_model_2,month_cos,0.0008444122434593652
2,1,0.2,GBM_grid_1_AutoML_2_20260420_200107_model_2,year,0.07400401530787344
2,1,0.2,GBM_4_AutoML_2_20260420_200107,target_lag1,2.304449080005288
2,1,0.2,GBM_4_AutoML_2_20260420_200107,target_lag2,0.8448330910131335
2,1,0.2,GBM_4_AutoML_2_20260420_200107,target_lag3,0.15322414106689394
2,1,0.2,GBM_4_AutoML_2_20260420_200107,target_lag4,0.05935957070905712
2,1,0.2,GBM_4_AutoML_2_20260420_200107,target_lag5,0.07206881943100595
2,1,0.2,GBM_4_AutoML_2_20260420_200107,target_lag6,0.0772159764869138
2,1,0.2,GBM_4_AutoML_2_20260420_200107,cov_HULL_lag1,0.05338363037677478
2,1,0.2,GBM_4_AutoML_2_20260420_200107,cov_MUFL_lag1,2.7323324341501576
2,1,0.2,GBM_4_AutoML_2_20260420_200107,cov_MULL_lag1,0.05236845868872475
2,1,0.2,GBM_4_AutoML_2_20260420_200107,cov_LUFL_lag1,0.13205594956874844
2,1,0.2,GBM_4_AutoML_2_20260420_200107,cov_LULL_lag1,0.03629030970158051
2,1,0.2,GBM_4_AutoML_2_20260420_200107,cov_OT_lag1,0.05775474147172641
2,1,0.2,GBM_4_AutoML_2_20260420_200107,hour_lag1,0.5766023486107588
2,1,0.2,GBM_4_AutoML_2_20260420_200107,day_of_week_lag1,0.018580083849374155
2,1,0.2,GBM_4_AutoML_2_20260420_200107,month_lag1,0.05808215775585264
2,1,0.2,GBM_4_AutoML_2_20260420_200107,month_sin,0.01630625536199655
2,1,0.2,GBM_4_AutoML_2_20260420_200107,month_cos,0.0199883530309307
2,1,0.2,GBM_4_AutoML_2_20260420_200107,year,0.14081732220016416
2,1,0.2,DRF_1_AutoML_2_20260420_200107,target_lag1,2.2027795109152795
2,1,0.2,DRF_1_AutoML_2_20260420_200107,target_lag2,0.9486796264816075
2,1,0.2,DRF_1_AutoML_2_20260420_200107,target_lag3,0.8482155467569829
2,1,0.2,DRF_1_AutoML_2_20260420_200107,target_lag4,0.4779921537637711
2,1,0.2,DRF_1_AutoML_2_20260420_200107,target_lag5,0.2325789362937212
2,1,0.2,DRF_1_AutoML_2_20260420_200107,target_lag6,0.12792681313585486
2,1,0.2,DRF_1_AutoML_2_20260420_200107,cov_HULL_lag1,0.03987708189291875
2,1,0.2,DRF_1_AutoML_2_20260420_200107,cov_MUFL_lag1,2.146329018473625
2,1,0.2,DRF_1_AutoML_2_20260420_200107,cov_MULL_lag1,0.03063474675407629
2,1,0.2,DRF_1_AutoML_2_20260420_200107,cov_LUFL_lag1,0.08264002260752018
2,1,0.2,DRF_1_AutoML_2_20260420_200107,cov_LULL_lag1,0.022107481914572367
2,1,0.2,DRF_1_AutoML_2_20260420_200107,cov_OT_lag1,0.04003050600062119
2,1,0.2,DRF_1_AutoML_2_20260420_200107,hour_lag1,0.46195262966677547
2,1,0.2,DRF_1_AutoML_2_20260420_200107,day_of_week_lag1,0.01319645327981557
2,1,0.2,DRF_1_AutoML_2_20260420_200107,month_lag1,0.02140888632566198
2,1,0.2,DRF_1_AutoML_2_20260420_200107,month_sin,0.009894262631423718
2,1,0.2,DRF_1_AutoML_2_20260420_200107,month_cos,0.01049714927095915
2,1,0.2,DRF_1_AutoML_2_20260420_200107,year,0.09035770265618336
2,1,0.2,GBM_3_AutoML_2_20260420_200107,target_lag1,2.554972622692585
2,1,0.2,GBM_3_AutoML_2_20260420_200107,target_lag2,0.8524531066603959
2,1,0.2,GBM_3_AutoML_2_20260420_200107,target_lag3,0.2027338396036066
2,1,0.2,GBM_3_AutoML_2_20260420_200107,target_lag4,0.10510215145535763
2,1,0.2,GBM_3_AutoML_2_20260420_200107,target_lag5,0.041292189083178485
2,1,0.2,GBM_3_AutoML_2_20260420_200107,target_lag6,0.08519943577237424
2,1,0.2,GBM_3_AutoML_2_20260420_200107,cov_HULL_lag1,0.049299248610623146
2,1,0.2,GBM_3_AutoML_2_20260420_200107,cov_MUFL_lag1,2.395075203292072
2,1,0.2,GBM_3_AutoML_2_20260420_200107,cov_MULL_lag1,0.05095463452511462
2,1,0.2,GBM_3_AutoML_2_20260420_200107,cov_LUFL_lag1,0.07279403225402344
2,1,0.2,GBM_3_AutoML_2_20260420_200107,cov_LULL_lag1,0.028706605411134616
2,1,0.2,GBM_3_AutoML_2_20260420_200107,cov_OT_lag1,0.04807155553484332
2,1,0.2,GBM_3_AutoML_2_20260420_200107,hour_lag1,0.5855338246561587
2,1,0.2,GBM_3_AutoML_2_20260420_200107,day_of_week_lag1,0.013266920896421609
2,1,0.2,GBM_3_AutoML_2_20260420_200107,month_lag1,0.055832617664127566
2,1,0.2,GBM_3_AutoML_2_20260420_200107,month_sin,0.012888325075327839
2,1,0.2,GBM_3_AutoML_2_20260420_200107,month_cos,0.01256930508970977
2,1,0.2,GBM_3_AutoML_2_20260420_200107,year,0.10415631541050967
2,1,0.2,GBM_grid_1_AutoML_2_20260420_200107_model_3,target_lag1,2.1930763052403925
2,1,0.2,GBM_grid_1_AutoML_2_20260420_200107_model_3,target_lag2,1.1849434289056808
2,1,0.2,GBM_grid_1_AutoML_2_20260420_200107_model_3,target_lag3,0.48686130955815315
2,1,0.2,GBM_grid_1_AutoML_2_20260420_200107_model_3,target_lag4,0.5075488471984864
2,1,0.2,GBM_grid_1_AutoML_2_20260420_200107_model_3,target_lag5,0.10426543211564418
2,1,0.2,GBM_grid_1_AutoML_2_20260420_200107_model_3,target_lag6,0.33109928131103517
2,1,0.2,GBM_grid_1_AutoML_2_20260420_200107_model_3,cov_HULL_lag1,0.024822301241802007
2,1,0.2,GBM_grid_1_AutoML_2_20260420_200107_model_3,cov_MUFL_lag1,0.9508805909752845
2,1,0.2,GBM_grid_1_AutoML_2_20260420_200107_model_3,cov_MULL_lag1,0.0924727012403309
2,1,0.2,GBM_grid_1_AutoML_2_20260420_200107_model_3,cov_LUFL_lag1,0.18212145943194624
2,1,0.2,GBM_grid_1_AutoML_2_20260420_200107_model_3,cov_LULL_lag1,0.0350636988622136
2,1,0.2,GBM_grid_1_AutoML_2_20260420_200107_model_3,cov_OT_lag1,0.03818293582648034
2,1,0.2,GBM_grid_1_AutoML_2_20260420_200107_model_3,hour_lag1,0.4976165464706719
2,1,0.2,GBM_grid_1_AutoML_2_20260420_200107_model_3,day_of_week_lag1,0.009146579130901914
2,1,0.2,GBM_grid_1_AutoML_2_20260420_200107_model_3,month_lag1,0.06618959393352265
2,1,0.2,GBM_grid_1_AutoML_2_20260420_200107_model_3,month_sin,0.009760176138370262
2,1,0.2,GBM_grid_1_AutoML_2_20260420_200107_model_3,month_cos,0.007579516218684106
2,1,0.2,GBM_grid_1_AutoML_2_20260420_200107_model_3,year,0.11355366096482608
2,1,0.2,XRT_1_AutoML_2_20260420_200107,target_lag1,33.999209636747835
2,1,0.2,XRT_1_AutoML_2_20260420_200107,target_lag2,1.4530018536746503
2,1,0.2,XRT_1_AutoML_2_20260420_200107,target_lag3,0.4728854298591614
2,1,0.2,XRT_1_AutoML_2_20260420_200107,target_lag4,0.42950289100408556
2,1,0.2,XRT_1_AutoML_2_20260420_200107,target_lag5,0.2642125865072012
2,1,0.2,XRT_1_AutoML_2_20260420_200107,target_lag6,0.15783009777776894
2,1,0.2,XRT_1_AutoML_2_20260420_200107,cov_HULL_lag1,32.08425173156593
2,1,0.2,XRT_1_AutoML_2_20260420_200107,cov_MUFL_lag1,35.53237092971802
2,1,0.2,XRT_1_AutoML_2_20260420_200107,cov_MULL_lag1,0.03630819556303318
2,1,0.2,XRT_1_AutoML_2_20260420_200107,cov_LUFL_lag1,0.1534592547174543
2,1,0.2,XRT_1_AutoML_2_20260420_200107,cov_LULL_lag1,0.07007690606638786
2,1,0.2,XRT_1_AutoML_2_20260420_200107,cov_OT_lag1,0.0694885352083656
2,1,0.2,XRT_1_AutoML_2_20260420_200107,hour_lag1,1.9338724875822664
2,1,0.2,XRT_1_AutoML_2_20260420_200107,day_of_week_lag1,0.06340923389419909
2,1,0.2,XRT_1_AutoML_2_20260420_200107,month_lag1,0.07070638611243335
2,1,0.2,XRT_1_AutoML_2_20260420_200107,month_sin,0.2109765751403756
2,1,0.2,XRT_1_AutoML_2_20260420_200107,month_cos,1.9087607880285942
2,1,0.2,XRT_1_AutoML_2_20260420_200107,year,33.40158126032911
2,1,0.2,XGBoost_3_AutoML_2_20260420_200107,target_lag1,2.215771254897118
2,1,0.2,XGBoost_3_AutoML_2_20260420_200107,target_lag2,1.0557894820580258
2,1,0.2,XGBoost_3_AutoML_2_20260420_200107,target_lag3,0.13053980942815538
2,1,0.2,XGBoost_3_AutoML_2_20260420_200107,target_lag4,0.08201052383141355
2,1,0.2,XGBoost_3_AutoML_2_20260420_200107,target_lag5,0.10574460409581658
2,1,0.2,XGBoost_3_AutoML_2_20260420_200107,target_lag6,0.14597130441572514
2,1,0.2,XGBoost_3_AutoML_2_20260420_200107,cov_HULL_lag1,0.04731808153097514
2,1,0.2,XGBoost_3_AutoML_2_20260420_200107,cov_MUFL_lag1,2.5675203748047353
2,1,0.2,XGBoost_3_AutoML_2_20260420_200107,cov_MULL_lag1,0.05985863150330255
2,1,0.2,XGBoost_3_AutoML_2_20260420_200107,cov_LUFL_lag1,0.15125006528571244
2,1,0.2,XGBoost_3_AutoML_2_20260420_200107,cov_LULL_lag1,0.05887809136882421
2,1,0.2,XGBoost_3_AutoML_2_20260420_200107,cov_OT_lag1,0.06229438075330105
2,1,0.2,XGBoost_3_AutoML_2_20260420_200107,hour_lag1,0.5735047645866871
2,1,0.2,XGBoost_3_AutoML_2_20260420_200107,day_of_week_lag1,0.020202150302648034
2,1,0.2,XGBoost_3_AutoML_2_20260420_200107,month_lag1,0.0584767271764576
2,1,0.2,XGBoost_3_AutoML_2_20260420_200107,month_sin,0.013005154296988574
2,1,0.2,XGBoost_3_AutoML_2_20260420_200107,month_cos,0.013303619902289905
2,1,0.2,XGBoost_3_AutoML_2_20260420_200107,year,0.2494113308750093
2,1,0.2,XGBoost_grid_1_AutoML_2_20260420_200107_model_5,target_lag1,3.0671596773713827
2,1,0.2,XGBoost_grid_1_AutoML_2_20260420_200107_model_5,target_lag2,0.6589146710000933
2,1,0.2,XGBoost_grid_1_AutoML_2_20260420_200107_model_5,target_lag3,0.41297344751656057
2,1,0.2,XGBoost_grid_1_AutoML_2_20260420_200107_model_5,target_lag4,0.11150780742871572
2,1,0.2,XGBoost_grid_1_AutoML_2_20260420_200107_model_5,target_lag5,0.12801777277840298
2,1,0.2,XGBoost_grid_1_AutoML_2_20260420_200107_model_5,target_lag6,0.14527712190523742
2,1,0.2,XGBoost_grid_1_AutoML_2_20260420_200107_model_5,cov_HULL_lag1,0.08880727884359654
2,1,0.2,XGBoost_grid_1_AutoML_2_20260420_200107_model_5,cov_MUFL_lag1,1.8993181054806336
2,1,0.2,XGBoost_grid_1_AutoML_2_20260420_200107_model_5,cov_MULL_lag1,0.07736064240336413
2,1,0.2,XGBoost_grid_1_AutoML_2_20260420_200107_model_5,cov_LUFL_lag1,0.1708394449017942
2,1,0.2,XGBoost_grid_1_AutoML_2_20260420_200107_model_5,cov_LULL_lag1,0.05639136510668319
2,1,0.2,XGBoost_grid_1_AutoML_2_20260420_200107_model_5,cov_OT_lag1,0.10747132581192996
2,1,0.2,XGBoost_grid_1_AutoML_2_20260420_200107_model_5,hour_lag1,0.6073656387627124
2,1,0.2,XGBoost_grid_1_AutoML_2_20260420_200107_model_5,day_of_week_lag1,0.0377533792937174
2,1,0.2,XGBoost_grid_1_AutoML_2_20260420_200107_model_5,month_lag1,0.0774429710116237
2,1,0.2,XGBoost_grid_1_AutoML_2_20260420_200107_model_5,month_sin,0.03576307710132819
2,1,0.2,XGBoost_grid_1_AutoML_2_20260420_200107_model_5,month_cos,0.03426900203805412
2,1,0.2,XGBoost_grid_1_AutoML_2_20260420_200107_model_5,year,0.27123290580697357
2,1,0.2,GBM_grid_1_AutoML_2_20260420_200107_model_1,target_lag1,1.6942968174349518
2,1,0.2,GBM_grid_1_AutoML_2_20260420_200107_model_1,target_lag2,0.9087368708848953
2,1,0.2,GBM_grid_1_AutoML_2_20260420_200107_model_1,target_lag3,0.6924493934493512
2,1,0.2,GBM_grid_1_AutoML_2_20260420_200107_model_1,target_lag4,0.2554262314550579
2,1,0.2,GBM_grid_1_AutoML_2_20260420_200107_model_1,target_lag5,0.9210883420519531
2,1,0.2,GBM_grid_1_AutoML_2_20260420_200107_model_1,target_lag6,0.12036968730826626
2,1,0.2,GBM_grid_1_AutoML_2_20260420_200107_model_1,cov_HULL_lag1,0.09404988258960653
2,1,0.2,GBM_grid_1_AutoML_2_20260420_200107_model_1,cov_MUFL_lag1,1.2846705176681281
2,1,0.2,GBM_grid_1_AutoML_2_20260420_200107_model_1,cov_MULL_lag1,0.05739167691441249
2,1,0.2,GBM_grid_1_AutoML_2_20260420_200107_model_1,cov_LUFL_lag1,0.17135926941409707
2,1,0.2,GBM_grid_1_AutoML_2_20260420_200107_model_1,cov_LULL_lag1,0.060320058080833364
2,1,0.2,GBM_grid_1_AutoML_2_20260420_200107_model_1,cov_OT_lag1,0.05595724827726367
2,1,0.2,GBM_grid_1_AutoML_2_20260420_200107_model_1,hour_lag1,0.4587312580086291
2,1,0.2,GBM_grid_1_AutoML_2_20260420_200107_model_1,day_of_week_lag1,0.0355647301441058
2,1,0.2,GBM_grid_1_AutoML_2_20260420_200107_model_1,month_lag1,0.04237804615870113
2,1,0.2,GBM_grid_1_AutoML_2_20260420_200107_model_1,month_sin,0.02689474102655363
2,1,0.2,GBM_grid_1_AutoML_2_20260420_200107_model_1,month_cos,0.03754283682443197
2,1,0.2,GBM_grid_1_AutoML_2_20260420_200107_model_1,year,0.12576700850389894
2,1,0.2,XGBoost_grid_1_AutoML_2_20260420_200107_model_4,target_lag1,2.69163442873396
2,1,0.2,XGBoost_grid_1_AutoML_2_20260420_200107_model_4,target_lag2,0.5784306299872697
2,1,0.2,XGBoost_grid_1_AutoML_2_20260420_200107_model_4,target_lag3,0.17820781139191236
2,1,0.2,XGBoost_grid_1_AutoML_2_20260420_200107_model_4,target_lag4,0.09854414437897498
2,1,0.2,XGBoost_grid_1_AutoML_2_20260420_200107_model_4,target_lag5,0.08544006745330986
2,1,0.2,XGBoost_grid_1_AutoML_2_20260420_200107_model_4,target_lag6,0.1042722214199602
2,1,0.2,XGBoost_grid_1_AutoML_2_20260420_200107_model_4,cov_HULL_lag1,0.08333084234967825
2,1,0.2,XGBoost_grid_1_AutoML_2_20260420_200107_model_4,cov_MUFL_lag1,2.9327462524175645
2,1,0.2,XGBoost_grid_1_AutoML_2_20260420_200107_model_4,cov_MULL_lag1,0.04019020212544997
2,1,0.2,XGBoost_grid_1_AutoML_2_20260420_200107_model_4,cov_LUFL_lag1,0.07771291501820084
2,1,0.2,XGBoost_grid_1_AutoML_2_20260420_200107_model_4,cov_LULL_lag1,0.06536887837108221
2,1,0.2,XGBoost_grid_1_AutoML_2_20260420_200107_model_4,cov_OT_lag1,0.08404775845585387
2,1,0.2,XGBoost_grid_1_AutoML_2_20260420_200107_model_4,hour_lag1,0.628097634613514
2,1,0.2,XGBoost_grid_1_AutoML_2_20260420_200107_model_4,day_of_week_lag1,0.03912408719887022
2,1,0.2,XGBoost_grid_1_AutoML_2_20260420_200107_model_4,month_lag1,0.04964216728578316
2,1,0.2,XGBoost_grid_1_AutoML_2_20260420_200107_model_4,month_sin,0.03694327165663703
2,1,0.2,XGBoost_grid_1_AutoML_2_20260420_200107_model_4,month_cos,0.02696178082842376
2,1,0.2,XGBoost_grid_1_AutoML_2_20260420_200107_model_4,year,0.15163833279162642
2,1,0.2,GBM_5_AutoML_2_20260420_200107,target_lag1,3.0873042406141757
2,1,0.2,GBM_5_AutoML_2_20260420_200107,target_lag2,0.8477951389923691
2,1,0.2,GBM_5_AutoML_2_20260420_200107,target_lag3,0.14028134016436522
2,1,0.2,GBM_5_AutoML_2_20260420_200107,target_lag4,0.2115069692954421
2,1,0.2,GBM_5_AutoML_2_20260420_200107,target_lag5,0.057632124759256796
2,1,0.2,GBM_5_AutoML_2_20260420_200107,target_lag6,0.13027494213951282
2,1,0.2,GBM_5_AutoML_2_20260420_200107,cov_HULL_lag1,0.05498499790614002
2,1,0.2,GBM_5_AutoML_2_20260420_200107,cov_MUFL_lag1,1.6845929290354251
2,1,0.2,GBM_5_AutoML_2_20260420_200107,cov_MULL_lag1,0.044926355655770696
2,1,0.2,GBM_5_AutoML_2_20260420_200107,cov_LUFL_lag1,0.07771572426892813
2,1,0.2,GBM_5_AutoML_2_20260420_200107,cov_LULL_lag1,0.028108716476708605
2,1,0.2,GBM_5_AutoML_2_20260420_200107,cov_OT_lag1,0.03975343166704984
2,1,0.2,GBM_5_AutoML_2_20260420_200107,hour_lag1,0.5220809513988206
2,1,0.2,GBM_5_AutoML_2_20260420_200107,day_of_week_lag1,0.00893909818638344
2,1,0.2,GBM_5_AutoML_2_20260420_200107,month_lag1,0.04952507397625591
2,1,0.2,GBM_5_AutoML_2_20260420_200107,month_sin,0.004612226019380565
2,1,0.2,GBM_5_AutoML_2_20260420_200107,month_cos,0.009825344535420256
2,1,0.2,GBM_5_AutoML_2_20260420_200107,year,0.20763807989656924
2,1,0.2,XGBoost_grid_1_AutoML_2_20260420_200107_model_6,target_lag1,1.6090892019681633
2,1,0.2,XGBoost_grid_1_AutoML_2_20260420_200107_model_6,target_lag2,1.3182404582202434
2,1,0.2,XGBoost_grid_1_AutoML_2_20260420_200107_model_6,target_lag3,1.791030792593956
2,1,0.2,XGBoost_grid_1_AutoML_2_20260420_200107_model_6,target_lag4,0.11088591420790177
2,1,0.2,XGBoost_grid_1_AutoML_2_20260420_200107_model_6,target_lag5,0.18476603522896762
2,1,0.2,XGBoost_grid_1_AutoML_2_20260420_200107_model_6,target_lag6,0.13707555418368425
2,1,0.2,XGBoost_grid_1_AutoML_2_20260420_200107_model_6,cov_HULL_lag1,0.08394223502138626
2,1,0.2,XGBoost_grid_1_AutoML_2_20260420_200107_model_6,cov_MUFL_lag1,1.4620176683180035
2,1,0.2,XGBoost_grid_1_AutoML_2_20260420_200107_model_6,cov_MULL_lag1,0.11827872478170316
2,1,0.2,XGBoost_grid_1_AutoML_2_20260420_200107_model_6,cov_LUFL_lag1,0.20706550506874918
2,1,0.2,XGBoost_grid_1_AutoML_2_20260420_200107_model_6,cov_LULL_lag1,0.06192507387604561
2,1,0.2,XGBoost_grid_1_AutoML_2_20260420_200107_model_6,cov_OT_lag1,0.10046745641157027
2,1,0.2,XGBoost_grid_1_AutoML_2_20260420_200107_model_6,hour_lag1,0.6470314630120992
2,1,0.2,XGBoost_grid_1_AutoML_2_20260420_200107_model_6,day_of_week_lag1,0.03860567685856944
2,1,0.2,XGBoost_grid_1_AutoML_2_20260420_200107_model_6,month_lag1,0.08935287513595537
2,1,0.2,XGBoost_grid_1_AutoML_2_20260420_200107_model_6,month_sin,0.028271063599968286
2,1,0.2,XGBoost_grid_1_AutoML_2_20260420_200107_model_6,month_cos,0.035417297390522386
2,1,0.2,XGBoost_grid_1_AutoML_2_20260420_200107_model_6,year,0.2494158399477601
2,1,0.2,GLM_1_AutoML_2_20260420_200107,target_lag1,4.0502327055063185
2,1,0.2,GLM_1_AutoML_2_20260420_200107,target_lag2,1.6091218908875857
2,1,0.2,GLM_1_AutoML_2_20260420_200107,target_lag3,0.6003533271325492
2,1,0.2,GLM_1_AutoML_2_20260420_200107,target_lag4,0.16668102134525345
2,1,0.2,GLM_1_AutoML_2_20260420_200107,target_lag5,0.33104335754430797
2,1,0.2,GLM_1_AutoML_2_20260420_200107,target_lag6,0.7500033386904265
2,1,0.2,GLM_1_AutoML_2_20260420_200107,cov_HULL_lag1,0.14457857256289816
2,1,0.2,GLM_1_AutoML_2_20260420_200107,cov_MUFL_lag1,1.0472853955361021
2,1,0.2,GLM_1_AutoML_2_20260420_200107,cov_MULL_lag1,0.1597860424424435
2,1,0.2,GLM_1_AutoML_2_20260420_200107,cov_LUFL_lag1,0.00594726190703691
2,1,0.2,GLM_1_AutoML_2_20260420_200107,cov_LULL_lag1,0.02627636079724785
2,1,0.2,GLM_1_AutoML_2_20260420_200107,cov_OT_lag1,0.12321448057811303
2,1,0.2,GLM_1_AutoML_2_20260420_200107,hour_lag1,0.1816671567027019
2,1,0.2,GLM_1_AutoML_2_20260420_200107,day_of_week_lag1,0.0019405980720422899
2,1,0.2,GLM_1_AutoML_2_20260420_200107,month_lag1,0.03085792588566028
2,1,0.2,GLM_1_AutoML_2_20260420_200107,month_sin,0.004228709767785591
2,1,0.2,GLM_1_AutoML_2_20260420_200107,month_cos,0.0038110784331483265
2,1,0.2,GLM_1_AutoML_2_20260420_200107,year,0.18756687910528158
2,1,0.2,XGBoost_1_AutoML_2_20260420_200107,target_lag1,3.3643069633841516
2,1,0.2,XGBoost_1_AutoML_2_20260420_200107,target_lag2,0.4308926444686949
2,1,0.2,XGBoost_1_AutoML_2_20260420_200107,target_lag3,0.23145514571340756
2,1,0.2,XGBoost_1_AutoML_2_20260420_200107,target_lag4,0.10913037593942132
2,1,0.2,XGBoost_1_AutoML_2_20260420_200107,target_lag5,0.11356152763590213
2,1,0.2,XGBoost_1_AutoML_2_20260420_200107,target_lag6,0.14613221991807218
2,1,0.2,XGBoost_1_AutoML_2_20260420_200107,cov_HULL_lag1,0.08348616464063521
2,1,0.2,XGBoost_1_AutoML_2_20260420_200107,cov_MUFL_lag1,2.183708268404007
2,1,0.2,XGBoost_1_AutoML_2_20260420_200107,cov_MULL_lag1,0.07115326106344579
2,1,0.2,XGBoost_1_AutoML_2_20260420_200107,cov_LUFL_lag1,0.09183503269392528
2,1,0.2,XGBoost_1_AutoML_2_20260420_200107,cov_LULL_lag1,0.06971122763003218
2,1,0.2,XGBoost_1_AutoML_2_20260420_200107,cov_OT_lag1,0.11097406787564974
2,1,0.2,XGBoost_1_AutoML_2_20260420_200107,hour_lag1,0.5849674687907099
2,1,0.2,XGBoost_1_AutoML_2_20260420_200107,day_of_week_lag1,0.039031843700213315
2,1,0.2,XGBoost_1_AutoML_2_20260420_200107,month_lag1,0.05470468466606685
2,1,0.2,XGBoost_1_AutoML_2_20260420_200107,month_sin,0.0338013056106865
2,1,0.2,XGBoost_1_AutoML_2_20260420_200107,month_cos,0.028031727450434075
2,1,0.2,XGBoost_1_AutoML_2_20260420_200107,year,0.22132292355177924
2,1,0.2,XGBoost_grid_1_AutoML_2_20260420_200107_model_1,target_lag1,2.139044494777918
2,1,0.2,XGBoost_grid_1_AutoML_2_20260420_200107_model_1,target_lag2,1.286826259046793
2,1,0.2,XGBoost_grid_1_AutoML_2_20260420_200107_model_1,target_lag3,0.31188375217840075
2,1,0.2,XGBoost_grid_1_AutoML_2_20260420_200107_model_1,target_lag4,0.07753908801125359
2,1,0.2,XGBoost_grid_1_AutoML_2_20260420_200107_model_1,target_lag5,0.07619125345081552
2,1,0.2,XGBoost_grid_1_AutoML_2_20260420_200107_model_1,target_lag6,0.22137159638106824
2,1,0.2,XGBoost_grid_1_AutoML_2_20260420_200107_model_1,cov_HULL_lag1,0.06361725496826688
2,1,0.2,XGBoost_grid_1_AutoML_2_20260420_200107_model_1,cov_MUFL_lag1,2.3684345263242723
2,1,0.2,XGBoost_grid_1_AutoML_2_20260420_200107_model_1,cov_MULL_lag1,0.0933019228186458
2,1,0.2,XGBoost_grid_1_AutoML_2_20260420_200107_model_1,cov_LUFL_lag1,0.13314879802521315
2,1,0.2,XGBoost_grid_1_AutoML_2_20260420_200107_model_1,cov_LULL_lag1,0.06055339209735389
2,1,0.2,XGBoost_grid_1_AutoML_2_20260420_200107_model_1,cov_OT_lag1,0.06900289013166908
2,1,0.2,XGBoost_grid_1_AutoML_2_20260420_200107_model_1,hour_lag1,0.6431951286830008
2,1,0.2,XGBoost_grid_1_AutoML_2_20260420_200107_model_1,day_of_week_lag1,0.03718064674805641
2,1,0.2,XGBoost_grid_1_AutoML_2_20260420_200107_model_1,month_lag1,0.1059319483558647
2,1,0.2,XGBoost_grid_1_AutoML_2_20260420_200107_model_1,month_sin,0.040330177079886155
2,1,0.2,XGBoost_grid_1_AutoML_2_20260420_200107_model_1,month_cos,0.03106242886107789
2,1,0.2,XGBoost_grid_1_AutoML_2_20260420_200107_model_1,year,0.15601555522065605
2,1,0.2,XGBoost_grid_1_AutoML_2_20260420_200107_model_3,target_lag1,3.707564834803343
2,1,0.2,XGBoost_grid_1_AutoML_2_20260420_200107_model_3,target_lag2,0.4441694076731801
2,1,0.2,XGBoost_grid_1_AutoML_2_20260420_200107_model_3,target_lag3,0.20641652056481688
2,1,0.2,XGBoost_grid_1_AutoML_2_20260420_200107_model_3,target_lag4,0.0636406310391612
2,1,0.2,XGBoost_grid_1_AutoML_2_20260420_200107_model_3,target_lag5,0.14283734209137036
2,1,0.2,XGBoost_grid_1_AutoML_2_20260420_200107_model_3,target_lag6,0.1741828509420156
2,1,0.2,XGBoost_grid_1_AutoML_2_20260420_200107_model_3,cov_HULL_lag1,0.060561161851510364
2,1,0.2,XGBoost_grid_1_AutoML_2_20260420_200107_model_3,cov_MUFL_lag1,1.476842253981158
2,1,0.2,XGBoost_grid_1_AutoML_2_20260420_200107_model_3,cov_MULL_lag1,0.08244995980756353
2,1,0.2,XGBoost_grid_1_AutoML_2_20260420_200107_model_3,cov_LUFL_lag1,0.0846397351834457
2,1,0.2,XGBoost_grid_1_AutoML_2_20260420_200107_model_3,cov_LULL_lag1,0.028879320956766562
2,1,0.2,XGBoost_grid_1_AutoML_2_20260420_200107_model_3,cov_OT_lag1,0.07783423485234374
2,1,0.2,XGBoost_grid_1_AutoML_2_20260420_200107_model_3,hour_lag1,0.6093362522521056
2,1,0.2,XGBoost_grid_1_AutoML_2_20260420_200107_model_3,day_of_week_lag1,0.02308519742218773
2,1,0.2,XGBoost_grid_1_AutoML_2_20260420_200107_model_3,month_lag1,0.1329610024951398
2,1,0.2,XGBoost_grid_1_AutoML_2_20260420_200107_model_3,month_sin,0.0242028758488595
2,1,0.2,XGBoost_grid_1_AutoML_2_20260420_200107_model_3,month_cos,0.017239584212657023
2,1,0.2,XGBoost_grid_1_AutoML_2_20260420_200107_model_3,year,0.33248269524425267
2,1,0.3,GBM_1_AutoML_2_20260420_200107,target_lag1,3.469861578643322
2,1,0.3,GBM_1_AutoML_2_20260420_200107,target_lag2,0.7071504284441471
2,1,0.3,GBM_1_AutoML_2_20260420_200107,target_lag3,0.25032285052391673
2,1,0.3,GBM_1_AutoML_2_20260420_200107,target_lag4,0.05674204492010173
2,1,0.3,GBM_1_AutoML_2_20260420_200107,target_lag5,0.06845244032912884
2,1,0.3,GBM_1_AutoML_2_20260420_200107,target_lag6,0.07087199503090229
2,1,0.3,GBM_1_AutoML_2_20260420_200107,cov_HULL_lag1,0.04608465213925224
2,1,0.3,GBM_1_AutoML_2_20260420_200107,cov_MUFL_lag1,1.5753162208013236
2,1,0.3,GBM_1_AutoML_2_20260420_200107,cov_MULL_lag1,0.03312067862483668
2,1,0.3,GBM_1_AutoML_2_20260420_200107,cov_LUFL_lag1,0.07265911226335443
2,1,0.3,GBM_1_AutoML_2_20260420_200107,cov_LULL_lag1,0.030191883616498626
2,1,0.3,GBM_1_AutoML_2_20260420_200107,cov_OT_lag1,0.05402814519009549
2,1,0.3,GBM_1_AutoML_2_20260420_200107,hour_lag1,0.547548979818821
2,1,0.3,GBM_1_AutoML_2_20260420_200107,day_of_week_lag1,0.018084965553425675
2,1,0.3,GBM_1_AutoML_2_20260420_200107,month_lag1,0.06618233354645778
2,1,0.3,GBM_1_AutoML_2_20260420_200107,month_sin,0.015201176487607847
2,1,0.3,GBM_1_AutoML_2_20260420_200107,month_cos,0.018981816971790938
2,1,0.3,GBM_1_AutoML_2_20260420_200107,year,0.10795843355357643
2,1,0.3,GBM_2_AutoML_2_20260420_200107,target_lag1,2.7731983669102194
2,1,0.3,GBM_2_AutoML_2_20260420_200107,target_lag2,0.9624083859467646
2,1,0.3,GBM_2_AutoML_2_20260420_200107,target_lag3,0.203963193167001
2,1,0.3,GBM_2_AutoML_2_20260420_200107,target_lag4,0.05866665547247971
2,1,0.3,GBM_2_AutoML_2_20260420_200107,target_lag5,0.07930621918116226
2,1,0.3,GBM_2_AutoML_2_20260420_200107,target_lag6,0.09681979295390189
2,1,0.3,GBM_2_AutoML_2_20260420_200107,cov_HULL_lag1,0.03611958064837377
2,1,0.3,GBM_2_AutoML_2_20260420_200107,cov_MUFL_lag1,2.035605549393222
2,1,0.3,GBM_2_AutoML_2_20260420_200107,cov_MULL_lag1,0.050977575538709026
2,1,0.3,GBM_2_AutoML_2_20260420_200107,cov_LUFL_lag1,0.10387125361477953
2,1,0.3,GBM_2_AutoML_2_20260420_200107,cov_LULL_lag1,0.026863122445065488
2,1,0.3,GBM_2_AutoML_2_20260420_200107,cov_OT_lag1,0.04282730747479941
2,1,0.3,GBM_2_AutoML_2_20260420_200107,hour_lag1,0.5759246927499772
2,1,0.3,GBM_2_AutoML_2_20260420_200107,day_of_week_lag1,0.00921970473078541
2,1,0.3,GBM_2_AutoML_2_20260420_200107,month_lag1,0.055687851724214796
2,1,0.3,GBM_2_AutoML_2_20260420_200107,month_sin,0.009781530711988996
2,1,0.3,GBM_2_AutoML_2_20260420_200107,month_cos,0.01172210409276882
2,1,0.3,GBM_2_AutoML_2_20260420_200107,year,0.14481234470964405
2,1,0.3,GBM_grid_1_AutoML_2_20260420_200107_model_2,target_lag1,3.1878337693214416
2,1,0.3,GBM_grid_1_AutoML_2_20260420_200107_model_2,target_lag2,0.9698916873335839
2,1,0.3,GBM_grid_1_AutoML_2_20260420_200107_model_2,target_lag3,0.41037109626457097
2,1,0.3,GBM_grid_1_AutoML_2_20260420_200107_model_2,target_lag4,0.04832707832101727
2,1,0.3,GBM_grid_1_AutoML_2_20260420_200107_model_2,target_lag5,0.039942384343594275
2,1,0.3,GBM_grid_1_AutoML_2_20260420_200107_model_2,target_lag6,0.05478940408327613
2,1,0.3,GBM_grid_1_AutoML_2_20260420_200107_model_2,cov_HULL_lag1,0.006544117701705512
2,1,0.3,GBM_grid_1_AutoML_2_20260420_200107_model_2,cov_MUFL_lag1,1.430524472296238
2,1,0.3,GBM_grid_1_AutoML_2_20260420_200107_model_2,cov_MULL_lag1,0.04617407334502783
2,1,0.3,GBM_grid_1_AutoML_2_20260420_200107_model_2,cov_LUFL_lag1,0.12176721241325136
2,1,0.3,GBM_grid_1_AutoML_2_20260420_200107_model_2,cov_LULL_lag1,0.022679904212709472
2,1,0.3,GBM_grid_1_AutoML_2_20260420_200107_model_2,cov_OT_lag1,0.03463985344860698
2,1,0.3,GBM_grid_1_AutoML_2_20260420_200107_model_2,hour_lag1,0.5257513015251607
2,1,0.3,GBM_grid_1_AutoML_2_20260420_200107_model_2,day_of_week_lag1,7.326609738811385e-05
2,1,0.3,GBM_grid_1_AutoML_2_20260420_200107_model_2,month_lag1,0.047228250869084096
2,1,0.3,GBM_grid_1_AutoML_2_20260420_200107_model_2,month_sin,0.0013902345267706468
2,1,0.3,GBM_grid_1_AutoML_2_20260420_200107_model_2,month_cos,0.0008444122434593652
2,1,0.3,GBM_grid_1_AutoML_2_20260420_200107_model_2,year,0.07400401530787344
2,1,0.3,GBM_4_AutoML_2_20260420_200107,target_lag1,2.304449080005288
2,1,0.3,GBM_4_AutoML_2_20260420_200107,target_lag2,0.8448330910131335
2,1,0.3,GBM_4_AutoML_2_20260420_200107,target_lag3,0.15322414106689394
2,1,0.3,GBM_4_AutoML_2_20260420_200107,target_lag4,0.05935957070905712
2,1,0.3,GBM_4_AutoML_2_20260420_200107,target_lag5,0.07206881943100595
2,1,0.3,GBM_4_AutoML_2_20260420_200107,target_lag6,0.0772159764869138
2,1,0.3,GBM_4_AutoML_2_20260420_200107,cov_HULL_lag1,0.05338363037677478
2,1,0.3,GBM_4_AutoML_2_20260420_200107,cov_MUFL_lag1,2.7323324341501576
2,1,0.3,GBM_4_AutoML_2_20260420_200107,cov_MULL_lag1,0.05236845868872475
2,1,0.3,GBM_4_AutoML_2_20260420_200107,cov_LUFL_lag1,0.13205594956874844
2,1,0.3,GBM_4_AutoML_2_20260420_200107,cov_LULL_lag1,0.03629030970158051
2,1,0.3,GBM_4_AutoML_2_20260420_200107,cov_OT_lag1,0.05775474147172641
2,1,0.3,GBM_4_AutoML_2_20260420_200107,hour_lag1,0.5766023486107588
2,1,0.3,GBM_4_AutoML_2_20260420_200107,day_of_week_lag1,0.018580083849374155
2,1,0.3,GBM_4_AutoML_2_20260420_200107,month_lag1,0.05808215775585264
2,1,0.3,GBM_4_AutoML_2_20260420_200107,month_sin,0.01630625536199655
2,1,0.3,GBM_4_AutoML_2_20260420_200107,month_cos,0.0199883530309307
2,1,0.3,GBM_4_AutoML_2_20260420_200107,year,0.14081732220016416
2,1,0.3,DRF_1_AutoML_2_20260420_200107,target_lag1,2.2027795109152795
2,1,0.3,DRF_1_AutoML_2_20260420_200107,target_lag2,0.9486796264816075
2,1,0.3,DRF_1_AutoML_2_20260420_200107,target_lag3,0.8482155467569829
2,1,0.3,DRF_1_AutoML_2_20260420_200107,target_lag4,0.4779921537637711
2,1,0.3,DRF_1_AutoML_2_20260420_200107,target_lag5,0.2325789362937212
2,1,0.3,DRF_1_AutoML_2_20260420_200107,target_lag6,0.12792681313585486
2,1,0.3,DRF_1_AutoML_2_20260420_200107,cov_HULL_lag1,0.03987708189291875
2,1,0.3,DRF_1_AutoML_2_20260420_200107,cov_MUFL_lag1,2.146329018473625
2,1,0.3,DRF_1_AutoML_2_20260420_200107,cov_MULL_lag1,0.03063474675407629
2,1,0.3,DRF_1_AutoML_2_20260420_200107,cov_LUFL_lag1,0.08264002260752018
2,1,0.3,DRF_1_AutoML_2_20260420_200107,cov_LULL_lag1,0.022107481914572367
2,1,0.3,DRF_1_AutoML_2_20260420_200107,cov_OT_lag1,0.04003050600062119
2,1,0.3,DRF_1_AutoML_2_20260420_200107,hour_lag1,0.46195262966677547
2,1,0.3,DRF_1_AutoML_2_20260420_200107,day_of_week_lag1,0.01319645327981557
2,1,0.3,DRF_1_AutoML_2_20260420_200107,month_lag1,0.02140888632566198
2,1,0.3,DRF_1_AutoML_2_20260420_200107,month_sin,0.009894262631423718
2,1,0.3,DRF_1_AutoML_2_20260420_200107,month_cos,0.01049714927095915
2,1,0.3,DRF_1_AutoML_2_20260420_200107,year,0.09035770265618336
2,1,0.3,GBM_3_AutoML_2_20260420_200107,target_lag1,2.554972622692585
2,1,0.3,GBM_3_AutoML_2_20260420_200107,target_lag2,0.8524531066603959
2,1,0.3,GBM_3_AutoML_2_20260420_200107,target_lag3,0.2027338396036066
2,1,0.3,GBM_3_AutoML_2_20260420_200107,target_lag4,0.10510215145535763
2,1,0.3,GBM_3_AutoML_2_20260420_200107,target_lag5,0.041292189083178485
2,1,0.3,GBM_3_AutoML_2_20260420_200107,target_lag6,0.08519943577237424
2,1,0.3,GBM_3_AutoML_2_20260420_200107,cov_HULL_lag1,0.049299248610623146
2,1,0.3,GBM_3_AutoML_2_20260420_200107,cov_MUFL_lag1,2.395075203292072
2,1,0.3,GBM_3_AutoML_2_20260420_200107,cov_MULL_lag1,0.05095463452511462
2,1,0.3,GBM_3_AutoML_2_20260420_200107,cov_LUFL_lag1,0.07279403225402344
2,1,0.3,GBM_3_AutoML_2_20260420_200107,cov_LULL_lag1,0.028706605411134616
2,1,0.3,GBM_3_AutoML_2_20260420_200107,cov_OT_lag1,0.04807155553484332
2,1,0.3,GBM_3_AutoML_2_20260420_200107,hour_lag1,0.5855338246561587
2,1,0.3,GBM_3_AutoML_2_20260420_200107,day_of_week_lag1,0.013266920896421609
2,1,0.3,GBM_3_AutoML_2_20260420_200107,month_lag1,0.055832617664127566
2,1,0.3,GBM_3_AutoML_2_20260420_200107,month_sin,0.012888325075327839
2,1,0.3,GBM_3_AutoML_2_20260420_200107,month_cos,0.01256930508970977
2,1,0.3,GBM_3_AutoML_2_20260420_200107,year,0.10415631541050967
2,1,0.3,GBM_grid_1_AutoML_2_20260420_200107_model_3,target_lag1,2.1930763052403925
2,1,0.3,GBM_grid_1_AutoML_2_20260420_200107_model_3,target_lag2,1.1849434289056808
2,1,0.3,GBM_grid_1_AutoML_2_20260420_200107_model_3,target_lag3,0.48686130955815315
2,1,0.3,GBM_grid_1_AutoML_2_20260420_200107_model_3,target_lag4,0.5075488471984864
2,1,0.3,GBM_grid_1_AutoML_2_20260420_200107_model_3,target_lag5,0.10426543211564418
2,1,0.3,GBM_grid_1_AutoML_2_20260420_200107_model_3,target_lag6,0.33109928131103517
2,1,0.3,GBM_grid_1_AutoML_2_20260420_200107_model_3,cov_HULL_lag1,0.024822301241802007
2,1,0.3,GBM_grid_1_AutoML_2_20260420_200107_model_3,cov_MUFL_lag1,0.9508805909752845
2,1,0.3,GBM_grid_1_AutoML_2_20260420_200107_model_3,cov_MULL_lag1,0.0924727012403309
2,1,0.3,GBM_grid_1_AutoML_2_20260420_200107_model_3,cov_LUFL_lag1,0.18212145943194624
2,1,0.3,GBM_grid_1_AutoML_2_20260420_200107_model_3,cov_LULL_lag1,0.0350636988622136
2,1,0.3,GBM_grid_1_AutoML_2_20260420_200107_model_3,cov_OT_lag1,0.03818293582648034
2,1,0.3,GBM_grid_1_AutoML_2_20260420_200107_model_3,hour_lag1,0.4976165464706719
2,1,0.3,GBM_grid_1_AutoML_2_20260420_200107_model_3,day_of_week_lag1,0.009146579130901914
2,1,0.3,GBM_grid_1_AutoML_2_20260420_200107_model_3,month_lag1,0.06618959393352265
2,1,0.3,GBM_grid_1_AutoML_2_20260420_200107_model_3,month_sin,0.009760176138370262
2,1,0.3,GBM_grid_1_AutoML_2_20260420_200107_model_3,month_cos,0.007579516218684106
2,1,0.3,GBM_grid_1_AutoML_2_20260420_200107_model_3,year,0.11355366096482608
2,1,0.3,XRT_1_AutoML_2_20260420_200107,target_lag1,33.999209636747835
2,1,0.3,XRT_1_AutoML_2_20260420_200107,target_lag2,1.4530018536746503
2,1,0.3,XRT_1_AutoML_2_20260420_200107,target_lag3,0.4728854298591614
2,1,0.3,XRT_1_AutoML_2_20260420_200107,target_lag4,0.42950289100408556
2,1,0.3,XRT_1_AutoML_2_20260420_200107,target_lag5,0.2642125865072012
2,1,0.3,XRT_1_AutoML_2_20260420_200107,target_lag6,0.15783009777776894
2,1,0.3,XRT_1_AutoML_2_20260420_200107,cov_HULL_lag1,32.08425173156593
2,1,0.3,XRT_1_AutoML_2_20260420_200107,cov_MUFL_lag1,35.53237092971802
2,1,0.3,XRT_1_AutoML_2_20260420_200107,cov_MULL_lag1,0.03630819556303318
2,1,0.3,XRT_1_AutoML_2_20260420_200107,cov_LUFL_lag1,0.1534592547174543
2,1,0.3,XRT_1_AutoML_2_20260420_200107,cov_LULL_lag1,0.07007690606638786
2,1,0.3,XRT_1_AutoML_2_20260420_200107,cov_OT_lag1,0.0694885352083656
2,1,0.3,XRT_1_AutoML_2_20260420_200107,hour_lag1,1.9338724875822664
2,1,0.3,XRT_1_AutoML_2_20260420_200107,day_of_week_lag1,0.06340923389419909
2,1,0.3,XRT_1_AutoML_2_20260420_200107,month_lag1,0.07070638611243335
2,1,0.3,XRT_1_AutoML_2_20260420_200107,month_sin,0.2109765751403756
2,1,0.3,XRT_1_AutoML_2_20260420_200107,month_cos,1.9087607880285942
2,1,0.3,XRT_1_AutoML_2_20260420_200107,year,33.40158126032911
2,1,0.3,XGBoost_3_AutoML_2_20260420_200107,target_lag1,2.215771254897118
2,1,0.3,XGBoost_3_AutoML_2_20260420_200107,target_lag2,1.0557894820580258
2,1,0.3,XGBoost_3_AutoML_2_20260420_200107,target_lag3,0.13053980942815538
2,1,0.3,XGBoost_3_AutoML_2_20260420_200107,target_lag4,0.08201052383141355
2,1,0.3,XGBoost_3_AutoML_2_20260420_200107,target_lag5,0.10574460409581658
2,1,0.3,XGBoost_3_AutoML_2_20260420_200107,target_lag6,0.14597130441572514
2,1,0.3,XGBoost_3_AutoML_2_20260420_200107,cov_HULL_lag1,0.04731808153097514
2,1,0.3,XGBoost_3_AutoML_2_20260420_200107,cov_MUFL_lag1,2.5675203748047353
2,1,0.3,XGBoost_3_AutoML_2_20260420_200107,cov_MULL_lag1,0.05985863150330255
2,1,0.3,XGBoost_3_AutoML_2_20260420_200107,cov_LUFL_lag1,0.15125006528571244
2,1,0.3,XGBoost_3_AutoML_2_20260420_200107,cov_LULL_lag1,0.05887809136882421
2,1,0.3,XGBoost_3_AutoML_2_20260420_200107,cov_OT_lag1,0.06229438075330105
2,1,0.3,XGBoost_3_AutoML_2_20260420_200107,hour_lag1,0.5735047645866871
2,1,0.3,XGBoost_3_AutoML_2_20260420_200107,day_of_week_lag1,0.020202150302648034
2,1,0.3,XGBoost_3_AutoML_2_20260420_200107,month_lag1,0.0584767271764576
2,1,0.3,XGBoost_3_AutoML_2_20260420_200107,month_sin,0.013005154296988574
2,1,0.3,XGBoost_3_AutoML_2_20260420_200107,month_cos,0.013303619902289905
2,1,0.3,XGBoost_3_AutoML_2_20260420_200107,year,0.2494113308750093
2,1,0.3,XGBoost_grid_1_AutoML_2_20260420_200107_model_5,target_lag1,3.0671596773713827
2,1,0.3,XGBoost_grid_1_AutoML_2_20260420_200107_model_5,target_lag2,0.6589146710000933
2,1,0.3,XGBoost_grid_1_AutoML_2_20260420_200107_model_5,target_lag3,0.41297344751656057
2,1,0.3,XGBoost_grid_1_AutoML_2_20260420_200107_model_5,target_lag4,0.11150780742871572
2,1,0.3,XGBoost_grid_1_AutoML_2_20260420_200107_model_5,target_lag5,0.12801777277840298
2,1,0.3,XGBoost_grid_1_AutoML_2_20260420_200107_model_5,target_lag6,0.14527712190523742
2,1,0.3,XGBoost_grid_1_AutoML_2_20260420_200107_model_5,cov_HULL_lag1,0.08880727884359654
2,1,0.3,XGBoost_grid_1_AutoML_2_20260420_200107_model_5,cov_MUFL_lag1,1.8993181054806336
2,1,0.3,XGBoost_grid_1_AutoML_2_20260420_200107_model_5,cov_MULL_lag1,0.07736064240336413
2,1,0.3,XGBoost_grid_1_AutoML_2_20260420_200107_model_5,cov_LUFL_lag1,0.1708394449017942
2,1,0.3,XGBoost_grid_1_AutoML_2_20260420_200107_model_5,cov_LULL_lag1,0.05639136510668319
2,1,0.3,XGBoost_grid_1_AutoML_2_20260420_200107_model_5,cov_OT_lag1,0.10747132581192996
2,1,0.3,XGBoost_grid_1_AutoML_2_20260420_200107_model_5,hour_lag1,0.6073656387627124
2,1,0.3,XGBoost_grid_1_AutoML_2_20260420_200107_model_5,day_of_week_lag1,0.0377533792937174
2,1,0.3,XGBoost_grid_1_AutoML_2_20260420_200107_model_5,month_lag1,0.0774429710116237
2,1,0.3,XGBoost_grid_1_AutoML_2_20260420_200107_model_5,month_sin,0.03576307710132819
2,1,0.3,XGBoost_grid_1_AutoML_2_20260420_200107_model_5,month_cos,0.03426900203805412
2,1,0.3,XGBoost_grid_1_AutoML_2_20260420_200107_model_5,year,0.27123290580697357
2,1,0.3,GBM_grid_1_AutoML_2_20260420_200107_model_1,target_lag1,1.6942968174349518
2,1,0.3,GBM_grid_1_AutoML_2_20260420_200107_model_1,target_lag2,0.9087368708848953
2,1,0.3,GBM_grid_1_AutoML_2_20260420_200107_model_1,target_lag3,0.6924493934493512
2,1,0.3,GBM_grid_1_AutoML_2_20260420_200107_model_1,target_lag4,0.2554262314550579
2,1,0.3,GBM_grid_1_AutoML_2_20260420_200107_model_1,target_lag5,0.9210883420519531
2,1,0.3,GBM_grid_1_AutoML_2_20260420_200107_model_1,target_lag6,0.12036968730826626
2,1,0.3,GBM_grid_1_AutoML_2_20260420_200107_model_1,cov_HULL_lag1,0.09404988258960653
2,1,0.3,GBM_grid_1_AutoML_2_20260420_200107_model_1,cov_MUFL_lag1,1.2846705176681281
2,1,0.3,GBM_grid_1_AutoML_2_20260420_200107_model_1,cov_MULL_lag1,0.05739167691441249
2,1,0.3,GBM_grid_1_AutoML_2_20260420_200107_model_1,cov_LUFL_lag1,0.17135926941409707
2,1,0.3,GBM_grid_1_AutoML_2_20260420_200107_model_1,cov_LULL_lag1,0.060320058080833364
2,1,0.3,GBM_grid_1_AutoML_2_20260420_200107_model_1,cov_OT_lag1,0.05595724827726367
2,1,0.3,GBM_grid_1_AutoML_2_20260420_200107_model_1,hour_lag1,0.4587312580086291
2,1,0.3,GBM_grid_1_AutoML_2_20260420_200107_model_1,day_of_week_lag1,0.0355647301441058
2,1,0.3,GBM_grid_1_AutoML_2_20260420_200107_model_1,month_lag1,0.04237804615870113
2,1,0.3,GBM_grid_1_AutoML_2_20260420_200107_model_1,month_sin,0.02689474102655363
2,1,0.3,GBM_grid_1_AutoML_2_20260420_200107_model_1,month_cos,0.03754283682443197
2,1,0.3,GBM_grid_1_AutoML_2_20260420_200107_model_1,year,0.12576700850389894
2,1,0.3,XGBoost_grid_1_AutoML_2_20260420_200107_model_4,target_lag1,2.69163442873396
2,1,0.3,XGBoost_grid_1_AutoML_2_20260420_200107_model_4,target_lag2,0.5784306299872697
2,1,0.3,XGBoost_grid_1_AutoML_2_20260420_200107_model_4,target_lag3,0.17820781139191236
2,1,0.3,XGBoost_grid_1_AutoML_2_20260420_200107_model_4,target_lag4,0.09854414437897498
2,1,0.3,XGBoost_grid_1_AutoML_2_20260420_200107_model_4,target_lag5,0.08544006745330986
2,1,0.3,XGBoost_grid_1_AutoML_2_20260420_200107_model_4,target_lag6,0.1042722214199602
2,1,0.3,XGBoost_grid_1_AutoML_2_20260420_200107_model_4,cov_HULL_lag1,0.08333084234967825
2,1,0.3,XGBoost_grid_1_AutoML_2_20260420_200107_model_4,cov_MUFL_lag1,2.9327462524175645
2,1,0.3,XGBoost_grid_1_AutoML_2_20260420_200107_model_4,cov_MULL_lag1,0.04019020212544997
2,1,0.3,XGBoost_grid_1_AutoML_2_20260420_200107_model_4,cov_LUFL_lag1,0.07771291501820084
2,1,0.3,XGBoost_grid_1_AutoML_2_20260420_200107_model_4,cov_LULL_lag1,0.06536887837108221
2,1,0.3,XGBoost_grid_1_AutoML_2_20260420_200107_model_4,cov_OT_lag1,0.08404775845585387
2,1,0.3,XGBoost_grid_1_AutoML_2_20260420_200107_model_4,hour_lag1,0.628097634613514
2,1,0.3,XGBoost_grid_1_AutoML_2_20260420_200107_model_4,day_of_week_lag1,0.03912408719887022
2,1,0.3,XGBoost_grid_1_AutoML_2_20260420_200107_model_4,month_lag1,0.04964216728578316
2,1,0.3,XGBoost_grid_1_AutoML_2_20260420_200107_model_4,month_sin,0.03694327165663703
2,1,0.3,XGBoost_grid_1_AutoML_2_20260420_200107_model_4,month_cos,0.02696178082842376
2,1,0.3,XGBoost_grid_1_AutoML_2_20260420_200107_model_4,year,0.15163833279162642
2,1,0.3,GBM_5_AutoML_2_20260420_200107,target_lag1,3.0873042406141757
2,1,0.3,GBM_5_AutoML_2_20260420_200107,target_lag2,0.8477951389923691
2,1,0.3,GBM_5_AutoML_2_20260420_200107,target_lag3,0.14028134016436522
2,1,0.3,GBM_5_AutoML_2_20260420_200107,target_lag4,0.2115069692954421
2,1,0.3,GBM_5_AutoML_2_20260420_200107,target_lag5,0.057632124759256796
2,1,0.3,GBM_5_AutoML_2_20260420_200107,target_lag6,0.13027494213951282
2,1,0.3,GBM_5_AutoML_2_20260420_200107,cov_HULL_lag1,0.05498499790614002
2,1,0.3,GBM_5_AutoML_2_20260420_200107,cov_MUFL_lag1,1.6845929290354251
2,1,0.3,GBM_5_AutoML_2_20260420_200107,cov_MULL_lag1,0.044926355655770696
2,1,0.3,GBM_5_AutoML_2_20260420_200107,cov_LUFL_lag1,0.07771572426892813
2,1,0.3,GBM_5_AutoML_2_20260420_200107,cov_LULL_lag1,0.028108716476708605
2,1,0.3,GBM_5_AutoML_2_20260420_200107,cov_OT_lag1,0.03975343166704984
2,1,0.3,GBM_5_AutoML_2_20260420_200107,hour_lag1,0.5220809513988206
2,1,0.3,GBM_5_AutoML_2_20260420_200107,day_of_week_lag1,0.00893909818638344
2,1,0.3,GBM_5_AutoML_2_20260420_200107,month_lag1,0.04952507397625591
2,1,0.3,GBM_5_AutoML_2_20260420_200107,month_sin,0.004612226019380565
2,1,0.3,GBM_5_AutoML_2_20260420_200107,month_cos,0.009825344535420256
2,1,0.3,GBM_5_AutoML_2_20260420_200107,year,0.20763807989656924
2,1,0.3,XGBoost_grid_1_AutoML_2_20260420_200107_model_6,target_lag1,1.6090892019681633
2,1,0.3,XGBoost_grid_1_AutoML_2_20260420_200107_model_6,target_lag2,1.3182404582202434
2,1,0.3,XGBoost_grid_1_AutoML_2_20260420_200107_model_6,target_lag3,1.791030792593956
2,1,0.3,XGBoost_grid_1_AutoML_2_20260420_200107_model_6,target_lag4,0.11088591420790177
2,1,0.3,XGBoost_grid_1_AutoML_2_20260420_200107_model_6,target_lag5,0.18476603522896762
2,1,0.3,XGBoost_grid_1_AutoML_2_20260420_200107_model_6,target_lag6,0.13707555418368425
2,1,0.3,XGBoost_grid_1_AutoML_2_20260420_200107_model_6,cov_HULL_lag1,0.08394223502138626
2,1,0.3,XGBoost_grid_1_AutoML_2_20260420_200107_model_6,cov_MUFL_lag1,1.4620176683180035
2,1,0.3,XGBoost_grid_1_AutoML_2_20260420_200107_model_6,cov_MULL_lag1,0.11827872478170316
2,1,0.3,XGBoost_grid_1_AutoML_2_20260420_200107_model_6,cov_LUFL_lag1,0.20706550506874918
2,1,0.3,XGBoost_grid_1_AutoML_2_20260420_200107_model_6,cov_LULL_lag1,0.06192507387604561
2,1,0.3,XGBoost_grid_1_AutoML_2_20260420_200107_model_6,cov_OT_lag1,0.10046745641157027
2,1,0.3,XGBoost_grid_1_AutoML_2_20260420_200107_model_6,hour_lag1,0.6470314630120992
2,1,0.3,XGBoost_grid_1_AutoML_2_20260420_200107_model_6,day_of_week_lag1,0.03860567685856944
2,1,0.3,XGBoost_grid_1_AutoML_2_20260420_200107_model_6,month_lag1,0.08935287513595537
2,1,0.3,XGBoost_grid_1_AutoML_2_20260420_200107_model_6,month_sin,0.028271063599968286
2,1,0.3,XGBoost_grid_1_AutoML_2_20260420_200107_model_6,month_cos,0.035417297390522386
2,1,0.3,XGBoost_grid_1_AutoML_2_20260420_200107_model_6,year,0.2494158399477601
2,1,0.3,GLM_1_AutoML_2_20260420_200107,target_lag1,4.0502327055063185
2,1,0.3,GLM_1_AutoML_2_20260420_200107,target_lag2,1.6091218908875857
2,1,0.3,GLM_1_AutoML_2_20260420_200107,target_lag3,0.6003533271325492
2,1,0.3,GLM_1_AutoML_2_20260420_200107,target_lag4,0.16668102134525345
2,1,0.3,GLM_1_AutoML_2_20260420_200107,target_lag5,0.33104335754430797
2,1,0.3,GLM_1_AutoML_2_20260420_200107,target_lag6,0.7500033386904265
2,1,0.3,GLM_1_AutoML_2_20260420_200107,cov_HULL_lag1,0.14457857256289816
2,1,0.3,GLM_1_AutoML_2_20260420_200107,cov_MUFL_lag1,1.0472853955361021
2,1,0.3,GLM_1_AutoML_2_20260420_200107,cov_MULL_lag1,0.1597860424424435
2,1,0.3,GLM_1_AutoML_2_20260420_200107,cov_LUFL_lag1,0.00594726190703691
2,1,0.3,GLM_1_AutoML_2_20260420_200107,cov_LULL_lag1,0.02627636079724785
2,1,0.3,GLM_1_AutoML_2_20260420_200107,cov_OT_lag1,0.12321448057811303
2,1,0.3,GLM_1_AutoML_2_20260420_200107,hour_lag1,0.1816671567027019
2,1,0.3,GLM_1_AutoML_2_20260420_200107,day_of_week_lag1,0.0019405980720422899
2,1,0.3,GLM_1_AutoML_2_20260420_200107,month_lag1,0.03085792588566028
2,1,0.3,GLM_1_AutoML_2_20260420_200107,month_sin,0.004228709767785591
2,1,0.3,GLM_1_AutoML_2_20260420_200107,month_cos,0.0038110784331483265
2,1,0.3,GLM_1_AutoML_2_20260420_200107,year,0.18756687910528158
2,1,0.3,XGBoost_1_AutoML_2_20260420_200107,target_lag1,3.3643069633841516
2,1,0.3,XGBoost_1_AutoML_2_20260420_200107,target_lag2,0.4308926444686949
2,1,0.3,XGBoost_1_AutoML_2_20260420_200107,target_lag3,0.23145514571340756
2,1,0.3,XGBoost_1_AutoML_2_20260420_200107,target_lag4,0.10913037593942132
2,1,0.3,XGBoost_1_AutoML_2_20260420_200107,target_lag5,0.11356152763590213
2,1,0.3,XGBoost_1_AutoML_2_20260420_200107,target_lag6,0.14613221991807218
2,1,0.3,XGBoost_1_AutoML_2_20260420_200107,cov_HULL_lag1,0.08348616464063521
2,1,0.3,XGBoost_1_AutoML_2_20260420_200107,cov_MUFL_lag1,2.183708268404007
2,1,0.3,XGBoost_1_AutoML_2_20260420_200107,cov_MULL_lag1,0.07115326106344579
2,1,0.3,XGBoost_1_AutoML_2_20260420_200107,cov_LUFL_lag1,0.09183503269392528
2,1,0.3,XGBoost_1_AutoML_2_20260420_200107,cov_LULL_lag1,0.06971122763003218
2,1,0.3,XGBoost_1_AutoML_2_20260420_200107,cov_OT_lag1,0.11097406787564974
2,1,0.3,XGBoost_1_AutoML_2_20260420_200107,hour_lag1,0.5849674687907099
2,1,0.3,XGBoost_1_AutoML_2_20260420_200107,day_of_week_lag1,0.039031843700213315
2,1,0.3,XGBoost_1_AutoML_2_20260420_200107,month_lag1,0.05470468466606685
2,1,0.3,XGBoost_1_AutoML_2_20260420_200107,month_sin,0.0338013056106865
2,1,0.3,XGBoost_1_AutoML_2_20260420_200107,month_cos,0.028031727450434075
2,1,0.3,XGBoost_1_AutoML_2_20260420_200107,year,0.22132292355177924
2,1,0.3,XGBoost_grid_1_AutoML_2_20260420_200107_model_1,target_lag1,2.139044494777918
2,1,0.3,XGBoost_grid_1_AutoML_2_20260420_200107_model_1,target_lag2,1.286826259046793
2,1,0.3,XGBoost_grid_1_AutoML_2_20260420_200107_model_1,target_lag3,0.31188375217840075
2,1,0.3,XGBoost_grid_1_AutoML_2_20260420_200107_model_1,target_lag4,0.07753908801125359
2,1,0.3,XGBoost_grid_1_AutoML_2_20260420_200107_model_1,target_lag5,0.07619125345081552
2,1,0.3,XGBoost_grid_1_AutoML_2_20260420_200107_model_1,target_lag6,0.22137159638106824
2,1,0.3,XGBoost_grid_1_AutoML_2_20260420_200107_model_1,cov_HULL_lag1,0.06361725496826688
2,1,0.3,XGBoost_grid_1_AutoML_2_20260420_200107_model_1,cov_MUFL_lag1,2.3684345263242723
2,1,0.3,XGBoost_grid_1_AutoML_2_20260420_200107_model_1,cov_MULL_lag1,0.0933019228186458
2,1,0.3,XGBoost_grid_1_AutoML_2_20260420_200107_model_1,cov_LUFL_lag1,0.13314879802521315
2,1,0.3,XGBoost_grid_1_AutoML_2_20260420_200107_model_1,cov_LULL_lag1,0.06055339209735389
2,1,0.3,XGBoost_grid_1_AutoML_2_20260420_200107_model_1,cov_OT_lag1,0.06900289013166908
2,1,0.3,XGBoost_grid_1_AutoML_2_20260420_200107_model_1,hour_lag1,0.6431951286830008
2,1,0.3,XGBoost_grid_1_AutoML_2_20260420_200107_model_1,day_of_week_lag1,0.03718064674805641
2,1,0.3,XGBoost_grid_1_AutoML_2_20260420_200107_model_1,month_lag1,0.1059319483558647
2,1,0.3,XGBoost_grid_1_AutoML_2_20260420_200107_model_1,month_sin,0.040330177079886155
2,1,0.3,XGBoost_grid_1_AutoML_2_20260420_200107_model_1,month_cos,0.03106242886107789
2,1,0.3,XGBoost_grid_1_AutoML_2_20260420_200107_model_1,year,0.15601555522065605
2,1,0.3,XGBoost_grid_1_AutoML_2_20260420_200107_model_3,target_lag1,3.707564834803343
2,1,0.3,XGBoost_grid_1_AutoML_2_20260420_200107_model_3,target_lag2,0.4441694076731801
2,1,0.3,XGBoost_grid_1_AutoML_2_20260420_200107_model_3,target_lag3,0.20641652056481688
2,1,0.3,XGBoost_grid_1_AutoML_2_20260420_200107_model_3,target_lag4,0.0636406310391612
2,1,0.3,XGBoost_grid_1_AutoML_2_20260420_200107_model_3,target_lag5,0.14283734209137036
2,1,0.3,XGBoost_grid_1_AutoML_2_20260420_200107_model_3,target_lag6,0.1741828509420156
2,1,0.3,XGBoost_grid_1_AutoML_2_20260420_200107_model_3,cov_HULL_lag1,0.060561161851510364
2,1,0.3,XGBoost_grid_1_AutoML_2_20260420_200107_model_3,cov_MUFL_lag1,1.476842253981158
2,1,0.3,XGBoost_grid_1_AutoML_2_20260420_200107_model_3,cov_MULL_lag1,0.08244995980756353
2,1,0.3,XGBoost_grid_1_AutoML_2_20260420_200107_model_3,cov_LUFL_lag1,0.0846397351834457
2,1,0.3,XGBoost_grid_1_AutoML_2_20260420_200107_model_3,cov_LULL_lag1,0.028879320956766562
2,1,0.3,XGBoost_grid_1_AutoML_2_20260420_200107_model_3,cov_OT_lag1,0.07783423485234374
2,1,0.3,XGBoost_grid_1_AutoML_2_20260420_200107_model_3,hour_lag1,0.6093362522521056
2,1,0.3,XGBoost_grid_1_AutoML_2_20260420_200107_model_3,day_of_week_lag1,0.02308519742218773
2,1,0.3,XGBoost_grid_1_AutoML_2_20260420_200107_model_3,month_lag1,0.1329610024951398
2,1,0.3,XGBoost_grid_1_AutoML_2_20260420_200107_model_3,month_sin,0.0242028758488595
2,1,0.3,XGBoost_grid_1_AutoML_2_20260420_200107_model_3,month_cos,0.017239584212657023
2,1,0.3,XGBoost_grid_1_AutoML_2_20260420_200107_model_3,year,0.33248269524425267
2,1,0.3,XGBoost_2_AutoML_2_20260420_200107,target_lag1,3.923924140557647
2,1,0.3,XGBoost_2_AutoML_2_20260420_200107,target_lag2,0.3286253682919778
2,1,0.3,XGBoost_2_AutoML_2_20260420_200107,target_lag3,0.24468111942987888
2,1,0.3,XGBoost_2_AutoML_2_20260420_200107,target_lag4,0.15783822690136728
2,1,0.3,XGBoost_2_AutoML_2_20260420_200107,target_lag5,0.12266358613036571
2,1,0.3,XGBoost_2_AutoML_2_20260420_200107,target_lag6,0.12875788500532506
2,1,0.3,XGBoost_2_AutoML_2_20260420_200107,cov_HULL_lag1,0.08415520382113752
2,1,0.3,XGBoost_2_AutoML_2_20260420_200107,cov_MUFL_lag1,1.5976639793161302
2,1,0.3,XGBoost_2_AutoML_2_20260420_200107,cov_MULL_lag1,0.13406447973102328
2,1,0.3,XGBoost_2_AutoML_2_20260420_200107,cov_LUFL_lag1,0.10767611397895958
2,1,0.3,XGBoost_2_AutoML_2_20260420_200107,cov_LULL_lag1,0.06687036835646717
2,1,0.3,XGBoost_2_AutoML_2_20260420_200107,cov_OT_lag1,0.12619566350243983
2,1,0.3,XGBoost_2_AutoML_2_20260420_200107,hour_lag1,0.588726778998971
2,1,0.3,XGBoost_2_AutoML_2_20260420_200107,day_of_week_lag1,0.022058230474794948
2,1,0.3,XGBoost_2_AutoML_2_20260420_200107,month_lag1,0.0942023087199777
2,1,0.3,XGBoost_2_AutoML_2_20260420_200107,month_sin,0.029948466316563963
2,1,0.3,XGBoost_2_AutoML_2_20260420_200107,month_cos,0.025575643972915674
2,1,0.3,XGBoost_2_AutoML_2_20260420_200107,year,0.24777692723087966
2,1,0.3,XGBoost_grid_1_AutoML_2_20260420_200107_model_2,target_lag1,3.3625398674607276
2,1,0.3,XGBoost_grid_1_AutoML_2_20260420_200107_model_2,target_lag2,0.8165419257432223
2,1,0.3,XGBoost_grid_1_AutoML_2_20260420_200107_model_2,target_lag3,0.45575078650377693
2,1,0.3,XGBoost_grid_1_AutoML_2_20260420_200107_model_2,target_lag4,0.22412677663378414
2,1,0.3,XGBoost_grid_1_AutoML_2_20260420_200107_model_2,target_lag5,0.12268714347762394
2,1,0.3,XGBoost_grid_1_AutoML_2_20260420_200107_model_2,target_lag6,0.11790930490475145
2,1,0.3,XGBoost_grid_1_AutoML_2_20260420_200107_model_2,cov_HULL_lag1,0.10196906043216583
2,1,0.3,XGBoost_grid_1_AutoML_2_20260420_200107_model_2,cov_MUFL_lag1,1.2317536003887652
2,1,0.3,XGBoost_grid_1_AutoML_2_20260420_200107_model_2,cov_MULL_lag1,0.05764894108287985
2,1,0.3,XGBoost_grid_1_AutoML_2_20260420_200107_model_2,cov_LUFL_lag1,0.13227596101845843
2,1,0.3,XGBoost_grid_1_AutoML_2_20260420_200107_model_2,cov_LULL_lag1,0.04863227820387689
2,1,0.3,XGBoost_grid_1_AutoML_2_20260420_200107_model_2,cov_OT_lag1,0.10874654610641298
2,1,0.3,XGBoost_grid_1_AutoML_2_20260420_200107_model_2,hour_lag1,0.5239985822141171
2,1,0.3,XGBoost_grid_1_AutoML_2_20260420_200107_model_2,day_of_week_lag1,0.030746065470157142
2,1,0.3,XGBoost_grid_1_AutoML_2_20260420_200107_model_2,month_lag1,0.06498369481647381
2,1,0.3,XGBoost_grid_1_AutoML_2_20260420_200107_model_2,month_sin,0.032241073575569275
2,1,0.3,XGBoost_grid_1_AutoML_2_20260420_200107_model_2,month_cos,0.03248087991320058
2,1,0.3,XGBoost_grid_1_AutoML_2_20260420_200107_model_2,year,0.20436733745969832
0,2,0.02,GBM_grid_1_AutoML_4_20260420_200853_model_1,target_lag1,1.876770369503647
0,2,0.02,GBM_grid_1_AutoML_4_20260420_200853_model_1,target_lag2,0.6115811095200478
0,2,0.02,GBM_grid_1_AutoML_4_20260420_200853_model_1,target_lag3,0.3602562428917736
0,2,0.02,GBM_grid_1_AutoML_4_20260420_200853_model_1,target_lag4,0.18614832105115056
0,2,0.02,GBM_grid_1_AutoML_4_20260420_200853_model_1,target_lag5,0.2537152837097528
0,2,0.02,GBM_grid_1_AutoML_4_20260420_200853_model_1,target_lag6,0.05430030653253192
0,2,0.02,GBM_grid_1_AutoML_4_20260420_200853_model_1,cov_HULL_lag1,0.07588935345411296
0,2,0.02,GBM_grid_1_AutoML_4_20260420_200853_model_1,cov_MUFL_lag1,1.226136434096843
0,2,0.02,GBM_grid_1_AutoML_4_20260420_200853_model_1,cov_MULL_lag1,0.08614310092525553
0,2,0.02,GBM_grid_1_AutoML_4_20260420_200853_model_1,cov_LUFL_lag1,0.13111552681773897
0,2,0.02,GBM_grid_1_AutoML_4_20260420_200853_model_1,cov_LULL_lag1,0.03264896593987937
0,2,0.02,GBM_grid_1_AutoML_4_20260420_200853_model_1,cov_OT_lag1,0.0543045796686783
0,2,0.02,GBM_grid_1_AutoML_4_20260420_200853_model_1,hour_lag1,0.3001654179999605
0,2,0.02,GBM_grid_1_AutoML_4_20260420_200853_model_1,day_of_week_lag1,0.030159869734197802
0,2,0.02,GBM_grid_1_AutoML_4_20260420_200853_model_1,month_lag1,0.028934274215716826
0,2,0.02,GBM_grid_1_AutoML_4_20260420_200853_model_1,month_sin,0.02401582241815045
0,2,0.02,GBM_grid_1_AutoML_4_20260420_200853_model_1,month_cos,0.02495361757202769
0,2,0.02,GBM_grid_1_AutoML_4_20260420_200853_model_1,year,0.1779532142821699
0,2,0.02,GBM_1_AutoML_4_20260420_200853,target_lag1,2.2746321139484644
0,2,0.02,GBM_1_AutoML_4_20260420_200853,target_lag2,0.6653714430332184
0,2,0.02,GBM_1_AutoML_4_20260420_200853,target_lag3,0.1950602210499346
0,2,0.02,GBM_1_AutoML_4_20260420_200853,target_lag4,0.03536619514226909
0,2,0.02,GBM_1_AutoML_4_20260420_200853,target_lag5,0.04726709357928481
0,2,0.02,GBM_1_AutoML_4_20260420_200853,target_lag6,0.051723548648878875
0,2,0.02,GBM_1_AutoML_4_20260420_200853,cov_HULL_lag1,0.12392900090664621
0,2,0.02,GBM_1_AutoML_4_20260420_200853,cov_MUFL_lag1,1.7034780982136726
0,2,0.02,GBM_1_AutoML_4_20260420_200853,cov_MULL_lag1,0.03819958317348205
0,2,0.02,GBM_1_AutoML_4_20260420_200853,cov_LUFL_lag1,0.08409735398367044
0,2,0.02,GBM_1_AutoML_4_20260420_200853,cov_LULL_lag1,0.01628436840837816
0,2,0.02,GBM_1_AutoML_4_20260420_200853,cov_OT_lag1,0.04523500202281862
0,2,0.02,GBM_1_AutoML_4_20260420_200853,hour_lag1,0.3029622430820018
0,2,0.02,GBM_1_AutoML_4_20260420_200853,day_of_week_lag1,0.021360371878836267
0,2,0.02,GBM_1_AutoML_4_20260420_200853,month_lag1,0.027060629225743423
0,2,0.02,GBM_1_AutoML_4_20260420_200853,month_sin,0.010251317286165386
0,2,0.02,GBM_1_AutoML_4_20260420_200853,month_cos,0.015846874985909337
0,2,0.02,GBM_1_AutoML_4_20260420_200853,year,0.1988676806539297
0,2,0.02,GBM_2_AutoML_4_20260420_200853,target_lag1,1.8663296648859977
0,2,0.02,GBM_2_AutoML_4_20260420_200853,target_lag2,0.6750792144145816
0,2,0.02,GBM_2_AutoML_4_20260420_200853,target_lag3,0.07874203019659032
0,2,0.02,GBM_2_AutoML_4_20260420_200853,target_lag4,0.05816070011351252
0,2,0.02,GBM_2_AutoML_4_20260420_200853,target_lag5,0.03442377799699894
0,2,0.02,GBM_2_AutoML_4_20260420_200853,target_lag6,0.0790371804439928
0,2,0.02,GBM_2_AutoML_4_20260420_200853,cov_HULL_lag1,0.05661122233839702
0,2,0.02,GBM_2_AutoML_4_20260420_200853,cov_MUFL_lag1,2.124245288968086
0,2,0.02,GBM_2_AutoML_4_20260420_200853,cov_MULL_lag1,0.07136697470443319
0,2,0.02,GBM_2_AutoML_4_20260420_200853,cov_LUFL_lag1,0.09561333199031648
0,2,0.02,GBM_2_AutoML_4_20260420_200853,cov_LULL_lag1,0.03230904132360588
0,2,0.02,GBM_2_AutoML_4_20260420_200853,cov_OT_lag1,0.04507583768572654
0,2,0.02,GBM_2_AutoML_4_20260420_200853,hour_lag1,0.3016667451057583
0,2,0.02,GBM_2_AutoML_4_20260420_200853,day_of_week_lag1,0.008386406692807167
0,2,0.02,GBM_2_AutoML_4_20260420_200853,month_lag1,0.04228630616882579
0,2,0.02,GBM_2_AutoML_4_20260420_200853,month_sin,0.017539697464089784
0,2,0.02,GBM_2_AutoML_4_20260420_200853,month_cos,0.01201645269757132
0,2,0.02,GBM_2_AutoML_4_20260420_200853,year,0.1538988638296723
0,2,0.02,XGBoost_3_AutoML_4_20260420_200853,target_lag1,2.050470299720764
0,2,0.02,XGBoost_3_AutoML_4_20260420_200853,target_lag2,0.34877825021743775
0,2,0.02,XGBoost_3_AutoML_4_20260420_200853,target_lag3,0.1694194562733173
0,2,0.02,XGBoost_3_AutoML_4_20260420_200853,target_lag4,0.09416643534786996
0,2,0.02,XGBoost_3_AutoML_4_20260420_200853,target_lag5,0.05561890179291364
0,2,0.02,XGBoost_3_AutoML_4_20260420_200853,target_lag6,0.081625606669113
0,2,0.02,XGBoost_3_AutoML_4_20260420_200853,cov_HULL_lag1,0.05137734782067124
0,2,0.02,XGBoost_3_AutoML_4_20260420_200853,cov_MUFL_lag1,2.242075793147087
0,2,0.02,XGBoost_3_AutoML_4_20260420_200853,cov_MULL_lag1,0.10307314715813842
0,2,0.02,XGBoost_3_AutoML_4_20260420_200853,cov_LUFL_lag1,0.18050705758854743
0,2,0.02,XGBoost_3_AutoML_4_20260420_200853,cov_LULL_lag1,0.034879071959294336
0,2,0.02,XGBoost_3_AutoML_4_20260420_200853,cov_OT_lag1,0.08166941989213222
0,2,0.02,XGBoost_3_AutoML_4_20260420_200853,hour_lag1,0.380301621472463
0,2,0.02,XGBoost_3_AutoML_4_20260420_200853,day_of_week_lag1,0.019768177884397983
0,2,0.02,XGBoost_3_AutoML_4_20260420_200853,month_lag1,0.027170559207443108
0,2,0.02,XGBoost_3_AutoML_4_20260420_200853,month_sin,0.017074747771948718
0,2,0.02,XGBoost_3_AutoML_4_20260420_200853,month_cos,0.01809327324852343
0,2,0.02,XGBoost_3_AutoML_4_20260420_200853,year,0.27387272983789446
0,2,0.02,GBM_3_AutoML_4_20260420_200853,target_lag1,1.7101920107752084
0,2,0.02,GBM_3_AutoML_4_20260420_200853,target_lag2,0.6809757186472416
0,2,0.02,GBM_3_AutoML_4_20260420_200853,target_lag3,0.07971026381361294
0,2,0.02,GBM_3_AutoML_4_20260420_200853,target_lag4,0.04148817277455233
0,2,0.02,GBM_3_AutoML_4_20260420_200853,target_lag5,0.0397238412359729
0,2,0.02,GBM_3_AutoML_4_20260420_200853,target_lag6,0.07404289954982227
0,2,0.02,GBM_3_AutoML_4_20260420_200853,cov_HULL_lag1,0.06006224260665473
0,2,0.02,GBM_3_AutoML_4_20260420_200853,cov_MUFL_lag1,2.3570970767736434
0,2,0.02,GBM_3_AutoML_4_20260420_200853,cov_MULL_lag1,0.06713462585234078
0,2,0.02,GBM_3_AutoML_4_20260420_200853,cov_LUFL_lag1,0.11744814381003377
0,2,0.02,GBM_3_AutoML_4_20260420_200853,cov_LULL_lag1,0.03237152528250586
0,2,0.02,GBM_3_AutoML_4_20260420_200853,cov_OT_lag1,0.052535497467615606
0,2,0.02,GBM_3_AutoML_4_20260420_200853,hour_lag1,0.32420856843702495
0,2,0.02,GBM_3_AutoML_4_20260420_200853,day_of_week_lag1,0.015918366007535902
0,2,0.02,GBM_3_AutoML_4_20260420_200853,month_lag1,0.027175629974808494
0,2,0.02,GBM_3_AutoML_4_20260420_200853,month_sin,0.0201192846269259
0,2,0.02,GBM_3_AutoML_4_20260420_200853,month_cos,0.015835927653242786
0,2,0.02,GBM_3_AutoML_4_20260420_200853,year,0.17985579475760458
0,2,0.02,XGBoost_grid_1_AutoML_4_20260420_200853_model_5,target_lag1,2.9536217372119427
0,2,0.02,XGBoost_grid_1_AutoML_4_20260420_200853_model_5,target_lag2,0.3368032197933644
0,2,0.02,XGBoost_grid_1_AutoML_4_20260420_200853_model_5,target_lag3,0.07263317802455271
0,2,0.02,XGBoost_grid_1_AutoML_4_20260420_200853_model_5,target_lag4,0.017972553441068115
0,2,0.02,XGBoost_grid_1_AutoML_4_20260420_200853_model_5,target_lag5,0.03316336859483268
0,2,0.02,XGBoost_grid_1_AutoML_4_20260420_200853_model_5,target_lag6,0.09118652009172362
0,2,0.02,XGBoost_grid_1_AutoML_4_20260420_200853_model_5,cov_HULL_lag1,0.09548587202094491
0,2,0.02,XGBoost_grid_1_AutoML_4_20260420_200853_model_5,cov_MUFL_lag1,1.2651785278320313
0,2,0.02,XGBoost_grid_1_AutoML_4_20260420_200853_model_5,cov_MULL_lag1,0.06371460493654008
0,2,0.02,XGBoost_grid_1_AutoML_4_20260420_200853_model_5,cov_LUFL_lag1,0.08397585376165803
0,2,0.02,XGBoost_grid_1_AutoML_4_20260420_200853_model_5,cov_LULL_lag1,0.007012341995723514
0,2,0.02,XGBoost_grid_1_AutoML_4_20260420_200853_model_5,cov_OT_lag1,0.03571844001999122
0,2,0.02,XGBoost_grid_1_AutoML_4_20260420_200853_model_5,hour_lag1,0.3386940640769899
0,2,0.02,XGBoost_grid_1_AutoML_4_20260420_200853_model_5,day_of_week_lag1,0.0
0,2,0.02,XGBoost_grid_1_AutoML_4_20260420_200853_model_5,month_lag1,0.03671402045991267
0,2,0.02,XGBoost_grid_1_AutoML_4_20260420_200853_model_5,month_sin,0.0032436695879732714
0,2,0.02,XGBoost_grid_1_AutoML_4_20260420_200853_model_5,month_cos,0.00067858360853279
0,2,0.02,XGBoost_grid_1_AutoML_4_20260420_200853_model_5,year,0.42414517015218733
0,2,0.02,GBM_4_AutoML_4_20260420_200853,target_lag1,2.291968103162944
0,2,0.02,GBM_4_AutoML_4_20260420_200853,target_lag2,0.3618866190686822
0,2,0.02,GBM_4_AutoML_4_20260420_200853,target_lag3,0.14492467604577536
0,2,0.02,GBM_4_AutoML_4_20260420_200853,target_lag4,0.04118314605671908
0,2,0.02,GBM_4_AutoML_4_20260420_200853,target_lag5,0.05356073154354813
0,2,0.02,GBM_4_AutoML_4_20260420_200853,target_lag6,0.06439348657033403
0,2,0.02,GBM_4_AutoML_4_20260420_200853,cov_HULL_lag1,0.09174463702365752
0,2,0.02,GBM_4_AutoML_4_20260420_200853,cov_MUFL_lag1,1.8419999131560325
0,2,0.02,GBM_4_AutoML_4_20260420_200853,cov_MULL_lag1,0.06499461451778185
0,2,0.02,GBM_4_AutoML_4_20260420_200853,cov_LUFL_lag1,0.08682753971312192
0,2,0.02,GBM_4_AutoML_4_20260420_200853,cov_LULL_lag1,0.034505078563233794
0,2,0.02,GBM_4_AutoML_4_20260420_200853,cov_OT_lag1,0.04888566560461182
0,2,0.02,GBM_4_AutoML_4_20260420_200853,hour_lag1,0.3698936678981408
0,2,0.02,GBM_4_AutoML_4_20260420_200853,day_of_week_lag1,0.017519400038872795
0,2,0.02,GBM_4_AutoML_4_20260420_200853,month_lag1,0.026786244234535798
0,2,0.02,GBM_4_AutoML_4_20260420_200853,month_sin,0.015509308810578612
0,2,0.02,GBM_4_AutoML_4_20260420_200853,month_cos,0.021654695931356355
0,2,0.02,GBM_4_AutoML_4_20260420_200853,year,0.22344926653429867
0,2,0.05,GBM_grid_1_AutoML_4_20260420_200853_model_1,target_lag1,1.876770369503647
0,2,0.05,GBM_grid_1_AutoML_4_20260420_200853_model_1,target_lag2,0.6115811095200478
0,2,0.05,GBM_grid_1_AutoML_4_20260420_200853_model_1,target_lag3,0.3602562428917736
0,2,0.05,GBM_grid_1_AutoML_4_20260420_200853_model_1,target_lag4,0.18614832105115056
0,2,0.05,GBM_grid_1_AutoML_4_20260420_200853_model_1,target_lag5,0.2537152837097528
0,2,0.05,GBM_grid_1_AutoML_4_20260420_200853_model_1,target_lag6,0.05430030653253192
0,2,0.05,GBM_grid_1_AutoML_4_20260420_200853_model_1,cov_HULL_lag1,0.07588935345411296
0,2,0.05,GBM_grid_1_AutoML_4_20260420_200853_model_1,cov_MUFL_lag1,1.226136434096843
0,2,0.05,GBM_grid_1_AutoML_4_20260420_200853_model_1,cov_MULL_lag1,0.08614310092525553
0,2,0.05,GBM_grid_1_AutoML_4_20260420_200853_model_1,cov_LUFL_lag1,0.13111552681773897
0,2,0.05,GBM_grid_1_AutoML_4_20260420_200853_model_1,cov_LULL_lag1,0.03264896593987937
0,2,0.05,GBM_grid_1_AutoML_4_20260420_200853_model_1,cov_OT_lag1,0.0543045796686783
0,2,0.05,GBM_grid_1_AutoML_4_20260420_200853_model_1,hour_lag1,0.3001654179999605
0,2,0.05,GBM_grid_1_AutoML_4_20260420_200853_model_1,day_of_week_lag1,0.030159869734197802
0,2,0.05,GBM_grid_1_AutoML_4_20260420_200853_model_1,month_lag1,0.028934274215716826
0,2,0.05,GBM_grid_1_AutoML_4_20260420_200853_model_1,month_sin,0.02401582241815045
0,2,0.05,GBM_grid_1_AutoML_4_20260420_200853_model_1,month_cos,0.02495361757202769
0,2,0.05,GBM_grid_1_AutoML_4_20260420_200853_model_1,year,0.1779532142821699
0,2,0.05,GBM_1_AutoML_4_20260420_200853,target_lag1,2.2746321139484644
0,2,0.05,GBM_1_AutoML_4_20260420_200853,target_lag2,0.6653714430332184
0,2,0.05,GBM_1_AutoML_4_20260420_200853,target_lag3,0.1950602210499346
0,2,0.05,GBM_1_AutoML_4_20260420_200853,target_lag4,0.03536619514226909
0,2,0.05,GBM_1_AutoML_4_20260420_200853,target_lag5,0.04726709357928481
0,2,0.05,GBM_1_AutoML_4_20260420_200853,target_lag6,0.051723548648878875
0,2,0.05,GBM_1_AutoML_4_20260420_200853,cov_HULL_lag1,0.12392900090664621
0,2,0.05,GBM_1_AutoML_4_20260420_200853,cov_MUFL_lag1,1.7034780982136726
0,2,0.05,GBM_1_AutoML_4_20260420_200853,cov_MULL_lag1,0.03819958317348205
0,2,0.05,GBM_1_AutoML_4_20260420_200853,cov_LUFL_lag1,0.08409735398367044
0,2,0.05,GBM_1_AutoML_4_20260420_200853,cov_LULL_lag1,0.01628436840837816
0,2,0.05,GBM_1_AutoML_4_20260420_200853,cov_OT_lag1,0.04523500202281862
0,2,0.05,GBM_1_AutoML_4_20260420_200853,hour_lag1,0.3029622430820018
0,2,0.05,GBM_1_AutoML_4_20260420_200853,day_of_week_lag1,0.021360371878836267
0,2,0.05,GBM_1_AutoML_4_20260420_200853,month_lag1,0.027060629225743423
0,2,0.05,GBM_1_AutoML_4_20260420_200853,month_sin,0.010251317286165386
0,2,0.05,GBM_1_AutoML_4_20260420_200853,month_cos,0.015846874985909337
0,2,0.05,GBM_1_AutoML_4_20260420_200853,year,0.1988676806539297
0,2,0.05,GBM_2_AutoML_4_20260420_200853,target_lag1,1.8663296648859977
0,2,0.05,GBM_2_AutoML_4_20260420_200853,target_lag2,0.6750792144145816
0,2,0.05,GBM_2_AutoML_4_20260420_200853,target_lag3,0.07874203019659032
0,2,0.05,GBM_2_AutoML_4_20260420_200853,target_lag4,0.05816070011351252
0,2,0.05,GBM_2_AutoML_4_20260420_200853,target_lag5,0.03442377799699894
0,2,0.05,GBM_2_AutoML_4_20260420_200853,target_lag6,0.0790371804439928
0,2,0.05,GBM_2_AutoML_4_20260420_200853,cov_HULL_lag1,0.05661122233839702
0,2,0.05,GBM_2_AutoML_4_20260420_200853,cov_MUFL_lag1,2.124245288968086
0,2,0.05,GBM_2_AutoML_4_20260420_200853,cov_MULL_lag1,0.07136697470443319
0,2,0.05,GBM_2_AutoML_4_20260420_200853,cov_LUFL_lag1,0.09561333199031648
0,2,0.05,GBM_2_AutoML_4_20260420_200853,cov_LULL_lag1,0.03230904132360588
0,2,0.05,GBM_2_AutoML_4_20260420_200853,cov_OT_lag1,0.04507583768572654
0,2,0.05,GBM_2_AutoML_4_20260420_200853,hour_lag1,0.3016667451057583
0,2,0.05,GBM_2_AutoML_4_20260420_200853,day_of_week_lag1,0.008386406692807167
0,2,0.05,GBM_2_AutoML_4_20260420_200853,month_lag1,0.04228630616882579
0,2,0.05,GBM_2_AutoML_4_20260420_200853,month_sin,0.017539697464089784
0,2,0.05,GBM_2_AutoML_4_20260420_200853,month_cos,0.01201645269757132
0,2,0.05,GBM_2_AutoML_4_20260420_200853,year,0.1538988638296723
0,2,0.05,XGBoost_3_AutoML_4_20260420_200853,target_lag1,2.050470299720764
0,2,0.05,XGBoost_3_AutoML_4_20260420_200853,target_lag2,0.34877825021743775
0,2,0.05,XGBoost_3_AutoML_4_20260420_200853,target_lag3,0.1694194562733173
0,2,0.05,XGBoost_3_AutoML_4_20260420_200853,target_lag4,0.09416643534786996
0,2,0.05,XGBoost_3_AutoML_4_20260420_200853,target_lag5,0.05561890179291364
0,2,0.05,XGBoost_3_AutoML_4_20260420_200853,target_lag6,0.081625606669113
0,2,0.05,XGBoost_3_AutoML_4_20260420_200853,cov_HULL_lag1,0.05137734782067124
0,2,0.05,XGBoost_3_AutoML_4_20260420_200853,cov_MUFL_lag1,2.242075793147087
0,2,0.05,XGBoost_3_AutoML_4_20260420_200853,cov_MULL_lag1,0.10307314715813842
0,2,0.05,XGBoost_3_AutoML_4_20260420_200853,cov_LUFL_lag1,0.18050705758854743
0,2,0.05,XGBoost_3_AutoML_4_20260420_200853,cov_LULL_lag1,0.034879071959294336
0,2,0.05,XGBoost_3_AutoML_4_20260420_200853,cov_OT_lag1,0.08166941989213222
0,2,0.05,XGBoost_3_AutoML_4_20260420_200853,hour_lag1,0.380301621472463
0,2,0.05,XGBoost_3_AutoML_4_20260420_200853,day_of_week_lag1,0.019768177884397983
0,2,0.05,XGBoost_3_AutoML_4_20260420_200853,month_lag1,0.027170559207443108
0,2,0.05,XGBoost_3_AutoML_4_20260420_200853,month_sin,0.017074747771948718
0,2,0.05,XGBoost_3_AutoML_4_20260420_200853,month_cos,0.01809327324852343
0,2,0.05,XGBoost_3_AutoML_4_20260420_200853,year,0.27387272983789446
0,2,0.05,GBM_3_AutoML_4_20260420_200853,target_lag1,1.7101920107752084
0,2,0.05,GBM_3_AutoML_4_20260420_200853,target_lag2,0.6809757186472416
0,2,0.05,GBM_3_AutoML_4_20260420_200853,target_lag3,0.07971026381361294
0,2,0.05,GBM_3_AutoML_4_20260420_200853,target_lag4,0.04148817277455233
0,2,0.05,GBM_3_AutoML_4_20260420_200853,target_lag5,0.0397238412359729
0,2,0.05,GBM_3_AutoML_4_20260420_200853,target_lag6,0.07404289954982227
0,2,0.05,GBM_3_AutoML_4_20260420_200853,cov_HULL_lag1,0.06006224260665473
0,2,0.05,GBM_3_AutoML_4_20260420_200853,cov_MUFL_lag1,2.3570970767736434
0,2,0.05,GBM_3_AutoML_4_20260420_200853,cov_MULL_lag1,0.06713462585234078
0,2,0.05,GBM_3_AutoML_4_20260420_200853,cov_LUFL_lag1,0.11744814381003377
0,2,0.05,GBM_3_AutoML_4_20260420_200853,cov_LULL_lag1,0.03237152528250586
0,2,0.05,GBM_3_AutoML_4_20260420_200853,cov_OT_lag1,0.052535497467615606
0,2,0.05,GBM_3_AutoML_4_20260420_200853,hour_lag1,0.32420856843702495
0,2,0.05,GBM_3_AutoML_4_20260420_200853,day_of_week_lag1,0.015918366007535902
0,2,0.05,GBM_3_AutoML_4_20260420_200853,month_lag1,0.027175629974808494
0,2,0.05,GBM_3_AutoML_4_20260420_200853,month_sin,0.0201192846269259
0,2,0.05,GBM_3_AutoML_4_20260420_200853,month_cos,0.015835927653242786
0,2,0.05,GBM_3_AutoML_4_20260420_200853,year,0.17985579475760458
0,2,0.05,XGBoost_grid_1_AutoML_4_20260420_200853_model_5,target_lag1,2.9536217372119427
0,2,0.05,XGBoost_grid_1_AutoML_4_20260420_200853_model_5,target_lag2,0.3368032197933644
0,2,0.05,XGBoost_grid_1_AutoML_4_20260420_200853_model_5,target_lag3,0.07263317802455271
0,2,0.05,XGBoost_grid_1_AutoML_4_20260420_200853_model_5,target_lag4,0.017972553441068115
0,2,0.05,XGBoost_grid_1_AutoML_4_20260420_200853_model_5,target_lag5,0.03316336859483268
0,2,0.05,XGBoost_grid_1_AutoML_4_20260420_200853_model_5,target_lag6,0.09118652009172362
0,2,0.05,XGBoost_grid_1_AutoML_4_20260420_200853_model_5,cov_HULL_lag1,0.09548587202094491
0,2,0.05,XGBoost_grid_1_AutoML_4_20260420_200853_model_5,cov_MUFL_lag1,1.2651785278320313
0,2,0.05,XGBoost_grid_1_AutoML_4_20260420_200853_model_5,cov_MULL_lag1,0.06371460493654008
0,2,0.05,XGBoost_grid_1_AutoML_4_20260420_200853_model_5,cov_LUFL_lag1,0.08397585376165803
0,2,0.05,XGBoost_grid_1_AutoML_4_20260420_200853_model_5,cov_LULL_lag1,0.007012341995723514
0,2,0.05,XGBoost_grid_1_AutoML_4_20260420_200853_model_5,cov_OT_lag1,0.03571844001999122
0,2,0.05,XGBoost_grid_1_AutoML_4_20260420_200853_model_5,hour_lag1,0.3386940640769899
0,2,0.05,XGBoost_grid_1_AutoML_4_20260420_200853_model_5,day_of_week_lag1,0.0
0,2,0.05,XGBoost_grid_1_AutoML_4_20260420_200853_model_5,month_lag1,0.03671402045991267
0,2,0.05,XGBoost_grid_1_AutoML_4_20260420_200853_model_5,month_sin,0.0032436695879732714
0,2,0.05,XGBoost_grid_1_AutoML_4_20260420_200853_model_5,month_cos,0.00067858360853279
0,2,0.05,XGBoost_grid_1_AutoML_4_20260420_200853_model_5,year,0.42414517015218733
0,2,0.05,GBM_4_AutoML_4_20260420_200853,target_lag1,2.291968103162944
0,2,0.05,GBM_4_AutoML_4_20260420_200853,target_lag2,0.3618866190686822
0,2,0.05,GBM_4_AutoML_4_20260420_200853,target_lag3,0.14492467604577536
0,2,0.05,GBM_4_AutoML_4_20260420_200853,target_lag4,0.04118314605671908
0,2,0.05,GBM_4_AutoML_4_20260420_200853,target_lag5,0.05356073154354813
0,2,0.05,GBM_4_AutoML_4_20260420_200853,target_lag6,0.06439348657033403
0,2,0.05,GBM_4_AutoML_4_20260420_200853,cov_HULL_lag1,0.09174463702365752
0,2,0.05,GBM_4_AutoML_4_20260420_200853,cov_MUFL_lag1,1.8419999131560325
0,2,0.05,GBM_4_AutoML_4_20260420_200853,cov_MULL_lag1,0.06499461451778185
0,2,0.05,GBM_4_AutoML_4_20260420_200853,cov_LUFL_lag1,0.08682753971312192
0,2,0.05,GBM_4_AutoML_4_20260420_200853,cov_LULL_lag1,0.034505078563233794
0,2,0.05,GBM_4_AutoML_4_20260420_200853,cov_OT_lag1,0.04888566560461182
0,2,0.05,GBM_4_AutoML_4_20260420_200853,hour_lag1,0.3698936678981408
0,2,0.05,GBM_4_AutoML_4_20260420_200853,day_of_week_lag1,0.017519400038872795
0,2,0.05,GBM_4_AutoML_4_20260420_200853,month_lag1,0.026786244234535798
0,2,0.05,GBM_4_AutoML_4_20260420_200853,month_sin,0.015509308810578612
0,2,0.05,GBM_4_AutoML_4_20260420_200853,month_cos,0.021654695931356355
0,2,0.05,GBM_4_AutoML_4_20260420_200853,year,0.22344926653429867
0,2,0.05,XRT_1_AutoML_4_20260420_200853,target_lag1,1.415983942914754
0,2,0.05,XRT_1_AutoML_4_20260420_200853,target_lag2,1.1113519428670406
0,2,0.05,XRT_1_AutoML_4_20260420_200853,target_lag3,0.6957625314593315
0,2,0.05,XRT_1_AutoML_4_20260420_200853,target_lag4,0.28646760046482084
0,2,0.05,XRT_1_AutoML_4_20260420_200853,target_lag5,0.16388231759890912
0,2,0.05,XRT_1_AutoML_4_20260420_200853,target_lag6,0.05924054749542844
0,2,0.05,XRT_1_AutoML_4_20260420_200853,cov_HULL_lag1,0.08118684233631936
0,2,0.05,XRT_1_AutoML_4_20260420_200853,cov_MUFL_lag1,1.5592706860043108
0,2,0.05,XRT_1_AutoML_4_20260420_200853,cov_MULL_lag1,0.08328040724038142
0,2,0.05,XRT_1_AutoML_4_20260420_200853,cov_LUFL_lag1,1.0728131781640695
0,2,0.05,XRT_1_AutoML_4_20260420_200853,cov_LULL_lag1,0.04221822718856851
0,2,0.05,XRT_1_AutoML_4_20260420_200853,cov_OT_lag1,0.04389294271153625
0,2,0.05,XRT_1_AutoML_4_20260420_200853,hour_lag1,0.2692551618814468
0,2,0.05,XRT_1_AutoML_4_20260420_200853,day_of_week_lag1,0.3625219586980529
0,2,0.05,XRT_1_AutoML_4_20260420_200853,month_lag1,0.08899357611313459
0,2,0.05,XRT_1_AutoML_4_20260420_200853,month_sin,0.022605429140239677
0,2,0.05,XRT_1_AutoML_4_20260420_200853,month_cos,0.022410956625826612
0,2,0.05,XRT_1_AutoML_4_20260420_200853,year,0.18407309535890815
0,2,0.05,GBM_grid_1_AutoML_4_20260420_200853_model_2,target_lag1,1.49286790659884
0,2,0.05,GBM_grid_1_AutoML_4_20260420_200853_model_2,target_lag2,0.656403519064188
0,2,0.05,GBM_grid_1_AutoML_4_20260420_200853_model_2,target_lag3,0.28374598305672405
0,2,0.05,GBM_grid_1_AutoML_4_20260420_200853_model_2,target_lag4,0.34602711064741015
0,2,0.05,GBM_grid_1_AutoML_4_20260420_200853_model_2,target_lag5,0.046140616308548446
0,2,0.05,GBM_grid_1_AutoML_4_20260420_200853_model_2,target_lag6,0.11942163884639735
0,2,0.05,GBM_grid_1_AutoML_4_20260420_200853_model_2,cov_HULL_lag1,0.11975868840236213
0,2,0.05,GBM_grid_1_AutoML_4_20260420_200853_model_2,cov_MUFL_lag1,1.8136878282390534
0,2,0.05,GBM_grid_1_AutoML_4_20260420_200853_model_2,cov_MULL_lag1,0.07054251514840866
0,2,0.05,GBM_grid_1_AutoML_4_20260420_200853_model_2,cov_LUFL_lag1,0.11111874138005075
0,2,0.05,GBM_grid_1_AutoML_4_20260420_200853_model_2,cov_LULL_lag1,0.0512048831954598
0,2,0.05,GBM_grid_1_AutoML_4_20260420_200853_model_2,cov_OT_lag1,0.045109245227504244
0,2,0.05,GBM_grid_1_AutoML_4_20260420_200853_model_2,hour_lag1,0.25167498230934143
0,2,0.05,GBM_grid_1_AutoML_4_20260420_200853_model_2,day_of_week_lag1,0.027728047710261255
0,2,0.05,GBM_grid_1_AutoML_4_20260420_200853_model_2,month_lag1,0.021844810413895126
0,2,0.05,GBM_grid_1_AutoML_4_20260420_200853_model_2,month_sin,0.018098819385922935
0,2,0.05,GBM_grid_1_AutoML_4_20260420_200853_model_2,month_cos,0.02777290542398982
0,2,0.05,GBM_grid_1_AutoML_4_20260420_200853_model_2,year,0.22735910369548948
0,2,0.05,DRF_1_AutoML_4_20260420_200853,target_lag1,1.4727413498610258
0,2,0.05,DRF_1_AutoML_4_20260420_200853,target_lag2,0.9991709528863431
0,2,0.05,DRF_1_AutoML_4_20260420_200853,target_lag3,0.47851299345493314
0,2,0.05,DRF_1_AutoML_4_20260420_200853,target_lag4,0.31410223711282015
0,2,0.05,DRF_1_AutoML_4_20260420_200853,target_lag5,0.11265520617365833
0,2,0.05,DRF_1_AutoML_4_20260420_200853,target_lag6,0.22662136079743506
0,2,0.05,DRF_1_AutoML_4_20260420_200853,cov_HULL_lag1,0.0808802997373277
0,2,0.05,DRF_1_AutoML_4_20260420_200853,cov_MUFL_lag1,1.8135710071399809
0,2,0.05,DRF_1_AutoML_4_20260420_200853,cov_MULL_lag1,0.10843505712284238
0,2,0.05,DRF_1_AutoML_4_20260420_200853,cov_LUFL_lag1,0.08100387812068216
0,2,0.05,DRF_1_AutoML_4_20260420_200853,cov_LULL_lag1,0.018893895450746597
0,2,0.05,DRF_1_AutoML_4_20260420_200853,cov_OT_lag1,0.04108393540256652
0,2,0.05,DRF_1_AutoML_4_20260420_200853,hour_lag1,0.2299610535055399
0,2,0.05,DRF_1_AutoML_4_20260420_200853,day_of_week_lag1,0.014858110588538644
0,2,0.05,DRF_1_AutoML_4_20260420_200853,month_lag1,0.019814937983173825
0,2,0.05,DRF_1_AutoML_4_20260420_200853,month_sin,0.014256079529877709
0,2,0.05,DRF_1_AutoML_4_20260420_200853,month_cos,0.01190450132940891
0,2,0.05,DRF_1_AutoML_4_20260420_200853,year,0.1623888088017702
0,2,0.05,XGBoost_grid_1_AutoML_4_20260420_200853_model_3,target_lag1,1.4958908899128438
0,2,0.05,XGBoost_grid_1_AutoML_4_20260420_200853_model_3,target_lag2,0.824934566617012
0,2,0.05,XGBoost_grid_1_AutoML_4_20260420_200853_model_3,target_lag3,0.3128759769722819
0,2,0.05,XGBoost_grid_1_AutoML_4_20260420_200853_model_3,target_lag4,0.2458278590487316
0,2,0.05,XGBoost_grid_1_AutoML_4_20260420_200853_model_3,target_lag5,0.08803295094636265
0,2,0.05,XGBoost_grid_1_AutoML_4_20260420_200853_model_3,target_lag6,0.09412210893817242
0,2,0.05,XGBoost_grid_1_AutoML_4_20260420_200853_model_3,cov_HULL_lag1,0.06770230263937262
0,2,0.05,XGBoost_grid_1_AutoML_4_20260420_200853_model_3,cov_MUFL_lag1,2.0030955761671065
0,2,0.05,XGBoost_grid_1_AutoML_4_20260420_200853_model_3,cov_MULL_lag1,0.040451266961172176
0,2,0.05,XGBoost_grid_1_AutoML_4_20260420_200853_model_3,cov_LUFL_lag1,0.09820992516353723
0,2,0.05,XGBoost_grid_1_AutoML_4_20260420_200853_model_3,cov_LULL_lag1,0.012287478985963331
0,2,0.05,XGBoost_grid_1_AutoML_4_20260420_200853_model_3,cov_OT_lag1,0.0501688409876078
0,2,0.05,XGBoost_grid_1_AutoML_4_20260420_200853_model_3,hour_lag1,0.3593880420364439
0,2,0.05,XGBoost_grid_1_AutoML_4_20260420_200853_model_3,day_of_week_lag1,0.0
0,2,0.05,XGBoost_grid_1_AutoML_4_20260420_200853_model_3,month_lag1,0.019510260261595202
0,2,0.05,XGBoost_grid_1_AutoML_4_20260420_200853_model_3,month_sin,0.0001179830623732414
0,2,0.05,XGBoost_grid_1_AutoML_4_20260420_200853_model_3,month_cos,0.0
0,2,0.05,XGBoost_grid_1_AutoML_4_20260420_200853_model_3,year,0.10115165819413957
0,2,0.05,GBM_5_AutoML_4_20260420_200853,target_lag1,2.128803079656791
0,2,0.05,GBM_5_AutoML_4_20260420_200853,target_lag2,0.8301133878156542
0,2,0.05,GBM_5_AutoML_4_20260420_200853,target_lag3,0.050756770900916265
0,2,0.05,GBM_5_AutoML_4_20260420_200853,target_lag4,0.05712441175244743
0,2,0.05,GBM_5_AutoML_4_20260420_200853,target_lag5,0.03543311246321532
0,2,0.05,GBM_5_AutoML_4_20260420_200853,target_lag6,0.06840336528606708
0,2,0.05,GBM_5_AutoML_4_20260420_200853,cov_HULL_lag1,0.061763416277244645
0,2,0.05,GBM_5_AutoML_4_20260420_200853,cov_MUFL_lag1,1.5974266344308854
0,2,0.05,GBM_5_AutoML_4_20260420_200853,cov_MULL_lag1,0.0774695938872173
0,2,0.05,GBM_5_AutoML_4_20260420_200853,cov_LUFL_lag1,0.08772380528273058
0,2,0.05,GBM_5_AutoML_4_20260420_200853,cov_LULL_lag1,0.019718003269226708
0,2,0.05,GBM_5_AutoML_4_20260420_200853,cov_OT_lag1,0.04891962744295593
0,2,0.05,GBM_5_AutoML_4_20260420_200853,hour_lag1,0.3101580191357061
0,2,0.05,GBM_5_AutoML_4_20260420_200853,day_of_week_lag1,0.011547689955914346
0,2,0.05,GBM_5_AutoML_4_20260420_200853,month_lag1,0.02859341439383566
0,2,0.05,GBM_5_AutoML_4_20260420_200853,month_sin,0.005627230422542161
0,2,0.05,GBM_5_AutoML_4_20260420_200853,month_cos,0.00666690682992335
0,2,0.05,GBM_5_AutoML_4_20260420_200853,year,0.18564159477129571
0,2,0.05,XGBoost_grid_1_AutoML_4_20260420_200853_model_1,target_lag1,2.284625754295848
0,2,0.05,XGBoost_grid_1_AutoML_4_20260420_200853_model_1,target_lag2,0.3718504579365253
0,2,0.05,XGBoost_grid_1_AutoML_4_20260420_200853_model_1,target_lag3,0.25130956586333925
0,2,0.05,XGBoost_grid_1_AutoML_4_20260420_200853_model_1,target_lag4,0.017332912152487508
0,2,0.05,XGBoost_grid_1_AutoML_4_20260420_200853_model_1,target_lag5,0.10638318932615216
0,2,0.05,XGBoost_grid_1_AutoML_4_20260420_200853_model_1,target_lag6,0.08346603484125803
0,2,0.05,XGBoost_grid_1_AutoML_4_20260420_200853_model_1,cov_HULL_lag1,0.08470926712732757
0,2,0.05,XGBoost_grid_1_AutoML_4_20260420_200853_model_1,cov_MUFL_lag1,1.8329183802008628
0,2,0.05,XGBoost_grid_1_AutoML_4_20260420_200853_model_1,cov_MULL_lag1,0.09805098609998819
0,2,0.05,XGBoost_grid_1_AutoML_4_20260420_200853_model_1,cov_LUFL_lag1,0.1831848184019327
0,2,0.05,XGBoost_grid_1_AutoML_4_20260420_200853_model_1,cov_LULL_lag1,0.012931948117911757
0,2,0.05,XGBoost_grid_1_AutoML_4_20260420_200853_model_1,cov_OT_lag1,0.05045595814473922
0,2,0.05,XGBoost_grid_1_AutoML_4_20260420_200853_model_1,hour_lag1,0.34839947293512524
0,2,0.05,XGBoost_grid_1_AutoML_4_20260420_200853_model_1,day_of_week_lag1,0.011264447034336591
0,2,0.05,XGBoost_grid_1_AutoML_4_20260420_200853_model_1,month_lag1,0.018338027559220732
0,2,0.05,XGBoost_grid_1_AutoML_4_20260420_200853_model_1,month_sin,0.009019996987190047
0,2,0.05,XGBoost_grid_1_AutoML_4_20260420_200853_model_1,month_cos,0.00011786522227339447
0,2,0.05,XGBoost_grid_1_AutoML_4_20260420_200853_model_1,year,0.4436992000043392
0,2,0.1,GBM_grid_1_AutoML_4_20260420_200853_model_1,target_lag1,1.876770369503647
0,2,0.1,GBM_grid_1_AutoML_4_20260420_200853_model_1,target_lag2,0.6115811095200478
0,2,0.1,GBM_grid_1_AutoML_4_20260420_200853_model_1,target_lag3,0.3602562428917736
0,2,0.1,GBM_grid_1_AutoML_4_20260420_200853_model_1,target_lag4,0.18614832105115056
0,2,0.1,GBM_grid_1_AutoML_4_20260420_200853_model_1,target_lag5,0.2537152837097528
0,2,0.1,GBM_grid_1_AutoML_4_20260420_200853_model_1,target_lag6,0.05430030653253192
0,2,0.1,GBM_grid_1_AutoML_4_20260420_200853_model_1,cov_HULL_lag1,0.07588935345411296
0,2,0.1,GBM_grid_1_AutoML_4_20260420_200853_model_1,cov_MUFL_lag1,1.226136434096843
0,2,0.1,GBM_grid_1_AutoML_4_20260420_200853_model_1,cov_MULL_lag1,0.08614310092525553
0,2,0.1,GBM_grid_1_AutoML_4_20260420_200853_model_1,cov_LUFL_lag1,0.13111552681773897
0,2,0.1,GBM_grid_1_AutoML_4_20260420_200853_model_1,cov_LULL_lag1,0.03264896593987937
0,2,0.1,GBM_grid_1_AutoML_4_20260420_200853_model_1,cov_OT_lag1,0.0543045796686783
0,2,0.1,GBM_grid_1_AutoML_4_20260420_200853_model_1,hour_lag1,0.3001654179999605
0,2,0.1,GBM_grid_1_AutoML_4_20260420_200853_model_1,day_of_week_lag1,0.030159869734197802
0,2,0.1,GBM_grid_1_AutoML_4_20260420_200853_model_1,month_lag1,0.028934274215716826
0,2,0.1,GBM_grid_1_AutoML_4_20260420_200853_model_1,month_sin,0.02401582241815045
0,2,0.1,GBM_grid_1_AutoML_4_20260420_200853_model_1,month_cos,0.02495361757202769
0,2,0.1,GBM_grid_1_AutoML_4_20260420_200853_model_1,year,0.1779532142821699
0,2,0.1,GBM_1_AutoML_4_20260420_200853,target_lag1,2.2746321139484644
0,2,0.1,GBM_1_AutoML_4_20260420_200853,target_lag2,0.6653714430332184
0,2,0.1,GBM_1_AutoML_4_20260420_200853,target_lag3,0.1950602210499346
0,2,0.1,GBM_1_AutoML_4_20260420_200853,target_lag4,0.03536619514226909
0,2,0.1,GBM_1_AutoML_4_20260420_200853,target_lag5,0.04726709357928481
0,2,0.1,GBM_1_AutoML_4_20260420_200853,target_lag6,0.051723548648878875
0,2,0.1,GBM_1_AutoML_4_20260420_200853,cov_HULL_lag1,0.12392900090664621
0,2,0.1,GBM_1_AutoML_4_20260420_200853,cov_MUFL_lag1,1.7034780982136726
0,2,0.1,GBM_1_AutoML_4_20260420_200853,cov_MULL_lag1,0.03819958317348205
0,2,0.1,GBM_1_AutoML_4_20260420_200853,cov_LUFL_lag1,0.08409735398367044
0,2,0.1,GBM_1_AutoML_4_20260420_200853,cov_LULL_lag1,0.01628436840837816
0,2,0.1,GBM_1_AutoML_4_20260420_200853,cov_OT_lag1,0.04523500202281862
0,2,0.1,GBM_1_AutoML_4_20260420_200853,hour_lag1,0.3029622430820018
0,2,0.1,GBM_1_AutoML_4_20260420_200853,day_of_week_lag1,0.021360371878836267
0,2,0.1,GBM_1_AutoML_4_20260420_200853,month_lag1,0.027060629225743423
0,2,0.1,GBM_1_AutoML_4_20260420_200853,month_sin,0.010251317286165386
0,2,0.1,GBM_1_AutoML_4_20260420_200853,month_cos,0.015846874985909337
0,2,0.1,GBM_1_AutoML_4_20260420_200853,year,0.1988676806539297
0,2,0.1,GBM_2_AutoML_4_20260420_200853,target_lag1,1.8663296648859977
0,2,0.1,GBM_2_AutoML_4_20260420_200853,target_lag2,0.6750792144145816
0,2,0.1,GBM_2_AutoML_4_20260420_200853,target_lag3,0.07874203019659032
0,2,0.1,GBM_2_AutoML_4_20260420_200853,target_lag4,0.05816070011351252
0,2,0.1,GBM_2_AutoML_4_20260420_200853,target_lag5,0.03442377799699894
0,2,0.1,GBM_2_AutoML_4_20260420_200853,target_lag6,0.0790371804439928
0,2,0.1,GBM_2_AutoML_4_20260420_200853,cov_HULL_lag1,0.05661122233839702
0,2,0.1,GBM_2_AutoML_4_20260420_200853,cov_MUFL_lag1,2.124245288968086
0,2,0.1,GBM_2_AutoML_4_20260420_200853,cov_MULL_lag1,0.07136697470443319
0,2,0.1,GBM_2_AutoML_4_20260420_200853,cov_LUFL_lag1,0.09561333199031648
0,2,0.1,GBM_2_AutoML_4_20260420_200853,cov_LULL_lag1,0.03230904132360588
0,2,0.1,GBM_2_AutoML_4_20260420_200853,cov_OT_lag1,0.04507583768572654
0,2,0.1,GBM_2_AutoML_4_20260420_200853,hour_lag1,0.3016667451057583
0,2,0.1,GBM_2_AutoML_4_20260420_200853,day_of_week_lag1,0.008386406692807167
0,2,0.1,GBM_2_AutoML_4_20260420_200853,month_lag1,0.04228630616882579
0,2,0.1,GBM_2_AutoML_4_20260420_200853,month_sin,0.017539697464089784
0,2,0.1,GBM_2_AutoML_4_20260420_200853,month_cos,0.01201645269757132
0,2,0.1,GBM_2_AutoML_4_20260420_200853,year,0.1538988638296723
0,2,0.1,XGBoost_3_AutoML_4_20260420_200853,target_lag1,2.050470299720764
0,2,0.1,XGBoost_3_AutoML_4_20260420_200853,target_lag2,0.34877825021743775
0,2,0.1,XGBoost_3_AutoML_4_20260420_200853,target_lag3,0.1694194562733173
0,2,0.1,XGBoost_3_AutoML_4_20260420_200853,target_lag4,0.09416643534786996
0,2,0.1,XGBoost_3_AutoML_4_20260420_200853,target_lag5,0.05561890179291364
0,2,0.1,XGBoost_3_AutoML_4_20260420_200853,target_lag6,0.081625606669113
0,2,0.1,XGBoost_3_AutoML_4_20260420_200853,cov_HULL_lag1,0.05137734782067124
0,2,0.1,XGBoost_3_AutoML_4_20260420_200853,cov_MUFL_lag1,2.242075793147087
0,2,0.1,XGBoost_3_AutoML_4_20260420_200853,cov_MULL_lag1,0.10307314715813842
0,2,0.1,XGBoost_3_AutoML_4_20260420_200853,cov_LUFL_lag1,0.18050705758854743
0,2,0.1,XGBoost_3_AutoML_4_20260420_200853,cov_LULL_lag1,0.034879071959294336
0,2,0.1,XGBoost_3_AutoML_4_20260420_200853,cov_OT_lag1,0.08166941989213222
0,2,0.1,XGBoost_3_AutoML_4_20260420_200853,hour_lag1,0.380301621472463
0,2,0.1,XGBoost_3_AutoML_4_20260420_200853,day_of_week_lag1,0.019768177884397983
0,2,0.1,XGBoost_3_AutoML_4_20260420_200853,month_lag1,0.027170559207443108
0,2,0.1,XGBoost_3_AutoML_4_20260420_200853,month_sin,0.017074747771948718
0,2,0.1,XGBoost_3_AutoML_4_20260420_200853,month_cos,0.01809327324852343
0,2,0.1,XGBoost_3_AutoML_4_20260420_200853,year,0.27387272983789446
0,2,0.1,GBM_3_AutoML_4_20260420_200853,target_lag1,1.7101920107752084
0,2,0.1,GBM_3_AutoML_4_20260420_200853,target_lag2,0.6809757186472416
0,2,0.1,GBM_3_AutoML_4_20260420_200853,target_lag3,0.07971026381361294
0,2,0.1,GBM_3_AutoML_4_20260420_200853,target_lag4,0.04148817277455233
0,2,0.1,GBM_3_AutoML_4_20260420_200853,target_lag5,0.0397238412359729
0,2,0.1,GBM_3_AutoML_4_20260420_200853,target_lag6,0.07404289954982227
0,2,0.1,GBM_3_AutoML_4_20260420_200853,cov_HULL_lag1,0.06006224260665473
0,2,0.1,GBM_3_AutoML_4_20260420_200853,cov_MUFL_lag1,2.3570970767736434
0,2,0.1,GBM_3_AutoML_4_20260420_200853,cov_MULL_lag1,0.06713462585234078
0,2,0.1,GBM_3_AutoML_4_20260420_200853,cov_LUFL_lag1,0.11744814381003377
0,2,0.1,GBM_3_AutoML_4_20260420_200853,cov_LULL_lag1,0.03237152528250586
0,2,0.1,GBM_3_AutoML_4_20260420_200853,cov_OT_lag1,0.052535497467615606
0,2,0.1,GBM_3_AutoML_4_20260420_200853,hour_lag1,0.32420856843702495
0,2,0.1,GBM_3_AutoML_4_20260420_200853,day_of_week_lag1,0.015918366007535902
0,2,0.1,GBM_3_AutoML_4_20260420_200853,month_lag1,0.027175629974808494
0,2,0.1,GBM_3_AutoML_4_20260420_200853,month_sin,0.0201192846269259
0,2,0.1,GBM_3_AutoML_4_20260420_200853,month_cos,0.015835927653242786
0,2,0.1,GBM_3_AutoML_4_20260420_200853,year,0.17985579475760458
0,2,0.1,XGBoost_grid_1_AutoML_4_20260420_200853_model_5,target_lag1,2.9536217372119427
0,2,0.1,XGBoost_grid_1_AutoML_4_20260420_200853_model_5,target_lag2,0.3368032197933644
0,2,0.1,XGBoost_grid_1_AutoML_4_20260420_200853_model_5,target_lag3,0.07263317802455271
0,2,0.1,XGBoost_grid_1_AutoML_4_20260420_200853_model_5,target_lag4,0.017972553441068115
0,2,0.1,XGBoost_grid_1_AutoML_4_20260420_200853_model_5,target_lag5,0.03316336859483268
0,2,0.1,XGBoost_grid_1_AutoML_4_20260420_200853_model_5,target_lag6,0.09118652009172362
0,2,0.1,XGBoost_grid_1_AutoML_4_20260420_200853_model_5,cov_HULL_lag1,0.09548587202094491
0,2,0.1,XGBoost_grid_1_AutoML_4_20260420_200853_model_5,cov_MUFL_lag1,1.2651785278320313
0,2,0.1,XGBoost_grid_1_AutoML_4_20260420_200853_model_5,cov_MULL_lag1,0.06371460493654008
0,2,0.1,XGBoost_grid_1_AutoML_4_20260420_200853_model_5,cov_LUFL_lag1,0.08397585376165803
0,2,0.1,XGBoost_grid_1_AutoML_4_20260420_200853_model_5,cov_LULL_lag1,0.007012341995723514
0,2,0.1,XGBoost_grid_1_AutoML_4_20260420_200853_model_5,cov_OT_lag1,0.03571844001999122
0,2,0.1,XGBoost_grid_1_AutoML_4_20260420_200853_model_5,hour_lag1,0.3386940640769899
0,2,0.1,XGBoost_grid_1_AutoML_4_20260420_200853_model_5,day_of_week_lag1,0.0
0,2,0.1,XGBoost_grid_1_AutoML_4_20260420_200853_model_5,month_lag1,0.03671402045991267
0,2,0.1,XGBoost_grid_1_AutoML_4_20260420_200853_model_5,month_sin,0.0032436695879732714
0,2,0.1,XGBoost_grid_1_AutoML_4_20260420_200853_model_5,month_cos,0.00067858360853279
0,2,0.1,XGBoost_grid_1_AutoML_4_20260420_200853_model_5,year,0.42414517015218733
0,2,0.1,GBM_4_AutoML_4_20260420_200853,target_lag1,2.291968103162944
0,2,0.1,GBM_4_AutoML_4_20260420_200853,target_lag2,0.3618866190686822
0,2,0.1,GBM_4_AutoML_4_20260420_200853,target_lag3,0.14492467604577536
0,2,0.1,GBM_4_AutoML_4_20260420_200853,target_lag4,0.04118314605671908
0,2,0.1,GBM_4_AutoML_4_20260420_200853,target_lag5,0.05356073154354813
0,2,0.1,GBM_4_AutoML_4_20260420_200853,target_lag6,0.06439348657033403
0,2,0.1,GBM_4_AutoML_4_20260420_200853,cov_HULL_lag1,0.09174463702365752
0,2,0.1,GBM_4_AutoML_4_20260420_200853,cov_MUFL_lag1,1.8419999131560325
0,2,0.1,GBM_4_AutoML_4_20260420_200853,cov_MULL_lag1,0.06499461451778185
0,2,0.1,GBM_4_AutoML_4_20260420_200853,cov_LUFL_lag1,0.08682753971312192
0,2,0.1,GBM_4_AutoML_4_20260420_200853,cov_LULL_lag1,0.034505078563233794
0,2,0.1,GBM_4_AutoML_4_20260420_200853,cov_OT_lag1,0.04888566560461182
0,2,0.1,GBM_4_AutoML_4_20260420_200853,hour_lag1,0.3698936678981408
0,2,0.1,GBM_4_AutoML_4_20260420_200853,day_of_week_lag1,0.017519400038872795
0,2,0.1,GBM_4_AutoML_4_20260420_200853,month_lag1,0.026786244234535798
0,2,0.1,GBM_4_AutoML_4_20260420_200853,month_sin,0.015509308810578612
0,2,0.1,GBM_4_AutoML_4_20260420_200853,month_cos,0.021654695931356355
0,2,0.1,GBM_4_AutoML_4_20260420_200853,year,0.22344926653429867
0,2,0.1,XRT_1_AutoML_4_20260420_200853,target_lag1,1.415983942914754
0,2,0.1,XRT_1_AutoML_4_20260420_200853,target_lag2,1.1113519428670406
0,2,0.1,XRT_1_AutoML_4_20260420_200853,target_lag3,0.6957625314593315
0,2,0.1,XRT_1_AutoML_4_20260420_200853,target_lag4,0.28646760046482084
0,2,0.1,XRT_1_AutoML_4_20260420_200853,target_lag5,0.16388231759890912
0,2,0.1,XRT_1_AutoML_4_20260420_200853,target_lag6,0.05924054749542844
0,2,0.1,XRT_1_AutoML_4_20260420_200853,cov_HULL_lag1,0.08118684233631936
0,2,0.1,XRT_1_AutoML_4_20260420_200853,cov_MUFL_lag1,1.5592706860043108
0,2,0.1,XRT_1_AutoML_4_20260420_200853,cov_MULL_lag1,0.08328040724038142
0,2,0.1,XRT_1_AutoML_4_20260420_200853,cov_LUFL_lag1,1.0728131781640695
0,2,0.1,XRT_1_AutoML_4_20260420_200853,cov_LULL_lag1,0.04221822718856851
0,2,0.1,XRT_1_AutoML_4_20260420_200853,cov_OT_lag1,0.04389294271153625
0,2,0.1,XRT_1_AutoML_4_20260420_200853,hour_lag1,0.2692551618814468
0,2,0.1,XRT_1_AutoML_4_20260420_200853,day_of_week_lag1,0.3625219586980529
0,2,0.1,XRT_1_AutoML_4_20260420_200853,month_lag1,0.08899357611313459
0,2,0.1,XRT_1_AutoML_4_20260420_200853,month_sin,0.022605429140239677
0,2,0.1,XRT_1_AutoML_4_20260420_200853,month_cos,0.022410956625826612
0,2,0.1,XRT_1_AutoML_4_20260420_200853,year,0.18407309535890815
0,2,0.1,GBM_grid_1_AutoML_4_20260420_200853_model_2,target_lag1,1.49286790659884
0,2,0.1,GBM_grid_1_AutoML_4_20260420_200853_model_2,target_lag2,0.656403519064188
0,2,0.1,GBM_grid_1_AutoML_4_20260420_200853_model_2,target_lag3,0.28374598305672405
0,2,0.1,GBM_grid_1_AutoML_4_20260420_200853_model_2,target_lag4,0.34602711064741015
0,2,0.1,GBM_grid_1_AutoML_4_20260420_200853_model_2,target_lag5,0.046140616308548446
0,2,0.1,GBM_grid_1_AutoML_4_20260420_200853_model_2,target_lag6,0.11942163884639735
0,2,0.1,GBM_grid_1_AutoML_4_20260420_200853_model_2,cov_HULL_lag1,0.11975868840236213
0,2,0.1,GBM_grid_1_AutoML_4_20260420_200853_model_2,cov_MUFL_lag1,1.8136878282390534
0,2,0.1,GBM_grid_1_AutoML_4_20260420_200853_model_2,cov_MULL_lag1,0.07054251514840866
0,2,0.1,GBM_grid_1_AutoML_4_20260420_200853_model_2,cov_LUFL_lag1,0.11111874138005075
0,2,0.1,GBM_grid_1_AutoML_4_20260420_200853_model_2,cov_LULL_lag1,0.0512048831954598
0,2,0.1,GBM_grid_1_AutoML_4_20260420_200853_model_2,cov_OT_lag1,0.045109245227504244
0,2,0.1,GBM_grid_1_AutoML_4_20260420_200853_model_2,hour_lag1,0.25167498230934143
0,2,0.1,GBM_grid_1_AutoML_4_20260420_200853_model_2,day_of_week_lag1,0.027728047710261255
0,2,0.1,GBM_grid_1_AutoML_4_20260420_200853_model_2,month_lag1,0.021844810413895126
0,2,0.1,GBM_grid_1_AutoML_4_20260420_200853_model_2,month_sin,0.018098819385922935
0,2,0.1,GBM_grid_1_AutoML_4_20260420_200853_model_2,month_cos,0.02777290542398982
0,2,0.1,GBM_grid_1_AutoML_4_20260420_200853_model_2,year,0.22735910369548948
0,2,0.1,DRF_1_AutoML_4_20260420_200853,target_lag1,1.4727413498610258
0,2,0.1,DRF_1_AutoML_4_20260420_200853,target_lag2,0.9991709528863431
0,2,0.1,DRF_1_AutoML_4_20260420_200853,target_lag3,0.47851299345493314
0,2,0.1,DRF_1_AutoML_4_20260420_200853,target_lag4,0.31410223711282015
0,2,0.1,DRF_1_AutoML_4_20260420_200853,target_lag5,0.11265520617365833
0,2,0.1,DRF_1_AutoML_4_20260420_200853,target_lag6,0.22662136079743506
0,2,0.1,DRF_1_AutoML_4_20260420_200853,cov_HULL_lag1,0.0808802997373277
0,2,0.1,DRF_1_AutoML_4_20260420_200853,cov_MUFL_lag1,1.8135710071399809
0,2,0.1,DRF_1_AutoML_4_20260420_200853,cov_MULL_lag1,0.10843505712284238
0,2,0.1,DRF_1_AutoML_4_20260420_200853,cov_LUFL_lag1,0.08100387812068216
0,2,0.1,DRF_1_AutoML_4_20260420_200853,cov_LULL_lag1,0.018893895450746597
0,2,0.1,DRF_1_AutoML_4_20260420_200853,cov_OT_lag1,0.04108393540256652
0,2,0.1,DRF_1_AutoML_4_20260420_200853,hour_lag1,0.2299610535055399
0,2,0.1,DRF_1_AutoML_4_20260420_200853,day_of_week_lag1,0.014858110588538644
0,2,0.1,DRF_1_AutoML_4_20260420_200853,month_lag1,0.019814937983173825
0,2,0.1,DRF_1_AutoML_4_20260420_200853,month_sin,0.014256079529877709
0,2,0.1,DRF_1_AutoML_4_20260420_200853,month_cos,0.01190450132940891
0,2,0.1,DRF_1_AutoML_4_20260420_200853,year,0.1623888088017702
0,2,0.1,XGBoost_grid_1_AutoML_4_20260420_200853_model_3,target_lag1,1.4958908899128438
0,2,0.1,XGBoost_grid_1_AutoML_4_20260420_200853_model_3,target_lag2,0.824934566617012
0,2,0.1,XGBoost_grid_1_AutoML_4_20260420_200853_model_3,target_lag3,0.3128759769722819
0,2,0.1,XGBoost_grid_1_AutoML_4_20260420_200853_model_3,target_lag4,0.2458278590487316
0,2,0.1,XGBoost_grid_1_AutoML_4_20260420_200853_model_3,target_lag5,0.08803295094636265
0,2,0.1,XGBoost_grid_1_AutoML_4_20260420_200853_model_3,target_lag6,0.09412210893817242
0,2,0.1,XGBoost_grid_1_AutoML_4_20260420_200853_model_3,cov_HULL_lag1,0.06770230263937262
0,2,0.1,XGBoost_grid_1_AutoML_4_20260420_200853_model_3,cov_MUFL_lag1,2.0030955761671065
0,2,0.1,XGBoost_grid_1_AutoML_4_20260420_200853_model_3,cov_MULL_lag1,0.040451266961172176
0,2,0.1,XGBoost_grid_1_AutoML_4_20260420_200853_model_3,cov_LUFL_lag1,0.09820992516353723
0,2,0.1,XGBoost_grid_1_AutoML_4_20260420_200853_model_3,cov_LULL_lag1,0.012287478985963331
0,2,0.1,XGBoost_grid_1_AutoML_4_20260420_200853_model_3,cov_OT_lag1,0.0501688409876078
0,2,0.1,XGBoost_grid_1_AutoML_4_20260420_200853_model_3,hour_lag1,0.3593880420364439
0,2,0.1,XGBoost_grid_1_AutoML_4_20260420_200853_model_3,day_of_week_lag1,0.0
0,2,0.1,XGBoost_grid_1_AutoML_4_20260420_200853_model_3,month_lag1,0.019510260261595202
0,2,0.1,XGBoost_grid_1_AutoML_4_20260420_200853_model_3,month_sin,0.0001179830623732414
0,2,0.1,XGBoost_grid_1_AutoML_4_20260420_200853_model_3,month_cos,0.0
0,2,0.1,XGBoost_grid_1_AutoML_4_20260420_200853_model_3,year,0.10115165819413957
0,2,0.1,GBM_5_AutoML_4_20260420_200853,target_lag1,2.128803079656791
0,2,0.1,GBM_5_AutoML_4_20260420_200853,target_lag2,0.8301133878156542
0,2,0.1,GBM_5_AutoML_4_20260420_200853,target_lag3,0.050756770900916265
0,2,0.1,GBM_5_AutoML_4_20260420_200853,target_lag4,0.05712441175244743
0,2,0.1,GBM_5_AutoML_4_20260420_200853,target_lag5,0.03543311246321532
0,2,0.1,GBM_5_AutoML_4_20260420_200853,target_lag6,0.06840336528606708
0,2,0.1,GBM_5_AutoML_4_20260420_200853,cov_HULL_lag1,0.061763416277244645
0,2,0.1,GBM_5_AutoML_4_20260420_200853,cov_MUFL_lag1,1.5974266344308854
0,2,0.1,GBM_5_AutoML_4_20260420_200853,cov_MULL_lag1,0.0774695938872173
0,2,0.1,GBM_5_AutoML_4_20260420_200853,cov_LUFL_lag1,0.08772380528273058
0,2,0.1,GBM_5_AutoML_4_20260420_200853,cov_LULL_lag1,0.019718003269226708
0,2,0.1,GBM_5_AutoML_4_20260420_200853,cov_OT_lag1,0.04891962744295593
0,2,0.1,GBM_5_AutoML_4_20260420_200853,hour_lag1,0.3101580191357061
0,2,0.1,GBM_5_AutoML_4_20260420_200853,day_of_week_lag1,0.011547689955914346
0,2,0.1,GBM_5_AutoML_4_20260420_200853,month_lag1,0.02859341439383566
0,2,0.1,GBM_5_AutoML_4_20260420_200853,month_sin,0.005627230422542161
0,2,0.1,GBM_5_AutoML_4_20260420_200853,month_cos,0.00666690682992335
0,2,0.1,GBM_5_AutoML_4_20260420_200853,year,0.18564159477129571
0,2,0.1,XGBoost_grid_1_AutoML_4_20260420_200853_model_1,target_lag1,2.284625754295848
0,2,0.1,XGBoost_grid_1_AutoML_4_20260420_200853_model_1,target_lag2,0.3718504579365253
0,2,0.1,XGBoost_grid_1_AutoML_4_20260420_200853_model_1,target_lag3,0.25130956586333925
0,2,0.1,XGBoost_grid_1_AutoML_4_20260420_200853_model_1,target_lag4,0.017332912152487508
0,2,0.1,XGBoost_grid_1_AutoML_4_20260420_200853_model_1,target_lag5,0.10638318932615216
0,2,0.1,XGBoost_grid_1_AutoML_4_20260420_200853_model_1,target_lag6,0.08346603484125803
0,2,0.1,XGBoost_grid_1_AutoML_4_20260420_200853_model_1,cov_HULL_lag1,0.08470926712732757
0,2,0.1,XGBoost_grid_1_AutoML_4_20260420_200853_model_1,cov_MUFL_lag1,1.8329183802008628
0,2,0.1,XGBoost_grid_1_AutoML_4_20260420_200853_model_1,cov_MULL_lag1,0.09805098609998819
0,2,0.1,XGBoost_grid_1_AutoML_4_20260420_200853_model_1,cov_LUFL_lag1,0.1831848184019327
0,2,0.1,XGBoost_grid_1_AutoML_4_20260420_200853_model_1,cov_LULL_lag1,0.012931948117911757
0,2,0.1,XGBoost_grid_1_AutoML_4_20260420_200853_model_1,cov_OT_lag1,0.05045595814473922
0,2,0.1,XGBoost_grid_1_AutoML_4_20260420_200853_model_1,hour_lag1,0.34839947293512524
0,2,0.1,XGBoost_grid_1_AutoML_4_20260420_200853_model_1,day_of_week_lag1,0.011264447034336591
0,2,0.1,XGBoost_grid_1_AutoML_4_20260420_200853_model_1,month_lag1,0.018338027559220732
0,2,0.1,XGBoost_grid_1_AutoML_4_20260420_200853_model_1,month_sin,0.009019996987190047
0,2,0.1,XGBoost_grid_1_AutoML_4_20260420_200853_model_1,month_cos,0.00011786522227339447
0,2,0.1,XGBoost_grid_1_AutoML_4_20260420_200853_model_1,year,0.4436992000043392
0,2,0.1,XGBoost_grid_1_AutoML_4_20260420_200853_model_4,target_lag1,1.7469010136276484
0,2,0.1,XGBoost_grid_1_AutoML_4_20260420_200853_model_4,target_lag2,1.2274404828622938
0,2,0.1,XGBoost_grid_1_AutoML_4_20260420_200853_model_4,target_lag3,0.12928466134704647
0,2,0.1,XGBoost_grid_1_AutoML_4_20260420_200853_model_4,target_lag4,0.05150841158581894
0,2,0.1,XGBoost_grid_1_AutoML_4_20260420_200853_model_4,target_lag5,0.055280181097332355
0,2,0.1,XGBoost_grid_1_AutoML_4_20260420_200853_model_4,target_lag6,0.07699562825262543
0,2,0.1,XGBoost_grid_1_AutoML_4_20260420_200853_model_4,cov_HULL_lag1,0.11560568123473783
0,2,0.1,XGBoost_grid_1_AutoML_4_20260420_200853_model_4,cov_MUFL_lag1,1.5213835126161575
0,2,0.1,XGBoost_grid_1_AutoML_4_20260420_200853_model_4,cov_MULL_lag1,0.09006445372942831
0,2,0.1,XGBoost_grid_1_AutoML_4_20260420_200853_model_4,cov_LUFL_lag1,0.11292542675510045
0,2,0.1,XGBoost_grid_1_AutoML_4_20260420_200853_model_4,cov_LULL_lag1,0.04248337669298048
0,2,0.1,XGBoost_grid_1_AutoML_4_20260420_200853_model_4,cov_OT_lag1,0.0868534183874726
0,2,0.1,XGBoost_grid_1_AutoML_4_20260420_200853_model_4,hour_lag1,0.42728169684764
0,2,0.1,XGBoost_grid_1_AutoML_4_20260420_200853_model_4,day_of_week_lag1,0.027528853520561784
0,2,0.1,XGBoost_grid_1_AutoML_4_20260420_200853_model_4,month_lag1,0.03440567223820831
0,2,0.1,XGBoost_grid_1_AutoML_4_20260420_200853_model_4,month_sin,0.020530991596460765
0,2,0.1,XGBoost_grid_1_AutoML_4_20260420_200853_model_4,month_cos,0.022874824315367692
0,2,0.1,XGBoost_grid_1_AutoML_4_20260420_200853_model_4,year,0.297742690294981
0,2,0.1,GBM_grid_1_AutoML_4_20260420_200853_model_3,target_lag1,1.076912426315248
0,2,0.1,GBM_grid_1_AutoML_4_20260420_200853_model_3,target_lag2,1.0354385886481032
0,2,0.1,GBM_grid_1_AutoML_4_20260420_200853_model_3,target_lag3,0.14773793556727466
0,2,0.1,GBM_grid_1_AutoML_4_20260420_200853_model_3,target_lag4,0.1577298994315788
0,2,0.1,GBM_grid_1_AutoML_4_20260420_200853_model_3,target_lag5,0.11661577494349327
0,2,0.1,GBM_grid_1_AutoML_4_20260420_200853_model_3,target_lag6,0.12563086653593925
0,2,0.1,GBM_grid_1_AutoML_4_20260420_200853_model_3,cov_HULL_lag1,0.09044022493530061
0,2,0.1,GBM_grid_1_AutoML_4_20260420_200853_model_3,cov_MUFL_lag1,1.8605683011375367
0,2,0.1,GBM_grid_1_AutoML_4_20260420_200853_model_3,cov_MULL_lag1,0.09017166733276094
0,2,0.1,GBM_grid_1_AutoML_4_20260420_200853_model_3,cov_LUFL_lag1,0.17990686579607426
0,2,0.1,GBM_grid_1_AutoML_4_20260420_200853_model_3,cov_LULL_lag1,0.030698886369646027
0,2,0.1,GBM_grid_1_AutoML_4_20260420_200853_model_3,cov_OT_lag1,0.06236994182494523
0,2,0.1,GBM_grid_1_AutoML_4_20260420_200853_model_3,hour_lag1,0.2790371674019843
0,2,0.1,GBM_grid_1_AutoML_4_20260420_200853_model_3,day_of_week_lag1,0.02161759255774082
0,2,0.1,GBM_grid_1_AutoML_4_20260420_200853_model_3,month_lag1,0.03686841885559256
0,2,0.1,GBM_grid_1_AutoML_4_20260420_200853_model_3,month_sin,0.02649936821544538
0,2,0.1,GBM_grid_1_AutoML_4_20260420_200853_model_3,month_cos,0.019403388173668594
0,2,0.1,GBM_grid_1_AutoML_4_20260420_200853_model_3,year,0.21789297603070737
0,2,0.1,GLM_1_AutoML_4_20260420_200853,target_lag1,1.538463719498777
0,2,0.1,GLM_1_AutoML_4_20260420_200853,target_lag2,0.948711218110022
0,2,0.1,GLM_1_AutoML_4_20260420_200853,target_lag3,0.48478659041854927
0,2,0.1,GLM_1_AutoML_4_20260420_200853,target_lag4,0.05703152399159528
0,2,0.1,GLM_1_AutoML_4_20260420_200853,target_lag5,0.2174611332692487
0,2,0.1,GLM_1_AutoML_4_20260420_200853,target_lag6,0.3030728683759587
0,2,0.1,GLM_1_AutoML_4_20260420_200853,cov_HULL_lag1,0.015979296776938493
0,2,0.1,GLM_1_AutoML_4_20260420_200853,cov_MUFL_lag1,1.8300781493030485
0,2,0.1,GLM_1_AutoML_4_20260420_200853,cov_MULL_lag1,0.07738777154666687
0,2,0.1,GLM_1_AutoML_4_20260420_200853,cov_LUFL_lag1,0.20258637086020298
0,2,0.1,GLM_1_AutoML_4_20260420_200853,cov_LULL_lag1,0.012848093333085208
0,2,0.1,GLM_1_AutoML_4_20260420_200853,cov_OT_lag1,0.03551759581097933
0,2,0.1,GLM_1_AutoML_4_20260420_200853,hour_lag1,0.12610448218657433
0,2,0.1,GLM_1_AutoML_4_20260420_200853,day_of_week_lag1,0.006903092264451857
0,2,0.1,GLM_1_AutoML_4_20260420_200853,month_lag1,0.0021692216762925114
0,2,0.1,GLM_1_AutoML_4_20260420_200853,month_sin,0.003093449685030957
0,2,0.1,GLM_1_AutoML_4_20260420_200853,month_cos,0.004339799692629989
0,2,0.1,GLM_1_AutoML_4_20260420_200853,year,0.37618319059530264
0,2,0.2,GBM_grid_1_AutoML_4_20260420_200853_model_1,target_lag1,1.876770369503647
0,2,0.2,GBM_grid_1_AutoML_4_20260420_200853_model_1,target_lag2,0.6115811095200478
0,2,0.2,GBM_grid_1_AutoML_4_20260420_200853_model_1,target_lag3,0.3602562428917736
0,2,0.2,GBM_grid_1_AutoML_4_20260420_200853_model_1,target_lag4,0.18614832105115056
0,2,0.2,GBM_grid_1_AutoML_4_20260420_200853_model_1,target_lag5,0.2537152837097528
0,2,0.2,GBM_grid_1_AutoML_4_20260420_200853_model_1,target_lag6,0.05430030653253192
0,2,0.2,GBM_grid_1_AutoML_4_20260420_200853_model_1,cov_HULL_lag1,0.07588935345411296
0,2,0.2,GBM_grid_1_AutoML_4_20260420_200853_model_1,cov_MUFL_lag1,1.226136434096843
0,2,0.2,GBM_grid_1_AutoML_4_20260420_200853_model_1,cov_MULL_lag1,0.08614310092525553
0,2,0.2,GBM_grid_1_AutoML_4_20260420_200853_model_1,cov_LUFL_lag1,0.13111552681773897
0,2,0.2,GBM_grid_1_AutoML_4_20260420_200853_model_1,cov_LULL_lag1,0.03264896593987937
0,2,0.2,GBM_grid_1_AutoML_4_20260420_200853_model_1,cov_OT_lag1,0.0543045796686783
0,2,0.2,GBM_grid_1_AutoML_4_20260420_200853_model_1,hour_lag1,0.3001654179999605
0,2,0.2,GBM_grid_1_AutoML_4_20260420_200853_model_1,day_of_week_lag1,0.030159869734197802
0,2,0.2,GBM_grid_1_AutoML_4_20260420_200853_model_1,month_lag1,0.028934274215716826
0,2,0.2,GBM_grid_1_AutoML_4_20260420_200853_model_1,month_sin,0.02401582241815045
0,2,0.2,GBM_grid_1_AutoML_4_20260420_200853_model_1,month_cos,0.02495361757202769
0,2,0.2,GBM_grid_1_AutoML_4_20260420_200853_model_1,year,0.1779532142821699
0,2,0.2,GBM_1_AutoML_4_20260420_200853,target_lag1,2.2746321139484644
0,2,0.2,GBM_1_AutoML_4_20260420_200853,target_lag2,0.6653714430332184
0,2,0.2,GBM_1_AutoML_4_20260420_200853,target_lag3,0.1950602210499346
0,2,0.2,GBM_1_AutoML_4_20260420_200853,target_lag4,0.03536619514226909
0,2,0.2,GBM_1_AutoML_4_20260420_200853,target_lag5,0.04726709357928481
0,2,0.2,GBM_1_AutoML_4_20260420_200853,target_lag6,0.051723548648878875
0,2,0.2,GBM_1_AutoML_4_20260420_200853,cov_HULL_lag1,0.12392900090664621
0,2,0.2,GBM_1_AutoML_4_20260420_200853,cov_MUFL_lag1,1.7034780982136726
0,2,0.2,GBM_1_AutoML_4_20260420_200853,cov_MULL_lag1,0.03819958317348205
0,2,0.2,GBM_1_AutoML_4_20260420_200853,cov_LUFL_lag1,0.08409735398367044
0,2,0.2,GBM_1_AutoML_4_20260420_200853,cov_LULL_lag1,0.01628436840837816
0,2,0.2,GBM_1_AutoML_4_20260420_200853,cov_OT_lag1,0.04523500202281862
0,2,0.2,GBM_1_AutoML_4_20260420_200853,hour_lag1,0.3029622430820018
0,2,0.2,GBM_1_AutoML_4_20260420_200853,day_of_week_lag1,0.021360371878836267
0,2,0.2,GBM_1_AutoML_4_20260420_200853,month_lag1,0.027060629225743423
0,2,0.2,GBM_1_AutoML_4_20260420_200853,month_sin,0.010251317286165386
0,2,0.2,GBM_1_AutoML_4_20260420_200853,month_cos,0.015846874985909337
0,2,0.2,GBM_1_AutoML_4_20260420_200853,year,0.1988676806539297
0,2,0.2,GBM_2_AutoML_4_20260420_200853,target_lag1,1.8663296648859977
0,2,0.2,GBM_2_AutoML_4_20260420_200853,target_lag2,0.6750792144145816
0,2,0.2,GBM_2_AutoML_4_20260420_200853,target_lag3,0.07874203019659032
0,2,0.2,GBM_2_AutoML_4_20260420_200853,target_lag4,0.05816070011351252
0,2,0.2,GBM_2_AutoML_4_20260420_200853,target_lag5,0.03442377799699894
0,2,0.2,GBM_2_AutoML_4_20260420_200853,target_lag6,0.0790371804439928
0,2,0.2,GBM_2_AutoML_4_20260420_200853,cov_HULL_lag1,0.05661122233839702
0,2,0.2,GBM_2_AutoML_4_20260420_200853,cov_MUFL_lag1,2.124245288968086
0,2,0.2,GBM_2_AutoML_4_20260420_200853,cov_MULL_lag1,0.07136697470443319
0,2,0.2,GBM_2_AutoML_4_20260420_200853,cov_LUFL_lag1,0.09561333199031648
0,2,0.2,GBM_2_AutoML_4_20260420_200853,cov_LULL_lag1,0.03230904132360588
0,2,0.2,GBM_2_AutoML_4_20260420_200853,cov_OT_lag1,0.04507583768572654
0,2,0.2,GBM_2_AutoML_4_20260420_200853,hour_lag1,0.3016667451057583
0,2,0.2,GBM_2_AutoML_4_20260420_200853,day_of_week_lag1,0.008386406692807167
0,2,0.2,GBM_2_AutoML_4_20260420_200853,month_lag1,0.04228630616882579
0,2,0.2,GBM_2_AutoML_4_20260420_200853,month_sin,0.017539697464089784
0,2,0.2,GBM_2_AutoML_4_20260420_200853,month_cos,0.01201645269757132
0,2,0.2,GBM_2_AutoML_4_20260420_200853,year,0.1538988638296723
0,2,0.2,XGBoost_3_AutoML_4_20260420_200853,target_lag1,2.050470299720764
0,2,0.2,XGBoost_3_AutoML_4_20260420_200853,target_lag2,0.34877825021743775
0,2,0.2,XGBoost_3_AutoML_4_20260420_200853,target_lag3,0.1694194562733173
0,2,0.2,XGBoost_3_AutoML_4_20260420_200853,target_lag4,0.09416643534786996
0,2,0.2,XGBoost_3_AutoML_4_20260420_200853,target_lag5,0.05561890179291364
0,2,0.2,XGBoost_3_AutoML_4_20260420_200853,target_lag6,0.081625606669113
0,2,0.2,XGBoost_3_AutoML_4_20260420_200853,cov_HULL_lag1,0.05137734782067124
0,2,0.2,XGBoost_3_AutoML_4_20260420_200853,cov_MUFL_lag1,2.242075793147087
0,2,0.2,XGBoost_3_AutoML_4_20260420_200853,cov_MULL_lag1,0.10307314715813842
0,2,0.2,XGBoost_3_AutoML_4_20260420_200853,cov_LUFL_lag1,0.18050705758854743
0,2,0.2,XGBoost_3_AutoML_4_20260420_200853,cov_LULL_lag1,0.034879071959294336
0,2,0.2,XGBoost_3_AutoML_4_20260420_200853,cov_OT_lag1,0.08166941989213222
0,2,0.2,XGBoost_3_AutoML_4_20260420_200853,hour_lag1,0.380301621472463
0,2,0.2,XGBoost_3_AutoML_4_20260420_200853,day_of_week_lag1,0.019768177884397983
0,2,0.2,XGBoost_3_AutoML_4_20260420_200853,month_lag1,0.027170559207443108
0,2,0.2,XGBoost_3_AutoML_4_20260420_200853,month_sin,0.017074747771948718
0,2,0.2,XGBoost_3_AutoML_4_20260420_200853,month_cos,0.01809327324852343
0,2,0.2,XGBoost_3_AutoML_4_20260420_200853,year,0.27387272983789446
0,2,0.2,GBM_3_AutoML_4_20260420_200853,target_lag1,1.7101920107752084
0,2,0.2,GBM_3_AutoML_4_20260420_200853,target_lag2,0.6809757186472416
0,2,0.2,GBM_3_AutoML_4_20260420_200853,target_lag3,0.07971026381361294
0,2,0.2,GBM_3_AutoML_4_20260420_200853,target_lag4,0.04148817277455233
0,2,0.2,GBM_3_AutoML_4_20260420_200853,target_lag5,0.0397238412359729
0,2,0.2,GBM_3_AutoML_4_20260420_200853,target_lag6,0.07404289954982227
0,2,0.2,GBM_3_AutoML_4_20260420_200853,cov_HULL_lag1,0.06006224260665473
0,2,0.2,GBM_3_AutoML_4_20260420_200853,cov_MUFL_lag1,2.3570970767736434
0,2,0.2,GBM_3_AutoML_4_20260420_200853,cov_MULL_lag1,0.06713462585234078
0,2,0.2,GBM_3_AutoML_4_20260420_200853,cov_LUFL_lag1,0.11744814381003377
0,2,0.2,GBM_3_AutoML_4_20260420_200853,cov_LULL_lag1,0.03237152528250586
0,2,0.2,GBM_3_AutoML_4_20260420_200853,cov_OT_lag1,0.052535497467615606
0,2,0.2,GBM_3_AutoML_4_20260420_200853,hour_lag1,0.32420856843702495
0,2,0.2,GBM_3_AutoML_4_20260420_200853,day_of_week_lag1,0.015918366007535902
0,2,0.2,GBM_3_AutoML_4_20260420_200853,month_lag1,0.027175629974808494
0,2,0.2,GBM_3_AutoML_4_20260420_200853,month_sin,0.0201192846269259
0,2,0.2,GBM_3_AutoML_4_20260420_200853,month_cos,0.015835927653242786
0,2,0.2,GBM_3_AutoML_4_20260420_200853,year,0.17985579475760458
0,2,0.2,XGBoost_grid_1_AutoML_4_20260420_200853_model_5,target_lag1,2.9536217372119427
0,2,0.2,XGBoost_grid_1_AutoML_4_20260420_200853_model_5,target_lag2,0.3368032197933644
0,2,0.2,XGBoost_grid_1_AutoML_4_20260420_200853_model_5,target_lag3,0.07263317802455271
0,2,0.2,XGBoost_grid_1_AutoML_4_20260420_200853_model_5,target_lag4,0.017972553441068115
0,2,0.2,XGBoost_grid_1_AutoML_4_20260420_200853_model_5,target_lag5,0.03316336859483268
0,2,0.2,XGBoost_grid_1_AutoML_4_20260420_200853_model_5,target_lag6,0.09118652009172362
0,2,0.2,XGBoost_grid_1_AutoML_4_20260420_200853_model_5,cov_HULL_lag1,0.09548587202094491
0,2,0.2,XGBoost_grid_1_AutoML_4_20260420_200853_model_5,cov_MUFL_lag1,1.2651785278320313
0,2,0.2,XGBoost_grid_1_AutoML_4_20260420_200853_model_5,cov_MULL_lag1,0.06371460493654008
0,2,0.2,XGBoost_grid_1_AutoML_4_20260420_200853_model_5,cov_LUFL_lag1,0.08397585376165803
0,2,0.2,XGBoost_grid_1_AutoML_4_20260420_200853_model_5,cov_LULL_lag1,0.007012341995723514
0,2,0.2,XGBoost_grid_1_AutoML_4_20260420_200853_model_5,cov_OT_lag1,0.03571844001999122
0,2,0.2,XGBoost_grid_1_AutoML_4_20260420_200853_model_5,hour_lag1,0.3386940640769899
0,2,0.2,XGBoost_grid_1_AutoML_4_20260420_200853_model_5,day_of_week_lag1,0.0
0,2,0.2,XGBoost_grid_1_AutoML_4_20260420_200853_model_5,month_lag1,0.03671402045991267
0,2,0.2,XGBoost_grid_1_AutoML_4_20260420_200853_model_5,month_sin,0.0032436695879732714
0,2,0.2,XGBoost_grid_1_AutoML_4_20260420_200853_model_5,month_cos,0.00067858360853279
0,2,0.2,XGBoost_grid_1_AutoML_4_20260420_200853_model_5,year,0.42414517015218733
0,2,0.2,GBM_4_AutoML_4_20260420_200853,target_lag1,2.291968103162944
0,2,0.2,GBM_4_AutoML_4_20260420_200853,target_lag2,0.3618866190686822
0,2,0.2,GBM_4_AutoML_4_20260420_200853,target_lag3,0.14492467604577536
0,2,0.2,GBM_4_AutoML_4_20260420_200853,target_lag4,0.04118314605671908
0,2,0.2,GBM_4_AutoML_4_20260420_200853,target_lag5,0.05356073154354813
0,2,0.2,GBM_4_AutoML_4_20260420_200853,target_lag6,0.06439348657033403
0,2,0.2,GBM_4_AutoML_4_20260420_200853,cov_HULL_lag1,0.09174463702365752
0,2,0.2,GBM_4_AutoML_4_20260420_200853,cov_MUFL_lag1,1.8419999131560325
0,2,0.2,GBM_4_AutoML_4_20260420_200853,cov_MULL_lag1,0.06499461451778185
0,2,0.2,GBM_4_AutoML_4_20260420_200853,cov_LUFL_lag1,0.08682753971312192
0,2,0.2,GBM_4_AutoML_4_20260420_200853,cov_LULL_lag1,0.034505078563233794
0,2,0.2,GBM_4_AutoML_4_20260420_200853,cov_OT_lag1,0.04888566560461182
0,2,0.2,GBM_4_AutoML_4_20260420_200853,hour_lag1,0.3698936678981408
0,2,0.2,GBM_4_AutoML_4_20260420_200853,day_of_week_lag1,0.017519400038872795
0,2,0.2,GBM_4_AutoML_4_20260420_200853,month_lag1,0.026786244234535798
0,2,0.2,GBM_4_AutoML_4_20260420_200853,month_sin,0.015509308810578612
0,2,0.2,GBM_4_AutoML_4_20260420_200853,month_cos,0.021654695931356355
0,2,0.2,GBM_4_AutoML_4_20260420_200853,year,0.22344926653429867
0,2,0.2,XRT_1_AutoML_4_20260420_200853,target_lag1,1.415983942914754
0,2,0.2,XRT_1_AutoML_4_20260420_200853,target_lag2,1.1113519428670406
0,2,0.2,XRT_1_AutoML_4_20260420_200853,target_lag3,0.6957625314593315
0,2,0.2,XRT_1_AutoML_4_20260420_200853,target_lag4,0.28646760046482084
0,2,0.2,XRT_1_AutoML_4_20260420_200853,target_lag5,0.16388231759890912
0,2,0.2,XRT_1_AutoML_4_20260420_200853,target_lag6,0.05924054749542844
0,2,0.2,XRT_1_AutoML_4_20260420_200853,cov_HULL_lag1,0.08118684233631936
0,2,0.2,XRT_1_AutoML_4_20260420_200853,cov_MUFL_lag1,1.5592706860043108
0,2,0.2,XRT_1_AutoML_4_20260420_200853,cov_MULL_lag1,0.08328040724038142
0,2,0.2,XRT_1_AutoML_4_20260420_200853,cov_LUFL_lag1,1.0728131781640695
0,2,0.2,XRT_1_AutoML_4_20260420_200853,cov_LULL_lag1,0.04221822718856851
0,2,0.2,XRT_1_AutoML_4_20260420_200853,cov_OT_lag1,0.04389294271153625
0,2,0.2,XRT_1_AutoML_4_20260420_200853,hour_lag1,0.2692551618814468
0,2,0.2,XRT_1_AutoML_4_20260420_200853,day_of_week_lag1,0.3625219586980529
0,2,0.2,XRT_1_AutoML_4_20260420_200853,month_lag1,0.08899357611313459
0,2,0.2,XRT_1_AutoML_4_20260420_200853,month_sin,0.022605429140239677
0,2,0.2,XRT_1_AutoML_4_20260420_200853,month_cos,0.022410956625826612
0,2,0.2,XRT_1_AutoML_4_20260420_200853,year,0.18407309535890815
0,2,0.2,GBM_grid_1_AutoML_4_20260420_200853_model_2,target_lag1,1.49286790659884
0,2,0.2,GBM_grid_1_AutoML_4_20260420_200853_model_2,target_lag2,0.656403519064188
0,2,0.2,GBM_grid_1_AutoML_4_20260420_200853_model_2,target_lag3,0.28374598305672405
0,2,0.2,GBM_grid_1_AutoML_4_20260420_200853_model_2,target_lag4,0.34602711064741015
0,2,0.2,GBM_grid_1_AutoML_4_20260420_200853_model_2,target_lag5,0.046140616308548446
0,2,0.2,GBM_grid_1_AutoML_4_20260420_200853_model_2,target_lag6,0.11942163884639735
0,2,0.2,GBM_grid_1_AutoML_4_20260420_200853_model_2,cov_HULL_lag1,0.11975868840236213
0,2,0.2,GBM_grid_1_AutoML_4_20260420_200853_model_2,cov_MUFL_lag1,1.8136878282390534
0,2,0.2,GBM_grid_1_AutoML_4_20260420_200853_model_2,cov_MULL_lag1,0.07054251514840866
0,2,0.2,GBM_grid_1_AutoML_4_20260420_200853_model_2,cov_LUFL_lag1,0.11111874138005075
0,2,0.2,GBM_grid_1_AutoML_4_20260420_200853_model_2,cov_LULL_lag1,0.0512048831954598
0,2,0.2,GBM_grid_1_AutoML_4_20260420_200853_model_2,cov_OT_lag1,0.045109245227504244
0,2,0.2,GBM_grid_1_AutoML_4_20260420_200853_model_2,hour_lag1,0.25167498230934143
0,2,0.2,GBM_grid_1_AutoML_4_20260420_200853_model_2,day_of_week_lag1,0.027728047710261255
0,2,0.2,GBM_grid_1_AutoML_4_20260420_200853_model_2,month_lag1,0.021844810413895126
0,2,0.2,GBM_grid_1_AutoML_4_20260420_200853_model_2,month_sin,0.018098819385922935
0,2,0.2,GBM_grid_1_AutoML_4_20260420_200853_model_2,month_cos,0.02777290542398982
0,2,0.2,GBM_grid_1_AutoML_4_20260420_200853_model_2,year,0.22735910369548948
0,2,0.2,DRF_1_AutoML_4_20260420_200853,target_lag1,1.4727413498610258
0,2,0.2,DRF_1_AutoML_4_20260420_200853,target_lag2,0.9991709528863431
0,2,0.2,DRF_1_AutoML_4_20260420_200853,target_lag3,0.47851299345493314
0,2,0.2,DRF_1_AutoML_4_20260420_200853,target_lag4,0.31410223711282015
0,2,0.2,DRF_1_AutoML_4_20260420_200853,target_lag5,0.11265520617365833
0,2,0.2,DRF_1_AutoML_4_20260420_200853,target_lag6,0.22662136079743506
0,2,0.2,DRF_1_AutoML_4_20260420_200853,cov_HULL_lag1,0.0808802997373277
0,2,0.2,DRF_1_AutoML_4_20260420_200853,cov_MUFL_lag1,1.8135710071399809
0,2,0.2,DRF_1_AutoML_4_20260420_200853,cov_MULL_lag1,0.10843505712284238
0,2,0.2,DRF_1_AutoML_4_20260420_200853,cov_LUFL_lag1,0.08100387812068216
0,2,0.2,DRF_1_AutoML_4_20260420_200853,cov_LULL_lag1,0.018893895450746597
0,2,0.2,DRF_1_AutoML_4_20260420_200853,cov_OT_lag1,0.04108393540256652
0,2,0.2,DRF_1_AutoML_4_20260420_200853,hour_lag1,0.2299610535055399
0,2,0.2,DRF_1_AutoML_4_20260420_200853,day_of_week_lag1,0.014858110588538644
0,2,0.2,DRF_1_AutoML_4_20260420_200853,month_lag1,0.019814937983173825
0,2,0.2,DRF_1_AutoML_4_20260420_200853,month_sin,0.014256079529877709
0,2,0.2,DRF_1_AutoML_4_20260420_200853,month_cos,0.01190450132940891
0,2,0.2,DRF_1_AutoML_4_20260420_200853,year,0.1623888088017702
0,2,0.2,XGBoost_grid_1_AutoML_4_20260420_200853_model_3,target_lag1,1.4958908899128438
0,2,0.2,XGBoost_grid_1_AutoML_4_20260420_200853_model_3,target_lag2,0.824934566617012
0,2,0.2,XGBoost_grid_1_AutoML_4_20260420_200853_model_3,target_lag3,0.3128759769722819
0,2,0.2,XGBoost_grid_1_AutoML_4_20260420_200853_model_3,target_lag4,0.2458278590487316
0,2,0.2,XGBoost_grid_1_AutoML_4_20260420_200853_model_3,target_lag5,0.08803295094636265
0,2,0.2,XGBoost_grid_1_AutoML_4_20260420_200853_model_3,target_lag6,0.09412210893817242
0,2,0.2,XGBoost_grid_1_AutoML_4_20260420_200853_model_3,cov_HULL_lag1,0.06770230263937262
0,2,0.2,XGBoost_grid_1_AutoML_4_20260420_200853_model_3,cov_MUFL_lag1,2.0030955761671065
0,2,0.2,XGBoost_grid_1_AutoML_4_20260420_200853_model_3,cov_MULL_lag1,0.040451266961172176
0,2,0.2,XGBoost_grid_1_AutoML_4_20260420_200853_model_3,cov_LUFL_lag1,0.09820992516353723
0,2,0.2,XGBoost_grid_1_AutoML_4_20260420_200853_model_3,cov_LULL_lag1,0.012287478985963331
0,2,0.2,XGBoost_grid_1_AutoML_4_20260420_200853_model_3,cov_OT_lag1,0.0501688409876078
0,2,0.2,XGBoost_grid_1_AutoML_4_20260420_200853_model_3,hour_lag1,0.3593880420364439
0,2,0.2,XGBoost_grid_1_AutoML_4_20260420_200853_model_3,day_of_week_lag1,0.0
0,2,0.2,XGBoost_grid_1_AutoML_4_20260420_200853_model_3,month_lag1,0.019510260261595202
0,2,0.2,XGBoost_grid_1_AutoML_4_20260420_200853_model_3,month_sin,0.0001179830623732414
0,2,0.2,XGBoost_grid_1_AutoML_4_20260420_200853_model_3,month_cos,0.0
0,2,0.2,XGBoost_grid_1_AutoML_4_20260420_200853_model_3,year,0.10115165819413957
0,2,0.2,GBM_5_AutoML_4_20260420_200853,target_lag1,2.128803079656791
0,2,0.2,GBM_5_AutoML_4_20260420_200853,target_lag2,0.8301133878156542
0,2,0.2,GBM_5_AutoML_4_20260420_200853,target_lag3,0.050756770900916265
0,2,0.2,GBM_5_AutoML_4_20260420_200853,target_lag4,0.05712441175244743
0,2,0.2,GBM_5_AutoML_4_20260420_200853,target_lag5,0.03543311246321532
0,2,0.2,GBM_5_AutoML_4_20260420_200853,target_lag6,0.06840336528606708
0,2,0.2,GBM_5_AutoML_4_20260420_200853,cov_HULL_lag1,0.061763416277244645
0,2,0.2,GBM_5_AutoML_4_20260420_200853,cov_MUFL_lag1,1.5974266344308854
0,2,0.2,GBM_5_AutoML_4_20260420_200853,cov_MULL_lag1,0.0774695938872173
0,2,0.2,GBM_5_AutoML_4_20260420_200853,cov_LUFL_lag1,0.08772380528273058
0,2,0.2,GBM_5_AutoML_4_20260420_200853,cov_LULL_lag1,0.019718003269226708
0,2,0.2,GBM_5_AutoML_4_20260420_200853,cov_OT_lag1,0.04891962744295593
0,2,0.2,GBM_5_AutoML_4_20260420_200853,hour_lag1,0.3101580191357061
0,2,0.2,GBM_5_AutoML_4_20260420_200853,day_of_week_lag1,0.011547689955914346
0,2,0.2,GBM_5_AutoML_4_20260420_200853,month_lag1,0.02859341439383566
0,2,0.2,GBM_5_AutoML_4_20260420_200853,month_sin,0.005627230422542161
0,2,0.2,GBM_5_AutoML_4_20260420_200853,month_cos,0.00666690682992335
0,2,0.2,GBM_5_AutoML_4_20260420_200853,year,0.18564159477129571
0,2,0.2,XGBoost_grid_1_AutoML_4_20260420_200853_model_1,target_lag1,2.284625754295848
0,2,0.2,XGBoost_grid_1_AutoML_4_20260420_200853_model_1,target_lag2,0.3718504579365253
0,2,0.2,XGBoost_grid_1_AutoML_4_20260420_200853_model_1,target_lag3,0.25130956586333925
0,2,0.2,XGBoost_grid_1_AutoML_4_20260420_200853_model_1,target_lag4,0.017332912152487508
0,2,0.2,XGBoost_grid_1_AutoML_4_20260420_200853_model_1,target_lag5,0.10638318932615216
0,2,0.2,XGBoost_grid_1_AutoML_4_20260420_200853_model_1,target_lag6,0.08346603484125803
0,2,0.2,XGBoost_grid_1_AutoML_4_20260420_200853_model_1,cov_HULL_lag1,0.08470926712732757
0,2,0.2,XGBoost_grid_1_AutoML_4_20260420_200853_model_1,cov_MUFL_lag1,1.8329183802008628
0,2,0.2,XGBoost_grid_1_AutoML_4_20260420_200853_model_1,cov_MULL_lag1,0.09805098609998819
0,2,0.2,XGBoost_grid_1_AutoML_4_20260420_200853_model_1,cov_LUFL_lag1,0.1831848184019327
0,2,0.2,XGBoost_grid_1_AutoML_4_20260420_200853_model_1,cov_LULL_lag1,0.012931948117911757
0,2,0.2,XGBoost_grid_1_AutoML_4_20260420_200853_model_1,cov_OT_lag1,0.05045595814473922
0,2,0.2,XGBoost_grid_1_AutoML_4_20260420_200853_model_1,hour_lag1,0.34839947293512524
0,2,0.2,XGBoost_grid_1_AutoML_4_20260420_200853_model_1,day_of_week_lag1,0.011264447034336591
0,2,0.2,XGBoost_grid_1_AutoML_4_20260420_200853_model_1,month_lag1,0.018338027559220732
0,2,0.2,XGBoost_grid_1_AutoML_4_20260420_200853_model_1,month_sin,0.009019996987190047
0,2,0.2,XGBoost_grid_1_AutoML_4_20260420_200853_model_1,month_cos,0.00011786522227339447
0,2,0.2,XGBoost_grid_1_AutoML_4_20260420_200853_model_1,year,0.4436992000043392
0,2,0.2,XGBoost_grid_1_AutoML_4_20260420_200853_model_4,target_lag1,1.7469010136276484
0,2,0.2,XGBoost_grid_1_AutoML_4_20260420_200853_model_4,target_lag2,1.2274404828622938
0,2,0.2,XGBoost_grid_1_AutoML_4_20260420_200853_model_4,target_lag3,0.12928466134704647
0,2,0.2,XGBoost_grid_1_AutoML_4_20260420_200853_model_4,target_lag4,0.05150841158581894
0,2,0.2,XGBoost_grid_1_AutoML_4_20260420_200853_model_4,target_lag5,0.055280181097332355
0,2,0.2,XGBoost_grid_1_AutoML_4_20260420_200853_model_4,target_lag6,0.07699562825262543
0,2,0.2,XGBoost_grid_1_AutoML_4_20260420_200853_model_4,cov_HULL_lag1,0.11560568123473783
0,2,0.2,XGBoost_grid_1_AutoML_4_20260420_200853_model_4,cov_MUFL_lag1,1.5213835126161575
0,2,0.2,XGBoost_grid_1_AutoML_4_20260420_200853_model_4,cov_MULL_lag1,0.09006445372942831
0,2,0.2,XGBoost_grid_1_AutoML_4_20260420_200853_model_4,cov_LUFL_lag1,0.11292542675510045
0,2,0.2,XGBoost_grid_1_AutoML_4_20260420_200853_model_4,cov_LULL_lag1,0.04248337669298048
0,2,0.2,XGBoost_grid_1_AutoML_4_20260420_200853_model_4,cov_OT_lag1,0.0868534183874726
0,2,0.2,XGBoost_grid_1_AutoML_4_20260420_200853_model_4,hour_lag1,0.42728169684764
0,2,0.2,XGBoost_grid_1_AutoML_4_20260420_200853_model_4,day_of_week_lag1,0.027528853520561784
0,2,0.2,XGBoost_grid_1_AutoML_4_20260420_200853_model_4,month_lag1,0.03440567223820831
0,2,0.2,XGBoost_grid_1_AutoML_4_20260420_200853_model_4,month_sin,0.020530991596460765
0,2,0.2,XGBoost_grid_1_AutoML_4_20260420_200853_model_4,month_cos,0.022874824315367692
0,2,0.2,XGBoost_grid_1_AutoML_4_20260420_200853_model_4,year,0.297742690294981
0,2,0.2,GBM_grid_1_AutoML_4_20260420_200853_model_3,target_lag1,1.076912426315248
0,2,0.2,GBM_grid_1_AutoML_4_20260420_200853_model_3,target_lag2,1.0354385886481032
0,2,0.2,GBM_grid_1_AutoML_4_20260420_200853_model_3,target_lag3,0.14773793556727466
0,2,0.2,GBM_grid_1_AutoML_4_20260420_200853_model_3,target_lag4,0.1577298994315788
0,2,0.2,GBM_grid_1_AutoML_4_20260420_200853_model_3,target_lag5,0.11661577494349327
0,2,0.2,GBM_grid_1_AutoML_4_20260420_200853_model_3,target_lag6,0.12563086653593925
0,2,0.2,GBM_grid_1_AutoML_4_20260420_200853_model_3,cov_HULL_lag1,0.09044022493530061
0,2,0.2,GBM_grid_1_AutoML_4_20260420_200853_model_3,cov_MUFL_lag1,1.8605683011375367
0,2,0.2,GBM_grid_1_AutoML_4_20260420_200853_model_3,cov_MULL_lag1,0.09017166733276094
0,2,0.2,GBM_grid_1_AutoML_4_20260420_200853_model_3,cov_LUFL_lag1,0.17990686579607426
0,2,0.2,GBM_grid_1_AutoML_4_20260420_200853_model_3,cov_LULL_lag1,0.030698886369646027
0,2,0.2,GBM_grid_1_AutoML_4_20260420_200853_model_3,cov_OT_lag1,0.06236994182494523
0,2,0.2,GBM_grid_1_AutoML_4_20260420_200853_model_3,hour_lag1,0.2790371674019843
0,2,0.2,GBM_grid_1_AutoML_4_20260420_200853_model_3,day_of_week_lag1,0.02161759255774082
0,2,0.2,GBM_grid_1_AutoML_4_20260420_200853_model_3,month_lag1,0.03686841885559256
0,2,0.2,GBM_grid_1_AutoML_4_20260420_200853_model_3,month_sin,0.02649936821544538
0,2,0.2,GBM_grid_1_AutoML_4_20260420_200853_model_3,month_cos,0.019403388173668594
0,2,0.2,GBM_grid_1_AutoML_4_20260420_200853_model_3,year,0.21789297603070737
0,2,0.2,GLM_1_AutoML_4_20260420_200853,target_lag1,1.538463719498777
0,2,0.2,GLM_1_AutoML_4_20260420_200853,target_lag2,0.948711218110022
0,2,0.2,GLM_1_AutoML_4_20260420_200853,target_lag3,0.48478659041854927
0,2,0.2,GLM_1_AutoML_4_20260420_200853,target_lag4,0.05703152399159528
0,2,0.2,GLM_1_AutoML_4_20260420_200853,target_lag5,0.2174611332692487
0,2,0.2,GLM_1_AutoML_4_20260420_200853,target_lag6,0.3030728683759587
0,2,0.2,GLM_1_AutoML_4_20260420_200853,cov_HULL_lag1,0.015979296776938493
0,2,0.2,GLM_1_AutoML_4_20260420_200853,cov_MUFL_lag1,1.8300781493030485
0,2,0.2,GLM_1_AutoML_4_20260420_200853,cov_MULL_lag1,0.07738777154666687
0,2,0.2,GLM_1_AutoML_4_20260420_200853,cov_LUFL_lag1,0.20258637086020298
0,2,0.2,GLM_1_AutoML_4_20260420_200853,cov_LULL_lag1,0.012848093333085208
0,2,0.2,GLM_1_AutoML_4_20260420_200853,cov_OT_lag1,0.03551759581097933
0,2,0.2,GLM_1_AutoML_4_20260420_200853,hour_lag1,0.12610448218657433
0,2,0.2,GLM_1_AutoML_4_20260420_200853,day_of_week_lag1,0.006903092264451857
0,2,0.2,GLM_1_AutoML_4_20260420_200853,month_lag1,0.0021692216762925114
0,2,0.2,GLM_1_AutoML_4_20260420_200853,month_sin,0.003093449685030957
0,2,0.2,GLM_1_AutoML_4_20260420_200853,month_cos,0.004339799692629989
0,2,0.2,GLM_1_AutoML_4_20260420_200853,year,0.37618319059530264
0,2,0.2,XGBoost_grid_1_AutoML_4_20260420_200853_model_2,target_lag1,1.8310873539745807
0,2,0.2,XGBoost_grid_1_AutoML_4_20260420_200853_model_2,target_lag2,0.9523118832241744
0,2,0.2,XGBoost_grid_1_AutoML_4_20260420_200853_model_2,target_lag3,0.10376788962166753
0,2,0.2,XGBoost_grid_1_AutoML_4_20260420_200853_model_2,target_lag4,0.06866792383603748
0,2,0.2,XGBoost_grid_1_AutoML_4_20260420_200853_model_2,target_lag5,0.08054063685238358
0,2,0.2,XGBoost_grid_1_AutoML_4_20260420_200853_model_2,target_lag6,0.0748047411208972
0,2,0.2,XGBoost_grid_1_AutoML_4_20260420_200853_model_2,cov_HULL_lag1,0.11385147712659087
0,2,0.2,XGBoost_grid_1_AutoML_4_20260420_200853_model_2,cov_MUFL_lag1,2.108575083166361
0,2,0.2,XGBoost_grid_1_AutoML_4_20260420_200853_model_2,cov_MULL_lag1,0.11892647972330447
0,2,0.2,XGBoost_grid_1_AutoML_4_20260420_200853_model_2,cov_LUFL_lag1,0.10200116060674186
0,2,0.2,XGBoost_grid_1_AutoML_4_20260420_200853_model_2,cov_LULL_lag1,0.05285518049844536
0,2,0.2,XGBoost_grid_1_AutoML_4_20260420_200853_model_2,cov_OT_lag1,0.09224797165021296
0,2,0.2,XGBoost_grid_1_AutoML_4_20260420_200853_model_2,hour_lag1,0.4198283755686134
0,2,0.2,XGBoost_grid_1_AutoML_4_20260420_200853_model_2,day_of_week_lag1,0.03294614797050595
0,2,0.2,XGBoost_grid_1_AutoML_4_20260420_200853_model_2,month_lag1,0.03449712013083623
0,2,0.2,XGBoost_grid_1_AutoML_4_20260420_200853_model_2,month_sin,0.03139872961677606
0,2,0.2,XGBoost_grid_1_AutoML_4_20260420_200853_model_2,month_cos,0.03119311354588712
0,2,0.2,XGBoost_grid_1_AutoML_4_20260420_200853_model_2,year,0.3032772755343467
0,2,0.2,XGBoost_1_AutoML_4_20260420_200853,target_lag1,2.337296153753996
0,2,0.2,XGBoost_1_AutoML_4_20260420_200853,target_lag2,0.30949964083731174
0,2,0.2,XGBoost_1_AutoML_4_20260420_200853,target_lag3,0.2419073033519089
0,2,0.2,XGBoost_1_AutoML_4_20260420_200853,target_lag4,0.09171568187273803
0,2,0.2,XGBoost_1_AutoML_4_20260420_200853,target_lag5,0.12493194823851804
0,2,0.2,XGBoost_1_AutoML_4_20260420_200853,target_lag6,0.09168872863054273
0,2,0.2,XGBoost_1_AutoML_4_20260420_200853,cov_HULL_lag1,0.10263171638129276
0,2,0.2,XGBoost_1_AutoML_4_20260420_200853,cov_MUFL_lag1,2.0405862821638583
0,2,0.2,XGBoost_1_AutoML_4_20260420_200853,cov_MULL_lag1,0.1187710265954956
0,2,0.2,XGBoost_1_AutoML_4_20260420_200853,cov_LUFL_lag1,0.09521862213732671
0,2,0.2,XGBoost_1_AutoML_4_20260420_200853,cov_LULL_lag1,0.06711164849752091
0,2,0.2,XGBoost_1_AutoML_4_20260420_200853,cov_OT_lag1,0.10644983739592132
0,2,0.2,XGBoost_1_AutoML_4_20260420_200853,hour_lag1,0.38632841387763617
0,2,0.2,XGBoost_1_AutoML_4_20260420_200853,day_of_week_lag1,0.03876201190287243
0,2,0.2,XGBoost_1_AutoML_4_20260420_200853,month_lag1,0.0588387494400376
0,2,0.2,XGBoost_1_AutoML_4_20260420_200853,month_sin,0.04894871419062834
0,2,0.2,XGBoost_1_AutoML_4_20260420_200853,month_cos,0.037027353348676066
0,2,0.2,XGBoost_1_AutoML_4_20260420_200853,year,0.3277913154661655
0,2,0.2,XGBoost_2_AutoML_4_20260420_200853,target_lag1,1.973636939227581
0,2,0.2,XGBoost_2_AutoML_4_20260420_200853,target_lag2,0.6031554928421974
0,2,0.2,XGBoost_2_AutoML_4_20260420_200853,target_lag3,0.21760539453476668
0,2,0.2,XGBoost_2_AutoML_4_20260420_200853,target_lag4,0.09919595918414412
0,2,0.2,XGBoost_2_AutoML_4_20260420_200853,target_lag5,0.10941007556131804
0,2,0.2,XGBoost_2_AutoML_4_20260420_200853,target_lag6,0.12541078698937777
0,2,0.2,XGBoost_2_AutoML_4_20260420_200853,cov_HULL_lag1,0.08374586799996901
0,2,0.2,XGBoost_2_AutoML_4_20260420_200853,cov_MUFL_lag1,1.98380584705621
0,2,0.2,XGBoost_2_AutoML_4_20260420_200853,cov_MULL_lag1,0.14969300238066352
0,2,0.2,XGBoost_2_AutoML_4_20260420_200853,cov_LUFL_lag1,0.09482831818051633
0,2,0.2,XGBoost_2_AutoML_4_20260420_200853,cov_LULL_lag1,0.08669156414456662
0,2,0.2,XGBoost_2_AutoML_4_20260420_200853,cov_OT_lag1,0.13150287866126742
0,2,0.2,XGBoost_2_AutoML_4_20260420_200853,hour_lag1,0.43384168184362354
0,2,0.2,XGBoost_2_AutoML_4_20260420_200853,day_of_week_lag1,0.038964839475229336
0,2,0.2,XGBoost_2_AutoML_4_20260420_200853,month_lag1,0.028258862472139257
0,2,0.2,XGBoost_2_AutoML_4_20260420_200853,month_sin,0.03740664296317842
0,2,0.2,XGBoost_2_AutoML_4_20260420_200853,month_cos,0.02343914078461235
0,2,0.2,XGBoost_2_AutoML_4_20260420_200853,year,0.4124725719355047
0,2,0.3,GBM_grid_1_AutoML_4_20260420_200853_model_1,target_lag1,1.876770369503647
0,2,0.3,GBM_grid_1_AutoML_4_20260420_200853_model_1,target_lag2,0.6115811095200478
0,2,0.3,GBM_grid_1_AutoML_4_20260420_200853_model_1,target_lag3,0.3602562428917736
0,2,0.3,GBM_grid_1_AutoML_4_20260420_200853_model_1,target_lag4,0.18614832105115056
0,2,0.3,GBM_grid_1_AutoML_4_20260420_200853_model_1,target_lag5,0.2537152837097528
0,2,0.3,GBM_grid_1_AutoML_4_20260420_200853_model_1,target_lag6,0.05430030653253192
0,2,0.3,GBM_grid_1_AutoML_4_20260420_200853_model_1,cov_HULL_lag1,0.07588935345411296
0,2,0.3,GBM_grid_1_AutoML_4_20260420_200853_model_1,cov_MUFL_lag1,1.226136434096843
0,2,0.3,GBM_grid_1_AutoML_4_20260420_200853_model_1,cov_MULL_lag1,0.08614310092525553
0,2,0.3,GBM_grid_1_AutoML_4_20260420_200853_model_1,cov_LUFL_lag1,0.13111552681773897
0,2,0.3,GBM_grid_1_AutoML_4_20260420_200853_model_1,cov_LULL_lag1,0.03264896593987937
0,2,0.3,GBM_grid_1_AutoML_4_20260420_200853_model_1,cov_OT_lag1,0.0543045796686783
0,2,0.3,GBM_grid_1_AutoML_4_20260420_200853_model_1,hour_lag1,0.3001654179999605
0,2,0.3,GBM_grid_1_AutoML_4_20260420_200853_model_1,day_of_week_lag1,0.030159869734197802
0,2,0.3,GBM_grid_1_AutoML_4_20260420_200853_model_1,month_lag1,0.028934274215716826
0,2,0.3,GBM_grid_1_AutoML_4_20260420_200853_model_1,month_sin,0.02401582241815045
0,2,0.3,GBM_grid_1_AutoML_4_20260420_200853_model_1,month_cos,0.02495361757202769
0,2,0.3,GBM_grid_1_AutoML_4_20260420_200853_model_1,year,0.1779532142821699
0,2,0.3,GBM_1_AutoML_4_20260420_200853,target_lag1,2.2746321139484644
0,2,0.3,GBM_1_AutoML_4_20260420_200853,target_lag2,0.6653714430332184
0,2,0.3,GBM_1_AutoML_4_20260420_200853,target_lag3,0.1950602210499346
0,2,0.3,GBM_1_AutoML_4_20260420_200853,target_lag4,0.03536619514226909
0,2,0.3,GBM_1_AutoML_4_20260420_200853,target_lag5,0.04726709357928481
0,2,0.3,GBM_1_AutoML_4_20260420_200853,target_lag6,0.051723548648878875
0,2,0.3,GBM_1_AutoML_4_20260420_200853,cov_HULL_lag1,0.12392900090664621
0,2,0.3,GBM_1_AutoML_4_20260420_200853,cov_MUFL_lag1,1.7034780982136726
0,2,0.3,GBM_1_AutoML_4_20260420_200853,cov_MULL_lag1,0.03819958317348205
0,2,0.3,GBM_1_AutoML_4_20260420_200853,cov_LUFL_lag1,0.08409735398367044
0,2,0.3,GBM_1_AutoML_4_20260420_200853,cov_LULL_lag1,0.01628436840837816
0,2,0.3,GBM_1_AutoML_4_20260420_200853,cov_OT_lag1,0.04523500202281862
0,2,0.3,GBM_1_AutoML_4_20260420_200853,hour_lag1,0.3029622430820018
0,2,0.3,GBM_1_AutoML_4_20260420_200853,day_of_week_lag1,0.021360371878836267
0,2,0.3,GBM_1_AutoML_4_20260420_200853,month_lag1,0.027060629225743423
0,2,0.3,GBM_1_AutoML_4_20260420_200853,month_sin,0.010251317286165386
0,2,0.3,GBM_1_AutoML_4_20260420_200853,month_cos,0.015846874985909337
0,2,0.3,GBM_1_AutoML_4_20260420_200853,year,0.1988676806539297
0,2,0.3,GBM_2_AutoML_4_20260420_200853,target_lag1,1.8663296648859977
0,2,0.3,GBM_2_AutoML_4_20260420_200853,target_lag2,0.6750792144145816
0,2,0.3,GBM_2_AutoML_4_20260420_200853,target_lag3,0.07874203019659032
0,2,0.3,GBM_2_AutoML_4_20260420_200853,target_lag4,0.05816070011351252
0,2,0.3,GBM_2_AutoML_4_20260420_200853,target_lag5,0.03442377799699894
0,2,0.3,GBM_2_AutoML_4_20260420_200853,target_lag6,0.0790371804439928
0,2,0.3,GBM_2_AutoML_4_20260420_200853,cov_HULL_lag1,0.05661122233839702
0,2,0.3,GBM_2_AutoML_4_20260420_200853,cov_MUFL_lag1,2.124245288968086
0,2,0.3,GBM_2_AutoML_4_20260420_200853,cov_MULL_lag1,0.07136697470443319
0,2,0.3,GBM_2_AutoML_4_20260420_200853,cov_LUFL_lag1,0.09561333199031648
0,2,0.3,GBM_2_AutoML_4_20260420_200853,cov_LULL_lag1,0.03230904132360588
0,2,0.3,GBM_2_AutoML_4_20260420_200853,cov_OT_lag1,0.04507583768572654
0,2,0.3,GBM_2_AutoML_4_20260420_200853,hour_lag1,0.3016667451057583
0,2,0.3,GBM_2_AutoML_4_20260420_200853,day_of_week_lag1,0.008386406692807167
0,2,0.3,GBM_2_AutoML_4_20260420_200853,month_lag1,0.04228630616882579
0,2,0.3,GBM_2_AutoML_4_20260420_200853,month_sin,0.017539697464089784
0,2,0.3,GBM_2_AutoML_4_20260420_200853,month_cos,0.01201645269757132
0,2,0.3,GBM_2_AutoML_4_20260420_200853,year,0.1538988638296723
0,2,0.3,XGBoost_3_AutoML_4_20260420_200853,target_lag1,2.050470299720764
0,2,0.3,XGBoost_3_AutoML_4_20260420_200853,target_lag2,0.34877825021743775
0,2,0.3,XGBoost_3_AutoML_4_20260420_200853,target_lag3,0.1694194562733173
0,2,0.3,XGBoost_3_AutoML_4_20260420_200853,target_lag4,0.09416643534786996
0,2,0.3,XGBoost_3_AutoML_4_20260420_200853,target_lag5,0.05561890179291364
0,2,0.3,XGBoost_3_AutoML_4_20260420_200853,target_lag6,0.081625606669113
0,2,0.3,XGBoost_3_AutoML_4_20260420_200853,cov_HULL_lag1,0.05137734782067124
0,2,0.3,XGBoost_3_AutoML_4_20260420_200853,cov_MUFL_lag1,2.242075793147087
0,2,0.3,XGBoost_3_AutoML_4_20260420_200853,cov_MULL_lag1,0.10307314715813842
0,2,0.3,XGBoost_3_AutoML_4_20260420_200853,cov_LUFL_lag1,0.18050705758854743
0,2,0.3,XGBoost_3_AutoML_4_20260420_200853,cov_LULL_lag1,0.034879071959294336
0,2,0.3,XGBoost_3_AutoML_4_20260420_200853,cov_OT_lag1,0.08166941989213222
0,2,0.3,XGBoost_3_AutoML_4_20260420_200853,hour_lag1,0.380301621472463
0,2,0.3,XGBoost_3_AutoML_4_20260420_200853,day_of_week_lag1,0.019768177884397983
0,2,0.3,XGBoost_3_AutoML_4_20260420_200853,month_lag1,0.027170559207443108
0,2,0.3,XGBoost_3_AutoML_4_20260420_200853,month_sin,0.017074747771948718
0,2,0.3,XGBoost_3_AutoML_4_20260420_200853,month_cos,0.01809327324852343
0,2,0.3,XGBoost_3_AutoML_4_20260420_200853,year,0.27387272983789446
0,2,0.3,GBM_3_AutoML_4_20260420_200853,target_lag1,1.7101920107752084
0,2,0.3,GBM_3_AutoML_4_20260420_200853,target_lag2,0.6809757186472416
0,2,0.3,GBM_3_AutoML_4_20260420_200853,target_lag3,0.07971026381361294
0,2,0.3,GBM_3_AutoML_4_20260420_200853,target_lag4,0.04148817277455233
0,2,0.3,GBM_3_AutoML_4_20260420_200853,target_lag5,0.0397238412359729
0,2,0.3,GBM_3_AutoML_4_20260420_200853,target_lag6,0.07404289954982227
0,2,0.3,GBM_3_AutoML_4_20260420_200853,cov_HULL_lag1,0.06006224260665473
0,2,0.3,GBM_3_AutoML_4_20260420_200853,cov_MUFL_lag1,2.3570970767736434
0,2,0.3,GBM_3_AutoML_4_20260420_200853,cov_MULL_lag1,0.06713462585234078
0,2,0.3,GBM_3_AutoML_4_20260420_200853,cov_LUFL_lag1,0.11744814381003377
0,2,0.3,GBM_3_AutoML_4_20260420_200853,cov_LULL_lag1,0.03237152528250586
0,2,0.3,GBM_3_AutoML_4_20260420_200853,cov_OT_lag1,0.052535497467615606
0,2,0.3,GBM_3_AutoML_4_20260420_200853,hour_lag1,0.32420856843702495
0,2,0.3,GBM_3_AutoML_4_20260420_200853,day_of_week_lag1,0.015918366007535902
0,2,0.3,GBM_3_AutoML_4_20260420_200853,month_lag1,0.027175629974808494
0,2,0.3,GBM_3_AutoML_4_20260420_200853,month_sin,0.0201192846269259
0,2,0.3,GBM_3_AutoML_4_20260420_200853,month_cos,0.015835927653242786
0,2,0.3,GBM_3_AutoML_4_20260420_200853,year,0.17985579475760458
0,2,0.3,XGBoost_grid_1_AutoML_4_20260420_200853_model_5,target_lag1,2.9536217372119427
0,2,0.3,XGBoost_grid_1_AutoML_4_20260420_200853_model_5,target_lag2,0.3368032197933644
0,2,0.3,XGBoost_grid_1_AutoML_4_20260420_200853_model_5,target_lag3,0.07263317802455271
0,2,0.3,XGBoost_grid_1_AutoML_4_20260420_200853_model_5,target_lag4,0.017972553441068115
0,2,0.3,XGBoost_grid_1_AutoML_4_20260420_200853_model_5,target_lag5,0.03316336859483268
0,2,0.3,XGBoost_grid_1_AutoML_4_20260420_200853_model_5,target_lag6,0.09118652009172362
0,2,0.3,XGBoost_grid_1_AutoML_4_20260420_200853_model_5,cov_HULL_lag1,0.09548587202094491
0,2,0.3,XGBoost_grid_1_AutoML_4_20260420_200853_model_5,cov_MUFL_lag1,1.2651785278320313
0,2,0.3,XGBoost_grid_1_AutoML_4_20260420_200853_model_5,cov_MULL_lag1,0.06371460493654008
0,2,0.3,XGBoost_grid_1_AutoML_4_20260420_200853_model_5,cov_LUFL_lag1,0.08397585376165803
0,2,0.3,XGBoost_grid_1_AutoML_4_20260420_200853_model_5,cov_LULL_lag1,0.007012341995723514
0,2,0.3,XGBoost_grid_1_AutoML_4_20260420_200853_model_5,cov_OT_lag1,0.03571844001999122
0,2,0.3,XGBoost_grid_1_AutoML_4_20260420_200853_model_5,hour_lag1,0.3386940640769899
0,2,0.3,XGBoost_grid_1_AutoML_4_20260420_200853_model_5,day_of_week_lag1,0.0
0,2,0.3,XGBoost_grid_1_AutoML_4_20260420_200853_model_5,month_lag1,0.03671402045991267
0,2,0.3,XGBoost_grid_1_AutoML_4_20260420_200853_model_5,month_sin,0.0032436695879732714
0,2,0.3,XGBoost_grid_1_AutoML_4_20260420_200853_model_5,month_cos,0.00067858360853279
0,2,0.3,XGBoost_grid_1_AutoML_4_20260420_200853_model_5,year,0.42414517015218733
0,2,0.3,GBM_4_AutoML_4_20260420_200853,target_lag1,2.291968103162944
0,2,0.3,GBM_4_AutoML_4_20260420_200853,target_lag2,0.3618866190686822
0,2,0.3,GBM_4_AutoML_4_20260420_200853,target_lag3,0.14492467604577536
0,2,0.3,GBM_4_AutoML_4_20260420_200853,target_lag4,0.04118314605671908
0,2,0.3,GBM_4_AutoML_4_20260420_200853,target_lag5,0.05356073154354813
0,2,0.3,GBM_4_AutoML_4_20260420_200853,target_lag6,0.06439348657033403
0,2,0.3,GBM_4_AutoML_4_20260420_200853,cov_HULL_lag1,0.09174463702365752
0,2,0.3,GBM_4_AutoML_4_20260420_200853,cov_MUFL_lag1,1.8419999131560325
0,2,0.3,GBM_4_AutoML_4_20260420_200853,cov_MULL_lag1,0.06499461451778185
0,2,0.3,GBM_4_AutoML_4_20260420_200853,cov_LUFL_lag1,0.08682753971312192
0,2,0.3,GBM_4_AutoML_4_20260420_200853,cov_LULL_lag1,0.034505078563233794
0,2,0.3,GBM_4_AutoML_4_20260420_200853,cov_OT_lag1,0.04888566560461182
0,2,0.3,GBM_4_AutoML_4_20260420_200853,hour_lag1,0.3698936678981408
0,2,0.3,GBM_4_AutoML_4_20260420_200853,day_of_week_lag1,0.017519400038872795
0,2,0.3,GBM_4_AutoML_4_20260420_200853,month_lag1,0.026786244234535798
0,2,0.3,GBM_4_AutoML_4_20260420_200853,month_sin,0.015509308810578612
0,2,0.3,GBM_4_AutoML_4_20260420_200853,month_cos,0.021654695931356355
0,2,0.3,GBM_4_AutoML_4_20260420_200853,year,0.22344926653429867
0,2,0.3,XRT_1_AutoML_4_20260420_200853,target_lag1,1.415983942914754
0,2,0.3,XRT_1_AutoML_4_20260420_200853,target_lag2,1.1113519428670406
0,2,0.3,XRT_1_AutoML_4_20260420_200853,target_lag3,0.6957625314593315
0,2,0.3,XRT_1_AutoML_4_20260420_200853,target_lag4,0.28646760046482084
0,2,0.3,XRT_1_AutoML_4_20260420_200853,target_lag5,0.16388231759890912
0,2,0.3,XRT_1_AutoML_4_20260420_200853,target_lag6,0.05924054749542844
0,2,0.3,XRT_1_AutoML_4_20260420_200853,cov_HULL_lag1,0.08118684233631936
0,2,0.3,XRT_1_AutoML_4_20260420_200853,cov_MUFL_lag1,1.5592706860043108
0,2,0.3,XRT_1_AutoML_4_20260420_200853,cov_MULL_lag1,0.08328040724038142
0,2,0.3,XRT_1_AutoML_4_20260420_200853,cov_LUFL_lag1,1.0728131781640695
0,2,0.3,XRT_1_AutoML_4_20260420_200853,cov_LULL_lag1,0.04221822718856851
0,2,0.3,XRT_1_AutoML_4_20260420_200853,cov_OT_lag1,0.04389294271153625
0,2,0.3,XRT_1_AutoML_4_20260420_200853,hour_lag1,0.2692551618814468
0,2,0.3,XRT_1_AutoML_4_20260420_200853,day_of_week_lag1,0.3625219586980529
0,2,0.3,XRT_1_AutoML_4_20260420_200853,month_lag1,0.08899357611313459
0,2,0.3,XRT_1_AutoML_4_20260420_200853,month_sin,0.022605429140239677
0,2,0.3,XRT_1_AutoML_4_20260420_200853,month_cos,0.022410956625826612
0,2,0.3,XRT_1_AutoML_4_20260420_200853,year,0.18407309535890815
0,2,0.3,GBM_grid_1_AutoML_4_20260420_200853_model_2,target_lag1,1.49286790659884
0,2,0.3,GBM_grid_1_AutoML_4_20260420_200853_model_2,target_lag2,0.656403519064188
0,2,0.3,GBM_grid_1_AutoML_4_20260420_200853_model_2,target_lag3,0.28374598305672405
0,2,0.3,GBM_grid_1_AutoML_4_20260420_200853_model_2,target_lag4,0.34602711064741015
0,2,0.3,GBM_grid_1_AutoML_4_20260420_200853_model_2,target_lag5,0.046140616308548446
0,2,0.3,GBM_grid_1_AutoML_4_20260420_200853_model_2,target_lag6,0.11942163884639735
0,2,0.3,GBM_grid_1_AutoML_4_20260420_200853_model_2,cov_HULL_lag1,0.11975868840236213
0,2,0.3,GBM_grid_1_AutoML_4_20260420_200853_model_2,cov_MUFL_lag1,1.8136878282390534
0,2,0.3,GBM_grid_1_AutoML_4_20260420_200853_model_2,cov_MULL_lag1,0.07054251514840866
0,2,0.3,GBM_grid_1_AutoML_4_20260420_200853_model_2,cov_LUFL_lag1,0.11111874138005075
0,2,0.3,GBM_grid_1_AutoML_4_20260420_200853_model_2,cov_LULL_lag1,0.0512048831954598
0,2,0.3,GBM_grid_1_AutoML_4_20260420_200853_model_2,cov_OT_lag1,0.045109245227504244
0,2,0.3,GBM_grid_1_AutoML_4_20260420_200853_model_2,hour_lag1,0.25167498230934143
0,2,0.3,GBM_grid_1_AutoML_4_20260420_200853_model_2,day_of_week_lag1,0.027728047710261255
0,2,0.3,GBM_grid_1_AutoML_4_20260420_200853_model_2,month_lag1,0.021844810413895126
0,2,0.3,GBM_grid_1_AutoML_4_20260420_200853_model_2,month_sin,0.018098819385922935
0,2,0.3,GBM_grid_1_AutoML_4_20260420_200853_model_2,month_cos,0.02777290542398982
0,2,0.3,GBM_grid_1_AutoML_4_20260420_200853_model_2,year,0.22735910369548948
0,2,0.3,DRF_1_AutoML_4_20260420_200853,target_lag1,1.4727413498610258
0,2,0.3,DRF_1_AutoML_4_20260420_200853,target_lag2,0.9991709528863431
0,2,0.3,DRF_1_AutoML_4_20260420_200853,target_lag3,0.47851299345493314
0,2,0.3,DRF_1_AutoML_4_20260420_200853,target_lag4,0.31410223711282015
0,2,0.3,DRF_1_AutoML_4_20260420_200853,target_lag5,0.11265520617365833
0,2,0.3,DRF_1_AutoML_4_20260420_200853,target_lag6,0.22662136079743506
0,2,0.3,DRF_1_AutoML_4_20260420_200853,cov_HULL_lag1,0.0808802997373277
0,2,0.3,DRF_1_AutoML_4_20260420_200853,cov_MUFL_lag1,1.8135710071399809
0,2,0.3,DRF_1_AutoML_4_20260420_200853,cov_MULL_lag1,0.10843505712284238
0,2,0.3,DRF_1_AutoML_4_20260420_200853,cov_LUFL_lag1,0.08100387812068216
0,2,0.3,DRF_1_AutoML_4_20260420_200853,cov_LULL_lag1,0.018893895450746597
0,2,0.3,DRF_1_AutoML_4_20260420_200853,cov_OT_lag1,0.04108393540256652
0,2,0.3,DRF_1_AutoML_4_20260420_200853,hour_lag1,0.2299610535055399
0,2,0.3,DRF_1_AutoML_4_20260420_200853,day_of_week_lag1,0.014858110588538644
0,2,0.3,DRF_1_AutoML_4_20260420_200853,month_lag1,0.019814937983173825
0,2,0.3,DRF_1_AutoML_4_20260420_200853,month_sin,0.014256079529877709
0,2,0.3,DRF_1_AutoML_4_20260420_200853,month_cos,0.01190450132940891
0,2,0.3,DRF_1_AutoML_4_20260420_200853,year,0.1623888088017702
0,2,0.3,XGBoost_grid_1_AutoML_4_20260420_200853_model_3,target_lag1,1.4958908899128438
0,2,0.3,XGBoost_grid_1_AutoML_4_20260420_200853_model_3,target_lag2,0.824934566617012
0,2,0.3,XGBoost_grid_1_AutoML_4_20260420_200853_model_3,target_lag3,0.3128759769722819
0,2,0.3,XGBoost_grid_1_AutoML_4_20260420_200853_model_3,target_lag4,0.2458278590487316
0,2,0.3,XGBoost_grid_1_AutoML_4_20260420_200853_model_3,target_lag5,0.08803295094636265
0,2,0.3,XGBoost_grid_1_AutoML_4_20260420_200853_model_3,target_lag6,0.09412210893817242
0,2,0.3,XGBoost_grid_1_AutoML_4_20260420_200853_model_3,cov_HULL_lag1,0.06770230263937262
0,2,0.3,XGBoost_grid_1_AutoML_4_20260420_200853_model_3,cov_MUFL_lag1,2.0030955761671065
0,2,0.3,XGBoost_grid_1_AutoML_4_20260420_200853_model_3,cov_MULL_lag1,0.040451266961172176
0,2,0.3,XGBoost_grid_1_AutoML_4_20260420_200853_model_3,cov_LUFL_lag1,0.09820992516353723
0,2,0.3,XGBoost_grid_1_AutoML_4_20260420_200853_model_3,cov_LULL_lag1,0.012287478985963331
0,2,0.3,XGBoost_grid_1_AutoML_4_20260420_200853_model_3,cov_OT_lag1,0.0501688409876078
0,2,0.3,XGBoost_grid_1_AutoML_4_20260420_200853_model_3,hour_lag1,0.3593880420364439
0,2,0.3,XGBoost_grid_1_AutoML_4_20260420_200853_model_3,day_of_week_lag1,0.0
0,2,0.3,XGBoost_grid_1_AutoML_4_20260420_200853_model_3,month_lag1,0.019510260261595202
0,2,0.3,XGBoost_grid_1_AutoML_4_20260420_200853_model_3,month_sin,0.0001179830623732414
0,2,0.3,XGBoost_grid_1_AutoML_4_20260420_200853_model_3,month_cos,0.0
0,2,0.3,XGBoost_grid_1_AutoML_4_20260420_200853_model_3,year,0.10115165819413957
0,2,0.3,GBM_5_AutoML_4_20260420_200853,target_lag1,2.128803079656791
0,2,0.3,GBM_5_AutoML_4_20260420_200853,target_lag2,0.8301133878156542
0,2,0.3,GBM_5_AutoML_4_20260420_200853,target_lag3,0.050756770900916265
0,2,0.3,GBM_5_AutoML_4_20260420_200853,target_lag4,0.05712441175244743
0,2,0.3,GBM_5_AutoML_4_20260420_200853,target_lag5,0.03543311246321532
0,2,0.3,GBM_5_AutoML_4_20260420_200853,target_lag6,0.06840336528606708
0,2,0.3,GBM_5_AutoML_4_20260420_200853,cov_HULL_lag1,0.061763416277244645
0,2,0.3,GBM_5_AutoML_4_20260420_200853,cov_MUFL_lag1,1.5974266344308854
0,2,0.3,GBM_5_AutoML_4_20260420_200853,cov_MULL_lag1,0.0774695938872173
0,2,0.3,GBM_5_AutoML_4_20260420_200853,cov_LUFL_lag1,0.08772380528273058
0,2,0.3,GBM_5_AutoML_4_20260420_200853,cov_LULL_lag1,0.019718003269226708
0,2,0.3,GBM_5_AutoML_4_20260420_200853,cov_OT_lag1,0.04891962744295593
0,2,0.3,GBM_5_AutoML_4_20260420_200853,hour_lag1,0.3101580191357061
0,2,0.3,GBM_5_AutoML_4_20260420_200853,day_of_week_lag1,0.011547689955914346
0,2,0.3,GBM_5_AutoML_4_20260420_200853,month_lag1,0.02859341439383566
0,2,0.3,GBM_5_AutoML_4_20260420_200853,month_sin,0.005627230422542161
0,2,0.3,GBM_5_AutoML_4_20260420_200853,month_cos,0.00666690682992335
0,2,0.3,GBM_5_AutoML_4_20260420_200853,year,0.18564159477129571
0,2,0.3,XGBoost_grid_1_AutoML_4_20260420_200853_model_1,target_lag1,2.284625754295848
0,2,0.3,XGBoost_grid_1_AutoML_4_20260420_200853_model_1,target_lag2,0.3718504579365253
0,2,0.3,XGBoost_grid_1_AutoML_4_20260420_200853_model_1,target_lag3,0.25130956586333925
0,2,0.3,XGBoost_grid_1_AutoML_4_20260420_200853_model_1,target_lag4,0.017332912152487508
0,2,0.3,XGBoost_grid_1_AutoML_4_20260420_200853_model_1,target_lag5,0.10638318932615216
0,2,0.3,XGBoost_grid_1_AutoML_4_20260420_200853_model_1,target_lag6,0.08346603484125803
0,2,0.3,XGBoost_grid_1_AutoML_4_20260420_200853_model_1,cov_HULL_lag1,0.08470926712732757
0,2,0.3,XGBoost_grid_1_AutoML_4_20260420_200853_model_1,cov_MUFL_lag1,1.8329183802008628
0,2,0.3,XGBoost_grid_1_AutoML_4_20260420_200853_model_1,cov_MULL_lag1,0.09805098609998819
0,2,0.3,XGBoost_grid_1_AutoML_4_20260420_200853_model_1,cov_LUFL_lag1,0.1831848184019327
0,2,0.3,XGBoost_grid_1_AutoML_4_20260420_200853_model_1,cov_LULL_lag1,0.012931948117911757
0,2,0.3,XGBoost_grid_1_AutoML_4_20260420_200853_model_1,cov_OT_lag1,0.05045595814473922
0,2,0.3,XGBoost_grid_1_AutoML_4_20260420_200853_model_1,hour_lag1,0.34839947293512524
0,2,0.3,XGBoost_grid_1_AutoML_4_20260420_200853_model_1,day_of_week_lag1,0.011264447034336591
0,2,0.3,XGBoost_grid_1_AutoML_4_20260420_200853_model_1,month_lag1,0.018338027559220732
0,2,0.3,XGBoost_grid_1_AutoML_4_20260420_200853_model_1,month_sin,0.009019996987190047
0,2,0.3,XGBoost_grid_1_AutoML_4_20260420_200853_model_1,month_cos,0.00011786522227339447
0,2,0.3,XGBoost_grid_1_AutoML_4_20260420_200853_model_1,year,0.4436992000043392
0,2,0.3,XGBoost_grid_1_AutoML_4_20260420_200853_model_4,target_lag1,1.7469010136276484
0,2,0.3,XGBoost_grid_1_AutoML_4_20260420_200853_model_4,target_lag2,1.2274404828622938
0,2,0.3,XGBoost_grid_1_AutoML_4_20260420_200853_model_4,target_lag3,0.12928466134704647
0,2,0.3,XGBoost_grid_1_AutoML_4_20260420_200853_model_4,target_lag4,0.05150841158581894
0,2,0.3,XGBoost_grid_1_AutoML_4_20260420_200853_model_4,target_lag5,0.055280181097332355
0,2,0.3,XGBoost_grid_1_AutoML_4_20260420_200853_model_4,target_lag6,0.07699562825262543
0,2,0.3,XGBoost_grid_1_AutoML_4_20260420_200853_model_4,cov_HULL_lag1,0.11560568123473783
0,2,0.3,XGBoost_grid_1_AutoML_4_20260420_200853_model_4,cov_MUFL_lag1,1.5213835126161575
0,2,0.3,XGBoost_grid_1_AutoML_4_20260420_200853_model_4,cov_MULL_lag1,0.09006445372942831
0,2,0.3,XGBoost_grid_1_AutoML_4_20260420_200853_model_4,cov_LUFL_lag1,0.11292542675510045
0,2,0.3,XGBoost_grid_1_AutoML_4_20260420_200853_model_4,cov_LULL_lag1,0.04248337669298048
0,2,0.3,XGBoost_grid_1_AutoML_4_20260420_200853_model_4,cov_OT_lag1,0.0868534183874726
0,2,0.3,XGBoost_grid_1_AutoML_4_20260420_200853_model_4,hour_lag1,0.42728169684764
0,2,0.3,XGBoost_grid_1_AutoML_4_20260420_200853_model_4,day_of_week_lag1,0.027528853520561784
0,2,0.3,XGBoost_grid_1_AutoML_4_20260420_200853_model_4,month_lag1,0.03440567223820831
0,2,0.3,XGBoost_grid_1_AutoML_4_20260420_200853_model_4,month_sin,0.020530991596460765
0,2,0.3,XGBoost_grid_1_AutoML_4_20260420_200853_model_4,month_cos,0.022874824315367692
0,2,0.3,XGBoost_grid_1_AutoML_4_20260420_200853_model_4,year,0.297742690294981
0,2,0.3,GBM_grid_1_AutoML_4_20260420_200853_model_3,target_lag1,1.076912426315248
0,2,0.3,GBM_grid_1_AutoML_4_20260420_200853_model_3,target_lag2,1.0354385886481032
0,2,0.3,GBM_grid_1_AutoML_4_20260420_200853_model_3,target_lag3,0.14773793556727466
0,2,0.3,GBM_grid_1_AutoML_4_20260420_200853_model_3,target_lag4,0.1577298994315788
0,2,0.3,GBM_grid_1_AutoML_4_20260420_200853_model_3,target_lag5,0.11661577494349327
0,2,0.3,GBM_grid_1_AutoML_4_20260420_200853_model_3,target_lag6,0.12563086653593925
0,2,0.3,GBM_grid_1_AutoML_4_20260420_200853_model_3,cov_HULL_lag1,0.09044022493530061
0,2,0.3,GBM_grid_1_AutoML_4_20260420_200853_model_3,cov_MUFL_lag1,1.8605683011375367
0,2,0.3,GBM_grid_1_AutoML_4_20260420_200853_model_3,cov_MULL_lag1,0.09017166733276094
0,2,0.3,GBM_grid_1_AutoML_4_20260420_200853_model_3,cov_LUFL_lag1,0.17990686579607426
0,2,0.3,GBM_grid_1_AutoML_4_20260420_200853_model_3,cov_LULL_lag1,0.030698886369646027
0,2,0.3,GBM_grid_1_AutoML_4_20260420_200853_model_3,cov_OT_lag1,0.06236994182494523
0,2,0.3,GBM_grid_1_AutoML_4_20260420_200853_model_3,hour_lag1,0.2790371674019843
0,2,0.3,GBM_grid_1_AutoML_4_20260420_200853_model_3,day_of_week_lag1,0.02161759255774082
0,2,0.3,GBM_grid_1_AutoML_4_20260420_200853_model_3,month_lag1,0.03686841885559256
0,2,0.3,GBM_grid_1_AutoML_4_20260420_200853_model_3,month_sin,0.02649936821544538
0,2,0.3,GBM_grid_1_AutoML_4_20260420_200853_model_3,month_cos,0.019403388173668594
0,2,0.3,GBM_grid_1_AutoML_4_20260420_200853_model_3,year,0.21789297603070737
0,2,0.3,GLM_1_AutoML_4_20260420_200853,target_lag1,1.538463719498777
0,2,0.3,GLM_1_AutoML_4_20260420_200853,target_lag2,0.948711218110022
0,2,0.3,GLM_1_AutoML_4_20260420_200853,target_lag3,0.48478659041854927
0,2,0.3,GLM_1_AutoML_4_20260420_200853,target_lag4,0.05703152399159528
0,2,0.3,GLM_1_AutoML_4_20260420_200853,target_lag5,0.2174611332692487
0,2,0.3,GLM_1_AutoML_4_20260420_200853,target_lag6,0.3030728683759587
0,2,0.3,GLM_1_AutoML_4_20260420_200853,cov_HULL_lag1,0.015979296776938493
0,2,0.3,GLM_1_AutoML_4_20260420_200853,cov_MUFL_lag1,1.8300781493030485
0,2,0.3,GLM_1_AutoML_4_20260420_200853,cov_MULL_lag1,0.07738777154666687
0,2,0.3,GLM_1_AutoML_4_20260420_200853,cov_LUFL_lag1,0.20258637086020298
0,2,0.3,GLM_1_AutoML_4_20260420_200853,cov_LULL_lag1,0.012848093333085208
0,2,0.3,GLM_1_AutoML_4_20260420_200853,cov_OT_lag1,0.03551759581097933
0,2,0.3,GLM_1_AutoML_4_20260420_200853,hour_lag1,0.12610448218657433
0,2,0.3,GLM_1_AutoML_4_20260420_200853,day_of_week_lag1,0.006903092264451857
0,2,0.3,GLM_1_AutoML_4_20260420_200853,month_lag1,0.0021692216762925114
0,2,0.3,GLM_1_AutoML_4_20260420_200853,month_sin,0.003093449685030957
0,2,0.3,GLM_1_AutoML_4_20260420_200853,month_cos,0.004339799692629989
0,2,0.3,GLM_1_AutoML_4_20260420_200853,year,0.37618319059530264
0,2,0.3,XGBoost_grid_1_AutoML_4_20260420_200853_model_2,target_lag1,1.8310873539745807
0,2,0.3,XGBoost_grid_1_AutoML_4_20260420_200853_model_2,target_lag2,0.9523118832241744
0,2,0.3,XGBoost_grid_1_AutoML_4_20260420_200853_model_2,target_lag3,0.10376788962166753
0,2,0.3,XGBoost_grid_1_AutoML_4_20260420_200853_model_2,target_lag4,0.06866792383603748
0,2,0.3,XGBoost_grid_1_AutoML_4_20260420_200853_model_2,target_lag5,0.08054063685238358
0,2,0.3,XGBoost_grid_1_AutoML_4_20260420_200853_model_2,target_lag6,0.0748047411208972
0,2,0.3,XGBoost_grid_1_AutoML_4_20260420_200853_model_2,cov_HULL_lag1,0.11385147712659087
0,2,0.3,XGBoost_grid_1_AutoML_4_20260420_200853_model_2,cov_MUFL_lag1,2.108575083166361
0,2,0.3,XGBoost_grid_1_AutoML_4_20260420_200853_model_2,cov_MULL_lag1,0.11892647972330447
0,2,0.3,XGBoost_grid_1_AutoML_4_20260420_200853_model_2,cov_LUFL_lag1,0.10200116060674186
0,2,0.3,XGBoost_grid_1_AutoML_4_20260420_200853_model_2,cov_LULL_lag1,0.05285518049844536
0,2,0.3,XGBoost_grid_1_AutoML_4_20260420_200853_model_2,cov_OT_lag1,0.09224797165021296
0,2,0.3,XGBoost_grid_1_AutoML_4_20260420_200853_model_2,hour_lag1,0.4198283755686134
0,2,0.3,XGBoost_grid_1_AutoML_4_20260420_200853_model_2,day_of_week_lag1,0.03294614797050595
0,2,0.3,XGBoost_grid_1_AutoML_4_20260420_200853_model_2,month_lag1,0.03449712013083623
0,2,0.3,XGBoost_grid_1_AutoML_4_20260420_200853_model_2,month_sin,0.03139872961677606
0,2,0.3,XGBoost_grid_1_AutoML_4_20260420_200853_model_2,month_cos,0.03119311354588712
0,2,0.3,XGBoost_grid_1_AutoML_4_20260420_200853_model_2,year,0.3032772755343467
0,2,0.3,XGBoost_1_AutoML_4_20260420_200853,target_lag1,2.337296153753996
0,2,0.3,XGBoost_1_AutoML_4_20260420_200853,target_lag2,0.30949964083731174
0,2,0.3,XGBoost_1_AutoML_4_20260420_200853,target_lag3,0.2419073033519089
0,2,0.3,XGBoost_1_AutoML_4_20260420_200853,target_lag4,0.09171568187273803
0,2,0.3,XGBoost_1_AutoML_4_20260420_200853,target_lag5,0.12493194823851804
0,2,0.3,XGBoost_1_AutoML_4_20260420_200853,target_lag6,0.09168872863054273
0,2,0.3,XGBoost_1_AutoML_4_20260420_200853,cov_HULL_lag1,0.10263171638129276
0,2,0.3,XGBoost_1_AutoML_4_20260420_200853,cov_MUFL_lag1,2.0405862821638583
0,2,0.3,XGBoost_1_AutoML_4_20260420_200853,cov_MULL_lag1,0.1187710265954956
0,2,0.3,XGBoost_1_AutoML_4_20260420_200853,cov_LUFL_lag1,0.09521862213732671
0,2,0.3,XGBoost_1_AutoML_4_20260420_200853,cov_LULL_lag1,0.06711164849752091
0,2,0.3,XGBoost_1_AutoML_4_20260420_200853,cov_OT_lag1,0.10644983739592132
0,2,0.3,XGBoost_1_AutoML_4_20260420_200853,hour_lag1,0.38632841387763617
0,2,0.3,XGBoost_1_AutoML_4_20260420_200853,day_of_week_lag1,0.03876201190287243
0,2,0.3,XGBoost_1_AutoML_4_20260420_200853,month_lag1,0.0588387494400376
0,2,0.3,XGBoost_1_AutoML_4_20260420_200853,month_sin,0.04894871419062834
0,2,0.3,XGBoost_1_AutoML_4_20260420_200853,month_cos,0.037027353348676066
0,2,0.3,XGBoost_1_AutoML_4_20260420_200853,year,0.3277913154661655
0,2,0.3,XGBoost_2_AutoML_4_20260420_200853,target_lag1,1.973636939227581
0,2,0.3,XGBoost_2_AutoML_4_20260420_200853,target_lag2,0.6031554928421974
0,2,0.3,XGBoost_2_AutoML_4_20260420_200853,target_lag3,0.21760539453476668
0,2,0.3,XGBoost_2_AutoML_4_20260420_200853,target_lag4,0.09919595918414412
0,2,0.3,XGBoost_2_AutoML_4_20260420_200853,target_lag5,0.10941007556131804
0,2,0.3,XGBoost_2_AutoML_4_20260420_200853,target_lag6,0.12541078698937777
0,2,0.3,XGBoost_2_AutoML_4_20260420_200853,cov_HULL_lag1,0.08374586799996901
0,2,0.3,XGBoost_2_AutoML_4_20260420_200853,cov_MUFL_lag1,1.98380584705621
0,2,0.3,XGBoost_2_AutoML_4_20260420_200853,cov_MULL_lag1,0.14969300238066352
0,2,0.3,XGBoost_2_AutoML_4_20260420_200853,cov_LUFL_lag1,0.09482831818051633
0,2,0.3,XGBoost_2_AutoML_4_20260420_200853,cov_LULL_lag1,0.08669156414456662
0,2,0.3,XGBoost_2_AutoML_4_20260420_200853,cov_OT_lag1,0.13150287866126742
0,2,0.3,XGBoost_2_AutoML_4_20260420_200853,hour_lag1,0.43384168184362354
0,2,0.3,XGBoost_2_AutoML_4_20260420_200853,day_of_week_lag1,0.038964839475229336
0,2,0.3,XGBoost_2_AutoML_4_20260420_200853,month_lag1,0.028258862472139257
0,2,0.3,XGBoost_2_AutoML_4_20260420_200853,month_sin,0.03740664296317842
0,2,0.3,XGBoost_2_AutoML_4_20260420_200853,month_cos,0.02343914078461235
0,2,0.3,XGBoost_2_AutoML_4_20260420_200853,year,0.4124725719355047
0,2,0.3,XGBoost_grid_1_AutoML_4_20260420_200853_model_6,target_lag1,1.5672644449397921
0,2,0.3,XGBoost_grid_1_AutoML_4_20260420_200853_model_6,target_lag2,0.7577480521774851
0,2,0.3,XGBoost_grid_1_AutoML_4_20260420_200853_model_6,target_lag3,0.3420832100976259
0,2,0.3,XGBoost_grid_1_AutoML_4_20260420_200853_model_6,target_lag4,0.37384162373840807
0,2,0.3,XGBoost_grid_1_AutoML_4_20260420_200853_model_6,target_lag5,0.09263253031298514
0,2,0.3,XGBoost_grid_1_AutoML_4_20260420_200853_model_6,target_lag6,0.11893847787287083
0,2,0.3,XGBoost_grid_1_AutoML_4_20260420_200853_model_6,cov_HULL_lag1,0.16085626711486836
0,2,0.3,XGBoost_grid_1_AutoML_4_20260420_200853_model_6,cov_MUFL_lag1,1.7029528222978114
0,2,0.3,XGBoost_grid_1_AutoML_4_20260420_200853_model_6,cov_MULL_lag1,0.1604235129902372
0,2,0.3,XGBoost_grid_1_AutoML_4_20260420_200853_model_6,cov_LUFL_lag1,0.1461563245207071
0,2,0.3,XGBoost_grid_1_AutoML_4_20260420_200853_model_6,cov_LULL_lag1,0.05409409984946247
0,2,0.3,XGBoost_grid_1_AutoML_4_20260420_200853_model_6,cov_OT_lag1,0.06915265941526735
0,2,0.3,XGBoost_grid_1_AutoML_4_20260420_200853_model_6,hour_lag1,0.3643004672648385
0,2,0.3,XGBoost_grid_1_AutoML_4_20260420_200853_model_6,day_of_week_lag1,0.039055178072885575
0,2,0.3,XGBoost_grid_1_AutoML_4_20260420_200853_model_6,month_lag1,0.045693822938483154
0,2,0.3,XGBoost_grid_1_AutoML_4_20260420_200853_model_6,month_sin,0.0246924986946396
0,2,0.3,XGBoost_grid_1_AutoML_4_20260420_200853_model_6,month_cos,0.041719079075846766
0,2,0.3,XGBoost_grid_1_AutoML_4_20260420_200853_model_6,year,0.3172319281846285
1,2,0.02,GBM_1_AutoML_5_20260420_201424,target_lag1,2.1891437792778015
1,2,0.02,GBM_1_AutoML_5_20260420_201424,target_lag2,0.4024592335568741
1,2,0.02,GBM_1_AutoML_5_20260420_201424,target_lag3,0.2175903175654821
1,2,0.02,GBM_1_AutoML_5_20260420_201424,target_lag4,0.04081909074913705
1,2,0.02,GBM_1_AutoML_5_20260420_201424,target_lag5,0.05841793021536429
1,2,0.02,GBM_1_AutoML_5_20260420_201424,target_lag6,0.04984300039359365
1,2,0.02,GBM_1_AutoML_5_20260420_201424,cov_HULL_lag1,0.03297704276163126
1,2,0.02,GBM_1_AutoML_5_20260420_201424,cov_MUFL_lag1,1.490758807361126
1,2,0.02,GBM_1_AutoML_5_20260420_201424,cov_MULL_lag1,0.04625585640314963
1,2,0.02,GBM_1_AutoML_5_20260420_201424,cov_LUFL_lag1,0.068363469322212
1,2,0.02,GBM_1_AutoML_5_20260420_201424,cov_LULL_lag1,0.02575355764594856
1,2,0.02,GBM_1_AutoML_5_20260420_201424,cov_OT_lag1,0.0416573387989774
1,2,0.02,GBM_1_AutoML_5_20260420_201424,hour_lag1,0.4349941205466166
1,2,0.02,GBM_1_AutoML_5_20260420_201424,day_of_week_lag1,0.015822714525711448
1,2,0.02,GBM_1_AutoML_5_20260420_201424,month_lag1,0.08219649980776009
1,2,0.02,GBM_1_AutoML_5_20260420_201424,month_sin,0.016257871426059816
1,2,0.02,GBM_1_AutoML_5_20260420_201424,month_cos,0.009737483023200138
1,2,0.02,GBM_1_AutoML_5_20260420_201424,year,0.1010446837218478
1,2,0.02,GBM_3_AutoML_5_20260420_201424,target_lag1,1.9541000705957412
1,2,0.02,GBM_3_AutoML_5_20260420_201424,target_lag2,0.5656405053287744
1,2,0.02,GBM_3_AutoML_5_20260420_201424,target_lag3,0.11903317310847339
1,2,0.02,GBM_3_AutoML_5_20260420_201424,target_lag4,0.06695465888285977
1,2,0.02,GBM_3_AutoML_5_20260420_201424,target_lag5,0.042791424132883504
1,2,0.02,GBM_3_AutoML_5_20260420_201424,target_lag6,0.07237611541524526
1,2,0.02,GBM_3_AutoML_5_20260420_201424,cov_HULL_lag1,0.039348293892107866
1,2,0.02,GBM_3_AutoML_5_20260420_201424,cov_MUFL_lag1,1.6646436685323716
1,2,0.02,GBM_3_AutoML_5_20260420_201424,cov_MULL_lag1,0.02784657954820427
1,2,0.02,GBM_3_AutoML_5_20260420_201424,cov_LUFL_lag1,0.10776660341769453
1,2,0.02,GBM_3_AutoML_5_20260420_201424,cov_LULL_lag1,0.0300913768424652
1,2,0.02,GBM_3_AutoML_5_20260420_201424,cov_OT_lag1,0.06222235955996434
1,2,0.02,GBM_3_AutoML_5_20260420_201424,hour_lag1,0.3990554948337376
1,2,0.02,GBM_3_AutoML_5_20260420_201424,day_of_week_lag1,0.016846780949199405
1,2,0.02,GBM_3_AutoML_5_20260420_201424,month_lag1,0.08307548371143633
1,2,0.02,GBM_3_AutoML_5_20260420_201424,month_sin,0.009840466481473376
1,2,0.02,GBM_3_AutoML_5_20260420_201424,month_cos,0.008283626492302531
1,2,0.02,GBM_3_AutoML_5_20260420_201424,year,0.13351553064770993
1,2,0.02,GBM_2_AutoML_5_20260420_201424,target_lag1,1.8974932554364203
1,2,0.02,GBM_2_AutoML_5_20260420_201424,target_lag2,0.735928500322625
1,2,0.02,GBM_2_AutoML_5_20260420_201424,target_lag3,0.12892352711409327
1,2,0.02,GBM_2_AutoML_5_20260420_201424,target_lag4,0.09529615828767415
1,2,0.02,GBM_2_AutoML_5_20260420_201424,target_lag5,0.04262255345645822
1,2,0.02,GBM_2_AutoML_5_20260420_201424,target_lag6,0.05980896407156248
1,2,0.02,GBM_2_AutoML_5_20260420_201424,cov_HULL_lag1,0.031191287058172708
1,2,0.02,GBM_2_AutoML_5_20260420_201424,cov_MUFL_lag1,1.472637431025505
1,2,0.02,GBM_2_AutoML_5_20260420_201424,cov_MULL_lag1,0.02688711021561171
1,2,0.02,GBM_2_AutoML_5_20260420_201424,cov_LUFL_lag1,0.06724694467615333
1,2,0.02,GBM_2_AutoML_5_20260420_201424,cov_LULL_lag1,0.01694225738581731
1,2,0.02,GBM_2_AutoML_5_20260420_201424,cov_OT_lag1,0.0676061174832284
1,2,0.02,GBM_2_AutoML_5_20260420_201424,hour_lag1,0.43795361945405603
1,2,0.02,GBM_2_AutoML_5_20260420_201424,day_of_week_lag1,0.013339780688111157
1,2,0.02,GBM_2_AutoML_5_20260420_201424,month_lag1,0.08616490325890477
1,2,0.02,GBM_2_AutoML_5_20260420_201424,month_sin,0.005225671191001271
1,2,0.02,GBM_2_AutoML_5_20260420_201424,month_cos,0.006460565079032635
1,2,0.02,GBM_2_AutoML_5_20260420_201424,year,0.10800835774745789
1,2,0.02,XGBoost_grid_1_AutoML_5_20260420_201424_model_5,target_lag1,3.0301546484231947
1,2,0.02,XGBoost_grid_1_AutoML_5_20260420_201424_model_5,target_lag2,0.3162293507158756
1,2,0.02,XGBoost_grid_1_AutoML_5_20260420_201424_model_5,target_lag3,0.05817140694707629
1,2,0.02,XGBoost_grid_1_AutoML_5_20260420_201424_model_5,target_lag4,0.07344192665070291
1,2,0.02,XGBoost_grid_1_AutoML_5_20260420_201424_model_5,target_lag5,0.016174435979919462
1,2,0.02,XGBoost_grid_1_AutoML_5_20260420_201424_model_5,target_lag6,0.05982151022762988
1,2,0.02,XGBoost_grid_1_AutoML_5_20260420_201424_model_5,cov_HULL_lag1,0.024541935473680443
1,2,0.02,XGBoost_grid_1_AutoML_5_20260420_201424_model_5,cov_MUFL_lag1,0.8547668331861495
1,2,0.02,XGBoost_grid_1_AutoML_5_20260420_201424_model_5,cov_MULL_lag1,0.04817927510011938
1,2,0.02,XGBoost_grid_1_AutoML_5_20260420_201424_model_5,cov_LUFL_lag1,0.07673656703438607
1,2,0.02,XGBoost_grid_1_AutoML_5_20260420_201424_model_5,cov_LULL_lag1,0.012786883842199982
1,2,0.02,XGBoost_grid_1_AutoML_5_20260420_201424_model_5,cov_OT_lag1,0.042405288927257014
1,2,0.02,XGBoost_grid_1_AutoML_5_20260420_201424_model_5,hour_lag1,0.38670697949128224
1,2,0.02,XGBoost_grid_1_AutoML_5_20260420_201424_model_5,day_of_week_lag1,0.0
1,2,0.02,XGBoost_grid_1_AutoML_5_20260420_201424_model_5,month_lag1,0.05067789591848846
1,2,0.02,XGBoost_grid_1_AutoML_5_20260420_201424_model_5,month_sin,0.004713321725139375
1,2,0.02,XGBoost_grid_1_AutoML_5_20260420_201424_model_5,month_cos,0.0004090926054050215
1,2,0.02,XGBoost_grid_1_AutoML_5_20260420_201424_model_5,year,0.08290961045771833
1,2,0.05,GBM_1_AutoML_5_20260420_201424,target_lag1,2.1891437792778015
1,2,0.05,GBM_1_AutoML_5_20260420_201424,target_lag2,0.4024592335568741
1,2,0.05,GBM_1_AutoML_5_20260420_201424,target_lag3,0.2175903175654821
1,2,0.05,GBM_1_AutoML_5_20260420_201424,target_lag4,0.04081909074913705
1,2,0.05,GBM_1_AutoML_5_20260420_201424,target_lag5,0.05841793021536429
1,2,0.05,GBM_1_AutoML_5_20260420_201424,target_lag6,0.04984300039359365
1,2,0.05,GBM_1_AutoML_5_20260420_201424,cov_HULL_lag1,0.03297704276163126
1,2,0.05,GBM_1_AutoML_5_20260420_201424,cov_MUFL_lag1,1.490758807361126
1,2,0.05,GBM_1_AutoML_5_20260420_201424,cov_MULL_lag1,0.04625585640314963
1,2,0.05,GBM_1_AutoML_5_20260420_201424,cov_LUFL_lag1,0.068363469322212
1,2,0.05,GBM_1_AutoML_5_20260420_201424,cov_LULL_lag1,0.02575355764594856
1,2,0.05,GBM_1_AutoML_5_20260420_201424,cov_OT_lag1,0.0416573387989774
1,2,0.05,GBM_1_AutoML_5_20260420_201424,hour_lag1,0.4349941205466166
1,2,0.05,GBM_1_AutoML_5_20260420_201424,day_of_week_lag1,0.015822714525711448
1,2,0.05,GBM_1_AutoML_5_20260420_201424,month_lag1,0.08219649980776009
1,2,0.05,GBM_1_AutoML_5_20260420_201424,month_sin,0.016257871426059816
1,2,0.05,GBM_1_AutoML_5_20260420_201424,month_cos,0.009737483023200138
1,2,0.05,GBM_1_AutoML_5_20260420_201424,year,0.1010446837218478
1,2,0.05,GBM_3_AutoML_5_20260420_201424,target_lag1,1.9541000705957412
1,2,0.05,GBM_3_AutoML_5_20260420_201424,target_lag2,0.5656405053287744
1,2,0.05,GBM_3_AutoML_5_20260420_201424,target_lag3,0.11903317310847339
1,2,0.05,GBM_3_AutoML_5_20260420_201424,target_lag4,0.06695465888285977
1,2,0.05,GBM_3_AutoML_5_20260420_201424,target_lag5,0.042791424132883504
1,2,0.05,GBM_3_AutoML_5_20260420_201424,target_lag6,0.07237611541524526
1,2,0.05,GBM_3_AutoML_5_20260420_201424,cov_HULL_lag1,0.039348293892107866
1,2,0.05,GBM_3_AutoML_5_20260420_201424,cov_MUFL_lag1,1.6646436685323716
1,2,0.05,GBM_3_AutoML_5_20260420_201424,cov_MULL_lag1,0.02784657954820427
1,2,0.05,GBM_3_AutoML_5_20260420_201424,cov_LUFL_lag1,0.10776660341769453
1,2,0.05,GBM_3_AutoML_5_20260420_201424,cov_LULL_lag1,0.0300913768424652
1,2,0.05,GBM_3_AutoML_5_20260420_201424,cov_OT_lag1,0.06222235955996434
1,2,0.05,GBM_3_AutoML_5_20260420_201424,hour_lag1,0.3990554948337376
1,2,0.05,GBM_3_AutoML_5_20260420_201424,day_of_week_lag1,0.016846780949199405
1,2,0.05,GBM_3_AutoML_5_20260420_201424,month_lag1,0.08307548371143633
1,2,0.05,GBM_3_AutoML_5_20260420_201424,month_sin,0.009840466481473376
1,2,0.05,GBM_3_AutoML_5_20260420_201424,month_cos,0.008283626492302531
1,2,0.05,GBM_3_AutoML_5_20260420_201424,year,0.13351553064770993
1,2,0.05,GBM_2_AutoML_5_20260420_201424,target_lag1,1.8974932554364203
1,2,0.05,GBM_2_AutoML_5_20260420_201424,target_lag2,0.735928500322625
1,2,0.05,GBM_2_AutoML_5_20260420_201424,target_lag3,0.12892352711409327
1,2,0.05,GBM_2_AutoML_5_20260420_201424,target_lag4,0.09529615828767415
1,2,0.05,GBM_2_AutoML_5_20260420_201424,target_lag5,0.04262255345645822
1,2,0.05,GBM_2_AutoML_5_20260420_201424,target_lag6,0.05980896407156248
1,2,0.05,GBM_2_AutoML_5_20260420_201424,cov_HULL_lag1,0.031191287058172708
1,2,0.05,GBM_2_AutoML_5_20260420_201424,cov_MUFL_lag1,1.472637431025505
1,2,0.05,GBM_2_AutoML_5_20260420_201424,cov_MULL_lag1,0.02688711021561171
1,2,0.05,GBM_2_AutoML_5_20260420_201424,cov_LUFL_lag1,0.06724694467615333
1,2,0.05,GBM_2_AutoML_5_20260420_201424,cov_LULL_lag1,0.01694225738581731
1,2,0.05,GBM_2_AutoML_5_20260420_201424,cov_OT_lag1,0.0676061174832284
1,2,0.05,GBM_2_AutoML_5_20260420_201424,hour_lag1,0.43795361945405603
1,2,0.05,GBM_2_AutoML_5_20260420_201424,day_of_week_lag1,0.013339780688111157
1,2,0.05,GBM_2_AutoML_5_20260420_201424,month_lag1,0.08616490325890477
1,2,0.05,GBM_2_AutoML_5_20260420_201424,month_sin,0.005225671191001271
1,2,0.05,GBM_2_AutoML_5_20260420_201424,month_cos,0.006460565079032635
1,2,0.05,GBM_2_AutoML_5_20260420_201424,year,0.10800835774745789
1,2,0.05,XGBoost_grid_1_AutoML_5_20260420_201424_model_5,target_lag1,3.0301546484231947
1,2,0.05,XGBoost_grid_1_AutoML_5_20260420_201424_model_5,target_lag2,0.3162293507158756
1,2,0.05,XGBoost_grid_1_AutoML_5_20260420_201424_model_5,target_lag3,0.05817140694707629
1,2,0.05,XGBoost_grid_1_AutoML_5_20260420_201424_model_5,target_lag4,0.07344192665070291
1,2,0.05,XGBoost_grid_1_AutoML_5_20260420_201424_model_5,target_lag5,0.016174435979919462
1,2,0.05,XGBoost_grid_1_AutoML_5_20260420_201424_model_5,target_lag6,0.05982151022762988
1,2,0.05,XGBoost_grid_1_AutoML_5_20260420_201424_model_5,cov_HULL_lag1,0.024541935473680443
1,2,0.05,XGBoost_grid_1_AutoML_5_20260420_201424_model_5,cov_MUFL_lag1,0.8547668331861495
1,2,0.05,XGBoost_grid_1_AutoML_5_20260420_201424_model_5,cov_MULL_lag1,0.04817927510011938
1,2,0.05,XGBoost_grid_1_AutoML_5_20260420_201424_model_5,cov_LUFL_lag1,0.07673656703438607
1,2,0.05,XGBoost_grid_1_AutoML_5_20260420_201424_model_5,cov_LULL_lag1,0.012786883842199982
1,2,0.05,XGBoost_grid_1_AutoML_5_20260420_201424_model_5,cov_OT_lag1,0.042405288927257014
1,2,0.05,XGBoost_grid_1_AutoML_5_20260420_201424_model_5,hour_lag1,0.38670697949128224
1,2,0.05,XGBoost_grid_1_AutoML_5_20260420_201424_model_5,day_of_week_lag1,0.0
1,2,0.05,XGBoost_grid_1_AutoML_5_20260420_201424_model_5,month_lag1,0.05067789591848846
1,2,0.05,XGBoost_grid_1_AutoML_5_20260420_201424_model_5,month_sin,0.004713321725139375
1,2,0.05,XGBoost_grid_1_AutoML_5_20260420_201424_model_5,month_cos,0.0004090926054050215
1,2,0.05,XGBoost_grid_1_AutoML_5_20260420_201424_model_5,year,0.08290961045771833
1,2,0.05,GBM_4_AutoML_5_20260420_201424,target_lag1,2.1661201716959475
1,2,0.05,GBM_4_AutoML_5_20260420_201424,target_lag2,0.40032470811158416
1,2,0.05,GBM_4_AutoML_5_20260420_201424,target_lag3,0.16269867122638967
1,2,0.05,GBM_4_AutoML_5_20260420_201424,target_lag4,0.0636544673715252
1,2,0.05,GBM_4_AutoML_5_20260420_201424,target_lag5,0.0642715638200752
1,2,0.05,GBM_4_AutoML_5_20260420_201424,target_lag6,0.0699418547765526
1,2,0.05,GBM_4_AutoML_5_20260420_201424,cov_HULL_lag1,0.039479522397741634
1,2,0.05,GBM_4_AutoML_5_20260420_201424,cov_MUFL_lag1,1.4257623367011547
1,2,0.05,GBM_4_AutoML_5_20260420_201424,cov_MULL_lag1,0.03495765683008353
1,2,0.05,GBM_4_AutoML_5_20260420_201424,cov_LUFL_lag1,0.06464276571292425
1,2,0.05,GBM_4_AutoML_5_20260420_201424,cov_LULL_lag1,0.03333418603753666
1,2,0.05,GBM_4_AutoML_5_20260420_201424,cov_OT_lag1,0.0651187994726933
1,2,0.05,GBM_4_AutoML_5_20260420_201424,hour_lag1,0.43839170821011064
1,2,0.05,GBM_4_AutoML_5_20260420_201424,day_of_week_lag1,0.015595658600795965
1,2,0.05,GBM_4_AutoML_5_20260420_201424,month_lag1,0.07535691132768985
1,2,0.05,GBM_4_AutoML_5_20260420_201424,month_sin,0.017826723749312764
1,2,0.05,GBM_4_AutoML_5_20260420_201424,month_cos,0.015185730310622557
1,2,0.05,GBM_4_AutoML_5_20260420_201424,year,0.1556730729580158
1,2,0.05,XRT_1_AutoML_5_20260420_201424,target_lag1,258.31193501546977
1,2,0.05,XRT_1_AutoML_5_20260420_201424,target_lag2,17.08070013523102
1,2,0.05,XRT_1_AutoML_5_20260420_201424,target_lag3,6.995262749493122
1,2,0.05,XRT_1_AutoML_5_20260420_201424,target_lag4,0.392877451479435
1,2,0.05,XRT_1_AutoML_5_20260420_201424,target_lag5,250.92133807644248
1,2,0.05,XRT_1_AutoML_5_20260420_201424,target_lag6,1.5864333644427824
1,2,0.05,XRT_1_AutoML_5_20260420_201424,cov_HULL_lag1,0.05302584519609804
1,2,0.05,XRT_1_AutoML_5_20260420_201424,cov_MUFL_lag1,3.9524154585599898
1,2,0.05,XRT_1_AutoML_5_20260420_201424,cov_MULL_lag1,0.2106738816807046
1,2,0.05,XRT_1_AutoML_5_20260420_201424,cov_LUFL_lag1,2.353356706723571
1,2,0.05,XRT_1_AutoML_5_20260420_201424,cov_LULL_lag1,795402.7311330019
1,2,0.05,XRT_1_AutoML_5_20260420_201424,cov_OT_lag1,298.19104333896655
1,2,0.05,XRT_1_AutoML_5_20260420_201424,hour_lag1,11.177814955413341
1,2,0.05,XRT_1_AutoML_5_20260420_201424,day_of_week_lag1,0.06672281634062525
1,2,0.05,XRT_1_AutoML_5_20260420_201424,month_lag1,59.92471195160411
1,2,0.05,XRT_1_AutoML_5_20260420_201424,month_sin,0.03539034193148832
1,2,0.05,XRT_1_AutoML_5_20260420_201424,month_cos,6900.666870544466
1,2,0.05,XRT_1_AutoML_5_20260420_201424,year,0.14308394214138384
1,2,0.05,DRF_1_AutoML_5_20260420_201424,target_lag1,1.8721306172013283
1,2,0.05,DRF_1_AutoML_5_20260420_201424,target_lag2,1.2521947373263538
1,2,0.05,DRF_1_AutoML_5_20260420_201424,target_lag3,0.5605818839464337
1,2,0.05,DRF_1_AutoML_5_20260420_201424,target_lag4,0.4466248632967472
1,2,0.05,DRF_1_AutoML_5_20260420_201424,target_lag5,0.13042231317609546
1,2,0.05,DRF_1_AutoML_5_20260420_201424,target_lag6,0.2655793729797006
1,2,0.05,DRF_1_AutoML_5_20260420_201424,cov_HULL_lag1,0.03198934563901272
1,2,0.05,DRF_1_AutoML_5_20260420_201424,cov_MUFL_lag1,1.7743834659457207
1,2,0.05,DRF_1_AutoML_5_20260420_201424,cov_MULL_lag1,0.022054671036312316
1,2,0.05,DRF_1_AutoML_5_20260420_201424,cov_LUFL_lag1,0.09536980465753
1,2,0.05,DRF_1_AutoML_5_20260420_201424,cov_LULL_lag1,0.01963500867648687
1,2,0.05,DRF_1_AutoML_5_20260420_201424,cov_OT_lag1,0.05266200268641111
1,2,0.05,DRF_1_AutoML_5_20260420_201424,hour_lag1,0.30758323656395076
1,2,0.05,DRF_1_AutoML_5_20260420_201424,day_of_week_lag1,0.012971918685070655
1,2,0.05,DRF_1_AutoML_5_20260420_201424,month_lag1,0.04285284041310656
1,2,0.05,DRF_1_AutoML_5_20260420_201424,month_sin,0.010835873657706501
1,2,0.05,DRF_1_AutoML_5_20260420_201424,month_cos,0.01370698378319498
1,2,0.05,DRF_1_AutoML_5_20260420_201424,year,0.14539487145841118
1,2,0.05,GBM_grid_1_AutoML_5_20260420_201424_model_1,target_lag1,1.6877742060273886
1,2,0.05,GBM_grid_1_AutoML_5_20260420_201424_model_1,target_lag2,0.587862905934453
1,2,0.05,GBM_grid_1_AutoML_5_20260420_201424_model_1,target_lag3,0.37672163610346615
1,2,0.05,GBM_grid_1_AutoML_5_20260420_201424_model_1,target_lag4,0.2241533049941063
1,2,0.05,GBM_grid_1_AutoML_5_20260420_201424_model_1,target_lag5,0.20808412753045558
1,2,0.05,GBM_grid_1_AutoML_5_20260420_201424_model_1,target_lag6,0.05407093155445178
1,2,0.05,GBM_grid_1_AutoML_5_20260420_201424_model_1,cov_HULL_lag1,0.04977033124538134
1,2,0.05,GBM_grid_1_AutoML_5_20260420_201424_model_1,cov_MUFL_lag1,1.0673429165780544
1,2,0.05,GBM_grid_1_AutoML_5_20260420_201424_model_1,cov_MULL_lag1,0.04878727981587869
1,2,0.05,GBM_grid_1_AutoML_5_20260420_201424_model_1,cov_LUFL_lag1,0.08292637804523106
1,2,0.05,GBM_grid_1_AutoML_5_20260420_201424_model_1,cov_LULL_lag1,0.034405083311721645
1,2,0.05,GBM_grid_1_AutoML_5_20260420_201424_model_1,cov_OT_lag1,0.06681141108856532
1,2,0.05,GBM_grid_1_AutoML_5_20260420_201424_model_1,hour_lag1,0.3695922940969467
1,2,0.05,GBM_grid_1_AutoML_5_20260420_201424_model_1,day_of_week_lag1,0.02127527391770851
1,2,0.05,GBM_grid_1_AutoML_5_20260420_201424_model_1,month_lag1,0.0746273824665695
1,2,0.05,GBM_grid_1_AutoML_5_20260420_201424_model_1,month_sin,0.02951353298733006
1,2,0.05,GBM_grid_1_AutoML_5_20260420_201424_model_1,month_cos,0.01953144139435603
1,2,0.05,GBM_grid_1_AutoML_5_20260420_201424_model_1,year,0.15835276732221243
1,2,0.05,XGBoost_grid_1_AutoML_5_20260420_201424_model_1,target_lag1,2.337728197276592
1,2,0.05,XGBoost_grid_1_AutoML_5_20260420_201424_model_1,target_lag2,0.43910617293789983
1,2,0.05,XGBoost_grid_1_AutoML_5_20260420_201424_model_1,target_lag3,0.4448164555430412
1,2,0.05,XGBoost_grid_1_AutoML_5_20260420_201424_model_1,target_lag4,0.04456892596965187
1,2,0.05,XGBoost_grid_1_AutoML_5_20260420_201424_model_1,target_lag5,0.059720911456970456
1,2,0.05,XGBoost_grid_1_AutoML_5_20260420_201424_model_1,target_lag6,0.10506392477080223
1,2,0.05,XGBoost_grid_1_AutoML_5_20260420_201424_model_1,cov_HULL_lag1,0.04355113769415761
1,2,0.05,XGBoost_grid_1_AutoML_5_20260420_201424_model_1,cov_MUFL_lag1,1.187425413131714
1,2,0.05,XGBoost_grid_1_AutoML_5_20260420_201424_model_1,cov_MULL_lag1,0.031218355894670785
1,2,0.05,XGBoost_grid_1_AutoML_5_20260420_201424_model_1,cov_LUFL_lag1,0.12501427339389917
1,2,0.05,XGBoost_grid_1_AutoML_5_20260420_201424_model_1,cov_LULL_lag1,0.009284662618301753
1,2,0.05,XGBoost_grid_1_AutoML_5_20260420_201424_model_1,cov_OT_lag1,0.054826630651950786
1,2,0.05,XGBoost_grid_1_AutoML_5_20260420_201424_model_1,hour_lag1,0.3936665045376867
1,2,0.05,XGBoost_grid_1_AutoML_5_20260420_201424_model_1,day_of_week_lag1,0.0
1,2,0.05,XGBoost_grid_1_AutoML_5_20260420_201424_model_1,month_lag1,0.04153818530030545
1,2,0.05,XGBoost_grid_1_AutoML_5_20260420_201424_model_1,month_sin,0.0011863868561340486
1,2,0.05,XGBoost_grid_1_AutoML_5_20260420_201424_model_1,month_cos,0.0
1,2,0.05,XGBoost_grid_1_AutoML_5_20260420_201424_model_1,year,0.031186949918046544
1,2,0.1,GBM_1_AutoML_5_20260420_201424,target_lag1,2.1891437792778015
1,2,0.1,GBM_1_AutoML_5_20260420_201424,target_lag2,0.4024592335568741
1,2,0.1,GBM_1_AutoML_5_20260420_201424,target_lag3,0.2175903175654821
1,2,0.1,GBM_1_AutoML_5_20260420_201424,target_lag4,0.04081909074913705
1,2,0.1,GBM_1_AutoML_5_20260420_201424,target_lag5,0.05841793021536429
1,2,0.1,GBM_1_AutoML_5_20260420_201424,target_lag6,0.04984300039359365
1,2,0.1,GBM_1_AutoML_5_20260420_201424,cov_HULL_lag1,0.03297704276163126
1,2,0.1,GBM_1_AutoML_5_20260420_201424,cov_MUFL_lag1,1.490758807361126
1,2,0.1,GBM_1_AutoML_5_20260420_201424,cov_MULL_lag1,0.04625585640314963
1,2,0.1,GBM_1_AutoML_5_20260420_201424,cov_LUFL_lag1,0.068363469322212
1,2,0.1,GBM_1_AutoML_5_20260420_201424,cov_LULL_lag1,0.02575355764594856
1,2,0.1,GBM_1_AutoML_5_20260420_201424,cov_OT_lag1,0.0416573387989774
1,2,0.1,GBM_1_AutoML_5_20260420_201424,hour_lag1,0.4349941205466166
1,2,0.1,GBM_1_AutoML_5_20260420_201424,day_of_week_lag1,0.015822714525711448
1,2,0.1,GBM_1_AutoML_5_20260420_201424,month_lag1,0.08219649980776009
1,2,0.1,GBM_1_AutoML_5_20260420_201424,month_sin,0.016257871426059816
1,2,0.1,GBM_1_AutoML_5_20260420_201424,month_cos,0.009737483023200138
1,2,0.1,GBM_1_AutoML_5_20260420_201424,year,0.1010446837218478
1,2,0.1,GBM_3_AutoML_5_20260420_201424,target_lag1,1.9541000705957412
1,2,0.1,GBM_3_AutoML_5_20260420_201424,target_lag2,0.5656405053287744
1,2,0.1,GBM_3_AutoML_5_20260420_201424,target_lag3,0.11903317310847339
1,2,0.1,GBM_3_AutoML_5_20260420_201424,target_lag4,0.06695465888285977
1,2,0.1,GBM_3_AutoML_5_20260420_201424,target_lag5,0.042791424132883504
1,2,0.1,GBM_3_AutoML_5_20260420_201424,target_lag6,0.07237611541524526
1,2,0.1,GBM_3_AutoML_5_20260420_201424,cov_HULL_lag1,0.039348293892107866
1,2,0.1,GBM_3_AutoML_5_20260420_201424,cov_MUFL_lag1,1.6646436685323716
1,2,0.1,GBM_3_AutoML_5_20260420_201424,cov_MULL_lag1,0.02784657954820427
1,2,0.1,GBM_3_AutoML_5_20260420_201424,cov_LUFL_lag1,0.10776660341769453
1,2,0.1,GBM_3_AutoML_5_20260420_201424,cov_LULL_lag1,0.0300913768424652
1,2,0.1,GBM_3_AutoML_5_20260420_201424,cov_OT_lag1,0.06222235955996434
1,2,0.1,GBM_3_AutoML_5_20260420_201424,hour_lag1,0.3990554948337376
1,2,0.1,GBM_3_AutoML_5_20260420_201424,day_of_week_lag1,0.016846780949199405
1,2,0.1,GBM_3_AutoML_5_20260420_201424,month_lag1,0.08307548371143633
1,2,0.1,GBM_3_AutoML_5_20260420_201424,month_sin,0.009840466481473376
1,2,0.1,GBM_3_AutoML_5_20260420_201424,month_cos,0.008283626492302531
1,2,0.1,GBM_3_AutoML_5_20260420_201424,year,0.13351553064770993
1,2,0.1,GBM_2_AutoML_5_20260420_201424,target_lag1,1.8974932554364203
1,2,0.1,GBM_2_AutoML_5_20260420_201424,target_lag2,0.735928500322625
1,2,0.1,GBM_2_AutoML_5_20260420_201424,target_lag3,0.12892352711409327
1,2,0.1,GBM_2_AutoML_5_20260420_201424,target_lag4,0.09529615828767415
1,2,0.1,GBM_2_AutoML_5_20260420_201424,target_lag5,0.04262255345645822
1,2,0.1,GBM_2_AutoML_5_20260420_201424,target_lag6,0.05980896407156248
1,2,0.1,GBM_2_AutoML_5_20260420_201424,cov_HULL_lag1,0.031191287058172708
1,2,0.1,GBM_2_AutoML_5_20260420_201424,cov_MUFL_lag1,1.472637431025505
1,2,0.1,GBM_2_AutoML_5_20260420_201424,cov_MULL_lag1,0.02688711021561171
1,2,0.1,GBM_2_AutoML_5_20260420_201424,cov_LUFL_lag1,0.06724694467615333
1,2,0.1,GBM_2_AutoML_5_20260420_201424,cov_LULL_lag1,0.01694225738581731
1,2,0.1,GBM_2_AutoML_5_20260420_201424,cov_OT_lag1,0.0676061174832284
1,2,0.1,GBM_2_AutoML_5_20260420_201424,hour_lag1,0.43795361945405603
1,2,0.1,GBM_2_AutoML_5_20260420_201424,day_of_week_lag1,0.013339780688111157
1,2,0.1,GBM_2_AutoML_5_20260420_201424,month_lag1,0.08616490325890477
1,2,0.1,GBM_2_AutoML_5_20260420_201424,month_sin,0.005225671191001271
1,2,0.1,GBM_2_AutoML_5_20260420_201424,month_cos,0.006460565079032635
1,2,0.1,GBM_2_AutoML_5_20260420_201424,year,0.10800835774745789
1,2,0.1,XGBoost_grid_1_AutoML_5_20260420_201424_model_5,target_lag1,3.0301546484231947
1,2,0.1,XGBoost_grid_1_AutoML_5_20260420_201424_model_5,target_lag2,0.3162293507158756
1,2,0.1,XGBoost_grid_1_AutoML_5_20260420_201424_model_5,target_lag3,0.05817140694707629
1,2,0.1,XGBoost_grid_1_AutoML_5_20260420_201424_model_5,target_lag4,0.07344192665070291
1,2,0.1,XGBoost_grid_1_AutoML_5_20260420_201424_model_5,target_lag5,0.016174435979919462
1,2,0.1,XGBoost_grid_1_AutoML_5_20260420_201424_model_5,target_lag6,0.05982151022762988
1,2,0.1,XGBoost_grid_1_AutoML_5_20260420_201424_model_5,cov_HULL_lag1,0.024541935473680443
1,2,0.1,XGBoost_grid_1_AutoML_5_20260420_201424_model_5,cov_MUFL_lag1,0.8547668331861495
1,2,0.1,XGBoost_grid_1_AutoML_5_20260420_201424_model_5,cov_MULL_lag1,0.04817927510011938
1,2,0.1,XGBoost_grid_1_AutoML_5_20260420_201424_model_5,cov_LUFL_lag1,0.07673656703438607
1,2,0.1,XGBoost_grid_1_AutoML_5_20260420_201424_model_5,cov_LULL_lag1,0.012786883842199982
1,2,0.1,XGBoost_grid_1_AutoML_5_20260420_201424_model_5,cov_OT_lag1,0.042405288927257014
1,2,0.1,XGBoost_grid_1_AutoML_5_20260420_201424_model_5,hour_lag1,0.38670697949128224
1,2,0.1,XGBoost_grid_1_AutoML_5_20260420_201424_model_5,day_of_week_lag1,0.0
1,2,0.1,XGBoost_grid_1_AutoML_5_20260420_201424_model_5,month_lag1,0.05067789591848846
1,2,0.1,XGBoost_grid_1_AutoML_5_20260420_201424_model_5,month_sin,0.004713321725139375
1,2,0.1,XGBoost_grid_1_AutoML_5_20260420_201424_model_5,month_cos,0.0004090926054050215
1,2,0.1,XGBoost_grid_1_AutoML_5_20260420_201424_model_5,year,0.08290961045771833
1,2,0.1,GBM_4_AutoML_5_20260420_201424,target_lag1,2.1661201716959475
1,2,0.1,GBM_4_AutoML_5_20260420_201424,target_lag2,0.40032470811158416
1,2,0.1,GBM_4_AutoML_5_20260420_201424,target_lag3,0.16269867122638967
1,2,0.1,GBM_4_AutoML_5_20260420_201424,target_lag4,0.0636544673715252
1,2,0.1,GBM_4_AutoML_5_20260420_201424,target_lag5,0.0642715638200752
1,2,0.1,GBM_4_AutoML_5_20260420_201424,target_lag6,0.0699418547765526
1,2,0.1,GBM_4_AutoML_5_20260420_201424,cov_HULL_lag1,0.039479522397741634
1,2,0.1,GBM_4_AutoML_5_20260420_201424,cov_MUFL_lag1,1.4257623367011547
1,2,0.1,GBM_4_AutoML_5_20260420_201424,cov_MULL_lag1,0.03495765683008353
1,2,0.1,GBM_4_AutoML_5_20260420_201424,cov_LUFL_lag1,0.06464276571292425
1,2,0.1,GBM_4_AutoML_5_20260420_201424,cov_LULL_lag1,0.03333418603753666
1,2,0.1,GBM_4_AutoML_5_20260420_201424,cov_OT_lag1,0.0651187994726933
1,2,0.1,GBM_4_AutoML_5_20260420_201424,hour_lag1,0.43839170821011064
1,2,0.1,GBM_4_AutoML_5_20260420_201424,day_of_week_lag1,0.015595658600795965
1,2,0.1,GBM_4_AutoML_5_20260420_201424,month_lag1,0.07535691132768985
1,2,0.1,GBM_4_AutoML_5_20260420_201424,month_sin,0.017826723749312764
1,2,0.1,GBM_4_AutoML_5_20260420_201424,month_cos,0.015185730310622557
1,2,0.1,GBM_4_AutoML_5_20260420_201424,year,0.1556730729580158
1,2,0.1,XRT_1_AutoML_5_20260420_201424,target_lag1,258.31193501546977
1,2,0.1,XRT_1_AutoML_5_20260420_201424,target_lag2,17.08070013523102
1,2,0.1,XRT_1_AutoML_5_20260420_201424,target_lag3,6.995262749493122
1,2,0.1,XRT_1_AutoML_5_20260420_201424,target_lag4,0.392877451479435
1,2,0.1,XRT_1_AutoML_5_20260420_201424,target_lag5,250.92133807644248
1,2,0.1,XRT_1_AutoML_5_20260420_201424,target_lag6,1.5864333644427824
1,2,0.1,XRT_1_AutoML_5_20260420_201424,cov_HULL_lag1,0.05302584519609804
1,2,0.1,XRT_1_AutoML_5_20260420_201424,cov_MUFL_lag1,3.9524154585599898
1,2,0.1,XRT_1_AutoML_5_20260420_201424,cov_MULL_lag1,0.2106738816807046
1,2,0.1,XRT_1_AutoML_5_20260420_201424,cov_LUFL_lag1,2.353356706723571
1,2,0.1,XRT_1_AutoML_5_20260420_201424,cov_LULL_lag1,795402.7311330019
1,2,0.1,XRT_1_AutoML_5_20260420_201424,cov_OT_lag1,298.19104333896655
1,2,0.1,XRT_1_AutoML_5_20260420_201424,hour_lag1,11.177814955413341
1,2,0.1,XRT_1_AutoML_5_20260420_201424,day_of_week_lag1,0.06672281634062525
1,2,0.1,XRT_1_AutoML_5_20260420_201424,month_lag1,59.92471195160411
1,2,0.1,XRT_1_AutoML_5_20260420_201424,month_sin,0.03539034193148832
1,2,0.1,XRT_1_AutoML_5_20260420_201424,month_cos,6900.666870544466
1,2,0.1,XRT_1_AutoML_5_20260420_201424,year,0.14308394214138384
1,2,0.1,DRF_1_AutoML_5_20260420_201424,target_lag1,1.8721306172013283
1,2,0.1,DRF_1_AutoML_5_20260420_201424,target_lag2,1.2521947373263538
1,2,0.1,DRF_1_AutoML_5_20260420_201424,target_lag3,0.5605818839464337
1,2,0.1,DRF_1_AutoML_5_20260420_201424,target_lag4,0.4466248632967472
1,2,0.1,DRF_1_AutoML_5_20260420_201424,target_lag5,0.13042231317609546
1,2,0.1,DRF_1_AutoML_5_20260420_201424,target_lag6,0.2655793729797006
1,2,0.1,DRF_1_AutoML_5_20260420_201424,cov_HULL_lag1,0.03198934563901272
1,2,0.1,DRF_1_AutoML_5_20260420_201424,cov_MUFL_lag1,1.7743834659457207
1,2,0.1,DRF_1_AutoML_5_20260420_201424,cov_MULL_lag1,0.022054671036312316
1,2,0.1,DRF_1_AutoML_5_20260420_201424,cov_LUFL_lag1,0.09536980465753
1,2,0.1,DRF_1_AutoML_5_20260420_201424,cov_LULL_lag1,0.01963500867648687
1,2,0.1,DRF_1_AutoML_5_20260420_201424,cov_OT_lag1,0.05266200268641111
1,2,0.1,DRF_1_AutoML_5_20260420_201424,hour_lag1,0.30758323656395076
1,2,0.1,DRF_1_AutoML_5_20260420_201424,day_of_week_lag1,0.012971918685070655
1,2,0.1,DRF_1_AutoML_5_20260420_201424,month_lag1,0.04285284041310656
1,2,0.1,DRF_1_AutoML_5_20260420_201424,month_sin,0.010835873657706501
1,2,0.1,DRF_1_AutoML_5_20260420_201424,month_cos,0.01370698378319498
1,2,0.1,DRF_1_AutoML_5_20260420_201424,year,0.14539487145841118
1,2,0.1,GBM_grid_1_AutoML_5_20260420_201424_model_1,target_lag1,1.6877742060273886
1,2,0.1,GBM_grid_1_AutoML_5_20260420_201424_model_1,target_lag2,0.587862905934453
1,2,0.1,GBM_grid_1_AutoML_5_20260420_201424_model_1,target_lag3,0.37672163610346615
1,2,0.1,GBM_grid_1_AutoML_5_20260420_201424_model_1,target_lag4,0.2241533049941063
1,2,0.1,GBM_grid_1_AutoML_5_20260420_201424_model_1,target_lag5,0.20808412753045558
1,2,0.1,GBM_grid_1_AutoML_5_20260420_201424_model_1,target_lag6,0.05407093155445178
1,2,0.1,GBM_grid_1_AutoML_5_20260420_201424_model_1,cov_HULL_lag1,0.04977033124538134
1,2,0.1,GBM_grid_1_AutoML_5_20260420_201424_model_1,cov_MUFL_lag1,1.0673429165780544
1,2,0.1,GBM_grid_1_AutoML_5_20260420_201424_model_1,cov_MULL_lag1,0.04878727981587869
1,2,0.1,GBM_grid_1_AutoML_5_20260420_201424_model_1,cov_LUFL_lag1,0.08292637804523106
1,2,0.1,GBM_grid_1_AutoML_5_20260420_201424_model_1,cov_LULL_lag1,0.034405083311721645
1,2,0.1,GBM_grid_1_AutoML_5_20260420_201424_model_1,cov_OT_lag1,0.06681141108856532
1,2,0.1,GBM_grid_1_AutoML_5_20260420_201424_model_1,hour_lag1,0.3695922940969467
1,2,0.1,GBM_grid_1_AutoML_5_20260420_201424_model_1,day_of_week_lag1,0.02127527391770851
1,2,0.1,GBM_grid_1_AutoML_5_20260420_201424_model_1,month_lag1,0.0746273824665695
1,2,0.1,GBM_grid_1_AutoML_5_20260420_201424_model_1,month_sin,0.02951353298733006
1,2,0.1,GBM_grid_1_AutoML_5_20260420_201424_model_1,month_cos,0.01953144139435603
1,2,0.1,GBM_grid_1_AutoML_5_20260420_201424_model_1,year,0.15835276732221243
1,2,0.1,XGBoost_grid_1_AutoML_5_20260420_201424_model_1,target_lag1,2.337728197276592
1,2,0.1,XGBoost_grid_1_AutoML_5_20260420_201424_model_1,target_lag2,0.43910617293789983
1,2,0.1,XGBoost_grid_1_AutoML_5_20260420_201424_model_1,target_lag3,0.4448164555430412
1,2,0.1,XGBoost_grid_1_AutoML_5_20260420_201424_model_1,target_lag4,0.04456892596965187
1,2,0.1,XGBoost_grid_1_AutoML_5_20260420_201424_model_1,target_lag5,0.059720911456970456
1,2,0.1,XGBoost_grid_1_AutoML_5_20260420_201424_model_1,target_lag6,0.10506392477080223
1,2,0.1,XGBoost_grid_1_AutoML_5_20260420_201424_model_1,cov_HULL_lag1,0.04355113769415761
1,2,0.1,XGBoost_grid_1_AutoML_5_20260420_201424_model_1,cov_MUFL_lag1,1.187425413131714
1,2,0.1,XGBoost_grid_1_AutoML_5_20260420_201424_model_1,cov_MULL_lag1,0.031218355894670785
1,2,0.1,XGBoost_grid_1_AutoML_5_20260420_201424_model_1,cov_LUFL_lag1,0.12501427339389917
1,2,0.1,XGBoost_grid_1_AutoML_5_20260420_201424_model_1,cov_LULL_lag1,0.009284662618301753
1,2,0.1,XGBoost_grid_1_AutoML_5_20260420_201424_model_1,cov_OT_lag1,0.054826630651950786
1,2,0.1,XGBoost_grid_1_AutoML_5_20260420_201424_model_1,hour_lag1,0.3936665045376867
1,2,0.1,XGBoost_grid_1_AutoML_5_20260420_201424_model_1,day_of_week_lag1,0.0
1,2,0.1,XGBoost_grid_1_AutoML_5_20260420_201424_model_1,month_lag1,0.04153818530030545
1,2,0.1,XGBoost_grid_1_AutoML_5_20260420_201424_model_1,month_sin,0.0011863868561340486
1,2,0.1,XGBoost_grid_1_AutoML_5_20260420_201424_model_1,month_cos,0.0
1,2,0.1,XGBoost_grid_1_AutoML_5_20260420_201424_model_1,year,0.031186949918046544
1,2,0.1,XGBoost_grid_1_AutoML_5_20260420_201424_model_3,target_lag1,1.29896053545177
1,2,0.1,XGBoost_grid_1_AutoML_5_20260420_201424_model_3,target_lag2,1.0099905464798211
1,2,0.1,XGBoost_grid_1_AutoML_5_20260420_201424_model_3,target_lag3,0.3354247322678566
1,2,0.1,XGBoost_grid_1_AutoML_5_20260420_201424_model_3,target_lag4,0.2043933691456914
1,2,0.1,XGBoost_grid_1_AutoML_5_20260420_201424_model_3,target_lag5,0.06101014825515445
1,2,0.1,XGBoost_grid_1_AutoML_5_20260420_201424_model_3,target_lag6,0.13765717954840506
1,2,0.1,XGBoost_grid_1_AutoML_5_20260420_201424_model_3,cov_HULL_lag1,0.008772785565815846
1,2,0.1,XGBoost_grid_1_AutoML_5_20260420_201424_model_3,cov_MUFL_lag1,1.6706889242678882
1,2,0.1,XGBoost_grid_1_AutoML_5_20260420_201424_model_3,cov_MULL_lag1,0.037762078661471556
1,2,0.1,XGBoost_grid_1_AutoML_5_20260420_201424_model_3,cov_LUFL_lag1,0.14526577465236185
1,2,0.1,XGBoost_grid_1_AutoML_5_20260420_201424_model_3,cov_LULL_lag1,0.020701014031656043
1,2,0.1,XGBoost_grid_1_AutoML_5_20260420_201424_model_3,cov_OT_lag1,0.029769091079942845
1,2,0.1,XGBoost_grid_1_AutoML_5_20260420_201424_model_3,hour_lag1,0.4185584699455649
1,2,0.1,XGBoost_grid_1_AutoML_5_20260420_201424_model_3,day_of_week_lag1,8.597544379881583e-05
1,2,0.1,XGBoost_grid_1_AutoML_5_20260420_201424_model_3,month_lag1,0.051932811657898086
1,2,0.1,XGBoost_grid_1_AutoML_5_20260420_201424_model_3,month_sin,0.0006045095428998997
1,2,0.1,XGBoost_grid_1_AutoML_5_20260420_201424_model_3,month_cos,0.0012967808154643811
1,2,0.1,XGBoost_grid_1_AutoML_5_20260420_201424_model_3,year,0.12589778285473582
1,2,0.1,XGBoost_grid_1_AutoML_5_20260420_201424_model_4,target_lag1,1.509152162745595
1,2,0.1,XGBoost_grid_1_AutoML_5_20260420_201424_model_4,target_lag2,1.24734457494691
1,2,0.1,XGBoost_grid_1_AutoML_5_20260420_201424_model_4,target_lag3,0.165648754760623
1,2,0.1,XGBoost_grid_1_AutoML_5_20260420_201424_model_4,target_lag4,0.07037918567657467
1,2,0.1,XGBoost_grid_1_AutoML_5_20260420_201424_model_4,target_lag5,0.05995455773896533
1,2,0.1,XGBoost_grid_1_AutoML_5_20260420_201424_model_4,target_lag6,0.09550905246753243
1,2,0.1,XGBoost_grid_1_AutoML_5_20260420_201424_model_4,cov_HULL_lag1,0.048675548015162294
1,2,0.1,XGBoost_grid_1_AutoML_5_20260420_201424_model_4,cov_MUFL_lag1,1.22571249127388
1,2,0.1,XGBoost_grid_1_AutoML_5_20260420_201424_model_4,cov_MULL_lag1,0.05277200898970473
1,2,0.1,XGBoost_grid_1_AutoML_5_20260420_201424_model_4,cov_LUFL_lag1,0.10738479852676389
1,2,0.1,XGBoost_grid_1_AutoML_5_20260420_201424_model_4,cov_LULL_lag1,0.030742752268561116
1,2,0.1,XGBoost_grid_1_AutoML_5_20260420_201424_model_4,cov_OT_lag1,0.10806642835959789
1,2,0.1,XGBoost_grid_1_AutoML_5_20260420_201424_model_4,hour_lag1,0.47280577567406
1,2,0.1,XGBoost_grid_1_AutoML_5_20260420_201424_model_4,day_of_week_lag1,0.020882573704875496
1,2,0.1,XGBoost_grid_1_AutoML_5_20260420_201424_model_4,month_lag1,0.09312794499099251
1,2,0.1,XGBoost_grid_1_AutoML_5_20260420_201424_model_4,month_sin,0.01339081081008767
1,2,0.1,XGBoost_grid_1_AutoML_5_20260420_201424_model_4,month_cos,0.020463841467862905
1,2,0.1,XGBoost_grid_1_AutoML_5_20260420_201424_model_4,year,0.16576394366100428
1,2,0.1,GBM_grid_1_AutoML_5_20260420_201424_model_3,target_lag1,1.0622514645382761
1,2,0.1,GBM_grid_1_AutoML_5_20260420_201424_model_3,target_lag2,1.0561764016002417
1,2,0.1,GBM_grid_1_AutoML_5_20260420_201424_model_3,target_lag3,0.17763707211241125
1,2,0.1,GBM_grid_1_AutoML_5_20260420_201424_model_3,target_lag4,0.2706256520561874
1,2,0.1,GBM_grid_1_AutoML_5_20260420_201424_model_3,target_lag5,0.09962147068787086
1,2,0.1,GBM_grid_1_AutoML_5_20260420_201424_model_3,target_lag6,0.10844226922839877
1,2,0.1,GBM_grid_1_AutoML_5_20260420_201424_model_3,cov_HULL_lag1,0.07242303845472631
1,2,0.1,GBM_grid_1_AutoML_5_20260420_201424_model_3,cov_MUFL_lag1,1.4751074138283728
1,2,0.1,GBM_grid_1_AutoML_5_20260420_201424_model_3,cov_MULL_lag1,0.062059129299595915
1,2,0.1,GBM_grid_1_AutoML_5_20260420_201424_model_3,cov_LUFL_lag1,0.1289790168346371
1,2,0.1,GBM_grid_1_AutoML_5_20260420_201424_model_3,cov_LULL_lag1,0.030455372538417534
1,2,0.1,GBM_grid_1_AutoML_5_20260420_201424_model_3,cov_OT_lag1,0.06608051685034293
1,2,0.1,GBM_grid_1_AutoML_5_20260420_201424_model_3,hour_lag1,0.3504114024341106
1,2,0.1,GBM_grid_1_AutoML_5_20260420_201424_model_3,day_of_week_lag1,0.027851317905588032
1,2,0.1,GBM_grid_1_AutoML_5_20260420_201424_model_3,month_lag1,0.09898905283305791
1,2,0.1,GBM_grid_1_AutoML_5_20260420_201424_model_3,month_sin,0.027318311658455014
1,2,0.1,GBM_grid_1_AutoML_5_20260420_201424_model_3,month_cos,0.024136349344626024
1,2,0.1,GBM_grid_1_AutoML_5_20260420_201424_model_3,year,0.22495977338403464
1,2,0.1,GBM_5_AutoML_5_20260420_201424,target_lag1,2.274782101660967
1,2,0.1,GBM_5_AutoML_5_20260420_201424,target_lag2,0.6080723668634892
1,2,0.1,GBM_5_AutoML_5_20260420_201424,target_lag3,0.10436153286544136
1,2,0.1,GBM_5_AutoML_5_20260420_201424,target_lag4,0.06820741501433072
1,2,0.1,GBM_5_AutoML_5_20260420_201424,target_lag5,0.05190439276862886
1,2,0.1,GBM_5_AutoML_5_20260420_201424,target_lag6,0.07308639113115528
1,2,0.1,GBM_5_AutoML_5_20260420_201424,cov_HULL_lag1,0.030671333018690294
1,2,0.1,GBM_5_AutoML_5_20260420_201424,cov_MUFL_lag1,1.2528796276450158
1,2,0.1,GBM_5_AutoML_5_20260420_201424,cov_MULL_lag1,0.03419982595485631
1,2,0.1,GBM_5_AutoML_5_20260420_201424,cov_LUFL_lag1,0.09028814577497539
1,2,0.1,GBM_5_AutoML_5_20260420_201424,cov_LULL_lag1,0.016189635555492667
1,2,0.1,GBM_5_AutoML_5_20260420_201424,cov_OT_lag1,0.06140798692125822
1,2,0.1,GBM_5_AutoML_5_20260420_201424,hour_lag1,0.404950180798769
1,2,0.1,GBM_5_AutoML_5_20260420_201424,day_of_week_lag1,0.004799211779900323
1,2,0.1,GBM_5_AutoML_5_20260420_201424,month_lag1,0.04743916687788438
1,2,0.1,GBM_5_AutoML_5_20260420_201424,month_sin,0.00470354617730888
1,2,0.1,GBM_5_AutoML_5_20260420_201424,month_cos,0.0023851190693676225
1,2,0.1,GBM_5_AutoML_5_20260420_201424,year,0.11025787997990844
1,2,0.1,GBM_grid_1_AutoML_5_20260420_201424_model_2,target_lag1,1.5077800643444061
1,2,0.1,GBM_grid_1_AutoML_5_20260420_201424_model_2,target_lag2,0.6548809289187193
1,2,0.1,GBM_grid_1_AutoML_5_20260420_201424_model_2,target_lag3,0.2704313183785416
1,2,0.1,GBM_grid_1_AutoML_5_20260420_201424_model_2,target_lag4,0.44146449798718096
1,2,0.1,GBM_grid_1_AutoML_5_20260420_201424_model_2,target_lag5,0.049474728365894366
1,2,0.1,GBM_grid_1_AutoML_5_20260420_201424_model_2,target_lag6,0.1380862245429307
1,2,0.1,GBM_grid_1_AutoML_5_20260420_201424_model_2,cov_HULL_lag1,0.05088961218483741
1,2,0.1,GBM_grid_1_AutoML_5_20260420_201424_model_2,cov_MUFL_lag1,1.4891826850175858
1,2,0.1,GBM_grid_1_AutoML_5_20260420_201424_model_2,cov_MULL_lag1,0.03363390700949818
1,2,0.1,GBM_grid_1_AutoML_5_20260420_201424_model_2,cov_LUFL_lag1,0.09626939906971525
1,2,0.1,GBM_grid_1_AutoML_5_20260420_201424_model_2,cov_LULL_lag1,0.062426935913390436
1,2,0.1,GBM_grid_1_AutoML_5_20260420_201424_model_2,cov_OT_lag1,0.06063059334643181
1,2,0.1,GBM_grid_1_AutoML_5_20260420_201424_model_2,hour_lag1,0.30926968896761536
1,2,0.1,GBM_grid_1_AutoML_5_20260420_201424_model_2,day_of_week_lag1,0.027443674661044457
1,2,0.1,GBM_grid_1_AutoML_5_20260420_201424_model_2,month_lag1,0.07777788611187128
1,2,0.1,GBM_grid_1_AutoML_5_20260420_201424_model_2,month_sin,0.023508686844725114
1,2,0.1,GBM_grid_1_AutoML_5_20260420_201424_model_2,month_cos,0.021823214851319744
1,2,0.1,GBM_grid_1_AutoML_5_20260420_201424_model_2,year,0.14544987088534977
1,2,0.2,GBM_1_AutoML_5_20260420_201424,target_lag1,2.1891437792778015
1,2,0.2,GBM_1_AutoML_5_20260420_201424,target_lag2,0.4024592335568741
1,2,0.2,GBM_1_AutoML_5_20260420_201424,target_lag3,0.2175903175654821
1,2,0.2,GBM_1_AutoML_5_20260420_201424,target_lag4,0.04081909074913705
1,2,0.2,GBM_1_AutoML_5_20260420_201424,target_lag5,0.05841793021536429
1,2,0.2,GBM_1_AutoML_5_20260420_201424,target_lag6,0.04984300039359365
1,2,0.2,GBM_1_AutoML_5_20260420_201424,cov_HULL_lag1,0.03297704276163126
1,2,0.2,GBM_1_AutoML_5_20260420_201424,cov_MUFL_lag1,1.490758807361126
1,2,0.2,GBM_1_AutoML_5_20260420_201424,cov_MULL_lag1,0.04625585640314963
1,2,0.2,GBM_1_AutoML_5_20260420_201424,cov_LUFL_lag1,0.068363469322212
1,2,0.2,GBM_1_AutoML_5_20260420_201424,cov_LULL_lag1,0.02575355764594856
1,2,0.2,GBM_1_AutoML_5_20260420_201424,cov_OT_lag1,0.0416573387989774
1,2,0.2,GBM_1_AutoML_5_20260420_201424,hour_lag1,0.4349941205466166
1,2,0.2,GBM_1_AutoML_5_20260420_201424,day_of_week_lag1,0.015822714525711448
1,2,0.2,GBM_1_AutoML_5_20260420_201424,month_lag1,0.08219649980776009
1,2,0.2,GBM_1_AutoML_5_20260420_201424,month_sin,0.016257871426059816
1,2,0.2,GBM_1_AutoML_5_20260420_201424,month_cos,0.009737483023200138
1,2,0.2,GBM_1_AutoML_5_20260420_201424,year,0.1010446837218478
1,2,0.2,GBM_3_AutoML_5_20260420_201424,target_lag1,1.9541000705957412
1,2,0.2,GBM_3_AutoML_5_20260420_201424,target_lag2,0.5656405053287744
1,2,0.2,GBM_3_AutoML_5_20260420_201424,target_lag3,0.11903317310847339
1,2,0.2,GBM_3_AutoML_5_20260420_201424,target_lag4,0.06695465888285977
1,2,0.2,GBM_3_AutoML_5_20260420_201424,target_lag5,0.042791424132883504
1,2,0.2,GBM_3_AutoML_5_20260420_201424,target_lag6,0.07237611541524526
1,2,0.2,GBM_3_AutoML_5_20260420_201424,cov_HULL_lag1,0.039348293892107866
1,2,0.2,GBM_3_AutoML_5_20260420_201424,cov_MUFL_lag1,1.6646436685323716
1,2,0.2,GBM_3_AutoML_5_20260420_201424,cov_MULL_lag1,0.02784657954820427
1,2,0.2,GBM_3_AutoML_5_20260420_201424,cov_LUFL_lag1,0.10776660341769453
1,2,0.2,GBM_3_AutoML_5_20260420_201424,cov_LULL_lag1,0.0300913768424652
1,2,0.2,GBM_3_AutoML_5_20260420_201424,cov_OT_lag1,0.06222235955996434
1,2,0.2,GBM_3_AutoML_5_20260420_201424,hour_lag1,0.3990554948337376
1,2,0.2,GBM_3_AutoML_5_20260420_201424,day_of_week_lag1,0.016846780949199405
1,2,0.2,GBM_3_AutoML_5_20260420_201424,month_lag1,0.08307548371143633
1,2,0.2,GBM_3_AutoML_5_20260420_201424,month_sin,0.009840466481473376
1,2,0.2,GBM_3_AutoML_5_20260420_201424,month_cos,0.008283626492302531
1,2,0.2,GBM_3_AutoML_5_20260420_201424,year,0.13351553064770993
1,2,0.2,GBM_2_AutoML_5_20260420_201424,target_lag1,1.8974932554364203
1,2,0.2,GBM_2_AutoML_5_20260420_201424,target_lag2,0.735928500322625
1,2,0.2,GBM_2_AutoML_5_20260420_201424,target_lag3,0.12892352711409327
1,2,0.2,GBM_2_AutoML_5_20260420_201424,target_lag4,0.09529615828767415
1,2,0.2,GBM_2_AutoML_5_20260420_201424,target_lag5,0.04262255345645822
1,2,0.2,GBM_2_AutoML_5_20260420_201424,target_lag6,0.05980896407156248
1,2,0.2,GBM_2_AutoML_5_20260420_201424,cov_HULL_lag1,0.031191287058172708
1,2,0.2,GBM_2_AutoML_5_20260420_201424,cov_MUFL_lag1,1.472637431025505
1,2,0.2,GBM_2_AutoML_5_20260420_201424,cov_MULL_lag1,0.02688711021561171
1,2,0.2,GBM_2_AutoML_5_20260420_201424,cov_LUFL_lag1,0.06724694467615333
1,2,0.2,GBM_2_AutoML_5_20260420_201424,cov_LULL_lag1,0.01694225738581731
1,2,0.2,GBM_2_AutoML_5_20260420_201424,cov_OT_lag1,0.0676061174832284
1,2,0.2,GBM_2_AutoML_5_20260420_201424,hour_lag1,0.43795361945405603
1,2,0.2,GBM_2_AutoML_5_20260420_201424,day_of_week_lag1,0.013339780688111157
1,2,0.2,GBM_2_AutoML_5_20260420_201424,month_lag1,0.08616490325890477
1,2,0.2,GBM_2_AutoML_5_20260420_201424,month_sin,0.005225671191001271
1,2,0.2,GBM_2_AutoML_5_20260420_201424,month_cos,0.006460565079032635
1,2,0.2,GBM_2_AutoML_5_20260420_201424,year,0.10800835774745789
1,2,0.2,XGBoost_grid_1_AutoML_5_20260420_201424_model_5,target_lag1,3.0301546484231947
1,2,0.2,XGBoost_grid_1_AutoML_5_20260420_201424_model_5,target_lag2,0.3162293507158756
1,2,0.2,XGBoost_grid_1_AutoML_5_20260420_201424_model_5,target_lag3,0.05817140694707629
1,2,0.2,XGBoost_grid_1_AutoML_5_20260420_201424_model_5,target_lag4,0.07344192665070291
1,2,0.2,XGBoost_grid_1_AutoML_5_20260420_201424_model_5,target_lag5,0.016174435979919462
1,2,0.2,XGBoost_grid_1_AutoML_5_20260420_201424_model_5,target_lag6,0.05982151022762988
1,2,0.2,XGBoost_grid_1_AutoML_5_20260420_201424_model_5,cov_HULL_lag1,0.024541935473680443
1,2,0.2,XGBoost_grid_1_AutoML_5_20260420_201424_model_5,cov_MUFL_lag1,0.8547668331861495
1,2,0.2,XGBoost_grid_1_AutoML_5_20260420_201424_model_5,cov_MULL_lag1,0.04817927510011938
1,2,0.2,XGBoost_grid_1_AutoML_5_20260420_201424_model_5,cov_LUFL_lag1,0.07673656703438607
1,2,0.2,XGBoost_grid_1_AutoML_5_20260420_201424_model_5,cov_LULL_lag1,0.012786883842199982
1,2,0.2,XGBoost_grid_1_AutoML_5_20260420_201424_model_5,cov_OT_lag1,0.042405288927257014
1,2,0.2,XGBoost_grid_1_AutoML_5_20260420_201424_model_5,hour_lag1,0.38670697949128224
1,2,0.2,XGBoost_grid_1_AutoML_5_20260420_201424_model_5,day_of_week_lag1,0.0
1,2,0.2,XGBoost_grid_1_AutoML_5_20260420_201424_model_5,month_lag1,0.05067789591848846
1,2,0.2,XGBoost_grid_1_AutoML_5_20260420_201424_model_5,month_sin,0.004713321725139375
1,2,0.2,XGBoost_grid_1_AutoML_5_20260420_201424_model_5,month_cos,0.0004090926054050215
1,2,0.2,XGBoost_grid_1_AutoML_5_20260420_201424_model_5,year,0.08290961045771833
1,2,0.2,GBM_4_AutoML_5_20260420_201424,target_lag1,2.1661201716959475
1,2,0.2,GBM_4_AutoML_5_20260420_201424,target_lag2,0.40032470811158416
1,2,0.2,GBM_4_AutoML_5_20260420_201424,target_lag3,0.16269867122638967
1,2,0.2,GBM_4_AutoML_5_20260420_201424,target_lag4,0.0636544673715252
1,2,0.2,GBM_4_AutoML_5_20260420_201424,target_lag5,0.0642715638200752
1,2,0.2,GBM_4_AutoML_5_20260420_201424,target_lag6,0.0699418547765526
1,2,0.2,GBM_4_AutoML_5_20260420_201424,cov_HULL_lag1,0.039479522397741634
1,2,0.2,GBM_4_AutoML_5_20260420_201424,cov_MUFL_lag1,1.4257623367011547
1,2,0.2,GBM_4_AutoML_5_20260420_201424,cov_MULL_lag1,0.03495765683008353
1,2,0.2,GBM_4_AutoML_5_20260420_201424,cov_LUFL_lag1,0.06464276571292425
1,2,0.2,GBM_4_AutoML_5_20260420_201424,cov_LULL_lag1,0.03333418603753666
1,2,0.2,GBM_4_AutoML_5_20260420_201424,cov_OT_lag1,0.0651187994726933
1,2,0.2,GBM_4_AutoML_5_20260420_201424,hour_lag1,0.43839170821011064
1,2,0.2,GBM_4_AutoML_5_20260420_201424,day_of_week_lag1,0.015595658600795965
1,2,0.2,GBM_4_AutoML_5_20260420_201424,month_lag1,0.07535691132768985
1,2,0.2,GBM_4_AutoML_5_20260420_201424,month_sin,0.017826723749312764
1,2,0.2,GBM_4_AutoML_5_20260420_201424,month_cos,0.015185730310622557
1,2,0.2,GBM_4_AutoML_5_20260420_201424,year,0.1556730729580158
1,2,0.2,XRT_1_AutoML_5_20260420_201424,target_lag1,258.31193501546977
1,2,0.2,XRT_1_AutoML_5_20260420_201424,target_lag2,17.08070013523102
1,2,0.2,XRT_1_AutoML_5_20260420_201424,target_lag3,6.995262749493122
1,2,0.2,XRT_1_AutoML_5_20260420_201424,target_lag4,0.392877451479435
1,2,0.2,XRT_1_AutoML_5_20260420_201424,target_lag5,250.92133807644248
1,2,0.2,XRT_1_AutoML_5_20260420_201424,target_lag6,1.5864333644427824
1,2,0.2,XRT_1_AutoML_5_20260420_201424,cov_HULL_lag1,0.05302584519609804
1,2,0.2,XRT_1_AutoML_5_20260420_201424,cov_MUFL_lag1,3.9524154585599898
1,2,0.2,XRT_1_AutoML_5_20260420_201424,cov_MULL_lag1,0.2106738816807046
1,2,0.2,XRT_1_AutoML_5_20260420_201424,cov_LUFL_lag1,2.353356706723571
1,2,0.2,XRT_1_AutoML_5_20260420_201424,cov_LULL_lag1,795402.7311330019
1,2,0.2,XRT_1_AutoML_5_20260420_201424,cov_OT_lag1,298.19104333896655
1,2,0.2,XRT_1_AutoML_5_20260420_201424,hour_lag1,11.177814955413341
1,2,0.2,XRT_1_AutoML_5_20260420_201424,day_of_week_lag1,0.06672281634062525
1,2,0.2,XRT_1_AutoML_5_20260420_201424,month_lag1,59.92471195160411
1,2,0.2,XRT_1_AutoML_5_20260420_201424,month_sin,0.03539034193148832
1,2,0.2,XRT_1_AutoML_5_20260420_201424,month_cos,6900.666870544466
1,2,0.2,XRT_1_AutoML_5_20260420_201424,year,0.14308394214138384
1,2,0.2,DRF_1_AutoML_5_20260420_201424,target_lag1,1.8721306172013283
1,2,0.2,DRF_1_AutoML_5_20260420_201424,target_lag2,1.2521947373263538
1,2,0.2,DRF_1_AutoML_5_20260420_201424,target_lag3,0.5605818839464337
1,2,0.2,DRF_1_AutoML_5_20260420_201424,target_lag4,0.4466248632967472
1,2,0.2,DRF_1_AutoML_5_20260420_201424,target_lag5,0.13042231317609546
1,2,0.2,DRF_1_AutoML_5_20260420_201424,target_lag6,0.2655793729797006
1,2,0.2,DRF_1_AutoML_5_20260420_201424,cov_HULL_lag1,0.03198934563901272
1,2,0.2,DRF_1_AutoML_5_20260420_201424,cov_MUFL_lag1,1.7743834659457207
1,2,0.2,DRF_1_AutoML_5_20260420_201424,cov_MULL_lag1,0.022054671036312316
1,2,0.2,DRF_1_AutoML_5_20260420_201424,cov_LUFL_lag1,0.09536980465753
1,2,0.2,DRF_1_AutoML_5_20260420_201424,cov_LULL_lag1,0.01963500867648687
1,2,0.2,DRF_1_AutoML_5_20260420_201424,cov_OT_lag1,0.05266200268641111
1,2,0.2,DRF_1_AutoML_5_20260420_201424,hour_lag1,0.30758323656395076
1,2,0.2,DRF_1_AutoML_5_20260420_201424,day_of_week_lag1,0.012971918685070655
1,2,0.2,DRF_1_AutoML_5_20260420_201424,month_lag1,0.04285284041310656
1,2,0.2,DRF_1_AutoML_5_20260420_201424,month_sin,0.010835873657706501
1,2,0.2,DRF_1_AutoML_5_20260420_201424,month_cos,0.01370698378319498
1,2,0.2,DRF_1_AutoML_5_20260420_201424,year,0.14539487145841118
1,2,0.2,GBM_grid_1_AutoML_5_20260420_201424_model_1,target_lag1,1.6877742060273886
1,2,0.2,GBM_grid_1_AutoML_5_20260420_201424_model_1,target_lag2,0.587862905934453
1,2,0.2,GBM_grid_1_AutoML_5_20260420_201424_model_1,target_lag3,0.37672163610346615
1,2,0.2,GBM_grid_1_AutoML_5_20260420_201424_model_1,target_lag4,0.2241533049941063
1,2,0.2,GBM_grid_1_AutoML_5_20260420_201424_model_1,target_lag5,0.20808412753045558
1,2,0.2,GBM_grid_1_AutoML_5_20260420_201424_model_1,target_lag6,0.05407093155445178
1,2,0.2,GBM_grid_1_AutoML_5_20260420_201424_model_1,cov_HULL_lag1,0.04977033124538134
1,2,0.2,GBM_grid_1_AutoML_5_20260420_201424_model_1,cov_MUFL_lag1,1.0673429165780544
1,2,0.2,GBM_grid_1_AutoML_5_20260420_201424_model_1,cov_MULL_lag1,0.04878727981587869
1,2,0.2,GBM_grid_1_AutoML_5_20260420_201424_model_1,cov_LUFL_lag1,0.08292637804523106
1,2,0.2,GBM_grid_1_AutoML_5_20260420_201424_model_1,cov_LULL_lag1,0.034405083311721645
1,2,0.2,GBM_grid_1_AutoML_5_20260420_201424_model_1,cov_OT_lag1,0.06681141108856532
1,2,0.2,GBM_grid_1_AutoML_5_20260420_201424_model_1,hour_lag1,0.3695922940969467
1,2,0.2,GBM_grid_1_AutoML_5_20260420_201424_model_1,day_of_week_lag1,0.02127527391770851
1,2,0.2,GBM_grid_1_AutoML_5_20260420_201424_model_1,month_lag1,0.0746273824665695
1,2,0.2,GBM_grid_1_AutoML_5_20260420_201424_model_1,month_sin,0.02951353298733006
1,2,0.2,GBM_grid_1_AutoML_5_20260420_201424_model_1,month_cos,0.01953144139435603
1,2,0.2,GBM_grid_1_AutoML_5_20260420_201424_model_1,year,0.15835276732221243
1,2,0.2,XGBoost_grid_1_AutoML_5_20260420_201424_model_1,target_lag1,2.337728197276592
1,2,0.2,XGBoost_grid_1_AutoML_5_20260420_201424_model_1,target_lag2,0.43910617293789983
1,2,0.2,XGBoost_grid_1_AutoML_5_20260420_201424_model_1,target_lag3,0.4448164555430412
1,2,0.2,XGBoost_grid_1_AutoML_5_20260420_201424_model_1,target_lag4,0.04456892596965187
1,2,0.2,XGBoost_grid_1_AutoML_5_20260420_201424_model_1,target_lag5,0.059720911456970456
1,2,0.2,XGBoost_grid_1_AutoML_5_20260420_201424_model_1,target_lag6,0.10506392477080223
1,2,0.2,XGBoost_grid_1_AutoML_5_20260420_201424_model_1,cov_HULL_lag1,0.04355113769415761
1,2,0.2,XGBoost_grid_1_AutoML_5_20260420_201424_model_1,cov_MUFL_lag1,1.187425413131714
1,2,0.2,XGBoost_grid_1_AutoML_5_20260420_201424_model_1,cov_MULL_lag1,0.031218355894670785
1,2,0.2,XGBoost_grid_1_AutoML_5_20260420_201424_model_1,cov_LUFL_lag1,0.12501427339389917
1,2,0.2,XGBoost_grid_1_AutoML_5_20260420_201424_model_1,cov_LULL_lag1,0.009284662618301753
1,2,0.2,XGBoost_grid_1_AutoML_5_20260420_201424_model_1,cov_OT_lag1,0.054826630651950786
1,2,0.2,XGBoost_grid_1_AutoML_5_20260420_201424_model_1,hour_lag1,0.3936665045376867
1,2,0.2,XGBoost_grid_1_AutoML_5_20260420_201424_model_1,day_of_week_lag1,0.0
1,2,0.2,XGBoost_grid_1_AutoML_5_20260420_201424_model_1,month_lag1,0.04153818530030545
1,2,0.2,XGBoost_grid_1_AutoML_5_20260420_201424_model_1,month_sin,0.0011863868561340486
1,2,0.2,XGBoost_grid_1_AutoML_5_20260420_201424_model_1,month_cos,0.0
1,2,0.2,XGBoost_grid_1_AutoML_5_20260420_201424_model_1,year,0.031186949918046544
1,2,0.2,XGBoost_grid_1_AutoML_5_20260420_201424_model_3,target_lag1,1.29896053545177
1,2,0.2,XGBoost_grid_1_AutoML_5_20260420_201424_model_3,target_lag2,1.0099905464798211
1,2,0.2,XGBoost_grid_1_AutoML_5_20260420_201424_model_3,target_lag3,0.3354247322678566
1,2,0.2,XGBoost_grid_1_AutoML_5_20260420_201424_model_3,target_lag4,0.2043933691456914
1,2,0.2,XGBoost_grid_1_AutoML_5_20260420_201424_model_3,target_lag5,0.06101014825515445
1,2,0.2,XGBoost_grid_1_AutoML_5_20260420_201424_model_3,target_lag6,0.13765717954840506
1,2,0.2,XGBoost_grid_1_AutoML_5_20260420_201424_model_3,cov_HULL_lag1,0.008772785565815846
1,2,0.2,XGBoost_grid_1_AutoML_5_20260420_201424_model_3,cov_MUFL_lag1,1.6706889242678882
1,2,0.2,XGBoost_grid_1_AutoML_5_20260420_201424_model_3,cov_MULL_lag1,0.037762078661471556
1,2,0.2,XGBoost_grid_1_AutoML_5_20260420_201424_model_3,cov_LUFL_lag1,0.14526577465236185
1,2,0.2,XGBoost_grid_1_AutoML_5_20260420_201424_model_3,cov_LULL_lag1,0.020701014031656043
1,2,0.2,XGBoost_grid_1_AutoML_5_20260420_201424_model_3,cov_OT_lag1,0.029769091079942845
1,2,0.2,XGBoost_grid_1_AutoML_5_20260420_201424_model_3,hour_lag1,0.4185584699455649
1,2,0.2,XGBoost_grid_1_AutoML_5_20260420_201424_model_3,day_of_week_lag1,8.597544379881583e-05
1,2,0.2,XGBoost_grid_1_AutoML_5_20260420_201424_model_3,month_lag1,0.051932811657898086
1,2,0.2,XGBoost_grid_1_AutoML_5_20260420_201424_model_3,month_sin,0.0006045095428998997
1,2,0.2,XGBoost_grid_1_AutoML_5_20260420_201424_model_3,month_cos,0.0012967808154643811
1,2,0.2,XGBoost_grid_1_AutoML_5_20260420_201424_model_3,year,0.12589778285473582
1,2,0.2,XGBoost_grid_1_AutoML_5_20260420_201424_model_4,target_lag1,1.509152162745595
1,2,0.2,XGBoost_grid_1_AutoML_5_20260420_201424_model_4,target_lag2,1.24734457494691
1,2,0.2,XGBoost_grid_1_AutoML_5_20260420_201424_model_4,target_lag3,0.165648754760623
1,2,0.2,XGBoost_grid_1_AutoML_5_20260420_201424_model_4,target_lag4,0.07037918567657467
1,2,0.2,XGBoost_grid_1_AutoML_5_20260420_201424_model_4,target_lag5,0.05995455773896533
1,2,0.2,XGBoost_grid_1_AutoML_5_20260420_201424_model_4,target_lag6,0.09550905246753243
1,2,0.2,XGBoost_grid_1_AutoML_5_20260420_201424_model_4,cov_HULL_lag1,0.048675548015162294
1,2,0.2,XGBoost_grid_1_AutoML_5_20260420_201424_model_4,cov_MUFL_lag1,1.22571249127388
1,2,0.2,XGBoost_grid_1_AutoML_5_20260420_201424_model_4,cov_MULL_lag1,0.05277200898970473
1,2,0.2,XGBoost_grid_1_AutoML_5_20260420_201424_model_4,cov_LUFL_lag1,0.10738479852676389
1,2,0.2,XGBoost_grid_1_AutoML_5_20260420_201424_model_4,cov_LULL_lag1,0.030742752268561116
1,2,0.2,XGBoost_grid_1_AutoML_5_20260420_201424_model_4,cov_OT_lag1,0.10806642835959789
1,2,0.2,XGBoost_grid_1_AutoML_5_20260420_201424_model_4,hour_lag1,0.47280577567406
1,2,0.2,XGBoost_grid_1_AutoML_5_20260420_201424_model_4,day_of_week_lag1,0.020882573704875496
1,2,0.2,XGBoost_grid_1_AutoML_5_20260420_201424_model_4,month_lag1,0.09312794499099251
1,2,0.2,XGBoost_grid_1_AutoML_5_20260420_201424_model_4,month_sin,0.01339081081008767
1,2,0.2,XGBoost_grid_1_AutoML_5_20260420_201424_model_4,month_cos,0.020463841467862905
1,2,0.2,XGBoost_grid_1_AutoML_5_20260420_201424_model_4,year,0.16576394366100428
1,2,0.2,GBM_grid_1_AutoML_5_20260420_201424_model_3,target_lag1,1.0622514645382761
1,2,0.2,GBM_grid_1_AutoML_5_20260420_201424_model_3,target_lag2,1.0561764016002417
1,2,0.2,GBM_grid_1_AutoML_5_20260420_201424_model_3,target_lag3,0.17763707211241125
1,2,0.2,GBM_grid_1_AutoML_5_20260420_201424_model_3,target_lag4,0.2706256520561874
1,2,0.2,GBM_grid_1_AutoML_5_20260420_201424_model_3,target_lag5,0.09962147068787086
1,2,0.2,GBM_grid_1_AutoML_5_20260420_201424_model_3,target_lag6,0.10844226922839877
1,2,0.2,GBM_grid_1_AutoML_5_20260420_201424_model_3,cov_HULL_lag1,0.07242303845472631
1,2,0.2,GBM_grid_1_AutoML_5_20260420_201424_model_3,cov_MUFL_lag1,1.4751074138283728
1,2,0.2,GBM_grid_1_AutoML_5_20260420_201424_model_3,cov_MULL_lag1,0.062059129299595915
1,2,0.2,GBM_grid_1_AutoML_5_20260420_201424_model_3,cov_LUFL_lag1,0.1289790168346371
1,2,0.2,GBM_grid_1_AutoML_5_20260420_201424_model_3,cov_LULL_lag1,0.030455372538417534
1,2,0.2,GBM_grid_1_AutoML_5_20260420_201424_model_3,cov_OT_lag1,0.06608051685034293
1,2,0.2,GBM_grid_1_AutoML_5_20260420_201424_model_3,hour_lag1,0.3504114024341106
1,2,0.2,GBM_grid_1_AutoML_5_20260420_201424_model_3,day_of_week_lag1,0.027851317905588032
1,2,0.2,GBM_grid_1_AutoML_5_20260420_201424_model_3,month_lag1,0.09898905283305791
1,2,0.2,GBM_grid_1_AutoML_5_20260420_201424_model_3,month_sin,0.027318311658455014
1,2,0.2,GBM_grid_1_AutoML_5_20260420_201424_model_3,month_cos,0.024136349344626024
1,2,0.2,GBM_grid_1_AutoML_5_20260420_201424_model_3,year,0.22495977338403464
1,2,0.2,GBM_5_AutoML_5_20260420_201424,target_lag1,2.274782101660967
1,2,0.2,GBM_5_AutoML_5_20260420_201424,target_lag2,0.6080723668634892
1,2,0.2,GBM_5_AutoML_5_20260420_201424,target_lag3,0.10436153286544136
1,2,0.2,GBM_5_AutoML_5_20260420_201424,target_lag4,0.06820741501433072
1,2,0.2,GBM_5_AutoML_5_20260420_201424,target_lag5,0.05190439276862886
1,2,0.2,GBM_5_AutoML_5_20260420_201424,target_lag6,0.07308639113115528
1,2,0.2,GBM_5_AutoML_5_20260420_201424,cov_HULL_lag1,0.030671333018690294
1,2,0.2,GBM_5_AutoML_5_20260420_201424,cov_MUFL_lag1,1.2528796276450158
1,2,0.2,GBM_5_AutoML_5_20260420_201424,cov_MULL_lag1,0.03419982595485631
1,2,0.2,GBM_5_AutoML_5_20260420_201424,cov_LUFL_lag1,0.09028814577497539
1,2,0.2,GBM_5_AutoML_5_20260420_201424,cov_LULL_lag1,0.016189635555492667
1,2,0.2,GBM_5_AutoML_5_20260420_201424,cov_OT_lag1,0.06140798692125822
1,2,0.2,GBM_5_AutoML_5_20260420_201424,hour_lag1,0.404950180798769
1,2,0.2,GBM_5_AutoML_5_20260420_201424,day_of_week_lag1,0.004799211779900323
1,2,0.2,GBM_5_AutoML_5_20260420_201424,month_lag1,0.04743916687788438
1,2,0.2,GBM_5_AutoML_5_20260420_201424,month_sin,0.00470354617730888
1,2,0.2,GBM_5_AutoML_5_20260420_201424,month_cos,0.0023851190693676225
1,2,0.2,GBM_5_AutoML_5_20260420_201424,year,0.11025787997990844
1,2,0.2,GBM_grid_1_AutoML_5_20260420_201424_model_2,target_lag1,1.5077800643444061
1,2,0.2,GBM_grid_1_AutoML_5_20260420_201424_model_2,target_lag2,0.6548809289187193
1,2,0.2,GBM_grid_1_AutoML_5_20260420_201424_model_2,target_lag3,0.2704313183785416
1,2,0.2,GBM_grid_1_AutoML_5_20260420_201424_model_2,target_lag4,0.44146449798718096
1,2,0.2,GBM_grid_1_AutoML_5_20260420_201424_model_2,target_lag5,0.049474728365894366
1,2,0.2,GBM_grid_1_AutoML_5_20260420_201424_model_2,target_lag6,0.1380862245429307
1,2,0.2,GBM_grid_1_AutoML_5_20260420_201424_model_2,cov_HULL_lag1,0.05088961218483741
1,2,0.2,GBM_grid_1_AutoML_5_20260420_201424_model_2,cov_MUFL_lag1,1.4891826850175858
1,2,0.2,GBM_grid_1_AutoML_5_20260420_201424_model_2,cov_MULL_lag1,0.03363390700949818
1,2,0.2,GBM_grid_1_AutoML_5_20260420_201424_model_2,cov_LUFL_lag1,0.09626939906971525
1,2,0.2,GBM_grid_1_AutoML_5_20260420_201424_model_2,cov_LULL_lag1,0.062426935913390436
1,2,0.2,GBM_grid_1_AutoML_5_20260420_201424_model_2,cov_OT_lag1,0.06063059334643181
1,2,0.2,GBM_grid_1_AutoML_5_20260420_201424_model_2,hour_lag1,0.30926968896761536
1,2,0.2,GBM_grid_1_AutoML_5_20260420_201424_model_2,day_of_week_lag1,0.027443674661044457
1,2,0.2,GBM_grid_1_AutoML_5_20260420_201424_model_2,month_lag1,0.07777788611187128
1,2,0.2,GBM_grid_1_AutoML_5_20260420_201424_model_2,month_sin,0.023508686844725114
1,2,0.2,GBM_grid_1_AutoML_5_20260420_201424_model_2,month_cos,0.021823214851319744
1,2,0.2,GBM_grid_1_AutoML_5_20260420_201424_model_2,year,0.14544987088534977
1,2,0.2,GLM_1_AutoML_5_20260420_201424,target_lag1,2.569128798143714
1,2,0.2,GLM_1_AutoML_5_20260420_201424,target_lag2,1.1357916438665665
1,2,0.2,GLM_1_AutoML_5_20260420_201424,target_lag3,0.49015736883875044
1,2,0.2,GLM_1_AutoML_5_20260420_201424,target_lag4,0.11936077206431425
1,2,0.2,GLM_1_AutoML_5_20260420_201424,target_lag5,0.3235262760822188
1,2,0.2,GLM_1_AutoML_5_20260420_201424,target_lag6,0.5269141790027052
1,2,0.2,GLM_1_AutoML_5_20260420_201424,cov_HULL_lag1,0.10844471057306393
1,2,0.2,GLM_1_AutoML_5_20260420_201424,cov_MUFL_lag1,0.7426309797150508
1,2,0.2,GLM_1_AutoML_5_20260420_201424,cov_MULL_lag1,0.13740429720285072
1,2,0.2,GLM_1_AutoML_5_20260420_201424,cov_LUFL_lag1,0.015730635881018983
1,2,0.2,GLM_1_AutoML_5_20260420_201424,cov_LULL_lag1,0.024166647781994444
1,2,0.2,GLM_1_AutoML_5_20260420_201424,cov_OT_lag1,0.20466466991670745
1,2,0.2,GLM_1_AutoML_5_20260420_201424,hour_lag1,0.16464640512481257
1,2,0.2,GLM_1_AutoML_5_20260420_201424,day_of_week_lag1,0.006511168951120245
1,2,0.2,GLM_1_AutoML_5_20260420_201424,month_lag1,0.04363337691613234
1,2,0.2,GLM_1_AutoML_5_20260420_201424,month_sin,0.006288780719909855
1,2,0.2,GLM_1_AutoML_5_20260420_201424,month_cos,0.0026358120160149125
1,2,0.2,GLM_1_AutoML_5_20260420_201424,year,0.28321918174066135
1,2,0.2,XGBoost_grid_1_AutoML_5_20260420_201424_model_2,target_lag1,1.8496577708795667
1,2,0.2,XGBoost_grid_1_AutoML_5_20260420_201424_model_2,target_lag2,0.9726264448463917
1,2,0.2,XGBoost_grid_1_AutoML_5_20260420_201424_model_2,target_lag3,0.11493669882416721
1,2,0.2,XGBoost_grid_1_AutoML_5_20260420_201424_model_2,target_lag4,0.11021191996464036
1,2,0.2,XGBoost_grid_1_AutoML_5_20260420_201424_model_2,target_lag5,0.11296233002984078
1,2,0.2,XGBoost_grid_1_AutoML_5_20260420_201424_model_2,target_lag6,0.06905133409891274
1,2,0.2,XGBoost_grid_1_AutoML_5_20260420_201424_model_2,cov_HULL_lag1,0.07281719684600826
1,2,0.2,XGBoost_grid_1_AutoML_5_20260420_201424_model_2,cov_MUFL_lag1,1.45573737770319
1,2,0.2,XGBoost_grid_1_AutoML_5_20260420_201424_model_2,cov_MULL_lag1,0.048354386980645314
1,2,0.2,XGBoost_grid_1_AutoML_5_20260420_201424_model_2,cov_LUFL_lag1,0.09585678761824962
1,2,0.2,XGBoost_grid_1_AutoML_5_20260420_201424_model_2,cov_LULL_lag1,0.047527624508365944
1,2,0.2,XGBoost_grid_1_AutoML_5_20260420_201424_model_2,cov_OT_lag1,0.09852011582814153
1,2,0.2,XGBoost_grid_1_AutoML_5_20260420_201424_model_2,hour_lag1,0.4843722716346383
1,2,0.2,XGBoost_grid_1_AutoML_5_20260420_201424_model_2,day_of_week_lag1,0.02160914801919711
1,2,0.2,XGBoost_grid_1_AutoML_5_20260420_201424_model_2,month_lag1,0.10536376351024952
1,2,0.2,XGBoost_grid_1_AutoML_5_20260420_201424_model_2,month_sin,0.021108978921547488
1,2,0.2,XGBoost_grid_1_AutoML_5_20260420_201424_model_2,month_cos,0.019766579845745536
1,2,0.2,XGBoost_grid_1_AutoML_5_20260420_201424_model_2,year,0.17480595509987323
1,2,0.2,XGBoost_3_AutoML_5_20260420_201424,target_lag1,1.8971174530452117
1,2,0.2,XGBoost_3_AutoML_5_20260420_201424,target_lag2,1.1887393352389335
1,2,0.2,XGBoost_3_AutoML_5_20260420_201424,target_lag3,0.24126191377639766
1,2,0.2,XGBoost_3_AutoML_5_20260420_201424,target_lag4,0.08896094378083941
1,2,0.2,XGBoost_3_AutoML_5_20260420_201424,target_lag5,0.05266933186678211
1,2,0.2,XGBoost_3_AutoML_5_20260420_201424,target_lag6,0.08767743786214847
1,2,0.2,XGBoost_3_AutoML_5_20260420_201424,cov_HULL_lag1,0.037554073845967595
1,2,0.2,XGBoost_3_AutoML_5_20260420_201424,cov_MUFL_lag1,0.9785484480857849
1,2,0.2,XGBoost_3_AutoML_5_20260420_201424,cov_MULL_lag1,0.1297024070844054
1,2,0.2,XGBoost_3_AutoML_5_20260420_201424,cov_LUFL_lag1,0.1060319276899099
1,2,0.2,XGBoost_3_AutoML_5_20260420_201424,cov_LULL_lag1,0.02150955189252268
1,2,0.2,XGBoost_3_AutoML_5_20260420_201424,cov_OT_lag1,0.09772012060508128
1,2,0.2,XGBoost_3_AutoML_5_20260420_201424,hour_lag1,0.48508173316717146
1,2,0.2,XGBoost_3_AutoML_5_20260420_201424,day_of_week_lag1,0.010688548556063281
1,2,0.2,XGBoost_3_AutoML_5_20260420_201424,month_lag1,0.058267540130764205
1,2,0.2,XGBoost_3_AutoML_5_20260420_201424,month_sin,0.005668623049568818
1,2,0.2,XGBoost_3_AutoML_5_20260420_201424,month_cos,0.002609421510714986
1,2,0.2,XGBoost_3_AutoML_5_20260420_201424,year,0.1854856152739376
1,2,0.2,XGBoost_2_AutoML_5_20260420_201424,target_lag1,2.53704423379153
1,2,0.2,XGBoost_2_AutoML_5_20260420_201424,target_lag2,0.5329319750494323
1,2,0.2,XGBoost_2_AutoML_5_20260420_201424,target_lag3,0.14659646347281519
1,2,0.2,XGBoost_2_AutoML_5_20260420_201424,target_lag4,0.10743434920907018
1,2,0.2,XGBoost_2_AutoML_5_20260420_201424,target_lag5,0.1457593712012749
1,2,0.2,XGBoost_2_AutoML_5_20260420_201424,target_lag6,0.21458619533106685
1,2,0.2,XGBoost_2_AutoML_5_20260420_201424,cov_HULL_lag1,0.07095014209393408
1,2,0.2,XGBoost_2_AutoML_5_20260420_201424,cov_MUFL_lag1,0.9851788634061813
1,2,0.2,XGBoost_2_AutoML_5_20260420_201424,cov_MULL_lag1,0.07937568635214116
1,2,0.2,XGBoost_2_AutoML_5_20260420_201424,cov_LUFL_lag1,0.07310055759968233
1,2,0.2,XGBoost_2_AutoML_5_20260420_201424,cov_LULL_lag1,0.07184492970583957
1,2,0.2,XGBoost_2_AutoML_5_20260420_201424,cov_OT_lag1,0.09308738301740956
1,2,0.2,XGBoost_2_AutoML_5_20260420_201424,hour_lag1,0.4888308434467763
1,2,0.2,XGBoost_2_AutoML_5_20260420_201424,day_of_week_lag1,0.03020032698754216
1,2,0.2,XGBoost_2_AutoML_5_20260420_201424,month_lag1,0.15087299376726146
1,2,0.2,XGBoost_2_AutoML_5_20260420_201424,month_sin,0.0314238897839095
1,2,0.2,XGBoost_2_AutoML_5_20260420_201424,month_cos,0.027985829740064184
1,2,0.2,XGBoost_2_AutoML_5_20260420_201424,year,0.2844503870233893
1,2,0.2,XGBoost_1_AutoML_5_20260420_201424,target_lag1,2.6937701158225535
1,2,0.2,XGBoost_1_AutoML_5_20260420_201424,target_lag2,0.37823492800816894
1,2,0.2,XGBoost_1_AutoML_5_20260420_201424,target_lag3,0.15802299131173636
1,2,0.2,XGBoost_1_AutoML_5_20260420_201424,target_lag4,0.1157229122612625
1,2,0.2,XGBoost_1_AutoML_5_20260420_201424,target_lag5,0.1151116930186981
1,2,0.2,XGBoost_1_AutoML_5_20260420_201424,target_lag6,0.09814380782016084
1,2,0.2,XGBoost_1_AutoML_5_20260420_201424,cov_HULL_lag1,0.08004307090304788
1,2,0.2,XGBoost_1_AutoML_5_20260420_201424,cov_MUFL_lag1,0.9303004333050922
1,2,0.2,XGBoost_1_AutoML_5_20260420_201424,cov_MULL_lag1,0.040740750036202325
1,2,0.2,XGBoost_1_AutoML_5_20260420_201424,cov_LUFL_lag1,0.06966028614901003
1,2,0.2,XGBoost_1_AutoML_5_20260420_201424,cov_LULL_lag1,0.062211656071012804
1,2,0.2,XGBoost_1_AutoML_5_20260420_201424,cov_OT_lag1,0.08314941985649053
1,2,0.2,XGBoost_1_AutoML_5_20260420_201424,hour_lag1,0.5178658773424104
1,2,0.2,XGBoost_1_AutoML_5_20260420_201424,day_of_week_lag1,0.03468595422687936
1,2,0.2,XGBoost_1_AutoML_5_20260420_201424,month_lag1,0.061814217991777644
1,2,0.2,XGBoost_1_AutoML_5_20260420_201424,month_sin,0.025941745833842976
1,2,0.2,XGBoost_1_AutoML_5_20260420_201424,month_cos,0.046710104940284464
1,2,0.2,XGBoost_1_AutoML_5_20260420_201424,year,0.23597641999833285
1,2,0.3,GBM_1_AutoML_5_20260420_201424,target_lag1,2.1891437792778015
1,2,0.3,GBM_1_AutoML_5_20260420_201424,target_lag2,0.4024592335568741
1,2,0.3,GBM_1_AutoML_5_20260420_201424,target_lag3,0.2175903175654821
1,2,0.3,GBM_1_AutoML_5_20260420_201424,target_lag4,0.04081909074913705
1,2,0.3,GBM_1_AutoML_5_20260420_201424,target_lag5,0.05841793021536429
1,2,0.3,GBM_1_AutoML_5_20260420_201424,target_lag6,0.04984300039359365
1,2,0.3,GBM_1_AutoML_5_20260420_201424,cov_HULL_lag1,0.03297704276163126
1,2,0.3,GBM_1_AutoML_5_20260420_201424,cov_MUFL_lag1,1.490758807361126
1,2,0.3,GBM_1_AutoML_5_20260420_201424,cov_MULL_lag1,0.04625585640314963
1,2,0.3,GBM_1_AutoML_5_20260420_201424,cov_LUFL_lag1,0.068363469322212
1,2,0.3,GBM_1_AutoML_5_20260420_201424,cov_LULL_lag1,0.02575355764594856
1,2,0.3,GBM_1_AutoML_5_20260420_201424,cov_OT_lag1,0.0416573387989774
1,2,0.3,GBM_1_AutoML_5_20260420_201424,hour_lag1,0.4349941205466166
1,2,0.3,GBM_1_AutoML_5_20260420_201424,day_of_week_lag1,0.015822714525711448
1,2,0.3,GBM_1_AutoML_5_20260420_201424,month_lag1,0.08219649980776009
1,2,0.3,GBM_1_AutoML_5_20260420_201424,month_sin,0.016257871426059816
1,2,0.3,GBM_1_AutoML_5_20260420_201424,month_cos,0.009737483023200138
1,2,0.3,GBM_1_AutoML_5_20260420_201424,year,0.1010446837218478
1,2,0.3,GBM_3_AutoML_5_20260420_201424,target_lag1,1.9541000705957412
1,2,0.3,GBM_3_AutoML_5_20260420_201424,target_lag2,0.5656405053287744
1,2,0.3,GBM_3_AutoML_5_20260420_201424,target_lag3,0.11903317310847339
1,2,0.3,GBM_3_AutoML_5_20260420_201424,target_lag4,0.06695465888285977
1,2,0.3,GBM_3_AutoML_5_20260420_201424,target_lag5,0.042791424132883504
1,2,0.3,GBM_3_AutoML_5_20260420_201424,target_lag6,0.07237611541524526
1,2,0.3,GBM_3_AutoML_5_20260420_201424,cov_HULL_lag1,0.039348293892107866
1,2,0.3,GBM_3_AutoML_5_20260420_201424,cov_MUFL_lag1,1.6646436685323716
1,2,0.3,GBM_3_AutoML_5_20260420_201424,cov_MULL_lag1,0.02784657954820427
1,2,0.3,GBM_3_AutoML_5_20260420_201424,cov_LUFL_lag1,0.10776660341769453
1,2,0.3,GBM_3_AutoML_5_20260420_201424,cov_LULL_lag1,0.0300913768424652
1,2,0.3,GBM_3_AutoML_5_20260420_201424,cov_OT_lag1,0.06222235955996434
1,2,0.3,GBM_3_AutoML_5_20260420_201424,hour_lag1,0.3990554948337376
1,2,0.3,GBM_3_AutoML_5_20260420_201424,day_of_week_lag1,0.016846780949199405
1,2,0.3,GBM_3_AutoML_5_20260420_201424,month_lag1,0.08307548371143633
1,2,0.3,GBM_3_AutoML_5_20260420_201424,month_sin,0.009840466481473376
1,2,0.3,GBM_3_AutoML_5_20260420_201424,month_cos,0.008283626492302531
1,2,0.3,GBM_3_AutoML_5_20260420_201424,year,0.13351553064770993
1,2,0.3,GBM_2_AutoML_5_20260420_201424,target_lag1,1.8974932554364203
1,2,0.3,GBM_2_AutoML_5_20260420_201424,target_lag2,0.735928500322625
1,2,0.3,GBM_2_AutoML_5_20260420_201424,target_lag3,0.12892352711409327
1,2,0.3,GBM_2_AutoML_5_20260420_201424,target_lag4,0.09529615828767415
1,2,0.3,GBM_2_AutoML_5_20260420_201424,target_lag5,0.04262255345645822
1,2,0.3,GBM_2_AutoML_5_20260420_201424,target_lag6,0.05980896407156248
1,2,0.3,GBM_2_AutoML_5_20260420_201424,cov_HULL_lag1,0.031191287058172708
1,2,0.3,GBM_2_AutoML_5_20260420_201424,cov_MUFL_lag1,1.472637431025505
1,2,0.3,GBM_2_AutoML_5_20260420_201424,cov_MULL_lag1,0.02688711021561171
1,2,0.3,GBM_2_AutoML_5_20260420_201424,cov_LUFL_lag1,0.06724694467615333
1,2,0.3,GBM_2_AutoML_5_20260420_201424,cov_LULL_lag1,0.01694225738581731
1,2,0.3,GBM_2_AutoML_5_20260420_201424,cov_OT_lag1,0.0676061174832284
1,2,0.3,GBM_2_AutoML_5_20260420_201424,hour_lag1,0.43795361945405603
1,2,0.3,GBM_2_AutoML_5_20260420_201424,day_of_week_lag1,0.013339780688111157
1,2,0.3,GBM_2_AutoML_5_20260420_201424,month_lag1,0.08616490325890477
1,2,0.3,GBM_2_AutoML_5_20260420_201424,month_sin,0.005225671191001271
1,2,0.3,GBM_2_AutoML_5_20260420_201424,month_cos,0.006460565079032635
1,2,0.3,GBM_2_AutoML_5_20260420_201424,year,0.10800835774745789
1,2,0.3,XGBoost_grid_1_AutoML_5_20260420_201424_model_5,target_lag1,3.0301546484231947
1,2,0.3,XGBoost_grid_1_AutoML_5_20260420_201424_model_5,target_lag2,0.3162293507158756
1,2,0.3,XGBoost_grid_1_AutoML_5_20260420_201424_model_5,target_lag3,0.05817140694707629
1,2,0.3,XGBoost_grid_1_AutoML_5_20260420_201424_model_5,target_lag4,0.07344192665070291
1,2,0.3,XGBoost_grid_1_AutoML_5_20260420_201424_model_5,target_lag5,0.016174435979919462
1,2,0.3,XGBoost_grid_1_AutoML_5_20260420_201424_model_5,target_lag6,0.05982151022762988
1,2,0.3,XGBoost_grid_1_AutoML_5_20260420_201424_model_5,cov_HULL_lag1,0.024541935473680443
1,2,0.3,XGBoost_grid_1_AutoML_5_20260420_201424_model_5,cov_MUFL_lag1,0.8547668331861495
1,2,0.3,XGBoost_grid_1_AutoML_5_20260420_201424_model_5,cov_MULL_lag1,0.04817927510011938
1,2,0.3,XGBoost_grid_1_AutoML_5_20260420_201424_model_5,cov_LUFL_lag1,0.07673656703438607
1,2,0.3,XGBoost_grid_1_AutoML_5_20260420_201424_model_5,cov_LULL_lag1,0.012786883842199982
1,2,0.3,XGBoost_grid_1_AutoML_5_20260420_201424_model_5,cov_OT_lag1,0.042405288927257014
1,2,0.3,XGBoost_grid_1_AutoML_5_20260420_201424_model_5,hour_lag1,0.38670697949128224
1,2,0.3,XGBoost_grid_1_AutoML_5_20260420_201424_model_5,day_of_week_lag1,0.0
1,2,0.3,XGBoost_grid_1_AutoML_5_20260420_201424_model_5,month_lag1,0.05067789591848846
1,2,0.3,XGBoost_grid_1_AutoML_5_20260420_201424_model_5,month_sin,0.004713321725139375
1,2,0.3,XGBoost_grid_1_AutoML_5_20260420_201424_model_5,month_cos,0.0004090926054050215
1,2,0.3,XGBoost_grid_1_AutoML_5_20260420_201424_model_5,year,0.08290961045771833
1,2,0.3,GBM_4_AutoML_5_20260420_201424,target_lag1,2.1661201716959475
1,2,0.3,GBM_4_AutoML_5_20260420_201424,target_lag2,0.40032470811158416
1,2,0.3,GBM_4_AutoML_5_20260420_201424,target_lag3,0.16269867122638967
1,2,0.3,GBM_4_AutoML_5_20260420_201424,target_lag4,0.0636544673715252
1,2,0.3,GBM_4_AutoML_5_20260420_201424,target_lag5,0.0642715638200752
1,2,0.3,GBM_4_AutoML_5_20260420_201424,target_lag6,0.0699418547765526
1,2,0.3,GBM_4_AutoML_5_20260420_201424,cov_HULL_lag1,0.039479522397741634
1,2,0.3,GBM_4_AutoML_5_20260420_201424,cov_MUFL_lag1,1.4257623367011547
1,2,0.3,GBM_4_AutoML_5_20260420_201424,cov_MULL_lag1,0.03495765683008353
1,2,0.3,GBM_4_AutoML_5_20260420_201424,cov_LUFL_lag1,0.06464276571292425
1,2,0.3,GBM_4_AutoML_5_20260420_201424,cov_LULL_lag1,0.03333418603753666
1,2,0.3,GBM_4_AutoML_5_20260420_201424,cov_OT_lag1,0.0651187994726933
1,2,0.3,GBM_4_AutoML_5_20260420_201424,hour_lag1,0.43839170821011064
1,2,0.3,GBM_4_AutoML_5_20260420_201424,day_of_week_lag1,0.015595658600795965
1,2,0.3,GBM_4_AutoML_5_20260420_201424,month_lag1,0.07535691132768985
1,2,0.3,GBM_4_AutoML_5_20260420_201424,month_sin,0.017826723749312764
1,2,0.3,GBM_4_AutoML_5_20260420_201424,month_cos,0.015185730310622557
1,2,0.3,GBM_4_AutoML_5_20260420_201424,year,0.1556730729580158
1,2,0.3,XRT_1_AutoML_5_20260420_201424,target_lag1,258.31193501546977
1,2,0.3,XRT_1_AutoML_5_20260420_201424,target_lag2,17.08070013523102
1,2,0.3,XRT_1_AutoML_5_20260420_201424,target_lag3,6.995262749493122
1,2,0.3,XRT_1_AutoML_5_20260420_201424,target_lag4,0.392877451479435
1,2,0.3,XRT_1_AutoML_5_20260420_201424,target_lag5,250.92133807644248
1,2,0.3,XRT_1_AutoML_5_20260420_201424,target_lag6,1.5864333644427824
1,2,0.3,XRT_1_AutoML_5_20260420_201424,cov_HULL_lag1,0.05302584519609804
1,2,0.3,XRT_1_AutoML_5_20260420_201424,cov_MUFL_lag1,3.9524154585599898
1,2,0.3,XRT_1_AutoML_5_20260420_201424,cov_MULL_lag1,0.2106738816807046
1,2,0.3,XRT_1_AutoML_5_20260420_201424,cov_LUFL_lag1,2.353356706723571
1,2,0.3,XRT_1_AutoML_5_20260420_201424,cov_LULL_lag1,795402.7311330019
1,2,0.3,XRT_1_AutoML_5_20260420_201424,cov_OT_lag1,298.19104333896655
1,2,0.3,XRT_1_AutoML_5_20260420_201424,hour_lag1,11.177814955413341
1,2,0.3,XRT_1_AutoML_5_20260420_201424,day_of_week_lag1,0.06672281634062525
1,2,0.3,XRT_1_AutoML_5_20260420_201424,month_lag1,59.92471195160411
1,2,0.3,XRT_1_AutoML_5_20260420_201424,month_sin,0.03539034193148832
1,2,0.3,XRT_1_AutoML_5_20260420_201424,month_cos,6900.666870544466
1,2,0.3,XRT_1_AutoML_5_20260420_201424,year,0.14308394214138384
1,2,0.3,DRF_1_AutoML_5_20260420_201424,target_lag1,1.8721306172013283
1,2,0.3,DRF_1_AutoML_5_20260420_201424,target_lag2,1.2521947373263538
1,2,0.3,DRF_1_AutoML_5_20260420_201424,target_lag3,0.5605818839464337
1,2,0.3,DRF_1_AutoML_5_20260420_201424,target_lag4,0.4466248632967472
1,2,0.3,DRF_1_AutoML_5_20260420_201424,target_lag5,0.13042231317609546
1,2,0.3,DRF_1_AutoML_5_20260420_201424,target_lag6,0.2655793729797006
1,2,0.3,DRF_1_AutoML_5_20260420_201424,cov_HULL_lag1,0.03198934563901272
1,2,0.3,DRF_1_AutoML_5_20260420_201424,cov_MUFL_lag1,1.7743834659457207
1,2,0.3,DRF_1_AutoML_5_20260420_201424,cov_MULL_lag1,0.022054671036312316
1,2,0.3,DRF_1_AutoML_5_20260420_201424,cov_LUFL_lag1,0.09536980465753
1,2,0.3,DRF_1_AutoML_5_20260420_201424,cov_LULL_lag1,0.01963500867648687
1,2,0.3,DRF_1_AutoML_5_20260420_201424,cov_OT_lag1,0.05266200268641111
1,2,0.3,DRF_1_AutoML_5_20260420_201424,hour_lag1,0.30758323656395076
1,2,0.3,DRF_1_AutoML_5_20260420_201424,day_of_week_lag1,0.012971918685070655
1,2,0.3,DRF_1_AutoML_5_20260420_201424,month_lag1,0.04285284041310656
1,2,0.3,DRF_1_AutoML_5_20260420_201424,month_sin,0.010835873657706501
1,2,0.3,DRF_1_AutoML_5_20260420_201424,month_cos,0.01370698378319498
1,2,0.3,DRF_1_AutoML_5_20260420_201424,year,0.14539487145841118
1,2,0.3,GBM_grid_1_AutoML_5_20260420_201424_model_1,target_lag1,1.6877742060273886
1,2,0.3,GBM_grid_1_AutoML_5_20260420_201424_model_1,target_lag2,0.587862905934453
1,2,0.3,GBM_grid_1_AutoML_5_20260420_201424_model_1,target_lag3,0.37672163610346615
1,2,0.3,GBM_grid_1_AutoML_5_20260420_201424_model_1,target_lag4,0.2241533049941063
1,2,0.3,GBM_grid_1_AutoML_5_20260420_201424_model_1,target_lag5,0.20808412753045558
1,2,0.3,GBM_grid_1_AutoML_5_20260420_201424_model_1,target_lag6,0.05407093155445178
1,2,0.3,GBM_grid_1_AutoML_5_20260420_201424_model_1,cov_HULL_lag1,0.04977033124538134
1,2,0.3,GBM_grid_1_AutoML_5_20260420_201424_model_1,cov_MUFL_lag1,1.0673429165780544
1,2,0.3,GBM_grid_1_AutoML_5_20260420_201424_model_1,cov_MULL_lag1,0.04878727981587869
1,2,0.3,GBM_grid_1_AutoML_5_20260420_201424_model_1,cov_LUFL_lag1,0.08292637804523106
1,2,0.3,GBM_grid_1_AutoML_5_20260420_201424_model_1,cov_LULL_lag1,0.034405083311721645
1,2,0.3,GBM_grid_1_AutoML_5_20260420_201424_model_1,cov_OT_lag1,0.06681141108856532
1,2,0.3,GBM_grid_1_AutoML_5_20260420_201424_model_1,hour_lag1,0.3695922940969467
1,2,0.3,GBM_grid_1_AutoML_5_20260420_201424_model_1,day_of_week_lag1,0.02127527391770851
1,2,0.3,GBM_grid_1_AutoML_5_20260420_201424_model_1,month_lag1,0.0746273824665695
1,2,0.3,GBM_grid_1_AutoML_5_20260420_201424_model_1,month_sin,0.02951353298733006
1,2,0.3,GBM_grid_1_AutoML_5_20260420_201424_model_1,month_cos,0.01953144139435603
1,2,0.3,GBM_grid_1_AutoML_5_20260420_201424_model_1,year,0.15835276732221243
1,2,0.3,XGBoost_grid_1_AutoML_5_20260420_201424_model_1,target_lag1,2.337728197276592
1,2,0.3,XGBoost_grid_1_AutoML_5_20260420_201424_model_1,target_lag2,0.43910617293789983
1,2,0.3,XGBoost_grid_1_AutoML_5_20260420_201424_model_1,target_lag3,0.4448164555430412
1,2,0.3,XGBoost_grid_1_AutoML_5_20260420_201424_model_1,target_lag4,0.04456892596965187
1,2,0.3,XGBoost_grid_1_AutoML_5_20260420_201424_model_1,target_lag5,0.059720911456970456
1,2,0.3,XGBoost_grid_1_AutoML_5_20260420_201424_model_1,target_lag6,0.10506392477080223
1,2,0.3,XGBoost_grid_1_AutoML_5_20260420_201424_model_1,cov_HULL_lag1,0.04355113769415761
1,2,0.3,XGBoost_grid_1_AutoML_5_20260420_201424_model_1,cov_MUFL_lag1,1.187425413131714
1,2,0.3,XGBoost_grid_1_AutoML_5_20260420_201424_model_1,cov_MULL_lag1,0.031218355894670785
1,2,0.3,XGBoost_grid_1_AutoML_5_20260420_201424_model_1,cov_LUFL_lag1,0.12501427339389917
1,2,0.3,XGBoost_grid_1_AutoML_5_20260420_201424_model_1,cov_LULL_lag1,0.009284662618301753
1,2,0.3,XGBoost_grid_1_AutoML_5_20260420_201424_model_1,cov_OT_lag1,0.054826630651950786
1,2,0.3,XGBoost_grid_1_AutoML_5_20260420_201424_model_1,hour_lag1,0.3936665045376867
1,2,0.3,XGBoost_grid_1_AutoML_5_20260420_201424_model_1,day_of_week_lag1,0.0
1,2,0.3,XGBoost_grid_1_AutoML_5_20260420_201424_model_1,month_lag1,0.04153818530030545
1,2,0.3,XGBoost_grid_1_AutoML_5_20260420_201424_model_1,month_sin,0.0011863868561340486
1,2,0.3,XGBoost_grid_1_AutoML_5_20260420_201424_model_1,month_cos,0.0
1,2,0.3,XGBoost_grid_1_AutoML_5_20260420_201424_model_1,year,0.031186949918046544
1,2,0.3,XGBoost_grid_1_AutoML_5_20260420_201424_model_3,target_lag1,1.29896053545177
1,2,0.3,XGBoost_grid_1_AutoML_5_20260420_201424_model_3,target_lag2,1.0099905464798211
1,2,0.3,XGBoost_grid_1_AutoML_5_20260420_201424_model_3,target_lag3,0.3354247322678566
1,2,0.3,XGBoost_grid_1_AutoML_5_20260420_201424_model_3,target_lag4,0.2043933691456914
1,2,0.3,XGBoost_grid_1_AutoML_5_20260420_201424_model_3,target_lag5,0.06101014825515445
1,2,0.3,XGBoost_grid_1_AutoML_5_20260420_201424_model_3,target_lag6,0.13765717954840506
1,2,0.3,XGBoost_grid_1_AutoML_5_20260420_201424_model_3,cov_HULL_lag1,0.008772785565815846
1,2,0.3,XGBoost_grid_1_AutoML_5_20260420_201424_model_3,cov_MUFL_lag1,1.6706889242678882
1,2,0.3,XGBoost_grid_1_AutoML_5_20260420_201424_model_3,cov_MULL_lag1,0.037762078661471556
1,2,0.3,XGBoost_grid_1_AutoML_5_20260420_201424_model_3,cov_LUFL_lag1,0.14526577465236185
1,2,0.3,XGBoost_grid_1_AutoML_5_20260420_201424_model_3,cov_LULL_lag1,0.020701014031656043
1,2,0.3,XGBoost_grid_1_AutoML_5_20260420_201424_model_3,cov_OT_lag1,0.029769091079942845
1,2,0.3,XGBoost_grid_1_AutoML_5_20260420_201424_model_3,hour_lag1,0.4185584699455649
1,2,0.3,XGBoost_grid_1_AutoML_5_20260420_201424_model_3,day_of_week_lag1,8.597544379881583e-05
1,2,0.3,XGBoost_grid_1_AutoML_5_20260420_201424_model_3,month_lag1,0.051932811657898086
1,2,0.3,XGBoost_grid_1_AutoML_5_20260420_201424_model_3,month_sin,0.0006045095428998997
1,2,0.3,XGBoost_grid_1_AutoML_5_20260420_201424_model_3,month_cos,0.0012967808154643811
1,2,0.3,XGBoost_grid_1_AutoML_5_20260420_201424_model_3,year,0.12589778285473582
1,2,0.3,XGBoost_grid_1_AutoML_5_20260420_201424_model_4,target_lag1,1.509152162745595
1,2,0.3,XGBoost_grid_1_AutoML_5_20260420_201424_model_4,target_lag2,1.24734457494691
1,2,0.3,XGBoost_grid_1_AutoML_5_20260420_201424_model_4,target_lag3,0.165648754760623
1,2,0.3,XGBoost_grid_1_AutoML_5_20260420_201424_model_4,target_lag4,0.07037918567657467
1,2,0.3,XGBoost_grid_1_AutoML_5_20260420_201424_model_4,target_lag5,0.05995455773896533
1,2,0.3,XGBoost_grid_1_AutoML_5_20260420_201424_model_4,target_lag6,0.09550905246753243
1,2,0.3,XGBoost_grid_1_AutoML_5_20260420_201424_model_4,cov_HULL_lag1,0.048675548015162294
1,2,0.3,XGBoost_grid_1_AutoML_5_20260420_201424_model_4,cov_MUFL_lag1,1.22571249127388
1,2,0.3,XGBoost_grid_1_AutoML_5_20260420_201424_model_4,cov_MULL_lag1,0.05277200898970473
1,2,0.3,XGBoost_grid_1_AutoML_5_20260420_201424_model_4,cov_LUFL_lag1,0.10738479852676389
1,2,0.3,XGBoost_grid_1_AutoML_5_20260420_201424_model_4,cov_LULL_lag1,0.030742752268561116
1,2,0.3,XGBoost_grid_1_AutoML_5_20260420_201424_model_4,cov_OT_lag1,0.10806642835959789
1,2,0.3,XGBoost_grid_1_AutoML_5_20260420_201424_model_4,hour_lag1,0.47280577567406
1,2,0.3,XGBoost_grid_1_AutoML_5_20260420_201424_model_4,day_of_week_lag1,0.020882573704875496
1,2,0.3,XGBoost_grid_1_AutoML_5_20260420_201424_model_4,month_lag1,0.09312794499099251
1,2,0.3,XGBoost_grid_1_AutoML_5_20260420_201424_model_4,month_sin,0.01339081081008767
1,2,0.3,XGBoost_grid_1_AutoML_5_20260420_201424_model_4,month_cos,0.020463841467862905
1,2,0.3,XGBoost_grid_1_AutoML_5_20260420_201424_model_4,year,0.16576394366100428
1,2,0.3,GBM_grid_1_AutoML_5_20260420_201424_model_3,target_lag1,1.0622514645382761
1,2,0.3,GBM_grid_1_AutoML_5_20260420_201424_model_3,target_lag2,1.0561764016002417
1,2,0.3,GBM_grid_1_AutoML_5_20260420_201424_model_3,target_lag3,0.17763707211241125
1,2,0.3,GBM_grid_1_AutoML_5_20260420_201424_model_3,target_lag4,0.2706256520561874
1,2,0.3,GBM_grid_1_AutoML_5_20260420_201424_model_3,target_lag5,0.09962147068787086
1,2,0.3,GBM_grid_1_AutoML_5_20260420_201424_model_3,target_lag6,0.10844226922839877
1,2,0.3,GBM_grid_1_AutoML_5_20260420_201424_model_3,cov_HULL_lag1,0.07242303845472631
1,2,0.3,GBM_grid_1_AutoML_5_20260420_201424_model_3,cov_MUFL_lag1,1.4751074138283728
1,2,0.3,GBM_grid_1_AutoML_5_20260420_201424_model_3,cov_MULL_lag1,0.062059129299595915
1,2,0.3,GBM_grid_1_AutoML_5_20260420_201424_model_3,cov_LUFL_lag1,0.1289790168346371
1,2,0.3,GBM_grid_1_AutoML_5_20260420_201424_model_3,cov_LULL_lag1,0.030455372538417534
1,2,0.3,GBM_grid_1_AutoML_5_20260420_201424_model_3,cov_OT_lag1,0.06608051685034293
1,2,0.3,GBM_grid_1_AutoML_5_20260420_201424_model_3,hour_lag1,0.3504114024341106
1,2,0.3,GBM_grid_1_AutoML_5_20260420_201424_model_3,day_of_week_lag1,0.027851317905588032
1,2,0.3,GBM_grid_1_AutoML_5_20260420_201424_model_3,month_lag1,0.09898905283305791
1,2,0.3,GBM_grid_1_AutoML_5_20260420_201424_model_3,month_sin,0.027318311658455014
1,2,0.3,GBM_grid_1_AutoML_5_20260420_201424_model_3,month_cos,0.024136349344626024
1,2,0.3,GBM_grid_1_AutoML_5_20260420_201424_model_3,year,0.22495977338403464
1,2,0.3,GBM_5_AutoML_5_20260420_201424,target_lag1,2.274782101660967
1,2,0.3,GBM_5_AutoML_5_20260420_201424,target_lag2,0.6080723668634892
1,2,0.3,GBM_5_AutoML_5_20260420_201424,target_lag3,0.10436153286544136
1,2,0.3,GBM_5_AutoML_5_20260420_201424,target_lag4,0.06820741501433072
1,2,0.3,GBM_5_AutoML_5_20260420_201424,target_lag5,0.05190439276862886
1,2,0.3,GBM_5_AutoML_5_20260420_201424,target_lag6,0.07308639113115528
1,2,0.3,GBM_5_AutoML_5_20260420_201424,cov_HULL_lag1,0.030671333018690294
1,2,0.3,GBM_5_AutoML_5_20260420_201424,cov_MUFL_lag1,1.2528796276450158
1,2,0.3,GBM_5_AutoML_5_20260420_201424,cov_MULL_lag1,0.03419982595485631
1,2,0.3,GBM_5_AutoML_5_20260420_201424,cov_LUFL_lag1,0.09028814577497539
1,2,0.3,GBM_5_AutoML_5_20260420_201424,cov_LULL_lag1,0.016189635555492667
1,2,0.3,GBM_5_AutoML_5_20260420_201424,cov_OT_lag1,0.06140798692125822
1,2,0.3,GBM_5_AutoML_5_20260420_201424,hour_lag1,0.404950180798769
1,2,0.3,GBM_5_AutoML_5_20260420_201424,day_of_week_lag1,0.004799211779900323
1,2,0.3,GBM_5_AutoML_5_20260420_201424,month_lag1,0.04743916687788438
1,2,0.3,GBM_5_AutoML_5_20260420_201424,month_sin,0.00470354617730888
1,2,0.3,GBM_5_AutoML_5_20260420_201424,month_cos,0.0023851190693676225
1,2,0.3,GBM_5_AutoML_5_20260420_201424,year,0.11025787997990844
1,2,0.3,GBM_grid_1_AutoML_5_20260420_201424_model_2,target_lag1,1.5077800643444061
1,2,0.3,GBM_grid_1_AutoML_5_20260420_201424_model_2,target_lag2,0.6548809289187193
1,2,0.3,GBM_grid_1_AutoML_5_20260420_201424_model_2,target_lag3,0.2704313183785416
1,2,0.3,GBM_grid_1_AutoML_5_20260420_201424_model_2,target_lag4,0.44146449798718096
1,2,0.3,GBM_grid_1_AutoML_5_20260420_201424_model_2,target_lag5,0.049474728365894366
1,2,0.3,GBM_grid_1_AutoML_5_20260420_201424_model_2,target_lag6,0.1380862245429307
1,2,0.3,GBM_grid_1_AutoML_5_20260420_201424_model_2,cov_HULL_lag1,0.05088961218483741
1,2,0.3,GBM_grid_1_AutoML_5_20260420_201424_model_2,cov_MUFL_lag1,1.4891826850175858
1,2,0.3,GBM_grid_1_AutoML_5_20260420_201424_model_2,cov_MULL_lag1,0.03363390700949818
1,2,0.3,GBM_grid_1_AutoML_5_20260420_201424_model_2,cov_LUFL_lag1,0.09626939906971525
1,2,0.3,GBM_grid_1_AutoML_5_20260420_201424_model_2,cov_LULL_lag1,0.062426935913390436
1,2,0.3,GBM_grid_1_AutoML_5_20260420_201424_model_2,cov_OT_lag1,0.06063059334643181
1,2,0.3,GBM_grid_1_AutoML_5_20260420_201424_model_2,hour_lag1,0.30926968896761536
1,2,0.3,GBM_grid_1_AutoML_5_20260420_201424_model_2,day_of_week_lag1,0.027443674661044457
1,2,0.3,GBM_grid_1_AutoML_5_20260420_201424_model_2,month_lag1,0.07777788611187128
1,2,0.3,GBM_grid_1_AutoML_5_20260420_201424_model_2,month_sin,0.023508686844725114
1,2,0.3,GBM_grid_1_AutoML_5_20260420_201424_model_2,month_cos,0.021823214851319744
1,2,0.3,GBM_grid_1_AutoML_5_20260420_201424_model_2,year,0.14544987088534977
1,2,0.3,GLM_1_AutoML_5_20260420_201424,target_lag1,2.569128798143714
1,2,0.3,GLM_1_AutoML_5_20260420_201424,target_lag2,1.1357916438665665
1,2,0.3,GLM_1_AutoML_5_20260420_201424,target_lag3,0.49015736883875044
1,2,0.3,GLM_1_AutoML_5_20260420_201424,target_lag4,0.11936077206431425
1,2,0.3,GLM_1_AutoML_5_20260420_201424,target_lag5,0.3235262760822188
1,2,0.3,GLM_1_AutoML_5_20260420_201424,target_lag6,0.5269141790027052
1,2,0.3,GLM_1_AutoML_5_20260420_201424,cov_HULL_lag1,0.10844471057306393
1,2,0.3,GLM_1_AutoML_5_20260420_201424,cov_MUFL_lag1,0.7426309797150508
1,2,0.3,GLM_1_AutoML_5_20260420_201424,cov_MULL_lag1,0.13740429720285072
1,2,0.3,GLM_1_AutoML_5_20260420_201424,cov_LUFL_lag1,0.015730635881018983
1,2,0.3,GLM_1_AutoML_5_20260420_201424,cov_LULL_lag1,0.024166647781994444
1,2,0.3,GLM_1_AutoML_5_20260420_201424,cov_OT_lag1,0.20466466991670745
1,2,0.3,GLM_1_AutoML_5_20260420_201424,hour_lag1,0.16464640512481257
1,2,0.3,GLM_1_AutoML_5_20260420_201424,day_of_week_lag1,0.006511168951120245
1,2,0.3,GLM_1_AutoML_5_20260420_201424,month_lag1,0.04363337691613234
1,2,0.3,GLM_1_AutoML_5_20260420_201424,month_sin,0.006288780719909855
1,2,0.3,GLM_1_AutoML_5_20260420_201424,month_cos,0.0026358120160149125
1,2,0.3,GLM_1_AutoML_5_20260420_201424,year,0.28321918174066135
1,2,0.3,XGBoost_grid_1_AutoML_5_20260420_201424_model_2,target_lag1,1.8496577708795667
1,2,0.3,XGBoost_grid_1_AutoML_5_20260420_201424_model_2,target_lag2,0.9726264448463917
1,2,0.3,XGBoost_grid_1_AutoML_5_20260420_201424_model_2,target_lag3,0.11493669882416721
1,2,0.3,XGBoost_grid_1_AutoML_5_20260420_201424_model_2,target_lag4,0.11021191996464036
1,2,0.3,XGBoost_grid_1_AutoML_5_20260420_201424_model_2,target_lag5,0.11296233002984078
1,2,0.3,XGBoost_grid_1_AutoML_5_20260420_201424_model_2,target_lag6,0.06905133409891274
1,2,0.3,XGBoost_grid_1_AutoML_5_20260420_201424_model_2,cov_HULL_lag1,0.07281719684600826
1,2,0.3,XGBoost_grid_1_AutoML_5_20260420_201424_model_2,cov_MUFL_lag1,1.45573737770319
1,2,0.3,XGBoost_grid_1_AutoML_5_20260420_201424_model_2,cov_MULL_lag1,0.048354386980645314
1,2,0.3,XGBoost_grid_1_AutoML_5_20260420_201424_model_2,cov_LUFL_lag1,0.09585678761824962
1,2,0.3,XGBoost_grid_1_AutoML_5_20260420_201424_model_2,cov_LULL_lag1,0.047527624508365944
1,2,0.3,XGBoost_grid_1_AutoML_5_20260420_201424_model_2,cov_OT_lag1,0.09852011582814153
1,2,0.3,XGBoost_grid_1_AutoML_5_20260420_201424_model_2,hour_lag1,0.4843722716346383
1,2,0.3,XGBoost_grid_1_AutoML_5_20260420_201424_model_2,day_of_week_lag1,0.02160914801919711
1,2,0.3,XGBoost_grid_1_AutoML_5_20260420_201424_model_2,month_lag1,0.10536376351024952
1,2,0.3,XGBoost_grid_1_AutoML_5_20260420_201424_model_2,month_sin,0.021108978921547488
1,2,0.3,XGBoost_grid_1_AutoML_5_20260420_201424_model_2,month_cos,0.019766579845745536
1,2,0.3,XGBoost_grid_1_AutoML_5_20260420_201424_model_2,year,0.17480595509987323
1,2,0.3,XGBoost_3_AutoML_5_20260420_201424,target_lag1,1.8971174530452117
1,2,0.3,XGBoost_3_AutoML_5_20260420_201424,target_lag2,1.1887393352389335
1,2,0.3,XGBoost_3_AutoML_5_20260420_201424,target_lag3,0.24126191377639766
1,2,0.3,XGBoost_3_AutoML_5_20260420_201424,target_lag4,0.08896094378083941
1,2,0.3,XGBoost_3_AutoML_5_20260420_201424,target_lag5,0.05266933186678211
1,2,0.3,XGBoost_3_AutoML_5_20260420_201424,target_lag6,0.08767743786214847
1,2,0.3,XGBoost_3_AutoML_5_20260420_201424,cov_HULL_lag1,0.037554073845967595
1,2,0.3,XGBoost_3_AutoML_5_20260420_201424,cov_MUFL_lag1,0.9785484480857849
1,2,0.3,XGBoost_3_AutoML_5_20260420_201424,cov_MULL_lag1,0.1297024070844054
1,2,0.3,XGBoost_3_AutoML_5_20260420_201424,cov_LUFL_lag1,0.1060319276899099
1,2,0.3,XGBoost_3_AutoML_5_20260420_201424,cov_LULL_lag1,0.02150955189252268
1,2,0.3,XGBoost_3_AutoML_5_20260420_201424,cov_OT_lag1,0.09772012060508128
1,2,0.3,XGBoost_3_AutoML_5_20260420_201424,hour_lag1,0.48508173316717146
1,2,0.3,XGBoost_3_AutoML_5_20260420_201424,day_of_week_lag1,0.010688548556063281
1,2,0.3,XGBoost_3_AutoML_5_20260420_201424,month_lag1,0.058267540130764205
1,2,0.3,XGBoost_3_AutoML_5_20260420_201424,month_sin,0.005668623049568818
1,2,0.3,XGBoost_3_AutoML_5_20260420_201424,month_cos,0.002609421510714986
1,2,0.3,XGBoost_3_AutoML_5_20260420_201424,year,0.1854856152739376
1,2,0.3,XGBoost_2_AutoML_5_20260420_201424,target_lag1,2.53704423379153
1,2,0.3,XGBoost_2_AutoML_5_20260420_201424,target_lag2,0.5329319750494323
1,2,0.3,XGBoost_2_AutoML_5_20260420_201424,target_lag3,0.14659646347281519
1,2,0.3,XGBoost_2_AutoML_5_20260420_201424,target_lag4,0.10743434920907018
1,2,0.3,XGBoost_2_AutoML_5_20260420_201424,target_lag5,0.1457593712012749
1,2,0.3,XGBoost_2_AutoML_5_20260420_201424,target_lag6,0.21458619533106685
1,2,0.3,XGBoost_2_AutoML_5_20260420_201424,cov_HULL_lag1,0.07095014209393408
1,2,0.3,XGBoost_2_AutoML_5_20260420_201424,cov_MUFL_lag1,0.9851788634061813
1,2,0.3,XGBoost_2_AutoML_5_20260420_201424,cov_MULL_lag1,0.07937568635214116
1,2,0.3,XGBoost_2_AutoML_5_20260420_201424,cov_LUFL_lag1,0.07310055759968233
1,2,0.3,XGBoost_2_AutoML_5_20260420_201424,cov_LULL_lag1,0.07184492970583957
1,2,0.3,XGBoost_2_AutoML_5_20260420_201424,cov_OT_lag1,0.09308738301740956
1,2,0.3,XGBoost_2_AutoML_5_20260420_201424,hour_lag1,0.4888308434467763
1,2,0.3,XGBoost_2_AutoML_5_20260420_201424,day_of_week_lag1,0.03020032698754216
1,2,0.3,XGBoost_2_AutoML_5_20260420_201424,month_lag1,0.15087299376726146
1,2,0.3,XGBoost_2_AutoML_5_20260420_201424,month_sin,0.0314238897839095
1,2,0.3,XGBoost_2_AutoML_5_20260420_201424,month_cos,0.027985829740064184
1,2,0.3,XGBoost_2_AutoML_5_20260420_201424,year,0.2844503870233893
1,2,0.3,XGBoost_1_AutoML_5_20260420_201424,target_lag1,2.6937701158225535
1,2,0.3,XGBoost_1_AutoML_5_20260420_201424,target_lag2,0.37823492800816894
1,2,0.3,XGBoost_1_AutoML_5_20260420_201424,target_lag3,0.15802299131173636
1,2,0.3,XGBoost_1_AutoML_5_20260420_201424,target_lag4,0.1157229122612625
1,2,0.3,XGBoost_1_AutoML_5_20260420_201424,target_lag5,0.1151116930186981
1,2,0.3,XGBoost_1_AutoML_5_20260420_201424,target_lag6,0.09814380782016084
1,2,0.3,XGBoost_1_AutoML_5_20260420_201424,cov_HULL_lag1,0.08004307090304788
1,2,0.3,XGBoost_1_AutoML_5_20260420_201424,cov_MUFL_lag1,0.9303004333050922
1,2,0.3,XGBoost_1_AutoML_5_20260420_201424,cov_MULL_lag1,0.040740750036202325
1,2,0.3,XGBoost_1_AutoML_5_20260420_201424,cov_LUFL_lag1,0.06966028614901003
1,2,0.3,XGBoost_1_AutoML_5_20260420_201424,cov_LULL_lag1,0.062211656071012804
1,2,0.3,XGBoost_1_AutoML_5_20260420_201424,cov_OT_lag1,0.08314941985649053
1,2,0.3,XGBoost_1_AutoML_5_20260420_201424,hour_lag1,0.5178658773424104
1,2,0.3,XGBoost_1_AutoML_5_20260420_201424,day_of_week_lag1,0.03468595422687936
1,2,0.3,XGBoost_1_AutoML_5_20260420_201424,month_lag1,0.061814217991777644
1,2,0.3,XGBoost_1_AutoML_5_20260420_201424,month_sin,0.025941745833842976
1,2,0.3,XGBoost_1_AutoML_5_20260420_201424,month_cos,0.046710104940284464
1,2,0.3,XGBoost_1_AutoML_5_20260420_201424,year,0.23597641999833285
1,2,0.3,XGBoost_grid_1_AutoML_5_20260420_201424_model_6,target_lag1,1.7524806554801762
1,2,0.3,XGBoost_grid_1_AutoML_5_20260420_201424_model_6,target_lag2,0.43300576822366565
1,2,0.3,XGBoost_grid_1_AutoML_5_20260420_201424_model_6,target_lag3,0.4127010094374418
1,2,0.3,XGBoost_grid_1_AutoML_5_20260420_201424_model_6,target_lag4,0.34579988444224
1,2,0.3,XGBoost_grid_1_AutoML_5_20260420_201424_model_6,target_lag5,0.10337793203536418
1,2,0.3,XGBoost_grid_1_AutoML_5_20260420_201424_model_6,target_lag6,0.10962936154799532
1,2,0.3,XGBoost_grid_1_AutoML_5_20260420_201424_model_6,cov_HULL_lag1,0.09448628745973106
1,2,0.3,XGBoost_grid_1_AutoML_5_20260420_201424_model_6,cov_MUFL_lag1,1.4993952751159667
1,2,0.3,XGBoost_grid_1_AutoML_5_20260420_201424_model_6,cov_MULL_lag1,0.09772624537814405
1,2,0.3,XGBoost_grid_1_AutoML_5_20260420_201424_model_6,cov_LUFL_lag1,0.1135768735874444
1,2,0.3,XGBoost_grid_1_AutoML_5_20260420_201424_model_6,cov_LULL_lag1,0.05756892492063338
1,2,0.3,XGBoost_grid_1_AutoML_5_20260420_201424_model_6,cov_OT_lag1,0.14155950095853764
1,2,0.3,XGBoost_grid_1_AutoML_5_20260420_201424_model_6,hour_lag1,0.44171173851937057
1,2,0.3,XGBoost_grid_1_AutoML_5_20260420_201424_model_6,day_of_week_lag1,0.030190712609619322
1,2,0.3,XGBoost_grid_1_AutoML_5_20260420_201424_model_6,month_lag1,0.0942565439175814
1,2,0.3,XGBoost_grid_1_AutoML_5_20260420_201424_model_6,month_sin,0.02786517465516222
1,2,0.3,XGBoost_grid_1_AutoML_5_20260420_201424_model_6,month_cos,0.03755368607817214
1,2,0.3,XGBoost_grid_1_AutoML_5_20260420_201424_model_6,year,0.244491756465286
2,2,0.02,GBM_1_AutoML_6_20260420_202042,target_lag1,2.900381708163768
2,2,0.02,GBM_1_AutoML_6_20260420_202042,target_lag2,0.6427470203023404
2,2,0.02,GBM_1_AutoML_6_20260420_202042,target_lag3,0.35935360233765096
2,2,0.02,GBM_1_AutoML_6_20260420_202042,target_lag4,0.06111593672074374
2,2,0.02,GBM_1_AutoML_6_20260420_202042,target_lag5,0.059146169083978704
2,2,0.02,GBM_1_AutoML_6_20260420_202042,target_lag6,0.06944392049917945
2,2,0.02,GBM_1_AutoML_6_20260420_202042,cov_HULL_lag1,0.04281194173498075
2,2,0.02,GBM_1_AutoML_6_20260420_202042,cov_MUFL_lag1,2.0640377705637367
2,2,0.02,GBM_1_AutoML_6_20260420_202042,cov_MULL_lag1,0.037043123061303
2,2,0.02,GBM_1_AutoML_6_20260420_202042,cov_LUFL_lag1,0.0927222796855494
2,2,0.02,GBM_1_AutoML_6_20260420_202042,cov_LULL_lag1,0.029069076159794306
2,2,0.02,GBM_1_AutoML_6_20260420_202042,cov_OT_lag1,0.05209789153188463
2,2,0.02,GBM_1_AutoML_6_20260420_202042,hour_lag1,0.5695370917022228
2,2,0.02,GBM_1_AutoML_6_20260420_202042,day_of_week_lag1,0.015347345059271857
2,2,0.02,GBM_1_AutoML_6_20260420_202042,month_lag1,0.05371971591375764
2,2,0.02,GBM_1_AutoML_6_20260420_202042,month_sin,0.016137714541982807
2,2,0.02,GBM_1_AutoML_6_20260420_202042,month_cos,0.013567327914643063
2,2,0.02,GBM_1_AutoML_6_20260420_202042,year,0.09279680771753189
2,2,0.05,GBM_1_AutoML_6_20260420_202042,target_lag1,2.900381708163768
2,2,0.05,GBM_1_AutoML_6_20260420_202042,target_lag2,0.6427470203023404
2,2,0.05,GBM_1_AutoML_6_20260420_202042,target_lag3,0.35935360233765096
2,2,0.05,GBM_1_AutoML_6_20260420_202042,target_lag4,0.06111593672074374
2,2,0.05,GBM_1_AutoML_6_20260420_202042,target_lag5,0.059146169083978704
2,2,0.05,GBM_1_AutoML_6_20260420_202042,target_lag6,0.06944392049917945
2,2,0.05,GBM_1_AutoML_6_20260420_202042,cov_HULL_lag1,0.04281194173498075
2,2,0.05,GBM_1_AutoML_6_20260420_202042,cov_MUFL_lag1,2.0640377705637367
2,2,0.05,GBM_1_AutoML_6_20260420_202042,cov_MULL_lag1,0.037043123061303
2,2,0.05,GBM_1_AutoML_6_20260420_202042,cov_LUFL_lag1,0.0927222796855494
2,2,0.05,GBM_1_AutoML_6_20260420_202042,cov_LULL_lag1,0.029069076159794306
2,2,0.05,GBM_1_AutoML_6_20260420_202042,cov_OT_lag1,0.05209789153188463
2,2,0.05,GBM_1_AutoML_6_20260420_202042,hour_lag1,0.5695370917022228
2,2,0.05,GBM_1_AutoML_6_20260420_202042,day_of_week_lag1,0.015347345059271857
2,2,0.05,GBM_1_AutoML_6_20260420_202042,month_lag1,0.05371971591375764
2,2,0.05,GBM_1_AutoML_6_20260420_202042,month_sin,0.016137714541982807
2,2,0.05,GBM_1_AutoML_6_20260420_202042,month_cos,0.013567327914643063
2,2,0.05,GBM_1_AutoML_6_20260420_202042,year,0.09279680771753189
2,2,0.05,GBM_2_AutoML_6_20260420_202042,target_lag1,2.696655591512099
2,2,0.05,GBM_2_AutoML_6_20260420_202042,target_lag2,0.8623157923016698
2,2,0.05,GBM_2_AutoML_6_20260420_202042,target_lag3,0.17262026824057103
2,2,0.05,GBM_2_AutoML_6_20260420_202042,target_lag4,0.09674456208245825
2,2,0.05,GBM_2_AutoML_6_20260420_202042,target_lag5,0.07975950516294684
2,2,0.05,GBM_2_AutoML_6_20260420_202042,target_lag6,0.07656123810476853
2,2,0.05,GBM_2_AutoML_6_20260420_202042,cov_HULL_lag1,0.04258578643202776
2,2,0.05,GBM_2_AutoML_6_20260420_202042,cov_MUFL_lag1,2.307314499679487
2,2,0.05,GBM_2_AutoML_6_20260420_202042,cov_MULL_lag1,0.04482194977579635
2,2,0.05,GBM_2_AutoML_6_20260420_202042,cov_LUFL_lag1,0.09120296507142481
2,2,0.05,GBM_2_AutoML_6_20260420_202042,cov_LULL_lag1,0.027122289055259853
2,2,0.05,GBM_2_AutoML_6_20260420_202042,cov_OT_lag1,0.03250264333211812
2,2,0.05,GBM_2_AutoML_6_20260420_202042,hour_lag1,0.5905127276480198
2,2,0.05,GBM_2_AutoML_6_20260420_202042,day_of_week_lag1,0.014083920732227813
2,2,0.05,GBM_2_AutoML_6_20260420_202042,month_lag1,0.052242431808263025
2,2,0.05,GBM_2_AutoML_6_20260420_202042,month_sin,0.01276200387859712
2,2,0.05,GBM_2_AutoML_6_20260420_202042,month_cos,0.013813367541879366
2,2,0.05,GBM_2_AutoML_6_20260420_202042,year,0.10521210737293582
2,2,0.05,XGBoost_grid_1_AutoML_6_20260420_202042_model_1,target_lag1,3.993941946478444
2,2,0.05,XGBoost_grid_1_AutoML_6_20260420_202042_model_1,target_lag2,0.7902955481410027
2,2,0.05,XGBoost_grid_1_AutoML_6_20260420_202042_model_1,target_lag3,0.23606744717806574
2,2,0.05,XGBoost_grid_1_AutoML_6_20260420_202042_model_1,target_lag4,0.2551155061647296
2,2,0.05,XGBoost_grid_1_AutoML_6_20260420_202042_model_1,target_lag5,0.08356713197659696
2,2,0.05,XGBoost_grid_1_AutoML_6_20260420_202042_model_1,target_lag6,0.21291955426335335
2,2,0.05,XGBoost_grid_1_AutoML_6_20260420_202042_model_1,cov_HULL_lag1,0.056856610160320946
2,2,0.05,XGBoost_grid_1_AutoML_6_20260420_202042_model_1,cov_MUFL_lag1,0.9595580648630857
2,2,0.05,XGBoost_grid_1_AutoML_6_20260420_202042_model_1,cov_MULL_lag1,0.042588738247286484
2,2,0.05,XGBoost_grid_1_AutoML_6_20260420_202042_model_1,cov_LUFL_lag1,0.14147875302005555
2,2,0.05,XGBoost_grid_1_AutoML_6_20260420_202042_model_1,cov_LULL_lag1,0.024883980810409368
2,2,0.05,XGBoost_grid_1_AutoML_6_20260420_202042_model_1,cov_OT_lag1,0.0447838698327541
2,2,0.05,XGBoost_grid_1_AutoML_6_20260420_202042_model_1,hour_lag1,0.5611102547682821
2,2,0.05,XGBoost_grid_1_AutoML_6_20260420_202042_model_1,day_of_week_lag1,0.0005367768718860836
2,2,0.05,XGBoost_grid_1_AutoML_6_20260420_202042_model_1,month_lag1,0.02286657543038014
2,2,0.05,XGBoost_grid_1_AutoML_6_20260420_202042_model_1,month_sin,0.000841093657654706
2,2,0.05,XGBoost_grid_1_AutoML_6_20260420_202042_model_1,month_cos,5.4274224166874776e-05
2,2,0.05,XGBoost_grid_1_AutoML_6_20260420_202042_model_1,year,0.1152615834260359
2,2,0.05,XGBoost_grid_1_AutoML_6_20260420_202042_model_5,target_lag1,3.998844475224614
2,2,0.05,XGBoost_grid_1_AutoML_6_20260420_202042_model_5,target_lag2,0.5656613029376604
2,2,0.05,XGBoost_grid_1_AutoML_6_20260420_202042_model_5,target_lag3,0.12297070015221831
2,2,0.05,XGBoost_grid_1_AutoML_6_20260420_202042_model_5,target_lag4,0.03275978504680091
2,2,0.05,XGBoost_grid_1_AutoML_6_20260420_202042_model_5,target_lag5,0.08090334573993456
2,2,0.05,XGBoost_grid_1_AutoML_6_20260420_202042_model_5,target_lag6,0.08010159564204508
2,2,0.05,XGBoost_grid_1_AutoML_6_20260420_202042_model_5,cov_HULL_lag1,0.02454192878678437
2,2,0.05,XGBoost_grid_1_AutoML_6_20260420_202042_model_5,cov_MUFL_lag1,1.367099158614874
2,2,0.05,XGBoost_grid_1_AutoML_6_20260420_202042_model_5,cov_MULL_lag1,0.06642680983059104
2,2,0.05,XGBoost_grid_1_AutoML_6_20260420_202042_model_5,cov_LUFL_lag1,0.06784952434943986
2,2,0.05,XGBoost_grid_1_AutoML_6_20260420_202042_model_5,cov_LULL_lag1,0.018845056337304367
2,2,0.05,XGBoost_grid_1_AutoML_6_20260420_202042_model_5,cov_OT_lag1,0.05942619621753687
2,2,0.05,XGBoost_grid_1_AutoML_6_20260420_202042_model_5,hour_lag1,0.5276427454152145
2,2,0.05,XGBoost_grid_1_AutoML_6_20260420_202042_model_5,day_of_week_lag1,0.0
2,2,0.05,XGBoost_grid_1_AutoML_6_20260420_202042_model_5,month_lag1,0.05003511186689135
2,2,0.05,XGBoost_grid_1_AutoML_6_20260420_202042_model_5,month_sin,0.001965595952351576
2,2,0.05,XGBoost_grid_1_AutoML_6_20260420_202042_model_5,month_cos,0.0
2,2,0.05,XGBoost_grid_1_AutoML_6_20260420_202042_model_5,year,0.08060050773899997
2,2,0.05,XGBoost_grid_1_AutoML_6_20260420_202042_model_3,target_lag1,2.114839693307877
2,2,0.05,XGBoost_grid_1_AutoML_6_20260420_202042_model_3,target_lag2,0.6341404896974564
2,2,0.05,XGBoost_grid_1_AutoML_6_20260420_202042_model_3,target_lag3,0.5457241208851338
2,2,0.05,XGBoost_grid_1_AutoML_6_20260420_202042_model_3,target_lag4,0.3491148267686367
2,2,0.05,XGBoost_grid_1_AutoML_6_20260420_202042_model_3,target_lag5,0.13556405942887065
2,2,0.05,XGBoost_grid_1_AutoML_6_20260420_202042_model_3,target_lag6,0.027053790142526804
2,2,0.05,XGBoost_grid_1_AutoML_6_20260420_202042_model_3,cov_HULL_lag1,0.05444034235551948
2,2,0.05,XGBoost_grid_1_AutoML_6_20260420_202042_model_3,cov_MUFL_lag1,2.586633450090885
2,2,0.05,XGBoost_grid_1_AutoML_6_20260420_202042_model_3,cov_MULL_lag1,0.07589267046656455
2,2,0.05,XGBoost_grid_1_AutoML_6_20260420_202042_model_3,cov_LUFL_lag1,0.19562540162354708
2,2,0.05,XGBoost_grid_1_AutoML_6_20260420_202042_model_3,cov_LULL_lag1,0.028536807424388782
2,2,0.05,XGBoost_grid_1_AutoML_6_20260420_202042_model_3,cov_OT_lag1,0.06599578148685391
2,2,0.05,XGBoost_grid_1_AutoML_6_20260420_202042_model_3,hour_lag1,0.5476584282144904
2,2,0.05,XGBoost_grid_1_AutoML_6_20260420_202042_model_3,day_of_week_lag1,0.0
2,2,0.05,XGBoost_grid_1_AutoML_6_20260420_202042_model_3,month_lag1,0.06910409681499
2,2,0.05,XGBoost_grid_1_AutoML_6_20260420_202042_model_3,month_sin,0.0
2,2,0.05,XGBoost_grid_1_AutoML_6_20260420_202042_model_3,month_cos,0.0
2,2,0.05,XGBoost_grid_1_AutoML_6_20260420_202042_model_3,year,0.11204998799599704
2,2,0.05,GBM_3_AutoML_6_20260420_202042,target_lag1,2.502875650674105
2,2,0.05,GBM_3_AutoML_6_20260420_202042,target_lag2,0.8499855331331492
2,2,0.05,GBM_3_AutoML_6_20260420_202042,target_lag3,0.13212878886843096
2,2,0.05,GBM_3_AutoML_6_20260420_202042,target_lag4,0.07359270751709115
2,2,0.05,GBM_3_AutoML_6_20260420_202042,target_lag5,0.05600229960400607
2,2,0.05,GBM_3_AutoML_6_20260420_202042,target_lag6,0.09489689446054396
2,2,0.05,GBM_3_AutoML_6_20260420_202042,cov_HULL_lag1,0.051960694679291874
2,2,0.05,GBM_3_AutoML_6_20260420_202042,cov_MUFL_lag1,2.4823165976256134
2,2,0.05,GBM_3_AutoML_6_20260420_202042,cov_MULL_lag1,0.04948874828871335
2,2,0.05,GBM_3_AutoML_6_20260420_202042,cov_LUFL_lag1,0.12897526057844513
2,2,0.05,GBM_3_AutoML_6_20260420_202042,cov_LULL_lag1,0.024932980935845946
2,2,0.05,GBM_3_AutoML_6_20260420_202042,cov_OT_lag1,0.04736669348669234
2,2,0.05,GBM_3_AutoML_6_20260420_202042,hour_lag1,0.5378409112989903
2,2,0.05,GBM_3_AutoML_6_20260420_202042,day_of_week_lag1,0.017088670803350352
2,2,0.05,GBM_3_AutoML_6_20260420_202042,month_lag1,0.07360107360407707
2,2,0.05,GBM_3_AutoML_6_20260420_202042,month_sin,0.01278371280204733
2,2,0.05,GBM_3_AutoML_6_20260420_202042,month_cos,0.019003147417097313
2,2,0.05,GBM_3_AutoML_6_20260420_202042,year,0.1303119299607351
2,2,0.1,GBM_1_AutoML_6_20260420_202042,target_lag1,2.900381708163768
2,2,0.1,GBM_1_AutoML_6_20260420_202042,target_lag2,0.6427470203023404
2,2,0.1,GBM_1_AutoML_6_20260420_202042,target_lag3,0.35935360233765096
2,2,0.1,GBM_1_AutoML_6_20260420_202042,target_lag4,0.06111593672074374
2,2,0.1,GBM_1_AutoML_6_20260420_202042,target_lag5,0.059146169083978704
2,2,0.1,GBM_1_AutoML_6_20260420_202042,target_lag6,0.06944392049917945
2,2,0.1,GBM_1_AutoML_6_20260420_202042,cov_HULL_lag1,0.04281194173498075
2,2,0.1,GBM_1_AutoML_6_20260420_202042,cov_MUFL_lag1,2.0640377705637367
2,2,0.1,GBM_1_AutoML_6_20260420_202042,cov_MULL_lag1,0.037043123061303
2,2,0.1,GBM_1_AutoML_6_20260420_202042,cov_LUFL_lag1,0.0927222796855494
2,2,0.1,GBM_1_AutoML_6_20260420_202042,cov_LULL_lag1,0.029069076159794306
2,2,0.1,GBM_1_AutoML_6_20260420_202042,cov_OT_lag1,0.05209789153188463
2,2,0.1,GBM_1_AutoML_6_20260420_202042,hour_lag1,0.5695370917022228
2,2,0.1,GBM_1_AutoML_6_20260420_202042,day_of_week_lag1,0.015347345059271857
2,2,0.1,GBM_1_AutoML_6_20260420_202042,month_lag1,0.05371971591375764
2,2,0.1,GBM_1_AutoML_6_20260420_202042,month_sin,0.016137714541982807
2,2,0.1,GBM_1_AutoML_6_20260420_202042,month_cos,0.013567327914643063
2,2,0.1,GBM_1_AutoML_6_20260420_202042,year,0.09279680771753189
2,2,0.1,GBM_2_AutoML_6_20260420_202042,target_lag1,2.696655591512099
2,2,0.1,GBM_2_AutoML_6_20260420_202042,target_lag2,0.8623157923016698
2,2,0.1,GBM_2_AutoML_6_20260420_202042,target_lag3,0.17262026824057103
2,2,0.1,GBM_2_AutoML_6_20260420_202042,target_lag4,0.09674456208245825
2,2,0.1,GBM_2_AutoML_6_20260420_202042,target_lag5,0.07975950516294684
2,2,0.1,GBM_2_AutoML_6_20260420_202042,target_lag6,0.07656123810476853
2,2,0.1,GBM_2_AutoML_6_20260420_202042,cov_HULL_lag1,0.04258578643202776
2,2,0.1,GBM_2_AutoML_6_20260420_202042,cov_MUFL_lag1,2.307314499679487
2,2,0.1,GBM_2_AutoML_6_20260420_202042,cov_MULL_lag1,0.04482194977579635
2,2,0.1,GBM_2_AutoML_6_20260420_202042,cov_LUFL_lag1,0.09120296507142481
2,2,0.1,GBM_2_AutoML_6_20260420_202042,cov_LULL_lag1,0.027122289055259853
2,2,0.1,GBM_2_AutoML_6_20260420_202042,cov_OT_lag1,0.03250264333211812
2,2,0.1,GBM_2_AutoML_6_20260420_202042,hour_lag1,0.5905127276480198
2,2,0.1,GBM_2_AutoML_6_20260420_202042,day_of_week_lag1,0.014083920732227813
2,2,0.1,GBM_2_AutoML_6_20260420_202042,month_lag1,0.052242431808263025
2,2,0.1,GBM_2_AutoML_6_20260420_202042,month_sin,0.01276200387859712
2,2,0.1,GBM_2_AutoML_6_20260420_202042,month_cos,0.013813367541879366
2,2,0.1,GBM_2_AutoML_6_20260420_202042,year,0.10521210737293582
2,2,0.1,XGBoost_grid_1_AutoML_6_20260420_202042_model_1,target_lag1,3.993941946478444
2,2,0.1,XGBoost_grid_1_AutoML_6_20260420_202042_model_1,target_lag2,0.7902955481410027
2,2,0.1,XGBoost_grid_1_AutoML_6_20260420_202042_model_1,target_lag3,0.23606744717806574
2,2,0.1,XGBoost_grid_1_AutoML_6_20260420_202042_model_1,target_lag4,0.2551155061647296
2,2,0.1,XGBoost_grid_1_AutoML_6_20260420_202042_model_1,target_lag5,0.08356713197659696
2,2,0.1,XGBoost_grid_1_AutoML_6_20260420_202042_model_1,target_lag6,0.21291955426335335
2,2,0.1,XGBoost_grid_1_AutoML_6_20260420_202042_model_1,cov_HULL_lag1,0.056856610160320946
2,2,0.1,XGBoost_grid_1_AutoML_6_20260420_202042_model_1,cov_MUFL_lag1,0.9595580648630857
2,2,0.1,XGBoost_grid_1_AutoML_6_20260420_202042_model_1,cov_MULL_lag1,0.042588738247286484
2,2,0.1,XGBoost_grid_1_AutoML_6_20260420_202042_model_1,cov_LUFL_lag1,0.14147875302005555
2,2,0.1,XGBoost_grid_1_AutoML_6_20260420_202042_model_1,cov_LULL_lag1,0.024883980810409368
2,2,0.1,XGBoost_grid_1_AutoML_6_20260420_202042_model_1,cov_OT_lag1,0.0447838698327541
2,2,0.1,XGBoost_grid_1_AutoML_6_20260420_202042_model_1,hour_lag1,0.5611102547682821
2,2,0.1,XGBoost_grid_1_AutoML_6_20260420_202042_model_1,day_of_week_lag1,0.0005367768718860836
2,2,0.1,XGBoost_grid_1_AutoML_6_20260420_202042_model_1,month_lag1,0.02286657543038014
2,2,0.1,XGBoost_grid_1_AutoML_6_20260420_202042_model_1,month_sin,0.000841093657654706
2,2,0.1,XGBoost_grid_1_AutoML_6_20260420_202042_model_1,month_cos,5.4274224166874776e-05
2,2,0.1,XGBoost_grid_1_AutoML_6_20260420_202042_model_1,year,0.1152615834260359
2,2,0.1,XGBoost_grid_1_AutoML_6_20260420_202042_model_5,target_lag1,3.998844475224614
2,2,0.1,XGBoost_grid_1_AutoML_6_20260420_202042_model_5,target_lag2,0.5656613029376604
2,2,0.1,XGBoost_grid_1_AutoML_6_20260420_202042_model_5,target_lag3,0.12297070015221831
2,2,0.1,XGBoost_grid_1_AutoML_6_20260420_202042_model_5,target_lag4,0.03275978504680091
2,2,0.1,XGBoost_grid_1_AutoML_6_20260420_202042_model_5,target_lag5,0.08090334573993456
2,2,0.1,XGBoost_grid_1_AutoML_6_20260420_202042_model_5,target_lag6,0.08010159564204508
2,2,0.1,XGBoost_grid_1_AutoML_6_20260420_202042_model_5,cov_HULL_lag1,0.02454192878678437
2,2,0.1,XGBoost_grid_1_AutoML_6_20260420_202042_model_5,cov_MUFL_lag1,1.367099158614874
2,2,0.1,XGBoost_grid_1_AutoML_6_20260420_202042_model_5,cov_MULL_lag1,0.06642680983059104
2,2,0.1,XGBoost_grid_1_AutoML_6_20260420_202042_model_5,cov_LUFL_lag1,0.06784952434943986
2,2,0.1,XGBoost_grid_1_AutoML_6_20260420_202042_model_5,cov_LULL_lag1,0.018845056337304367
2,2,0.1,XGBoost_grid_1_AutoML_6_20260420_202042_model_5,cov_OT_lag1,0.05942619621753687
2,2,0.1,XGBoost_grid_1_AutoML_6_20260420_202042_model_5,hour_lag1,0.5276427454152145
2,2,0.1,XGBoost_grid_1_AutoML_6_20260420_202042_model_5,day_of_week_lag1,0.0
2,2,0.1,XGBoost_grid_1_AutoML_6_20260420_202042_model_5,month_lag1,0.05003511186689135
2,2,0.1,XGBoost_grid_1_AutoML_6_20260420_202042_model_5,month_sin,0.001965595952351576
2,2,0.1,XGBoost_grid_1_AutoML_6_20260420_202042_model_5,month_cos,0.0
2,2,0.1,XGBoost_grid_1_AutoML_6_20260420_202042_model_5,year,0.08060050773899997
2,2,0.1,XGBoost_grid_1_AutoML_6_20260420_202042_model_3,target_lag1,2.114839693307877
2,2,0.1,XGBoost_grid_1_AutoML_6_20260420_202042_model_3,target_lag2,0.6341404896974564
2,2,0.1,XGBoost_grid_1_AutoML_6_20260420_202042_model_3,target_lag3,0.5457241208851338
2,2,0.1,XGBoost_grid_1_AutoML_6_20260420_202042_model_3,target_lag4,0.3491148267686367
2,2,0.1,XGBoost_grid_1_AutoML_6_20260420_202042_model_3,target_lag5,0.13556405942887065
2,2,0.1,XGBoost_grid_1_AutoML_6_20260420_202042_model_3,target_lag6,0.027053790142526804
2,2,0.1,XGBoost_grid_1_AutoML_6_20260420_202042_model_3,cov_HULL_lag1,0.05444034235551948
2,2,0.1,XGBoost_grid_1_AutoML_6_20260420_202042_model_3,cov_MUFL_lag1,2.586633450090885
2,2,0.1,XGBoost_grid_1_AutoML_6_20260420_202042_model_3,cov_MULL_lag1,0.07589267046656455
2,2,0.1,XGBoost_grid_1_AutoML_6_20260420_202042_model_3,cov_LUFL_lag1,0.19562540162354708
2,2,0.1,XGBoost_grid_1_AutoML_6_20260420_202042_model_3,cov_LULL_lag1,0.028536807424388782
2,2,0.1,XGBoost_grid_1_AutoML_6_20260420_202042_model_3,cov_OT_lag1,0.06599578148685391
2,2,0.1,XGBoost_grid_1_AutoML_6_20260420_202042_model_3,hour_lag1,0.5476584282144904
2,2,0.1,XGBoost_grid_1_AutoML_6_20260420_202042_model_3,day_of_week_lag1,0.0
2,2,0.1,XGBoost_grid_1_AutoML_6_20260420_202042_model_3,month_lag1,0.06910409681499
2,2,0.1,XGBoost_grid_1_AutoML_6_20260420_202042_model_3,month_sin,0.0
2,2,0.1,XGBoost_grid_1_AutoML_6_20260420_202042_model_3,month_cos,0.0
2,2,0.1,XGBoost_grid_1_AutoML_6_20260420_202042_model_3,year,0.11204998799599704
2,2,0.1,GBM_3_AutoML_6_20260420_202042,target_lag1,2.502875650674105
2,2,0.1,GBM_3_AutoML_6_20260420_202042,target_lag2,0.8499855331331492
2,2,0.1,GBM_3_AutoML_6_20260420_202042,target_lag3,0.13212878886843096
2,2,0.1,GBM_3_AutoML_6_20260420_202042,target_lag4,0.07359270751709115
2,2,0.1,GBM_3_AutoML_6_20260420_202042,target_lag5,0.05600229960400607
2,2,0.1,GBM_3_AutoML_6_20260420_202042,target_lag6,0.09489689446054396
2,2,0.1,GBM_3_AutoML_6_20260420_202042,cov_HULL_lag1,0.051960694679291874
2,2,0.1,GBM_3_AutoML_6_20260420_202042,cov_MUFL_lag1,2.4823165976256134
2,2,0.1,GBM_3_AutoML_6_20260420_202042,cov_MULL_lag1,0.04948874828871335
2,2,0.1,GBM_3_AutoML_6_20260420_202042,cov_LUFL_lag1,0.12897526057844513
2,2,0.1,GBM_3_AutoML_6_20260420_202042,cov_LULL_lag1,0.024932980935845946
2,2,0.1,GBM_3_AutoML_6_20260420_202042,cov_OT_lag1,0.04736669348669234
2,2,0.1,GBM_3_AutoML_6_20260420_202042,hour_lag1,0.5378409112989903
2,2,0.1,GBM_3_AutoML_6_20260420_202042,day_of_week_lag1,0.017088670803350352
2,2,0.1,GBM_3_AutoML_6_20260420_202042,month_lag1,0.07360107360407707
2,2,0.1,GBM_3_AutoML_6_20260420_202042,month_sin,0.01278371280204733
2,2,0.1,GBM_3_AutoML_6_20260420_202042,month_cos,0.019003147417097313
2,2,0.1,GBM_3_AutoML_6_20260420_202042,year,0.1303119299607351
2,2,0.1,XRT_1_AutoML_6_20260420_202042,target_lag1,1615.0413015779852
2,2,0.1,XRT_1_AutoML_6_20260420_202042,target_lag2,1.2136513817310333
2,2,0.1,XRT_1_AutoML_6_20260420_202042,target_lag3,1.2250790631771087
2,2,0.1,XRT_1_AutoML_6_20260420_202042,target_lag4,0.3741473906766623
2,2,0.1,XRT_1_AutoML_6_20260420_202042,target_lag5,0.49553759351372717
2,2,0.1,XRT_1_AutoML_6_20260420_202042,target_lag6,2.660036875087535
2,2,0.1,XRT_1_AutoML_6_20260420_202042,cov_HULL_lag1,0.060225766411749614
2,2,0.1,XRT_1_AutoML_6_20260420_202042,cov_MUFL_lag1,2.855943167358637
2,2,0.1,XRT_1_AutoML_6_20260420_202042,cov_MULL_lag1,0.2049853788306791
2,2,0.1,XRT_1_AutoML_6_20260420_202042,cov_LUFL_lag1,0.8446706317365169
2,2,0.1,XRT_1_AutoML_6_20260420_202042,cov_LULL_lag1,2.8417492126463912
2,2,0.1,XRT_1_AutoML_6_20260420_202042,cov_OT_lag1,0.09627512103645128
2,2,0.1,XRT_1_AutoML_6_20260420_202042,hour_lag1,1616.7613614753122
2,2,0.1,XRT_1_AutoML_6_20260420_202042,day_of_week_lag1,0.07427578920498486
2,2,0.1,XRT_1_AutoML_6_20260420_202042,month_lag1,1618.9293770619668
2,2,0.1,XRT_1_AutoML_6_20260420_202042,month_sin,0.04182709614164192
2,2,0.1,XRT_1_AutoML_6_20260420_202042,month_cos,0.23633184266800522
2,2,0.1,XRT_1_AutoML_6_20260420_202042,year,0.13491103751119224
2,2,0.1,GBM_4_AutoML_6_20260420_202042,target_lag1,3.261041556149721
2,2,0.1,GBM_4_AutoML_6_20260420_202042,target_lag2,0.3621104121673852
2,2,0.1,GBM_4_AutoML_6_20260420_202042,target_lag3,0.2271501520136371
2,2,0.1,GBM_4_AutoML_6_20260420_202042,target_lag4,0.09440670383046378
2,2,0.1,GBM_4_AutoML_6_20260420_202042,target_lag5,0.09608071614056822
2,2,0.1,GBM_4_AutoML_6_20260420_202042,target_lag6,0.0808024110156111
2,2,0.1,GBM_4_AutoML_6_20260420_202042,cov_HULL_lag1,0.0684821695956634
2,2,0.1,GBM_4_AutoML_6_20260420_202042,cov_MUFL_lag1,2.0574591970443725
2,2,0.1,GBM_4_AutoML_6_20260420_202042,cov_MULL_lag1,0.04398771746666167
2,2,0.1,GBM_4_AutoML_6_20260420_202042,cov_LUFL_lag1,0.0830046581290662
2,2,0.1,GBM_4_AutoML_6_20260420_202042,cov_LULL_lag1,0.03347379994578655
2,2,0.1,GBM_4_AutoML_6_20260420_202042,cov_OT_lag1,0.059102614694274906
2,2,0.1,GBM_4_AutoML_6_20260420_202042,hour_lag1,0.5919989538472146
2,2,0.1,GBM_4_AutoML_6_20260420_202042,day_of_week_lag1,0.024745658833126027
2,2,0.1,GBM_4_AutoML_6_20260420_202042,month_lag1,0.06998871955089267
2,2,0.1,GBM_4_AutoML_6_20260420_202042,month_sin,0.013504644827917179
2,2,0.1,GBM_4_AutoML_6_20260420_202042,month_cos,0.01450893178203837
2,2,0.1,GBM_4_AutoML_6_20260420_202042,year,0.1096685362231801
2,2,0.1,DRF_1_AutoML_6_20260420_202042,target_lag1,2.115041271597147
2,2,0.1,DRF_1_AutoML_6_20260420_202042,target_lag2,1.2268566885357723
2,2,0.1,DRF_1_AutoML_6_20260420_202042,target_lag3,0.657899330034852
2,2,0.1,DRF_1_AutoML_6_20260420_202042,target_lag4,0.4259983700187877
2,2,0.1,DRF_1_AutoML_6_20260420_202042,target_lag5,0.19039321303367612
2,2,0.1,DRF_1_AutoML_6_20260420_202042,target_lag6,0.22174035836244002
2,2,0.1,DRF_1_AutoML_6_20260420_202042,cov_HULL_lag1,0.0366733130376087
2,2,0.1,DRF_1_AutoML_6_20260420_202042,cov_MUFL_lag1,2.1440708062052725
2,2,0.1,DRF_1_AutoML_6_20260420_202042,cov_MULL_lag1,0.030887186769396023
2,2,0.1,DRF_1_AutoML_6_20260420_202042,cov_LUFL_lag1,0.13813193083857184
2,2,0.1,DRF_1_AutoML_6_20260420_202042,cov_LULL_lag1,0.019003204055043126
2,2,0.1,DRF_1_AutoML_6_20260420_202042,cov_OT_lag1,0.03753451570868487
2,2,0.1,DRF_1_AutoML_6_20260420_202042,hour_lag1,0.4655827462673187
2,2,0.1,DRF_1_AutoML_6_20260420_202042,day_of_week_lag1,0.013284938342403574
2,2,0.1,DRF_1_AutoML_6_20260420_202042,month_lag1,0.027653165172086984
2,2,0.1,DRF_1_AutoML_6_20260420_202042,month_sin,0.011770295711466996
2,2,0.1,DRF_1_AutoML_6_20260420_202042,month_cos,0.014054202754050442
2,2,0.1,DRF_1_AutoML_6_20260420_202042,year,0.09150865016505119
2,2,0.1,GBM_5_AutoML_6_20260420_202042,target_lag1,3.0175001026317476
2,2,0.1,GBM_5_AutoML_6_20260420_202042,target_lag2,1.1666432824730872
2,2,0.1,GBM_5_AutoML_6_20260420_202042,target_lag3,0.13654947620118033
2,2,0.1,GBM_5_AutoML_6_20260420_202042,target_lag4,0.06541601048549632
2,2,0.1,GBM_5_AutoML_6_20260420_202042,target_lag5,0.09509088688995686
2,2,0.1,GBM_5_AutoML_6_20260420_202042,target_lag6,0.11720587366260585
2,2,0.1,GBM_5_AutoML_6_20260420_202042,cov_HULL_lag1,0.03684809518977996
2,2,0.1,GBM_5_AutoML_6_20260420_202042,cov_MUFL_lag1,1.6905646012723445
2,2,0.1,GBM_5_AutoML_6_20260420_202042,cov_MULL_lag1,0.04974894987884904
2,2,0.1,GBM_5_AutoML_6_20260420_202042,cov_LUFL_lag1,0.11365136977750805
2,2,0.1,GBM_5_AutoML_6_20260420_202042,cov_LULL_lag1,0.018129060707578862
2,2,0.1,GBM_5_AutoML_6_20260420_202042,cov_OT_lag1,0.029425788257503842
2,2,0.1,GBM_5_AutoML_6_20260420_202042,hour_lag1,0.4973076375760138
2,2,0.1,GBM_5_AutoML_6_20260420_202042,day_of_week_lag1,0.006289559075958062
2,2,0.1,GBM_5_AutoML_6_20260420_202042,month_lag1,0.04812597396899942
2,2,0.1,GBM_5_AutoML_6_20260420_202042,month_sin,0.0047023678570257835
2,2,0.1,GBM_5_AutoML_6_20260420_202042,month_cos,0.005031116192658336
2,2,0.1,GBM_5_AutoML_6_20260420_202042,year,0.15671808518469332
2,2,0.1,GBM_grid_1_AutoML_6_20260420_202042_model_1,target_lag1,2.458653468564153
2,2,0.1,GBM_grid_1_AutoML_6_20260420_202042_model_1,target_lag2,0.7084535816381685
2,2,0.1,GBM_grid_1_AutoML_6_20260420_202042_model_1,target_lag3,0.5284766916465015
2,2,0.1,GBM_grid_1_AutoML_6_20260420_202042_model_1,target_lag4,0.3399159971624613
2,2,0.1,GBM_grid_1_AutoML_6_20260420_202042_model_1,target_lag5,0.33838576532900333
2,2,0.1,GBM_grid_1_AutoML_6_20260420_202042_model_1,target_lag6,0.06285614970372985
2,2,0.1,GBM_grid_1_AutoML_6_20260420_202042_model_1,cov_HULL_lag1,0.05117287551256591
2,2,0.1,GBM_grid_1_AutoML_6_20260420_202042_model_1,cov_MUFL_lag1,1.462060996517539
2,2,0.1,GBM_grid_1_AutoML_6_20260420_202042_model_1,cov_MULL_lag1,0.04516378516796972
2,2,0.1,GBM_grid_1_AutoML_6_20260420_202042_model_1,cov_LUFL_lag1,0.11717343460768458
2,2,0.1,GBM_grid_1_AutoML_6_20260420_202042_model_1,cov_LULL_lag1,0.03641667699208478
2,2,0.1,GBM_grid_1_AutoML_6_20260420_202042_model_1,cov_OT_lag1,0.06101059492677446
2,2,0.1,GBM_grid_1_AutoML_6_20260420_202042_model_1,hour_lag1,0.5234159944206476
2,2,0.1,GBM_grid_1_AutoML_6_20260420_202042_model_1,day_of_week_lag1,0.02516526104882355
2,2,0.1,GBM_grid_1_AutoML_6_20260420_202042_model_1,month_lag1,0.0463729628230794
2,2,0.1,GBM_grid_1_AutoML_6_20260420_202042_model_1,month_sin,0.024474831384140958
2,2,0.1,GBM_grid_1_AutoML_6_20260420_202042_model_1,month_cos,0.025008085902081763
2,2,0.1,GBM_grid_1_AutoML_6_20260420_202042_model_1,year,0.11525458408519622
2,2,0.2,GBM_1_AutoML_6_20260420_202042,target_lag1,2.900381708163768
2,2,0.2,GBM_1_AutoML_6_20260420_202042,target_lag2,0.6427470203023404
2,2,0.2,GBM_1_AutoML_6_20260420_202042,target_lag3,0.35935360233765096
2,2,0.2,GBM_1_AutoML_6_20260420_202042,target_lag4,0.06111593672074374
2,2,0.2,GBM_1_AutoML_6_20260420_202042,target_lag5,0.059146169083978704
2,2,0.2,GBM_1_AutoML_6_20260420_202042,target_lag6,0.06944392049917945
2,2,0.2,GBM_1_AutoML_6_20260420_202042,cov_HULL_lag1,0.04281194173498075
2,2,0.2,GBM_1_AutoML_6_20260420_202042,cov_MUFL_lag1,2.0640377705637367
2,2,0.2,GBM_1_AutoML_6_20260420_202042,cov_MULL_lag1,0.037043123061303
2,2,0.2,GBM_1_AutoML_6_20260420_202042,cov_LUFL_lag1,0.0927222796855494
2,2,0.2,GBM_1_AutoML_6_20260420_202042,cov_LULL_lag1,0.029069076159794306
2,2,0.2,GBM_1_AutoML_6_20260420_202042,cov_OT_lag1,0.05209789153188463
2,2,0.2,GBM_1_AutoML_6_20260420_202042,hour_lag1,0.5695370917022228
2,2,0.2,GBM_1_AutoML_6_20260420_202042,day_of_week_lag1,0.015347345059271857
2,2,0.2,GBM_1_AutoML_6_20260420_202042,month_lag1,0.05371971591375764
2,2,0.2,GBM_1_AutoML_6_20260420_202042,month_sin,0.016137714541982807
2,2,0.2,GBM_1_AutoML_6_20260420_202042,month_cos,0.013567327914643063
2,2,0.2,GBM_1_AutoML_6_20260420_202042,year,0.09279680771753189
2,2,0.2,GBM_2_AutoML_6_20260420_202042,target_lag1,2.696655591512099
2,2,0.2,GBM_2_AutoML_6_20260420_202042,target_lag2,0.8623157923016698
2,2,0.2,GBM_2_AutoML_6_20260420_202042,target_lag3,0.17262026824057103
2,2,0.2,GBM_2_AutoML_6_20260420_202042,target_lag4,0.09674456208245825
2,2,0.2,GBM_2_AutoML_6_20260420_202042,target_lag5,0.07975950516294684
2,2,0.2,GBM_2_AutoML_6_20260420_202042,target_lag6,0.07656123810476853
2,2,0.2,GBM_2_AutoML_6_20260420_202042,cov_HULL_lag1,0.04258578643202776
2,2,0.2,GBM_2_AutoML_6_20260420_202042,cov_MUFL_lag1,2.307314499679487
2,2,0.2,GBM_2_AutoML_6_20260420_202042,cov_MULL_lag1,0.04482194977579635
2,2,0.2,GBM_2_AutoML_6_20260420_202042,cov_LUFL_lag1,0.09120296507142481
2,2,0.2,GBM_2_AutoML_6_20260420_202042,cov_LULL_lag1,0.027122289055259853
2,2,0.2,GBM_2_AutoML_6_20260420_202042,cov_OT_lag1,0.03250264333211812
2,2,0.2,GBM_2_AutoML_6_20260420_202042,hour_lag1,0.5905127276480198
2,2,0.2,GBM_2_AutoML_6_20260420_202042,day_of_week_lag1,0.014083920732227813
2,2,0.2,GBM_2_AutoML_6_20260420_202042,month_lag1,0.052242431808263025
2,2,0.2,GBM_2_AutoML_6_20260420_202042,month_sin,0.01276200387859712
2,2,0.2,GBM_2_AutoML_6_20260420_202042,month_cos,0.013813367541879366
2,2,0.2,GBM_2_AutoML_6_20260420_202042,year,0.10521210737293582
2,2,0.2,XGBoost_grid_1_AutoML_6_20260420_202042_model_1,target_lag1,3.993941946478444
2,2,0.2,XGBoost_grid_1_AutoML_6_20260420_202042_model_1,target_lag2,0.7902955481410027
2,2,0.2,XGBoost_grid_1_AutoML_6_20260420_202042_model_1,target_lag3,0.23606744717806574
2,2,0.2,XGBoost_grid_1_AutoML_6_20260420_202042_model_1,target_lag4,0.2551155061647296
2,2,0.2,XGBoost_grid_1_AutoML_6_20260420_202042_model_1,target_lag5,0.08356713197659696
2,2,0.2,XGBoost_grid_1_AutoML_6_20260420_202042_model_1,target_lag6,0.21291955426335335
2,2,0.2,XGBoost_grid_1_AutoML_6_20260420_202042_model_1,cov_HULL_lag1,0.056856610160320946
2,2,0.2,XGBoost_grid_1_AutoML_6_20260420_202042_model_1,cov_MUFL_lag1,0.9595580648630857
2,2,0.2,XGBoost_grid_1_AutoML_6_20260420_202042_model_1,cov_MULL_lag1,0.042588738247286484
2,2,0.2,XGBoost_grid_1_AutoML_6_20260420_202042_model_1,cov_LUFL_lag1,0.14147875302005555
2,2,0.2,XGBoost_grid_1_AutoML_6_20260420_202042_model_1,cov_LULL_lag1,0.024883980810409368
2,2,0.2,XGBoost_grid_1_AutoML_6_20260420_202042_model_1,cov_OT_lag1,0.0447838698327541
2,2,0.2,XGBoost_grid_1_AutoML_6_20260420_202042_model_1,hour_lag1,0.5611102547682821
2,2,0.2,XGBoost_grid_1_AutoML_6_20260420_202042_model_1,day_of_week_lag1,0.0005367768718860836
2,2,0.2,XGBoost_grid_1_AutoML_6_20260420_202042_model_1,month_lag1,0.02286657543038014
2,2,0.2,XGBoost_grid_1_AutoML_6_20260420_202042_model_1,month_sin,0.000841093657654706
2,2,0.2,XGBoost_grid_1_AutoML_6_20260420_202042_model_1,month_cos,5.4274224166874776e-05
2,2,0.2,XGBoost_grid_1_AutoML_6_20260420_202042_model_1,year,0.1152615834260359
2,2,0.2,XGBoost_grid_1_AutoML_6_20260420_202042_model_5,target_lag1,3.998844475224614
2,2,0.2,XGBoost_grid_1_AutoML_6_20260420_202042_model_5,target_lag2,0.5656613029376604
2,2,0.2,XGBoost_grid_1_AutoML_6_20260420_202042_model_5,target_lag3,0.12297070015221831
2,2,0.2,XGBoost_grid_1_AutoML_6_20260420_202042_model_5,target_lag4,0.03275978504680091
2,2,0.2,XGBoost_grid_1_AutoML_6_20260420_202042_model_5,target_lag5,0.08090334573993456
2,2,0.2,XGBoost_grid_1_AutoML_6_20260420_202042_model_5,target_lag6,0.08010159564204508
2,2,0.2,XGBoost_grid_1_AutoML_6_20260420_202042_model_5,cov_HULL_lag1,0.02454192878678437
2,2,0.2,XGBoost_grid_1_AutoML_6_20260420_202042_model_5,cov_MUFL_lag1,1.367099158614874
2,2,0.2,XGBoost_grid_1_AutoML_6_20260420_202042_model_5,cov_MULL_lag1,0.06642680983059104
2,2,0.2,XGBoost_grid_1_AutoML_6_20260420_202042_model_5,cov_LUFL_lag1,0.06784952434943986
2,2,0.2,XGBoost_grid_1_AutoML_6_20260420_202042_model_5,cov_LULL_lag1,0.018845056337304367
2,2,0.2,XGBoost_grid_1_AutoML_6_20260420_202042_model_5,cov_OT_lag1,0.05942619621753687
2,2,0.2,XGBoost_grid_1_AutoML_6_20260420_202042_model_5,hour_lag1,0.5276427454152145
2,2,0.2,XGBoost_grid_1_AutoML_6_20260420_202042_model_5,day_of_week_lag1,0.0
2,2,0.2,XGBoost_grid_1_AutoML_6_20260420_202042_model_5,month_lag1,0.05003511186689135
2,2,0.2,XGBoost_grid_1_AutoML_6_20260420_202042_model_5,month_sin,0.001965595952351576
2,2,0.2,XGBoost_grid_1_AutoML_6_20260420_202042_model_5,month_cos,0.0
2,2,0.2,XGBoost_grid_1_AutoML_6_20260420_202042_model_5,year,0.08060050773899997
2,2,0.2,XGBoost_grid_1_AutoML_6_20260420_202042_model_3,target_lag1,2.114839693307877
2,2,0.2,XGBoost_grid_1_AutoML_6_20260420_202042_model_3,target_lag2,0.6341404896974564
2,2,0.2,XGBoost_grid_1_AutoML_6_20260420_202042_model_3,target_lag3,0.5457241208851338
2,2,0.2,XGBoost_grid_1_AutoML_6_20260420_202042_model_3,target_lag4,0.3491148267686367
2,2,0.2,XGBoost_grid_1_AutoML_6_20260420_202042_model_3,target_lag5,0.13556405942887065
2,2,0.2,XGBoost_grid_1_AutoML_6_20260420_202042_model_3,target_lag6,0.027053790142526804
2,2,0.2,XGBoost_grid_1_AutoML_6_20260420_202042_model_3,cov_HULL_lag1,0.05444034235551948
2,2,0.2,XGBoost_grid_1_AutoML_6_20260420_202042_model_3,cov_MUFL_lag1,2.586633450090885
2,2,0.2,XGBoost_grid_1_AutoML_6_20260420_202042_model_3,cov_MULL_lag1,0.07589267046656455
2,2,0.2,XGBoost_grid_1_AutoML_6_20260420_202042_model_3,cov_LUFL_lag1,0.19562540162354708
2,2,0.2,XGBoost_grid_1_AutoML_6_20260420_202042_model_3,cov_LULL_lag1,0.028536807424388782
2,2,0.2,XGBoost_grid_1_AutoML_6_20260420_202042_model_3,cov_OT_lag1,0.06599578148685391
2,2,0.2,XGBoost_grid_1_AutoML_6_20260420_202042_model_3,hour_lag1,0.5476584282144904
2,2,0.2,XGBoost_grid_1_AutoML_6_20260420_202042_model_3,day_of_week_lag1,0.0
2,2,0.2,XGBoost_grid_1_AutoML_6_20260420_202042_model_3,month_lag1,0.06910409681499
2,2,0.2,XGBoost_grid_1_AutoML_6_20260420_202042_model_3,month_sin,0.0
2,2,0.2,XGBoost_grid_1_AutoML_6_20260420_202042_model_3,month_cos,0.0
2,2,0.2,XGBoost_grid_1_AutoML_6_20260420_202042_model_3,year,0.11204998799599704
2,2,0.2,GBM_3_AutoML_6_20260420_202042,target_lag1,2.502875650674105
2,2,0.2,GBM_3_AutoML_6_20260420_202042,target_lag2,0.8499855331331492
2,2,0.2,GBM_3_AutoML_6_20260420_202042,target_lag3,0.13212878886843096
2,2,0.2,GBM_3_AutoML_6_20260420_202042,target_lag4,0.07359270751709115
2,2,0.2,GBM_3_AutoML_6_20260420_202042,target_lag5,0.05600229960400607
2,2,0.2,GBM_3_AutoML_6_20260420_202042,target_lag6,0.09489689446054396
2,2,0.2,GBM_3_AutoML_6_20260420_202042,cov_HULL_lag1,0.051960694679291874
2,2,0.2,GBM_3_AutoML_6_20260420_202042,cov_MUFL_lag1,2.4823165976256134
2,2,0.2,GBM_3_AutoML_6_20260420_202042,cov_MULL_lag1,0.04948874828871335
2,2,0.2,GBM_3_AutoML_6_20260420_202042,cov_LUFL_lag1,0.12897526057844513
2,2,0.2,GBM_3_AutoML_6_20260420_202042,cov_LULL_lag1,0.024932980935845946
2,2,0.2,GBM_3_AutoML_6_20260420_202042,cov_OT_lag1,0.04736669348669234
2,2,0.2,GBM_3_AutoML_6_20260420_202042,hour_lag1,0.5378409112989903
2,2,0.2,GBM_3_AutoML_6_20260420_202042,day_of_week_lag1,0.017088670803350352
2,2,0.2,GBM_3_AutoML_6_20260420_202042,month_lag1,0.07360107360407707
2,2,0.2,GBM_3_AutoML_6_20260420_202042,month_sin,0.01278371280204733
2,2,0.2,GBM_3_AutoML_6_20260420_202042,month_cos,0.019003147417097313
2,2,0.2,GBM_3_AutoML_6_20260420_202042,year,0.1303119299607351
2,2,0.2,XRT_1_AutoML_6_20260420_202042,target_lag1,1615.0413015779852
2,2,0.2,XRT_1_AutoML_6_20260420_202042,target_lag2,1.2136513817310333
2,2,0.2,XRT_1_AutoML_6_20260420_202042,target_lag3,1.2250790631771087
2,2,0.2,XRT_1_AutoML_6_20260420_202042,target_lag4,0.3741473906766623
2,2,0.2,XRT_1_AutoML_6_20260420_202042,target_lag5,0.49553759351372717
2,2,0.2,XRT_1_AutoML_6_20260420_202042,target_lag6,2.660036875087535
2,2,0.2,XRT_1_AutoML_6_20260420_202042,cov_HULL_lag1,0.060225766411749614
2,2,0.2,XRT_1_AutoML_6_20260420_202042,cov_MUFL_lag1,2.855943167358637
2,2,0.2,XRT_1_AutoML_6_20260420_202042,cov_MULL_lag1,0.2049853788306791
2,2,0.2,XRT_1_AutoML_6_20260420_202042,cov_LUFL_lag1,0.8446706317365169
2,2,0.2,XRT_1_AutoML_6_20260420_202042,cov_LULL_lag1,2.8417492126463912
2,2,0.2,XRT_1_AutoML_6_20260420_202042,cov_OT_lag1,0.09627512103645128
2,2,0.2,XRT_1_AutoML_6_20260420_202042,hour_lag1,1616.7613614753122
2,2,0.2,XRT_1_AutoML_6_20260420_202042,day_of_week_lag1,0.07427578920498486
2,2,0.2,XRT_1_AutoML_6_20260420_202042,month_lag1,1618.9293770619668
2,2,0.2,XRT_1_AutoML_6_20260420_202042,month_sin,0.04182709614164192
2,2,0.2,XRT_1_AutoML_6_20260420_202042,month_cos,0.23633184266800522
2,2,0.2,XRT_1_AutoML_6_20260420_202042,year,0.13491103751119224
2,2,0.2,GBM_4_AutoML_6_20260420_202042,target_lag1,3.261041556149721
2,2,0.2,GBM_4_AutoML_6_20260420_202042,target_lag2,0.3621104121673852
2,2,0.2,GBM_4_AutoML_6_20260420_202042,target_lag3,0.2271501520136371
2,2,0.2,GBM_4_AutoML_6_20260420_202042,target_lag4,0.09440670383046378
2,2,0.2,GBM_4_AutoML_6_20260420_202042,target_lag5,0.09608071614056822
2,2,0.2,GBM_4_AutoML_6_20260420_202042,target_lag6,0.0808024110156111
2,2,0.2,GBM_4_AutoML_6_20260420_202042,cov_HULL_lag1,0.0684821695956634
2,2,0.2,GBM_4_AutoML_6_20260420_202042,cov_MUFL_lag1,2.0574591970443725
2,2,0.2,GBM_4_AutoML_6_20260420_202042,cov_MULL_lag1,0.04398771746666167
2,2,0.2,GBM_4_AutoML_6_20260420_202042,cov_LUFL_lag1,0.0830046581290662
2,2,0.2,GBM_4_AutoML_6_20260420_202042,cov_LULL_lag1,0.03347379994578655
2,2,0.2,GBM_4_AutoML_6_20260420_202042,cov_OT_lag1,0.059102614694274906
2,2,0.2,GBM_4_AutoML_6_20260420_202042,hour_lag1,0.5919989538472146
2,2,0.2,GBM_4_AutoML_6_20260420_202042,day_of_week_lag1,0.024745658833126027
2,2,0.2,GBM_4_AutoML_6_20260420_202042,month_lag1,0.06998871955089267
2,2,0.2,GBM_4_AutoML_6_20260420_202042,month_sin,0.013504644827917179
2,2,0.2,GBM_4_AutoML_6_20260420_202042,month_cos,0.01450893178203837
2,2,0.2,GBM_4_AutoML_6_20260420_202042,year,0.1096685362231801
2,2,0.2,DRF_1_AutoML_6_20260420_202042,target_lag1,2.115041271597147
2,2,0.2,DRF_1_AutoML_6_20260420_202042,target_lag2,1.2268566885357723
2,2,0.2,DRF_1_AutoML_6_20260420_202042,target_lag3,0.657899330034852
2,2,0.2,DRF_1_AutoML_6_20260420_202042,target_lag4,0.4259983700187877
2,2,0.2,DRF_1_AutoML_6_20260420_202042,target_lag5,0.19039321303367612
2,2,0.2,DRF_1_AutoML_6_20260420_202042,target_lag6,0.22174035836244002
2,2,0.2,DRF_1_AutoML_6_20260420_202042,cov_HULL_lag1,0.0366733130376087
2,2,0.2,DRF_1_AutoML_6_20260420_202042,cov_MUFL_lag1,2.1440708062052725
2,2,0.2,DRF_1_AutoML_6_20260420_202042,cov_MULL_lag1,0.030887186769396023
2,2,0.2,DRF_1_AutoML_6_20260420_202042,cov_LUFL_lag1,0.13813193083857184
2,2,0.2,DRF_1_AutoML_6_20260420_202042,cov_LULL_lag1,0.019003204055043126
2,2,0.2,DRF_1_AutoML_6_20260420_202042,cov_OT_lag1,0.03753451570868487
2,2,0.2,DRF_1_AutoML_6_20260420_202042,hour_lag1,0.4655827462673187
2,2,0.2,DRF_1_AutoML_6_20260420_202042,day_of_week_lag1,0.013284938342403574
2,2,0.2,DRF_1_AutoML_6_20260420_202042,month_lag1,0.027653165172086984
2,2,0.2,DRF_1_AutoML_6_20260420_202042,month_sin,0.011770295711466996
2,2,0.2,DRF_1_AutoML_6_20260420_202042,month_cos,0.014054202754050442
2,2,0.2,DRF_1_AutoML_6_20260420_202042,year,0.09150865016505119
2,2,0.2,GBM_5_AutoML_6_20260420_202042,target_lag1,3.0175001026317476
2,2,0.2,GBM_5_AutoML_6_20260420_202042,target_lag2,1.1666432824730872
2,2,0.2,GBM_5_AutoML_6_20260420_202042,target_lag3,0.13654947620118033
2,2,0.2,GBM_5_AutoML_6_20260420_202042,target_lag4,0.06541601048549632
2,2,0.2,GBM_5_AutoML_6_20260420_202042,target_lag5,0.09509088688995686
2,2,0.2,GBM_5_AutoML_6_20260420_202042,target_lag6,0.11720587366260585
2,2,0.2,GBM_5_AutoML_6_20260420_202042,cov_HULL_lag1,0.03684809518977996
2,2,0.2,GBM_5_AutoML_6_20260420_202042,cov_MUFL_lag1,1.6905646012723445
2,2,0.2,GBM_5_AutoML_6_20260420_202042,cov_MULL_lag1,0.04974894987884904
2,2,0.2,GBM_5_AutoML_6_20260420_202042,cov_LUFL_lag1,0.11365136977750805
2,2,0.2,GBM_5_AutoML_6_20260420_202042,cov_LULL_lag1,0.018129060707578862
2,2,0.2,GBM_5_AutoML_6_20260420_202042,cov_OT_lag1,0.029425788257503842
2,2,0.2,GBM_5_AutoML_6_20260420_202042,hour_lag1,0.4973076375760138
2,2,0.2,GBM_5_AutoML_6_20260420_202042,day_of_week_lag1,0.006289559075958062
2,2,0.2,GBM_5_AutoML_6_20260420_202042,month_lag1,0.04812597396899942
2,2,0.2,GBM_5_AutoML_6_20260420_202042,month_sin,0.0047023678570257835
2,2,0.2,GBM_5_AutoML_6_20260420_202042,month_cos,0.005031116192658336
2,2,0.2,GBM_5_AutoML_6_20260420_202042,year,0.15671808518469332
2,2,0.2,GBM_grid_1_AutoML_6_20260420_202042_model_1,target_lag1,2.458653468564153
2,2,0.2,GBM_grid_1_AutoML_6_20260420_202042_model_1,target_lag2,0.7084535816381685
2,2,0.2,GBM_grid_1_AutoML_6_20260420_202042_model_1,target_lag3,0.5284766916465015
2,2,0.2,GBM_grid_1_AutoML_6_20260420_202042_model_1,target_lag4,0.3399159971624613
2,2,0.2,GBM_grid_1_AutoML_6_20260420_202042_model_1,target_lag5,0.33838576532900333
2,2,0.2,GBM_grid_1_AutoML_6_20260420_202042_model_1,target_lag6,0.06285614970372985
2,2,0.2,GBM_grid_1_AutoML_6_20260420_202042_model_1,cov_HULL_lag1,0.05117287551256591
2,2,0.2,GBM_grid_1_AutoML_6_20260420_202042_model_1,cov_MUFL_lag1,1.462060996517539
2,2,0.2,GBM_grid_1_AutoML_6_20260420_202042_model_1,cov_MULL_lag1,0.04516378516796972
2,2,0.2,GBM_grid_1_AutoML_6_20260420_202042_model_1,cov_LUFL_lag1,0.11717343460768458
2,2,0.2,GBM_grid_1_AutoML_6_20260420_202042_model_1,cov_LULL_lag1,0.03641667699208478
2,2,0.2,GBM_grid_1_AutoML_6_20260420_202042_model_1,cov_OT_lag1,0.06101059492677446
2,2,0.2,GBM_grid_1_AutoML_6_20260420_202042_model_1,hour_lag1,0.5234159944206476
2,2,0.2,GBM_grid_1_AutoML_6_20260420_202042_model_1,day_of_week_lag1,0.02516526104882355
2,2,0.2,GBM_grid_1_AutoML_6_20260420_202042_model_1,month_lag1,0.0463729628230794
2,2,0.2,GBM_grid_1_AutoML_6_20260420_202042_model_1,month_sin,0.024474831384140958
2,2,0.2,GBM_grid_1_AutoML_6_20260420_202042_model_1,month_cos,0.025008085902081763
2,2,0.2,GBM_grid_1_AutoML_6_20260420_202042_model_1,year,0.11525458408519622
2,2,0.2,GBM_grid_1_AutoML_6_20260420_202042_model_3,target_lag1,1.503236876130104
2,2,0.2,GBM_grid_1_AutoML_6_20260420_202042_model_3,target_lag2,1.3065038488060237
2,2,0.2,GBM_grid_1_AutoML_6_20260420_202042_model_3,target_lag3,0.25962424446363
2,2,0.2,GBM_grid_1_AutoML_6_20260420_202042_model_3,target_lag4,0.2689647644851357
2,2,0.2,GBM_grid_1_AutoML_6_20260420_202042_model_3,target_lag5,0.22059718476142734
2,2,0.2,GBM_grid_1_AutoML_6_20260420_202042_model_3,target_lag6,0.20217367937788366
2,2,0.2,GBM_grid_1_AutoML_6_20260420_202042_model_3,cov_HULL_lag1,0.0559454800933599
2,2,0.2,GBM_grid_1_AutoML_6_20260420_202042_model_3,cov_MUFL_lag1,2.096019272506237
2,2,0.2,GBM_grid_1_AutoML_6_20260420_202042_model_3,cov_MULL_lag1,0.04620908575132485
2,2,0.2,GBM_grid_1_AutoML_6_20260420_202042_model_3,cov_LUFL_lag1,0.19833484022179618
2,2,0.2,GBM_grid_1_AutoML_6_20260420_202042_model_3,cov_LULL_lag1,0.04582557826070111
2,2,0.2,GBM_grid_1_AutoML_6_20260420_202042_model_3,cov_OT_lag1,0.08547232186421747
2,2,0.2,GBM_grid_1_AutoML_6_20260420_202042_model_3,hour_lag1,0.5046745451912283
2,2,0.2,GBM_grid_1_AutoML_6_20260420_202042_model_3,day_of_week_lag1,0.024998996679205413
2,2,0.2,GBM_grid_1_AutoML_6_20260420_202042_model_3,month_lag1,0.0500220844475552
2,2,0.2,GBM_grid_1_AutoML_6_20260420_202042_model_3,month_sin,0.02481629911402702
2,2,0.2,GBM_grid_1_AutoML_6_20260420_202042_model_3,month_cos,0.025133884244132744
2,2,0.2,GBM_grid_1_AutoML_6_20260420_202042_model_3,year,0.16979173821164295
2,2,0.2,GBM_grid_1_AutoML_6_20260420_202042_model_2,target_lag1,2.101659462377429
2,2,0.2,GBM_grid_1_AutoML_6_20260420_202042_model_2,target_lag2,0.8319385059922934
2,2,0.2,GBM_grid_1_AutoML_6_20260420_202042_model_2,target_lag3,0.33421387427952143
2,2,0.2,GBM_grid_1_AutoML_6_20260420_202042_model_2,target_lag4,0.515266313701868
2,2,0.2,GBM_grid_1_AutoML_6_20260420_202042_model_2,target_lag5,0.06158471512608225
2,2,0.2,GBM_grid_1_AutoML_6_20260420_202042_model_2,target_lag6,0.17163432762492448
2,2,0.2,GBM_grid_1_AutoML_6_20260420_202042_model_2,cov_HULL_lag1,0.05587840092368421
2,2,0.2,GBM_grid_1_AutoML_6_20260420_202042_model_2,cov_MUFL_lag1,2.1149069159664213
2,2,0.2,GBM_grid_1_AutoML_6_20260420_202042_model_2,cov_MULL_lag1,0.041168094933964276
2,2,0.2,GBM_grid_1_AutoML_6_20260420_202042_model_2,cov_LUFL_lag1,0.08897352048952595
2,2,0.2,GBM_grid_1_AutoML_6_20260420_202042_model_2,cov_LULL_lag1,0.054090592841966954
2,2,0.2,GBM_grid_1_AutoML_6_20260420_202042_model_2,cov_OT_lag1,0.05433721587440228
2,2,0.2,GBM_grid_1_AutoML_6_20260420_202042_model_2,hour_lag1,0.39139695128425955
2,2,0.2,GBM_grid_1_AutoML_6_20260420_202042_model_2,day_of_week_lag1,0.022219442694622515
2,2,0.2,GBM_grid_1_AutoML_6_20260420_202042_model_2,month_lag1,0.06811572629027066
2,2,0.2,GBM_grid_1_AutoML_6_20260420_202042_model_2,month_sin,0.022887922794907305
2,2,0.2,GBM_grid_1_AutoML_6_20260420_202042_model_2,month_cos,0.027766613322310108
2,2,0.2,GBM_grid_1_AutoML_6_20260420_202042_model_2,year,0.14480667138705028
2,2,0.2,GLM_1_AutoML_6_20260420_202042,target_lag1,4.0502327055063185
2,2,0.2,GLM_1_AutoML_6_20260420_202042,target_lag2,1.6091218908875853
2,2,0.2,GLM_1_AutoML_6_20260420_202042,target_lag3,0.6003533271325489
2,2,0.2,GLM_1_AutoML_6_20260420_202042,target_lag4,0.16668102134525337
2,2,0.2,GLM_1_AutoML_6_20260420_202042,target_lag5,0.3310433575443079
2,2,0.2,GLM_1_AutoML_6_20260420_202042,target_lag6,0.7500033386904259
2,2,0.2,GLM_1_AutoML_6_20260420_202042,cov_HULL_lag1,0.1445785725628982
2,2,0.2,GLM_1_AutoML_6_20260420_202042,cov_MUFL_lag1,1.0472853955361023
2,2,0.2,GLM_1_AutoML_6_20260420_202042,cov_MULL_lag1,0.15978604244244343
2,2,0.2,GLM_1_AutoML_6_20260420_202042,cov_LUFL_lag1,0.005947261907037107
2,2,0.2,GLM_1_AutoML_6_20260420_202042,cov_LULL_lag1,0.026276360797248224
2,2,0.2,GLM_1_AutoML_6_20260420_202042,cov_OT_lag1,0.1232144805781128
2,2,0.2,GLM_1_AutoML_6_20260420_202042,hour_lag1,0.18166715670270167
2,2,0.2,GLM_1_AutoML_6_20260420_202042,day_of_week_lag1,0.00194059807204251
2,2,0.2,GLM_1_AutoML_6_20260420_202042,month_lag1,0.030857925885660383
2,2,0.2,GLM_1_AutoML_6_20260420_202042,month_sin,0.0042287097677855875
2,2,0.2,GLM_1_AutoML_6_20260420_202042,month_cos,0.0038110784331485286
2,2,0.2,GLM_1_AutoML_6_20260420_202042,year,0.18756687910528144
2,2,0.2,XGBoost_3_AutoML_6_20260420_202042,target_lag1,2.874363178014755
2,2,0.2,XGBoost_3_AutoML_6_20260420_202042,target_lag2,1.0336544688418507
2,2,0.2,XGBoost_3_AutoML_6_20260420_202042,target_lag3,0.20206687912344934
2,2,0.2,XGBoost_3_AutoML_6_20260420_202042,target_lag4,0.12365086866542693
2,2,0.2,XGBoost_3_AutoML_6_20260420_202042,target_lag5,0.13104690589476373
2,2,0.2,XGBoost_3_AutoML_6_20260420_202042,target_lag6,0.10904289132449772
2,2,0.2,XGBoost_3_AutoML_6_20260420_202042,cov_HULL_lag1,0.02161990636377591
2,2,0.2,XGBoost_3_AutoML_6_20260420_202042,cov_MUFL_lag1,1.8088857756555081
2,2,0.2,XGBoost_3_AutoML_6_20260420_202042,cov_MULL_lag1,0.08121755243279036
2,2,0.2,XGBoost_3_AutoML_6_20260420_202042,cov_LUFL_lag1,0.1239220753984409
2,2,0.2,XGBoost_3_AutoML_6_20260420_202042,cov_LULL_lag1,0.04741692089475687
2,2,0.2,XGBoost_3_AutoML_6_20260420_202042,cov_OT_lag1,0.07116392530268052
2,2,0.2,XGBoost_3_AutoML_6_20260420_202042,hour_lag1,0.5561917337775231
2,2,0.2,XGBoost_3_AutoML_6_20260420_202042,day_of_week_lag1,0.008492204046342478
2,2,0.2,XGBoost_3_AutoML_6_20260420_202042,month_lag1,0.05525198410323351
2,2,0.2,XGBoost_3_AutoML_6_20260420_202042,month_sin,0.007672601658850865
2,2,0.2,XGBoost_3_AutoML_6_20260420_202042,month_cos,0.009203372148331205
2,2,0.2,XGBoost_3_AutoML_6_20260420_202042,year,0.15573740157997232
2,2,0.2,XGBoost_grid_1_AutoML_6_20260420_202042_model_2,target_lag1,2.478800543770194
2,2,0.2,XGBoost_grid_1_AutoML_6_20260420_202042_model_2,target_lag2,1.2256754671875387
2,2,0.2,XGBoost_grid_1_AutoML_6_20260420_202042_model_2,target_lag3,0.14938815191737376
2,2,0.2,XGBoost_grid_1_AutoML_6_20260420_202042_model_2,target_lag4,0.0905878568027401
2,2,0.2,XGBoost_grid_1_AutoML_6_20260420_202042_model_2,target_lag5,0.08290476884751112
2,2,0.2,XGBoost_grid_1_AutoML_6_20260420_202042_model_2,target_lag6,0.09250702240737152
2,2,0.2,XGBoost_grid_1_AutoML_6_20260420_202042_model_2,cov_HULL_lag1,0.07752236946951593
2,2,0.2,XGBoost_grid_1_AutoML_6_20260420_202042_model_2,cov_MUFL_lag1,2.1770266193151473
2,2,0.2,XGBoost_grid_1_AutoML_6_20260420_202042_model_2,cov_MULL_lag1,0.05496796975843605
2,2,0.2,XGBoost_grid_1_AutoML_6_20260420_202042_model_2,cov_LUFL_lag1,0.1043616842664778
2,2,0.2,XGBoost_grid_1_AutoML_6_20260420_202042_model_2,cov_LULL_lag1,0.0593382222705986
2,2,0.2,XGBoost_grid_1_AutoML_6_20260420_202042_model_2,cov_OT_lag1,0.09106166007055431
2,2,0.2,XGBoost_grid_1_AutoML_6_20260420_202042_model_2,hour_lag1,0.6315976138040423
2,2,0.2,XGBoost_grid_1_AutoML_6_20260420_202042_model_2,day_of_week_lag1,0.027147124414914243
2,2,0.2,XGBoost_grid_1_AutoML_6_20260420_202042_model_2,month_lag1,0.055127264059847185
2,2,0.2,XGBoost_grid_1_AutoML_6_20260420_202042_model_2,month_sin,0.028456135126762053
2,2,0.2,XGBoost_grid_1_AutoML_6_20260420_202042_model_2,month_cos,0.020823796176700805
2,2,0.2,XGBoost_grid_1_AutoML_6_20260420_202042_model_2,year,0.2153297831118107
2,2,0.2,XGBoost_grid_1_AutoML_6_20260420_202042_model_4,target_lag1,2.31624977722764
2,2,0.2,XGBoost_grid_1_AutoML_6_20260420_202042_model_4,target_lag2,1.688155723293312
2,2,0.2,XGBoost_grid_1_AutoML_6_20260420_202042_model_4,target_lag3,0.19412506968248636
2,2,0.2,XGBoost_grid_1_AutoML_6_20260420_202042_model_4,target_lag4,0.08274466830422167
2,2,0.2,XGBoost_grid_1_AutoML_6_20260420_202042_model_4,target_lag5,0.10118187204468992
2,2,0.2,XGBoost_grid_1_AutoML_6_20260420_202042_model_4,target_lag6,0.09681856901384886
2,2,0.2,XGBoost_grid_1_AutoML_6_20260420_202042_model_4,cov_HULL_lag1,0.06877193346619602
2,2,0.2,XGBoost_grid_1_AutoML_6_20260420_202042_model_4,cov_MUFL_lag1,1.606618026867509
2,2,0.2,XGBoost_grid_1_AutoML_6_20260420_202042_model_4,cov_MULL_lag1,0.04828722547506909
2,2,0.2,XGBoost_grid_1_AutoML_6_20260420_202042_model_4,cov_LUFL_lag1,0.12274187050759788
2,2,0.2,XGBoost_grid_1_AutoML_6_20260420_202042_model_4,cov_LULL_lag1,0.05029146111060978
2,2,0.2,XGBoost_grid_1_AutoML_6_20260420_202042_model_4,cov_OT_lag1,0.08350873938063157
2,2,0.2,XGBoost_grid_1_AutoML_6_20260420_202042_model_4,hour_lag1,0.6704532882943749
2,2,0.2,XGBoost_grid_1_AutoML_6_20260420_202042_model_4,day_of_week_lag1,0.024388642424601086
2,2,0.2,XGBoost_grid_1_AutoML_6_20260420_202042_model_4,month_lag1,0.09258732684887942
2,2,0.2,XGBoost_grid_1_AutoML_6_20260420_202042_model_4,month_sin,0.03037229715562713
2,2,0.2,XGBoost_grid_1_AutoML_6_20260420_202042_model_4,month_cos,0.025276465226197576
2,2,0.2,XGBoost_grid_1_AutoML_6_20260420_202042_model_4,year,0.21255193818360563
2,2,0.2,XGBoost_2_AutoML_6_20260420_202042,target_lag1,2.8405656522512435
2,2,0.2,XGBoost_2_AutoML_6_20260420_202042,target_lag2,1.0625688825547694
2,2,0.2,XGBoost_2_AutoML_6_20260420_202042,target_lag3,0.17209337215404955
2,2,0.2,XGBoost_2_AutoML_6_20260420_202042,target_lag4,0.233512735334225
2,2,0.2,XGBoost_2_AutoML_6_20260420_202042,target_lag5,0.15671415568416702
2,2,0.2,XGBoost_2_AutoML_6_20260420_202042,target_lag6,0.15076254015089943
2,2,0.2,XGBoost_2_AutoML_6_20260420_202042,cov_HULL_lag1,0.10914726042712569
2,2,0.2,XGBoost_2_AutoML_6_20260420_202042,cov_MUFL_lag1,1.9183693209290504
2,2,0.2,XGBoost_2_AutoML_6_20260420_202042,cov_MULL_lag1,0.07557835021987552
2,2,0.2,XGBoost_2_AutoML_6_20260420_202042,cov_LUFL_lag1,0.08589947388158176
2,2,0.2,XGBoost_2_AutoML_6_20260420_202042,cov_LULL_lag1,0.08385042303241785
2,2,0.2,XGBoost_2_AutoML_6_20260420_202042,cov_OT_lag1,0.11215528826462101
2,2,0.2,XGBoost_2_AutoML_6_20260420_202042,hour_lag1,0.6810024856775999
2,2,0.2,XGBoost_2_AutoML_6_20260420_202042,day_of_week_lag1,0.042419399772770656
2,2,0.2,XGBoost_2_AutoML_6_20260420_202042,month_lag1,0.08401341417338695
2,2,0.2,XGBoost_2_AutoML_6_20260420_202042,month_sin,0.03902802516313382
2,2,0.2,XGBoost_2_AutoML_6_20260420_202042,month_cos,0.03661350409965958
2,2,0.2,XGBoost_2_AutoML_6_20260420_202042,year,0.26317997120320796
2,2,0.3,GBM_1_AutoML_6_20260420_202042,target_lag1,2.900381708163768
2,2,0.3,GBM_1_AutoML_6_20260420_202042,target_lag2,0.6427470203023404
2,2,0.3,GBM_1_AutoML_6_20260420_202042,target_lag3,0.35935360233765096
2,2,0.3,GBM_1_AutoML_6_20260420_202042,target_lag4,0.06111593672074374
2,2,0.3,GBM_1_AutoML_6_20260420_202042,target_lag5,0.059146169083978704
2,2,0.3,GBM_1_AutoML_6_20260420_202042,target_lag6,0.06944392049917945
2,2,0.3,GBM_1_AutoML_6_20260420_202042,cov_HULL_lag1,0.04281194173498075
2,2,0.3,GBM_1_AutoML_6_20260420_202042,cov_MUFL_lag1,2.0640377705637367
2,2,0.3,GBM_1_AutoML_6_20260420_202042,cov_MULL_lag1,0.037043123061303
2,2,0.3,GBM_1_AutoML_6_20260420_202042,cov_LUFL_lag1,0.0927222796855494
2,2,0.3,GBM_1_AutoML_6_20260420_202042,cov_LULL_lag1,0.029069076159794306
2,2,0.3,GBM_1_AutoML_6_20260420_202042,cov_OT_lag1,0.05209789153188463
2,2,0.3,GBM_1_AutoML_6_20260420_202042,hour_lag1,0.5695370917022228
2,2,0.3,GBM_1_AutoML_6_20260420_202042,day_of_week_lag1,0.015347345059271857
2,2,0.3,GBM_1_AutoML_6_20260420_202042,month_lag1,0.05371971591375764
2,2,0.3,GBM_1_AutoML_6_20260420_202042,month_sin,0.016137714541982807
2,2,0.3,GBM_1_AutoML_6_20260420_202042,month_cos,0.013567327914643063
2,2,0.3,GBM_1_AutoML_6_20260420_202042,year,0.09279680771753189
2,2,0.3,GBM_2_AutoML_6_20260420_202042,target_lag1,2.696655591512099
2,2,0.3,GBM_2_AutoML_6_20260420_202042,target_lag2,0.8623157923016698
2,2,0.3,GBM_2_AutoML_6_20260420_202042,target_lag3,0.17262026824057103
2,2,0.3,GBM_2_AutoML_6_20260420_202042,target_lag4,0.09674456208245825
2,2,0.3,GBM_2_AutoML_6_20260420_202042,target_lag5,0.07975950516294684
2,2,0.3,GBM_2_AutoML_6_20260420_202042,target_lag6,0.07656123810476853
2,2,0.3,GBM_2_AutoML_6_20260420_202042,cov_HULL_lag1,0.04258578643202776
2,2,0.3,GBM_2_AutoML_6_20260420_202042,cov_MUFL_lag1,2.307314499679487
2,2,0.3,GBM_2_AutoML_6_20260420_202042,cov_MULL_lag1,0.04482194977579635
2,2,0.3,GBM_2_AutoML_6_20260420_202042,cov_LUFL_lag1,0.09120296507142481
2,2,0.3,GBM_2_AutoML_6_20260420_202042,cov_LULL_lag1,0.027122289055259853
2,2,0.3,GBM_2_AutoML_6_20260420_202042,cov_OT_lag1,0.03250264333211812
2,2,0.3,GBM_2_AutoML_6_20260420_202042,hour_lag1,0.5905127276480198
2,2,0.3,GBM_2_AutoML_6_20260420_202042,day_of_week_lag1,0.014083920732227813
2,2,0.3,GBM_2_AutoML_6_20260420_202042,month_lag1,0.052242431808263025
2,2,0.3,GBM_2_AutoML_6_20260420_202042,month_sin,0.01276200387859712
2,2,0.3,GBM_2_AutoML_6_20260420_202042,month_cos,0.013813367541879366
2,2,0.3,GBM_2_AutoML_6_20260420_202042,year,0.10521210737293582
2,2,0.3,XGBoost_grid_1_AutoML_6_20260420_202042_model_1,target_lag1,3.993941946478444
2,2,0.3,XGBoost_grid_1_AutoML_6_20260420_202042_model_1,target_lag2,0.7902955481410027
2,2,0.3,XGBoost_grid_1_AutoML_6_20260420_202042_model_1,target_lag3,0.23606744717806574
2,2,0.3,XGBoost_grid_1_AutoML_6_20260420_202042_model_1,target_lag4,0.2551155061647296
2,2,0.3,XGBoost_grid_1_AutoML_6_20260420_202042_model_1,target_lag5,0.08356713197659696
2,2,0.3,XGBoost_grid_1_AutoML_6_20260420_202042_model_1,target_lag6,0.21291955426335335
2,2,0.3,XGBoost_grid_1_AutoML_6_20260420_202042_model_1,cov_HULL_lag1,0.056856610160320946
2,2,0.3,XGBoost_grid_1_AutoML_6_20260420_202042_model_1,cov_MUFL_lag1,0.9595580648630857
2,2,0.3,XGBoost_grid_1_AutoML_6_20260420_202042_model_1,cov_MULL_lag1,0.042588738247286484
2,2,0.3,XGBoost_grid_1_AutoML_6_20260420_202042_model_1,cov_LUFL_lag1,0.14147875302005555
2,2,0.3,XGBoost_grid_1_AutoML_6_20260420_202042_model_1,cov_LULL_lag1,0.024883980810409368
2,2,0.3,XGBoost_grid_1_AutoML_6_20260420_202042_model_1,cov_OT_lag1,0.0447838698327541
2,2,0.3,XGBoost_grid_1_AutoML_6_20260420_202042_model_1,hour_lag1,0.5611102547682821
2,2,0.3,XGBoost_grid_1_AutoML_6_20260420_202042_model_1,day_of_week_lag1,0.0005367768718860836
2,2,0.3,XGBoost_grid_1_AutoML_6_20260420_202042_model_1,month_lag1,0.02286657543038014
2,2,0.3,XGBoost_grid_1_AutoML_6_20260420_202042_model_1,month_sin,0.000841093657654706
2,2,0.3,XGBoost_grid_1_AutoML_6_20260420_202042_model_1,month_cos,5.4274224166874776e-05
2,2,0.3,XGBoost_grid_1_AutoML_6_20260420_202042_model_1,year,0.1152615834260359
2,2,0.3,XGBoost_grid_1_AutoML_6_20260420_202042_model_5,target_lag1,3.998844475224614
2,2,0.3,XGBoost_grid_1_AutoML_6_20260420_202042_model_5,target_lag2,0.5656613029376604
2,2,0.3,XGBoost_grid_1_AutoML_6_20260420_202042_model_5,target_lag3,0.12297070015221831
2,2,0.3,XGBoost_grid_1_AutoML_6_20260420_202042_model_5,target_lag4,0.03275978504680091
2,2,0.3,XGBoost_grid_1_AutoML_6_20260420_202042_model_5,target_lag5,0.08090334573993456
2,2,0.3,XGBoost_grid_1_AutoML_6_20260420_202042_model_5,target_lag6,0.08010159564204508
2,2,0.3,XGBoost_grid_1_AutoML_6_20260420_202042_model_5,cov_HULL_lag1,0.02454192878678437
2,2,0.3,XGBoost_grid_1_AutoML_6_20260420_202042_model_5,cov_MUFL_lag1,1.367099158614874
2,2,0.3,XGBoost_grid_1_AutoML_6_20260420_202042_model_5,cov_MULL_lag1,0.06642680983059104
2,2,0.3,XGBoost_grid_1_AutoML_6_20260420_202042_model_5,cov_LUFL_lag1,0.06784952434943986
2,2,0.3,XGBoost_grid_1_AutoML_6_20260420_202042_model_5,cov_LULL_lag1,0.018845056337304367
2,2,0.3,XGBoost_grid_1_AutoML_6_20260420_202042_model_5,cov_OT_lag1,0.05942619621753687
2,2,0.3,XGBoost_grid_1_AutoML_6_20260420_202042_model_5,hour_lag1,0.5276427454152145
2,2,0.3,XGBoost_grid_1_AutoML_6_20260420_202042_model_5,day_of_week_lag1,0.0
2,2,0.3,XGBoost_grid_1_AutoML_6_20260420_202042_model_5,month_lag1,0.05003511186689135
2,2,0.3,XGBoost_grid_1_AutoML_6_20260420_202042_model_5,month_sin,0.001965595952351576
2,2,0.3,XGBoost_grid_1_AutoML_6_20260420_202042_model_5,month_cos,0.0
2,2,0.3,XGBoost_grid_1_AutoML_6_20260420_202042_model_5,year,0.08060050773899997
2,2,0.3,XGBoost_grid_1_AutoML_6_20260420_202042_model_3,target_lag1,2.114839693307877
2,2,0.3,XGBoost_grid_1_AutoML_6_20260420_202042_model_3,target_lag2,0.6341404896974564
2,2,0.3,XGBoost_grid_1_AutoML_6_20260420_202042_model_3,target_lag3,0.5457241208851338
2,2,0.3,XGBoost_grid_1_AutoML_6_20260420_202042_model_3,target_lag4,0.3491148267686367
2,2,0.3,XGBoost_grid_1_AutoML_6_20260420_202042_model_3,target_lag5,0.13556405942887065
2,2,0.3,XGBoost_grid_1_AutoML_6_20260420_202042_model_3,target_lag6,0.027053790142526804
2,2,0.3,XGBoost_grid_1_AutoML_6_20260420_202042_model_3,cov_HULL_lag1,0.05444034235551948
2,2,0.3,XGBoost_grid_1_AutoML_6_20260420_202042_model_3,cov_MUFL_lag1,2.586633450090885
2,2,0.3,XGBoost_grid_1_AutoML_6_20260420_202042_model_3,cov_MULL_lag1,0.07589267046656455
2,2,0.3,XGBoost_grid_1_AutoML_6_20260420_202042_model_3,cov_LUFL_lag1,0.19562540162354708
2,2,0.3,XGBoost_grid_1_AutoML_6_20260420_202042_model_3,cov_LULL_lag1,0.028536807424388782
2,2,0.3,XGBoost_grid_1_AutoML_6_20260420_202042_model_3,cov_OT_lag1,0.06599578148685391
2,2,0.3,XGBoost_grid_1_AutoML_6_20260420_202042_model_3,hour_lag1,0.5476584282144904
2,2,0.3,XGBoost_grid_1_AutoML_6_20260420_202042_model_3,day_of_week_lag1,0.0
2,2,0.3,XGBoost_grid_1_AutoML_6_20260420_202042_model_3,month_lag1,0.06910409681499
2,2,0.3,XGBoost_grid_1_AutoML_6_20260420_202042_model_3,month_sin,0.0
2,2,0.3,XGBoost_grid_1_AutoML_6_20260420_202042_model_3,month_cos,0.0
2,2,0.3,XGBoost_grid_1_AutoML_6_20260420_202042_model_3,year,0.11204998799599704
2,2,0.3,GBM_3_AutoML_6_20260420_202042,target_lag1,2.502875650674105
2,2,0.3,GBM_3_AutoML_6_20260420_202042,target_lag2,0.8499855331331492
2,2,0.3,GBM_3_AutoML_6_20260420_202042,target_lag3,0.13212878886843096
2,2,0.3,GBM_3_AutoML_6_20260420_202042,target_lag4,0.07359270751709115
2,2,0.3,GBM_3_AutoML_6_20260420_202042,target_lag5,0.05600229960400607
2,2,0.3,GBM_3_AutoML_6_20260420_202042,target_lag6,0.09489689446054396
2,2,0.3,GBM_3_AutoML_6_20260420_202042,cov_HULL_lag1,0.051960694679291874
2,2,0.3,GBM_3_AutoML_6_20260420_202042,cov_MUFL_lag1,2.4823165976256134
2,2,0.3,GBM_3_AutoML_6_20260420_202042,cov_MULL_lag1,0.04948874828871335
2,2,0.3,GBM_3_AutoML_6_20260420_202042,cov_LUFL_lag1,0.12897526057844513
2,2,0.3,GBM_3_AutoML_6_20260420_202042,cov_LULL_lag1,0.024932980935845946
2,2,0.3,GBM_3_AutoML_6_20260420_202042,cov_OT_lag1,0.04736669348669234
2,2,0.3,GBM_3_AutoML_6_20260420_202042,hour_lag1,0.5378409112989903
2,2,0.3,GBM_3_AutoML_6_20260420_202042,day_of_week_lag1,0.017088670803350352
2,2,0.3,GBM_3_AutoML_6_20260420_202042,month_lag1,0.07360107360407707
2,2,0.3,GBM_3_AutoML_6_20260420_202042,month_sin,0.01278371280204733
2,2,0.3,GBM_3_AutoML_6_20260420_202042,month_cos,0.019003147417097313
2,2,0.3,GBM_3_AutoML_6_20260420_202042,year,0.1303119299607351
2,2,0.3,XRT_1_AutoML_6_20260420_202042,target_lag1,1615.0413015779852
2,2,0.3,XRT_1_AutoML_6_20260420_202042,target_lag2,1.2136513817310333
2,2,0.3,XRT_1_AutoML_6_20260420_202042,target_lag3,1.2250790631771087
2,2,0.3,XRT_1_AutoML_6_20260420_202042,target_lag4,0.3741473906766623
2,2,0.3,XRT_1_AutoML_6_20260420_202042,target_lag5,0.49553759351372717
2,2,0.3,XRT_1_AutoML_6_20260420_202042,target_lag6,2.660036875087535
2,2,0.3,XRT_1_AutoML_6_20260420_202042,cov_HULL_lag1,0.060225766411749614
2,2,0.3,XRT_1_AutoML_6_20260420_202042,cov_MUFL_lag1,2.855943167358637
2,2,0.3,XRT_1_AutoML_6_20260420_202042,cov_MULL_lag1,0.2049853788306791
2,2,0.3,XRT_1_AutoML_6_20260420_202042,cov_LUFL_lag1,0.8446706317365169
2,2,0.3,XRT_1_AutoML_6_20260420_202042,cov_LULL_lag1,2.8417492126463912
2,2,0.3,XRT_1_AutoML_6_20260420_202042,cov_OT_lag1,0.09627512103645128
2,2,0.3,XRT_1_AutoML_6_20260420_202042,hour_lag1,1616.7613614753122
2,2,0.3,XRT_1_AutoML_6_20260420_202042,day_of_week_lag1,0.07427578920498486
2,2,0.3,XRT_1_AutoML_6_20260420_202042,month_lag1,1618.9293770619668
2,2,0.3,XRT_1_AutoML_6_20260420_202042,month_sin,0.04182709614164192
2,2,0.3,XRT_1_AutoML_6_20260420_202042,month_cos,0.23633184266800522
2,2,0.3,XRT_1_AutoML_6_20260420_202042,year,0.13491103751119224
2,2,0.3,GBM_4_AutoML_6_20260420_202042,target_lag1,3.261041556149721
2,2,0.3,GBM_4_AutoML_6_20260420_202042,target_lag2,0.3621104121673852
2,2,0.3,GBM_4_AutoML_6_20260420_202042,target_lag3,0.2271501520136371
2,2,0.3,GBM_4_AutoML_6_20260420_202042,target_lag4,0.09440670383046378
2,2,0.3,GBM_4_AutoML_6_20260420_202042,target_lag5,0.09608071614056822
2,2,0.3,GBM_4_AutoML_6_20260420_202042,target_lag6,0.0808024110156111
2,2,0.3,GBM_4_AutoML_6_20260420_202042,cov_HULL_lag1,0.0684821695956634
2,2,0.3,GBM_4_AutoML_6_20260420_202042,cov_MUFL_lag1,2.0574591970443725
2,2,0.3,GBM_4_AutoML_6_20260420_202042,cov_MULL_lag1,0.04398771746666167
2,2,0.3,GBM_4_AutoML_6_20260420_202042,cov_LUFL_lag1,0.0830046581290662
2,2,0.3,GBM_4_AutoML_6_20260420_202042,cov_LULL_lag1,0.03347379994578655
2,2,0.3,GBM_4_AutoML_6_20260420_202042,cov_OT_lag1,0.059102614694274906
2,2,0.3,GBM_4_AutoML_6_20260420_202042,hour_lag1,0.5919989538472146
2,2,0.3,GBM_4_AutoML_6_20260420_202042,day_of_week_lag1,0.024745658833126027
2,2,0.3,GBM_4_AutoML_6_20260420_202042,month_lag1,0.06998871955089267
2,2,0.3,GBM_4_AutoML_6_20260420_202042,month_sin,0.013504644827917179
2,2,0.3,GBM_4_AutoML_6_20260420_202042,month_cos,0.01450893178203837
2,2,0.3,GBM_4_AutoML_6_20260420_202042,year,0.1096685362231801
2,2,0.3,DRF_1_AutoML_6_20260420_202042,target_lag1,2.115041271597147
2,2,0.3,DRF_1_AutoML_6_20260420_202042,target_lag2,1.2268566885357723
2,2,0.3,DRF_1_AutoML_6_20260420_202042,target_lag3,0.657899330034852
2,2,0.3,DRF_1_AutoML_6_20260420_202042,target_lag4,0.4259983700187877
2,2,0.3,DRF_1_AutoML_6_20260420_202042,target_lag5,0.19039321303367612
2,2,0.3,DRF_1_AutoML_6_20260420_202042,target_lag6,0.22174035836244002
2,2,0.3,DRF_1_AutoML_6_20260420_202042,cov_HULL_lag1,0.0366733130376087
2,2,0.3,DRF_1_AutoML_6_20260420_202042,cov_MUFL_lag1,2.1440708062052725
2,2,0.3,DRF_1_AutoML_6_20260420_202042,cov_MULL_lag1,0.030887186769396023
2,2,0.3,DRF_1_AutoML_6_20260420_202042,cov_LUFL_lag1,0.13813193083857184
2,2,0.3,DRF_1_AutoML_6_20260420_202042,cov_LULL_lag1,0.019003204055043126
2,2,0.3,DRF_1_AutoML_6_20260420_202042,cov_OT_lag1,0.03753451570868487
2,2,0.3,DRF_1_AutoML_6_20260420_202042,hour_lag1,0.4655827462673187
2,2,0.3,DRF_1_AutoML_6_20260420_202042,day_of_week_lag1,0.013284938342403574
2,2,0.3,DRF_1_AutoML_6_20260420_202042,month_lag1,0.027653165172086984
2,2,0.3,DRF_1_AutoML_6_20260420_202042,month_sin,0.011770295711466996
2,2,0.3,DRF_1_AutoML_6_20260420_202042,month_cos,0.014054202754050442
2,2,0.3,DRF_1_AutoML_6_20260420_202042,year,0.09150865016505119
2,2,0.3,GBM_5_AutoML_6_20260420_202042,target_lag1,3.0175001026317476
2,2,0.3,GBM_5_AutoML_6_20260420_202042,target_lag2,1.1666432824730872
2,2,0.3,GBM_5_AutoML_6_20260420_202042,target_lag3,0.13654947620118033
2,2,0.3,GBM_5_AutoML_6_20260420_202042,target_lag4,0.06541601048549632
2,2,0.3,GBM_5_AutoML_6_20260420_202042,target_lag5,0.09509088688995686
2,2,0.3,GBM_5_AutoML_6_20260420_202042,target_lag6,0.11720587366260585
2,2,0.3,GBM_5_AutoML_6_20260420_202042,cov_HULL_lag1,0.03684809518977996
2,2,0.3,GBM_5_AutoML_6_20260420_202042,cov_MUFL_lag1,1.6905646012723445
2,2,0.3,GBM_5_AutoML_6_20260420_202042,cov_MULL_lag1,0.04974894987884904
2,2,0.3,GBM_5_AutoML_6_20260420_202042,cov_LUFL_lag1,0.11365136977750805
2,2,0.3,GBM_5_AutoML_6_20260420_202042,cov_LULL_lag1,0.018129060707578862
2,2,0.3,GBM_5_AutoML_6_20260420_202042,cov_OT_lag1,0.029425788257503842
2,2,0.3,GBM_5_AutoML_6_20260420_202042,hour_lag1,0.4973076375760138
2,2,0.3,GBM_5_AutoML_6_20260420_202042,day_of_week_lag1,0.006289559075958062
2,2,0.3,GBM_5_AutoML_6_20260420_202042,month_lag1,0.04812597396899942
2,2,0.3,GBM_5_AutoML_6_20260420_202042,month_sin,0.0047023678570257835
2,2,0.3,GBM_5_AutoML_6_20260420_202042,month_cos,0.005031116192658336
2,2,0.3,GBM_5_AutoML_6_20260420_202042,year,0.15671808518469332
2,2,0.3,GBM_grid_1_AutoML_6_20260420_202042_model_1,target_lag1,2.458653468564153
2,2,0.3,GBM_grid_1_AutoML_6_20260420_202042_model_1,target_lag2,0.7084535816381685
2,2,0.3,GBM_grid_1_AutoML_6_20260420_202042_model_1,target_lag3,0.5284766916465015
2,2,0.3,GBM_grid_1_AutoML_6_20260420_202042_model_1,target_lag4,0.3399159971624613
2,2,0.3,GBM_grid_1_AutoML_6_20260420_202042_model_1,target_lag5,0.33838576532900333
2,2,0.3,GBM_grid_1_AutoML_6_20260420_202042_model_1,target_lag6,0.06285614970372985
2,2,0.3,GBM_grid_1_AutoML_6_20260420_202042_model_1,cov_HULL_lag1,0.05117287551256591
2,2,0.3,GBM_grid_1_AutoML_6_20260420_202042_model_1,cov_MUFL_lag1,1.462060996517539
2,2,0.3,GBM_grid_1_AutoML_6_20260420_202042_model_1,cov_MULL_lag1,0.04516378516796972
2,2,0.3,GBM_grid_1_AutoML_6_20260420_202042_model_1,cov_LUFL_lag1,0.11717343460768458
2,2,0.3,GBM_grid_1_AutoML_6_20260420_202042_model_1,cov_LULL_lag1,0.03641667699208478
2,2,0.3,GBM_grid_1_AutoML_6_20260420_202042_model_1,cov_OT_lag1,0.06101059492677446
2,2,0.3,GBM_grid_1_AutoML_6_20260420_202042_model_1,hour_lag1,0.5234159944206476
2,2,0.3,GBM_grid_1_AutoML_6_20260420_202042_model_1,day_of_week_lag1,0.02516526104882355
2,2,0.3,GBM_grid_1_AutoML_6_20260420_202042_model_1,month_lag1,0.0463729628230794
2,2,0.3,GBM_grid_1_AutoML_6_20260420_202042_model_1,month_sin,0.024474831384140958
2,2,0.3,GBM_grid_1_AutoML_6_20260420_202042_model_1,month_cos,0.025008085902081763
2,2,0.3,GBM_grid_1_AutoML_6_20260420_202042_model_1,year,0.11525458408519622
2,2,0.3,GBM_grid_1_AutoML_6_20260420_202042_model_3,target_lag1,1.503236876130104
2,2,0.3,GBM_grid_1_AutoML_6_20260420_202042_model_3,target_lag2,1.3065038488060237
2,2,0.3,GBM_grid_1_AutoML_6_20260420_202042_model_3,target_lag3,0.25962424446363
2,2,0.3,GBM_grid_1_AutoML_6_20260420_202042_model_3,target_lag4,0.2689647644851357
2,2,0.3,GBM_grid_1_AutoML_6_20260420_202042_model_3,target_lag5,0.22059718476142734
2,2,0.3,GBM_grid_1_AutoML_6_20260420_202042_model_3,target_lag6,0.20217367937788366
2,2,0.3,GBM_grid_1_AutoML_6_20260420_202042_model_3,cov_HULL_lag1,0.0559454800933599
2,2,0.3,GBM_grid_1_AutoML_6_20260420_202042_model_3,cov_MUFL_lag1,2.096019272506237
2,2,0.3,GBM_grid_1_AutoML_6_20260420_202042_model_3,cov_MULL_lag1,0.04620908575132485
2,2,0.3,GBM_grid_1_AutoML_6_20260420_202042_model_3,cov_LUFL_lag1,0.19833484022179618
2,2,0.3,GBM_grid_1_AutoML_6_20260420_202042_model_3,cov_LULL_lag1,0.04582557826070111
2,2,0.3,GBM_grid_1_AutoML_6_20260420_202042_model_3,cov_OT_lag1,0.08547232186421747
2,2,0.3,GBM_grid_1_AutoML_6_20260420_202042_model_3,hour_lag1,0.5046745451912283
2,2,0.3,GBM_grid_1_AutoML_6_20260420_202042_model_3,day_of_week_lag1,0.024998996679205413
2,2,0.3,GBM_grid_1_AutoML_6_20260420_202042_model_3,month_lag1,0.0500220844475552
2,2,0.3,GBM_grid_1_AutoML_6_20260420_202042_model_3,month_sin,0.02481629911402702
2,2,0.3,GBM_grid_1_AutoML_6_20260420_202042_model_3,month_cos,0.025133884244132744
2,2,0.3,GBM_grid_1_AutoML_6_20260420_202042_model_3,year,0.16979173821164295
2,2,0.3,GBM_grid_1_AutoML_6_20260420_202042_model_2,target_lag1,2.101659462377429
2,2,0.3,GBM_grid_1_AutoML_6_20260420_202042_model_2,target_lag2,0.8319385059922934
2,2,0.3,GBM_grid_1_AutoML_6_20260420_202042_model_2,target_lag3,0.33421387427952143
2,2,0.3,GBM_grid_1_AutoML_6_20260420_202042_model_2,target_lag4,0.515266313701868
2,2,0.3,GBM_grid_1_AutoML_6_20260420_202042_model_2,target_lag5,0.06158471512608225
2,2,0.3,GBM_grid_1_AutoML_6_20260420_202042_model_2,target_lag6,0.17163432762492448
2,2,0.3,GBM_grid_1_AutoML_6_20260420_202042_model_2,cov_HULL_lag1,0.05587840092368421
2,2,0.3,GBM_grid_1_AutoML_6_20260420_202042_model_2,cov_MUFL_lag1,2.1149069159664213
2,2,0.3,GBM_grid_1_AutoML_6_20260420_202042_model_2,cov_MULL_lag1,0.041168094933964276
2,2,0.3,GBM_grid_1_AutoML_6_20260420_202042_model_2,cov_LUFL_lag1,0.08897352048952595
2,2,0.3,GBM_grid_1_AutoML_6_20260420_202042_model_2,cov_LULL_lag1,0.054090592841966954
2,2,0.3,GBM_grid_1_AutoML_6_20260420_202042_model_2,cov_OT_lag1,0.05433721587440228
2,2,0.3,GBM_grid_1_AutoML_6_20260420_202042_model_2,hour_lag1,0.39139695128425955
2,2,0.3,GBM_grid_1_AutoML_6_20260420_202042_model_2,day_of_week_lag1,0.022219442694622515
2,2,0.3,GBM_grid_1_AutoML_6_20260420_202042_model_2,month_lag1,0.06811572629027066
2,2,0.3,GBM_grid_1_AutoML_6_20260420_202042_model_2,month_sin,0.022887922794907305
2,2,0.3,GBM_grid_1_AutoML_6_20260420_202042_model_2,month_cos,0.027766613322310108
2,2,0.3,GBM_grid_1_AutoML_6_20260420_202042_model_2,year,0.14480667138705028
2,2,0.3,GLM_1_AutoML_6_20260420_202042,target_lag1,4.0502327055063185
2,2,0.3,GLM_1_AutoML_6_20260420_202042,target_lag2,1.6091218908875853
2,2,0.3,GLM_1_AutoML_6_20260420_202042,target_lag3,0.6003533271325489
2,2,0.3,GLM_1_AutoML_6_20260420_202042,target_lag4,0.16668102134525337
2,2,0.3,GLM_1_AutoML_6_20260420_202042,target_lag5,0.3310433575443079
2,2,0.3,GLM_1_AutoML_6_20260420_202042,target_lag6,0.7500033386904259
2,2,0.3,GLM_1_AutoML_6_20260420_202042,cov_HULL_lag1,0.1445785725628982
2,2,0.3,GLM_1_AutoML_6_20260420_202042,cov_MUFL_lag1,1.0472853955361023
2,2,0.3,GLM_1_AutoML_6_20260420_202042,cov_MULL_lag1,0.15978604244244343
2,2,0.3,GLM_1_AutoML_6_20260420_202042,cov_LUFL_lag1,0.005947261907037107
2,2,0.3,GLM_1_AutoML_6_20260420_202042,cov_LULL_lag1,0.026276360797248224
2,2,0.3,GLM_1_AutoML_6_20260420_202042,cov_OT_lag1,0.1232144805781128
2,2,0.3,GLM_1_AutoML_6_20260420_202042,hour_lag1,0.18166715670270167
2,2,0.3,GLM_1_AutoML_6_20260420_202042,day_of_week_lag1,0.00194059807204251
2,2,0.3,GLM_1_AutoML_6_20260420_202042,month_lag1,0.030857925885660383
2,2,0.3,GLM_1_AutoML_6_20260420_202042,month_sin,0.0042287097677855875
2,2,0.3,GLM_1_AutoML_6_20260420_202042,month_cos,0.0038110784331485286
2,2,0.3,GLM_1_AutoML_6_20260420_202042,year,0.18756687910528144
2,2,0.3,XGBoost_3_AutoML_6_20260420_202042,target_lag1,2.874363178014755
2,2,0.3,XGBoost_3_AutoML_6_20260420_202042,target_lag2,1.0336544688418507
2,2,0.3,XGBoost_3_AutoML_6_20260420_202042,target_lag3,0.20206687912344934
2,2,0.3,XGBoost_3_AutoML_6_20260420_202042,target_lag4,0.12365086866542693
2,2,0.3,XGBoost_3_AutoML_6_20260420_202042,target_lag5,0.13104690589476373
2,2,0.3,XGBoost_3_AutoML_6_20260420_202042,target_lag6,0.10904289132449772
2,2,0.3,XGBoost_3_AutoML_6_20260420_202042,cov_HULL_lag1,0.02161990636377591
2,2,0.3,XGBoost_3_AutoML_6_20260420_202042,cov_MUFL_lag1,1.8088857756555081
2,2,0.3,XGBoost_3_AutoML_6_20260420_202042,cov_MULL_lag1,0.08121755243279036
2,2,0.3,XGBoost_3_AutoML_6_20260420_202042,cov_LUFL_lag1,0.1239220753984409
2,2,0.3,XGBoost_3_AutoML_6_20260420_202042,cov_LULL_lag1,0.04741692089475687
2,2,0.3,XGBoost_3_AutoML_6_20260420_202042,cov_OT_lag1,0.07116392530268052
2,2,0.3,XGBoost_3_AutoML_6_20260420_202042,hour_lag1,0.5561917337775231
2,2,0.3,XGBoost_3_AutoML_6_20260420_202042,day_of_week_lag1,0.008492204046342478
2,2,0.3,XGBoost_3_AutoML_6_20260420_202042,month_lag1,0.05525198410323351
2,2,0.3,XGBoost_3_AutoML_6_20260420_202042,month_sin,0.007672601658850865
2,2,0.3,XGBoost_3_AutoML_6_20260420_202042,month_cos,0.009203372148331205
2,2,0.3,XGBoost_3_AutoML_6_20260420_202042,year,0.15573740157997232
2,2,0.3,XGBoost_grid_1_AutoML_6_20260420_202042_model_2,target_lag1,2.478800543770194
2,2,0.3,XGBoost_grid_1_AutoML_6_20260420_202042_model_2,target_lag2,1.2256754671875387
2,2,0.3,XGBoost_grid_1_AutoML_6_20260420_202042_model_2,target_lag3,0.14938815191737376
2,2,0.3,XGBoost_grid_1_AutoML_6_20260420_202042_model_2,target_lag4,0.0905878568027401
2,2,0.3,XGBoost_grid_1_AutoML_6_20260420_202042_model_2,target_lag5,0.08290476884751112
2,2,0.3,XGBoost_grid_1_AutoML_6_20260420_202042_model_2,target_lag6,0.09250702240737152
2,2,0.3,XGBoost_grid_1_AutoML_6_20260420_202042_model_2,cov_HULL_lag1,0.07752236946951593
2,2,0.3,XGBoost_grid_1_AutoML_6_20260420_202042_model_2,cov_MUFL_lag1,2.1770266193151473
2,2,0.3,XGBoost_grid_1_AutoML_6_20260420_202042_model_2,cov_MULL_lag1,0.05496796975843605
2,2,0.3,XGBoost_grid_1_AutoML_6_20260420_202042_model_2,cov_LUFL_lag1,0.1043616842664778
2,2,0.3,XGBoost_grid_1_AutoML_6_20260420_202042_model_2,cov_LULL_lag1,0.0593382222705986
2,2,0.3,XGBoost_grid_1_AutoML_6_20260420_202042_model_2,cov_OT_lag1,0.09106166007055431
2,2,0.3,XGBoost_grid_1_AutoML_6_20260420_202042_model_2,hour_lag1,0.6315976138040423
2,2,0.3,XGBoost_grid_1_AutoML_6_20260420_202042_model_2,day_of_week_lag1,0.027147124414914243
2,2,0.3,XGBoost_grid_1_AutoML_6_20260420_202042_model_2,month_lag1,0.055127264059847185
2,2,0.3,XGBoost_grid_1_AutoML_6_20260420_202042_model_2,month_sin,0.028456135126762053
2,2,0.3,XGBoost_grid_1_AutoML_6_20260420_202042_model_2,month_cos,0.020823796176700805
2,2,0.3,XGBoost_grid_1_AutoML_6_20260420_202042_model_2,year,0.2153297831118107
2,2,0.3,XGBoost_grid_1_AutoML_6_20260420_202042_model_4,target_lag1,2.31624977722764
2,2,0.3,XGBoost_grid_1_AutoML_6_20260420_202042_model_4,target_lag2,1.688155723293312
2,2,0.3,XGBoost_grid_1_AutoML_6_20260420_202042_model_4,target_lag3,0.19412506968248636
2,2,0.3,XGBoost_grid_1_AutoML_6_20260420_202042_model_4,target_lag4,0.08274466830422167
2,2,0.3,XGBoost_grid_1_AutoML_6_20260420_202042_model_4,target_lag5,0.10118187204468992
2,2,0.3,XGBoost_grid_1_AutoML_6_20260420_202042_model_4,target_lag6,0.09681856901384886
2,2,0.3,XGBoost_grid_1_AutoML_6_20260420_202042_model_4,cov_HULL_lag1,0.06877193346619602
2,2,0.3,XGBoost_grid_1_AutoML_6_20260420_202042_model_4,cov_MUFL_lag1,1.606618026867509
2,2,0.3,XGBoost_grid_1_AutoML_6_20260420_202042_model_4,cov_MULL_lag1,0.04828722547506909
2,2,0.3,XGBoost_grid_1_AutoML_6_20260420_202042_model_4,cov_LUFL_lag1,0.12274187050759788
2,2,0.3,XGBoost_grid_1_AutoML_6_20260420_202042_model_4,cov_LULL_lag1,0.05029146111060978
2,2,0.3,XGBoost_grid_1_AutoML_6_20260420_202042_model_4,cov_OT_lag1,0.08350873938063157
2,2,0.3,XGBoost_grid_1_AutoML_6_20260420_202042_model_4,hour_lag1,0.6704532882943749
2,2,0.3,XGBoost_grid_1_AutoML_6_20260420_202042_model_4,day_of_week_lag1,0.024388642424601086
2,2,0.3,XGBoost_grid_1_AutoML_6_20260420_202042_model_4,month_lag1,0.09258732684887942
2,2,0.3,XGBoost_grid_1_AutoML_6_20260420_202042_model_4,month_sin,0.03037229715562713
2,2,0.3,XGBoost_grid_1_AutoML_6_20260420_202042_model_4,month_cos,0.025276465226197576
2,2,0.3,XGBoost_grid_1_AutoML_6_20260420_202042_model_4,year,0.21255193818360563
2,2,0.3,XGBoost_2_AutoML_6_20260420_202042,target_lag1,2.8405656522512435
2,2,0.3,XGBoost_2_AutoML_6_20260420_202042,target_lag2,1.0625688825547694
2,2,0.3,XGBoost_2_AutoML_6_20260420_202042,target_lag3,0.17209337215404955
2,2,0.3,XGBoost_2_AutoML_6_20260420_202042,target_lag4,0.233512735334225
2,2,0.3,XGBoost_2_AutoML_6_20260420_202042,target_lag5,0.15671415568416702
2,2,0.3,XGBoost_2_AutoML_6_20260420_202042,target_lag6,0.15076254015089943
2,2,0.3,XGBoost_2_AutoML_6_20260420_202042,cov_HULL_lag1,0.10914726042712569
2,2,0.3,XGBoost_2_AutoML_6_20260420_202042,cov_MUFL_lag1,1.9183693209290504
2,2,0.3,XGBoost_2_AutoML_6_20260420_202042,cov_MULL_lag1,0.07557835021987552
2,2,0.3,XGBoost_2_AutoML_6_20260420_202042,cov_LUFL_lag1,0.08589947388158176
2,2,0.3,XGBoost_2_AutoML_6_20260420_202042,cov_LULL_lag1,0.08385042303241785
2,2,0.3,XGBoost_2_AutoML_6_20260420_202042,cov_OT_lag1,0.11215528826462101
2,2,0.3,XGBoost_2_AutoML_6_20260420_202042,hour_lag1,0.6810024856775999
2,2,0.3,XGBoost_2_AutoML_6_20260420_202042,day_of_week_lag1,0.042419399772770656
2,2,0.3,XGBoost_2_AutoML_6_20260420_202042,month_lag1,0.08401341417338695
2,2,0.3,XGBoost_2_AutoML_6_20260420_202042,month_sin,0.03902802516313382
2,2,0.3,XGBoost_2_AutoML_6_20260420_202042,month_cos,0.03661350409965958
2,2,0.3,XGBoost_2_AutoML_6_20260420_202042,year,0.26317997120320796
2,2,0.3,XGBoost_1_AutoML_6_20260420_202042,target_lag1,3.9910430657863616
2,2,0.3,XGBoost_1_AutoML_6_20260420_202042,target_lag2,0.4075964496284723
2,2,0.3,XGBoost_1_AutoML_6_20260420_202042,target_lag3,0.1516229232959449
2,2,0.3,XGBoost_1_AutoML_6_20260420_202042,target_lag4,0.15231273104436693
2,2,0.3,XGBoost_1_AutoML_6_20260420_202042,target_lag5,0.12444137446116653
2,2,0.3,XGBoost_1_AutoML_6_20260420_202042,target_lag6,0.14214058523532
2,2,0.3,XGBoost_1_AutoML_6_20260420_202042,cov_HULL_lag1,0.10824972173199054
2,2,0.3,XGBoost_1_AutoML_6_20260420_202042,cov_MUFL_lag1,1.495027267341502
2,2,0.3,XGBoost_1_AutoML_6_20260420_202042,cov_MULL_lag1,0.07026252498384561
2,2,0.3,XGBoost_1_AutoML_6_20260420_202042,cov_LUFL_lag1,0.10786335553275418
2,2,0.3,XGBoost_1_AutoML_6_20260420_202042,cov_LULL_lag1,0.06806670860853042
2,2,0.3,XGBoost_1_AutoML_6_20260420_202042,cov_OT_lag1,0.1269470890128286
2,2,0.3,XGBoost_1_AutoML_6_20260420_202042,hour_lag1,0.5680546659324318
2,2,0.3,XGBoost_1_AutoML_6_20260420_202042,day_of_week_lag1,0.04370342335925666
2,2,0.3,XGBoost_1_AutoML_6_20260420_202042,month_lag1,0.07028585638050568
2,2,0.3,XGBoost_1_AutoML_6_20260420_202042,month_sin,0.03599973072414282
2,2,0.3,XGBoost_1_AutoML_6_20260420_202042,month_cos,0.0381564693897962
2,2,0.3,XGBoost_1_AutoML_6_20260420_202042,year,0.25694740840233865
2,2,0.3,XGBoost_grid_1_AutoML_6_20260420_202042_model_6,target_lag1,2.270585535094142
2,2,0.3,XGBoost_grid_1_AutoML_6_20260420_202042_model_6,target_lag2,1.1044864237308503
2,2,0.3,XGBoost_grid_1_AutoML_6_20260420_202042_model_6,target_lag3,0.4231728869304061
2,2,0.3,XGBoost_grid_1_AutoML_6_20260420_202042_model_6,target_lag4,0.15241103743552228
2,2,0.3,XGBoost_grid_1_AutoML_6_20260420_202042_model_6,target_lag5,0.13720671521557956
2,2,0.3,XGBoost_grid_1_AutoML_6_20260420_202042_model_6,target_lag6,0.1640056588780135
2,2,0.3,XGBoost_grid_1_AutoML_6_20260420_202042_model_6,cov_HULL_lag1,0.0907949341984931
2,2,0.3,XGBoost_grid_1_AutoML_6_20260420_202042_model_6,cov_MUFL_lag1,2.268951639160514
2,2,0.3,XGBoost_grid_1_AutoML_6_20260420_202042_model_6,cov_MULL_lag1,0.09698515496565957
2,2,0.3,XGBoost_grid_1_AutoML_6_20260420_202042_model_6,cov_LUFL_lag1,0.13753170208423396
2,2,0.3,XGBoost_grid_1_AutoML_6_20260420_202042_model_6,cov_LULL_lag1,0.09415283879730847
2,2,0.3,XGBoost_grid_1_AutoML_6_20260420_202042_model_6,cov_OT_lag1,0.10682949767448005
2,2,0.3,XGBoost_grid_1_AutoML_6_20260420_202042_model_6,hour_lag1,0.5268763820268214
2,2,0.3,XGBoost_grid_1_AutoML_6_20260420_202042_model_6,day_of_week_lag1,0.043871500855311704
2,2,0.3,XGBoost_grid_1_AutoML_6_20260420_202042_model_6,month_lag1,0.06274816488847132
2,2,0.3,XGBoost_grid_1_AutoML_6_20260420_202042_model_6,month_sin,0.02997402132139537
2,2,0.3,XGBoost_grid_1_AutoML_6_20260420_202042_model_6,month_cos,0.03992031111381945
2,2,0.3,XGBoost_grid_1_AutoML_6_20260420_202042_model_6,year,0.17247156508266925
