split_id,seed,eps,model,feature,global_importance
0,0,0.02,GLM_1_AutoML_1_20260420_22714,target_lag1,2.8394551778244814
0,0,0.02,GLM_1_AutoML_1_20260420_22714,target_lag2,0.07769431299046586
0,0,0.02,GLM_1_AutoML_1_20260420_22714,target_lag3,0.9871029989366933
0,0,0.02,GLM_1_AutoML_1_20260420_22714,target_lag4,0.47965837826056584
0,0,0.02,GLM_1_AutoML_1_20260420_22714,target_lag5,0.09005457847184824
0,0,0.02,GLM_1_AutoML_1_20260420_22714,target_lag6,0.4412019869280428
0,0,0.02,GLM_1_AutoML_1_20260420_22714,cov_HULL_lag1,0.06725570185369004
0,0,0.02,GLM_1_AutoML_1_20260420_22714,cov_MUFL_lag1,3.8003781184790966
0,0,0.02,GLM_1_AutoML_1_20260420_22714,cov_MULL_lag1,0.005692888244502484
0,0,0.02,GLM_1_AutoML_1_20260420_22714,cov_LUFL_lag1,0.08235469040337745
0,0,0.02,GLM_1_AutoML_1_20260420_22714,cov_LULL_lag1,0.017670576624297274
0,0,0.02,GLM_1_AutoML_1_20260420_22714,cov_OT_lag1,0.08524435646592039
0,0,0.02,GLM_1_AutoML_1_20260420_22714,hour_lag1,0.5160490942659315
0,0,0.02,GLM_1_AutoML_1_20260420_22714,day_of_week_lag1,0.012751038564931696
0,0,0.02,GLM_1_AutoML_1_20260420_22714,month_lag1,0.0422668728537466
0,0,0.02,GLM_1_AutoML_1_20260420_22714,month_sin,0.16395319779782913
0,0,0.02,GLM_1_AutoML_1_20260420_22714,month_cos,0.12280091806007823
0,0,0.02,GLM_1_AutoML_1_20260420_22714,year,0.0
0,0,0.02,XGBoost_grid_1_AutoML_1_20260420_22714_model_2,target_lag1,2.1313548707962036
0,0,0.02,XGBoost_grid_1_AutoML_1_20260420_22714_model_2,target_lag2,0.35188789157255085
0,0,0.02,XGBoost_grid_1_AutoML_1_20260420_22714_model_2,target_lag3,0.1614563617110252
0,0,0.02,XGBoost_grid_1_AutoML_1_20260420_22714_model_2,target_lag4,0.06374829531530846
0,0,0.02,XGBoost_grid_1_AutoML_1_20260420_22714_model_2,target_lag5,0.09306661267764862
0,0,0.02,XGBoost_grid_1_AutoML_1_20260420_22714_model_2,target_lag6,0.11906372872326752
0,0,0.02,XGBoost_grid_1_AutoML_1_20260420_22714_model_2,cov_HULL_lag1,0.07813126344699409
0,0,0.02,XGBoost_grid_1_AutoML_1_20260420_22714_model_2,cov_MUFL_lag1,2.089622610062361
0,0,0.02,XGBoost_grid_1_AutoML_1_20260420_22714_model_2,cov_MULL_lag1,0.12721032032743093
0,0,0.02,XGBoost_grid_1_AutoML_1_20260420_22714_model_2,cov_LUFL_lag1,0.2413301919546211
0,0,0.02,XGBoost_grid_1_AutoML_1_20260420_22714_model_2,cov_LULL_lag1,0.06528460600646209
0,0,0.02,XGBoost_grid_1_AutoML_1_20260420_22714_model_2,cov_OT_lag1,0.21374895621091128
0,0,0.02,XGBoost_grid_1_AutoML_1_20260420_22714_model_2,hour_lag1,0.4687973500043154
0,0,0.02,XGBoost_grid_1_AutoML_1_20260420_22714_model_2,day_of_week_lag1,0.06938574443105604
0,0,0.02,XGBoost_grid_1_AutoML_1_20260420_22714_model_2,month_lag1,0.11142015737481412
0,0,0.02,XGBoost_grid_1_AutoML_1_20260420_22714_model_2,month_sin,0.048256393964402344
0,0,0.02,XGBoost_grid_1_AutoML_1_20260420_22714_model_2,month_cos,0.022364987008040727
0,0,0.05,GLM_1_AutoML_1_20260420_22714,target_lag1,2.8394551778244814
0,0,0.05,GLM_1_AutoML_1_20260420_22714,target_lag2,0.07769431299046586
0,0,0.05,GLM_1_AutoML_1_20260420_22714,target_lag3,0.9871029989366933
0,0,0.05,GLM_1_AutoML_1_20260420_22714,target_lag4,0.47965837826056584
0,0,0.05,GLM_1_AutoML_1_20260420_22714,target_lag5,0.09005457847184824
0,0,0.05,GLM_1_AutoML_1_20260420_22714,target_lag6,0.4412019869280428
0,0,0.05,GLM_1_AutoML_1_20260420_22714,cov_HULL_lag1,0.06725570185369004
0,0,0.05,GLM_1_AutoML_1_20260420_22714,cov_MUFL_lag1,3.8003781184790966
0,0,0.05,GLM_1_AutoML_1_20260420_22714,cov_MULL_lag1,0.005692888244502484
0,0,0.05,GLM_1_AutoML_1_20260420_22714,cov_LUFL_lag1,0.08235469040337745
0,0,0.05,GLM_1_AutoML_1_20260420_22714,cov_LULL_lag1,0.017670576624297274
0,0,0.05,GLM_1_AutoML_1_20260420_22714,cov_OT_lag1,0.08524435646592039
0,0,0.05,GLM_1_AutoML_1_20260420_22714,hour_lag1,0.5160490942659315
0,0,0.05,GLM_1_AutoML_1_20260420_22714,day_of_week_lag1,0.012751038564931696
0,0,0.05,GLM_1_AutoML_1_20260420_22714,month_lag1,0.0422668728537466
0,0,0.05,GLM_1_AutoML_1_20260420_22714,month_sin,0.16395319779782913
0,0,0.05,GLM_1_AutoML_1_20260420_22714,month_cos,0.12280091806007823
0,0,0.05,GLM_1_AutoML_1_20260420_22714,year,0.0
0,0,0.05,XGBoost_grid_1_AutoML_1_20260420_22714_model_2,target_lag1,2.1313548707962036
0,0,0.05,XGBoost_grid_1_AutoML_1_20260420_22714_model_2,target_lag2,0.35188789157255085
0,0,0.05,XGBoost_grid_1_AutoML_1_20260420_22714_model_2,target_lag3,0.1614563617110252
0,0,0.05,XGBoost_grid_1_AutoML_1_20260420_22714_model_2,target_lag4,0.06374829531530846
0,0,0.05,XGBoost_grid_1_AutoML_1_20260420_22714_model_2,target_lag5,0.09306661267764862
0,0,0.05,XGBoost_grid_1_AutoML_1_20260420_22714_model_2,target_lag6,0.11906372872326752
0,0,0.05,XGBoost_grid_1_AutoML_1_20260420_22714_model_2,cov_HULL_lag1,0.07813126344699409
0,0,0.05,XGBoost_grid_1_AutoML_1_20260420_22714_model_2,cov_MUFL_lag1,2.089622610062361
0,0,0.05,XGBoost_grid_1_AutoML_1_20260420_22714_model_2,cov_MULL_lag1,0.12721032032743093
0,0,0.05,XGBoost_grid_1_AutoML_1_20260420_22714_model_2,cov_LUFL_lag1,0.2413301919546211
0,0,0.05,XGBoost_grid_1_AutoML_1_20260420_22714_model_2,cov_LULL_lag1,0.06528460600646209
0,0,0.05,XGBoost_grid_1_AutoML_1_20260420_22714_model_2,cov_OT_lag1,0.21374895621091128
0,0,0.05,XGBoost_grid_1_AutoML_1_20260420_22714_model_2,hour_lag1,0.4687973500043154
0,0,0.05,XGBoost_grid_1_AutoML_1_20260420_22714_model_2,day_of_week_lag1,0.06938574443105604
0,0,0.05,XGBoost_grid_1_AutoML_1_20260420_22714_model_2,month_lag1,0.11142015737481412
0,0,0.05,XGBoost_grid_1_AutoML_1_20260420_22714_model_2,month_sin,0.048256393964402344
0,0,0.05,XGBoost_grid_1_AutoML_1_20260420_22714_model_2,month_cos,0.022364987008040727
0,0,0.05,XGBoost_grid_1_AutoML_1_20260420_22714_model_5,target_lag1,1.7231944435834885
0,0,0.05,XGBoost_grid_1_AutoML_1_20260420_22714_model_5,target_lag2,0.1464198342710733
0,0,0.05,XGBoost_grid_1_AutoML_1_20260420_22714_model_5,target_lag3,0.07862476316979151
0,0,0.05,XGBoost_grid_1_AutoML_1_20260420_22714_model_5,target_lag4,0.12625010177143847
0,0,0.05,XGBoost_grid_1_AutoML_1_20260420_22714_model_5,target_lag5,0.04040007926989343
0,0,0.05,XGBoost_grid_1_AutoML_1_20260420_22714_model_5,target_lag6,0.131534847645089
0,0,0.05,XGBoost_grid_1_AutoML_1_20260420_22714_model_5,cov_HULL_lag1,0.08028980975504961
0,0,0.05,XGBoost_grid_1_AutoML_1_20260420_22714_model_5,cov_MUFL_lag1,2.2972546297311784
0,0,0.05,XGBoost_grid_1_AutoML_1_20260420_22714_model_5,cov_MULL_lag1,0.047515161420451445
0,0,0.05,XGBoost_grid_1_AutoML_1_20260420_22714_model_5,cov_LUFL_lag1,0.29255422923713925
0,0,0.05,XGBoost_grid_1_AutoML_1_20260420_22714_model_5,cov_LULL_lag1,0.11006487593287599
0,0,0.05,XGBoost_grid_1_AutoML_1_20260420_22714_model_5,cov_OT_lag1,0.4667551189661026
0,0,0.05,XGBoost_grid_1_AutoML_1_20260420_22714_model_5,hour_lag1,0.5245889530703426
0,0,0.05,XGBoost_grid_1_AutoML_1_20260420_22714_model_5,day_of_week_lag1,0.024429113264195577
0,0,0.05,XGBoost_grid_1_AutoML_1_20260420_22714_model_5,month_lag1,0.10189028722699728
0,0,0.05,XGBoost_grid_1_AutoML_1_20260420_22714_model_5,month_sin,0.041224772932473515
0,0,0.05,XGBoost_grid_1_AutoML_1_20260420_22714_model_5,month_cos,0.04674605252221223
0,0,0.05,XGBoost_grid_1_AutoML_1_20260420_22714_model_1,target_lag1,2.303380917906761
0,0,0.05,XGBoost_grid_1_AutoML_1_20260420_22714_model_1,target_lag2,0.26193520368426104
0,0,0.05,XGBoost_grid_1_AutoML_1_20260420_22714_model_1,target_lag3,0.21813553920947015
0,0,0.05,XGBoost_grid_1_AutoML_1_20260420_22714_model_1,target_lag4,0.06720816271845247
0,0,0.05,XGBoost_grid_1_AutoML_1_20260420_22714_model_1,target_lag5,0.08644866166112475
0,0,0.05,XGBoost_grid_1_AutoML_1_20260420_22714_model_1,target_lag6,0.10282515116967257
0,0,0.05,XGBoost_grid_1_AutoML_1_20260420_22714_model_1,cov_HULL_lag1,0.13197971613437398
0,0,0.05,XGBoost_grid_1_AutoML_1_20260420_22714_model_1,cov_MUFL_lag1,2.099483560835943
0,0,0.05,XGBoost_grid_1_AutoML_1_20260420_22714_model_1,cov_MULL_lag1,0.10520848629297685
0,0,0.05,XGBoost_grid_1_AutoML_1_20260420_22714_model_1,cov_LUFL_lag1,0.26310859599150715
0,0,0.05,XGBoost_grid_1_AutoML_1_20260420_22714_model_1,cov_LULL_lag1,0.0926604418456554
0,0,0.05,XGBoost_grid_1_AutoML_1_20260420_22714_model_1,cov_OT_lag1,0.26828503131866455
0,0,0.05,XGBoost_grid_1_AutoML_1_20260420_22714_model_1,hour_lag1,0.5383293502405286
0,0,0.05,XGBoost_grid_1_AutoML_1_20260420_22714_model_1,day_of_week_lag1,0.03631392543436954
0,0,0.05,XGBoost_grid_1_AutoML_1_20260420_22714_model_1,month_lag1,0.08982651979662475
0,0,0.05,XGBoost_grid_1_AutoML_1_20260420_22714_model_1,month_sin,0.024764164733351163
0,0,0.05,XGBoost_grid_1_AutoML_1_20260420_22714_model_1,month_cos,0.017271497569599843
0,0,0.05,GBM_4_AutoML_1_20260420_22714,target_lag1,1.7203160349279643
0,0,0.05,GBM_4_AutoML_1_20260420_22714,target_lag2,0.49016572842374445
0,0,0.05,GBM_4_AutoML_1_20260420_22714,target_lag3,0.31062474206089974
0,0,0.05,GBM_4_AutoML_1_20260420_22714,target_lag4,0.10246589716989543
0,0,0.05,GBM_4_AutoML_1_20260420_22714,target_lag5,0.07913275980856266
0,0,0.05,GBM_4_AutoML_1_20260420_22714,target_lag6,0.09814795299433168
0,0,0.05,GBM_4_AutoML_1_20260420_22714,cov_HULL_lag1,0.09238881364755795
0,0,0.05,GBM_4_AutoML_1_20260420_22714,cov_MUFL_lag1,1.7968427880108357
0,0,0.05,GBM_4_AutoML_1_20260420_22714,cov_MULL_lag1,0.05823986149625848
0,0,0.05,GBM_4_AutoML_1_20260420_22714,cov_LUFL_lag1,0.4544528849422932
0,0,0.05,GBM_4_AutoML_1_20260420_22714,cov_LULL_lag1,0.050969995539271576
0,0,0.05,GBM_4_AutoML_1_20260420_22714,cov_OT_lag1,0.1759370273351669
0,0,0.05,GBM_4_AutoML_1_20260420_22714,hour_lag1,0.42396041691303255
0,0,0.05,GBM_4_AutoML_1_20260420_22714,day_of_week_lag1,0.04068628558656196
0,0,0.05,GBM_4_AutoML_1_20260420_22714,month_lag1,0.08916858315467831
0,0,0.05,GBM_4_AutoML_1_20260420_22714,month_sin,0.02593053673539539
0,0,0.05,GBM_4_AutoML_1_20260420_22714,month_cos,0.04414093407220203
0,0,0.1,GLM_1_AutoML_1_20260420_22714,target_lag1,2.8394551778244814
0,0,0.1,GLM_1_AutoML_1_20260420_22714,target_lag2,0.07769431299046586
0,0,0.1,GLM_1_AutoML_1_20260420_22714,target_lag3,0.9871029989366933
0,0,0.1,GLM_1_AutoML_1_20260420_22714,target_lag4,0.47965837826056584
0,0,0.1,GLM_1_AutoML_1_20260420_22714,target_lag5,0.09005457847184824
0,0,0.1,GLM_1_AutoML_1_20260420_22714,target_lag6,0.4412019869280428
0,0,0.1,GLM_1_AutoML_1_20260420_22714,cov_HULL_lag1,0.06725570185369004
0,0,0.1,GLM_1_AutoML_1_20260420_22714,cov_MUFL_lag1,3.8003781184790966
0,0,0.1,GLM_1_AutoML_1_20260420_22714,cov_MULL_lag1,0.005692888244502484
0,0,0.1,GLM_1_AutoML_1_20260420_22714,cov_LUFL_lag1,0.08235469040337745
0,0,0.1,GLM_1_AutoML_1_20260420_22714,cov_LULL_lag1,0.017670576624297274
0,0,0.1,GLM_1_AutoML_1_20260420_22714,cov_OT_lag1,0.08524435646592039
0,0,0.1,GLM_1_AutoML_1_20260420_22714,hour_lag1,0.5160490942659315
0,0,0.1,GLM_1_AutoML_1_20260420_22714,day_of_week_lag1,0.012751038564931696
0,0,0.1,GLM_1_AutoML_1_20260420_22714,month_lag1,0.0422668728537466
0,0,0.1,GLM_1_AutoML_1_20260420_22714,month_sin,0.16395319779782913
0,0,0.1,GLM_1_AutoML_1_20260420_22714,month_cos,0.12280091806007823
0,0,0.1,GLM_1_AutoML_1_20260420_22714,year,0.0
0,0,0.1,XGBoost_grid_1_AutoML_1_20260420_22714_model_2,target_lag1,2.1313548707962036
0,0,0.1,XGBoost_grid_1_AutoML_1_20260420_22714_model_2,target_lag2,0.35188789157255085
0,0,0.1,XGBoost_grid_1_AutoML_1_20260420_22714_model_2,target_lag3,0.1614563617110252
0,0,0.1,XGBoost_grid_1_AutoML_1_20260420_22714_model_2,target_lag4,0.06374829531530846
0,0,0.1,XGBoost_grid_1_AutoML_1_20260420_22714_model_2,target_lag5,0.09306661267764862
0,0,0.1,XGBoost_grid_1_AutoML_1_20260420_22714_model_2,target_lag6,0.11906372872326752
0,0,0.1,XGBoost_grid_1_AutoML_1_20260420_22714_model_2,cov_HULL_lag1,0.07813126344699409
0,0,0.1,XGBoost_grid_1_AutoML_1_20260420_22714_model_2,cov_MUFL_lag1,2.089622610062361
0,0,0.1,XGBoost_grid_1_AutoML_1_20260420_22714_model_2,cov_MULL_lag1,0.12721032032743093
0,0,0.1,XGBoost_grid_1_AutoML_1_20260420_22714_model_2,cov_LUFL_lag1,0.2413301919546211
0,0,0.1,XGBoost_grid_1_AutoML_1_20260420_22714_model_2,cov_LULL_lag1,0.06528460600646209
0,0,0.1,XGBoost_grid_1_AutoML_1_20260420_22714_model_2,cov_OT_lag1,0.21374895621091128
0,0,0.1,XGBoost_grid_1_AutoML_1_20260420_22714_model_2,hour_lag1,0.4687973500043154
0,0,0.1,XGBoost_grid_1_AutoML_1_20260420_22714_model_2,day_of_week_lag1,0.06938574443105604
0,0,0.1,XGBoost_grid_1_AutoML_1_20260420_22714_model_2,month_lag1,0.11142015737481412
0,0,0.1,XGBoost_grid_1_AutoML_1_20260420_22714_model_2,month_sin,0.048256393964402344
0,0,0.1,XGBoost_grid_1_AutoML_1_20260420_22714_model_2,month_cos,0.022364987008040727
0,0,0.1,XGBoost_grid_1_AutoML_1_20260420_22714_model_5,target_lag1,1.7231944435834885
0,0,0.1,XGBoost_grid_1_AutoML_1_20260420_22714_model_5,target_lag2,0.1464198342710733
0,0,0.1,XGBoost_grid_1_AutoML_1_20260420_22714_model_5,target_lag3,0.07862476316979151
0,0,0.1,XGBoost_grid_1_AutoML_1_20260420_22714_model_5,target_lag4,0.12625010177143847
0,0,0.1,XGBoost_grid_1_AutoML_1_20260420_22714_model_5,target_lag5,0.04040007926989343
0,0,0.1,XGBoost_grid_1_AutoML_1_20260420_22714_model_5,target_lag6,0.131534847645089
0,0,0.1,XGBoost_grid_1_AutoML_1_20260420_22714_model_5,cov_HULL_lag1,0.08028980975504961
0,0,0.1,XGBoost_grid_1_AutoML_1_20260420_22714_model_5,cov_MUFL_lag1,2.2972546297311784
0,0,0.1,XGBoost_grid_1_AutoML_1_20260420_22714_model_5,cov_MULL_lag1,0.047515161420451445
0,0,0.1,XGBoost_grid_1_AutoML_1_20260420_22714_model_5,cov_LUFL_lag1,0.29255422923713925
0,0,0.1,XGBoost_grid_1_AutoML_1_20260420_22714_model_5,cov_LULL_lag1,0.11006487593287599
0,0,0.1,XGBoost_grid_1_AutoML_1_20260420_22714_model_5,cov_OT_lag1,0.4667551189661026
0,0,0.1,XGBoost_grid_1_AutoML_1_20260420_22714_model_5,hour_lag1,0.5245889530703426
0,0,0.1,XGBoost_grid_1_AutoML_1_20260420_22714_model_5,day_of_week_lag1,0.024429113264195577
0,0,0.1,XGBoost_grid_1_AutoML_1_20260420_22714_model_5,month_lag1,0.10189028722699728
0,0,0.1,XGBoost_grid_1_AutoML_1_20260420_22714_model_5,month_sin,0.041224772932473515
0,0,0.1,XGBoost_grid_1_AutoML_1_20260420_22714_model_5,month_cos,0.04674605252221223
0,0,0.1,XGBoost_grid_1_AutoML_1_20260420_22714_model_1,target_lag1,2.303380917906761
0,0,0.1,XGBoost_grid_1_AutoML_1_20260420_22714_model_1,target_lag2,0.26193520368426104
0,0,0.1,XGBoost_grid_1_AutoML_1_20260420_22714_model_1,target_lag3,0.21813553920947015
0,0,0.1,XGBoost_grid_1_AutoML_1_20260420_22714_model_1,target_lag4,0.06720816271845247
0,0,0.1,XGBoost_grid_1_AutoML_1_20260420_22714_model_1,target_lag5,0.08644866166112475
0,0,0.1,XGBoost_grid_1_AutoML_1_20260420_22714_model_1,target_lag6,0.10282515116967257
0,0,0.1,XGBoost_grid_1_AutoML_1_20260420_22714_model_1,cov_HULL_lag1,0.13197971613437398
0,0,0.1,XGBoost_grid_1_AutoML_1_20260420_22714_model_1,cov_MUFL_lag1,2.099483560835943
0,0,0.1,XGBoost_grid_1_AutoML_1_20260420_22714_model_1,cov_MULL_lag1,0.10520848629297685
0,0,0.1,XGBoost_grid_1_AutoML_1_20260420_22714_model_1,cov_LUFL_lag1,0.26310859599150715
0,0,0.1,XGBoost_grid_1_AutoML_1_20260420_22714_model_1,cov_LULL_lag1,0.0926604418456554
0,0,0.1,XGBoost_grid_1_AutoML_1_20260420_22714_model_1,cov_OT_lag1,0.26828503131866455
0,0,0.1,XGBoost_grid_1_AutoML_1_20260420_22714_model_1,hour_lag1,0.5383293502405286
0,0,0.1,XGBoost_grid_1_AutoML_1_20260420_22714_model_1,day_of_week_lag1,0.03631392543436954
0,0,0.1,XGBoost_grid_1_AutoML_1_20260420_22714_model_1,month_lag1,0.08982651979662475
0,0,0.1,XGBoost_grid_1_AutoML_1_20260420_22714_model_1,month_sin,0.024764164733351163
0,0,0.1,XGBoost_grid_1_AutoML_1_20260420_22714_model_1,month_cos,0.017271497569599843
0,0,0.1,GBM_4_AutoML_1_20260420_22714,target_lag1,1.7203160349279643
0,0,0.1,GBM_4_AutoML_1_20260420_22714,target_lag2,0.49016572842374445
0,0,0.1,GBM_4_AutoML_1_20260420_22714,target_lag3,0.31062474206089974
0,0,0.1,GBM_4_AutoML_1_20260420_22714,target_lag4,0.10246589716989543
0,0,0.1,GBM_4_AutoML_1_20260420_22714,target_lag5,0.07913275980856266
0,0,0.1,GBM_4_AutoML_1_20260420_22714,target_lag6,0.09814795299433168
0,0,0.1,GBM_4_AutoML_1_20260420_22714,cov_HULL_lag1,0.09238881364755795
0,0,0.1,GBM_4_AutoML_1_20260420_22714,cov_MUFL_lag1,1.7968427880108357
0,0,0.1,GBM_4_AutoML_1_20260420_22714,cov_MULL_lag1,0.05823986149625848
0,0,0.1,GBM_4_AutoML_1_20260420_22714,cov_LUFL_lag1,0.4544528849422932
0,0,0.1,GBM_4_AutoML_1_20260420_22714,cov_LULL_lag1,0.050969995539271576
0,0,0.1,GBM_4_AutoML_1_20260420_22714,cov_OT_lag1,0.1759370273351669
0,0,0.1,GBM_4_AutoML_1_20260420_22714,hour_lag1,0.42396041691303255
0,0,0.1,GBM_4_AutoML_1_20260420_22714,day_of_week_lag1,0.04068628558656196
0,0,0.1,GBM_4_AutoML_1_20260420_22714,month_lag1,0.08916858315467831
0,0,0.1,GBM_4_AutoML_1_20260420_22714,month_sin,0.02593053673539539
0,0,0.1,GBM_4_AutoML_1_20260420_22714,month_cos,0.04414093407220203
0,0,0.1,XGBoost_grid_1_AutoML_1_20260420_22714_model_4,target_lag1,2.576084769964218
0,0,0.1,XGBoost_grid_1_AutoML_1_20260420_22714_model_4,target_lag2,0.2738011581916362
0,0,0.1,XGBoost_grid_1_AutoML_1_20260420_22714_model_4,target_lag3,0.12954607605002816
0,0,0.1,XGBoost_grid_1_AutoML_1_20260420_22714_model_4,target_lag4,0.08049692695029076
0,0,0.1,XGBoost_grid_1_AutoML_1_20260420_22714_model_4,target_lag5,0.0890228776307776
0,0,0.1,XGBoost_grid_1_AutoML_1_20260420_22714_model_4,target_lag6,0.11877380926162001
0,0,0.1,XGBoost_grid_1_AutoML_1_20260420_22714_model_4,cov_HULL_lag1,0.10204424325842407
0,0,0.1,XGBoost_grid_1_AutoML_1_20260420_22714_model_4,cov_MUFL_lag1,1.8253660221397876
0,0,0.1,XGBoost_grid_1_AutoML_1_20260420_22714_model_4,cov_MULL_lag1,0.14119209523545576
0,0,0.1,XGBoost_grid_1_AutoML_1_20260420_22714_model_4,cov_LUFL_lag1,0.2007494112290442
0,0,0.1,XGBoost_grid_1_AutoML_1_20260420_22714_model_4,cov_LULL_lag1,0.10213179435813796
0,0,0.1,XGBoost_grid_1_AutoML_1_20260420_22714_model_4,cov_OT_lag1,0.19985394615679974
0,0,0.1,XGBoost_grid_1_AutoML_1_20260420_22714_model_4,hour_lag1,0.4481649211794138
0,0,0.1,XGBoost_grid_1_AutoML_1_20260420_22714_model_4,day_of_week_lag1,0.039765617772354704
0,0,0.1,XGBoost_grid_1_AutoML_1_20260420_22714_model_4,month_lag1,0.11247347008436914
0,0,0.1,XGBoost_grid_1_AutoML_1_20260420_22714_model_4,month_sin,0.048971381190058276
0,0,0.1,XGBoost_grid_1_AutoML_1_20260420_22714_model_4,month_cos,0.08676247175782915
0,0,0.1,GBM_3_AutoML_1_20260420_22714,target_lag1,2.227763800472021
0,0,0.1,GBM_3_AutoML_1_20260420_22714,target_lag2,0.5080359535734169
0,0,0.1,GBM_3_AutoML_1_20260420_22714,target_lag3,0.16271869128104297
0,0,0.1,GBM_3_AutoML_1_20260420_22714,target_lag4,0.12331317924428728
0,0,0.1,GBM_3_AutoML_1_20260420_22714,target_lag5,0.06080628452036759
0,0,0.1,GBM_3_AutoML_1_20260420_22714,target_lag6,0.08919925094582137
0,0,0.1,GBM_3_AutoML_1_20260420_22714,cov_HULL_lag1,0.03583856211276721
0,0,0.1,GBM_3_AutoML_1_20260420_22714,cov_MUFL_lag1,1.584214649349451
0,0,0.1,GBM_3_AutoML_1_20260420_22714,cov_MULL_lag1,0.07181256209034469
0,0,0.1,GBM_3_AutoML_1_20260420_22714,cov_LUFL_lag1,0.3394028501957655
0,0,0.1,GBM_3_AutoML_1_20260420_22714,cov_LULL_lag1,0.06800877705216403
0,0,0.1,GBM_3_AutoML_1_20260420_22714,cov_OT_lag1,0.12299038840457793
0,0,0.1,GBM_3_AutoML_1_20260420_22714,hour_lag1,0.4594412983395159
0,0,0.1,GBM_3_AutoML_1_20260420_22714,day_of_week_lag1,0.05432995223440226
0,0,0.1,GBM_3_AutoML_1_20260420_22714,month_lag1,0.0652223226614296
0,0,0.1,GBM_3_AutoML_1_20260420_22714,month_sin,0.03148930061142887
0,0,0.1,GBM_3_AutoML_1_20260420_22714,month_cos,0.0637157233804464
0,0,0.1,GBM_5_AutoML_1_20260420_22714,target_lag1,1.9401480863988398
0,0,0.1,GBM_5_AutoML_1_20260420_22714,target_lag2,0.7231235526129604
0,0,0.1,GBM_5_AutoML_1_20260420_22714,target_lag3,0.12846042959019538
0,0,0.1,GBM_5_AutoML_1_20260420_22714,target_lag4,0.11345575557323169
0,0,0.1,GBM_5_AutoML_1_20260420_22714,target_lag5,0.05530984876211729
0,0,0.1,GBM_5_AutoML_1_20260420_22714,target_lag6,0.1269197374535724
0,0,0.1,GBM_5_AutoML_1_20260420_22714,cov_HULL_lag1,0.11153013407252725
0,0,0.1,GBM_5_AutoML_1_20260420_22714,cov_MUFL_lag1,1.6630105500668286
0,0,0.1,GBM_5_AutoML_1_20260420_22714,cov_MULL_lag1,0.07904492132831362
0,0,0.1,GBM_5_AutoML_1_20260420_22714,cov_LUFL_lag1,0.1929436075501144
0,0,0.1,GBM_5_AutoML_1_20260420_22714,cov_LULL_lag1,0.07669108032714572
0,0,0.1,GBM_5_AutoML_1_20260420_22714,cov_OT_lag1,0.18989526763558384
0,0,0.1,GBM_5_AutoML_1_20260420_22714,hour_lag1,0.4586682733148336
0,0,0.1,GBM_5_AutoML_1_20260420_22714,day_of_week_lag1,0.03403178286680482
0,0,0.1,GBM_5_AutoML_1_20260420_22714,month_lag1,0.09060448711970817
0,0,0.1,GBM_5_AutoML_1_20260420_22714,month_sin,0.025942396428435998
0,0,0.1,GBM_5_AutoML_1_20260420_22714,month_cos,0.04710962764918799
0,0,0.1,XGBoost_grid_1_AutoML_1_20260420_22714_model_6,target_lag1,1.175002695173025
0,0,0.1,XGBoost_grid_1_AutoML_1_20260420_22714_model_6,target_lag2,1.0489571285247803
0,0,0.1,XGBoost_grid_1_AutoML_1_20260420_22714_model_6,target_lag3,0.09650889283046123
0,0,0.1,XGBoost_grid_1_AutoML_1_20260420_22714_model_6,target_lag4,0.1601724897511303
0,0,0.1,XGBoost_grid_1_AutoML_1_20260420_22714_model_6,target_lag5,0.034186246823519444
0,0,0.1,XGBoost_grid_1_AutoML_1_20260420_22714_model_6,target_lag6,0.12704484535846855
0,0,0.1,XGBoost_grid_1_AutoML_1_20260420_22714_model_6,cov_HULL_lag1,0.08584658907377157
0,0,0.1,XGBoost_grid_1_AutoML_1_20260420_22714_model_6,cov_MUFL_lag1,2.376065861284733
0,0,0.1,XGBoost_grid_1_AutoML_1_20260420_22714_model_6,cov_MULL_lag1,0.07300839424133297
0,0,0.1,XGBoost_grid_1_AutoML_1_20260420_22714_model_6,cov_LUFL_lag1,0.281440035700798
0,0,0.1,XGBoost_grid_1_AutoML_1_20260420_22714_model_6,cov_LULL_lag1,0.0821749494434334
0,0,0.1,XGBoost_grid_1_AutoML_1_20260420_22714_model_6,cov_OT_lag1,0.22117170602083205
0,0,0.1,XGBoost_grid_1_AutoML_1_20260420_22714_model_6,hour_lag1,0.5720741916820407
0,0,0.1,XGBoost_grid_1_AutoML_1_20260420_22714_model_6,day_of_week_lag1,0.008943105796351977
0,0,0.1,XGBoost_grid_1_AutoML_1_20260420_22714_model_6,month_lag1,0.21495629951357842
0,0,0.1,XGBoost_grid_1_AutoML_1_20260420_22714_model_6,month_sin,0.035758352801203694
0,0,0.1,XGBoost_grid_1_AutoML_1_20260420_22714_model_6,month_cos,0.02619314987212416
0,0,0.1,XGBoost_3_AutoML_1_20260420_22714,target_lag1,1.749837208017707
0,0,0.1,XGBoost_3_AutoML_1_20260420_22714,target_lag2,0.7114584787702188
0,0,0.1,XGBoost_3_AutoML_1_20260420_22714,target_lag3,0.18447945550084113
0,0,0.1,XGBoost_3_AutoML_1_20260420_22714,target_lag4,0.1808094344148412
0,0,0.1,XGBoost_3_AutoML_1_20260420_22714,target_lag5,0.07129080799175423
0,0,0.1,XGBoost_3_AutoML_1_20260420_22714,target_lag6,0.24552372713573278
0,0,0.1,XGBoost_3_AutoML_1_20260420_22714,cov_HULL_lag1,0.07456797413527962
0,0,0.1,XGBoost_3_AutoML_1_20260420_22714,cov_MUFL_lag1,1.6623739597201348
0,0,0.1,XGBoost_3_AutoML_1_20260420_22714,cov_MULL_lag1,0.1291643858372117
0,0,0.1,XGBoost_3_AutoML_1_20260420_22714,cov_LUFL_lag1,0.815484073869884
0,0,0.1,XGBoost_3_AutoML_1_20260420_22714,cov_LULL_lag1,0.09540995107265186
0,0,0.1,XGBoost_3_AutoML_1_20260420_22714,cov_OT_lag1,0.47589982211589815
0,0,0.1,XGBoost_3_AutoML_1_20260420_22714,hour_lag1,0.5898263736069203
0,0,0.1,XGBoost_3_AutoML_1_20260420_22714,day_of_week_lag1,0.0431152053060941
0,0,0.1,XGBoost_3_AutoML_1_20260420_22714,month_lag1,0.08776475185528394
0,0,0.1,XGBoost_3_AutoML_1_20260420_22714,month_sin,0.07500849328469482
0,0,0.1,XGBoost_3_AutoML_1_20260420_22714,month_cos,0.03147847085259849
0,0,0.1,XGBoost_1_AutoML_1_20260420_22714,target_lag1,2.5748969156295063
0,0,0.1,XGBoost_1_AutoML_1_20260420_22714,target_lag2,0.594344226596877
0,0,0.1,XGBoost_1_AutoML_1_20260420_22714,target_lag3,0.1469495015684515
0,0,0.1,XGBoost_1_AutoML_1_20260420_22714,target_lag4,0.10659928621724245
0,0,0.1,XGBoost_1_AutoML_1_20260420_22714,target_lag5,0.10366506245452907
0,0,0.1,XGBoost_1_AutoML_1_20260420_22714,target_lag6,0.1886023220792412
0,0,0.1,XGBoost_1_AutoML_1_20260420_22714,cov_HULL_lag1,0.16713576629757879
0,0,0.1,XGBoost_1_AutoML_1_20260420_22714,cov_MUFL_lag1,1.2292295586317779
0,0,0.1,XGBoost_1_AutoML_1_20260420_22714,cov_MULL_lag1,0.09519960084930058
0,0,0.1,XGBoost_1_AutoML_1_20260420_22714,cov_LUFL_lag1,0.22121822567656635
0,0,0.1,XGBoost_1_AutoML_1_20260420_22714,cov_LULL_lag1,0.10505482708569612
0,0,0.1,XGBoost_1_AutoML_1_20260420_22714,cov_OT_lag1,0.14668118977919217
0,0,0.1,XGBoost_1_AutoML_1_20260420_22714,hour_lag1,0.5544517726451158
0,0,0.1,XGBoost_1_AutoML_1_20260420_22714,day_of_week_lag1,0.058334016619482953
0,0,0.1,XGBoost_1_AutoML_1_20260420_22714,month_lag1,0.2181078930012882
0,0,0.1,XGBoost_1_AutoML_1_20260420_22714,month_sin,0.06637472751550372
0,0,0.1,XGBoost_1_AutoML_1_20260420_22714,month_cos,0.05859822333324697
0,0,0.1,XGBoost_2_AutoML_1_20260420_22714,target_lag1,1.9492508466541767
0,0,0.1,XGBoost_2_AutoML_1_20260420_22714,target_lag2,0.648511742092669
0,0,0.1,XGBoost_2_AutoML_1_20260420_22714,target_lag3,0.2631325434520841
0,0,0.1,XGBoost_2_AutoML_1_20260420_22714,target_lag4,0.17010245547164227
0,0,0.1,XGBoost_2_AutoML_1_20260420_22714,target_lag5,0.08009192346362394
0,0,0.1,XGBoost_2_AutoML_1_20260420_22714,target_lag6,0.12797683455049988
0,0,0.1,XGBoost_2_AutoML_1_20260420_22714,cov_HULL_lag1,0.21317554350942372
0,0,0.1,XGBoost_2_AutoML_1_20260420_22714,cov_MUFL_lag1,1.4281170752458274
0,0,0.1,XGBoost_2_AutoML_1_20260420_22714,cov_MULL_lag1,0.13562431390397248
0,0,0.1,XGBoost_2_AutoML_1_20260420_22714,cov_LUFL_lag1,0.3036841273494065
0,0,0.1,XGBoost_2_AutoML_1_20260420_22714,cov_LULL_lag1,0.14256769722327586
0,0,0.1,XGBoost_2_AutoML_1_20260420_22714,cov_OT_lag1,0.1870377428177744
0,0,0.1,XGBoost_2_AutoML_1_20260420_22714,hour_lag1,0.5478111186623573
0,0,0.1,XGBoost_2_AutoML_1_20260420_22714,day_of_week_lag1,0.10157892895862457
0,0,0.1,XGBoost_2_AutoML_1_20260420_22714,month_lag1,0.1425177171360701
0,0,0.1,XGBoost_2_AutoML_1_20260420_22714,month_sin,0.024833910943707415
0,0,0.1,XGBoost_2_AutoML_1_20260420_22714,month_cos,0.06028568047331642
0,0,0.2,GLM_1_AutoML_1_20260420_22714,target_lag1,2.8394551778244814
0,0,0.2,GLM_1_AutoML_1_20260420_22714,target_lag2,0.07769431299046586
0,0,0.2,GLM_1_AutoML_1_20260420_22714,target_lag3,0.9871029989366933
0,0,0.2,GLM_1_AutoML_1_20260420_22714,target_lag4,0.47965837826056584
0,0,0.2,GLM_1_AutoML_1_20260420_22714,target_lag5,0.09005457847184824
0,0,0.2,GLM_1_AutoML_1_20260420_22714,target_lag6,0.4412019869280428
0,0,0.2,GLM_1_AutoML_1_20260420_22714,cov_HULL_lag1,0.06725570185369004
0,0,0.2,GLM_1_AutoML_1_20260420_22714,cov_MUFL_lag1,3.8003781184790966
0,0,0.2,GLM_1_AutoML_1_20260420_22714,cov_MULL_lag1,0.005692888244502484
0,0,0.2,GLM_1_AutoML_1_20260420_22714,cov_LUFL_lag1,0.08235469040337745
0,0,0.2,GLM_1_AutoML_1_20260420_22714,cov_LULL_lag1,0.017670576624297274
0,0,0.2,GLM_1_AutoML_1_20260420_22714,cov_OT_lag1,0.08524435646592039
0,0,0.2,GLM_1_AutoML_1_20260420_22714,hour_lag1,0.5160490942659315
0,0,0.2,GLM_1_AutoML_1_20260420_22714,day_of_week_lag1,0.012751038564931696
0,0,0.2,GLM_1_AutoML_1_20260420_22714,month_lag1,0.0422668728537466
0,0,0.2,GLM_1_AutoML_1_20260420_22714,month_sin,0.16395319779782913
0,0,0.2,GLM_1_AutoML_1_20260420_22714,month_cos,0.12280091806007823
0,0,0.2,GLM_1_AutoML_1_20260420_22714,year,0.0
0,0,0.2,XGBoost_grid_1_AutoML_1_20260420_22714_model_2,target_lag1,2.1313548707962036
0,0,0.2,XGBoost_grid_1_AutoML_1_20260420_22714_model_2,target_lag2,0.35188789157255085
0,0,0.2,XGBoost_grid_1_AutoML_1_20260420_22714_model_2,target_lag3,0.1614563617110252
0,0,0.2,XGBoost_grid_1_AutoML_1_20260420_22714_model_2,target_lag4,0.06374829531530846
0,0,0.2,XGBoost_grid_1_AutoML_1_20260420_22714_model_2,target_lag5,0.09306661267764862
0,0,0.2,XGBoost_grid_1_AutoML_1_20260420_22714_model_2,target_lag6,0.11906372872326752
0,0,0.2,XGBoost_grid_1_AutoML_1_20260420_22714_model_2,cov_HULL_lag1,0.07813126344699409
0,0,0.2,XGBoost_grid_1_AutoML_1_20260420_22714_model_2,cov_MUFL_lag1,2.089622610062361
0,0,0.2,XGBoost_grid_1_AutoML_1_20260420_22714_model_2,cov_MULL_lag1,0.12721032032743093
0,0,0.2,XGBoost_grid_1_AutoML_1_20260420_22714_model_2,cov_LUFL_lag1,0.2413301919546211
0,0,0.2,XGBoost_grid_1_AutoML_1_20260420_22714_model_2,cov_LULL_lag1,0.06528460600646209
0,0,0.2,XGBoost_grid_1_AutoML_1_20260420_22714_model_2,cov_OT_lag1,0.21374895621091128
0,0,0.2,XGBoost_grid_1_AutoML_1_20260420_22714_model_2,hour_lag1,0.4687973500043154
0,0,0.2,XGBoost_grid_1_AutoML_1_20260420_22714_model_2,day_of_week_lag1,0.06938574443105604
0,0,0.2,XGBoost_grid_1_AutoML_1_20260420_22714_model_2,month_lag1,0.11142015737481412
0,0,0.2,XGBoost_grid_1_AutoML_1_20260420_22714_model_2,month_sin,0.048256393964402344
0,0,0.2,XGBoost_grid_1_AutoML_1_20260420_22714_model_2,month_cos,0.022364987008040727
0,0,0.2,XGBoost_grid_1_AutoML_1_20260420_22714_model_5,target_lag1,1.7231944435834885
0,0,0.2,XGBoost_grid_1_AutoML_1_20260420_22714_model_5,target_lag2,0.1464198342710733
0,0,0.2,XGBoost_grid_1_AutoML_1_20260420_22714_model_5,target_lag3,0.07862476316979151
0,0,0.2,XGBoost_grid_1_AutoML_1_20260420_22714_model_5,target_lag4,0.12625010177143847
0,0,0.2,XGBoost_grid_1_AutoML_1_20260420_22714_model_5,target_lag5,0.04040007926989343
0,0,0.2,XGBoost_grid_1_AutoML_1_20260420_22714_model_5,target_lag6,0.131534847645089
0,0,0.2,XGBoost_grid_1_AutoML_1_20260420_22714_model_5,cov_HULL_lag1,0.08028980975504961
0,0,0.2,XGBoost_grid_1_AutoML_1_20260420_22714_model_5,cov_MUFL_lag1,2.2972546297311784
0,0,0.2,XGBoost_grid_1_AutoML_1_20260420_22714_model_5,cov_MULL_lag1,0.047515161420451445
0,0,0.2,XGBoost_grid_1_AutoML_1_20260420_22714_model_5,cov_LUFL_lag1,0.29255422923713925
0,0,0.2,XGBoost_grid_1_AutoML_1_20260420_22714_model_5,cov_LULL_lag1,0.11006487593287599
0,0,0.2,XGBoost_grid_1_AutoML_1_20260420_22714_model_5,cov_OT_lag1,0.4667551189661026
0,0,0.2,XGBoost_grid_1_AutoML_1_20260420_22714_model_5,hour_lag1,0.5245889530703426
0,0,0.2,XGBoost_grid_1_AutoML_1_20260420_22714_model_5,day_of_week_lag1,0.024429113264195577
0,0,0.2,XGBoost_grid_1_AutoML_1_20260420_22714_model_5,month_lag1,0.10189028722699728
0,0,0.2,XGBoost_grid_1_AutoML_1_20260420_22714_model_5,month_sin,0.041224772932473515
0,0,0.2,XGBoost_grid_1_AutoML_1_20260420_22714_model_5,month_cos,0.04674605252221223
0,0,0.2,XGBoost_grid_1_AutoML_1_20260420_22714_model_1,target_lag1,2.303380917906761
0,0,0.2,XGBoost_grid_1_AutoML_1_20260420_22714_model_1,target_lag2,0.26193520368426104
0,0,0.2,XGBoost_grid_1_AutoML_1_20260420_22714_model_1,target_lag3,0.21813553920947015
0,0,0.2,XGBoost_grid_1_AutoML_1_20260420_22714_model_1,target_lag4,0.06720816271845247
0,0,0.2,XGBoost_grid_1_AutoML_1_20260420_22714_model_1,target_lag5,0.08644866166112475
0,0,0.2,XGBoost_grid_1_AutoML_1_20260420_22714_model_1,target_lag6,0.10282515116967257
0,0,0.2,XGBoost_grid_1_AutoML_1_20260420_22714_model_1,cov_HULL_lag1,0.13197971613437398
0,0,0.2,XGBoost_grid_1_AutoML_1_20260420_22714_model_1,cov_MUFL_lag1,2.099483560835943
0,0,0.2,XGBoost_grid_1_AutoML_1_20260420_22714_model_1,cov_MULL_lag1,0.10520848629297685
0,0,0.2,XGBoost_grid_1_AutoML_1_20260420_22714_model_1,cov_LUFL_lag1,0.26310859599150715
0,0,0.2,XGBoost_grid_1_AutoML_1_20260420_22714_model_1,cov_LULL_lag1,0.0926604418456554
0,0,0.2,XGBoost_grid_1_AutoML_1_20260420_22714_model_1,cov_OT_lag1,0.26828503131866455
0,0,0.2,XGBoost_grid_1_AutoML_1_20260420_22714_model_1,hour_lag1,0.5383293502405286
0,0,0.2,XGBoost_grid_1_AutoML_1_20260420_22714_model_1,day_of_week_lag1,0.03631392543436954
0,0,0.2,XGBoost_grid_1_AutoML_1_20260420_22714_model_1,month_lag1,0.08982651979662475
0,0,0.2,XGBoost_grid_1_AutoML_1_20260420_22714_model_1,month_sin,0.024764164733351163
0,0,0.2,XGBoost_grid_1_AutoML_1_20260420_22714_model_1,month_cos,0.017271497569599843
0,0,0.2,GBM_4_AutoML_1_20260420_22714,target_lag1,1.7203160349279643
0,0,0.2,GBM_4_AutoML_1_20260420_22714,target_lag2,0.49016572842374445
0,0,0.2,GBM_4_AutoML_1_20260420_22714,target_lag3,0.31062474206089974
0,0,0.2,GBM_4_AutoML_1_20260420_22714,target_lag4,0.10246589716989543
0,0,0.2,GBM_4_AutoML_1_20260420_22714,target_lag5,0.07913275980856266
0,0,0.2,GBM_4_AutoML_1_20260420_22714,target_lag6,0.09814795299433168
0,0,0.2,GBM_4_AutoML_1_20260420_22714,cov_HULL_lag1,0.09238881364755795
0,0,0.2,GBM_4_AutoML_1_20260420_22714,cov_MUFL_lag1,1.7968427880108357
0,0,0.2,GBM_4_AutoML_1_20260420_22714,cov_MULL_lag1,0.05823986149625848
0,0,0.2,GBM_4_AutoML_1_20260420_22714,cov_LUFL_lag1,0.4544528849422932
0,0,0.2,GBM_4_AutoML_1_20260420_22714,cov_LULL_lag1,0.050969995539271576
0,0,0.2,GBM_4_AutoML_1_20260420_22714,cov_OT_lag1,0.1759370273351669
0,0,0.2,GBM_4_AutoML_1_20260420_22714,hour_lag1,0.42396041691303255
0,0,0.2,GBM_4_AutoML_1_20260420_22714,day_of_week_lag1,0.04068628558656196
0,0,0.2,GBM_4_AutoML_1_20260420_22714,month_lag1,0.08916858315467831
0,0,0.2,GBM_4_AutoML_1_20260420_22714,month_sin,0.02593053673539539
0,0,0.2,GBM_4_AutoML_1_20260420_22714,month_cos,0.04414093407220203
0,0,0.2,XGBoost_grid_1_AutoML_1_20260420_22714_model_4,target_lag1,2.576084769964218
0,0,0.2,XGBoost_grid_1_AutoML_1_20260420_22714_model_4,target_lag2,0.2738011581916362
0,0,0.2,XGBoost_grid_1_AutoML_1_20260420_22714_model_4,target_lag3,0.12954607605002816
0,0,0.2,XGBoost_grid_1_AutoML_1_20260420_22714_model_4,target_lag4,0.08049692695029076
0,0,0.2,XGBoost_grid_1_AutoML_1_20260420_22714_model_4,target_lag5,0.0890228776307776
0,0,0.2,XGBoost_grid_1_AutoML_1_20260420_22714_model_4,target_lag6,0.11877380926162001
0,0,0.2,XGBoost_grid_1_AutoML_1_20260420_22714_model_4,cov_HULL_lag1,0.10204424325842407
0,0,0.2,XGBoost_grid_1_AutoML_1_20260420_22714_model_4,cov_MUFL_lag1,1.8253660221397876
0,0,0.2,XGBoost_grid_1_AutoML_1_20260420_22714_model_4,cov_MULL_lag1,0.14119209523545576
0,0,0.2,XGBoost_grid_1_AutoML_1_20260420_22714_model_4,cov_LUFL_lag1,0.2007494112290442
0,0,0.2,XGBoost_grid_1_AutoML_1_20260420_22714_model_4,cov_LULL_lag1,0.10213179435813796
0,0,0.2,XGBoost_grid_1_AutoML_1_20260420_22714_model_4,cov_OT_lag1,0.19985394615679974
0,0,0.2,XGBoost_grid_1_AutoML_1_20260420_22714_model_4,hour_lag1,0.4481649211794138
0,0,0.2,XGBoost_grid_1_AutoML_1_20260420_22714_model_4,day_of_week_lag1,0.039765617772354704
0,0,0.2,XGBoost_grid_1_AutoML_1_20260420_22714_model_4,month_lag1,0.11247347008436914
0,0,0.2,XGBoost_grid_1_AutoML_1_20260420_22714_model_4,month_sin,0.048971381190058276
0,0,0.2,XGBoost_grid_1_AutoML_1_20260420_22714_model_4,month_cos,0.08676247175782915
0,0,0.2,GBM_3_AutoML_1_20260420_22714,target_lag1,2.227763800472021
0,0,0.2,GBM_3_AutoML_1_20260420_22714,target_lag2,0.5080359535734169
0,0,0.2,GBM_3_AutoML_1_20260420_22714,target_lag3,0.16271869128104297
0,0,0.2,GBM_3_AutoML_1_20260420_22714,target_lag4,0.12331317924428728
0,0,0.2,GBM_3_AutoML_1_20260420_22714,target_lag5,0.06080628452036759
0,0,0.2,GBM_3_AutoML_1_20260420_22714,target_lag6,0.08919925094582137
0,0,0.2,GBM_3_AutoML_1_20260420_22714,cov_HULL_lag1,0.03583856211276721
0,0,0.2,GBM_3_AutoML_1_20260420_22714,cov_MUFL_lag1,1.584214649349451
0,0,0.2,GBM_3_AutoML_1_20260420_22714,cov_MULL_lag1,0.07181256209034469
0,0,0.2,GBM_3_AutoML_1_20260420_22714,cov_LUFL_lag1,0.3394028501957655
0,0,0.2,GBM_3_AutoML_1_20260420_22714,cov_LULL_lag1,0.06800877705216403
0,0,0.2,GBM_3_AutoML_1_20260420_22714,cov_OT_lag1,0.12299038840457793
0,0,0.2,GBM_3_AutoML_1_20260420_22714,hour_lag1,0.4594412983395159
0,0,0.2,GBM_3_AutoML_1_20260420_22714,day_of_week_lag1,0.05432995223440226
0,0,0.2,GBM_3_AutoML_1_20260420_22714,month_lag1,0.0652223226614296
0,0,0.2,GBM_3_AutoML_1_20260420_22714,month_sin,0.03148930061142887
0,0,0.2,GBM_3_AutoML_1_20260420_22714,month_cos,0.0637157233804464
0,0,0.2,GBM_5_AutoML_1_20260420_22714,target_lag1,1.9401480863988398
0,0,0.2,GBM_5_AutoML_1_20260420_22714,target_lag2,0.7231235526129604
0,0,0.2,GBM_5_AutoML_1_20260420_22714,target_lag3,0.12846042959019538
0,0,0.2,GBM_5_AutoML_1_20260420_22714,target_lag4,0.11345575557323169
0,0,0.2,GBM_5_AutoML_1_20260420_22714,target_lag5,0.05530984876211729
0,0,0.2,GBM_5_AutoML_1_20260420_22714,target_lag6,0.1269197374535724
0,0,0.2,GBM_5_AutoML_1_20260420_22714,cov_HULL_lag1,0.11153013407252725
0,0,0.2,GBM_5_AutoML_1_20260420_22714,cov_MUFL_lag1,1.6630105500668286
0,0,0.2,GBM_5_AutoML_1_20260420_22714,cov_MULL_lag1,0.07904492132831362
0,0,0.2,GBM_5_AutoML_1_20260420_22714,cov_LUFL_lag1,0.1929436075501144
0,0,0.2,GBM_5_AutoML_1_20260420_22714,cov_LULL_lag1,0.07669108032714572
0,0,0.2,GBM_5_AutoML_1_20260420_22714,cov_OT_lag1,0.18989526763558384
0,0,0.2,GBM_5_AutoML_1_20260420_22714,hour_lag1,0.4586682733148336
0,0,0.2,GBM_5_AutoML_1_20260420_22714,day_of_week_lag1,0.03403178286680482
0,0,0.2,GBM_5_AutoML_1_20260420_22714,month_lag1,0.09060448711970817
0,0,0.2,GBM_5_AutoML_1_20260420_22714,month_sin,0.025942396428435998
0,0,0.2,GBM_5_AutoML_1_20260420_22714,month_cos,0.04710962764918799
0,0,0.2,XGBoost_grid_1_AutoML_1_20260420_22714_model_6,target_lag1,1.175002695173025
0,0,0.2,XGBoost_grid_1_AutoML_1_20260420_22714_model_6,target_lag2,1.0489571285247803
0,0,0.2,XGBoost_grid_1_AutoML_1_20260420_22714_model_6,target_lag3,0.09650889283046123
0,0,0.2,XGBoost_grid_1_AutoML_1_20260420_22714_model_6,target_lag4,0.1601724897511303
0,0,0.2,XGBoost_grid_1_AutoML_1_20260420_22714_model_6,target_lag5,0.034186246823519444
0,0,0.2,XGBoost_grid_1_AutoML_1_20260420_22714_model_6,target_lag6,0.12704484535846855
0,0,0.2,XGBoost_grid_1_AutoML_1_20260420_22714_model_6,cov_HULL_lag1,0.08584658907377157
0,0,0.2,XGBoost_grid_1_AutoML_1_20260420_22714_model_6,cov_MUFL_lag1,2.376065861284733
0,0,0.2,XGBoost_grid_1_AutoML_1_20260420_22714_model_6,cov_MULL_lag1,0.07300839424133297
0,0,0.2,XGBoost_grid_1_AutoML_1_20260420_22714_model_6,cov_LUFL_lag1,0.281440035700798
0,0,0.2,XGBoost_grid_1_AutoML_1_20260420_22714_model_6,cov_LULL_lag1,0.0821749494434334
0,0,0.2,XGBoost_grid_1_AutoML_1_20260420_22714_model_6,cov_OT_lag1,0.22117170602083205
0,0,0.2,XGBoost_grid_1_AutoML_1_20260420_22714_model_6,hour_lag1,0.5720741916820407
0,0,0.2,XGBoost_grid_1_AutoML_1_20260420_22714_model_6,day_of_week_lag1,0.008943105796351977
0,0,0.2,XGBoost_grid_1_AutoML_1_20260420_22714_model_6,month_lag1,0.21495629951357842
0,0,0.2,XGBoost_grid_1_AutoML_1_20260420_22714_model_6,month_sin,0.035758352801203694
0,0,0.2,XGBoost_grid_1_AutoML_1_20260420_22714_model_6,month_cos,0.02619314987212416
0,0,0.2,XGBoost_3_AutoML_1_20260420_22714,target_lag1,1.749837208017707
0,0,0.2,XGBoost_3_AutoML_1_20260420_22714,target_lag2,0.7114584787702188
0,0,0.2,XGBoost_3_AutoML_1_20260420_22714,target_lag3,0.18447945550084113
0,0,0.2,XGBoost_3_AutoML_1_20260420_22714,target_lag4,0.1808094344148412
0,0,0.2,XGBoost_3_AutoML_1_20260420_22714,target_lag5,0.07129080799175423
0,0,0.2,XGBoost_3_AutoML_1_20260420_22714,target_lag6,0.24552372713573278
0,0,0.2,XGBoost_3_AutoML_1_20260420_22714,cov_HULL_lag1,0.07456797413527962
0,0,0.2,XGBoost_3_AutoML_1_20260420_22714,cov_MUFL_lag1,1.6623739597201348
0,0,0.2,XGBoost_3_AutoML_1_20260420_22714,cov_MULL_lag1,0.1291643858372117
0,0,0.2,XGBoost_3_AutoML_1_20260420_22714,cov_LUFL_lag1,0.815484073869884
0,0,0.2,XGBoost_3_AutoML_1_20260420_22714,cov_LULL_lag1,0.09540995107265186
0,0,0.2,XGBoost_3_AutoML_1_20260420_22714,cov_OT_lag1,0.47589982211589815
0,0,0.2,XGBoost_3_AutoML_1_20260420_22714,hour_lag1,0.5898263736069203
0,0,0.2,XGBoost_3_AutoML_1_20260420_22714,day_of_week_lag1,0.0431152053060941
0,0,0.2,XGBoost_3_AutoML_1_20260420_22714,month_lag1,0.08776475185528394
0,0,0.2,XGBoost_3_AutoML_1_20260420_22714,month_sin,0.07500849328469482
0,0,0.2,XGBoost_3_AutoML_1_20260420_22714,month_cos,0.03147847085259849
0,0,0.2,XGBoost_1_AutoML_1_20260420_22714,target_lag1,2.5748969156295063
0,0,0.2,XGBoost_1_AutoML_1_20260420_22714,target_lag2,0.594344226596877
0,0,0.2,XGBoost_1_AutoML_1_20260420_22714,target_lag3,0.1469495015684515
0,0,0.2,XGBoost_1_AutoML_1_20260420_22714,target_lag4,0.10659928621724245
0,0,0.2,XGBoost_1_AutoML_1_20260420_22714,target_lag5,0.10366506245452907
0,0,0.2,XGBoost_1_AutoML_1_20260420_22714,target_lag6,0.1886023220792412
0,0,0.2,XGBoost_1_AutoML_1_20260420_22714,cov_HULL_lag1,0.16713576629757879
0,0,0.2,XGBoost_1_AutoML_1_20260420_22714,cov_MUFL_lag1,1.2292295586317779
0,0,0.2,XGBoost_1_AutoML_1_20260420_22714,cov_MULL_lag1,0.09519960084930058
0,0,0.2,XGBoost_1_AutoML_1_20260420_22714,cov_LUFL_lag1,0.22121822567656635
0,0,0.2,XGBoost_1_AutoML_1_20260420_22714,cov_LULL_lag1,0.10505482708569612
0,0,0.2,XGBoost_1_AutoML_1_20260420_22714,cov_OT_lag1,0.14668118977919217
0,0,0.2,XGBoost_1_AutoML_1_20260420_22714,hour_lag1,0.5544517726451158
0,0,0.2,XGBoost_1_AutoML_1_20260420_22714,day_of_week_lag1,0.058334016619482953
0,0,0.2,XGBoost_1_AutoML_1_20260420_22714,month_lag1,0.2181078930012882
0,0,0.2,XGBoost_1_AutoML_1_20260420_22714,month_sin,0.06637472751550372
0,0,0.2,XGBoost_1_AutoML_1_20260420_22714,month_cos,0.05859822333324697
0,0,0.2,XGBoost_2_AutoML_1_20260420_22714,target_lag1,1.9492508466541767
0,0,0.2,XGBoost_2_AutoML_1_20260420_22714,target_lag2,0.648511742092669
0,0,0.2,XGBoost_2_AutoML_1_20260420_22714,target_lag3,0.2631325434520841
0,0,0.2,XGBoost_2_AutoML_1_20260420_22714,target_lag4,0.17010245547164227
0,0,0.2,XGBoost_2_AutoML_1_20260420_22714,target_lag5,0.08009192346362394
0,0,0.2,XGBoost_2_AutoML_1_20260420_22714,target_lag6,0.12797683455049988
0,0,0.2,XGBoost_2_AutoML_1_20260420_22714,cov_HULL_lag1,0.21317554350942372
0,0,0.2,XGBoost_2_AutoML_1_20260420_22714,cov_MUFL_lag1,1.4281170752458274
0,0,0.2,XGBoost_2_AutoML_1_20260420_22714,cov_MULL_lag1,0.13562431390397248
0,0,0.2,XGBoost_2_AutoML_1_20260420_22714,cov_LUFL_lag1,0.3036841273494065
0,0,0.2,XGBoost_2_AutoML_1_20260420_22714,cov_LULL_lag1,0.14256769722327586
0,0,0.2,XGBoost_2_AutoML_1_20260420_22714,cov_OT_lag1,0.1870377428177744
0,0,0.2,XGBoost_2_AutoML_1_20260420_22714,hour_lag1,0.5478111186623573
0,0,0.2,XGBoost_2_AutoML_1_20260420_22714,day_of_week_lag1,0.10157892895862457
0,0,0.2,XGBoost_2_AutoML_1_20260420_22714,month_lag1,0.1425177171360701
0,0,0.2,XGBoost_2_AutoML_1_20260420_22714,month_sin,0.024833910943707415
0,0,0.2,XGBoost_2_AutoML_1_20260420_22714,month_cos,0.06028568047331642
0,0,0.2,GBM_2_AutoML_1_20260420_22714,target_lag1,1.6240285500884055
0,0,0.2,GBM_2_AutoML_1_20260420_22714,target_lag2,0.8624760004878044
0,0,0.2,GBM_2_AutoML_1_20260420_22714,target_lag3,0.15561714209616181
0,0,0.2,GBM_2_AutoML_1_20260420_22714,target_lag4,0.12776781944790852
0,0,0.2,GBM_2_AutoML_1_20260420_22714,target_lag5,0.06435597100760784
0,0,0.2,GBM_2_AutoML_1_20260420_22714,target_lag6,0.05529087071889076
0,0,0.2,GBM_2_AutoML_1_20260420_22714,cov_HULL_lag1,0.13681554866954682
0,0,0.2,GBM_2_AutoML_1_20260420_22714,cov_MUFL_lag1,1.7120761712640524
0,0,0.2,GBM_2_AutoML_1_20260420_22714,cov_MULL_lag1,0.06841537980042628
0,0,0.2,GBM_2_AutoML_1_20260420_22714,cov_LUFL_lag1,0.21536273595876992
0,0,0.2,GBM_2_AutoML_1_20260420_22714,cov_LULL_lag1,0.09219534739386287
0,0,0.2,GBM_2_AutoML_1_20260420_22714,cov_OT_lag1,0.1274150968715548
0,0,0.2,GBM_2_AutoML_1_20260420_22714,hour_lag1,0.43286211509257555
0,0,0.2,GBM_2_AutoML_1_20260420_22714,day_of_week_lag1,0.05240479962783862
0,0,0.2,GBM_2_AutoML_1_20260420_22714,month_lag1,0.061612358016427574
0,0,0.2,GBM_2_AutoML_1_20260420_22714,month_sin,0.025105657133972233
0,0,0.2,GBM_2_AutoML_1_20260420_22714,month_cos,0.04120328911230895
0,0,0.2,DRF_1_AutoML_1_20260420_22714,target_lag1,1.13289288867265
0,0,0.2,DRF_1_AutoML_1_20260420_22714,target_lag2,0.8500305707752704
0,0,0.2,DRF_1_AutoML_1_20260420_22714,target_lag3,0.2512658558739349
0,0,0.2,DRF_1_AutoML_1_20260420_22714,target_lag4,0.11427980206906792
0,0,0.2,DRF_1_AutoML_1_20260420_22714,target_lag5,0.1390158365666866
0,0,0.2,DRF_1_AutoML_1_20260420_22714,target_lag6,0.09434498178306963
0,0,0.2,DRF_1_AutoML_1_20260420_22714,cov_HULL_lag1,0.10426509038661604
0,0,0.2,DRF_1_AutoML_1_20260420_22714,cov_MUFL_lag1,1.1840906476322561
0,0,0.2,DRF_1_AutoML_1_20260420_22714,cov_MULL_lag1,0.09763612422626462
0,0,0.2,DRF_1_AutoML_1_20260420_22714,cov_LUFL_lag1,0.3879414700716734
0,0,0.2,DRF_1_AutoML_1_20260420_22714,cov_LULL_lag1,0.09185772021301088
0,0,0.2,DRF_1_AutoML_1_20260420_22714,cov_OT_lag1,0.09462235826533284
0,0,0.2,DRF_1_AutoML_1_20260420_22714,hour_lag1,0.301122177336365
0,0,0.2,DRF_1_AutoML_1_20260420_22714,day_of_week_lag1,0.015770462425425603
0,0,0.2,DRF_1_AutoML_1_20260420_22714,month_lag1,0.1545689415093511
0,0,0.2,DRF_1_AutoML_1_20260420_22714,month_sin,0.018944230373017436
0,0,0.2,DRF_1_AutoML_1_20260420_22714,month_cos,0.10556411172728981
0,0,0.2,XGBoost_grid_1_AutoML_1_20260420_22714_model_3,target_lag1,1.3807866004109384
0,0,0.2,XGBoost_grid_1_AutoML_1_20260420_22714_model_3,target_lag2,0.8922576263546944
0,0,0.2,XGBoost_grid_1_AutoML_1_20260420_22714_model_3,target_lag3,0.2710562323965132
0,0,0.2,XGBoost_grid_1_AutoML_1_20260420_22714_model_3,target_lag4,0.07730419545085165
0,0,0.2,XGBoost_grid_1_AutoML_1_20260420_22714_model_3,target_lag5,0.034275064849643926
0,0,0.2,XGBoost_grid_1_AutoML_1_20260420_22714_model_3,target_lag6,0.20970049001276492
0,0,0.2,XGBoost_grid_1_AutoML_1_20260420_22714_model_3,cov_HULL_lag1,0.1222009508265182
0,0,0.2,XGBoost_grid_1_AutoML_1_20260420_22714_model_3,cov_MUFL_lag1,1.907531499620527
0,0,0.2,XGBoost_grid_1_AutoML_1_20260420_22714_model_3,cov_MULL_lag1,0.0823038683715276
0,0,0.2,XGBoost_grid_1_AutoML_1_20260420_22714_model_3,cov_LUFL_lag1,0.4019760746508837
0,0,0.2,XGBoost_grid_1_AutoML_1_20260420_22714_model_3,cov_LULL_lag1,0.1155778910941444
0,0,0.2,XGBoost_grid_1_AutoML_1_20260420_22714_model_3,cov_OT_lag1,0.13587155841640194
0,0,0.2,XGBoost_grid_1_AutoML_1_20260420_22714_model_3,hour_lag1,0.502292312355712
0,0,0.2,XGBoost_grid_1_AutoML_1_20260420_22714_model_3,day_of_week_lag1,0.026831186262424995
0,0,0.2,XGBoost_grid_1_AutoML_1_20260420_22714_model_3,month_lag1,0.1399497380852699
0,0,0.2,XGBoost_grid_1_AutoML_1_20260420_22714_model_3,month_sin,0.04678082335041831
0,0,0.2,XGBoost_grid_1_AutoML_1_20260420_22714_model_3,month_cos,0.03799364815873555
0,0,0.2,GBM_grid_1_AutoML_1_20260420_22714_model_3,target_lag1,1.3603398353606462
0,0,0.2,GBM_grid_1_AutoML_1_20260420_22714_model_3,target_lag2,0.9151104680448771
0,0,0.2,GBM_grid_1_AutoML_1_20260420_22714_model_3,target_lag3,0.780396731197834
0,0,0.2,GBM_grid_1_AutoML_1_20260420_22714_model_3,target_lag4,0.13560584838269274
0,0,0.2,GBM_grid_1_AutoML_1_20260420_22714_model_3,target_lag5,0.09664655565982681
0,0,0.2,GBM_grid_1_AutoML_1_20260420_22714_model_3,target_lag6,0.05555812336038794
0,0,0.2,GBM_grid_1_AutoML_1_20260420_22714_model_3,cov_HULL_lag1,0.03935177172766994
0,0,0.2,GBM_grid_1_AutoML_1_20260420_22714_model_3,cov_MUFL_lag1,1.3129932409524918
0,0,0.2,GBM_grid_1_AutoML_1_20260420_22714_model_3,cov_MULL_lag1,0.05589471502695229
0,0,0.2,GBM_grid_1_AutoML_1_20260420_22714_model_3,cov_LUFL_lag1,0.2510977744311094
0,0,0.2,GBM_grid_1_AutoML_1_20260420_22714_model_3,cov_LULL_lag1,0.07383914743550117
0,0,0.2,GBM_grid_1_AutoML_1_20260420_22714_model_3,cov_OT_lag1,0.19490205690264703
0,0,0.2,GBM_grid_1_AutoML_1_20260420_22714_model_3,hour_lag1,0.4867536550597288
0,0,0.2,GBM_grid_1_AutoML_1_20260420_22714_model_3,day_of_week_lag1,0.022837561063934073
0,0,0.2,GBM_grid_1_AutoML_1_20260420_22714_model_3,month_lag1,0.09089610658586021
0,0,0.2,GBM_grid_1_AutoML_1_20260420_22714_model_3,month_sin,0.03188375935889776
0,0,0.2,GBM_grid_1_AutoML_1_20260420_22714_model_3,month_cos,0.09960247866809364
0,0,0.2,XRT_1_AutoML_1_20260420_22714,target_lag1,1.2331250963360072
0,0,0.2,XRT_1_AutoML_1_20260420_22714,target_lag2,0.7239518778771162
0,0,0.2,XRT_1_AutoML_1_20260420_22714,target_lag3,0.3874674045108259
0,0,0.2,XRT_1_AutoML_1_20260420_22714,target_lag4,0.28385713152587416
0,0,0.2,XRT_1_AutoML_1_20260420_22714,target_lag5,0.4770939936954528
0,0,0.2,XRT_1_AutoML_1_20260420_22714,target_lag6,0.13021770581370215
0,0,0.2,XRT_1_AutoML_1_20260420_22714,cov_HULL_lag1,0.08475981516647149
0,0,0.2,XRT_1_AutoML_1_20260420_22714,cov_MUFL_lag1,1.1528231089562178
0,0,0.2,XRT_1_AutoML_1_20260420_22714,cov_MULL_lag1,0.04539012192253716
0,0,0.2,XRT_1_AutoML_1_20260420_22714,cov_LUFL_lag1,0.24196726496098564
0,0,0.2,XRT_1_AutoML_1_20260420_22714,cov_LULL_lag1,0.08796642006142061
0,0,0.2,XRT_1_AutoML_1_20260420_22714,cov_OT_lag1,0.12781158218160268
0,0,0.2,XRT_1_AutoML_1_20260420_22714,hour_lag1,0.32958164375275373
0,0,0.2,XRT_1_AutoML_1_20260420_22714,day_of_week_lag1,0.06650133952978644
0,0,0.2,XRT_1_AutoML_1_20260420_22714,month_lag1,0.12637160688638682
0,0,0.2,XRT_1_AutoML_1_20260420_22714,month_sin,0.03433066264027725
0,0,0.2,XRT_1_AutoML_1_20260420_22714,month_cos,0.09666570466011759
0,0,0.2,GBM_grid_1_AutoML_1_20260420_22714_model_2,target_lag1,1.689946646988392
0,0,0.2,GBM_grid_1_AutoML_1_20260420_22714_model_2,target_lag2,0.2865794633701444
0,0,0.2,GBM_grid_1_AutoML_1_20260420_22714_model_2,target_lag3,0.26536754133179785
0,0,0.2,GBM_grid_1_AutoML_1_20260420_22714_model_2,target_lag4,0.015692748241126483
0,0,0.2,GBM_grid_1_AutoML_1_20260420_22714_model_2,target_lag5,0.08988027031533416
0,0,0.2,GBM_grid_1_AutoML_1_20260420_22714_model_2,target_lag6,0.10985091499052939
0,0,0.2,GBM_grid_1_AutoML_1_20260420_22714_model_2,cov_HULL_lag1,0.013354793919715986
0,0,0.2,GBM_grid_1_AutoML_1_20260420_22714_model_2,cov_MUFL_lag1,1.911519294194877
0,0,0.2,GBM_grid_1_AutoML_1_20260420_22714_model_2,cov_MULL_lag1,0.04073882835800755
0,0,0.2,GBM_grid_1_AutoML_1_20260420_22714_model_2,cov_LUFL_lag1,0.20860358152538536
0,0,0.2,GBM_grid_1_AutoML_1_20260420_22714_model_2,cov_LULL_lag1,0.09793111686478366
0,0,0.2,GBM_grid_1_AutoML_1_20260420_22714_model_2,cov_OT_lag1,0.11950230217538771
0,0,0.2,GBM_grid_1_AutoML_1_20260420_22714_model_2,hour_lag1,0.48377604588866235
0,0,0.2,GBM_grid_1_AutoML_1_20260420_22714_model_2,day_of_week_lag1,0.010621594666736156
0,0,0.2,GBM_grid_1_AutoML_1_20260420_22714_model_2,month_lag1,0.07830148361623283
0,0,0.2,GBM_grid_1_AutoML_1_20260420_22714_model_2,month_sin,0.030689210556447463
0,0,0.2,GBM_grid_1_AutoML_1_20260420_22714_model_2,month_cos,0.0356536700064316
0,0,0.2,GBM_1_AutoML_1_20260420_22714,target_lag1,1.5033650124073028
0,0,0.2,GBM_1_AutoML_1_20260420_22714,target_lag2,0.43627786852419376
0,0,0.2,GBM_1_AutoML_1_20260420_22714,target_lag3,0.18106603920459746
0,0,0.2,GBM_1_AutoML_1_20260420_22714,target_lag4,0.10319009074242783
0,0,0.2,GBM_1_AutoML_1_20260420_22714,target_lag5,0.06065278460970143
0,0,0.2,GBM_1_AutoML_1_20260420_22714,target_lag6,0.08828603788046163
0,0,0.2,GBM_1_AutoML_1_20260420_22714,cov_HULL_lag1,0.020780119960254487
0,0,0.2,GBM_1_AutoML_1_20260420_22714,cov_MUFL_lag1,1.955588404685259
0,0,0.2,GBM_1_AutoML_1_20260420_22714,cov_MULL_lag1,0.01916379105648952
0,0,0.2,GBM_1_AutoML_1_20260420_22714,cov_LUFL_lag1,0.2936901055276394
0,0,0.2,GBM_1_AutoML_1_20260420_22714,cov_LULL_lag1,0.07689240752719338
0,0,0.2,GBM_1_AutoML_1_20260420_22714,cov_OT_lag1,0.1241688766982406
0,0,0.2,GBM_1_AutoML_1_20260420_22714,hour_lag1,0.46508152012713255
0,0,0.2,GBM_1_AutoML_1_20260420_22714,day_of_week_lag1,0.007312551143695556
0,0,0.2,GBM_1_AutoML_1_20260420_22714,month_lag1,0.13067654140293594
0,0,0.2,GBM_1_AutoML_1_20260420_22714,month_sin,0.026655079945921853
0,0,0.2,GBM_1_AutoML_1_20260420_22714,month_cos,0.031186867821961596
0,0,0.2,GBM_grid_1_AutoML_1_20260420_22714_model_1,target_lag1,0.8735072054713965
0,0,0.2,GBM_grid_1_AutoML_1_20260420_22714_model_1,target_lag2,0.33270405635237693
0,0,0.2,GBM_grid_1_AutoML_1_20260420_22714_model_1,target_lag3,0.1904659800603985
0,0,0.2,GBM_grid_1_AutoML_1_20260420_22714_model_1,target_lag4,0.07061556616390585
0,0,0.2,GBM_grid_1_AutoML_1_20260420_22714_model_1,target_lag5,0.16059892404591658
0,0,0.2,GBM_grid_1_AutoML_1_20260420_22714_model_1,target_lag6,0.12955555469903626
0,0,0.2,GBM_grid_1_AutoML_1_20260420_22714_model_1,cov_HULL_lag1,0.05327600127784532
0,0,0.2,GBM_grid_1_AutoML_1_20260420_22714_model_1,cov_MUFL_lag1,2.3389396515488623
0,0,0.2,GBM_grid_1_AutoML_1_20260420_22714_model_1,cov_MULL_lag1,0.0899731692904606
0,0,0.2,GBM_grid_1_AutoML_1_20260420_22714_model_1,cov_LUFL_lag1,0.37810879316180945
0,0,0.2,GBM_grid_1_AutoML_1_20260420_22714_model_1,cov_LULL_lag1,0.08622236900962886
0,0,0.2,GBM_grid_1_AutoML_1_20260420_22714_model_1,cov_OT_lag1,0.14477417211048302
0,0,0.2,GBM_grid_1_AutoML_1_20260420_22714_model_1,hour_lag1,0.4179744112491608
0,0,0.2,GBM_grid_1_AutoML_1_20260420_22714_model_1,day_of_week_lag1,0.013946634643943941
0,0,0.2,GBM_grid_1_AutoML_1_20260420_22714_model_1,month_lag1,0.1452098700404167
0,0,0.2,GBM_grid_1_AutoML_1_20260420_22714_model_1,month_sin,0.009487660469603679
0,0,0.2,GBM_grid_1_AutoML_1_20260420_22714_model_1,month_cos,0.08395568587351587
0,0,0.3,GLM_1_AutoML_1_20260420_22714,target_lag1,2.8394551778244814
0,0,0.3,GLM_1_AutoML_1_20260420_22714,target_lag2,0.07769431299046586
0,0,0.3,GLM_1_AutoML_1_20260420_22714,target_lag3,0.9871029989366933
0,0,0.3,GLM_1_AutoML_1_20260420_22714,target_lag4,0.47965837826056584
0,0,0.3,GLM_1_AutoML_1_20260420_22714,target_lag5,0.09005457847184824
0,0,0.3,GLM_1_AutoML_1_20260420_22714,target_lag6,0.4412019869280428
0,0,0.3,GLM_1_AutoML_1_20260420_22714,cov_HULL_lag1,0.06725570185369004
0,0,0.3,GLM_1_AutoML_1_20260420_22714,cov_MUFL_lag1,3.8003781184790966
0,0,0.3,GLM_1_AutoML_1_20260420_22714,cov_MULL_lag1,0.005692888244502484
0,0,0.3,GLM_1_AutoML_1_20260420_22714,cov_LUFL_lag1,0.08235469040337745
0,0,0.3,GLM_1_AutoML_1_20260420_22714,cov_LULL_lag1,0.017670576624297274
0,0,0.3,GLM_1_AutoML_1_20260420_22714,cov_OT_lag1,0.08524435646592039
0,0,0.3,GLM_1_AutoML_1_20260420_22714,hour_lag1,0.5160490942659315
0,0,0.3,GLM_1_AutoML_1_20260420_22714,day_of_week_lag1,0.012751038564931696
0,0,0.3,GLM_1_AutoML_1_20260420_22714,month_lag1,0.0422668728537466
0,0,0.3,GLM_1_AutoML_1_20260420_22714,month_sin,0.16395319779782913
0,0,0.3,GLM_1_AutoML_1_20260420_22714,month_cos,0.12280091806007823
0,0,0.3,GLM_1_AutoML_1_20260420_22714,year,0.0
0,0,0.3,XGBoost_grid_1_AutoML_1_20260420_22714_model_2,target_lag1,2.1313548707962036
0,0,0.3,XGBoost_grid_1_AutoML_1_20260420_22714_model_2,target_lag2,0.35188789157255085
0,0,0.3,XGBoost_grid_1_AutoML_1_20260420_22714_model_2,target_lag3,0.1614563617110252
0,0,0.3,XGBoost_grid_1_AutoML_1_20260420_22714_model_2,target_lag4,0.06374829531530846
0,0,0.3,XGBoost_grid_1_AutoML_1_20260420_22714_model_2,target_lag5,0.09306661267764862
0,0,0.3,XGBoost_grid_1_AutoML_1_20260420_22714_model_2,target_lag6,0.11906372872326752
0,0,0.3,XGBoost_grid_1_AutoML_1_20260420_22714_model_2,cov_HULL_lag1,0.07813126344699409
0,0,0.3,XGBoost_grid_1_AutoML_1_20260420_22714_model_2,cov_MUFL_lag1,2.089622610062361
0,0,0.3,XGBoost_grid_1_AutoML_1_20260420_22714_model_2,cov_MULL_lag1,0.12721032032743093
0,0,0.3,XGBoost_grid_1_AutoML_1_20260420_22714_model_2,cov_LUFL_lag1,0.2413301919546211
0,0,0.3,XGBoost_grid_1_AutoML_1_20260420_22714_model_2,cov_LULL_lag1,0.06528460600646209
0,0,0.3,XGBoost_grid_1_AutoML_1_20260420_22714_model_2,cov_OT_lag1,0.21374895621091128
0,0,0.3,XGBoost_grid_1_AutoML_1_20260420_22714_model_2,hour_lag1,0.4687973500043154
0,0,0.3,XGBoost_grid_1_AutoML_1_20260420_22714_model_2,day_of_week_lag1,0.06938574443105604
0,0,0.3,XGBoost_grid_1_AutoML_1_20260420_22714_model_2,month_lag1,0.11142015737481412
0,0,0.3,XGBoost_grid_1_AutoML_1_20260420_22714_model_2,month_sin,0.048256393964402344
0,0,0.3,XGBoost_grid_1_AutoML_1_20260420_22714_model_2,month_cos,0.022364987008040727
0,0,0.3,XGBoost_grid_1_AutoML_1_20260420_22714_model_5,target_lag1,1.7231944435834885
0,0,0.3,XGBoost_grid_1_AutoML_1_20260420_22714_model_5,target_lag2,0.1464198342710733
0,0,0.3,XGBoost_grid_1_AutoML_1_20260420_22714_model_5,target_lag3,0.07862476316979151
0,0,0.3,XGBoost_grid_1_AutoML_1_20260420_22714_model_5,target_lag4,0.12625010177143847
0,0,0.3,XGBoost_grid_1_AutoML_1_20260420_22714_model_5,target_lag5,0.04040007926989343
0,0,0.3,XGBoost_grid_1_AutoML_1_20260420_22714_model_5,target_lag6,0.131534847645089
0,0,0.3,XGBoost_grid_1_AutoML_1_20260420_22714_model_5,cov_HULL_lag1,0.08028980975504961
0,0,0.3,XGBoost_grid_1_AutoML_1_20260420_22714_model_5,cov_MUFL_lag1,2.2972546297311784
0,0,0.3,XGBoost_grid_1_AutoML_1_20260420_22714_model_5,cov_MULL_lag1,0.047515161420451445
0,0,0.3,XGBoost_grid_1_AutoML_1_20260420_22714_model_5,cov_LUFL_lag1,0.29255422923713925
0,0,0.3,XGBoost_grid_1_AutoML_1_20260420_22714_model_5,cov_LULL_lag1,0.11006487593287599
0,0,0.3,XGBoost_grid_1_AutoML_1_20260420_22714_model_5,cov_OT_lag1,0.4667551189661026
0,0,0.3,XGBoost_grid_1_AutoML_1_20260420_22714_model_5,hour_lag1,0.5245889530703426
0,0,0.3,XGBoost_grid_1_AutoML_1_20260420_22714_model_5,day_of_week_lag1,0.024429113264195577
0,0,0.3,XGBoost_grid_1_AutoML_1_20260420_22714_model_5,month_lag1,0.10189028722699728
0,0,0.3,XGBoost_grid_1_AutoML_1_20260420_22714_model_5,month_sin,0.041224772932473515
0,0,0.3,XGBoost_grid_1_AutoML_1_20260420_22714_model_5,month_cos,0.04674605252221223
0,0,0.3,XGBoost_grid_1_AutoML_1_20260420_22714_model_1,target_lag1,2.303380917906761
0,0,0.3,XGBoost_grid_1_AutoML_1_20260420_22714_model_1,target_lag2,0.26193520368426104
0,0,0.3,XGBoost_grid_1_AutoML_1_20260420_22714_model_1,target_lag3,0.21813553920947015
0,0,0.3,XGBoost_grid_1_AutoML_1_20260420_22714_model_1,target_lag4,0.06720816271845247
0,0,0.3,XGBoost_grid_1_AutoML_1_20260420_22714_model_1,target_lag5,0.08644866166112475
0,0,0.3,XGBoost_grid_1_AutoML_1_20260420_22714_model_1,target_lag6,0.10282515116967257
0,0,0.3,XGBoost_grid_1_AutoML_1_20260420_22714_model_1,cov_HULL_lag1,0.13197971613437398
0,0,0.3,XGBoost_grid_1_AutoML_1_20260420_22714_model_1,cov_MUFL_lag1,2.099483560835943
0,0,0.3,XGBoost_grid_1_AutoML_1_20260420_22714_model_1,cov_MULL_lag1,0.10520848629297685
0,0,0.3,XGBoost_grid_1_AutoML_1_20260420_22714_model_1,cov_LUFL_lag1,0.26310859599150715
0,0,0.3,XGBoost_grid_1_AutoML_1_20260420_22714_model_1,cov_LULL_lag1,0.0926604418456554
0,0,0.3,XGBoost_grid_1_AutoML_1_20260420_22714_model_1,cov_OT_lag1,0.26828503131866455
0,0,0.3,XGBoost_grid_1_AutoML_1_20260420_22714_model_1,hour_lag1,0.5383293502405286
0,0,0.3,XGBoost_grid_1_AutoML_1_20260420_22714_model_1,day_of_week_lag1,0.03631392543436954
0,0,0.3,XGBoost_grid_1_AutoML_1_20260420_22714_model_1,month_lag1,0.08982651979662475
0,0,0.3,XGBoost_grid_1_AutoML_1_20260420_22714_model_1,month_sin,0.024764164733351163
0,0,0.3,XGBoost_grid_1_AutoML_1_20260420_22714_model_1,month_cos,0.017271497569599843
0,0,0.3,GBM_4_AutoML_1_20260420_22714,target_lag1,1.7203160349279643
0,0,0.3,GBM_4_AutoML_1_20260420_22714,target_lag2,0.49016572842374445
0,0,0.3,GBM_4_AutoML_1_20260420_22714,target_lag3,0.31062474206089974
0,0,0.3,GBM_4_AutoML_1_20260420_22714,target_lag4,0.10246589716989543
0,0,0.3,GBM_4_AutoML_1_20260420_22714,target_lag5,0.07913275980856266
0,0,0.3,GBM_4_AutoML_1_20260420_22714,target_lag6,0.09814795299433168
0,0,0.3,GBM_4_AutoML_1_20260420_22714,cov_HULL_lag1,0.09238881364755795
0,0,0.3,GBM_4_AutoML_1_20260420_22714,cov_MUFL_lag1,1.7968427880108357
0,0,0.3,GBM_4_AutoML_1_20260420_22714,cov_MULL_lag1,0.05823986149625848
0,0,0.3,GBM_4_AutoML_1_20260420_22714,cov_LUFL_lag1,0.4544528849422932
0,0,0.3,GBM_4_AutoML_1_20260420_22714,cov_LULL_lag1,0.050969995539271576
0,0,0.3,GBM_4_AutoML_1_20260420_22714,cov_OT_lag1,0.1759370273351669
0,0,0.3,GBM_4_AutoML_1_20260420_22714,hour_lag1,0.42396041691303255
0,0,0.3,GBM_4_AutoML_1_20260420_22714,day_of_week_lag1,0.04068628558656196
0,0,0.3,GBM_4_AutoML_1_20260420_22714,month_lag1,0.08916858315467831
0,0,0.3,GBM_4_AutoML_1_20260420_22714,month_sin,0.02593053673539539
0,0,0.3,GBM_4_AutoML_1_20260420_22714,month_cos,0.04414093407220203
0,0,0.3,XGBoost_grid_1_AutoML_1_20260420_22714_model_4,target_lag1,2.576084769964218
0,0,0.3,XGBoost_grid_1_AutoML_1_20260420_22714_model_4,target_lag2,0.2738011581916362
0,0,0.3,XGBoost_grid_1_AutoML_1_20260420_22714_model_4,target_lag3,0.12954607605002816
0,0,0.3,XGBoost_grid_1_AutoML_1_20260420_22714_model_4,target_lag4,0.08049692695029076
0,0,0.3,XGBoost_grid_1_AutoML_1_20260420_22714_model_4,target_lag5,0.0890228776307776
0,0,0.3,XGBoost_grid_1_AutoML_1_20260420_22714_model_4,target_lag6,0.11877380926162001
0,0,0.3,XGBoost_grid_1_AutoML_1_20260420_22714_model_4,cov_HULL_lag1,0.10204424325842407
0,0,0.3,XGBoost_grid_1_AutoML_1_20260420_22714_model_4,cov_MUFL_lag1,1.8253660221397876
0,0,0.3,XGBoost_grid_1_AutoML_1_20260420_22714_model_4,cov_MULL_lag1,0.14119209523545576
0,0,0.3,XGBoost_grid_1_AutoML_1_20260420_22714_model_4,cov_LUFL_lag1,0.2007494112290442
0,0,0.3,XGBoost_grid_1_AutoML_1_20260420_22714_model_4,cov_LULL_lag1,0.10213179435813796
0,0,0.3,XGBoost_grid_1_AutoML_1_20260420_22714_model_4,cov_OT_lag1,0.19985394615679974
0,0,0.3,XGBoost_grid_1_AutoML_1_20260420_22714_model_4,hour_lag1,0.4481649211794138
0,0,0.3,XGBoost_grid_1_AutoML_1_20260420_22714_model_4,day_of_week_lag1,0.039765617772354704
0,0,0.3,XGBoost_grid_1_AutoML_1_20260420_22714_model_4,month_lag1,0.11247347008436914
0,0,0.3,XGBoost_grid_1_AutoML_1_20260420_22714_model_4,month_sin,0.048971381190058276
0,0,0.3,XGBoost_grid_1_AutoML_1_20260420_22714_model_4,month_cos,0.08676247175782915
0,0,0.3,GBM_3_AutoML_1_20260420_22714,target_lag1,2.227763800472021
0,0,0.3,GBM_3_AutoML_1_20260420_22714,target_lag2,0.5080359535734169
0,0,0.3,GBM_3_AutoML_1_20260420_22714,target_lag3,0.16271869128104297
0,0,0.3,GBM_3_AutoML_1_20260420_22714,target_lag4,0.12331317924428728
0,0,0.3,GBM_3_AutoML_1_20260420_22714,target_lag5,0.06080628452036759
0,0,0.3,GBM_3_AutoML_1_20260420_22714,target_lag6,0.08919925094582137
0,0,0.3,GBM_3_AutoML_1_20260420_22714,cov_HULL_lag1,0.03583856211276721
0,0,0.3,GBM_3_AutoML_1_20260420_22714,cov_MUFL_lag1,1.584214649349451
0,0,0.3,GBM_3_AutoML_1_20260420_22714,cov_MULL_lag1,0.07181256209034469
0,0,0.3,GBM_3_AutoML_1_20260420_22714,cov_LUFL_lag1,0.3394028501957655
0,0,0.3,GBM_3_AutoML_1_20260420_22714,cov_LULL_lag1,0.06800877705216403
0,0,0.3,GBM_3_AutoML_1_20260420_22714,cov_OT_lag1,0.12299038840457793
0,0,0.3,GBM_3_AutoML_1_20260420_22714,hour_lag1,0.4594412983395159
0,0,0.3,GBM_3_AutoML_1_20260420_22714,day_of_week_lag1,0.05432995223440226
0,0,0.3,GBM_3_AutoML_1_20260420_22714,month_lag1,0.0652223226614296
0,0,0.3,GBM_3_AutoML_1_20260420_22714,month_sin,0.03148930061142887
0,0,0.3,GBM_3_AutoML_1_20260420_22714,month_cos,0.0637157233804464
0,0,0.3,GBM_5_AutoML_1_20260420_22714,target_lag1,1.9401480863988398
0,0,0.3,GBM_5_AutoML_1_20260420_22714,target_lag2,0.7231235526129604
0,0,0.3,GBM_5_AutoML_1_20260420_22714,target_lag3,0.12846042959019538
0,0,0.3,GBM_5_AutoML_1_20260420_22714,target_lag4,0.11345575557323169
0,0,0.3,GBM_5_AutoML_1_20260420_22714,target_lag5,0.05530984876211729
0,0,0.3,GBM_5_AutoML_1_20260420_22714,target_lag6,0.1269197374535724
0,0,0.3,GBM_5_AutoML_1_20260420_22714,cov_HULL_lag1,0.11153013407252725
0,0,0.3,GBM_5_AutoML_1_20260420_22714,cov_MUFL_lag1,1.6630105500668286
0,0,0.3,GBM_5_AutoML_1_20260420_22714,cov_MULL_lag1,0.07904492132831362
0,0,0.3,GBM_5_AutoML_1_20260420_22714,cov_LUFL_lag1,0.1929436075501144
0,0,0.3,GBM_5_AutoML_1_20260420_22714,cov_LULL_lag1,0.07669108032714572
0,0,0.3,GBM_5_AutoML_1_20260420_22714,cov_OT_lag1,0.18989526763558384
0,0,0.3,GBM_5_AutoML_1_20260420_22714,hour_lag1,0.4586682733148336
0,0,0.3,GBM_5_AutoML_1_20260420_22714,day_of_week_lag1,0.03403178286680482
0,0,0.3,GBM_5_AutoML_1_20260420_22714,month_lag1,0.09060448711970817
0,0,0.3,GBM_5_AutoML_1_20260420_22714,month_sin,0.025942396428435998
0,0,0.3,GBM_5_AutoML_1_20260420_22714,month_cos,0.04710962764918799
0,0,0.3,XGBoost_grid_1_AutoML_1_20260420_22714_model_6,target_lag1,1.175002695173025
0,0,0.3,XGBoost_grid_1_AutoML_1_20260420_22714_model_6,target_lag2,1.0489571285247803
0,0,0.3,XGBoost_grid_1_AutoML_1_20260420_22714_model_6,target_lag3,0.09650889283046123
0,0,0.3,XGBoost_grid_1_AutoML_1_20260420_22714_model_6,target_lag4,0.1601724897511303
0,0,0.3,XGBoost_grid_1_AutoML_1_20260420_22714_model_6,target_lag5,0.034186246823519444
0,0,0.3,XGBoost_grid_1_AutoML_1_20260420_22714_model_6,target_lag6,0.12704484535846855
0,0,0.3,XGBoost_grid_1_AutoML_1_20260420_22714_model_6,cov_HULL_lag1,0.08584658907377157
0,0,0.3,XGBoost_grid_1_AutoML_1_20260420_22714_model_6,cov_MUFL_lag1,2.376065861284733
0,0,0.3,XGBoost_grid_1_AutoML_1_20260420_22714_model_6,cov_MULL_lag1,0.07300839424133297
0,0,0.3,XGBoost_grid_1_AutoML_1_20260420_22714_model_6,cov_LUFL_lag1,0.281440035700798
0,0,0.3,XGBoost_grid_1_AutoML_1_20260420_22714_model_6,cov_LULL_lag1,0.0821749494434334
0,0,0.3,XGBoost_grid_1_AutoML_1_20260420_22714_model_6,cov_OT_lag1,0.22117170602083205
0,0,0.3,XGBoost_grid_1_AutoML_1_20260420_22714_model_6,hour_lag1,0.5720741916820407
0,0,0.3,XGBoost_grid_1_AutoML_1_20260420_22714_model_6,day_of_week_lag1,0.008943105796351977
0,0,0.3,XGBoost_grid_1_AutoML_1_20260420_22714_model_6,month_lag1,0.21495629951357842
0,0,0.3,XGBoost_grid_1_AutoML_1_20260420_22714_model_6,month_sin,0.035758352801203694
0,0,0.3,XGBoost_grid_1_AutoML_1_20260420_22714_model_6,month_cos,0.02619314987212416
0,0,0.3,XGBoost_3_AutoML_1_20260420_22714,target_lag1,1.749837208017707
0,0,0.3,XGBoost_3_AutoML_1_20260420_22714,target_lag2,0.7114584787702188
0,0,0.3,XGBoost_3_AutoML_1_20260420_22714,target_lag3,0.18447945550084113
0,0,0.3,XGBoost_3_AutoML_1_20260420_22714,target_lag4,0.1808094344148412
0,0,0.3,XGBoost_3_AutoML_1_20260420_22714,target_lag5,0.07129080799175423
0,0,0.3,XGBoost_3_AutoML_1_20260420_22714,target_lag6,0.24552372713573278
0,0,0.3,XGBoost_3_AutoML_1_20260420_22714,cov_HULL_lag1,0.07456797413527962
0,0,0.3,XGBoost_3_AutoML_1_20260420_22714,cov_MUFL_lag1,1.6623739597201348
0,0,0.3,XGBoost_3_AutoML_1_20260420_22714,cov_MULL_lag1,0.1291643858372117
0,0,0.3,XGBoost_3_AutoML_1_20260420_22714,cov_LUFL_lag1,0.815484073869884
0,0,0.3,XGBoost_3_AutoML_1_20260420_22714,cov_LULL_lag1,0.09540995107265186
0,0,0.3,XGBoost_3_AutoML_1_20260420_22714,cov_OT_lag1,0.47589982211589815
0,0,0.3,XGBoost_3_AutoML_1_20260420_22714,hour_lag1,0.5898263736069203
0,0,0.3,XGBoost_3_AutoML_1_20260420_22714,day_of_week_lag1,0.0431152053060941
0,0,0.3,XGBoost_3_AutoML_1_20260420_22714,month_lag1,0.08776475185528394
0,0,0.3,XGBoost_3_AutoML_1_20260420_22714,month_sin,0.07500849328469482
0,0,0.3,XGBoost_3_AutoML_1_20260420_22714,month_cos,0.03147847085259849
0,0,0.3,XGBoost_1_AutoML_1_20260420_22714,target_lag1,2.5748969156295063
0,0,0.3,XGBoost_1_AutoML_1_20260420_22714,target_lag2,0.594344226596877
0,0,0.3,XGBoost_1_AutoML_1_20260420_22714,target_lag3,0.1469495015684515
0,0,0.3,XGBoost_1_AutoML_1_20260420_22714,target_lag4,0.10659928621724245
0,0,0.3,XGBoost_1_AutoML_1_20260420_22714,target_lag5,0.10366506245452907
0,0,0.3,XGBoost_1_AutoML_1_20260420_22714,target_lag6,0.1886023220792412
0,0,0.3,XGBoost_1_AutoML_1_20260420_22714,cov_HULL_lag1,0.16713576629757879
0,0,0.3,XGBoost_1_AutoML_1_20260420_22714,cov_MUFL_lag1,1.2292295586317779
0,0,0.3,XGBoost_1_AutoML_1_20260420_22714,cov_MULL_lag1,0.09519960084930058
0,0,0.3,XGBoost_1_AutoML_1_20260420_22714,cov_LUFL_lag1,0.22121822567656635
0,0,0.3,XGBoost_1_AutoML_1_20260420_22714,cov_LULL_lag1,0.10505482708569612
0,0,0.3,XGBoost_1_AutoML_1_20260420_22714,cov_OT_lag1,0.14668118977919217
0,0,0.3,XGBoost_1_AutoML_1_20260420_22714,hour_lag1,0.5544517726451158
0,0,0.3,XGBoost_1_AutoML_1_20260420_22714,day_of_week_lag1,0.058334016619482953
0,0,0.3,XGBoost_1_AutoML_1_20260420_22714,month_lag1,0.2181078930012882
0,0,0.3,XGBoost_1_AutoML_1_20260420_22714,month_sin,0.06637472751550372
0,0,0.3,XGBoost_1_AutoML_1_20260420_22714,month_cos,0.05859822333324697
0,0,0.3,XGBoost_2_AutoML_1_20260420_22714,target_lag1,1.9492508466541767
0,0,0.3,XGBoost_2_AutoML_1_20260420_22714,target_lag2,0.648511742092669
0,0,0.3,XGBoost_2_AutoML_1_20260420_22714,target_lag3,0.2631325434520841
0,0,0.3,XGBoost_2_AutoML_1_20260420_22714,target_lag4,0.17010245547164227
0,0,0.3,XGBoost_2_AutoML_1_20260420_22714,target_lag5,0.08009192346362394
0,0,0.3,XGBoost_2_AutoML_1_20260420_22714,target_lag6,0.12797683455049988
0,0,0.3,XGBoost_2_AutoML_1_20260420_22714,cov_HULL_lag1,0.21317554350942372
0,0,0.3,XGBoost_2_AutoML_1_20260420_22714,cov_MUFL_lag1,1.4281170752458274
0,0,0.3,XGBoost_2_AutoML_1_20260420_22714,cov_MULL_lag1,0.13562431390397248
0,0,0.3,XGBoost_2_AutoML_1_20260420_22714,cov_LUFL_lag1,0.3036841273494065
0,0,0.3,XGBoost_2_AutoML_1_20260420_22714,cov_LULL_lag1,0.14256769722327586
0,0,0.3,XGBoost_2_AutoML_1_20260420_22714,cov_OT_lag1,0.1870377428177744
0,0,0.3,XGBoost_2_AutoML_1_20260420_22714,hour_lag1,0.5478111186623573
0,0,0.3,XGBoost_2_AutoML_1_20260420_22714,day_of_week_lag1,0.10157892895862457
0,0,0.3,XGBoost_2_AutoML_1_20260420_22714,month_lag1,0.1425177171360701
0,0,0.3,XGBoost_2_AutoML_1_20260420_22714,month_sin,0.024833910943707415
0,0,0.3,XGBoost_2_AutoML_1_20260420_22714,month_cos,0.06028568047331642
0,0,0.3,GBM_2_AutoML_1_20260420_22714,target_lag1,1.6240285500884055
0,0,0.3,GBM_2_AutoML_1_20260420_22714,target_lag2,0.8624760004878044
0,0,0.3,GBM_2_AutoML_1_20260420_22714,target_lag3,0.15561714209616181
0,0,0.3,GBM_2_AutoML_1_20260420_22714,target_lag4,0.12776781944790852
0,0,0.3,GBM_2_AutoML_1_20260420_22714,target_lag5,0.06435597100760784
0,0,0.3,GBM_2_AutoML_1_20260420_22714,target_lag6,0.05529087071889076
0,0,0.3,GBM_2_AutoML_1_20260420_22714,cov_HULL_lag1,0.13681554866954682
0,0,0.3,GBM_2_AutoML_1_20260420_22714,cov_MUFL_lag1,1.7120761712640524
0,0,0.3,GBM_2_AutoML_1_20260420_22714,cov_MULL_lag1,0.06841537980042628
0,0,0.3,GBM_2_AutoML_1_20260420_22714,cov_LUFL_lag1,0.21536273595876992
0,0,0.3,GBM_2_AutoML_1_20260420_22714,cov_LULL_lag1,0.09219534739386287
0,0,0.3,GBM_2_AutoML_1_20260420_22714,cov_OT_lag1,0.1274150968715548
0,0,0.3,GBM_2_AutoML_1_20260420_22714,hour_lag1,0.43286211509257555
0,0,0.3,GBM_2_AutoML_1_20260420_22714,day_of_week_lag1,0.05240479962783862
0,0,0.3,GBM_2_AutoML_1_20260420_22714,month_lag1,0.061612358016427574
0,0,0.3,GBM_2_AutoML_1_20260420_22714,month_sin,0.025105657133972233
0,0,0.3,GBM_2_AutoML_1_20260420_22714,month_cos,0.04120328911230895
0,0,0.3,DRF_1_AutoML_1_20260420_22714,target_lag1,1.13289288867265
0,0,0.3,DRF_1_AutoML_1_20260420_22714,target_lag2,0.8500305707752704
0,0,0.3,DRF_1_AutoML_1_20260420_22714,target_lag3,0.2512658558739349
0,0,0.3,DRF_1_AutoML_1_20260420_22714,target_lag4,0.11427980206906792
0,0,0.3,DRF_1_AutoML_1_20260420_22714,target_lag5,0.1390158365666866
0,0,0.3,DRF_1_AutoML_1_20260420_22714,target_lag6,0.09434498178306963
0,0,0.3,DRF_1_AutoML_1_20260420_22714,cov_HULL_lag1,0.10426509038661604
0,0,0.3,DRF_1_AutoML_1_20260420_22714,cov_MUFL_lag1,1.1840906476322561
0,0,0.3,DRF_1_AutoML_1_20260420_22714,cov_MULL_lag1,0.09763612422626462
0,0,0.3,DRF_1_AutoML_1_20260420_22714,cov_LUFL_lag1,0.3879414700716734
0,0,0.3,DRF_1_AutoML_1_20260420_22714,cov_LULL_lag1,0.09185772021301088
0,0,0.3,DRF_1_AutoML_1_20260420_22714,cov_OT_lag1,0.09462235826533284
0,0,0.3,DRF_1_AutoML_1_20260420_22714,hour_lag1,0.301122177336365
0,0,0.3,DRF_1_AutoML_1_20260420_22714,day_of_week_lag1,0.015770462425425603
0,0,0.3,DRF_1_AutoML_1_20260420_22714,month_lag1,0.1545689415093511
0,0,0.3,DRF_1_AutoML_1_20260420_22714,month_sin,0.018944230373017436
0,0,0.3,DRF_1_AutoML_1_20260420_22714,month_cos,0.10556411172728981
0,0,0.3,XGBoost_grid_1_AutoML_1_20260420_22714_model_3,target_lag1,1.3807866004109384
0,0,0.3,XGBoost_grid_1_AutoML_1_20260420_22714_model_3,target_lag2,0.8922576263546944
0,0,0.3,XGBoost_grid_1_AutoML_1_20260420_22714_model_3,target_lag3,0.2710562323965132
0,0,0.3,XGBoost_grid_1_AutoML_1_20260420_22714_model_3,target_lag4,0.07730419545085165
0,0,0.3,XGBoost_grid_1_AutoML_1_20260420_22714_model_3,target_lag5,0.034275064849643926
0,0,0.3,XGBoost_grid_1_AutoML_1_20260420_22714_model_3,target_lag6,0.20970049001276492
0,0,0.3,XGBoost_grid_1_AutoML_1_20260420_22714_model_3,cov_HULL_lag1,0.1222009508265182
0,0,0.3,XGBoost_grid_1_AutoML_1_20260420_22714_model_3,cov_MUFL_lag1,1.907531499620527
0,0,0.3,XGBoost_grid_1_AutoML_1_20260420_22714_model_3,cov_MULL_lag1,0.0823038683715276
0,0,0.3,XGBoost_grid_1_AutoML_1_20260420_22714_model_3,cov_LUFL_lag1,0.4019760746508837
0,0,0.3,XGBoost_grid_1_AutoML_1_20260420_22714_model_3,cov_LULL_lag1,0.1155778910941444
0,0,0.3,XGBoost_grid_1_AutoML_1_20260420_22714_model_3,cov_OT_lag1,0.13587155841640194
0,0,0.3,XGBoost_grid_1_AutoML_1_20260420_22714_model_3,hour_lag1,0.502292312355712
0,0,0.3,XGBoost_grid_1_AutoML_1_20260420_22714_model_3,day_of_week_lag1,0.026831186262424995
0,0,0.3,XGBoost_grid_1_AutoML_1_20260420_22714_model_3,month_lag1,0.1399497380852699
0,0,0.3,XGBoost_grid_1_AutoML_1_20260420_22714_model_3,month_sin,0.04678082335041831
0,0,0.3,XGBoost_grid_1_AutoML_1_20260420_22714_model_3,month_cos,0.03799364815873555
0,0,0.3,GBM_grid_1_AutoML_1_20260420_22714_model_3,target_lag1,1.3603398353606462
0,0,0.3,GBM_grid_1_AutoML_1_20260420_22714_model_3,target_lag2,0.9151104680448771
0,0,0.3,GBM_grid_1_AutoML_1_20260420_22714_model_3,target_lag3,0.780396731197834
0,0,0.3,GBM_grid_1_AutoML_1_20260420_22714_model_3,target_lag4,0.13560584838269274
0,0,0.3,GBM_grid_1_AutoML_1_20260420_22714_model_3,target_lag5,0.09664655565982681
0,0,0.3,GBM_grid_1_AutoML_1_20260420_22714_model_3,target_lag6,0.05555812336038794
0,0,0.3,GBM_grid_1_AutoML_1_20260420_22714_model_3,cov_HULL_lag1,0.03935177172766994
0,0,0.3,GBM_grid_1_AutoML_1_20260420_22714_model_3,cov_MUFL_lag1,1.3129932409524918
0,0,0.3,GBM_grid_1_AutoML_1_20260420_22714_model_3,cov_MULL_lag1,0.05589471502695229
0,0,0.3,GBM_grid_1_AutoML_1_20260420_22714_model_3,cov_LUFL_lag1,0.2510977744311094
0,0,0.3,GBM_grid_1_AutoML_1_20260420_22714_model_3,cov_LULL_lag1,0.07383914743550117
0,0,0.3,GBM_grid_1_AutoML_1_20260420_22714_model_3,cov_OT_lag1,0.19490205690264703
0,0,0.3,GBM_grid_1_AutoML_1_20260420_22714_model_3,hour_lag1,0.4867536550597288
0,0,0.3,GBM_grid_1_AutoML_1_20260420_22714_model_3,day_of_week_lag1,0.022837561063934073
0,0,0.3,GBM_grid_1_AutoML_1_20260420_22714_model_3,month_lag1,0.09089610658586021
0,0,0.3,GBM_grid_1_AutoML_1_20260420_22714_model_3,month_sin,0.03188375935889776
0,0,0.3,GBM_grid_1_AutoML_1_20260420_22714_model_3,month_cos,0.09960247866809364
0,0,0.3,XRT_1_AutoML_1_20260420_22714,target_lag1,1.2331250963360072
0,0,0.3,XRT_1_AutoML_1_20260420_22714,target_lag2,0.7239518778771162
0,0,0.3,XRT_1_AutoML_1_20260420_22714,target_lag3,0.3874674045108259
0,0,0.3,XRT_1_AutoML_1_20260420_22714,target_lag4,0.28385713152587416
0,0,0.3,XRT_1_AutoML_1_20260420_22714,target_lag5,0.4770939936954528
0,0,0.3,XRT_1_AutoML_1_20260420_22714,target_lag6,0.13021770581370215
0,0,0.3,XRT_1_AutoML_1_20260420_22714,cov_HULL_lag1,0.08475981516647149
0,0,0.3,XRT_1_AutoML_1_20260420_22714,cov_MUFL_lag1,1.1528231089562178
0,0,0.3,XRT_1_AutoML_1_20260420_22714,cov_MULL_lag1,0.04539012192253716
0,0,0.3,XRT_1_AutoML_1_20260420_22714,cov_LUFL_lag1,0.24196726496098564
0,0,0.3,XRT_1_AutoML_1_20260420_22714,cov_LULL_lag1,0.08796642006142061
0,0,0.3,XRT_1_AutoML_1_20260420_22714,cov_OT_lag1,0.12781158218160268
0,0,0.3,XRT_1_AutoML_1_20260420_22714,hour_lag1,0.32958164375275373
0,0,0.3,XRT_1_AutoML_1_20260420_22714,day_of_week_lag1,0.06650133952978644
0,0,0.3,XRT_1_AutoML_1_20260420_22714,month_lag1,0.12637160688638682
0,0,0.3,XRT_1_AutoML_1_20260420_22714,month_sin,0.03433066264027725
0,0,0.3,XRT_1_AutoML_1_20260420_22714,month_cos,0.09666570466011759
0,0,0.3,GBM_grid_1_AutoML_1_20260420_22714_model_2,target_lag1,1.689946646988392
0,0,0.3,GBM_grid_1_AutoML_1_20260420_22714_model_2,target_lag2,0.2865794633701444
0,0,0.3,GBM_grid_1_AutoML_1_20260420_22714_model_2,target_lag3,0.26536754133179785
0,0,0.3,GBM_grid_1_AutoML_1_20260420_22714_model_2,target_lag4,0.015692748241126483
0,0,0.3,GBM_grid_1_AutoML_1_20260420_22714_model_2,target_lag5,0.08988027031533416
0,0,0.3,GBM_grid_1_AutoML_1_20260420_22714_model_2,target_lag6,0.10985091499052939
0,0,0.3,GBM_grid_1_AutoML_1_20260420_22714_model_2,cov_HULL_lag1,0.013354793919715986
0,0,0.3,GBM_grid_1_AutoML_1_20260420_22714_model_2,cov_MUFL_lag1,1.911519294194877
0,0,0.3,GBM_grid_1_AutoML_1_20260420_22714_model_2,cov_MULL_lag1,0.04073882835800755
0,0,0.3,GBM_grid_1_AutoML_1_20260420_22714_model_2,cov_LUFL_lag1,0.20860358152538536
0,0,0.3,GBM_grid_1_AutoML_1_20260420_22714_model_2,cov_LULL_lag1,0.09793111686478366
0,0,0.3,GBM_grid_1_AutoML_1_20260420_22714_model_2,cov_OT_lag1,0.11950230217538771
0,0,0.3,GBM_grid_1_AutoML_1_20260420_22714_model_2,hour_lag1,0.48377604588866235
0,0,0.3,GBM_grid_1_AutoML_1_20260420_22714_model_2,day_of_week_lag1,0.010621594666736156
0,0,0.3,GBM_grid_1_AutoML_1_20260420_22714_model_2,month_lag1,0.07830148361623283
0,0,0.3,GBM_grid_1_AutoML_1_20260420_22714_model_2,month_sin,0.030689210556447463
0,0,0.3,GBM_grid_1_AutoML_1_20260420_22714_model_2,month_cos,0.0356536700064316
0,0,0.3,GBM_1_AutoML_1_20260420_22714,target_lag1,1.5033650124073028
0,0,0.3,GBM_1_AutoML_1_20260420_22714,target_lag2,0.43627786852419376
0,0,0.3,GBM_1_AutoML_1_20260420_22714,target_lag3,0.18106603920459746
0,0,0.3,GBM_1_AutoML_1_20260420_22714,target_lag4,0.10319009074242783
0,0,0.3,GBM_1_AutoML_1_20260420_22714,target_lag5,0.06065278460970143
0,0,0.3,GBM_1_AutoML_1_20260420_22714,target_lag6,0.08828603788046163
0,0,0.3,GBM_1_AutoML_1_20260420_22714,cov_HULL_lag1,0.020780119960254487
0,0,0.3,GBM_1_AutoML_1_20260420_22714,cov_MUFL_lag1,1.955588404685259
0,0,0.3,GBM_1_AutoML_1_20260420_22714,cov_MULL_lag1,0.01916379105648952
0,0,0.3,GBM_1_AutoML_1_20260420_22714,cov_LUFL_lag1,0.2936901055276394
0,0,0.3,GBM_1_AutoML_1_20260420_22714,cov_LULL_lag1,0.07689240752719338
0,0,0.3,GBM_1_AutoML_1_20260420_22714,cov_OT_lag1,0.1241688766982406
0,0,0.3,GBM_1_AutoML_1_20260420_22714,hour_lag1,0.46508152012713255
0,0,0.3,GBM_1_AutoML_1_20260420_22714,day_of_week_lag1,0.007312551143695556
0,0,0.3,GBM_1_AutoML_1_20260420_22714,month_lag1,0.13067654140293594
0,0,0.3,GBM_1_AutoML_1_20260420_22714,month_sin,0.026655079945921853
0,0,0.3,GBM_1_AutoML_1_20260420_22714,month_cos,0.031186867821961596
0,0,0.3,GBM_grid_1_AutoML_1_20260420_22714_model_1,target_lag1,0.8735072054713965
0,0,0.3,GBM_grid_1_AutoML_1_20260420_22714_model_1,target_lag2,0.33270405635237693
0,0,0.3,GBM_grid_1_AutoML_1_20260420_22714_model_1,target_lag3,0.1904659800603985
0,0,0.3,GBM_grid_1_AutoML_1_20260420_22714_model_1,target_lag4,0.07061556616390585
0,0,0.3,GBM_grid_1_AutoML_1_20260420_22714_model_1,target_lag5,0.16059892404591658
0,0,0.3,GBM_grid_1_AutoML_1_20260420_22714_model_1,target_lag6,0.12955555469903626
0,0,0.3,GBM_grid_1_AutoML_1_20260420_22714_model_1,cov_HULL_lag1,0.05327600127784532
0,0,0.3,GBM_grid_1_AutoML_1_20260420_22714_model_1,cov_MUFL_lag1,2.3389396515488623
0,0,0.3,GBM_grid_1_AutoML_1_20260420_22714_model_1,cov_MULL_lag1,0.0899731692904606
0,0,0.3,GBM_grid_1_AutoML_1_20260420_22714_model_1,cov_LUFL_lag1,0.37810879316180945
0,0,0.3,GBM_grid_1_AutoML_1_20260420_22714_model_1,cov_LULL_lag1,0.08622236900962886
0,0,0.3,GBM_grid_1_AutoML_1_20260420_22714_model_1,cov_OT_lag1,0.14477417211048302
0,0,0.3,GBM_grid_1_AutoML_1_20260420_22714_model_1,hour_lag1,0.4179744112491608
0,0,0.3,GBM_grid_1_AutoML_1_20260420_22714_model_1,day_of_week_lag1,0.013946634643943941
0,0,0.3,GBM_grid_1_AutoML_1_20260420_22714_model_1,month_lag1,0.1452098700404167
0,0,0.3,GBM_grid_1_AutoML_1_20260420_22714_model_1,month_sin,0.009487660469603679
0,0,0.3,GBM_grid_1_AutoML_1_20260420_22714_model_1,month_cos,0.08395568587351587
1,0,0.02,GBM_grid_1_AutoML_2_20260420_23253_model_1,target_lag1,0.9996319571137429
1,0,0.02,GBM_grid_1_AutoML_2_20260420_23253_model_1,target_lag2,0.283608342964435
1,0,0.02,GBM_grid_1_AutoML_2_20260420_23253_model_1,target_lag3,0.10585283847060051
1,0,0.02,GBM_grid_1_AutoML_2_20260420_23253_model_1,target_lag4,0.14909692409448322
1,0,0.02,GBM_grid_1_AutoML_2_20260420_23253_model_1,target_lag5,0.13769784440752114
1,0,0.02,GBM_grid_1_AutoML_2_20260420_23253_model_1,target_lag6,0.21449913180433214
1,0,0.02,GBM_grid_1_AutoML_2_20260420_23253_model_1,cov_HULL_lag1,0.1512882574833929
1,0,0.02,GBM_grid_1_AutoML_2_20260420_23253_model_1,cov_MUFL_lag1,2.1403563219401986
1,0,0.02,GBM_grid_1_AutoML_2_20260420_23253_model_1,cov_MULL_lag1,0.18464955194853241
1,0,0.02,GBM_grid_1_AutoML_2_20260420_23253_model_1,cov_LUFL_lag1,0.3065001056343317
1,0,0.02,GBM_grid_1_AutoML_2_20260420_23253_model_1,cov_LULL_lag1,0.06737200608127747
1,0,0.02,GBM_grid_1_AutoML_2_20260420_23253_model_1,cov_OT_lag1,0.12168360749841664
1,0,0.02,GBM_grid_1_AutoML_2_20260420_23253_model_1,hour_lag1,0.8054205646179616
1,0,0.02,GBM_grid_1_AutoML_2_20260420_23253_model_1,day_of_week_lag1,0.045960355186834896
1,0,0.02,GBM_grid_1_AutoML_2_20260420_23253_model_1,month_lag1,0.07664613268978425
1,0,0.02,GBM_grid_1_AutoML_2_20260420_23253_model_1,month_sin,0.10465523170540104
1,0,0.02,GBM_grid_1_AutoML_2_20260420_23253_model_1,month_cos,0.0828176442859694
1,0,0.02,GBM_3_AutoML_2_20260420_23253,target_lag1,1.8864430129528045
1,0,0.02,GBM_3_AutoML_2_20260420_23253,target_lag2,0.13985985849052665
1,0,0.02,GBM_3_AutoML_2_20260420_23253,target_lag3,0.07468858824693594
1,0,0.02,GBM_3_AutoML_2_20260420_23253,target_lag4,0.11639862055657428
1,0,0.02,GBM_3_AutoML_2_20260420_23253,target_lag5,0.08157954561524089
1,0,0.02,GBM_3_AutoML_2_20260420_23253,target_lag6,0.18151351375854574
1,0,0.02,GBM_3_AutoML_2_20260420_23253,cov_HULL_lag1,0.10846614315174516
1,0,0.02,GBM_3_AutoML_2_20260420_23253,cov_MUFL_lag1,2.084725460857153
1,0,0.02,GBM_3_AutoML_2_20260420_23253,cov_MULL_lag1,0.14364268151170104
1,0,0.02,GBM_3_AutoML_2_20260420_23253,cov_LUFL_lag1,0.2165690902597271
1,0,0.02,GBM_3_AutoML_2_20260420_23253,cov_LULL_lag1,0.05528081963188011
1,0,0.02,GBM_3_AutoML_2_20260420_23253,cov_OT_lag1,0.15045152259059247
1,0,0.02,GBM_3_AutoML_2_20260420_23253,hour_lag1,0.9907853005826474
1,0,0.02,GBM_3_AutoML_2_20260420_23253,day_of_week_lag1,0.03579268253408368
1,0,0.02,GBM_3_AutoML_2_20260420_23253,month_lag1,0.10884665653109545
1,0,0.02,GBM_3_AutoML_2_20260420_23253,month_sin,0.21455513268709184
1,0,0.02,GBM_3_AutoML_2_20260420_23253,month_cos,0.03993173660361204
1,0,0.02,GBM_2_AutoML_2_20260420_23253,target_lag1,1.090159794576466
1,0,0.02,GBM_2_AutoML_2_20260420_23253,target_lag2,0.7161316622339655
1,0,0.02,GBM_2_AutoML_2_20260420_23253,target_lag3,0.15152985288470516
1,0,0.02,GBM_2_AutoML_2_20260420_23253,target_lag4,0.15888190281577408
1,0,0.02,GBM_2_AutoML_2_20260420_23253,target_lag5,0.06307107743457886
1,0,0.02,GBM_2_AutoML_2_20260420_23253,target_lag6,0.08134832758398257
1,0,0.02,GBM_2_AutoML_2_20260420_23253,cov_HULL_lag1,0.054440573442261615
1,0,0.02,GBM_2_AutoML_2_20260420_23253,cov_MUFL_lag1,2.1752842722833154
1,0,0.02,GBM_2_AutoML_2_20260420_23253,cov_MULL_lag1,0.2040646547265351
1,0,0.02,GBM_2_AutoML_2_20260420_23253,cov_LUFL_lag1,0.17184112165123222
1,0,0.02,GBM_2_AutoML_2_20260420_23253,cov_LULL_lag1,0.05518894202134102
1,0,0.02,GBM_2_AutoML_2_20260420_23253,cov_OT_lag1,0.15367678877897556
1,0,0.02,GBM_2_AutoML_2_20260420_23253,hour_lag1,0.9572262917459011
1,0,0.02,GBM_2_AutoML_2_20260420_23253,day_of_week_lag1,0.0379242843950487
1,0,0.02,GBM_2_AutoML_2_20260420_23253,month_lag1,0.1515532632777467
1,0,0.02,GBM_2_AutoML_2_20260420_23253,month_sin,0.3469901714473963
1,0,0.02,GBM_2_AutoML_2_20260420_23253,month_cos,0.04021220115449973
1,0,0.02,GBM_4_AutoML_2_20260420_23253,target_lag1,1.304595582485199
1,0,0.02,GBM_4_AutoML_2_20260420_23253,target_lag2,0.24409842127584852
1,0,0.02,GBM_4_AutoML_2_20260420_23253,target_lag3,0.2806214313907549
1,0,0.02,GBM_4_AutoML_2_20260420_23253,target_lag4,0.12935214112047103
1,0,0.02,GBM_4_AutoML_2_20260420_23253,target_lag5,0.09123712779954073
1,0,0.02,GBM_4_AutoML_2_20260420_23253,target_lag6,0.1446533491741866
1,0,0.02,GBM_4_AutoML_2_20260420_23253,cov_HULL_lag1,0.06924487087875601
1,0,0.02,GBM_4_AutoML_2_20260420_23253,cov_MUFL_lag1,2.037340389043093
1,0,0.02,GBM_4_AutoML_2_20260420_23253,cov_MULL_lag1,0.11146239585243162
1,0,0.02,GBM_4_AutoML_2_20260420_23253,cov_LUFL_lag1,0.1961822298564948
1,0,0.02,GBM_4_AutoML_2_20260420_23253,cov_LULL_lag1,0.049946542867692144
1,0,0.02,GBM_4_AutoML_2_20260420_23253,cov_OT_lag1,0.1410711427032947
1,0,0.02,GBM_4_AutoML_2_20260420_23253,hour_lag1,0.9174530965089798
1,0,0.02,GBM_4_AutoML_2_20260420_23253,day_of_week_lag1,0.040362446695216894
1,0,0.02,GBM_4_AutoML_2_20260420_23253,month_lag1,0.14583694214932616
1,0,0.02,GBM_4_AutoML_2_20260420_23253,month_sin,0.22218903951346874
1,0,0.02,GBM_4_AutoML_2_20260420_23253,month_cos,0.04813577182329023
1,0,0.02,GBM_1_AutoML_2_20260420_23253,target_lag1,1.1385218993294983
1,0,0.02,GBM_1_AutoML_2_20260420_23253,target_lag2,0.3503496007039212
1,0,0.02,GBM_1_AutoML_2_20260420_23253,target_lag3,0.15103532512672244
1,0,0.02,GBM_1_AutoML_2_20260420_23253,target_lag4,0.1486604690691456
1,0,0.02,GBM_1_AutoML_2_20260420_23253,target_lag5,0.11702444581780577
1,0,0.02,GBM_1_AutoML_2_20260420_23253,target_lag6,0.09509051921777424
1,0,0.02,GBM_1_AutoML_2_20260420_23253,cov_HULL_lag1,0.09299093804380387
1,0,0.02,GBM_1_AutoML_2_20260420_23253,cov_MUFL_lag1,2.6066106020845474
1,0,0.02,GBM_1_AutoML_2_20260420_23253,cov_MULL_lag1,0.1096854214603081
1,0,0.02,GBM_1_AutoML_2_20260420_23253,cov_LUFL_lag1,0.20238952554762363
1,0,0.02,GBM_1_AutoML_2_20260420_23253,cov_LULL_lag1,0.038469525645486974
1,0,0.02,GBM_1_AutoML_2_20260420_23253,cov_OT_lag1,0.15090517809614537
1,0,0.02,GBM_1_AutoML_2_20260420_23253,hour_lag1,0.9250363416224718
1,0,0.02,GBM_1_AutoML_2_20260420_23253,day_of_week_lag1,0.03378913497086609
1,0,0.02,GBM_1_AutoML_2_20260420_23253,month_lag1,0.08619069669395682
1,0,0.02,GBM_1_AutoML_2_20260420_23253,month_sin,0.15835231631994243
1,0,0.02,GBM_1_AutoML_2_20260420_23253,month_cos,0.027159822450485042
1,0,0.02,GBM_grid_1_AutoML_2_20260420_23253_model_3,target_lag1,1.3123978022765368
1,0,0.02,GBM_grid_1_AutoML_2_20260420_23253_model_3,target_lag2,0.5868709487840533
1,0,0.02,GBM_grid_1_AutoML_2_20260420_23253_model_3,target_lag3,0.49163399138487873
1,0,0.02,GBM_grid_1_AutoML_2_20260420_23253_model_3,target_lag4,0.09014937755651767
1,0,0.02,GBM_grid_1_AutoML_2_20260420_23253_model_3,target_lag5,0.1648606048244983
1,0,0.02,GBM_grid_1_AutoML_2_20260420_23253_model_3,target_lag6,0.11917984702624378
1,0,0.02,GBM_grid_1_AutoML_2_20260420_23253_model_3,cov_HULL_lag1,0.10379525437951084
1,0,0.02,GBM_grid_1_AutoML_2_20260420_23253_model_3,cov_MUFL_lag1,1.805984315648675
1,0,0.02,GBM_grid_1_AutoML_2_20260420_23253_model_3,cov_MULL_lag1,0.09053544041234997
1,0,0.02,GBM_grid_1_AutoML_2_20260420_23253_model_3,cov_LUFL_lag1,0.239827948063612
1,0,0.02,GBM_grid_1_AutoML_2_20260420_23253_model_3,cov_LULL_lag1,0.0354209820902906
1,0,0.02,GBM_grid_1_AutoML_2_20260420_23253_model_3,cov_OT_lag1,0.17794298932887614
1,0,0.02,GBM_grid_1_AutoML_2_20260420_23253_model_3,hour_lag1,0.8350639391690493
1,0,0.02,GBM_grid_1_AutoML_2_20260420_23253_model_3,day_of_week_lag1,0.030080259637907107
1,0,0.02,GBM_grid_1_AutoML_2_20260420_23253_model_3,month_lag1,0.117846485520713
1,0,0.02,GBM_grid_1_AutoML_2_20260420_23253_model_3,month_sin,0.22853816021233797
1,0,0.02,GBM_grid_1_AutoML_2_20260420_23253_model_3,month_cos,0.051528739999048376
1,0,0.05,GBM_grid_1_AutoML_2_20260420_23253_model_1,target_lag1,0.9996319571137429
1,0,0.05,GBM_grid_1_AutoML_2_20260420_23253_model_1,target_lag2,0.283608342964435
1,0,0.05,GBM_grid_1_AutoML_2_20260420_23253_model_1,target_lag3,0.10585283847060051
1,0,0.05,GBM_grid_1_AutoML_2_20260420_23253_model_1,target_lag4,0.14909692409448322
1,0,0.05,GBM_grid_1_AutoML_2_20260420_23253_model_1,target_lag5,0.13769784440752114
1,0,0.05,GBM_grid_1_AutoML_2_20260420_23253_model_1,target_lag6,0.21449913180433214
1,0,0.05,GBM_grid_1_AutoML_2_20260420_23253_model_1,cov_HULL_lag1,0.1512882574833929
1,0,0.05,GBM_grid_1_AutoML_2_20260420_23253_model_1,cov_MUFL_lag1,2.1403563219401986
1,0,0.05,GBM_grid_1_AutoML_2_20260420_23253_model_1,cov_MULL_lag1,0.18464955194853241
1,0,0.05,GBM_grid_1_AutoML_2_20260420_23253_model_1,cov_LUFL_lag1,0.3065001056343317
1,0,0.05,GBM_grid_1_AutoML_2_20260420_23253_model_1,cov_LULL_lag1,0.06737200608127747
1,0,0.05,GBM_grid_1_AutoML_2_20260420_23253_model_1,cov_OT_lag1,0.12168360749841664
1,0,0.05,GBM_grid_1_AutoML_2_20260420_23253_model_1,hour_lag1,0.8054205646179616
1,0,0.05,GBM_grid_1_AutoML_2_20260420_23253_model_1,day_of_week_lag1,0.045960355186834896
1,0,0.05,GBM_grid_1_AutoML_2_20260420_23253_model_1,month_lag1,0.07664613268978425
1,0,0.05,GBM_grid_1_AutoML_2_20260420_23253_model_1,month_sin,0.10465523170540104
1,0,0.05,GBM_grid_1_AutoML_2_20260420_23253_model_1,month_cos,0.0828176442859694
1,0,0.05,GBM_3_AutoML_2_20260420_23253,target_lag1,1.8864430129528045
1,0,0.05,GBM_3_AutoML_2_20260420_23253,target_lag2,0.13985985849052665
1,0,0.05,GBM_3_AutoML_2_20260420_23253,target_lag3,0.07468858824693594
1,0,0.05,GBM_3_AutoML_2_20260420_23253,target_lag4,0.11639862055657428
1,0,0.05,GBM_3_AutoML_2_20260420_23253,target_lag5,0.08157954561524089
1,0,0.05,GBM_3_AutoML_2_20260420_23253,target_lag6,0.18151351375854574
1,0,0.05,GBM_3_AutoML_2_20260420_23253,cov_HULL_lag1,0.10846614315174516
1,0,0.05,GBM_3_AutoML_2_20260420_23253,cov_MUFL_lag1,2.084725460857153
1,0,0.05,GBM_3_AutoML_2_20260420_23253,cov_MULL_lag1,0.14364268151170104
1,0,0.05,GBM_3_AutoML_2_20260420_23253,cov_LUFL_lag1,0.2165690902597271
1,0,0.05,GBM_3_AutoML_2_20260420_23253,cov_LULL_lag1,0.05528081963188011
1,0,0.05,GBM_3_AutoML_2_20260420_23253,cov_OT_lag1,0.15045152259059247
1,0,0.05,GBM_3_AutoML_2_20260420_23253,hour_lag1,0.9907853005826474
1,0,0.05,GBM_3_AutoML_2_20260420_23253,day_of_week_lag1,0.03579268253408368
1,0,0.05,GBM_3_AutoML_2_20260420_23253,month_lag1,0.10884665653109545
1,0,0.05,GBM_3_AutoML_2_20260420_23253,month_sin,0.21455513268709184
1,0,0.05,GBM_3_AutoML_2_20260420_23253,month_cos,0.03993173660361204
1,0,0.05,GBM_2_AutoML_2_20260420_23253,target_lag1,1.090159794576466
1,0,0.05,GBM_2_AutoML_2_20260420_23253,target_lag2,0.7161316622339655
1,0,0.05,GBM_2_AutoML_2_20260420_23253,target_lag3,0.15152985288470516
1,0,0.05,GBM_2_AutoML_2_20260420_23253,target_lag4,0.15888190281577408
1,0,0.05,GBM_2_AutoML_2_20260420_23253,target_lag5,0.06307107743457886
1,0,0.05,GBM_2_AutoML_2_20260420_23253,target_lag6,0.08134832758398257
1,0,0.05,GBM_2_AutoML_2_20260420_23253,cov_HULL_lag1,0.054440573442261615
1,0,0.05,GBM_2_AutoML_2_20260420_23253,cov_MUFL_lag1,2.1752842722833154
1,0,0.05,GBM_2_AutoML_2_20260420_23253,cov_MULL_lag1,0.2040646547265351
1,0,0.05,GBM_2_AutoML_2_20260420_23253,cov_LUFL_lag1,0.17184112165123222
1,0,0.05,GBM_2_AutoML_2_20260420_23253,cov_LULL_lag1,0.05518894202134102
1,0,0.05,GBM_2_AutoML_2_20260420_23253,cov_OT_lag1,0.15367678877897556
1,0,0.05,GBM_2_AutoML_2_20260420_23253,hour_lag1,0.9572262917459011
1,0,0.05,GBM_2_AutoML_2_20260420_23253,day_of_week_lag1,0.0379242843950487
1,0,0.05,GBM_2_AutoML_2_20260420_23253,month_lag1,0.1515532632777467
1,0,0.05,GBM_2_AutoML_2_20260420_23253,month_sin,0.3469901714473963
1,0,0.05,GBM_2_AutoML_2_20260420_23253,month_cos,0.04021220115449973
1,0,0.05,GBM_4_AutoML_2_20260420_23253,target_lag1,1.304595582485199
1,0,0.05,GBM_4_AutoML_2_20260420_23253,target_lag2,0.24409842127584852
1,0,0.05,GBM_4_AutoML_2_20260420_23253,target_lag3,0.2806214313907549
1,0,0.05,GBM_4_AutoML_2_20260420_23253,target_lag4,0.12935214112047103
1,0,0.05,GBM_4_AutoML_2_20260420_23253,target_lag5,0.09123712779954073
1,0,0.05,GBM_4_AutoML_2_20260420_23253,target_lag6,0.1446533491741866
1,0,0.05,GBM_4_AutoML_2_20260420_23253,cov_HULL_lag1,0.06924487087875601
1,0,0.05,GBM_4_AutoML_2_20260420_23253,cov_MUFL_lag1,2.037340389043093
1,0,0.05,GBM_4_AutoML_2_20260420_23253,cov_MULL_lag1,0.11146239585243162
1,0,0.05,GBM_4_AutoML_2_20260420_23253,cov_LUFL_lag1,0.1961822298564948
1,0,0.05,GBM_4_AutoML_2_20260420_23253,cov_LULL_lag1,0.049946542867692144
1,0,0.05,GBM_4_AutoML_2_20260420_23253,cov_OT_lag1,0.1410711427032947
1,0,0.05,GBM_4_AutoML_2_20260420_23253,hour_lag1,0.9174530965089798
1,0,0.05,GBM_4_AutoML_2_20260420_23253,day_of_week_lag1,0.040362446695216894
1,0,0.05,GBM_4_AutoML_2_20260420_23253,month_lag1,0.14583694214932616
1,0,0.05,GBM_4_AutoML_2_20260420_23253,month_sin,0.22218903951346874
1,0,0.05,GBM_4_AutoML_2_20260420_23253,month_cos,0.04813577182329023
1,0,0.05,GBM_1_AutoML_2_20260420_23253,target_lag1,1.1385218993294983
1,0,0.05,GBM_1_AutoML_2_20260420_23253,target_lag2,0.3503496007039212
1,0,0.05,GBM_1_AutoML_2_20260420_23253,target_lag3,0.15103532512672244
1,0,0.05,GBM_1_AutoML_2_20260420_23253,target_lag4,0.1486604690691456
1,0,0.05,GBM_1_AutoML_2_20260420_23253,target_lag5,0.11702444581780577
1,0,0.05,GBM_1_AutoML_2_20260420_23253,target_lag6,0.09509051921777424
1,0,0.05,GBM_1_AutoML_2_20260420_23253,cov_HULL_lag1,0.09299093804380387
1,0,0.05,GBM_1_AutoML_2_20260420_23253,cov_MUFL_lag1,2.6066106020845474
1,0,0.05,GBM_1_AutoML_2_20260420_23253,cov_MULL_lag1,0.1096854214603081
1,0,0.05,GBM_1_AutoML_2_20260420_23253,cov_LUFL_lag1,0.20238952554762363
1,0,0.05,GBM_1_AutoML_2_20260420_23253,cov_LULL_lag1,0.038469525645486974
1,0,0.05,GBM_1_AutoML_2_20260420_23253,cov_OT_lag1,0.15090517809614537
1,0,0.05,GBM_1_AutoML_2_20260420_23253,hour_lag1,0.9250363416224718
1,0,0.05,GBM_1_AutoML_2_20260420_23253,day_of_week_lag1,0.03378913497086609
1,0,0.05,GBM_1_AutoML_2_20260420_23253,month_lag1,0.08619069669395682
1,0,0.05,GBM_1_AutoML_2_20260420_23253,month_sin,0.15835231631994243
1,0,0.05,GBM_1_AutoML_2_20260420_23253,month_cos,0.027159822450485042
1,0,0.05,GBM_grid_1_AutoML_2_20260420_23253_model_3,target_lag1,1.3123978022765368
1,0,0.05,GBM_grid_1_AutoML_2_20260420_23253_model_3,target_lag2,0.5868709487840533
1,0,0.05,GBM_grid_1_AutoML_2_20260420_23253_model_3,target_lag3,0.49163399138487873
1,0,0.05,GBM_grid_1_AutoML_2_20260420_23253_model_3,target_lag4,0.09014937755651767
1,0,0.05,GBM_grid_1_AutoML_2_20260420_23253_model_3,target_lag5,0.1648606048244983
1,0,0.05,GBM_grid_1_AutoML_2_20260420_23253_model_3,target_lag6,0.11917984702624378
1,0,0.05,GBM_grid_1_AutoML_2_20260420_23253_model_3,cov_HULL_lag1,0.10379525437951084
1,0,0.05,GBM_grid_1_AutoML_2_20260420_23253_model_3,cov_MUFL_lag1,1.805984315648675
1,0,0.05,GBM_grid_1_AutoML_2_20260420_23253_model_3,cov_MULL_lag1,0.09053544041234997
1,0,0.05,GBM_grid_1_AutoML_2_20260420_23253_model_3,cov_LUFL_lag1,0.239827948063612
1,0,0.05,GBM_grid_1_AutoML_2_20260420_23253_model_3,cov_LULL_lag1,0.0354209820902906
1,0,0.05,GBM_grid_1_AutoML_2_20260420_23253_model_3,cov_OT_lag1,0.17794298932887614
1,0,0.05,GBM_grid_1_AutoML_2_20260420_23253_model_3,hour_lag1,0.8350639391690493
1,0,0.05,GBM_grid_1_AutoML_2_20260420_23253_model_3,day_of_week_lag1,0.030080259637907107
1,0,0.05,GBM_grid_1_AutoML_2_20260420_23253_model_3,month_lag1,0.117846485520713
1,0,0.05,GBM_grid_1_AutoML_2_20260420_23253_model_3,month_sin,0.22853816021233797
1,0,0.05,GBM_grid_1_AutoML_2_20260420_23253_model_3,month_cos,0.051528739999048376
1,0,0.05,XGBoost_grid_1_AutoML_2_20260420_23253_model_2,target_lag1,1.3245580488909037
1,0,0.05,XGBoost_grid_1_AutoML_2_20260420_23253_model_2,target_lag2,0.16299199062399566
1,0,0.05,XGBoost_grid_1_AutoML_2_20260420_23253_model_2,target_lag3,0.10858893699944015
1,0,0.05,XGBoost_grid_1_AutoML_2_20260420_23253_model_2,target_lag4,0.12234688418393486
1,0,0.05,XGBoost_grid_1_AutoML_2_20260420_23253_model_2,target_lag5,0.08730295760557052
1,0,0.05,XGBoost_grid_1_AutoML_2_20260420_23253_model_2,target_lag6,0.10439568013884123
1,0,0.05,XGBoost_grid_1_AutoML_2_20260420_23253_model_2,cov_HULL_lag1,0.10877418802119788
1,0,0.05,XGBoost_grid_1_AutoML_2_20260420_23253_model_2,cov_MUFL_lag1,3.0366903422772884
1,0,0.05,XGBoost_grid_1_AutoML_2_20260420_23253_model_2,cov_MULL_lag1,0.14386677194386718
1,0,0.05,XGBoost_grid_1_AutoML_2_20260420_23253_model_2,cov_LUFL_lag1,0.1995295974984765
1,0,0.05,XGBoost_grid_1_AutoML_2_20260420_23253_model_2,cov_LULL_lag1,0.06216877977247346
1,0,0.05,XGBoost_grid_1_AutoML_2_20260420_23253_model_2,cov_OT_lag1,0.1625296497228555
1,0,0.05,XGBoost_grid_1_AutoML_2_20260420_23253_model_2,hour_lag1,1.126276774406433
1,0,0.05,XGBoost_grid_1_AutoML_2_20260420_23253_model_2,day_of_week_lag1,0.05420789700976452
1,0,0.05,XGBoost_grid_1_AutoML_2_20260420_23253_model_2,month_lag1,0.10841388286324215
1,0,0.05,XGBoost_grid_1_AutoML_2_20260420_23253_model_2,month_sin,0.24391146454960108
1,0,0.05,XGBoost_grid_1_AutoML_2_20260420_23253_model_2,month_cos,0.0722095234226435
1,0,0.05,XGBoost_grid_1_AutoML_2_20260420_23253_model_5,target_lag1,1.3810835956968368
1,0,0.05,XGBoost_grid_1_AutoML_2_20260420_23253_model_5,target_lag2,0.1673723513353616
1,0,0.05,XGBoost_grid_1_AutoML_2_20260420_23253_model_5,target_lag3,0.1059901999426074
1,0,0.05,XGBoost_grid_1_AutoML_2_20260420_23253_model_5,target_lag4,0.12423854127991941
1,0,0.05,XGBoost_grid_1_AutoML_2_20260420_23253_model_5,target_lag5,0.06328864920884367
1,0,0.05,XGBoost_grid_1_AutoML_2_20260420_23253_model_5,target_lag6,0.10219495744444426
1,0,0.05,XGBoost_grid_1_AutoML_2_20260420_23253_model_5,cov_HULL_lag1,0.06018151352531272
1,0,0.05,XGBoost_grid_1_AutoML_2_20260420_23253_model_5,cov_MUFL_lag1,2.5315987980924546
1,0,0.05,XGBoost_grid_1_AutoML_2_20260420_23253_model_5,cov_MULL_lag1,0.17791819177567955
1,0,0.05,XGBoost_grid_1_AutoML_2_20260420_23253_model_5,cov_LUFL_lag1,0.1742157806723844
1,0,0.05,XGBoost_grid_1_AutoML_2_20260420_23253_model_5,cov_LULL_lag1,0.04382832799572493
1,0,0.05,XGBoost_grid_1_AutoML_2_20260420_23253_model_5,cov_OT_lag1,0.2833004170283675
1,0,0.05,XGBoost_grid_1_AutoML_2_20260420_23253_model_5,hour_lag1,0.8622765353880822
1,0,0.05,XGBoost_grid_1_AutoML_2_20260420_23253_model_5,day_of_week_lag1,0.04139273836743082
1,0,0.05,XGBoost_grid_1_AutoML_2_20260420_23253_model_5,month_lag1,0.15651425960473714
1,0,0.05,XGBoost_grid_1_AutoML_2_20260420_23253_model_5,month_sin,0.2947859361860901
1,0,0.05,XGBoost_grid_1_AutoML_2_20260420_23253_model_5,month_cos,0.10447460779920217
1,0,0.05,GBM_grid_1_AutoML_2_20260420_23253_model_2,target_lag1,1.1289876276254653
1,0,0.05,GBM_grid_1_AutoML_2_20260420_23253_model_2,target_lag2,0.11662100443034429
1,0,0.05,GBM_grid_1_AutoML_2_20260420_23253_model_2,target_lag3,0.09559797161258754
1,0,0.05,GBM_grid_1_AutoML_2_20260420_23253_model_2,target_lag4,0.14748727938160297
1,0,0.05,GBM_grid_1_AutoML_2_20260420_23253_model_2,target_lag5,0.10961838517046996
1,0,0.05,GBM_grid_1_AutoML_2_20260420_23253_model_2,target_lag6,0.04886336669325824
1,0,0.05,GBM_grid_1_AutoML_2_20260420_23253_model_2,cov_HULL_lag1,0.030185129286255635
1,0,0.05,GBM_grid_1_AutoML_2_20260420_23253_model_2,cov_MUFL_lag1,2.8060650706291197
1,0,0.05,GBM_grid_1_AutoML_2_20260420_23253_model_2,cov_MULL_lag1,0.14136597220785913
1,0,0.05,GBM_grid_1_AutoML_2_20260420_23253_model_2,cov_LUFL_lag1,0.10250304403947663
1,0,0.05,GBM_grid_1_AutoML_2_20260420_23253_model_2,cov_LULL_lag1,0.04005519186248416
1,0,0.05,GBM_grid_1_AutoML_2_20260420_23253_model_2,cov_OT_lag1,0.15334209226944945
1,0,0.05,GBM_grid_1_AutoML_2_20260420_23253_model_2,hour_lag1,1.0249262990802526
1,0,0.05,GBM_grid_1_AutoML_2_20260420_23253_model_2,day_of_week_lag1,0.02039509763941164
1,0,0.05,GBM_grid_1_AutoML_2_20260420_23253_model_2,month_lag1,0.09471483195666221
1,0,0.05,GBM_grid_1_AutoML_2_20260420_23253_model_2,month_sin,0.22689597982913257
1,0,0.05,GBM_grid_1_AutoML_2_20260420_23253_model_2,month_cos,0.0775337388203479
1,0,0.05,XRT_1_AutoML_2_20260420_23253,target_lag1,1.3419079947844148
1,0,0.05,XRT_1_AutoML_2_20260420_23253,target_lag2,0.9000342737138272
1,0,0.05,XRT_1_AutoML_2_20260420_23253,target_lag3,0.16513840707018967
1,0,0.05,XRT_1_AutoML_2_20260420_23253,target_lag4,0.21528230048716068
1,0,0.05,XRT_1_AutoML_2_20260420_23253,target_lag5,0.17656168135348707
1,0,0.05,XRT_1_AutoML_2_20260420_23253,target_lag6,0.14803533451631665
1,0,0.05,XRT_1_AutoML_2_20260420_23253,cov_HULL_lag1,0.19784806042909622
1,0,0.05,XRT_1_AutoML_2_20260420_23253,cov_MUFL_lag1,1.8953579831123353
1,0,0.05,XRT_1_AutoML_2_20260420_23253,cov_MULL_lag1,0.1326917349360883
1,0,0.05,XRT_1_AutoML_2_20260420_23253,cov_LUFL_lag1,0.15887853122316298
1,0,0.05,XRT_1_AutoML_2_20260420_23253,cov_LULL_lag1,0.050972090911527594
1,0,0.05,XRT_1_AutoML_2_20260420_23253,cov_OT_lag1,0.1197434350068215
1,0,0.05,XRT_1_AutoML_2_20260420_23253,hour_lag1,0.7066877034306526
1,0,0.05,XRT_1_AutoML_2_20260420_23253,day_of_week_lag1,0.06633721146732566
1,0,0.05,XRT_1_AutoML_2_20260420_23253,month_lag1,0.21943232073448599
1,0,0.05,XRT_1_AutoML_2_20260420_23253,month_sin,0.21700672271195795
1,0,0.05,XRT_1_AutoML_2_20260420_23253,month_cos,0.09480759467231106
1,0,0.05,DRF_1_AutoML_2_20260420_23253,target_lag1,1.1362750959023833
1,0,0.05,DRF_1_AutoML_2_20260420_23253,target_lag2,0.8264889408648014
1,0,0.05,DRF_1_AutoML_2_20260420_23253,target_lag3,0.14549410282634195
1,0,0.05,DRF_1_AutoML_2_20260420_23253,target_lag4,0.1636301611620001
1,0,0.05,DRF_1_AutoML_2_20260420_23253,target_lag5,0.1216010049905162
1,0,0.05,DRF_1_AutoML_2_20260420_23253,target_lag6,0.18879836446838452
1,0,0.05,DRF_1_AutoML_2_20260420_23253,cov_HULL_lag1,0.13222770198713985
1,0,0.05,DRF_1_AutoML_2_20260420_23253,cov_MUFL_lag1,2.114612751752138
1,0,0.05,DRF_1_AutoML_2_20260420_23253,cov_MULL_lag1,0.12173303170129653
1,0,0.05,DRF_1_AutoML_2_20260420_23253,cov_LUFL_lag1,0.1743348671449348
1,0,0.05,DRF_1_AutoML_2_20260420_23253,cov_LULL_lag1,0.03706737069371225
1,0,0.05,DRF_1_AutoML_2_20260420_23253,cov_OT_lag1,0.05719267110805955
1,0,0.05,DRF_1_AutoML_2_20260420_23253,hour_lag1,0.5836949765495956
1,0,0.05,DRF_1_AutoML_2_20260420_23253,day_of_week_lag1,0.018278820529812903
1,0,0.05,DRF_1_AutoML_2_20260420_23253,month_lag1,0.13049285665154453
1,0,0.05,DRF_1_AutoML_2_20260420_23253,month_sin,0.2053821644000709
1,0,0.05,DRF_1_AutoML_2_20260420_23253,month_cos,0.03840527594322334
1,0,0.1,GBM_grid_1_AutoML_2_20260420_23253_model_1,target_lag1,0.9996319571137429
1,0,0.1,GBM_grid_1_AutoML_2_20260420_23253_model_1,target_lag2,0.283608342964435
1,0,0.1,GBM_grid_1_AutoML_2_20260420_23253_model_1,target_lag3,0.10585283847060051
1,0,0.1,GBM_grid_1_AutoML_2_20260420_23253_model_1,target_lag4,0.14909692409448322
1,0,0.1,GBM_grid_1_AutoML_2_20260420_23253_model_1,target_lag5,0.13769784440752114
1,0,0.1,GBM_grid_1_AutoML_2_20260420_23253_model_1,target_lag6,0.21449913180433214
1,0,0.1,GBM_grid_1_AutoML_2_20260420_23253_model_1,cov_HULL_lag1,0.1512882574833929
1,0,0.1,GBM_grid_1_AutoML_2_20260420_23253_model_1,cov_MUFL_lag1,2.1403563219401986
1,0,0.1,GBM_grid_1_AutoML_2_20260420_23253_model_1,cov_MULL_lag1,0.18464955194853241
1,0,0.1,GBM_grid_1_AutoML_2_20260420_23253_model_1,cov_LUFL_lag1,0.3065001056343317
1,0,0.1,GBM_grid_1_AutoML_2_20260420_23253_model_1,cov_LULL_lag1,0.06737200608127747
1,0,0.1,GBM_grid_1_AutoML_2_20260420_23253_model_1,cov_OT_lag1,0.12168360749841664
1,0,0.1,GBM_grid_1_AutoML_2_20260420_23253_model_1,hour_lag1,0.8054205646179616
1,0,0.1,GBM_grid_1_AutoML_2_20260420_23253_model_1,day_of_week_lag1,0.045960355186834896
1,0,0.1,GBM_grid_1_AutoML_2_20260420_23253_model_1,month_lag1,0.07664613268978425
1,0,0.1,GBM_grid_1_AutoML_2_20260420_23253_model_1,month_sin,0.10465523170540104
1,0,0.1,GBM_grid_1_AutoML_2_20260420_23253_model_1,month_cos,0.0828176442859694
1,0,0.1,GBM_3_AutoML_2_20260420_23253,target_lag1,1.8864430129528045
1,0,0.1,GBM_3_AutoML_2_20260420_23253,target_lag2,0.13985985849052665
1,0,0.1,GBM_3_AutoML_2_20260420_23253,target_lag3,0.07468858824693594
1,0,0.1,GBM_3_AutoML_2_20260420_23253,target_lag4,0.11639862055657428
1,0,0.1,GBM_3_AutoML_2_20260420_23253,target_lag5,0.08157954561524089
1,0,0.1,GBM_3_AutoML_2_20260420_23253,target_lag6,0.18151351375854574
1,0,0.1,GBM_3_AutoML_2_20260420_23253,cov_HULL_lag1,0.10846614315174516
1,0,0.1,GBM_3_AutoML_2_20260420_23253,cov_MUFL_lag1,2.084725460857153
1,0,0.1,GBM_3_AutoML_2_20260420_23253,cov_MULL_lag1,0.14364268151170104
1,0,0.1,GBM_3_AutoML_2_20260420_23253,cov_LUFL_lag1,0.2165690902597271
1,0,0.1,GBM_3_AutoML_2_20260420_23253,cov_LULL_lag1,0.05528081963188011
1,0,0.1,GBM_3_AutoML_2_20260420_23253,cov_OT_lag1,0.15045152259059247
1,0,0.1,GBM_3_AutoML_2_20260420_23253,hour_lag1,0.9907853005826474
1,0,0.1,GBM_3_AutoML_2_20260420_23253,day_of_week_lag1,0.03579268253408368
1,0,0.1,GBM_3_AutoML_2_20260420_23253,month_lag1,0.10884665653109545
1,0,0.1,GBM_3_AutoML_2_20260420_23253,month_sin,0.21455513268709184
1,0,0.1,GBM_3_AutoML_2_20260420_23253,month_cos,0.03993173660361204
1,0,0.1,GBM_2_AutoML_2_20260420_23253,target_lag1,1.090159794576466
1,0,0.1,GBM_2_AutoML_2_20260420_23253,target_lag2,0.7161316622339655
1,0,0.1,GBM_2_AutoML_2_20260420_23253,target_lag3,0.15152985288470516
1,0,0.1,GBM_2_AutoML_2_20260420_23253,target_lag4,0.15888190281577408
1,0,0.1,GBM_2_AutoML_2_20260420_23253,target_lag5,0.06307107743457886
1,0,0.1,GBM_2_AutoML_2_20260420_23253,target_lag6,0.08134832758398257
1,0,0.1,GBM_2_AutoML_2_20260420_23253,cov_HULL_lag1,0.054440573442261615
1,0,0.1,GBM_2_AutoML_2_20260420_23253,cov_MUFL_lag1,2.1752842722833154
1,0,0.1,GBM_2_AutoML_2_20260420_23253,cov_MULL_lag1,0.2040646547265351
1,0,0.1,GBM_2_AutoML_2_20260420_23253,cov_LUFL_lag1,0.17184112165123222
1,0,0.1,GBM_2_AutoML_2_20260420_23253,cov_LULL_lag1,0.05518894202134102
1,0,0.1,GBM_2_AutoML_2_20260420_23253,cov_OT_lag1,0.15367678877897556
1,0,0.1,GBM_2_AutoML_2_20260420_23253,hour_lag1,0.9572262917459011
1,0,0.1,GBM_2_AutoML_2_20260420_23253,day_of_week_lag1,0.0379242843950487
1,0,0.1,GBM_2_AutoML_2_20260420_23253,month_lag1,0.1515532632777467
1,0,0.1,GBM_2_AutoML_2_20260420_23253,month_sin,0.3469901714473963
1,0,0.1,GBM_2_AutoML_2_20260420_23253,month_cos,0.04021220115449973
1,0,0.1,GBM_4_AutoML_2_20260420_23253,target_lag1,1.304595582485199
1,0,0.1,GBM_4_AutoML_2_20260420_23253,target_lag2,0.24409842127584852
1,0,0.1,GBM_4_AutoML_2_20260420_23253,target_lag3,0.2806214313907549
1,0,0.1,GBM_4_AutoML_2_20260420_23253,target_lag4,0.12935214112047103
1,0,0.1,GBM_4_AutoML_2_20260420_23253,target_lag5,0.09123712779954073
1,0,0.1,GBM_4_AutoML_2_20260420_23253,target_lag6,0.1446533491741866
1,0,0.1,GBM_4_AutoML_2_20260420_23253,cov_HULL_lag1,0.06924487087875601
1,0,0.1,GBM_4_AutoML_2_20260420_23253,cov_MUFL_lag1,2.037340389043093
1,0,0.1,GBM_4_AutoML_2_20260420_23253,cov_MULL_lag1,0.11146239585243162
1,0,0.1,GBM_4_AutoML_2_20260420_23253,cov_LUFL_lag1,0.1961822298564948
1,0,0.1,GBM_4_AutoML_2_20260420_23253,cov_LULL_lag1,0.049946542867692144
1,0,0.1,GBM_4_AutoML_2_20260420_23253,cov_OT_lag1,0.1410711427032947
1,0,0.1,GBM_4_AutoML_2_20260420_23253,hour_lag1,0.9174530965089798
1,0,0.1,GBM_4_AutoML_2_20260420_23253,day_of_week_lag1,0.040362446695216894
1,0,0.1,GBM_4_AutoML_2_20260420_23253,month_lag1,0.14583694214932616
1,0,0.1,GBM_4_AutoML_2_20260420_23253,month_sin,0.22218903951346874
1,0,0.1,GBM_4_AutoML_2_20260420_23253,month_cos,0.04813577182329023
1,0,0.1,GBM_1_AutoML_2_20260420_23253,target_lag1,1.1385218993294983
1,0,0.1,GBM_1_AutoML_2_20260420_23253,target_lag2,0.3503496007039212
1,0,0.1,GBM_1_AutoML_2_20260420_23253,target_lag3,0.15103532512672244
1,0,0.1,GBM_1_AutoML_2_20260420_23253,target_lag4,0.1486604690691456
1,0,0.1,GBM_1_AutoML_2_20260420_23253,target_lag5,0.11702444581780577
1,0,0.1,GBM_1_AutoML_2_20260420_23253,target_lag6,0.09509051921777424
1,0,0.1,GBM_1_AutoML_2_20260420_23253,cov_HULL_lag1,0.09299093804380387
1,0,0.1,GBM_1_AutoML_2_20260420_23253,cov_MUFL_lag1,2.6066106020845474
1,0,0.1,GBM_1_AutoML_2_20260420_23253,cov_MULL_lag1,0.1096854214603081
1,0,0.1,GBM_1_AutoML_2_20260420_23253,cov_LUFL_lag1,0.20238952554762363
1,0,0.1,GBM_1_AutoML_2_20260420_23253,cov_LULL_lag1,0.038469525645486974
1,0,0.1,GBM_1_AutoML_2_20260420_23253,cov_OT_lag1,0.15090517809614537
1,0,0.1,GBM_1_AutoML_2_20260420_23253,hour_lag1,0.9250363416224718
1,0,0.1,GBM_1_AutoML_2_20260420_23253,day_of_week_lag1,0.03378913497086609
1,0,0.1,GBM_1_AutoML_2_20260420_23253,month_lag1,0.08619069669395682
1,0,0.1,GBM_1_AutoML_2_20260420_23253,month_sin,0.15835231631994243
1,0,0.1,GBM_1_AutoML_2_20260420_23253,month_cos,0.027159822450485042
1,0,0.1,GBM_grid_1_AutoML_2_20260420_23253_model_3,target_lag1,1.3123978022765368
1,0,0.1,GBM_grid_1_AutoML_2_20260420_23253_model_3,target_lag2,0.5868709487840533
1,0,0.1,GBM_grid_1_AutoML_2_20260420_23253_model_3,target_lag3,0.49163399138487873
1,0,0.1,GBM_grid_1_AutoML_2_20260420_23253_model_3,target_lag4,0.09014937755651767
1,0,0.1,GBM_grid_1_AutoML_2_20260420_23253_model_3,target_lag5,0.1648606048244983
1,0,0.1,GBM_grid_1_AutoML_2_20260420_23253_model_3,target_lag6,0.11917984702624378
1,0,0.1,GBM_grid_1_AutoML_2_20260420_23253_model_3,cov_HULL_lag1,0.10379525437951084
1,0,0.1,GBM_grid_1_AutoML_2_20260420_23253_model_3,cov_MUFL_lag1,1.805984315648675
1,0,0.1,GBM_grid_1_AutoML_2_20260420_23253_model_3,cov_MULL_lag1,0.09053544041234997
1,0,0.1,GBM_grid_1_AutoML_2_20260420_23253_model_3,cov_LUFL_lag1,0.239827948063612
1,0,0.1,GBM_grid_1_AutoML_2_20260420_23253_model_3,cov_LULL_lag1,0.0354209820902906
1,0,0.1,GBM_grid_1_AutoML_2_20260420_23253_model_3,cov_OT_lag1,0.17794298932887614
1,0,0.1,GBM_grid_1_AutoML_2_20260420_23253_model_3,hour_lag1,0.8350639391690493
1,0,0.1,GBM_grid_1_AutoML_2_20260420_23253_model_3,day_of_week_lag1,0.030080259637907107
1,0,0.1,GBM_grid_1_AutoML_2_20260420_23253_model_3,month_lag1,0.117846485520713
1,0,0.1,GBM_grid_1_AutoML_2_20260420_23253_model_3,month_sin,0.22853816021233797
1,0,0.1,GBM_grid_1_AutoML_2_20260420_23253_model_3,month_cos,0.051528739999048376
1,0,0.1,XGBoost_grid_1_AutoML_2_20260420_23253_model_2,target_lag1,1.3245580488909037
1,0,0.1,XGBoost_grid_1_AutoML_2_20260420_23253_model_2,target_lag2,0.16299199062399566
1,0,0.1,XGBoost_grid_1_AutoML_2_20260420_23253_model_2,target_lag3,0.10858893699944015
1,0,0.1,XGBoost_grid_1_AutoML_2_20260420_23253_model_2,target_lag4,0.12234688418393486
1,0,0.1,XGBoost_grid_1_AutoML_2_20260420_23253_model_2,target_lag5,0.08730295760557052
1,0,0.1,XGBoost_grid_1_AutoML_2_20260420_23253_model_2,target_lag6,0.10439568013884123
1,0,0.1,XGBoost_grid_1_AutoML_2_20260420_23253_model_2,cov_HULL_lag1,0.10877418802119788
1,0,0.1,XGBoost_grid_1_AutoML_2_20260420_23253_model_2,cov_MUFL_lag1,3.0366903422772884
1,0,0.1,XGBoost_grid_1_AutoML_2_20260420_23253_model_2,cov_MULL_lag1,0.14386677194386718
1,0,0.1,XGBoost_grid_1_AutoML_2_20260420_23253_model_2,cov_LUFL_lag1,0.1995295974984765
1,0,0.1,XGBoost_grid_1_AutoML_2_20260420_23253_model_2,cov_LULL_lag1,0.06216877977247346
1,0,0.1,XGBoost_grid_1_AutoML_2_20260420_23253_model_2,cov_OT_lag1,0.1625296497228555
1,0,0.1,XGBoost_grid_1_AutoML_2_20260420_23253_model_2,hour_lag1,1.126276774406433
1,0,0.1,XGBoost_grid_1_AutoML_2_20260420_23253_model_2,day_of_week_lag1,0.05420789700976452
1,0,0.1,XGBoost_grid_1_AutoML_2_20260420_23253_model_2,month_lag1,0.10841388286324215
1,0,0.1,XGBoost_grid_1_AutoML_2_20260420_23253_model_2,month_sin,0.24391146454960108
1,0,0.1,XGBoost_grid_1_AutoML_2_20260420_23253_model_2,month_cos,0.0722095234226435
1,0,0.1,XGBoost_grid_1_AutoML_2_20260420_23253_model_5,target_lag1,1.3810835956968368
1,0,0.1,XGBoost_grid_1_AutoML_2_20260420_23253_model_5,target_lag2,0.1673723513353616
1,0,0.1,XGBoost_grid_1_AutoML_2_20260420_23253_model_5,target_lag3,0.1059901999426074
1,0,0.1,XGBoost_grid_1_AutoML_2_20260420_23253_model_5,target_lag4,0.12423854127991941
1,0,0.1,XGBoost_grid_1_AutoML_2_20260420_23253_model_5,target_lag5,0.06328864920884367
1,0,0.1,XGBoost_grid_1_AutoML_2_20260420_23253_model_5,target_lag6,0.10219495744444426
1,0,0.1,XGBoost_grid_1_AutoML_2_20260420_23253_model_5,cov_HULL_lag1,0.06018151352531272
1,0,0.1,XGBoost_grid_1_AutoML_2_20260420_23253_model_5,cov_MUFL_lag1,2.5315987980924546
1,0,0.1,XGBoost_grid_1_AutoML_2_20260420_23253_model_5,cov_MULL_lag1,0.17791819177567955
1,0,0.1,XGBoost_grid_1_AutoML_2_20260420_23253_model_5,cov_LUFL_lag1,0.1742157806723844
1,0,0.1,XGBoost_grid_1_AutoML_2_20260420_23253_model_5,cov_LULL_lag1,0.04382832799572493
1,0,0.1,XGBoost_grid_1_AutoML_2_20260420_23253_model_5,cov_OT_lag1,0.2833004170283675
1,0,0.1,XGBoost_grid_1_AutoML_2_20260420_23253_model_5,hour_lag1,0.8622765353880822
1,0,0.1,XGBoost_grid_1_AutoML_2_20260420_23253_model_5,day_of_week_lag1,0.04139273836743082
1,0,0.1,XGBoost_grid_1_AutoML_2_20260420_23253_model_5,month_lag1,0.15651425960473714
1,0,0.1,XGBoost_grid_1_AutoML_2_20260420_23253_model_5,month_sin,0.2947859361860901
1,0,0.1,XGBoost_grid_1_AutoML_2_20260420_23253_model_5,month_cos,0.10447460779920217
1,0,0.1,GBM_grid_1_AutoML_2_20260420_23253_model_2,target_lag1,1.1289876276254653
1,0,0.1,GBM_grid_1_AutoML_2_20260420_23253_model_2,target_lag2,0.11662100443034429
1,0,0.1,GBM_grid_1_AutoML_2_20260420_23253_model_2,target_lag3,0.09559797161258754
1,0,0.1,GBM_grid_1_AutoML_2_20260420_23253_model_2,target_lag4,0.14748727938160297
1,0,0.1,GBM_grid_1_AutoML_2_20260420_23253_model_2,target_lag5,0.10961838517046996
1,0,0.1,GBM_grid_1_AutoML_2_20260420_23253_model_2,target_lag6,0.04886336669325824
1,0,0.1,GBM_grid_1_AutoML_2_20260420_23253_model_2,cov_HULL_lag1,0.030185129286255635
1,0,0.1,GBM_grid_1_AutoML_2_20260420_23253_model_2,cov_MUFL_lag1,2.8060650706291197
1,0,0.1,GBM_grid_1_AutoML_2_20260420_23253_model_2,cov_MULL_lag1,0.14136597220785913
1,0,0.1,GBM_grid_1_AutoML_2_20260420_23253_model_2,cov_LUFL_lag1,0.10250304403947663
1,0,0.1,GBM_grid_1_AutoML_2_20260420_23253_model_2,cov_LULL_lag1,0.04005519186248416
1,0,0.1,GBM_grid_1_AutoML_2_20260420_23253_model_2,cov_OT_lag1,0.15334209226944945
1,0,0.1,GBM_grid_1_AutoML_2_20260420_23253_model_2,hour_lag1,1.0249262990802526
1,0,0.1,GBM_grid_1_AutoML_2_20260420_23253_model_2,day_of_week_lag1,0.02039509763941164
1,0,0.1,GBM_grid_1_AutoML_2_20260420_23253_model_2,month_lag1,0.09471483195666221
1,0,0.1,GBM_grid_1_AutoML_2_20260420_23253_model_2,month_sin,0.22689597982913257
1,0,0.1,GBM_grid_1_AutoML_2_20260420_23253_model_2,month_cos,0.0775337388203479
1,0,0.1,XRT_1_AutoML_2_20260420_23253,target_lag1,1.3419079947844148
1,0,0.1,XRT_1_AutoML_2_20260420_23253,target_lag2,0.9000342737138272
1,0,0.1,XRT_1_AutoML_2_20260420_23253,target_lag3,0.16513840707018967
1,0,0.1,XRT_1_AutoML_2_20260420_23253,target_lag4,0.21528230048716068
1,0,0.1,XRT_1_AutoML_2_20260420_23253,target_lag5,0.17656168135348707
1,0,0.1,XRT_1_AutoML_2_20260420_23253,target_lag6,0.14803533451631665
1,0,0.1,XRT_1_AutoML_2_20260420_23253,cov_HULL_lag1,0.19784806042909622
1,0,0.1,XRT_1_AutoML_2_20260420_23253,cov_MUFL_lag1,1.8953579831123353
1,0,0.1,XRT_1_AutoML_2_20260420_23253,cov_MULL_lag1,0.1326917349360883
1,0,0.1,XRT_1_AutoML_2_20260420_23253,cov_LUFL_lag1,0.15887853122316298
1,0,0.1,XRT_1_AutoML_2_20260420_23253,cov_LULL_lag1,0.050972090911527594
1,0,0.1,XRT_1_AutoML_2_20260420_23253,cov_OT_lag1,0.1197434350068215
1,0,0.1,XRT_1_AutoML_2_20260420_23253,hour_lag1,0.7066877034306526
1,0,0.1,XRT_1_AutoML_2_20260420_23253,day_of_week_lag1,0.06633721146732566
1,0,0.1,XRT_1_AutoML_2_20260420_23253,month_lag1,0.21943232073448599
1,0,0.1,XRT_1_AutoML_2_20260420_23253,month_sin,0.21700672271195795
1,0,0.1,XRT_1_AutoML_2_20260420_23253,month_cos,0.09480759467231106
1,0,0.1,DRF_1_AutoML_2_20260420_23253,target_lag1,1.1362750959023833
1,0,0.1,DRF_1_AutoML_2_20260420_23253,target_lag2,0.8264889408648014
1,0,0.1,DRF_1_AutoML_2_20260420_23253,target_lag3,0.14549410282634195
1,0,0.1,DRF_1_AutoML_2_20260420_23253,target_lag4,0.1636301611620001
1,0,0.1,DRF_1_AutoML_2_20260420_23253,target_lag5,0.1216010049905162
1,0,0.1,DRF_1_AutoML_2_20260420_23253,target_lag6,0.18879836446838452
1,0,0.1,DRF_1_AutoML_2_20260420_23253,cov_HULL_lag1,0.13222770198713985
1,0,0.1,DRF_1_AutoML_2_20260420_23253,cov_MUFL_lag1,2.114612751752138
1,0,0.1,DRF_1_AutoML_2_20260420_23253,cov_MULL_lag1,0.12173303170129653
1,0,0.1,DRF_1_AutoML_2_20260420_23253,cov_LUFL_lag1,0.1743348671449348
1,0,0.1,DRF_1_AutoML_2_20260420_23253,cov_LULL_lag1,0.03706737069371225
1,0,0.1,DRF_1_AutoML_2_20260420_23253,cov_OT_lag1,0.05719267110805955
1,0,0.1,DRF_1_AutoML_2_20260420_23253,hour_lag1,0.5836949765495956
1,0,0.1,DRF_1_AutoML_2_20260420_23253,day_of_week_lag1,0.018278820529812903
1,0,0.1,DRF_1_AutoML_2_20260420_23253,month_lag1,0.13049285665154453
1,0,0.1,DRF_1_AutoML_2_20260420_23253,month_sin,0.2053821644000709
1,0,0.1,DRF_1_AutoML_2_20260420_23253,month_cos,0.03840527594322334
1,0,0.1,XGBoost_1_AutoML_2_20260420_23253,target_lag1,2.8843734092265367
1,0,0.1,XGBoost_1_AutoML_2_20260420_23253,target_lag2,0.2624285712838173
1,0,0.1,XGBoost_1_AutoML_2_20260420_23253,target_lag3,0.18528147039934992
1,0,0.1,XGBoost_1_AutoML_2_20260420_23253,target_lag4,0.24253196254954673
1,0,0.1,XGBoost_1_AutoML_2_20260420_23253,target_lag5,0.13829354687884912
1,0,0.1,XGBoost_1_AutoML_2_20260420_23253,target_lag6,0.14186216102913018
1,0,0.1,XGBoost_1_AutoML_2_20260420_23253,cov_HULL_lag1,0.19124896028079091
1,0,0.1,XGBoost_1_AutoML_2_20260420_23253,cov_MUFL_lag1,1.252326455451548
1,0,0.1,XGBoost_1_AutoML_2_20260420_23253,cov_MULL_lag1,0.21538302008295432
1,0,0.1,XGBoost_1_AutoML_2_20260420_23253,cov_LUFL_lag1,0.291594078715425
1,0,0.1,XGBoost_1_AutoML_2_20260420_23253,cov_LULL_lag1,0.10592847851105029
1,0,0.1,XGBoost_1_AutoML_2_20260420_23253,cov_OT_lag1,0.21788909229449926
1,0,0.1,XGBoost_1_AutoML_2_20260420_23253,hour_lag1,0.8024204237014055
1,0,0.1,XGBoost_1_AutoML_2_20260420_23253,day_of_week_lag1,0.07990628300001841
1,0,0.1,XGBoost_1_AutoML_2_20260420_23253,month_lag1,0.1402004358777776
1,0,0.1,XGBoost_1_AutoML_2_20260420_23253,month_sin,0.24674476578831672
1,0,0.1,XGBoost_1_AutoML_2_20260420_23253,month_cos,0.08813263237942007
1,0,0.1,XGBoost_grid_1_AutoML_2_20260420_23253_model_6,target_lag1,0.6295762061141431
1,0,0.1,XGBoost_grid_1_AutoML_2_20260420_23253_model_6,target_lag2,0.5491218441724777
1,0,0.1,XGBoost_grid_1_AutoML_2_20260420_23253_model_6,target_lag3,0.11778466583229598
1,0,0.1,XGBoost_grid_1_AutoML_2_20260420_23253_model_6,target_lag4,0.2512468380108476
1,0,0.1,XGBoost_grid_1_AutoML_2_20260420_23253_model_6,target_lag5,0.2864051220752299
1,0,0.1,XGBoost_grid_1_AutoML_2_20260420_23253_model_6,target_lag6,0.12521768175996836
1,0,0.1,XGBoost_grid_1_AutoML_2_20260420_23253_model_6,cov_HULL_lag1,0.020708556086756244
1,0,0.1,XGBoost_grid_1_AutoML_2_20260420_23253_model_6,cov_MUFL_lag1,3.0743301564455034
1,0,0.1,XGBoost_grid_1_AutoML_2_20260420_23253_model_6,cov_MULL_lag1,0.18157619658857585
1,0,0.1,XGBoost_grid_1_AutoML_2_20260420_23253_model_6,cov_LUFL_lag1,0.22279414885211735
1,0,0.1,XGBoost_grid_1_AutoML_2_20260420_23253_model_6,cov_LULL_lag1,0.05060759421670806
1,0,0.1,XGBoost_grid_1_AutoML_2_20260420_23253_model_6,cov_OT_lag1,0.19292689995840193
1,0,0.1,XGBoost_grid_1_AutoML_2_20260420_23253_model_6,hour_lag1,0.8513752799294889
1,0,0.1,XGBoost_grid_1_AutoML_2_20260420_23253_model_6,day_of_week_lag1,0.02193205386865879
1,0,0.1,XGBoost_grid_1_AutoML_2_20260420_23253_model_6,month_lag1,0.1270425732899457
1,0,0.1,XGBoost_grid_1_AutoML_2_20260420_23253_model_6,month_sin,0.38468614235520365
1,0,0.1,XGBoost_grid_1_AutoML_2_20260420_23253_model_6,month_cos,0.046029298445209824
1,0,0.1,GBM_5_AutoML_2_20260420_23253,target_lag1,1.5010440377146006
1,0,0.1,GBM_5_AutoML_2_20260420_23253,target_lag2,0.27414390828460455
1,0,0.1,GBM_5_AutoML_2_20260420_23253,target_lag3,0.11128495325217952
1,0,0.1,GBM_5_AutoML_2_20260420_23253,target_lag4,0.14575086208526045
1,0,0.1,GBM_5_AutoML_2_20260420_23253,target_lag5,0.1506255685543874
1,0,0.1,GBM_5_AutoML_2_20260420_23253,target_lag6,0.07544526595040218
1,0,0.1,GBM_5_AutoML_2_20260420_23253,cov_HULL_lag1,0.0778855072893202
1,0,0.1,GBM_5_AutoML_2_20260420_23253,cov_MUFL_lag1,2.046204202417284
1,0,0.1,GBM_5_AutoML_2_20260420_23253,cov_MULL_lag1,0.15989075440913436
1,0,0.1,GBM_5_AutoML_2_20260420_23253,cov_LUFL_lag1,0.17849805221077986
1,0,0.1,GBM_5_AutoML_2_20260420_23253,cov_LULL_lag1,0.06706399856600907
1,0,0.1,GBM_5_AutoML_2_20260420_23253,cov_OT_lag1,0.14907240075990555
1,0,0.1,GBM_5_AutoML_2_20260420_23253,hour_lag1,1.1148260287940501
1,0,0.1,GBM_5_AutoML_2_20260420_23253,day_of_week_lag1,0.03367977742760554
1,0,0.1,GBM_5_AutoML_2_20260420_23253,month_lag1,0.134806251283735
1,0,0.1,GBM_5_AutoML_2_20260420_23253,month_sin,0.3256645728647709
1,0,0.1,GBM_5_AutoML_2_20260420_23253,month_cos,0.047888474704232034
1,0,0.1,XGBoost_grid_1_AutoML_2_20260420_23253_model_3,target_lag1,1.366160431643948
1,0,0.1,XGBoost_grid_1_AutoML_2_20260420_23253_model_3,target_lag2,0.654643201995641
1,0,0.1,XGBoost_grid_1_AutoML_2_20260420_23253_model_3,target_lag3,0.25586678663268686
1,0,0.1,XGBoost_grid_1_AutoML_2_20260420_23253_model_3,target_lag4,0.1518162883725017
1,0,0.1,XGBoost_grid_1_AutoML_2_20260420_23253_model_3,target_lag5,0.1389853209024295
1,0,0.1,XGBoost_grid_1_AutoML_2_20260420_23253_model_3,target_lag6,0.27298105327878147
1,0,0.1,XGBoost_grid_1_AutoML_2_20260420_23253_model_3,cov_HULL_lag1,0.1293783606123179
1,0,0.1,XGBoost_grid_1_AutoML_2_20260420_23253_model_3,cov_MUFL_lag1,1.9025285764038562
1,0,0.1,XGBoost_grid_1_AutoML_2_20260420_23253_model_3,cov_MULL_lag1,0.15047578633762893
1,0,0.1,XGBoost_grid_1_AutoML_2_20260420_23253_model_3,cov_LUFL_lag1,0.21323230262845752
1,0,0.1,XGBoost_grid_1_AutoML_2_20260420_23253_model_3,cov_LULL_lag1,0.07441805133566955
1,0,0.1,XGBoost_grid_1_AutoML_2_20260420_23253_model_3,cov_OT_lag1,0.13055062936618922
1,0,0.1,XGBoost_grid_1_AutoML_2_20260420_23253_model_3,hour_lag1,0.7537654823437333
1,0,0.1,XGBoost_grid_1_AutoML_2_20260420_23253_model_3,day_of_week_lag1,0.04716327414847907
1,0,0.1,XGBoost_grid_1_AutoML_2_20260420_23253_model_3,month_lag1,0.12551102408790027
1,0,0.1,XGBoost_grid_1_AutoML_2_20260420_23253_model_3,month_sin,0.5014209595322608
1,0,0.1,XGBoost_grid_1_AutoML_2_20260420_23253_model_3,month_cos,0.05365530840819696
1,0,0.1,XGBoost_2_AutoML_2_20260420_23253,target_lag1,1.0457775349915028
1,0,0.1,XGBoost_2_AutoML_2_20260420_23253,target_lag2,0.20312368654878807
1,0,0.1,XGBoost_2_AutoML_2_20260420_23253,target_lag3,0.16285687580239025
1,0,0.1,XGBoost_2_AutoML_2_20260420_23253,target_lag4,0.1248315870389342
1,0,0.1,XGBoost_2_AutoML_2_20260420_23253,target_lag5,0.12007546063046899
1,0,0.1,XGBoost_2_AutoML_2_20260420_23253,target_lag6,0.1281455476256087
1,0,0.1,XGBoost_2_AutoML_2_20260420_23253,cov_HULL_lag1,0.10961451014271002
1,0,0.1,XGBoost_2_AutoML_2_20260420_23253,cov_MUFL_lag1,3.180783252567053
1,0,0.1,XGBoost_2_AutoML_2_20260420_23253,cov_MULL_lag1,0.2628217215184122
1,0,0.1,XGBoost_2_AutoML_2_20260420_23253,cov_LUFL_lag1,0.2070432995632291
1,0,0.1,XGBoost_2_AutoML_2_20260420_23253,cov_LULL_lag1,0.11594341376447115
1,0,0.1,XGBoost_2_AutoML_2_20260420_23253,cov_OT_lag1,0.21698311499785633
1,0,0.1,XGBoost_2_AutoML_2_20260420_23253,hour_lag1,1.0577901976555586
1,0,0.1,XGBoost_2_AutoML_2_20260420_23253,day_of_week_lag1,0.10894352353643619
1,0,0.1,XGBoost_2_AutoML_2_20260420_23253,month_lag1,0.10782401519478295
1,0,0.1,XGBoost_2_AutoML_2_20260420_23253,month_sin,0.21398998798802496
1,0,0.1,XGBoost_2_AutoML_2_20260420_23253,month_cos,0.08133697438868688
1,0,0.1,XGBoost_grid_1_AutoML_2_20260420_23253_model_1,target_lag1,0.6856054286286235
1,0,0.1,XGBoost_grid_1_AutoML_2_20260420_23253_model_1,target_lag2,0.17265391003013064
1,0,0.1,XGBoost_grid_1_AutoML_2_20260420_23253_model_1,target_lag3,0.2248351520160213
1,0,0.1,XGBoost_grid_1_AutoML_2_20260420_23253_model_1,target_lag4,0.09420438057277349
1,0,0.1,XGBoost_grid_1_AutoML_2_20260420_23253_model_1,target_lag5,0.06743748820852484
1,0,0.1,XGBoost_grid_1_AutoML_2_20260420_23253_model_1,target_lag6,0.10826570936711502
1,0,0.1,XGBoost_grid_1_AutoML_2_20260420_23253_model_1,cov_HULL_lag1,0.15274206011206842
1,0,0.1,XGBoost_grid_1_AutoML_2_20260420_23253_model_1,cov_MUFL_lag1,3.699364886879921
1,0,0.1,XGBoost_grid_1_AutoML_2_20260420_23253_model_1,cov_MULL_lag1,0.17304681601934135
1,0,0.1,XGBoost_grid_1_AutoML_2_20260420_23253_model_1,cov_LUFL_lag1,0.12369858442223627
1,0,0.1,XGBoost_grid_1_AutoML_2_20260420_23253_model_1,cov_LULL_lag1,0.09437013607355763
1,0,0.1,XGBoost_grid_1_AutoML_2_20260420_23253_model_1,cov_OT_lag1,0.16920563135296107
1,0,0.1,XGBoost_grid_1_AutoML_2_20260420_23253_model_1,hour_lag1,1.1212689438834786
1,0,0.1,XGBoost_grid_1_AutoML_2_20260420_23253_model_1,day_of_week_lag1,0.07983254095539447
1,0,0.1,XGBoost_grid_1_AutoML_2_20260420_23253_model_1,month_lag1,0.1238002113997936
1,0,0.1,XGBoost_grid_1_AutoML_2_20260420_23253_model_1,month_sin,0.2630331840738654
1,0,0.1,XGBoost_grid_1_AutoML_2_20260420_23253_model_1,month_cos,0.051498832223005546
1,0,0.2,GBM_grid_1_AutoML_2_20260420_23253_model_1,target_lag1,0.9996319571137429
1,0,0.2,GBM_grid_1_AutoML_2_20260420_23253_model_1,target_lag2,0.283608342964435
1,0,0.2,GBM_grid_1_AutoML_2_20260420_23253_model_1,target_lag3,0.10585283847060051
1,0,0.2,GBM_grid_1_AutoML_2_20260420_23253_model_1,target_lag4,0.14909692409448322
1,0,0.2,GBM_grid_1_AutoML_2_20260420_23253_model_1,target_lag5,0.13769784440752114
1,0,0.2,GBM_grid_1_AutoML_2_20260420_23253_model_1,target_lag6,0.21449913180433214
1,0,0.2,GBM_grid_1_AutoML_2_20260420_23253_model_1,cov_HULL_lag1,0.1512882574833929
1,0,0.2,GBM_grid_1_AutoML_2_20260420_23253_model_1,cov_MUFL_lag1,2.1403563219401986
1,0,0.2,GBM_grid_1_AutoML_2_20260420_23253_model_1,cov_MULL_lag1,0.18464955194853241
1,0,0.2,GBM_grid_1_AutoML_2_20260420_23253_model_1,cov_LUFL_lag1,0.3065001056343317
1,0,0.2,GBM_grid_1_AutoML_2_20260420_23253_model_1,cov_LULL_lag1,0.06737200608127747
1,0,0.2,GBM_grid_1_AutoML_2_20260420_23253_model_1,cov_OT_lag1,0.12168360749841664
1,0,0.2,GBM_grid_1_AutoML_2_20260420_23253_model_1,hour_lag1,0.8054205646179616
1,0,0.2,GBM_grid_1_AutoML_2_20260420_23253_model_1,day_of_week_lag1,0.045960355186834896
1,0,0.2,GBM_grid_1_AutoML_2_20260420_23253_model_1,month_lag1,0.07664613268978425
1,0,0.2,GBM_grid_1_AutoML_2_20260420_23253_model_1,month_sin,0.10465523170540104
1,0,0.2,GBM_grid_1_AutoML_2_20260420_23253_model_1,month_cos,0.0828176442859694
1,0,0.2,GBM_3_AutoML_2_20260420_23253,target_lag1,1.8864430129528045
1,0,0.2,GBM_3_AutoML_2_20260420_23253,target_lag2,0.13985985849052665
1,0,0.2,GBM_3_AutoML_2_20260420_23253,target_lag3,0.07468858824693594
1,0,0.2,GBM_3_AutoML_2_20260420_23253,target_lag4,0.11639862055657428
1,0,0.2,GBM_3_AutoML_2_20260420_23253,target_lag5,0.08157954561524089
1,0,0.2,GBM_3_AutoML_2_20260420_23253,target_lag6,0.18151351375854574
1,0,0.2,GBM_3_AutoML_2_20260420_23253,cov_HULL_lag1,0.10846614315174516
1,0,0.2,GBM_3_AutoML_2_20260420_23253,cov_MUFL_lag1,2.084725460857153
1,0,0.2,GBM_3_AutoML_2_20260420_23253,cov_MULL_lag1,0.14364268151170104
1,0,0.2,GBM_3_AutoML_2_20260420_23253,cov_LUFL_lag1,0.2165690902597271
1,0,0.2,GBM_3_AutoML_2_20260420_23253,cov_LULL_lag1,0.05528081963188011
1,0,0.2,GBM_3_AutoML_2_20260420_23253,cov_OT_lag1,0.15045152259059247
1,0,0.2,GBM_3_AutoML_2_20260420_23253,hour_lag1,0.9907853005826474
1,0,0.2,GBM_3_AutoML_2_20260420_23253,day_of_week_lag1,0.03579268253408368
1,0,0.2,GBM_3_AutoML_2_20260420_23253,month_lag1,0.10884665653109545
1,0,0.2,GBM_3_AutoML_2_20260420_23253,month_sin,0.21455513268709184
1,0,0.2,GBM_3_AutoML_2_20260420_23253,month_cos,0.03993173660361204
1,0,0.2,GBM_2_AutoML_2_20260420_23253,target_lag1,1.090159794576466
1,0,0.2,GBM_2_AutoML_2_20260420_23253,target_lag2,0.7161316622339655
1,0,0.2,GBM_2_AutoML_2_20260420_23253,target_lag3,0.15152985288470516
1,0,0.2,GBM_2_AutoML_2_20260420_23253,target_lag4,0.15888190281577408
1,0,0.2,GBM_2_AutoML_2_20260420_23253,target_lag5,0.06307107743457886
1,0,0.2,GBM_2_AutoML_2_20260420_23253,target_lag6,0.08134832758398257
1,0,0.2,GBM_2_AutoML_2_20260420_23253,cov_HULL_lag1,0.054440573442261615
1,0,0.2,GBM_2_AutoML_2_20260420_23253,cov_MUFL_lag1,2.1752842722833154
1,0,0.2,GBM_2_AutoML_2_20260420_23253,cov_MULL_lag1,0.2040646547265351
1,0,0.2,GBM_2_AutoML_2_20260420_23253,cov_LUFL_lag1,0.17184112165123222
1,0,0.2,GBM_2_AutoML_2_20260420_23253,cov_LULL_lag1,0.05518894202134102
1,0,0.2,GBM_2_AutoML_2_20260420_23253,cov_OT_lag1,0.15367678877897556
1,0,0.2,GBM_2_AutoML_2_20260420_23253,hour_lag1,0.9572262917459011
1,0,0.2,GBM_2_AutoML_2_20260420_23253,day_of_week_lag1,0.0379242843950487
1,0,0.2,GBM_2_AutoML_2_20260420_23253,month_lag1,0.1515532632777467
1,0,0.2,GBM_2_AutoML_2_20260420_23253,month_sin,0.3469901714473963
1,0,0.2,GBM_2_AutoML_2_20260420_23253,month_cos,0.04021220115449973
1,0,0.2,GBM_4_AutoML_2_20260420_23253,target_lag1,1.304595582485199
1,0,0.2,GBM_4_AutoML_2_20260420_23253,target_lag2,0.24409842127584852
1,0,0.2,GBM_4_AutoML_2_20260420_23253,target_lag3,0.2806214313907549
1,0,0.2,GBM_4_AutoML_2_20260420_23253,target_lag4,0.12935214112047103
1,0,0.2,GBM_4_AutoML_2_20260420_23253,target_lag5,0.09123712779954073
1,0,0.2,GBM_4_AutoML_2_20260420_23253,target_lag6,0.1446533491741866
1,0,0.2,GBM_4_AutoML_2_20260420_23253,cov_HULL_lag1,0.06924487087875601
1,0,0.2,GBM_4_AutoML_2_20260420_23253,cov_MUFL_lag1,2.037340389043093
1,0,0.2,GBM_4_AutoML_2_20260420_23253,cov_MULL_lag1,0.11146239585243162
1,0,0.2,GBM_4_AutoML_2_20260420_23253,cov_LUFL_lag1,0.1961822298564948
1,0,0.2,GBM_4_AutoML_2_20260420_23253,cov_LULL_lag1,0.049946542867692144
1,0,0.2,GBM_4_AutoML_2_20260420_23253,cov_OT_lag1,0.1410711427032947
1,0,0.2,GBM_4_AutoML_2_20260420_23253,hour_lag1,0.9174530965089798
1,0,0.2,GBM_4_AutoML_2_20260420_23253,day_of_week_lag1,0.040362446695216894
1,0,0.2,GBM_4_AutoML_2_20260420_23253,month_lag1,0.14583694214932616
1,0,0.2,GBM_4_AutoML_2_20260420_23253,month_sin,0.22218903951346874
1,0,0.2,GBM_4_AutoML_2_20260420_23253,month_cos,0.04813577182329023
1,0,0.2,GBM_1_AutoML_2_20260420_23253,target_lag1,1.1385218993294983
1,0,0.2,GBM_1_AutoML_2_20260420_23253,target_lag2,0.3503496007039212
1,0,0.2,GBM_1_AutoML_2_20260420_23253,target_lag3,0.15103532512672244
1,0,0.2,GBM_1_AutoML_2_20260420_23253,target_lag4,0.1486604690691456
1,0,0.2,GBM_1_AutoML_2_20260420_23253,target_lag5,0.11702444581780577
1,0,0.2,GBM_1_AutoML_2_20260420_23253,target_lag6,0.09509051921777424
1,0,0.2,GBM_1_AutoML_2_20260420_23253,cov_HULL_lag1,0.09299093804380387
1,0,0.2,GBM_1_AutoML_2_20260420_23253,cov_MUFL_lag1,2.6066106020845474
1,0,0.2,GBM_1_AutoML_2_20260420_23253,cov_MULL_lag1,0.1096854214603081
1,0,0.2,GBM_1_AutoML_2_20260420_23253,cov_LUFL_lag1,0.20238952554762363
1,0,0.2,GBM_1_AutoML_2_20260420_23253,cov_LULL_lag1,0.038469525645486974
1,0,0.2,GBM_1_AutoML_2_20260420_23253,cov_OT_lag1,0.15090517809614537
1,0,0.2,GBM_1_AutoML_2_20260420_23253,hour_lag1,0.9250363416224718
1,0,0.2,GBM_1_AutoML_2_20260420_23253,day_of_week_lag1,0.03378913497086609
1,0,0.2,GBM_1_AutoML_2_20260420_23253,month_lag1,0.08619069669395682
1,0,0.2,GBM_1_AutoML_2_20260420_23253,month_sin,0.15835231631994243
1,0,0.2,GBM_1_AutoML_2_20260420_23253,month_cos,0.027159822450485042
1,0,0.2,GBM_grid_1_AutoML_2_20260420_23253_model_3,target_lag1,1.3123978022765368
1,0,0.2,GBM_grid_1_AutoML_2_20260420_23253_model_3,target_lag2,0.5868709487840533
1,0,0.2,GBM_grid_1_AutoML_2_20260420_23253_model_3,target_lag3,0.49163399138487873
1,0,0.2,GBM_grid_1_AutoML_2_20260420_23253_model_3,target_lag4,0.09014937755651767
1,0,0.2,GBM_grid_1_AutoML_2_20260420_23253_model_3,target_lag5,0.1648606048244983
1,0,0.2,GBM_grid_1_AutoML_2_20260420_23253_model_3,target_lag6,0.11917984702624378
1,0,0.2,GBM_grid_1_AutoML_2_20260420_23253_model_3,cov_HULL_lag1,0.10379525437951084
1,0,0.2,GBM_grid_1_AutoML_2_20260420_23253_model_3,cov_MUFL_lag1,1.805984315648675
1,0,0.2,GBM_grid_1_AutoML_2_20260420_23253_model_3,cov_MULL_lag1,0.09053544041234997
1,0,0.2,GBM_grid_1_AutoML_2_20260420_23253_model_3,cov_LUFL_lag1,0.239827948063612
1,0,0.2,GBM_grid_1_AutoML_2_20260420_23253_model_3,cov_LULL_lag1,0.0354209820902906
1,0,0.2,GBM_grid_1_AutoML_2_20260420_23253_model_3,cov_OT_lag1,0.17794298932887614
1,0,0.2,GBM_grid_1_AutoML_2_20260420_23253_model_3,hour_lag1,0.8350639391690493
1,0,0.2,GBM_grid_1_AutoML_2_20260420_23253_model_3,day_of_week_lag1,0.030080259637907107
1,0,0.2,GBM_grid_1_AutoML_2_20260420_23253_model_3,month_lag1,0.117846485520713
1,0,0.2,GBM_grid_1_AutoML_2_20260420_23253_model_3,month_sin,0.22853816021233797
1,0,0.2,GBM_grid_1_AutoML_2_20260420_23253_model_3,month_cos,0.051528739999048376
1,0,0.2,XGBoost_grid_1_AutoML_2_20260420_23253_model_2,target_lag1,1.3245580488909037
1,0,0.2,XGBoost_grid_1_AutoML_2_20260420_23253_model_2,target_lag2,0.16299199062399566
1,0,0.2,XGBoost_grid_1_AutoML_2_20260420_23253_model_2,target_lag3,0.10858893699944015
1,0,0.2,XGBoost_grid_1_AutoML_2_20260420_23253_model_2,target_lag4,0.12234688418393486
1,0,0.2,XGBoost_grid_1_AutoML_2_20260420_23253_model_2,target_lag5,0.08730295760557052
1,0,0.2,XGBoost_grid_1_AutoML_2_20260420_23253_model_2,target_lag6,0.10439568013884123
1,0,0.2,XGBoost_grid_1_AutoML_2_20260420_23253_model_2,cov_HULL_lag1,0.10877418802119788
1,0,0.2,XGBoost_grid_1_AutoML_2_20260420_23253_model_2,cov_MUFL_lag1,3.0366903422772884
1,0,0.2,XGBoost_grid_1_AutoML_2_20260420_23253_model_2,cov_MULL_lag1,0.14386677194386718
1,0,0.2,XGBoost_grid_1_AutoML_2_20260420_23253_model_2,cov_LUFL_lag1,0.1995295974984765
1,0,0.2,XGBoost_grid_1_AutoML_2_20260420_23253_model_2,cov_LULL_lag1,0.06216877977247346
1,0,0.2,XGBoost_grid_1_AutoML_2_20260420_23253_model_2,cov_OT_lag1,0.1625296497228555
1,0,0.2,XGBoost_grid_1_AutoML_2_20260420_23253_model_2,hour_lag1,1.126276774406433
1,0,0.2,XGBoost_grid_1_AutoML_2_20260420_23253_model_2,day_of_week_lag1,0.05420789700976452
1,0,0.2,XGBoost_grid_1_AutoML_2_20260420_23253_model_2,month_lag1,0.10841388286324215
1,0,0.2,XGBoost_grid_1_AutoML_2_20260420_23253_model_2,month_sin,0.24391146454960108
1,0,0.2,XGBoost_grid_1_AutoML_2_20260420_23253_model_2,month_cos,0.0722095234226435
1,0,0.2,XGBoost_grid_1_AutoML_2_20260420_23253_model_5,target_lag1,1.3810835956968368
1,0,0.2,XGBoost_grid_1_AutoML_2_20260420_23253_model_5,target_lag2,0.1673723513353616
1,0,0.2,XGBoost_grid_1_AutoML_2_20260420_23253_model_5,target_lag3,0.1059901999426074
1,0,0.2,XGBoost_grid_1_AutoML_2_20260420_23253_model_5,target_lag4,0.12423854127991941
1,0,0.2,XGBoost_grid_1_AutoML_2_20260420_23253_model_5,target_lag5,0.06328864920884367
1,0,0.2,XGBoost_grid_1_AutoML_2_20260420_23253_model_5,target_lag6,0.10219495744444426
1,0,0.2,XGBoost_grid_1_AutoML_2_20260420_23253_model_5,cov_HULL_lag1,0.06018151352531272
1,0,0.2,XGBoost_grid_1_AutoML_2_20260420_23253_model_5,cov_MUFL_lag1,2.5315987980924546
1,0,0.2,XGBoost_grid_1_AutoML_2_20260420_23253_model_5,cov_MULL_lag1,0.17791819177567955
1,0,0.2,XGBoost_grid_1_AutoML_2_20260420_23253_model_5,cov_LUFL_lag1,0.1742157806723844
1,0,0.2,XGBoost_grid_1_AutoML_2_20260420_23253_model_5,cov_LULL_lag1,0.04382832799572493
1,0,0.2,XGBoost_grid_1_AutoML_2_20260420_23253_model_5,cov_OT_lag1,0.2833004170283675
1,0,0.2,XGBoost_grid_1_AutoML_2_20260420_23253_model_5,hour_lag1,0.8622765353880822
1,0,0.2,XGBoost_grid_1_AutoML_2_20260420_23253_model_5,day_of_week_lag1,0.04139273836743082
1,0,0.2,XGBoost_grid_1_AutoML_2_20260420_23253_model_5,month_lag1,0.15651425960473714
1,0,0.2,XGBoost_grid_1_AutoML_2_20260420_23253_model_5,month_sin,0.2947859361860901
1,0,0.2,XGBoost_grid_1_AutoML_2_20260420_23253_model_5,month_cos,0.10447460779920217
1,0,0.2,GBM_grid_1_AutoML_2_20260420_23253_model_2,target_lag1,1.1289876276254653
1,0,0.2,GBM_grid_1_AutoML_2_20260420_23253_model_2,target_lag2,0.11662100443034429
1,0,0.2,GBM_grid_1_AutoML_2_20260420_23253_model_2,target_lag3,0.09559797161258754
1,0,0.2,GBM_grid_1_AutoML_2_20260420_23253_model_2,target_lag4,0.14748727938160297
1,0,0.2,GBM_grid_1_AutoML_2_20260420_23253_model_2,target_lag5,0.10961838517046996
1,0,0.2,GBM_grid_1_AutoML_2_20260420_23253_model_2,target_lag6,0.04886336669325824
1,0,0.2,GBM_grid_1_AutoML_2_20260420_23253_model_2,cov_HULL_lag1,0.030185129286255635
1,0,0.2,GBM_grid_1_AutoML_2_20260420_23253_model_2,cov_MUFL_lag1,2.8060650706291197
1,0,0.2,GBM_grid_1_AutoML_2_20260420_23253_model_2,cov_MULL_lag1,0.14136597220785913
1,0,0.2,GBM_grid_1_AutoML_2_20260420_23253_model_2,cov_LUFL_lag1,0.10250304403947663
1,0,0.2,GBM_grid_1_AutoML_2_20260420_23253_model_2,cov_LULL_lag1,0.04005519186248416
1,0,0.2,GBM_grid_1_AutoML_2_20260420_23253_model_2,cov_OT_lag1,0.15334209226944945
1,0,0.2,GBM_grid_1_AutoML_2_20260420_23253_model_2,hour_lag1,1.0249262990802526
1,0,0.2,GBM_grid_1_AutoML_2_20260420_23253_model_2,day_of_week_lag1,0.02039509763941164
1,0,0.2,GBM_grid_1_AutoML_2_20260420_23253_model_2,month_lag1,0.09471483195666221
1,0,0.2,GBM_grid_1_AutoML_2_20260420_23253_model_2,month_sin,0.22689597982913257
1,0,0.2,GBM_grid_1_AutoML_2_20260420_23253_model_2,month_cos,0.0775337388203479
1,0,0.2,XRT_1_AutoML_2_20260420_23253,target_lag1,1.3419079947844148
1,0,0.2,XRT_1_AutoML_2_20260420_23253,target_lag2,0.9000342737138272
1,0,0.2,XRT_1_AutoML_2_20260420_23253,target_lag3,0.16513840707018967
1,0,0.2,XRT_1_AutoML_2_20260420_23253,target_lag4,0.21528230048716068
1,0,0.2,XRT_1_AutoML_2_20260420_23253,target_lag5,0.17656168135348707
1,0,0.2,XRT_1_AutoML_2_20260420_23253,target_lag6,0.14803533451631665
1,0,0.2,XRT_1_AutoML_2_20260420_23253,cov_HULL_lag1,0.19784806042909622
1,0,0.2,XRT_1_AutoML_2_20260420_23253,cov_MUFL_lag1,1.8953579831123353
1,0,0.2,XRT_1_AutoML_2_20260420_23253,cov_MULL_lag1,0.1326917349360883
1,0,0.2,XRT_1_AutoML_2_20260420_23253,cov_LUFL_lag1,0.15887853122316298
1,0,0.2,XRT_1_AutoML_2_20260420_23253,cov_LULL_lag1,0.050972090911527594
1,0,0.2,XRT_1_AutoML_2_20260420_23253,cov_OT_lag1,0.1197434350068215
1,0,0.2,XRT_1_AutoML_2_20260420_23253,hour_lag1,0.7066877034306526
1,0,0.2,XRT_1_AutoML_2_20260420_23253,day_of_week_lag1,0.06633721146732566
1,0,0.2,XRT_1_AutoML_2_20260420_23253,month_lag1,0.21943232073448599
1,0,0.2,XRT_1_AutoML_2_20260420_23253,month_sin,0.21700672271195795
1,0,0.2,XRT_1_AutoML_2_20260420_23253,month_cos,0.09480759467231106
1,0,0.2,DRF_1_AutoML_2_20260420_23253,target_lag1,1.1362750959023833
1,0,0.2,DRF_1_AutoML_2_20260420_23253,target_lag2,0.8264889408648014
1,0,0.2,DRF_1_AutoML_2_20260420_23253,target_lag3,0.14549410282634195
1,0,0.2,DRF_1_AutoML_2_20260420_23253,target_lag4,0.1636301611620001
1,0,0.2,DRF_1_AutoML_2_20260420_23253,target_lag5,0.1216010049905162
1,0,0.2,DRF_1_AutoML_2_20260420_23253,target_lag6,0.18879836446838452
1,0,0.2,DRF_1_AutoML_2_20260420_23253,cov_HULL_lag1,0.13222770198713985
1,0,0.2,DRF_1_AutoML_2_20260420_23253,cov_MUFL_lag1,2.114612751752138
1,0,0.2,DRF_1_AutoML_2_20260420_23253,cov_MULL_lag1,0.12173303170129653
1,0,0.2,DRF_1_AutoML_2_20260420_23253,cov_LUFL_lag1,0.1743348671449348
1,0,0.2,DRF_1_AutoML_2_20260420_23253,cov_LULL_lag1,0.03706737069371225
1,0,0.2,DRF_1_AutoML_2_20260420_23253,cov_OT_lag1,0.05719267110805955
1,0,0.2,DRF_1_AutoML_2_20260420_23253,hour_lag1,0.5836949765495956
1,0,0.2,DRF_1_AutoML_2_20260420_23253,day_of_week_lag1,0.018278820529812903
1,0,0.2,DRF_1_AutoML_2_20260420_23253,month_lag1,0.13049285665154453
1,0,0.2,DRF_1_AutoML_2_20260420_23253,month_sin,0.2053821644000709
1,0,0.2,DRF_1_AutoML_2_20260420_23253,month_cos,0.03840527594322334
1,0,0.2,XGBoost_1_AutoML_2_20260420_23253,target_lag1,2.8843734092265367
1,0,0.2,XGBoost_1_AutoML_2_20260420_23253,target_lag2,0.2624285712838173
1,0,0.2,XGBoost_1_AutoML_2_20260420_23253,target_lag3,0.18528147039934992
1,0,0.2,XGBoost_1_AutoML_2_20260420_23253,target_lag4,0.24253196254954673
1,0,0.2,XGBoost_1_AutoML_2_20260420_23253,target_lag5,0.13829354687884912
1,0,0.2,XGBoost_1_AutoML_2_20260420_23253,target_lag6,0.14186216102913018
1,0,0.2,XGBoost_1_AutoML_2_20260420_23253,cov_HULL_lag1,0.19124896028079091
1,0,0.2,XGBoost_1_AutoML_2_20260420_23253,cov_MUFL_lag1,1.252326455451548
1,0,0.2,XGBoost_1_AutoML_2_20260420_23253,cov_MULL_lag1,0.21538302008295432
1,0,0.2,XGBoost_1_AutoML_2_20260420_23253,cov_LUFL_lag1,0.291594078715425
1,0,0.2,XGBoost_1_AutoML_2_20260420_23253,cov_LULL_lag1,0.10592847851105029
1,0,0.2,XGBoost_1_AutoML_2_20260420_23253,cov_OT_lag1,0.21788909229449926
1,0,0.2,XGBoost_1_AutoML_2_20260420_23253,hour_lag1,0.8024204237014055
1,0,0.2,XGBoost_1_AutoML_2_20260420_23253,day_of_week_lag1,0.07990628300001841
1,0,0.2,XGBoost_1_AutoML_2_20260420_23253,month_lag1,0.1402004358777776
1,0,0.2,XGBoost_1_AutoML_2_20260420_23253,month_sin,0.24674476578831672
1,0,0.2,XGBoost_1_AutoML_2_20260420_23253,month_cos,0.08813263237942007
1,0,0.2,XGBoost_grid_1_AutoML_2_20260420_23253_model_6,target_lag1,0.6295762061141431
1,0,0.2,XGBoost_grid_1_AutoML_2_20260420_23253_model_6,target_lag2,0.5491218441724777
1,0,0.2,XGBoost_grid_1_AutoML_2_20260420_23253_model_6,target_lag3,0.11778466583229598
1,0,0.2,XGBoost_grid_1_AutoML_2_20260420_23253_model_6,target_lag4,0.2512468380108476
1,0,0.2,XGBoost_grid_1_AutoML_2_20260420_23253_model_6,target_lag5,0.2864051220752299
1,0,0.2,XGBoost_grid_1_AutoML_2_20260420_23253_model_6,target_lag6,0.12521768175996836
1,0,0.2,XGBoost_grid_1_AutoML_2_20260420_23253_model_6,cov_HULL_lag1,0.020708556086756244
1,0,0.2,XGBoost_grid_1_AutoML_2_20260420_23253_model_6,cov_MUFL_lag1,3.0743301564455034
1,0,0.2,XGBoost_grid_1_AutoML_2_20260420_23253_model_6,cov_MULL_lag1,0.18157619658857585
1,0,0.2,XGBoost_grid_1_AutoML_2_20260420_23253_model_6,cov_LUFL_lag1,0.22279414885211735
1,0,0.2,XGBoost_grid_1_AutoML_2_20260420_23253_model_6,cov_LULL_lag1,0.05060759421670806
1,0,0.2,XGBoost_grid_1_AutoML_2_20260420_23253_model_6,cov_OT_lag1,0.19292689995840193
1,0,0.2,XGBoost_grid_1_AutoML_2_20260420_23253_model_6,hour_lag1,0.8513752799294889
1,0,0.2,XGBoost_grid_1_AutoML_2_20260420_23253_model_6,day_of_week_lag1,0.02193205386865879
1,0,0.2,XGBoost_grid_1_AutoML_2_20260420_23253_model_6,month_lag1,0.1270425732899457
1,0,0.2,XGBoost_grid_1_AutoML_2_20260420_23253_model_6,month_sin,0.38468614235520365
1,0,0.2,XGBoost_grid_1_AutoML_2_20260420_23253_model_6,month_cos,0.046029298445209824
1,0,0.2,GBM_5_AutoML_2_20260420_23253,target_lag1,1.5010440377146006
1,0,0.2,GBM_5_AutoML_2_20260420_23253,target_lag2,0.27414390828460455
1,0,0.2,GBM_5_AutoML_2_20260420_23253,target_lag3,0.11128495325217952
1,0,0.2,GBM_5_AutoML_2_20260420_23253,target_lag4,0.14575086208526045
1,0,0.2,GBM_5_AutoML_2_20260420_23253,target_lag5,0.1506255685543874
1,0,0.2,GBM_5_AutoML_2_20260420_23253,target_lag6,0.07544526595040218
1,0,0.2,GBM_5_AutoML_2_20260420_23253,cov_HULL_lag1,0.0778855072893202
1,0,0.2,GBM_5_AutoML_2_20260420_23253,cov_MUFL_lag1,2.046204202417284
1,0,0.2,GBM_5_AutoML_2_20260420_23253,cov_MULL_lag1,0.15989075440913436
1,0,0.2,GBM_5_AutoML_2_20260420_23253,cov_LUFL_lag1,0.17849805221077986
1,0,0.2,GBM_5_AutoML_2_20260420_23253,cov_LULL_lag1,0.06706399856600907
1,0,0.2,GBM_5_AutoML_2_20260420_23253,cov_OT_lag1,0.14907240075990555
1,0,0.2,GBM_5_AutoML_2_20260420_23253,hour_lag1,1.1148260287940501
1,0,0.2,GBM_5_AutoML_2_20260420_23253,day_of_week_lag1,0.03367977742760554
1,0,0.2,GBM_5_AutoML_2_20260420_23253,month_lag1,0.134806251283735
1,0,0.2,GBM_5_AutoML_2_20260420_23253,month_sin,0.3256645728647709
1,0,0.2,GBM_5_AutoML_2_20260420_23253,month_cos,0.047888474704232034
1,0,0.2,XGBoost_grid_1_AutoML_2_20260420_23253_model_3,target_lag1,1.366160431643948
1,0,0.2,XGBoost_grid_1_AutoML_2_20260420_23253_model_3,target_lag2,0.654643201995641
1,0,0.2,XGBoost_grid_1_AutoML_2_20260420_23253_model_3,target_lag3,0.25586678663268686
1,0,0.2,XGBoost_grid_1_AutoML_2_20260420_23253_model_3,target_lag4,0.1518162883725017
1,0,0.2,XGBoost_grid_1_AutoML_2_20260420_23253_model_3,target_lag5,0.1389853209024295
1,0,0.2,XGBoost_grid_1_AutoML_2_20260420_23253_model_3,target_lag6,0.27298105327878147
1,0,0.2,XGBoost_grid_1_AutoML_2_20260420_23253_model_3,cov_HULL_lag1,0.1293783606123179
1,0,0.2,XGBoost_grid_1_AutoML_2_20260420_23253_model_3,cov_MUFL_lag1,1.9025285764038562
1,0,0.2,XGBoost_grid_1_AutoML_2_20260420_23253_model_3,cov_MULL_lag1,0.15047578633762893
1,0,0.2,XGBoost_grid_1_AutoML_2_20260420_23253_model_3,cov_LUFL_lag1,0.21323230262845752
1,0,0.2,XGBoost_grid_1_AutoML_2_20260420_23253_model_3,cov_LULL_lag1,0.07441805133566955
1,0,0.2,XGBoost_grid_1_AutoML_2_20260420_23253_model_3,cov_OT_lag1,0.13055062936618922
1,0,0.2,XGBoost_grid_1_AutoML_2_20260420_23253_model_3,hour_lag1,0.7537654823437333
1,0,0.2,XGBoost_grid_1_AutoML_2_20260420_23253_model_3,day_of_week_lag1,0.04716327414847907
1,0,0.2,XGBoost_grid_1_AutoML_2_20260420_23253_model_3,month_lag1,0.12551102408790027
1,0,0.2,XGBoost_grid_1_AutoML_2_20260420_23253_model_3,month_sin,0.5014209595322608
1,0,0.2,XGBoost_grid_1_AutoML_2_20260420_23253_model_3,month_cos,0.05365530840819696
1,0,0.2,XGBoost_2_AutoML_2_20260420_23253,target_lag1,1.0457775349915028
1,0,0.2,XGBoost_2_AutoML_2_20260420_23253,target_lag2,0.20312368654878807
1,0,0.2,XGBoost_2_AutoML_2_20260420_23253,target_lag3,0.16285687580239025
1,0,0.2,XGBoost_2_AutoML_2_20260420_23253,target_lag4,0.1248315870389342
1,0,0.2,XGBoost_2_AutoML_2_20260420_23253,target_lag5,0.12007546063046899
1,0,0.2,XGBoost_2_AutoML_2_20260420_23253,target_lag6,0.1281455476256087
1,0,0.2,XGBoost_2_AutoML_2_20260420_23253,cov_HULL_lag1,0.10961451014271002
1,0,0.2,XGBoost_2_AutoML_2_20260420_23253,cov_MUFL_lag1,3.180783252567053
1,0,0.2,XGBoost_2_AutoML_2_20260420_23253,cov_MULL_lag1,0.2628217215184122
1,0,0.2,XGBoost_2_AutoML_2_20260420_23253,cov_LUFL_lag1,0.2070432995632291
1,0,0.2,XGBoost_2_AutoML_2_20260420_23253,cov_LULL_lag1,0.11594341376447115
1,0,0.2,XGBoost_2_AutoML_2_20260420_23253,cov_OT_lag1,0.21698311499785633
1,0,0.2,XGBoost_2_AutoML_2_20260420_23253,hour_lag1,1.0577901976555586
1,0,0.2,XGBoost_2_AutoML_2_20260420_23253,day_of_week_lag1,0.10894352353643619
1,0,0.2,XGBoost_2_AutoML_2_20260420_23253,month_lag1,0.10782401519478295
1,0,0.2,XGBoost_2_AutoML_2_20260420_23253,month_sin,0.21398998798802496
1,0,0.2,XGBoost_2_AutoML_2_20260420_23253,month_cos,0.08133697438868688
1,0,0.2,XGBoost_grid_1_AutoML_2_20260420_23253_model_1,target_lag1,0.6856054286286235
1,0,0.2,XGBoost_grid_1_AutoML_2_20260420_23253_model_1,target_lag2,0.17265391003013064
1,0,0.2,XGBoost_grid_1_AutoML_2_20260420_23253_model_1,target_lag3,0.2248351520160213
1,0,0.2,XGBoost_grid_1_AutoML_2_20260420_23253_model_1,target_lag4,0.09420438057277349
1,0,0.2,XGBoost_grid_1_AutoML_2_20260420_23253_model_1,target_lag5,0.06743748820852484
1,0,0.2,XGBoost_grid_1_AutoML_2_20260420_23253_model_1,target_lag6,0.10826570936711502
1,0,0.2,XGBoost_grid_1_AutoML_2_20260420_23253_model_1,cov_HULL_lag1,0.15274206011206842
1,0,0.2,XGBoost_grid_1_AutoML_2_20260420_23253_model_1,cov_MUFL_lag1,3.699364886879921
1,0,0.2,XGBoost_grid_1_AutoML_2_20260420_23253_model_1,cov_MULL_lag1,0.17304681601934135
1,0,0.2,XGBoost_grid_1_AutoML_2_20260420_23253_model_1,cov_LUFL_lag1,0.12369858442223627
1,0,0.2,XGBoost_grid_1_AutoML_2_20260420_23253_model_1,cov_LULL_lag1,0.09437013607355763
1,0,0.2,XGBoost_grid_1_AutoML_2_20260420_23253_model_1,cov_OT_lag1,0.16920563135296107
1,0,0.2,XGBoost_grid_1_AutoML_2_20260420_23253_model_1,hour_lag1,1.1212689438834786
1,0,0.2,XGBoost_grid_1_AutoML_2_20260420_23253_model_1,day_of_week_lag1,0.07983254095539447
1,0,0.2,XGBoost_grid_1_AutoML_2_20260420_23253_model_1,month_lag1,0.1238002113997936
1,0,0.2,XGBoost_grid_1_AutoML_2_20260420_23253_model_1,month_sin,0.2630331840738654
1,0,0.2,XGBoost_grid_1_AutoML_2_20260420_23253_model_1,month_cos,0.051498832223005546
1,0,0.2,XGBoost_grid_1_AutoML_2_20260420_23253_model_4,target_lag1,0.7058781210705638
1,0,0.2,XGBoost_grid_1_AutoML_2_20260420_23253_model_4,target_lag2,0.2383039947063662
1,0,0.2,XGBoost_grid_1_AutoML_2_20260420_23253_model_4,target_lag3,0.14633575902786103
1,0,0.2,XGBoost_grid_1_AutoML_2_20260420_23253_model_4,target_lag4,0.1468246242799796
1,0,0.2,XGBoost_grid_1_AutoML_2_20260420_23253_model_4,target_lag5,0.10901887917643759
1,0,0.2,XGBoost_grid_1_AutoML_2_20260420_23253_model_4,target_lag6,0.10733132502064105
1,0,0.2,XGBoost_grid_1_AutoML_2_20260420_23253_model_4,cov_HULL_lag1,0.13743284323252733
1,0,0.2,XGBoost_grid_1_AutoML_2_20260420_23253_model_4,cov_MUFL_lag1,3.775452408976853
1,0,0.2,XGBoost_grid_1_AutoML_2_20260420_23253_model_4,cov_MULL_lag1,0.1893947583530098
1,0,0.2,XGBoost_grid_1_AutoML_2_20260420_23253_model_4,cov_LUFL_lag1,0.1386495566903613
1,0,0.2,XGBoost_grid_1_AutoML_2_20260420_23253_model_4,cov_LULL_lag1,0.12393936792854215
1,0,0.2,XGBoost_grid_1_AutoML_2_20260420_23253_model_4,cov_OT_lag1,0.15915220285765821
1,0,0.2,XGBoost_grid_1_AutoML_2_20260420_23253_model_4,hour_lag1,1.1880568043887616
1,0,0.2,XGBoost_grid_1_AutoML_2_20260420_23253_model_4,day_of_week_lag1,0.05924866653047498
1,0,0.2,XGBoost_grid_1_AutoML_2_20260420_23253_model_4,month_lag1,0.15892806005431337
1,0,0.2,XGBoost_grid_1_AutoML_2_20260420_23253_model_4,month_sin,0.2055292034894228
1,0,0.2,XGBoost_grid_1_AutoML_2_20260420_23253_model_4,month_cos,0.058996415614965325
1,0,0.2,XGBoost_3_AutoML_2_20260420_23253,target_lag1,1.4566347859799862
1,0,0.2,XGBoost_3_AutoML_2_20260420_23253,target_lag2,0.29962521005421877
1,0,0.2,XGBoost_3_AutoML_2_20260420_23253,target_lag3,0.182689485643059
1,0,0.2,XGBoost_3_AutoML_2_20260420_23253,target_lag4,0.13159817268373442
1,0,0.2,XGBoost_3_AutoML_2_20260420_23253,target_lag5,0.32660013666260057
1,0,0.2,XGBoost_3_AutoML_2_20260420_23253,target_lag6,0.08664942246861752
1,0,0.2,XGBoost_3_AutoML_2_20260420_23253,cov_HULL_lag1,0.10453302368987348
1,0,0.2,XGBoost_3_AutoML_2_20260420_23253,cov_MUFL_lag1,2.185211096853018
1,0,0.2,XGBoost_3_AutoML_2_20260420_23253,cov_MULL_lag1,0.28425721779465674
1,0,0.2,XGBoost_3_AutoML_2_20260420_23253,cov_LUFL_lag1,0.3100846166908741
1,0,0.2,XGBoost_3_AutoML_2_20260420_23253,cov_LULL_lag1,0.08780325996223834
1,0,0.2,XGBoost_3_AutoML_2_20260420_23253,cov_OT_lag1,0.24774377233814449
1,0,0.2,XGBoost_3_AutoML_2_20260420_23253,hour_lag1,0.8931004786491394
1,0,0.2,XGBoost_3_AutoML_2_20260420_23253,day_of_week_lag1,0.027731415230082303
1,0,0.2,XGBoost_3_AutoML_2_20260420_23253,month_lag1,0.24391877639340237
1,0,0.2,XGBoost_3_AutoML_2_20260420_23253,month_sin,0.21340628927573557
1,0,0.2,XGBoost_3_AutoML_2_20260420_23253,month_cos,0.07626777324185237
1,0,0.3,GBM_grid_1_AutoML_2_20260420_23253_model_1,target_lag1,0.9996319571137429
1,0,0.3,GBM_grid_1_AutoML_2_20260420_23253_model_1,target_lag2,0.283608342964435
1,0,0.3,GBM_grid_1_AutoML_2_20260420_23253_model_1,target_lag3,0.10585283847060051
1,0,0.3,GBM_grid_1_AutoML_2_20260420_23253_model_1,target_lag4,0.14909692409448322
1,0,0.3,GBM_grid_1_AutoML_2_20260420_23253_model_1,target_lag5,0.13769784440752114
1,0,0.3,GBM_grid_1_AutoML_2_20260420_23253_model_1,target_lag6,0.21449913180433214
1,0,0.3,GBM_grid_1_AutoML_2_20260420_23253_model_1,cov_HULL_lag1,0.1512882574833929
1,0,0.3,GBM_grid_1_AutoML_2_20260420_23253_model_1,cov_MUFL_lag1,2.1403563219401986
1,0,0.3,GBM_grid_1_AutoML_2_20260420_23253_model_1,cov_MULL_lag1,0.18464955194853241
1,0,0.3,GBM_grid_1_AutoML_2_20260420_23253_model_1,cov_LUFL_lag1,0.3065001056343317
1,0,0.3,GBM_grid_1_AutoML_2_20260420_23253_model_1,cov_LULL_lag1,0.06737200608127747
1,0,0.3,GBM_grid_1_AutoML_2_20260420_23253_model_1,cov_OT_lag1,0.12168360749841664
1,0,0.3,GBM_grid_1_AutoML_2_20260420_23253_model_1,hour_lag1,0.8054205646179616
1,0,0.3,GBM_grid_1_AutoML_2_20260420_23253_model_1,day_of_week_lag1,0.045960355186834896
1,0,0.3,GBM_grid_1_AutoML_2_20260420_23253_model_1,month_lag1,0.07664613268978425
1,0,0.3,GBM_grid_1_AutoML_2_20260420_23253_model_1,month_sin,0.10465523170540104
1,0,0.3,GBM_grid_1_AutoML_2_20260420_23253_model_1,month_cos,0.0828176442859694
1,0,0.3,GBM_3_AutoML_2_20260420_23253,target_lag1,1.8864430129528045
1,0,0.3,GBM_3_AutoML_2_20260420_23253,target_lag2,0.13985985849052665
1,0,0.3,GBM_3_AutoML_2_20260420_23253,target_lag3,0.07468858824693594
1,0,0.3,GBM_3_AutoML_2_20260420_23253,target_lag4,0.11639862055657428
1,0,0.3,GBM_3_AutoML_2_20260420_23253,target_lag5,0.08157954561524089
1,0,0.3,GBM_3_AutoML_2_20260420_23253,target_lag6,0.18151351375854574
1,0,0.3,GBM_3_AutoML_2_20260420_23253,cov_HULL_lag1,0.10846614315174516
1,0,0.3,GBM_3_AutoML_2_20260420_23253,cov_MUFL_lag1,2.084725460857153
1,0,0.3,GBM_3_AutoML_2_20260420_23253,cov_MULL_lag1,0.14364268151170104
1,0,0.3,GBM_3_AutoML_2_20260420_23253,cov_LUFL_lag1,0.2165690902597271
1,0,0.3,GBM_3_AutoML_2_20260420_23253,cov_LULL_lag1,0.05528081963188011
1,0,0.3,GBM_3_AutoML_2_20260420_23253,cov_OT_lag1,0.15045152259059247
1,0,0.3,GBM_3_AutoML_2_20260420_23253,hour_lag1,0.9907853005826474
1,0,0.3,GBM_3_AutoML_2_20260420_23253,day_of_week_lag1,0.03579268253408368
1,0,0.3,GBM_3_AutoML_2_20260420_23253,month_lag1,0.10884665653109545
1,0,0.3,GBM_3_AutoML_2_20260420_23253,month_sin,0.21455513268709184
1,0,0.3,GBM_3_AutoML_2_20260420_23253,month_cos,0.03993173660361204
1,0,0.3,GBM_2_AutoML_2_20260420_23253,target_lag1,1.090159794576466
1,0,0.3,GBM_2_AutoML_2_20260420_23253,target_lag2,0.7161316622339655
1,0,0.3,GBM_2_AutoML_2_20260420_23253,target_lag3,0.15152985288470516
1,0,0.3,GBM_2_AutoML_2_20260420_23253,target_lag4,0.15888190281577408
1,0,0.3,GBM_2_AutoML_2_20260420_23253,target_lag5,0.06307107743457886
1,0,0.3,GBM_2_AutoML_2_20260420_23253,target_lag6,0.08134832758398257
1,0,0.3,GBM_2_AutoML_2_20260420_23253,cov_HULL_lag1,0.054440573442261615
1,0,0.3,GBM_2_AutoML_2_20260420_23253,cov_MUFL_lag1,2.1752842722833154
1,0,0.3,GBM_2_AutoML_2_20260420_23253,cov_MULL_lag1,0.2040646547265351
1,0,0.3,GBM_2_AutoML_2_20260420_23253,cov_LUFL_lag1,0.17184112165123222
1,0,0.3,GBM_2_AutoML_2_20260420_23253,cov_LULL_lag1,0.05518894202134102
1,0,0.3,GBM_2_AutoML_2_20260420_23253,cov_OT_lag1,0.15367678877897556
1,0,0.3,GBM_2_AutoML_2_20260420_23253,hour_lag1,0.9572262917459011
1,0,0.3,GBM_2_AutoML_2_20260420_23253,day_of_week_lag1,0.0379242843950487
1,0,0.3,GBM_2_AutoML_2_20260420_23253,month_lag1,0.1515532632777467
1,0,0.3,GBM_2_AutoML_2_20260420_23253,month_sin,0.3469901714473963
1,0,0.3,GBM_2_AutoML_2_20260420_23253,month_cos,0.04021220115449973
1,0,0.3,GBM_4_AutoML_2_20260420_23253,target_lag1,1.304595582485199
1,0,0.3,GBM_4_AutoML_2_20260420_23253,target_lag2,0.24409842127584852
1,0,0.3,GBM_4_AutoML_2_20260420_23253,target_lag3,0.2806214313907549
1,0,0.3,GBM_4_AutoML_2_20260420_23253,target_lag4,0.12935214112047103
1,0,0.3,GBM_4_AutoML_2_20260420_23253,target_lag5,0.09123712779954073
1,0,0.3,GBM_4_AutoML_2_20260420_23253,target_lag6,0.1446533491741866
1,0,0.3,GBM_4_AutoML_2_20260420_23253,cov_HULL_lag1,0.06924487087875601
1,0,0.3,GBM_4_AutoML_2_20260420_23253,cov_MUFL_lag1,2.037340389043093
1,0,0.3,GBM_4_AutoML_2_20260420_23253,cov_MULL_lag1,0.11146239585243162
1,0,0.3,GBM_4_AutoML_2_20260420_23253,cov_LUFL_lag1,0.1961822298564948
1,0,0.3,GBM_4_AutoML_2_20260420_23253,cov_LULL_lag1,0.049946542867692144
1,0,0.3,GBM_4_AutoML_2_20260420_23253,cov_OT_lag1,0.1410711427032947
1,0,0.3,GBM_4_AutoML_2_20260420_23253,hour_lag1,0.9174530965089798
1,0,0.3,GBM_4_AutoML_2_20260420_23253,day_of_week_lag1,0.040362446695216894
1,0,0.3,GBM_4_AutoML_2_20260420_23253,month_lag1,0.14583694214932616
1,0,0.3,GBM_4_AutoML_2_20260420_23253,month_sin,0.22218903951346874
1,0,0.3,GBM_4_AutoML_2_20260420_23253,month_cos,0.04813577182329023
1,0,0.3,GBM_1_AutoML_2_20260420_23253,target_lag1,1.1385218993294983
1,0,0.3,GBM_1_AutoML_2_20260420_23253,target_lag2,0.3503496007039212
1,0,0.3,GBM_1_AutoML_2_20260420_23253,target_lag3,0.15103532512672244
1,0,0.3,GBM_1_AutoML_2_20260420_23253,target_lag4,0.1486604690691456
1,0,0.3,GBM_1_AutoML_2_20260420_23253,target_lag5,0.11702444581780577
1,0,0.3,GBM_1_AutoML_2_20260420_23253,target_lag6,0.09509051921777424
1,0,0.3,GBM_1_AutoML_2_20260420_23253,cov_HULL_lag1,0.09299093804380387
1,0,0.3,GBM_1_AutoML_2_20260420_23253,cov_MUFL_lag1,2.6066106020845474
1,0,0.3,GBM_1_AutoML_2_20260420_23253,cov_MULL_lag1,0.1096854214603081
1,0,0.3,GBM_1_AutoML_2_20260420_23253,cov_LUFL_lag1,0.20238952554762363
1,0,0.3,GBM_1_AutoML_2_20260420_23253,cov_LULL_lag1,0.038469525645486974
1,0,0.3,GBM_1_AutoML_2_20260420_23253,cov_OT_lag1,0.15090517809614537
1,0,0.3,GBM_1_AutoML_2_20260420_23253,hour_lag1,0.9250363416224718
1,0,0.3,GBM_1_AutoML_2_20260420_23253,day_of_week_lag1,0.03378913497086609
1,0,0.3,GBM_1_AutoML_2_20260420_23253,month_lag1,0.08619069669395682
1,0,0.3,GBM_1_AutoML_2_20260420_23253,month_sin,0.15835231631994243
1,0,0.3,GBM_1_AutoML_2_20260420_23253,month_cos,0.027159822450485042
1,0,0.3,GBM_grid_1_AutoML_2_20260420_23253_model_3,target_lag1,1.3123978022765368
1,0,0.3,GBM_grid_1_AutoML_2_20260420_23253_model_3,target_lag2,0.5868709487840533
1,0,0.3,GBM_grid_1_AutoML_2_20260420_23253_model_3,target_lag3,0.49163399138487873
1,0,0.3,GBM_grid_1_AutoML_2_20260420_23253_model_3,target_lag4,0.09014937755651767
1,0,0.3,GBM_grid_1_AutoML_2_20260420_23253_model_3,target_lag5,0.1648606048244983
1,0,0.3,GBM_grid_1_AutoML_2_20260420_23253_model_3,target_lag6,0.11917984702624378
1,0,0.3,GBM_grid_1_AutoML_2_20260420_23253_model_3,cov_HULL_lag1,0.10379525437951084
1,0,0.3,GBM_grid_1_AutoML_2_20260420_23253_model_3,cov_MUFL_lag1,1.805984315648675
1,0,0.3,GBM_grid_1_AutoML_2_20260420_23253_model_3,cov_MULL_lag1,0.09053544041234997
1,0,0.3,GBM_grid_1_AutoML_2_20260420_23253_model_3,cov_LUFL_lag1,0.239827948063612
1,0,0.3,GBM_grid_1_AutoML_2_20260420_23253_model_3,cov_LULL_lag1,0.0354209820902906
1,0,0.3,GBM_grid_1_AutoML_2_20260420_23253_model_3,cov_OT_lag1,0.17794298932887614
1,0,0.3,GBM_grid_1_AutoML_2_20260420_23253_model_3,hour_lag1,0.8350639391690493
1,0,0.3,GBM_grid_1_AutoML_2_20260420_23253_model_3,day_of_week_lag1,0.030080259637907107
1,0,0.3,GBM_grid_1_AutoML_2_20260420_23253_model_3,month_lag1,0.117846485520713
1,0,0.3,GBM_grid_1_AutoML_2_20260420_23253_model_3,month_sin,0.22853816021233797
1,0,0.3,GBM_grid_1_AutoML_2_20260420_23253_model_3,month_cos,0.051528739999048376
1,0,0.3,XGBoost_grid_1_AutoML_2_20260420_23253_model_2,target_lag1,1.3245580488909037
1,0,0.3,XGBoost_grid_1_AutoML_2_20260420_23253_model_2,target_lag2,0.16299199062399566
1,0,0.3,XGBoost_grid_1_AutoML_2_20260420_23253_model_2,target_lag3,0.10858893699944015
1,0,0.3,XGBoost_grid_1_AutoML_2_20260420_23253_model_2,target_lag4,0.12234688418393486
1,0,0.3,XGBoost_grid_1_AutoML_2_20260420_23253_model_2,target_lag5,0.08730295760557052
1,0,0.3,XGBoost_grid_1_AutoML_2_20260420_23253_model_2,target_lag6,0.10439568013884123
1,0,0.3,XGBoost_grid_1_AutoML_2_20260420_23253_model_2,cov_HULL_lag1,0.10877418802119788
1,0,0.3,XGBoost_grid_1_AutoML_2_20260420_23253_model_2,cov_MUFL_lag1,3.0366903422772884
1,0,0.3,XGBoost_grid_1_AutoML_2_20260420_23253_model_2,cov_MULL_lag1,0.14386677194386718
1,0,0.3,XGBoost_grid_1_AutoML_2_20260420_23253_model_2,cov_LUFL_lag1,0.1995295974984765
1,0,0.3,XGBoost_grid_1_AutoML_2_20260420_23253_model_2,cov_LULL_lag1,0.06216877977247346
1,0,0.3,XGBoost_grid_1_AutoML_2_20260420_23253_model_2,cov_OT_lag1,0.1625296497228555
1,0,0.3,XGBoost_grid_1_AutoML_2_20260420_23253_model_2,hour_lag1,1.126276774406433
1,0,0.3,XGBoost_grid_1_AutoML_2_20260420_23253_model_2,day_of_week_lag1,0.05420789700976452
1,0,0.3,XGBoost_grid_1_AutoML_2_20260420_23253_model_2,month_lag1,0.10841388286324215
1,0,0.3,XGBoost_grid_1_AutoML_2_20260420_23253_model_2,month_sin,0.24391146454960108
1,0,0.3,XGBoost_grid_1_AutoML_2_20260420_23253_model_2,month_cos,0.0722095234226435
1,0,0.3,XGBoost_grid_1_AutoML_2_20260420_23253_model_5,target_lag1,1.3810835956968368
1,0,0.3,XGBoost_grid_1_AutoML_2_20260420_23253_model_5,target_lag2,0.1673723513353616
1,0,0.3,XGBoost_grid_1_AutoML_2_20260420_23253_model_5,target_lag3,0.1059901999426074
1,0,0.3,XGBoost_grid_1_AutoML_2_20260420_23253_model_5,target_lag4,0.12423854127991941
1,0,0.3,XGBoost_grid_1_AutoML_2_20260420_23253_model_5,target_lag5,0.06328864920884367
1,0,0.3,XGBoost_grid_1_AutoML_2_20260420_23253_model_5,target_lag6,0.10219495744444426
1,0,0.3,XGBoost_grid_1_AutoML_2_20260420_23253_model_5,cov_HULL_lag1,0.06018151352531272
1,0,0.3,XGBoost_grid_1_AutoML_2_20260420_23253_model_5,cov_MUFL_lag1,2.5315987980924546
1,0,0.3,XGBoost_grid_1_AutoML_2_20260420_23253_model_5,cov_MULL_lag1,0.17791819177567955
1,0,0.3,XGBoost_grid_1_AutoML_2_20260420_23253_model_5,cov_LUFL_lag1,0.1742157806723844
1,0,0.3,XGBoost_grid_1_AutoML_2_20260420_23253_model_5,cov_LULL_lag1,0.04382832799572493
1,0,0.3,XGBoost_grid_1_AutoML_2_20260420_23253_model_5,cov_OT_lag1,0.2833004170283675
1,0,0.3,XGBoost_grid_1_AutoML_2_20260420_23253_model_5,hour_lag1,0.8622765353880822
1,0,0.3,XGBoost_grid_1_AutoML_2_20260420_23253_model_5,day_of_week_lag1,0.04139273836743082
1,0,0.3,XGBoost_grid_1_AutoML_2_20260420_23253_model_5,month_lag1,0.15651425960473714
1,0,0.3,XGBoost_grid_1_AutoML_2_20260420_23253_model_5,month_sin,0.2947859361860901
1,0,0.3,XGBoost_grid_1_AutoML_2_20260420_23253_model_5,month_cos,0.10447460779920217
1,0,0.3,GBM_grid_1_AutoML_2_20260420_23253_model_2,target_lag1,1.1289876276254653
1,0,0.3,GBM_grid_1_AutoML_2_20260420_23253_model_2,target_lag2,0.11662100443034429
1,0,0.3,GBM_grid_1_AutoML_2_20260420_23253_model_2,target_lag3,0.09559797161258754
1,0,0.3,GBM_grid_1_AutoML_2_20260420_23253_model_2,target_lag4,0.14748727938160297
1,0,0.3,GBM_grid_1_AutoML_2_20260420_23253_model_2,target_lag5,0.10961838517046996
1,0,0.3,GBM_grid_1_AutoML_2_20260420_23253_model_2,target_lag6,0.04886336669325824
1,0,0.3,GBM_grid_1_AutoML_2_20260420_23253_model_2,cov_HULL_lag1,0.030185129286255635
1,0,0.3,GBM_grid_1_AutoML_2_20260420_23253_model_2,cov_MUFL_lag1,2.8060650706291197
1,0,0.3,GBM_grid_1_AutoML_2_20260420_23253_model_2,cov_MULL_lag1,0.14136597220785913
1,0,0.3,GBM_grid_1_AutoML_2_20260420_23253_model_2,cov_LUFL_lag1,0.10250304403947663
1,0,0.3,GBM_grid_1_AutoML_2_20260420_23253_model_2,cov_LULL_lag1,0.04005519186248416
1,0,0.3,GBM_grid_1_AutoML_2_20260420_23253_model_2,cov_OT_lag1,0.15334209226944945
1,0,0.3,GBM_grid_1_AutoML_2_20260420_23253_model_2,hour_lag1,1.0249262990802526
1,0,0.3,GBM_grid_1_AutoML_2_20260420_23253_model_2,day_of_week_lag1,0.02039509763941164
1,0,0.3,GBM_grid_1_AutoML_2_20260420_23253_model_2,month_lag1,0.09471483195666221
1,0,0.3,GBM_grid_1_AutoML_2_20260420_23253_model_2,month_sin,0.22689597982913257
1,0,0.3,GBM_grid_1_AutoML_2_20260420_23253_model_2,month_cos,0.0775337388203479
1,0,0.3,XRT_1_AutoML_2_20260420_23253,target_lag1,1.3419079947844148
1,0,0.3,XRT_1_AutoML_2_20260420_23253,target_lag2,0.9000342737138272
1,0,0.3,XRT_1_AutoML_2_20260420_23253,target_lag3,0.16513840707018967
1,0,0.3,XRT_1_AutoML_2_20260420_23253,target_lag4,0.21528230048716068
1,0,0.3,XRT_1_AutoML_2_20260420_23253,target_lag5,0.17656168135348707
1,0,0.3,XRT_1_AutoML_2_20260420_23253,target_lag6,0.14803533451631665
1,0,0.3,XRT_1_AutoML_2_20260420_23253,cov_HULL_lag1,0.19784806042909622
1,0,0.3,XRT_1_AutoML_2_20260420_23253,cov_MUFL_lag1,1.8953579831123353
1,0,0.3,XRT_1_AutoML_2_20260420_23253,cov_MULL_lag1,0.1326917349360883
1,0,0.3,XRT_1_AutoML_2_20260420_23253,cov_LUFL_lag1,0.15887853122316298
1,0,0.3,XRT_1_AutoML_2_20260420_23253,cov_LULL_lag1,0.050972090911527594
1,0,0.3,XRT_1_AutoML_2_20260420_23253,cov_OT_lag1,0.1197434350068215
1,0,0.3,XRT_1_AutoML_2_20260420_23253,hour_lag1,0.7066877034306526
1,0,0.3,XRT_1_AutoML_2_20260420_23253,day_of_week_lag1,0.06633721146732566
1,0,0.3,XRT_1_AutoML_2_20260420_23253,month_lag1,0.21943232073448599
1,0,0.3,XRT_1_AutoML_2_20260420_23253,month_sin,0.21700672271195795
1,0,0.3,XRT_1_AutoML_2_20260420_23253,month_cos,0.09480759467231106
1,0,0.3,DRF_1_AutoML_2_20260420_23253,target_lag1,1.1362750959023833
1,0,0.3,DRF_1_AutoML_2_20260420_23253,target_lag2,0.8264889408648014
1,0,0.3,DRF_1_AutoML_2_20260420_23253,target_lag3,0.14549410282634195
1,0,0.3,DRF_1_AutoML_2_20260420_23253,target_lag4,0.1636301611620001
1,0,0.3,DRF_1_AutoML_2_20260420_23253,target_lag5,0.1216010049905162
1,0,0.3,DRF_1_AutoML_2_20260420_23253,target_lag6,0.18879836446838452
1,0,0.3,DRF_1_AutoML_2_20260420_23253,cov_HULL_lag1,0.13222770198713985
1,0,0.3,DRF_1_AutoML_2_20260420_23253,cov_MUFL_lag1,2.114612751752138
1,0,0.3,DRF_1_AutoML_2_20260420_23253,cov_MULL_lag1,0.12173303170129653
1,0,0.3,DRF_1_AutoML_2_20260420_23253,cov_LUFL_lag1,0.1743348671449348
1,0,0.3,DRF_1_AutoML_2_20260420_23253,cov_LULL_lag1,0.03706737069371225
1,0,0.3,DRF_1_AutoML_2_20260420_23253,cov_OT_lag1,0.05719267110805955
1,0,0.3,DRF_1_AutoML_2_20260420_23253,hour_lag1,0.5836949765495956
1,0,0.3,DRF_1_AutoML_2_20260420_23253,day_of_week_lag1,0.018278820529812903
1,0,0.3,DRF_1_AutoML_2_20260420_23253,month_lag1,0.13049285665154453
1,0,0.3,DRF_1_AutoML_2_20260420_23253,month_sin,0.2053821644000709
1,0,0.3,DRF_1_AutoML_2_20260420_23253,month_cos,0.03840527594322334
1,0,0.3,XGBoost_1_AutoML_2_20260420_23253,target_lag1,2.8843734092265367
1,0,0.3,XGBoost_1_AutoML_2_20260420_23253,target_lag2,0.2624285712838173
1,0,0.3,XGBoost_1_AutoML_2_20260420_23253,target_lag3,0.18528147039934992
1,0,0.3,XGBoost_1_AutoML_2_20260420_23253,target_lag4,0.24253196254954673
1,0,0.3,XGBoost_1_AutoML_2_20260420_23253,target_lag5,0.13829354687884912
1,0,0.3,XGBoost_1_AutoML_2_20260420_23253,target_lag6,0.14186216102913018
1,0,0.3,XGBoost_1_AutoML_2_20260420_23253,cov_HULL_lag1,0.19124896028079091
1,0,0.3,XGBoost_1_AutoML_2_20260420_23253,cov_MUFL_lag1,1.252326455451548
1,0,0.3,XGBoost_1_AutoML_2_20260420_23253,cov_MULL_lag1,0.21538302008295432
1,0,0.3,XGBoost_1_AutoML_2_20260420_23253,cov_LUFL_lag1,0.291594078715425
1,0,0.3,XGBoost_1_AutoML_2_20260420_23253,cov_LULL_lag1,0.10592847851105029
1,0,0.3,XGBoost_1_AutoML_2_20260420_23253,cov_OT_lag1,0.21788909229449926
1,0,0.3,XGBoost_1_AutoML_2_20260420_23253,hour_lag1,0.8024204237014055
1,0,0.3,XGBoost_1_AutoML_2_20260420_23253,day_of_week_lag1,0.07990628300001841
1,0,0.3,XGBoost_1_AutoML_2_20260420_23253,month_lag1,0.1402004358777776
1,0,0.3,XGBoost_1_AutoML_2_20260420_23253,month_sin,0.24674476578831672
1,0,0.3,XGBoost_1_AutoML_2_20260420_23253,month_cos,0.08813263237942007
1,0,0.3,XGBoost_grid_1_AutoML_2_20260420_23253_model_6,target_lag1,0.6295762061141431
1,0,0.3,XGBoost_grid_1_AutoML_2_20260420_23253_model_6,target_lag2,0.5491218441724777
1,0,0.3,XGBoost_grid_1_AutoML_2_20260420_23253_model_6,target_lag3,0.11778466583229598
1,0,0.3,XGBoost_grid_1_AutoML_2_20260420_23253_model_6,target_lag4,0.2512468380108476
1,0,0.3,XGBoost_grid_1_AutoML_2_20260420_23253_model_6,target_lag5,0.2864051220752299
1,0,0.3,XGBoost_grid_1_AutoML_2_20260420_23253_model_6,target_lag6,0.12521768175996836
1,0,0.3,XGBoost_grid_1_AutoML_2_20260420_23253_model_6,cov_HULL_lag1,0.020708556086756244
1,0,0.3,XGBoost_grid_1_AutoML_2_20260420_23253_model_6,cov_MUFL_lag1,3.0743301564455034
1,0,0.3,XGBoost_grid_1_AutoML_2_20260420_23253_model_6,cov_MULL_lag1,0.18157619658857585
1,0,0.3,XGBoost_grid_1_AutoML_2_20260420_23253_model_6,cov_LUFL_lag1,0.22279414885211735
1,0,0.3,XGBoost_grid_1_AutoML_2_20260420_23253_model_6,cov_LULL_lag1,0.05060759421670806
1,0,0.3,XGBoost_grid_1_AutoML_2_20260420_23253_model_6,cov_OT_lag1,0.19292689995840193
1,0,0.3,XGBoost_grid_1_AutoML_2_20260420_23253_model_6,hour_lag1,0.8513752799294889
1,0,0.3,XGBoost_grid_1_AutoML_2_20260420_23253_model_6,day_of_week_lag1,0.02193205386865879
1,0,0.3,XGBoost_grid_1_AutoML_2_20260420_23253_model_6,month_lag1,0.1270425732899457
1,0,0.3,XGBoost_grid_1_AutoML_2_20260420_23253_model_6,month_sin,0.38468614235520365
1,0,0.3,XGBoost_grid_1_AutoML_2_20260420_23253_model_6,month_cos,0.046029298445209824
1,0,0.3,GBM_5_AutoML_2_20260420_23253,target_lag1,1.5010440377146006
1,0,0.3,GBM_5_AutoML_2_20260420_23253,target_lag2,0.27414390828460455
1,0,0.3,GBM_5_AutoML_2_20260420_23253,target_lag3,0.11128495325217952
1,0,0.3,GBM_5_AutoML_2_20260420_23253,target_lag4,0.14575086208526045
1,0,0.3,GBM_5_AutoML_2_20260420_23253,target_lag5,0.1506255685543874
1,0,0.3,GBM_5_AutoML_2_20260420_23253,target_lag6,0.07544526595040218
1,0,0.3,GBM_5_AutoML_2_20260420_23253,cov_HULL_lag1,0.0778855072893202
1,0,0.3,GBM_5_AutoML_2_20260420_23253,cov_MUFL_lag1,2.046204202417284
1,0,0.3,GBM_5_AutoML_2_20260420_23253,cov_MULL_lag1,0.15989075440913436
1,0,0.3,GBM_5_AutoML_2_20260420_23253,cov_LUFL_lag1,0.17849805221077986
1,0,0.3,GBM_5_AutoML_2_20260420_23253,cov_LULL_lag1,0.06706399856600907
1,0,0.3,GBM_5_AutoML_2_20260420_23253,cov_OT_lag1,0.14907240075990555
1,0,0.3,GBM_5_AutoML_2_20260420_23253,hour_lag1,1.1148260287940501
1,0,0.3,GBM_5_AutoML_2_20260420_23253,day_of_week_lag1,0.03367977742760554
1,0,0.3,GBM_5_AutoML_2_20260420_23253,month_lag1,0.134806251283735
1,0,0.3,GBM_5_AutoML_2_20260420_23253,month_sin,0.3256645728647709
1,0,0.3,GBM_5_AutoML_2_20260420_23253,month_cos,0.047888474704232034
1,0,0.3,XGBoost_grid_1_AutoML_2_20260420_23253_model_3,target_lag1,1.366160431643948
1,0,0.3,XGBoost_grid_1_AutoML_2_20260420_23253_model_3,target_lag2,0.654643201995641
1,0,0.3,XGBoost_grid_1_AutoML_2_20260420_23253_model_3,target_lag3,0.25586678663268686
1,0,0.3,XGBoost_grid_1_AutoML_2_20260420_23253_model_3,target_lag4,0.1518162883725017
1,0,0.3,XGBoost_grid_1_AutoML_2_20260420_23253_model_3,target_lag5,0.1389853209024295
1,0,0.3,XGBoost_grid_1_AutoML_2_20260420_23253_model_3,target_lag6,0.27298105327878147
1,0,0.3,XGBoost_grid_1_AutoML_2_20260420_23253_model_3,cov_HULL_lag1,0.1293783606123179
1,0,0.3,XGBoost_grid_1_AutoML_2_20260420_23253_model_3,cov_MUFL_lag1,1.9025285764038562
1,0,0.3,XGBoost_grid_1_AutoML_2_20260420_23253_model_3,cov_MULL_lag1,0.15047578633762893
1,0,0.3,XGBoost_grid_1_AutoML_2_20260420_23253_model_3,cov_LUFL_lag1,0.21323230262845752
1,0,0.3,XGBoost_grid_1_AutoML_2_20260420_23253_model_3,cov_LULL_lag1,0.07441805133566955
1,0,0.3,XGBoost_grid_1_AutoML_2_20260420_23253_model_3,cov_OT_lag1,0.13055062936618922
1,0,0.3,XGBoost_grid_1_AutoML_2_20260420_23253_model_3,hour_lag1,0.7537654823437333
1,0,0.3,XGBoost_grid_1_AutoML_2_20260420_23253_model_3,day_of_week_lag1,0.04716327414847907
1,0,0.3,XGBoost_grid_1_AutoML_2_20260420_23253_model_3,month_lag1,0.12551102408790027
1,0,0.3,XGBoost_grid_1_AutoML_2_20260420_23253_model_3,month_sin,0.5014209595322608
1,0,0.3,XGBoost_grid_1_AutoML_2_20260420_23253_model_3,month_cos,0.05365530840819696
1,0,0.3,XGBoost_2_AutoML_2_20260420_23253,target_lag1,1.0457775349915028
1,0,0.3,XGBoost_2_AutoML_2_20260420_23253,target_lag2,0.20312368654878807
1,0,0.3,XGBoost_2_AutoML_2_20260420_23253,target_lag3,0.16285687580239025
1,0,0.3,XGBoost_2_AutoML_2_20260420_23253,target_lag4,0.1248315870389342
1,0,0.3,XGBoost_2_AutoML_2_20260420_23253,target_lag5,0.12007546063046899
1,0,0.3,XGBoost_2_AutoML_2_20260420_23253,target_lag6,0.1281455476256087
1,0,0.3,XGBoost_2_AutoML_2_20260420_23253,cov_HULL_lag1,0.10961451014271002
1,0,0.3,XGBoost_2_AutoML_2_20260420_23253,cov_MUFL_lag1,3.180783252567053
1,0,0.3,XGBoost_2_AutoML_2_20260420_23253,cov_MULL_lag1,0.2628217215184122
1,0,0.3,XGBoost_2_AutoML_2_20260420_23253,cov_LUFL_lag1,0.2070432995632291
1,0,0.3,XGBoost_2_AutoML_2_20260420_23253,cov_LULL_lag1,0.11594341376447115
1,0,0.3,XGBoost_2_AutoML_2_20260420_23253,cov_OT_lag1,0.21698311499785633
1,0,0.3,XGBoost_2_AutoML_2_20260420_23253,hour_lag1,1.0577901976555586
1,0,0.3,XGBoost_2_AutoML_2_20260420_23253,day_of_week_lag1,0.10894352353643619
1,0,0.3,XGBoost_2_AutoML_2_20260420_23253,month_lag1,0.10782401519478295
1,0,0.3,XGBoost_2_AutoML_2_20260420_23253,month_sin,0.21398998798802496
1,0,0.3,XGBoost_2_AutoML_2_20260420_23253,month_cos,0.08133697438868688
1,0,0.3,XGBoost_grid_1_AutoML_2_20260420_23253_model_1,target_lag1,0.6856054286286235
1,0,0.3,XGBoost_grid_1_AutoML_2_20260420_23253_model_1,target_lag2,0.17265391003013064
1,0,0.3,XGBoost_grid_1_AutoML_2_20260420_23253_model_1,target_lag3,0.2248351520160213
1,0,0.3,XGBoost_grid_1_AutoML_2_20260420_23253_model_1,target_lag4,0.09420438057277349
1,0,0.3,XGBoost_grid_1_AutoML_2_20260420_23253_model_1,target_lag5,0.06743748820852484
1,0,0.3,XGBoost_grid_1_AutoML_2_20260420_23253_model_1,target_lag6,0.10826570936711502
1,0,0.3,XGBoost_grid_1_AutoML_2_20260420_23253_model_1,cov_HULL_lag1,0.15274206011206842
1,0,0.3,XGBoost_grid_1_AutoML_2_20260420_23253_model_1,cov_MUFL_lag1,3.699364886879921
1,0,0.3,XGBoost_grid_1_AutoML_2_20260420_23253_model_1,cov_MULL_lag1,0.17304681601934135
1,0,0.3,XGBoost_grid_1_AutoML_2_20260420_23253_model_1,cov_LUFL_lag1,0.12369858442223627
1,0,0.3,XGBoost_grid_1_AutoML_2_20260420_23253_model_1,cov_LULL_lag1,0.09437013607355763
1,0,0.3,XGBoost_grid_1_AutoML_2_20260420_23253_model_1,cov_OT_lag1,0.16920563135296107
1,0,0.3,XGBoost_grid_1_AutoML_2_20260420_23253_model_1,hour_lag1,1.1212689438834786
1,0,0.3,XGBoost_grid_1_AutoML_2_20260420_23253_model_1,day_of_week_lag1,0.07983254095539447
1,0,0.3,XGBoost_grid_1_AutoML_2_20260420_23253_model_1,month_lag1,0.1238002113997936
1,0,0.3,XGBoost_grid_1_AutoML_2_20260420_23253_model_1,month_sin,0.2630331840738654
1,0,0.3,XGBoost_grid_1_AutoML_2_20260420_23253_model_1,month_cos,0.051498832223005546
1,0,0.3,XGBoost_grid_1_AutoML_2_20260420_23253_model_4,target_lag1,0.7058781210705638
1,0,0.3,XGBoost_grid_1_AutoML_2_20260420_23253_model_4,target_lag2,0.2383039947063662
1,0,0.3,XGBoost_grid_1_AutoML_2_20260420_23253_model_4,target_lag3,0.14633575902786103
1,0,0.3,XGBoost_grid_1_AutoML_2_20260420_23253_model_4,target_lag4,0.1468246242799796
1,0,0.3,XGBoost_grid_1_AutoML_2_20260420_23253_model_4,target_lag5,0.10901887917643759
1,0,0.3,XGBoost_grid_1_AutoML_2_20260420_23253_model_4,target_lag6,0.10733132502064105
1,0,0.3,XGBoost_grid_1_AutoML_2_20260420_23253_model_4,cov_HULL_lag1,0.13743284323252733
1,0,0.3,XGBoost_grid_1_AutoML_2_20260420_23253_model_4,cov_MUFL_lag1,3.775452408976853
1,0,0.3,XGBoost_grid_1_AutoML_2_20260420_23253_model_4,cov_MULL_lag1,0.1893947583530098
1,0,0.3,XGBoost_grid_1_AutoML_2_20260420_23253_model_4,cov_LUFL_lag1,0.1386495566903613
1,0,0.3,XGBoost_grid_1_AutoML_2_20260420_23253_model_4,cov_LULL_lag1,0.12393936792854215
1,0,0.3,XGBoost_grid_1_AutoML_2_20260420_23253_model_4,cov_OT_lag1,0.15915220285765821
1,0,0.3,XGBoost_grid_1_AutoML_2_20260420_23253_model_4,hour_lag1,1.1880568043887616
1,0,0.3,XGBoost_grid_1_AutoML_2_20260420_23253_model_4,day_of_week_lag1,0.05924866653047498
1,0,0.3,XGBoost_grid_1_AutoML_2_20260420_23253_model_4,month_lag1,0.15892806005431337
1,0,0.3,XGBoost_grid_1_AutoML_2_20260420_23253_model_4,month_sin,0.2055292034894228
1,0,0.3,XGBoost_grid_1_AutoML_2_20260420_23253_model_4,month_cos,0.058996415614965325
1,0,0.3,XGBoost_3_AutoML_2_20260420_23253,target_lag1,1.4566347859799862
1,0,0.3,XGBoost_3_AutoML_2_20260420_23253,target_lag2,0.29962521005421877
1,0,0.3,XGBoost_3_AutoML_2_20260420_23253,target_lag3,0.182689485643059
1,0,0.3,XGBoost_3_AutoML_2_20260420_23253,target_lag4,0.13159817268373442
1,0,0.3,XGBoost_3_AutoML_2_20260420_23253,target_lag5,0.32660013666260057
1,0,0.3,XGBoost_3_AutoML_2_20260420_23253,target_lag6,0.08664942246861752
1,0,0.3,XGBoost_3_AutoML_2_20260420_23253,cov_HULL_lag1,0.10453302368987348
1,0,0.3,XGBoost_3_AutoML_2_20260420_23253,cov_MUFL_lag1,2.185211096853018
1,0,0.3,XGBoost_3_AutoML_2_20260420_23253,cov_MULL_lag1,0.28425721779465674
1,0,0.3,XGBoost_3_AutoML_2_20260420_23253,cov_LUFL_lag1,0.3100846166908741
1,0,0.3,XGBoost_3_AutoML_2_20260420_23253,cov_LULL_lag1,0.08780325996223834
1,0,0.3,XGBoost_3_AutoML_2_20260420_23253,cov_OT_lag1,0.24774377233814449
1,0,0.3,XGBoost_3_AutoML_2_20260420_23253,hour_lag1,0.8931004786491394
1,0,0.3,XGBoost_3_AutoML_2_20260420_23253,day_of_week_lag1,0.027731415230082303
1,0,0.3,XGBoost_3_AutoML_2_20260420_23253,month_lag1,0.24391877639340237
1,0,0.3,XGBoost_3_AutoML_2_20260420_23253,month_sin,0.21340628927573557
1,0,0.3,XGBoost_3_AutoML_2_20260420_23253,month_cos,0.07626777324185237
1,0,0.3,GLM_1_AutoML_2_20260420_23253,target_lag1,2.3461792544219486
1,0,0.3,GLM_1_AutoML_2_20260420_23253,target_lag2,0.2667873839770212
1,0,0.3,GLM_1_AutoML_2_20260420_23253,target_lag3,0.3895614764779172
1,0,0.3,GLM_1_AutoML_2_20260420_23253,target_lag4,0.7822626509417104
1,0,0.3,GLM_1_AutoML_2_20260420_23253,target_lag5,0.24786616094548491
1,0,0.3,GLM_1_AutoML_2_20260420_23253,target_lag6,0.26979226373411935
1,0,0.3,GLM_1_AutoML_2_20260420_23253,cov_HULL_lag1,0.214024181855846
1,0,0.3,GLM_1_AutoML_2_20260420_23253,cov_MUFL_lag1,2.7904115071288427
1,0,0.3,GLM_1_AutoML_2_20260420_23253,cov_MULL_lag1,0.24256369157313384
1,0,0.3,GLM_1_AutoML_2_20260420_23253,cov_LUFL_lag1,0.05512266976476157
1,0,0.3,GLM_1_AutoML_2_20260420_23253,cov_LULL_lag1,0.02657663382651167
1,0,0.3,GLM_1_AutoML_2_20260420_23253,cov_OT_lag1,0.6464726501311087
1,0,0.3,GLM_1_AutoML_2_20260420_23253,hour_lag1,0.3480357100867109
1,0,0.3,GLM_1_AutoML_2_20260420_23253,day_of_week_lag1,0.016150027490735817
1,0,0.3,GLM_1_AutoML_2_20260420_23253,month_lag1,0.12375602431186106
1,0,0.3,GLM_1_AutoML_2_20260420_23253,month_sin,0.17597445800100206
1,0,0.3,GLM_1_AutoML_2_20260420_23253,month_cos,0.3302781793881033
1,0,0.3,GLM_1_AutoML_2_20260420_23253,year,0.0
2,0,0.02,GBM_3_AutoML_3_20260420_23813,target_lag1,2.018794536506757
2,0,0.02,GBM_3_AutoML_3_20260420_23813,target_lag2,0.44700734878424553
2,0,0.02,GBM_3_AutoML_3_20260420_23813,target_lag3,0.11894592440687117
2,0,0.02,GBM_3_AutoML_3_20260420_23813,target_lag4,0.1431752851826604
2,0,0.02,GBM_3_AutoML_3_20260420_23813,target_lag5,0.15968345745000986
2,0,0.02,GBM_3_AutoML_3_20260420_23813,target_lag6,0.3072749961167574
2,0,0.02,GBM_3_AutoML_3_20260420_23813,cov_HULL_lag1,0.11539553229231383
2,0,0.02,GBM_3_AutoML_3_20260420_23813,cov_MUFL_lag1,2.124347329288721
2,0,0.02,GBM_3_AutoML_3_20260420_23813,cov_MULL_lag1,0.16477847551926966
2,0,0.02,GBM_3_AutoML_3_20260420_23813,cov_LUFL_lag1,0.25956892987247554
2,0,0.02,GBM_3_AutoML_3_20260420_23813,cov_LULL_lag1,0.052286936527816526
2,0,0.02,GBM_3_AutoML_3_20260420_23813,cov_OT_lag1,0.20897229062393308
2,0,0.02,GBM_3_AutoML_3_20260420_23813,hour_lag1,1.532747935205698
2,0,0.02,GBM_3_AutoML_3_20260420_23813,day_of_week_lag1,0.042640461620176165
2,0,0.02,GBM_3_AutoML_3_20260420_23813,month_lag1,0.17779446966946125
2,0,0.02,GBM_3_AutoML_3_20260420_23813,month_sin,0.29181336431647653
2,0,0.02,GBM_3_AutoML_3_20260420_23813,month_cos,0.13410136671736833
2,0,0.02,GBM_3_AutoML_3_20260420_23813,year,0.2373187004029751
2,0,0.02,GBM_4_AutoML_3_20260420_23813,target_lag1,1.6754063398391008
2,0,0.02,GBM_4_AutoML_3_20260420_23813,target_lag2,0.3807081090286374
2,0,0.02,GBM_4_AutoML_3_20260420_23813,target_lag3,0.10258689815644172
2,0,0.02,GBM_4_AutoML_3_20260420_23813,target_lag4,0.13980721861822526
2,0,0.02,GBM_4_AutoML_3_20260420_23813,target_lag5,0.07914570677734442
2,0,0.02,GBM_4_AutoML_3_20260420_23813,target_lag6,0.27186965288594367
2,0,0.02,GBM_4_AutoML_3_20260420_23813,cov_HULL_lag1,0.11671001312322911
2,0,0.02,GBM_4_AutoML_3_20260420_23813,cov_MUFL_lag1,2.5670870195329187
2,0,0.02,GBM_4_AutoML_3_20260420_23813,cov_MULL_lag1,0.15188882965594527
2,0,0.02,GBM_4_AutoML_3_20260420_23813,cov_LUFL_lag1,0.23508946435904363
2,0,0.02,GBM_4_AutoML_3_20260420_23813,cov_LULL_lag1,0.052827433189377146
2,0,0.02,GBM_4_AutoML_3_20260420_23813,cov_OT_lag1,0.1771509868884459
2,0,0.02,GBM_4_AutoML_3_20260420_23813,hour_lag1,1.6549290073662997
2,0,0.02,GBM_4_AutoML_3_20260420_23813,day_of_week_lag1,0.0363282380928285
2,0,0.02,GBM_4_AutoML_3_20260420_23813,month_lag1,0.18657349513843652
2,0,0.02,GBM_4_AutoML_3_20260420_23813,month_sin,0.24142060270532967
2,0,0.02,GBM_4_AutoML_3_20260420_23813,month_cos,0.13309463886311274
2,0,0.02,GBM_4_AutoML_3_20260420_23813,year,0.17815295193344352
2,0,0.02,GBM_grid_1_AutoML_3_20260420_23813_model_2,target_lag1,2.3099715347774326
2,0,0.02,GBM_grid_1_AutoML_3_20260420_23813_model_2,target_lag2,0.1563637622352689
2,0,0.02,GBM_grid_1_AutoML_3_20260420_23813_model_2,target_lag3,0.11004898706451055
2,0,0.02,GBM_grid_1_AutoML_3_20260420_23813_model_2,target_lag4,0.1255956755718216
2,0,0.02,GBM_grid_1_AutoML_3_20260420_23813_model_2,target_lag5,0.07019043642561879
2,0,0.02,GBM_grid_1_AutoML_3_20260420_23813_model_2,target_lag6,0.14606886498630042
2,0,0.02,GBM_grid_1_AutoML_3_20260420_23813_model_2,cov_HULL_lag1,0.08121614840812978
2,0,0.02,GBM_grid_1_AutoML_3_20260420_23813_model_2,cov_MUFL_lag1,2.164692461490631
2,0,0.02,GBM_grid_1_AutoML_3_20260420_23813_model_2,cov_MULL_lag1,0.12298698733560737
2,0,0.02,GBM_grid_1_AutoML_3_20260420_23813_model_2,cov_LUFL_lag1,0.21705571427941323
2,0,0.02,GBM_grid_1_AutoML_3_20260420_23813_model_2,cov_LULL_lag1,0.03379020558204497
2,0,0.02,GBM_grid_1_AutoML_3_20260420_23813_model_2,cov_OT_lag1,0.13033279384020713
2,0,0.02,GBM_grid_1_AutoML_3_20260420_23813_model_2,hour_lag1,1.804439449799247
2,0,0.02,GBM_grid_1_AutoML_3_20260420_23813_model_2,day_of_week_lag1,0.026492541785119058
2,0,0.02,GBM_grid_1_AutoML_3_20260420_23813_model_2,month_lag1,0.10640409980900582
2,0,0.02,GBM_grid_1_AutoML_3_20260420_23813_model_2,month_sin,0.2747673362866044
2,0,0.02,GBM_grid_1_AutoML_3_20260420_23813_model_2,month_cos,0.15458403399214146
2,0,0.02,GBM_grid_1_AutoML_3_20260420_23813_model_2,year,0.13863023706711824
2,0,0.02,GBM_2_AutoML_3_20260420_23813,target_lag1,2.1489477844536307
2,0,0.02,GBM_2_AutoML_3_20260420_23813,target_lag2,0.24189277162775397
2,0,0.02,GBM_2_AutoML_3_20260420_23813,target_lag3,0.17366795413196087
2,0,0.02,GBM_2_AutoML_3_20260420_23813,target_lag4,0.12284436757734507
2,0,0.02,GBM_2_AutoML_3_20260420_23813,target_lag5,0.06261704054661092
2,0,0.02,GBM_2_AutoML_3_20260420_23813,target_lag6,0.20732717983890325
2,0,0.02,GBM_2_AutoML_3_20260420_23813,cov_HULL_lag1,0.08331544637214387
2,0,0.02,GBM_2_AutoML_3_20260420_23813,cov_MUFL_lag1,2.212471839636564
2,0,0.02,GBM_2_AutoML_3_20260420_23813,cov_MULL_lag1,0.13862868633121248
2,0,0.02,GBM_2_AutoML_3_20260420_23813,cov_LUFL_lag1,0.2274444688850781
2,0,0.02,GBM_2_AutoML_3_20260420_23813,cov_LULL_lag1,0.05037702204426745
2,0,0.02,GBM_2_AutoML_3_20260420_23813,cov_OT_lag1,0.1989317069808021
2,0,0.02,GBM_2_AutoML_3_20260420_23813,hour_lag1,1.7368567519262432
2,0,0.02,GBM_2_AutoML_3_20260420_23813,day_of_week_lag1,0.02737263300223272
2,0,0.02,GBM_2_AutoML_3_20260420_23813,month_lag1,0.14604847575537858
2,0,0.02,GBM_2_AutoML_3_20260420_23813,month_sin,0.29631264813710007
2,0,0.02,GBM_2_AutoML_3_20260420_23813,month_cos,0.12125431453809138
2,0,0.02,GBM_2_AutoML_3_20260420_23813,year,0.22535869149491192
2,0,0.05,GBM_3_AutoML_3_20260420_23813,target_lag1,2.018794536506757
2,0,0.05,GBM_3_AutoML_3_20260420_23813,target_lag2,0.44700734878424553
2,0,0.05,GBM_3_AutoML_3_20260420_23813,target_lag3,0.11894592440687117
2,0,0.05,GBM_3_AutoML_3_20260420_23813,target_lag4,0.1431752851826604
2,0,0.05,GBM_3_AutoML_3_20260420_23813,target_lag5,0.15968345745000986
2,0,0.05,GBM_3_AutoML_3_20260420_23813,target_lag6,0.3072749961167574
2,0,0.05,GBM_3_AutoML_3_20260420_23813,cov_HULL_lag1,0.11539553229231383
2,0,0.05,GBM_3_AutoML_3_20260420_23813,cov_MUFL_lag1,2.124347329288721
2,0,0.05,GBM_3_AutoML_3_20260420_23813,cov_MULL_lag1,0.16477847551926966
2,0,0.05,GBM_3_AutoML_3_20260420_23813,cov_LUFL_lag1,0.25956892987247554
2,0,0.05,GBM_3_AutoML_3_20260420_23813,cov_LULL_lag1,0.052286936527816526
2,0,0.05,GBM_3_AutoML_3_20260420_23813,cov_OT_lag1,0.20897229062393308
2,0,0.05,GBM_3_AutoML_3_20260420_23813,hour_lag1,1.532747935205698
2,0,0.05,GBM_3_AutoML_3_20260420_23813,day_of_week_lag1,0.042640461620176165
2,0,0.05,GBM_3_AutoML_3_20260420_23813,month_lag1,0.17779446966946125
2,0,0.05,GBM_3_AutoML_3_20260420_23813,month_sin,0.29181336431647653
2,0,0.05,GBM_3_AutoML_3_20260420_23813,month_cos,0.13410136671736833
2,0,0.05,GBM_3_AutoML_3_20260420_23813,year,0.2373187004029751
2,0,0.05,GBM_4_AutoML_3_20260420_23813,target_lag1,1.6754063398391008
2,0,0.05,GBM_4_AutoML_3_20260420_23813,target_lag2,0.3807081090286374
2,0,0.05,GBM_4_AutoML_3_20260420_23813,target_lag3,0.10258689815644172
2,0,0.05,GBM_4_AutoML_3_20260420_23813,target_lag4,0.13980721861822526
2,0,0.05,GBM_4_AutoML_3_20260420_23813,target_lag5,0.07914570677734442
2,0,0.05,GBM_4_AutoML_3_20260420_23813,target_lag6,0.27186965288594367
2,0,0.05,GBM_4_AutoML_3_20260420_23813,cov_HULL_lag1,0.11671001312322911
2,0,0.05,GBM_4_AutoML_3_20260420_23813,cov_MUFL_lag1,2.5670870195329187
2,0,0.05,GBM_4_AutoML_3_20260420_23813,cov_MULL_lag1,0.15188882965594527
2,0,0.05,GBM_4_AutoML_3_20260420_23813,cov_LUFL_lag1,0.23508946435904363
2,0,0.05,GBM_4_AutoML_3_20260420_23813,cov_LULL_lag1,0.052827433189377146
2,0,0.05,GBM_4_AutoML_3_20260420_23813,cov_OT_lag1,0.1771509868884459
2,0,0.05,GBM_4_AutoML_3_20260420_23813,hour_lag1,1.6549290073662997
2,0,0.05,GBM_4_AutoML_3_20260420_23813,day_of_week_lag1,0.0363282380928285
2,0,0.05,GBM_4_AutoML_3_20260420_23813,month_lag1,0.18657349513843652
2,0,0.05,GBM_4_AutoML_3_20260420_23813,month_sin,0.24142060270532967
2,0,0.05,GBM_4_AutoML_3_20260420_23813,month_cos,0.13309463886311274
2,0,0.05,GBM_4_AutoML_3_20260420_23813,year,0.17815295193344352
2,0,0.05,GBM_grid_1_AutoML_3_20260420_23813_model_2,target_lag1,2.3099715347774326
2,0,0.05,GBM_grid_1_AutoML_3_20260420_23813_model_2,target_lag2,0.1563637622352689
2,0,0.05,GBM_grid_1_AutoML_3_20260420_23813_model_2,target_lag3,0.11004898706451055
2,0,0.05,GBM_grid_1_AutoML_3_20260420_23813_model_2,target_lag4,0.1255956755718216
2,0,0.05,GBM_grid_1_AutoML_3_20260420_23813_model_2,target_lag5,0.07019043642561879
2,0,0.05,GBM_grid_1_AutoML_3_20260420_23813_model_2,target_lag6,0.14606886498630042
2,0,0.05,GBM_grid_1_AutoML_3_20260420_23813_model_2,cov_HULL_lag1,0.08121614840812978
2,0,0.05,GBM_grid_1_AutoML_3_20260420_23813_model_2,cov_MUFL_lag1,2.164692461490631
2,0,0.05,GBM_grid_1_AutoML_3_20260420_23813_model_2,cov_MULL_lag1,0.12298698733560737
2,0,0.05,GBM_grid_1_AutoML_3_20260420_23813_model_2,cov_LUFL_lag1,0.21705571427941323
2,0,0.05,GBM_grid_1_AutoML_3_20260420_23813_model_2,cov_LULL_lag1,0.03379020558204497
2,0,0.05,GBM_grid_1_AutoML_3_20260420_23813_model_2,cov_OT_lag1,0.13033279384020713
2,0,0.05,GBM_grid_1_AutoML_3_20260420_23813_model_2,hour_lag1,1.804439449799247
2,0,0.05,GBM_grid_1_AutoML_3_20260420_23813_model_2,day_of_week_lag1,0.026492541785119058
2,0,0.05,GBM_grid_1_AutoML_3_20260420_23813_model_2,month_lag1,0.10640409980900582
2,0,0.05,GBM_grid_1_AutoML_3_20260420_23813_model_2,month_sin,0.2747673362866044
2,0,0.05,GBM_grid_1_AutoML_3_20260420_23813_model_2,month_cos,0.15458403399214146
2,0,0.05,GBM_grid_1_AutoML_3_20260420_23813_model_2,year,0.13863023706711824
2,0,0.05,GBM_2_AutoML_3_20260420_23813,target_lag1,2.1489477844536307
2,0,0.05,GBM_2_AutoML_3_20260420_23813,target_lag2,0.24189277162775397
2,0,0.05,GBM_2_AutoML_3_20260420_23813,target_lag3,0.17366795413196087
2,0,0.05,GBM_2_AutoML_3_20260420_23813,target_lag4,0.12284436757734507
2,0,0.05,GBM_2_AutoML_3_20260420_23813,target_lag5,0.06261704054661092
2,0,0.05,GBM_2_AutoML_3_20260420_23813,target_lag6,0.20732717983890325
2,0,0.05,GBM_2_AutoML_3_20260420_23813,cov_HULL_lag1,0.08331544637214387
2,0,0.05,GBM_2_AutoML_3_20260420_23813,cov_MUFL_lag1,2.212471839636564
2,0,0.05,GBM_2_AutoML_3_20260420_23813,cov_MULL_lag1,0.13862868633121248
2,0,0.05,GBM_2_AutoML_3_20260420_23813,cov_LUFL_lag1,0.2274444688850781
2,0,0.05,GBM_2_AutoML_3_20260420_23813,cov_LULL_lag1,0.05037702204426745
2,0,0.05,GBM_2_AutoML_3_20260420_23813,cov_OT_lag1,0.1989317069808021
2,0,0.05,GBM_2_AutoML_3_20260420_23813,hour_lag1,1.7368567519262432
2,0,0.05,GBM_2_AutoML_3_20260420_23813,day_of_week_lag1,0.02737263300223272
2,0,0.05,GBM_2_AutoML_3_20260420_23813,month_lag1,0.14604847575537858
2,0,0.05,GBM_2_AutoML_3_20260420_23813,month_sin,0.29631264813710007
2,0,0.05,GBM_2_AutoML_3_20260420_23813,month_cos,0.12125431453809138
2,0,0.05,GBM_2_AutoML_3_20260420_23813,year,0.22535869149491192
2,0,0.05,GBM_grid_1_AutoML_3_20260420_23813_model_3,target_lag1,2.062668085489422
2,0,0.05,GBM_grid_1_AutoML_3_20260420_23813_model_3,target_lag2,0.7145256841555238
2,0,0.05,GBM_grid_1_AutoML_3_20260420_23813_model_3,target_lag3,0.14235719554126258
2,0,0.05,GBM_grid_1_AutoML_3_20260420_23813_model_3,target_lag4,0.12025448439875613
2,0,0.05,GBM_grid_1_AutoML_3_20260420_23813_model_3,target_lag5,0.20566937607713043
2,0,0.05,GBM_grid_1_AutoML_3_20260420_23813_model_3,target_lag6,0.31979907885193826
2,0,0.05,GBM_grid_1_AutoML_3_20260420_23813_model_3,cov_HULL_lag1,0.1240483924024738
2,0,0.05,GBM_grid_1_AutoML_3_20260420_23813_model_3,cov_MUFL_lag1,1.8482537487894297
2,0,0.05,GBM_grid_1_AutoML_3_20260420_23813_model_3,cov_MULL_lag1,0.1460690574534237
2,0,0.05,GBM_grid_1_AutoML_3_20260420_23813_model_3,cov_LUFL_lag1,0.4356684715300798
2,0,0.05,GBM_grid_1_AutoML_3_20260420_23813_model_3,cov_LULL_lag1,0.040999281084514186
2,0,0.05,GBM_grid_1_AutoML_3_20260420_23813_model_3,cov_OT_lag1,0.26914485860615966
2,0,0.05,GBM_grid_1_AutoML_3_20260420_23813_model_3,hour_lag1,1.3792990691959859
2,0,0.05,GBM_grid_1_AutoML_3_20260420_23813_model_3,day_of_week_lag1,0.03168115761007353
2,0,0.05,GBM_grid_1_AutoML_3_20260420_23813_model_3,month_lag1,0.2654158832877874
2,0,0.05,GBM_grid_1_AutoML_3_20260420_23813_model_3,month_sin,0.29947599275968967
2,0,0.05,GBM_grid_1_AutoML_3_20260420_23813_model_3,month_cos,0.08931241553276774
2,0,0.05,GBM_grid_1_AutoML_3_20260420_23813_model_3,year,0.27702129274606707
2,0,0.05,GBM_5_AutoML_3_20260420_23813,target_lag1,1.4426388946361839
2,0,0.05,GBM_5_AutoML_3_20260420_23813,target_lag2,0.5079877058789134
2,0,0.05,GBM_5_AutoML_3_20260420_23813,target_lag3,0.15737395770847795
2,0,0.05,GBM_5_AutoML_3_20260420_23813,target_lag4,0.08435921961441632
2,0,0.05,GBM_5_AutoML_3_20260420_23813,target_lag5,0.12522607095073904
2,0,0.05,GBM_5_AutoML_3_20260420_23813,target_lag6,0.24278005976229905
2,0,0.05,GBM_5_AutoML_3_20260420_23813,cov_HULL_lag1,0.11053365109488364
2,0,0.05,GBM_5_AutoML_3_20260420_23813,cov_MUFL_lag1,2.4419335792586208
2,0,0.05,GBM_5_AutoML_3_20260420_23813,cov_MULL_lag1,0.11356870053336021
2,0,0.05,GBM_5_AutoML_3_20260420_23813,cov_LUFL_lag1,0.35285945365438237
2,0,0.05,GBM_5_AutoML_3_20260420_23813,cov_LULL_lag1,0.04082701866573185
2,0,0.05,GBM_5_AutoML_3_20260420_23813,cov_OT_lag1,0.15554778380464993
2,0,0.05,GBM_5_AutoML_3_20260420_23813,hour_lag1,1.7929765002429485
2,0,0.05,GBM_5_AutoML_3_20260420_23813,day_of_week_lag1,0.01295882893726225
2,0,0.05,GBM_5_AutoML_3_20260420_23813,month_lag1,0.27810830818489196
2,0,0.05,GBM_5_AutoML_3_20260420_23813,month_sin,0.2442010677419603
2,0,0.05,GBM_5_AutoML_3_20260420_23813,month_cos,0.11030121367657554
2,0,0.05,GBM_5_AutoML_3_20260420_23813,year,0.309190554972738
2,0,0.05,GBM_1_AutoML_3_20260420_23813,target_lag1,1.768791956305504
2,0,0.05,GBM_1_AutoML_3_20260420_23813,target_lag2,0.18763963915058413
2,0,0.05,GBM_1_AutoML_3_20260420_23813,target_lag3,0.10989694650867018
2,0,0.05,GBM_1_AutoML_3_20260420_23813,target_lag4,0.12203814256936309
2,0,0.05,GBM_1_AutoML_3_20260420_23813,target_lag5,0.1151057182345539
2,0,0.05,GBM_1_AutoML_3_20260420_23813,target_lag6,0.1838469940936193
2,0,0.05,GBM_1_AutoML_3_20260420_23813,cov_HULL_lag1,0.06161023591179397
2,0,0.05,GBM_1_AutoML_3_20260420_23813,cov_MUFL_lag1,2.5365900048613548
2,0,0.05,GBM_1_AutoML_3_20260420_23813,cov_MULL_lag1,0.11666850017383691
2,0,0.05,GBM_1_AutoML_3_20260420_23813,cov_LUFL_lag1,0.3514683902170509
2,0,0.05,GBM_1_AutoML_3_20260420_23813,cov_LULL_lag1,0.040317355573642945
2,0,0.05,GBM_1_AutoML_3_20260420_23813,cov_OT_lag1,0.13347029167227442
2,0,0.05,GBM_1_AutoML_3_20260420_23813,hour_lag1,1.6283862245827914
2,0,0.05,GBM_1_AutoML_3_20260420_23813,day_of_week_lag1,0.01697961085279526
2,0,0.05,GBM_1_AutoML_3_20260420_23813,month_lag1,0.1448513853549957
2,0,0.05,GBM_1_AutoML_3_20260420_23813,month_sin,0.25079467421397567
2,0,0.05,GBM_1_AutoML_3_20260420_23813,month_cos,0.09691820292267944
2,0,0.05,GBM_1_AutoML_3_20260420_23813,year,0.15332289425656195
2,0,0.05,GBM_grid_1_AutoML_3_20260420_23813_model_1,target_lag1,1.8302907879650592
2,0,0.05,GBM_grid_1_AutoML_3_20260420_23813_model_1,target_lag2,0.6273227142076939
2,0,0.05,GBM_grid_1_AutoML_3_20260420_23813_model_1,target_lag3,0.1156502657709643
2,0,0.05,GBM_grid_1_AutoML_3_20260420_23813_model_1,target_lag4,0.23995021348819137
2,0,0.05,GBM_grid_1_AutoML_3_20260420_23813_model_1,target_lag5,0.3306523297727108
2,0,0.05,GBM_grid_1_AutoML_3_20260420_23813_model_1,target_lag6,0.3051494856365025
2,0,0.05,GBM_grid_1_AutoML_3_20260420_23813_model_1,cov_HULL_lag1,0.1354561453987844
2,0,0.05,GBM_grid_1_AutoML_3_20260420_23813_model_1,cov_MUFL_lag1,1.3879573284834623
2,0,0.05,GBM_grid_1_AutoML_3_20260420_23813_model_1,cov_MULL_lag1,0.13895350385457272
2,0,0.05,GBM_grid_1_AutoML_3_20260420_23813_model_1,cov_LUFL_lag1,0.3316011247225106
2,0,0.05,GBM_grid_1_AutoML_3_20260420_23813_model_1,cov_LULL_lag1,0.05768329715618162
2,0,0.05,GBM_grid_1_AutoML_3_20260420_23813_model_1,cov_OT_lag1,0.14118659313768145
2,0,0.05,GBM_grid_1_AutoML_3_20260420_23813_model_1,hour_lag1,1.4548532747104763
2,0,0.05,GBM_grid_1_AutoML_3_20260420_23813_model_1,day_of_week_lag1,0.027218786791199778
2,0,0.05,GBM_grid_1_AutoML_3_20260420_23813_model_1,month_lag1,0.1685931125888601
2,0,0.05,GBM_grid_1_AutoML_3_20260420_23813_model_1,month_sin,0.24928026676177978
2,0,0.05,GBM_grid_1_AutoML_3_20260420_23813_model_1,month_cos,0.1451239878684282
2,0,0.05,GBM_grid_1_AutoML_3_20260420_23813_model_1,year,0.22646640118211508
2,0,0.05,XGBoost_3_AutoML_3_20260420_23813,target_lag1,2.563875858709216
2,0,0.05,XGBoost_3_AutoML_3_20260420_23813,target_lag2,0.6614550188556314
2,0,0.05,XGBoost_3_AutoML_3_20260420_23813,target_lag3,0.142230971645331
2,0,0.05,XGBoost_3_AutoML_3_20260420_23813,target_lag4,0.14817857225425538
2,0,0.05,XGBoost_3_AutoML_3_20260420_23813,target_lag5,0.273829600661993
2,0,0.05,XGBoost_3_AutoML_3_20260420_23813,target_lag6,0.2565228934888728
2,0,0.05,XGBoost_3_AutoML_3_20260420_23813,cov_HULL_lag1,0.1935282585769892
2,0,0.05,XGBoost_3_AutoML_3_20260420_23813,cov_MUFL_lag1,1.5312459637224674
2,0,0.05,XGBoost_3_AutoML_3_20260420_23813,cov_MULL_lag1,0.06731493709143246
2,0,0.05,XGBoost_3_AutoML_3_20260420_23813,cov_LUFL_lag1,0.37823146529495716
2,0,0.05,XGBoost_3_AutoML_3_20260420_23813,cov_LULL_lag1,0.09076713336398821
2,0,0.05,XGBoost_3_AutoML_3_20260420_23813,cov_OT_lag1,0.30375874901190403
2,0,0.05,XGBoost_3_AutoML_3_20260420_23813,hour_lag1,1.4013060672581197
2,0,0.05,XGBoost_3_AutoML_3_20260420_23813,day_of_week_lag1,0.04242401837604115
2,0,0.05,XGBoost_3_AutoML_3_20260420_23813,month_lag1,0.3091762004396878
2,0,0.05,XGBoost_3_AutoML_3_20260420_23813,month_sin,0.2459346696967259
2,0,0.05,XGBoost_3_AutoML_3_20260420_23813,month_cos,0.16443728074664246
2,0,0.05,XGBoost_3_AutoML_3_20260420_23813,year,0.22081749696284533
2,0,0.05,XGBoost_grid_1_AutoML_3_20260420_23813_model_6,target_lag1,1.0669441406428815
2,0,0.05,XGBoost_grid_1_AutoML_3_20260420_23813_model_6,target_lag2,0.7842052462697029
2,0,0.05,XGBoost_grid_1_AutoML_3_20260420_23813_model_6,target_lag3,0.21818944761529566
2,0,0.05,XGBoost_grid_1_AutoML_3_20260420_23813_model_6,target_lag4,0.29034061228856445
2,0,0.05,XGBoost_grid_1_AutoML_3_20260420_23813_model_6,target_lag5,0.14812163554131982
2,0,0.05,XGBoost_grid_1_AutoML_3_20260420_23813_model_6,target_lag6,0.14148019195534287
2,0,0.05,XGBoost_grid_1_AutoML_3_20260420_23813_model_6,cov_HULL_lag1,0.08859735463629473
2,0,0.05,XGBoost_grid_1_AutoML_3_20260420_23813_model_6,cov_MUFL_lag1,2.5943353039026262
2,0,0.05,XGBoost_grid_1_AutoML_3_20260420_23813_model_6,cov_MULL_lag1,0.11645565724931654
2,0,0.05,XGBoost_grid_1_AutoML_3_20260420_23813_model_6,cov_LUFL_lag1,0.42330386996269226
2,0,0.05,XGBoost_grid_1_AutoML_3_20260420_23813_model_6,cov_LULL_lag1,0.022970290048979172
2,0,0.05,XGBoost_grid_1_AutoML_3_20260420_23813_model_6,cov_OT_lag1,0.33357768826186657
2,0,0.05,XGBoost_grid_1_AutoML_3_20260420_23813_model_6,hour_lag1,1.6844319318234922
2,0,0.05,XGBoost_grid_1_AutoML_3_20260420_23813_model_6,day_of_week_lag1,0.022646113396622182
2,0,0.05,XGBoost_grid_1_AutoML_3_20260420_23813_model_6,month_lag1,0.4527585132792592
2,0,0.05,XGBoost_grid_1_AutoML_3_20260420_23813_model_6,month_sin,0.1588085752725601
2,0,0.05,XGBoost_grid_1_AutoML_3_20260420_23813_model_6,month_cos,0.08631825897842642
2,0,0.05,XGBoost_grid_1_AutoML_3_20260420_23813_model_6,year,0.29147948414087294
2,0,0.1,GBM_3_AutoML_3_20260420_23813,target_lag1,2.018794536506757
2,0,0.1,GBM_3_AutoML_3_20260420_23813,target_lag2,0.44700734878424553
2,0,0.1,GBM_3_AutoML_3_20260420_23813,target_lag3,0.11894592440687117
2,0,0.1,GBM_3_AutoML_3_20260420_23813,target_lag4,0.1431752851826604
2,0,0.1,GBM_3_AutoML_3_20260420_23813,target_lag5,0.15968345745000986
2,0,0.1,GBM_3_AutoML_3_20260420_23813,target_lag6,0.3072749961167574
2,0,0.1,GBM_3_AutoML_3_20260420_23813,cov_HULL_lag1,0.11539553229231383
2,0,0.1,GBM_3_AutoML_3_20260420_23813,cov_MUFL_lag1,2.124347329288721
2,0,0.1,GBM_3_AutoML_3_20260420_23813,cov_MULL_lag1,0.16477847551926966
2,0,0.1,GBM_3_AutoML_3_20260420_23813,cov_LUFL_lag1,0.25956892987247554
2,0,0.1,GBM_3_AutoML_3_20260420_23813,cov_LULL_lag1,0.052286936527816526
2,0,0.1,GBM_3_AutoML_3_20260420_23813,cov_OT_lag1,0.20897229062393308
2,0,0.1,GBM_3_AutoML_3_20260420_23813,hour_lag1,1.532747935205698
2,0,0.1,GBM_3_AutoML_3_20260420_23813,day_of_week_lag1,0.042640461620176165
2,0,0.1,GBM_3_AutoML_3_20260420_23813,month_lag1,0.17779446966946125
2,0,0.1,GBM_3_AutoML_3_20260420_23813,month_sin,0.29181336431647653
2,0,0.1,GBM_3_AutoML_3_20260420_23813,month_cos,0.13410136671736833
2,0,0.1,GBM_3_AutoML_3_20260420_23813,year,0.2373187004029751
2,0,0.1,GBM_4_AutoML_3_20260420_23813,target_lag1,1.6754063398391008
2,0,0.1,GBM_4_AutoML_3_20260420_23813,target_lag2,0.3807081090286374
2,0,0.1,GBM_4_AutoML_3_20260420_23813,target_lag3,0.10258689815644172
2,0,0.1,GBM_4_AutoML_3_20260420_23813,target_lag4,0.13980721861822526
2,0,0.1,GBM_4_AutoML_3_20260420_23813,target_lag5,0.07914570677734442
2,0,0.1,GBM_4_AutoML_3_20260420_23813,target_lag6,0.27186965288594367
2,0,0.1,GBM_4_AutoML_3_20260420_23813,cov_HULL_lag1,0.11671001312322911
2,0,0.1,GBM_4_AutoML_3_20260420_23813,cov_MUFL_lag1,2.5670870195329187
2,0,0.1,GBM_4_AutoML_3_20260420_23813,cov_MULL_lag1,0.15188882965594527
2,0,0.1,GBM_4_AutoML_3_20260420_23813,cov_LUFL_lag1,0.23508946435904363
2,0,0.1,GBM_4_AutoML_3_20260420_23813,cov_LULL_lag1,0.052827433189377146
2,0,0.1,GBM_4_AutoML_3_20260420_23813,cov_OT_lag1,0.1771509868884459
2,0,0.1,GBM_4_AutoML_3_20260420_23813,hour_lag1,1.6549290073662997
2,0,0.1,GBM_4_AutoML_3_20260420_23813,day_of_week_lag1,0.0363282380928285
2,0,0.1,GBM_4_AutoML_3_20260420_23813,month_lag1,0.18657349513843652
2,0,0.1,GBM_4_AutoML_3_20260420_23813,month_sin,0.24142060270532967
2,0,0.1,GBM_4_AutoML_3_20260420_23813,month_cos,0.13309463886311274
2,0,0.1,GBM_4_AutoML_3_20260420_23813,year,0.17815295193344352
2,0,0.1,GBM_grid_1_AutoML_3_20260420_23813_model_2,target_lag1,2.3099715347774326
2,0,0.1,GBM_grid_1_AutoML_3_20260420_23813_model_2,target_lag2,0.1563637622352689
2,0,0.1,GBM_grid_1_AutoML_3_20260420_23813_model_2,target_lag3,0.11004898706451055
2,0,0.1,GBM_grid_1_AutoML_3_20260420_23813_model_2,target_lag4,0.1255956755718216
2,0,0.1,GBM_grid_1_AutoML_3_20260420_23813_model_2,target_lag5,0.07019043642561879
2,0,0.1,GBM_grid_1_AutoML_3_20260420_23813_model_2,target_lag6,0.14606886498630042
2,0,0.1,GBM_grid_1_AutoML_3_20260420_23813_model_2,cov_HULL_lag1,0.08121614840812978
2,0,0.1,GBM_grid_1_AutoML_3_20260420_23813_model_2,cov_MUFL_lag1,2.164692461490631
2,0,0.1,GBM_grid_1_AutoML_3_20260420_23813_model_2,cov_MULL_lag1,0.12298698733560737
2,0,0.1,GBM_grid_1_AutoML_3_20260420_23813_model_2,cov_LUFL_lag1,0.21705571427941323
2,0,0.1,GBM_grid_1_AutoML_3_20260420_23813_model_2,cov_LULL_lag1,0.03379020558204497
2,0,0.1,GBM_grid_1_AutoML_3_20260420_23813_model_2,cov_OT_lag1,0.13033279384020713
2,0,0.1,GBM_grid_1_AutoML_3_20260420_23813_model_2,hour_lag1,1.804439449799247
2,0,0.1,GBM_grid_1_AutoML_3_20260420_23813_model_2,day_of_week_lag1,0.026492541785119058
2,0,0.1,GBM_grid_1_AutoML_3_20260420_23813_model_2,month_lag1,0.10640409980900582
2,0,0.1,GBM_grid_1_AutoML_3_20260420_23813_model_2,month_sin,0.2747673362866044
2,0,0.1,GBM_grid_1_AutoML_3_20260420_23813_model_2,month_cos,0.15458403399214146
2,0,0.1,GBM_grid_1_AutoML_3_20260420_23813_model_2,year,0.13863023706711824
2,0,0.1,GBM_2_AutoML_3_20260420_23813,target_lag1,2.1489477844536307
2,0,0.1,GBM_2_AutoML_3_20260420_23813,target_lag2,0.24189277162775397
2,0,0.1,GBM_2_AutoML_3_20260420_23813,target_lag3,0.17366795413196087
2,0,0.1,GBM_2_AutoML_3_20260420_23813,target_lag4,0.12284436757734507
2,0,0.1,GBM_2_AutoML_3_20260420_23813,target_lag5,0.06261704054661092
2,0,0.1,GBM_2_AutoML_3_20260420_23813,target_lag6,0.20732717983890325
2,0,0.1,GBM_2_AutoML_3_20260420_23813,cov_HULL_lag1,0.08331544637214387
2,0,0.1,GBM_2_AutoML_3_20260420_23813,cov_MUFL_lag1,2.212471839636564
2,0,0.1,GBM_2_AutoML_3_20260420_23813,cov_MULL_lag1,0.13862868633121248
2,0,0.1,GBM_2_AutoML_3_20260420_23813,cov_LUFL_lag1,0.2274444688850781
2,0,0.1,GBM_2_AutoML_3_20260420_23813,cov_LULL_lag1,0.05037702204426745
2,0,0.1,GBM_2_AutoML_3_20260420_23813,cov_OT_lag1,0.1989317069808021
2,0,0.1,GBM_2_AutoML_3_20260420_23813,hour_lag1,1.7368567519262432
2,0,0.1,GBM_2_AutoML_3_20260420_23813,day_of_week_lag1,0.02737263300223272
2,0,0.1,GBM_2_AutoML_3_20260420_23813,month_lag1,0.14604847575537858
2,0,0.1,GBM_2_AutoML_3_20260420_23813,month_sin,0.29631264813710007
2,0,0.1,GBM_2_AutoML_3_20260420_23813,month_cos,0.12125431453809138
2,0,0.1,GBM_2_AutoML_3_20260420_23813,year,0.22535869149491192
2,0,0.1,GBM_grid_1_AutoML_3_20260420_23813_model_3,target_lag1,2.062668085489422
2,0,0.1,GBM_grid_1_AutoML_3_20260420_23813_model_3,target_lag2,0.7145256841555238
2,0,0.1,GBM_grid_1_AutoML_3_20260420_23813_model_3,target_lag3,0.14235719554126258
2,0,0.1,GBM_grid_1_AutoML_3_20260420_23813_model_3,target_lag4,0.12025448439875613
2,0,0.1,GBM_grid_1_AutoML_3_20260420_23813_model_3,target_lag5,0.20566937607713043
2,0,0.1,GBM_grid_1_AutoML_3_20260420_23813_model_3,target_lag6,0.31979907885193826
2,0,0.1,GBM_grid_1_AutoML_3_20260420_23813_model_3,cov_HULL_lag1,0.1240483924024738
2,0,0.1,GBM_grid_1_AutoML_3_20260420_23813_model_3,cov_MUFL_lag1,1.8482537487894297
2,0,0.1,GBM_grid_1_AutoML_3_20260420_23813_model_3,cov_MULL_lag1,0.1460690574534237
2,0,0.1,GBM_grid_1_AutoML_3_20260420_23813_model_3,cov_LUFL_lag1,0.4356684715300798
2,0,0.1,GBM_grid_1_AutoML_3_20260420_23813_model_3,cov_LULL_lag1,0.040999281084514186
2,0,0.1,GBM_grid_1_AutoML_3_20260420_23813_model_3,cov_OT_lag1,0.26914485860615966
2,0,0.1,GBM_grid_1_AutoML_3_20260420_23813_model_3,hour_lag1,1.3792990691959859
2,0,0.1,GBM_grid_1_AutoML_3_20260420_23813_model_3,day_of_week_lag1,0.03168115761007353
2,0,0.1,GBM_grid_1_AutoML_3_20260420_23813_model_3,month_lag1,0.2654158832877874
2,0,0.1,GBM_grid_1_AutoML_3_20260420_23813_model_3,month_sin,0.29947599275968967
2,0,0.1,GBM_grid_1_AutoML_3_20260420_23813_model_3,month_cos,0.08931241553276774
2,0,0.1,GBM_grid_1_AutoML_3_20260420_23813_model_3,year,0.27702129274606707
2,0,0.1,GBM_5_AutoML_3_20260420_23813,target_lag1,1.4426388946361839
2,0,0.1,GBM_5_AutoML_3_20260420_23813,target_lag2,0.5079877058789134
2,0,0.1,GBM_5_AutoML_3_20260420_23813,target_lag3,0.15737395770847795
2,0,0.1,GBM_5_AutoML_3_20260420_23813,target_lag4,0.08435921961441632
2,0,0.1,GBM_5_AutoML_3_20260420_23813,target_lag5,0.12522607095073904
2,0,0.1,GBM_5_AutoML_3_20260420_23813,target_lag6,0.24278005976229905
2,0,0.1,GBM_5_AutoML_3_20260420_23813,cov_HULL_lag1,0.11053365109488364
2,0,0.1,GBM_5_AutoML_3_20260420_23813,cov_MUFL_lag1,2.4419335792586208
2,0,0.1,GBM_5_AutoML_3_20260420_23813,cov_MULL_lag1,0.11356870053336021
2,0,0.1,GBM_5_AutoML_3_20260420_23813,cov_LUFL_lag1,0.35285945365438237
2,0,0.1,GBM_5_AutoML_3_20260420_23813,cov_LULL_lag1,0.04082701866573185
2,0,0.1,GBM_5_AutoML_3_20260420_23813,cov_OT_lag1,0.15554778380464993
2,0,0.1,GBM_5_AutoML_3_20260420_23813,hour_lag1,1.7929765002429485
2,0,0.1,GBM_5_AutoML_3_20260420_23813,day_of_week_lag1,0.01295882893726225
2,0,0.1,GBM_5_AutoML_3_20260420_23813,month_lag1,0.27810830818489196
2,0,0.1,GBM_5_AutoML_3_20260420_23813,month_sin,0.2442010677419603
2,0,0.1,GBM_5_AutoML_3_20260420_23813,month_cos,0.11030121367657554
2,0,0.1,GBM_5_AutoML_3_20260420_23813,year,0.309190554972738
2,0,0.1,GBM_1_AutoML_3_20260420_23813,target_lag1,1.768791956305504
2,0,0.1,GBM_1_AutoML_3_20260420_23813,target_lag2,0.18763963915058413
2,0,0.1,GBM_1_AutoML_3_20260420_23813,target_lag3,0.10989694650867018
2,0,0.1,GBM_1_AutoML_3_20260420_23813,target_lag4,0.12203814256936309
2,0,0.1,GBM_1_AutoML_3_20260420_23813,target_lag5,0.1151057182345539
2,0,0.1,GBM_1_AutoML_3_20260420_23813,target_lag6,0.1838469940936193
2,0,0.1,GBM_1_AutoML_3_20260420_23813,cov_HULL_lag1,0.06161023591179397
2,0,0.1,GBM_1_AutoML_3_20260420_23813,cov_MUFL_lag1,2.5365900048613548
2,0,0.1,GBM_1_AutoML_3_20260420_23813,cov_MULL_lag1,0.11666850017383691
2,0,0.1,GBM_1_AutoML_3_20260420_23813,cov_LUFL_lag1,0.3514683902170509
2,0,0.1,GBM_1_AutoML_3_20260420_23813,cov_LULL_lag1,0.040317355573642945
2,0,0.1,GBM_1_AutoML_3_20260420_23813,cov_OT_lag1,0.13347029167227442
2,0,0.1,GBM_1_AutoML_3_20260420_23813,hour_lag1,1.6283862245827914
2,0,0.1,GBM_1_AutoML_3_20260420_23813,day_of_week_lag1,0.01697961085279526
2,0,0.1,GBM_1_AutoML_3_20260420_23813,month_lag1,0.1448513853549957
2,0,0.1,GBM_1_AutoML_3_20260420_23813,month_sin,0.25079467421397567
2,0,0.1,GBM_1_AutoML_3_20260420_23813,month_cos,0.09691820292267944
2,0,0.1,GBM_1_AutoML_3_20260420_23813,year,0.15332289425656195
2,0,0.1,GBM_grid_1_AutoML_3_20260420_23813_model_1,target_lag1,1.8302907879650592
2,0,0.1,GBM_grid_1_AutoML_3_20260420_23813_model_1,target_lag2,0.6273227142076939
2,0,0.1,GBM_grid_1_AutoML_3_20260420_23813_model_1,target_lag3,0.1156502657709643
2,0,0.1,GBM_grid_1_AutoML_3_20260420_23813_model_1,target_lag4,0.23995021348819137
2,0,0.1,GBM_grid_1_AutoML_3_20260420_23813_model_1,target_lag5,0.3306523297727108
2,0,0.1,GBM_grid_1_AutoML_3_20260420_23813_model_1,target_lag6,0.3051494856365025
2,0,0.1,GBM_grid_1_AutoML_3_20260420_23813_model_1,cov_HULL_lag1,0.1354561453987844
2,0,0.1,GBM_grid_1_AutoML_3_20260420_23813_model_1,cov_MUFL_lag1,1.3879573284834623
2,0,0.1,GBM_grid_1_AutoML_3_20260420_23813_model_1,cov_MULL_lag1,0.13895350385457272
2,0,0.1,GBM_grid_1_AutoML_3_20260420_23813_model_1,cov_LUFL_lag1,0.3316011247225106
2,0,0.1,GBM_grid_1_AutoML_3_20260420_23813_model_1,cov_LULL_lag1,0.05768329715618162
2,0,0.1,GBM_grid_1_AutoML_3_20260420_23813_model_1,cov_OT_lag1,0.14118659313768145
2,0,0.1,GBM_grid_1_AutoML_3_20260420_23813_model_1,hour_lag1,1.4548532747104763
2,0,0.1,GBM_grid_1_AutoML_3_20260420_23813_model_1,day_of_week_lag1,0.027218786791199778
2,0,0.1,GBM_grid_1_AutoML_3_20260420_23813_model_1,month_lag1,0.1685931125888601
2,0,0.1,GBM_grid_1_AutoML_3_20260420_23813_model_1,month_sin,0.24928026676177978
2,0,0.1,GBM_grid_1_AutoML_3_20260420_23813_model_1,month_cos,0.1451239878684282
2,0,0.1,GBM_grid_1_AutoML_3_20260420_23813_model_1,year,0.22646640118211508
2,0,0.1,XGBoost_3_AutoML_3_20260420_23813,target_lag1,2.563875858709216
2,0,0.1,XGBoost_3_AutoML_3_20260420_23813,target_lag2,0.6614550188556314
2,0,0.1,XGBoost_3_AutoML_3_20260420_23813,target_lag3,0.142230971645331
2,0,0.1,XGBoost_3_AutoML_3_20260420_23813,target_lag4,0.14817857225425538
2,0,0.1,XGBoost_3_AutoML_3_20260420_23813,target_lag5,0.273829600661993
2,0,0.1,XGBoost_3_AutoML_3_20260420_23813,target_lag6,0.2565228934888728
2,0,0.1,XGBoost_3_AutoML_3_20260420_23813,cov_HULL_lag1,0.1935282585769892
2,0,0.1,XGBoost_3_AutoML_3_20260420_23813,cov_MUFL_lag1,1.5312459637224674
2,0,0.1,XGBoost_3_AutoML_3_20260420_23813,cov_MULL_lag1,0.06731493709143246
2,0,0.1,XGBoost_3_AutoML_3_20260420_23813,cov_LUFL_lag1,0.37823146529495716
2,0,0.1,XGBoost_3_AutoML_3_20260420_23813,cov_LULL_lag1,0.09076713336398821
2,0,0.1,XGBoost_3_AutoML_3_20260420_23813,cov_OT_lag1,0.30375874901190403
2,0,0.1,XGBoost_3_AutoML_3_20260420_23813,hour_lag1,1.4013060672581197
2,0,0.1,XGBoost_3_AutoML_3_20260420_23813,day_of_week_lag1,0.04242401837604115
2,0,0.1,XGBoost_3_AutoML_3_20260420_23813,month_lag1,0.3091762004396878
2,0,0.1,XGBoost_3_AutoML_3_20260420_23813,month_sin,0.2459346696967259
2,0,0.1,XGBoost_3_AutoML_3_20260420_23813,month_cos,0.16443728074664246
2,0,0.1,XGBoost_3_AutoML_3_20260420_23813,year,0.22081749696284533
2,0,0.1,XGBoost_grid_1_AutoML_3_20260420_23813_model_6,target_lag1,1.0669441406428815
2,0,0.1,XGBoost_grid_1_AutoML_3_20260420_23813_model_6,target_lag2,0.7842052462697029
2,0,0.1,XGBoost_grid_1_AutoML_3_20260420_23813_model_6,target_lag3,0.21818944761529566
2,0,0.1,XGBoost_grid_1_AutoML_3_20260420_23813_model_6,target_lag4,0.29034061228856445
2,0,0.1,XGBoost_grid_1_AutoML_3_20260420_23813_model_6,target_lag5,0.14812163554131982
2,0,0.1,XGBoost_grid_1_AutoML_3_20260420_23813_model_6,target_lag6,0.14148019195534287
2,0,0.1,XGBoost_grid_1_AutoML_3_20260420_23813_model_6,cov_HULL_lag1,0.08859735463629473
2,0,0.1,XGBoost_grid_1_AutoML_3_20260420_23813_model_6,cov_MUFL_lag1,2.5943353039026262
2,0,0.1,XGBoost_grid_1_AutoML_3_20260420_23813_model_6,cov_MULL_lag1,0.11645565724931654
2,0,0.1,XGBoost_grid_1_AutoML_3_20260420_23813_model_6,cov_LUFL_lag1,0.42330386996269226
2,0,0.1,XGBoost_grid_1_AutoML_3_20260420_23813_model_6,cov_LULL_lag1,0.022970290048979172
2,0,0.1,XGBoost_grid_1_AutoML_3_20260420_23813_model_6,cov_OT_lag1,0.33357768826186657
2,0,0.1,XGBoost_grid_1_AutoML_3_20260420_23813_model_6,hour_lag1,1.6844319318234922
2,0,0.1,XGBoost_grid_1_AutoML_3_20260420_23813_model_6,day_of_week_lag1,0.022646113396622182
2,0,0.1,XGBoost_grid_1_AutoML_3_20260420_23813_model_6,month_lag1,0.4527585132792592
2,0,0.1,XGBoost_grid_1_AutoML_3_20260420_23813_model_6,month_sin,0.1588085752725601
2,0,0.1,XGBoost_grid_1_AutoML_3_20260420_23813_model_6,month_cos,0.08631825897842642
2,0,0.1,XGBoost_grid_1_AutoML_3_20260420_23813_model_6,year,0.29147948414087294
2,0,0.1,XGBoost_grid_1_AutoML_3_20260420_23813_model_2,target_lag1,2.1392637741100042
2,0,0.1,XGBoost_grid_1_AutoML_3_20260420_23813_model_2,target_lag2,0.31014071449637415
2,0,0.1,XGBoost_grid_1_AutoML_3_20260420_23813_model_2,target_lag3,0.17807653795927764
2,0,0.1,XGBoost_grid_1_AutoML_3_20260420_23813_model_2,target_lag4,0.16670089615159667
2,0,0.1,XGBoost_grid_1_AutoML_3_20260420_23813_model_2,target_lag5,0.09450394161278376
2,0,0.1,XGBoost_grid_1_AutoML_3_20260420_23813_model_2,target_lag6,0.15126501744613047
2,0,0.1,XGBoost_grid_1_AutoML_3_20260420_23813_model_2,cov_HULL_lag1,0.12314982693584167
2,0,0.1,XGBoost_grid_1_AutoML_3_20260420_23813_model_2,cov_MUFL_lag1,2.5332465427555144
2,0,0.1,XGBoost_grid_1_AutoML_3_20260420_23813_model_2,cov_MULL_lag1,0.13868752133101223
2,0,0.1,XGBoost_grid_1_AutoML_3_20260420_23813_model_2,cov_LUFL_lag1,0.2895069757662714
2,0,0.1,XGBoost_grid_1_AutoML_3_20260420_23813_model_2,cov_LULL_lag1,0.08733556535094973
2,0,0.1,XGBoost_grid_1_AutoML_3_20260420_23813_model_2,cov_OT_lag1,0.25960332577116785
2,0,0.1,XGBoost_grid_1_AutoML_3_20260420_23813_model_2,hour_lag1,1.8615809594467283
2,0,0.1,XGBoost_grid_1_AutoML_3_20260420_23813_model_2,day_of_week_lag1,0.06170084552839394
2,0,0.1,XGBoost_grid_1_AutoML_3_20260420_23813_model_2,month_lag1,0.27123245563358067
2,0,0.1,XGBoost_grid_1_AutoML_3_20260420_23813_model_2,month_sin,0.16782798000145704
2,0,0.1,XGBoost_grid_1_AutoML_3_20260420_23813_model_2,month_cos,0.14970622240391093
2,0,0.1,XGBoost_grid_1_AutoML_3_20260420_23813_model_2,year,0.32337700951844456
2,0,0.1,XGBoost_grid_1_AutoML_3_20260420_23813_model_5,target_lag1,2.4679705613851546
2,0,0.1,XGBoost_grid_1_AutoML_3_20260420_23813_model_5,target_lag2,0.36438576426357033
2,0,0.1,XGBoost_grid_1_AutoML_3_20260420_23813_model_5,target_lag3,0.09664823143742973
2,0,0.1,XGBoost_grid_1_AutoML_3_20260420_23813_model_5,target_lag4,0.050621646582148926
2,0,0.1,XGBoost_grid_1_AutoML_3_20260420_23813_model_5,target_lag5,0.06651195371989156
2,0,0.1,XGBoost_grid_1_AutoML_3_20260420_23813_model_5,target_lag6,0.11115246924106029
2,0,0.1,XGBoost_grid_1_AutoML_3_20260420_23813_model_5,cov_HULL_lag1,0.05745786713407137
2,0,0.1,XGBoost_grid_1_AutoML_3_20260420_23813_model_5,cov_MUFL_lag1,1.6234349842369555
2,0,0.1,XGBoost_grid_1_AutoML_3_20260420_23813_model_5,cov_MULL_lag1,0.12669497925788162
2,0,0.1,XGBoost_grid_1_AutoML_3_20260420_23813_model_5,cov_LUFL_lag1,0.360299960533157
2,0,0.1,XGBoost_grid_1_AutoML_3_20260420_23813_model_5,cov_LULL_lag1,0.04971729417273304
2,0,0.1,XGBoost_grid_1_AutoML_3_20260420_23813_model_5,cov_OT_lag1,0.27856153635308145
2,0,0.1,XGBoost_grid_1_AutoML_3_20260420_23813_model_5,hour_lag1,1.8327680027484894
2,0,0.1,XGBoost_grid_1_AutoML_3_20260420_23813_model_5,day_of_week_lag1,0.03397328429855402
2,0,0.1,XGBoost_grid_1_AutoML_3_20260420_23813_model_5,month_lag1,0.32289395816624167
2,0,0.1,XGBoost_grid_1_AutoML_3_20260420_23813_model_5,month_sin,0.1738515589106828
2,0,0.1,XGBoost_grid_1_AutoML_3_20260420_23813_model_5,month_cos,0.15354797297157344
2,0,0.1,XGBoost_grid_1_AutoML_3_20260420_23813_model_5,year,0.2253268367052078
2,0,0.1,DRF_1_AutoML_3_20260420_23813,target_lag1,2.0560061141848562
2,0,0.1,DRF_1_AutoML_3_20260420_23813,target_lag2,0.8085291532985867
2,0,0.1,DRF_1_AutoML_3_20260420_23813,target_lag3,0.1724373225867748
2,0,0.1,DRF_1_AutoML_3_20260420_23813,target_lag4,0.12306871459353712
2,0,0.1,DRF_1_AutoML_3_20260420_23813,target_lag5,0.15852395922876894
2,0,0.1,DRF_1_AutoML_3_20260420_23813,target_lag6,0.24815503355115653
2,0,0.1,DRF_1_AutoML_3_20260420_23813,cov_HULL_lag1,0.10985613773576912
2,0,0.1,DRF_1_AutoML_3_20260420_23813,cov_MUFL_lag1,2.3647537054121495
2,0,0.1,DRF_1_AutoML_3_20260420_23813,cov_MULL_lag1,0.10492530417453962
2,0,0.1,DRF_1_AutoML_3_20260420_23813,cov_LUFL_lag1,0.3250689486600459
2,0,0.1,DRF_1_AutoML_3_20260420_23813,cov_LULL_lag1,0.03463370224228123
2,0,0.1,DRF_1_AutoML_3_20260420_23813,cov_OT_lag1,0.09312744390219446
2,0,0.1,DRF_1_AutoML_3_20260420_23813,hour_lag1,1.3048746071010828
2,0,0.1,DRF_1_AutoML_3_20260420_23813,day_of_week_lag1,0.021997302171075678
2,0,0.1,DRF_1_AutoML_3_20260420_23813,month_lag1,0.16377767959143963
2,0,0.1,DRF_1_AutoML_3_20260420_23813,month_sin,0.2519320200756192
2,0,0.1,DRF_1_AutoML_3_20260420_23813,month_cos,0.11205169719117744
2,0,0.1,DRF_1_AutoML_3_20260420_23813,year,0.1499220716068521
2,0,0.1,XRT_1_AutoML_3_20260420_23813,target_lag1,824921.5755045319
2,0,0.1,XRT_1_AutoML_3_20260420_23813,target_lag2,9898136.628517656
2,0,0.1,XRT_1_AutoML_3_20260420_23813,target_lag3,48343.26832921281
2,0,0.1,XRT_1_AutoML_3_20260420_23813,target_lag4,95525.35596699714
2,0,0.1,XRT_1_AutoML_3_20260420_23813,target_lag5,359850.21015081403
2,0,0.1,XRT_1_AutoML_3_20260420_23813,target_lag6,4295.462507386468
2,0,0.1,XRT_1_AutoML_3_20260420_23813,cov_HULL_lag1,126201582.59883508
2,0,0.1,XRT_1_AutoML_3_20260420_23813,cov_MUFL_lag1,108966.18540996552
2,0,0.1,XRT_1_AutoML_3_20260420_23813,cov_MULL_lag1,33134.33296884537
2,0,0.1,XRT_1_AutoML_3_20260420_23813,cov_LUFL_lag1,1244056863.965751
2,0,0.1,XRT_1_AutoML_3_20260420_23813,cov_LULL_lag1,23115.16967762947
2,0,0.1,XRT_1_AutoML_3_20260420_23813,cov_OT_lag1,157671.65971458436
2,0,0.1,XRT_1_AutoML_3_20260420_23813,hour_lag1,132012427.60698341
2,0,0.1,XRT_1_AutoML_3_20260420_23813,day_of_week_lag1,9919.087608353977
2,0,0.1,XRT_1_AutoML_3_20260420_23813,month_lag1,11528.389751232266
2,0,0.1,XRT_1_AutoML_3_20260420_23813,month_sin,218663.08707436398
2,0,0.1,XRT_1_AutoML_3_20260420_23813,month_cos,248.33559749156237
2,0,0.1,XRT_1_AutoML_3_20260420_23813,year,73497.71147939682
2,0,0.1,XGBoost_grid_1_AutoML_3_20260420_23813_model_1,target_lag1,1.9634970906376839
2,0,0.1,XGBoost_grid_1_AutoML_3_20260420_23813_model_1,target_lag2,0.21530831304378809
2,0,0.1,XGBoost_grid_1_AutoML_3_20260420_23813_model_1,target_lag3,0.15064606121624818
2,0,0.1,XGBoost_grid_1_AutoML_3_20260420_23813_model_1,target_lag4,0.10470743194222447
2,0,0.1,XGBoost_grid_1_AutoML_3_20260420_23813_model_1,target_lag5,0.09925180719932537
2,0,0.1,XGBoost_grid_1_AutoML_3_20260420_23813_model_1,target_lag6,0.14299190020654348
2,0,0.1,XGBoost_grid_1_AutoML_3_20260420_23813_model_1,cov_HULL_lag1,0.16027084980159995
2,0,0.1,XGBoost_grid_1_AutoML_3_20260420_23813_model_1,cov_MUFL_lag1,2.710248503535986
2,0,0.1,XGBoost_grid_1_AutoML_3_20260420_23813_model_1,cov_MULL_lag1,0.17787377559114245
2,0,0.1,XGBoost_grid_1_AutoML_3_20260420_23813_model_1,cov_LUFL_lag1,0.2891159076616168
2,0,0.1,XGBoost_grid_1_AutoML_3_20260420_23813_model_1,cov_LULL_lag1,0.06730758762219917
2,0,0.1,XGBoost_grid_1_AutoML_3_20260420_23813_model_1,cov_OT_lag1,0.31880679202164175
2,0,0.1,XGBoost_grid_1_AutoML_3_20260420_23813_model_1,hour_lag1,2.015988814458251
2,0,0.1,XGBoost_grid_1_AutoML_3_20260420_23813_model_1,day_of_week_lag1,0.0431224725756328
2,0,0.1,XGBoost_grid_1_AutoML_3_20260420_23813_model_1,month_lag1,0.23952540300786496
2,0,0.1,XGBoost_grid_1_AutoML_3_20260420_23813_model_1,month_sin,0.24963056469336153
2,0,0.1,XGBoost_grid_1_AutoML_3_20260420_23813_model_1,month_cos,0.11453567217715314
2,0,0.1,XGBoost_grid_1_AutoML_3_20260420_23813_model_1,year,0.15693200877401975
2,0,0.1,XGBoost_2_AutoML_3_20260420_23813,target_lag1,2.5301864838600157
2,0,0.1,XGBoost_2_AutoML_3_20260420_23813,target_lag2,0.3330268664378673
2,0,0.1,XGBoost_2_AutoML_3_20260420_23813,target_lag3,0.16525806039804591
2,0,0.1,XGBoost_2_AutoML_3_20260420_23813,target_lag4,0.17949591642245646
2,0,0.1,XGBoost_2_AutoML_3_20260420_23813,target_lag5,0.2218469551578164
2,0,0.1,XGBoost_2_AutoML_3_20260420_23813,target_lag6,0.19720231421291828
2,0,0.1,XGBoost_2_AutoML_3_20260420_23813,cov_HULL_lag1,0.2188368934392929
2,0,0.1,XGBoost_2_AutoML_3_20260420_23813,cov_MUFL_lag1,1.9293457970023156
2,0,0.1,XGBoost_2_AutoML_3_20260420_23813,cov_MULL_lag1,0.20152559826150537
2,0,0.1,XGBoost_2_AutoML_3_20260420_23813,cov_LUFL_lag1,0.31880015484057367
2,0,0.1,XGBoost_2_AutoML_3_20260420_23813,cov_LULL_lag1,0.12190535144531164
2,0,0.1,XGBoost_2_AutoML_3_20260420_23813,cov_OT_lag1,0.3163617186388001
2,0,0.1,XGBoost_2_AutoML_3_20260420_23813,hour_lag1,1.8581383958458901
2,0,0.1,XGBoost_2_AutoML_3_20260420_23813,day_of_week_lag1,0.09790668176021423
2,0,0.1,XGBoost_2_AutoML_3_20260420_23813,month_lag1,0.3271373291499913
2,0,0.1,XGBoost_2_AutoML_3_20260420_23813,month_sin,0.19899258499965072
2,0,0.1,XGBoost_2_AutoML_3_20260420_23813,month_cos,0.07015505535295229
2,0,0.1,XGBoost_2_AutoML_3_20260420_23813,year,0.2606448737718165
2,0,0.1,XGBoost_grid_1_AutoML_3_20260420_23813_model_3,target_lag1,1.8201201808359473
2,0,0.1,XGBoost_grid_1_AutoML_3_20260420_23813_model_3,target_lag2,0.5791674063075334
2,0,0.1,XGBoost_grid_1_AutoML_3_20260420_23813_model_3,target_lag3,0.31845990879228336
2,0,0.1,XGBoost_grid_1_AutoML_3_20260420_23813_model_3,target_lag4,0.32057520240545273
2,0,0.1,XGBoost_grid_1_AutoML_3_20260420_23813_model_3,target_lag5,0.2302206670306623
2,0,0.1,XGBoost_grid_1_AutoML_3_20260420_23813_model_3,target_lag6,0.4420597156509757
2,0,0.1,XGBoost_grid_1_AutoML_3_20260420_23813_model_3,cov_HULL_lag1,0.15331394996959713
2,0,0.1,XGBoost_grid_1_AutoML_3_20260420_23813_model_3,cov_MUFL_lag1,1.8982364849280566
2,0,0.1,XGBoost_grid_1_AutoML_3_20260420_23813_model_3,cov_MULL_lag1,0.18255542168160901
2,0,0.1,XGBoost_grid_1_AutoML_3_20260420_23813_model_3,cov_LUFL_lag1,0.3106393643096089
2,0,0.1,XGBoost_grid_1_AutoML_3_20260420_23813_model_3,cov_LULL_lag1,0.056465089293196755
2,0,0.1,XGBoost_grid_1_AutoML_3_20260420_23813_model_3,cov_OT_lag1,0.2522883141040802
2,0,0.1,XGBoost_grid_1_AutoML_3_20260420_23813_model_3,hour_lag1,1.2874007778055967
2,0,0.1,XGBoost_grid_1_AutoML_3_20260420_23813_model_3,day_of_week_lag1,0.03436429184395815
2,0,0.1,XGBoost_grid_1_AutoML_3_20260420_23813_model_3,month_lag1,0.3583241217327304
2,0,0.1,XGBoost_grid_1_AutoML_3_20260420_23813_model_3,month_sin,0.26657639134675265
2,0,0.1,XGBoost_grid_1_AutoML_3_20260420_23813_model_3,month_cos,0.13763163170777257
2,0,0.1,XGBoost_grid_1_AutoML_3_20260420_23813_model_3,year,0.21539452696219086
2,0,0.2,GBM_3_AutoML_3_20260420_23813,target_lag1,2.018794536506757
2,0,0.2,GBM_3_AutoML_3_20260420_23813,target_lag2,0.44700734878424553
2,0,0.2,GBM_3_AutoML_3_20260420_23813,target_lag3,0.11894592440687117
2,0,0.2,GBM_3_AutoML_3_20260420_23813,target_lag4,0.1431752851826604
2,0,0.2,GBM_3_AutoML_3_20260420_23813,target_lag5,0.15968345745000986
2,0,0.2,GBM_3_AutoML_3_20260420_23813,target_lag6,0.3072749961167574
2,0,0.2,GBM_3_AutoML_3_20260420_23813,cov_HULL_lag1,0.11539553229231383
2,0,0.2,GBM_3_AutoML_3_20260420_23813,cov_MUFL_lag1,2.124347329288721
2,0,0.2,GBM_3_AutoML_3_20260420_23813,cov_MULL_lag1,0.16477847551926966
2,0,0.2,GBM_3_AutoML_3_20260420_23813,cov_LUFL_lag1,0.25956892987247554
2,0,0.2,GBM_3_AutoML_3_20260420_23813,cov_LULL_lag1,0.052286936527816526
2,0,0.2,GBM_3_AutoML_3_20260420_23813,cov_OT_lag1,0.20897229062393308
2,0,0.2,GBM_3_AutoML_3_20260420_23813,hour_lag1,1.532747935205698
2,0,0.2,GBM_3_AutoML_3_20260420_23813,day_of_week_lag1,0.042640461620176165
2,0,0.2,GBM_3_AutoML_3_20260420_23813,month_lag1,0.17779446966946125
2,0,0.2,GBM_3_AutoML_3_20260420_23813,month_sin,0.29181336431647653
2,0,0.2,GBM_3_AutoML_3_20260420_23813,month_cos,0.13410136671736833
2,0,0.2,GBM_3_AutoML_3_20260420_23813,year,0.2373187004029751
2,0,0.2,GBM_4_AutoML_3_20260420_23813,target_lag1,1.6754063398391008
2,0,0.2,GBM_4_AutoML_3_20260420_23813,target_lag2,0.3807081090286374
2,0,0.2,GBM_4_AutoML_3_20260420_23813,target_lag3,0.10258689815644172
2,0,0.2,GBM_4_AutoML_3_20260420_23813,target_lag4,0.13980721861822526
2,0,0.2,GBM_4_AutoML_3_20260420_23813,target_lag5,0.07914570677734442
2,0,0.2,GBM_4_AutoML_3_20260420_23813,target_lag6,0.27186965288594367
2,0,0.2,GBM_4_AutoML_3_20260420_23813,cov_HULL_lag1,0.11671001312322911
2,0,0.2,GBM_4_AutoML_3_20260420_23813,cov_MUFL_lag1,2.5670870195329187
2,0,0.2,GBM_4_AutoML_3_20260420_23813,cov_MULL_lag1,0.15188882965594527
2,0,0.2,GBM_4_AutoML_3_20260420_23813,cov_LUFL_lag1,0.23508946435904363
2,0,0.2,GBM_4_AutoML_3_20260420_23813,cov_LULL_lag1,0.052827433189377146
2,0,0.2,GBM_4_AutoML_3_20260420_23813,cov_OT_lag1,0.1771509868884459
2,0,0.2,GBM_4_AutoML_3_20260420_23813,hour_lag1,1.6549290073662997
2,0,0.2,GBM_4_AutoML_3_20260420_23813,day_of_week_lag1,0.0363282380928285
2,0,0.2,GBM_4_AutoML_3_20260420_23813,month_lag1,0.18657349513843652
2,0,0.2,GBM_4_AutoML_3_20260420_23813,month_sin,0.24142060270532967
2,0,0.2,GBM_4_AutoML_3_20260420_23813,month_cos,0.13309463886311274
2,0,0.2,GBM_4_AutoML_3_20260420_23813,year,0.17815295193344352
2,0,0.2,GBM_grid_1_AutoML_3_20260420_23813_model_2,target_lag1,2.3099715347774326
2,0,0.2,GBM_grid_1_AutoML_3_20260420_23813_model_2,target_lag2,0.1563637622352689
2,0,0.2,GBM_grid_1_AutoML_3_20260420_23813_model_2,target_lag3,0.11004898706451055
2,0,0.2,GBM_grid_1_AutoML_3_20260420_23813_model_2,target_lag4,0.1255956755718216
2,0,0.2,GBM_grid_1_AutoML_3_20260420_23813_model_2,target_lag5,0.07019043642561879
2,0,0.2,GBM_grid_1_AutoML_3_20260420_23813_model_2,target_lag6,0.14606886498630042
2,0,0.2,GBM_grid_1_AutoML_3_20260420_23813_model_2,cov_HULL_lag1,0.08121614840812978
2,0,0.2,GBM_grid_1_AutoML_3_20260420_23813_model_2,cov_MUFL_lag1,2.164692461490631
2,0,0.2,GBM_grid_1_AutoML_3_20260420_23813_model_2,cov_MULL_lag1,0.12298698733560737
2,0,0.2,GBM_grid_1_AutoML_3_20260420_23813_model_2,cov_LUFL_lag1,0.21705571427941323
2,0,0.2,GBM_grid_1_AutoML_3_20260420_23813_model_2,cov_LULL_lag1,0.03379020558204497
2,0,0.2,GBM_grid_1_AutoML_3_20260420_23813_model_2,cov_OT_lag1,0.13033279384020713
2,0,0.2,GBM_grid_1_AutoML_3_20260420_23813_model_2,hour_lag1,1.804439449799247
2,0,0.2,GBM_grid_1_AutoML_3_20260420_23813_model_2,day_of_week_lag1,0.026492541785119058
2,0,0.2,GBM_grid_1_AutoML_3_20260420_23813_model_2,month_lag1,0.10640409980900582
2,0,0.2,GBM_grid_1_AutoML_3_20260420_23813_model_2,month_sin,0.2747673362866044
2,0,0.2,GBM_grid_1_AutoML_3_20260420_23813_model_2,month_cos,0.15458403399214146
2,0,0.2,GBM_grid_1_AutoML_3_20260420_23813_model_2,year,0.13863023706711824
2,0,0.2,GBM_2_AutoML_3_20260420_23813,target_lag1,2.1489477844536307
2,0,0.2,GBM_2_AutoML_3_20260420_23813,target_lag2,0.24189277162775397
2,0,0.2,GBM_2_AutoML_3_20260420_23813,target_lag3,0.17366795413196087
2,0,0.2,GBM_2_AutoML_3_20260420_23813,target_lag4,0.12284436757734507
2,0,0.2,GBM_2_AutoML_3_20260420_23813,target_lag5,0.06261704054661092
2,0,0.2,GBM_2_AutoML_3_20260420_23813,target_lag6,0.20732717983890325
2,0,0.2,GBM_2_AutoML_3_20260420_23813,cov_HULL_lag1,0.08331544637214387
2,0,0.2,GBM_2_AutoML_3_20260420_23813,cov_MUFL_lag1,2.212471839636564
2,0,0.2,GBM_2_AutoML_3_20260420_23813,cov_MULL_lag1,0.13862868633121248
2,0,0.2,GBM_2_AutoML_3_20260420_23813,cov_LUFL_lag1,0.2274444688850781
2,0,0.2,GBM_2_AutoML_3_20260420_23813,cov_LULL_lag1,0.05037702204426745
2,0,0.2,GBM_2_AutoML_3_20260420_23813,cov_OT_lag1,0.1989317069808021
2,0,0.2,GBM_2_AutoML_3_20260420_23813,hour_lag1,1.7368567519262432
2,0,0.2,GBM_2_AutoML_3_20260420_23813,day_of_week_lag1,0.02737263300223272
2,0,0.2,GBM_2_AutoML_3_20260420_23813,month_lag1,0.14604847575537858
2,0,0.2,GBM_2_AutoML_3_20260420_23813,month_sin,0.29631264813710007
2,0,0.2,GBM_2_AutoML_3_20260420_23813,month_cos,0.12125431453809138
2,0,0.2,GBM_2_AutoML_3_20260420_23813,year,0.22535869149491192
2,0,0.2,GBM_grid_1_AutoML_3_20260420_23813_model_3,target_lag1,2.062668085489422
2,0,0.2,GBM_grid_1_AutoML_3_20260420_23813_model_3,target_lag2,0.7145256841555238
2,0,0.2,GBM_grid_1_AutoML_3_20260420_23813_model_3,target_lag3,0.14235719554126258
2,0,0.2,GBM_grid_1_AutoML_3_20260420_23813_model_3,target_lag4,0.12025448439875613
2,0,0.2,GBM_grid_1_AutoML_3_20260420_23813_model_3,target_lag5,0.20566937607713043
2,0,0.2,GBM_grid_1_AutoML_3_20260420_23813_model_3,target_lag6,0.31979907885193826
2,0,0.2,GBM_grid_1_AutoML_3_20260420_23813_model_3,cov_HULL_lag1,0.1240483924024738
2,0,0.2,GBM_grid_1_AutoML_3_20260420_23813_model_3,cov_MUFL_lag1,1.8482537487894297
2,0,0.2,GBM_grid_1_AutoML_3_20260420_23813_model_3,cov_MULL_lag1,0.1460690574534237
2,0,0.2,GBM_grid_1_AutoML_3_20260420_23813_model_3,cov_LUFL_lag1,0.4356684715300798
2,0,0.2,GBM_grid_1_AutoML_3_20260420_23813_model_3,cov_LULL_lag1,0.040999281084514186
2,0,0.2,GBM_grid_1_AutoML_3_20260420_23813_model_3,cov_OT_lag1,0.26914485860615966
2,0,0.2,GBM_grid_1_AutoML_3_20260420_23813_model_3,hour_lag1,1.3792990691959859
2,0,0.2,GBM_grid_1_AutoML_3_20260420_23813_model_3,day_of_week_lag1,0.03168115761007353
2,0,0.2,GBM_grid_1_AutoML_3_20260420_23813_model_3,month_lag1,0.2654158832877874
2,0,0.2,GBM_grid_1_AutoML_3_20260420_23813_model_3,month_sin,0.29947599275968967
2,0,0.2,GBM_grid_1_AutoML_3_20260420_23813_model_3,month_cos,0.08931241553276774
2,0,0.2,GBM_grid_1_AutoML_3_20260420_23813_model_3,year,0.27702129274606707
2,0,0.2,GBM_5_AutoML_3_20260420_23813,target_lag1,1.4426388946361839
2,0,0.2,GBM_5_AutoML_3_20260420_23813,target_lag2,0.5079877058789134
2,0,0.2,GBM_5_AutoML_3_20260420_23813,target_lag3,0.15737395770847795
2,0,0.2,GBM_5_AutoML_3_20260420_23813,target_lag4,0.08435921961441632
2,0,0.2,GBM_5_AutoML_3_20260420_23813,target_lag5,0.12522607095073904
2,0,0.2,GBM_5_AutoML_3_20260420_23813,target_lag6,0.24278005976229905
2,0,0.2,GBM_5_AutoML_3_20260420_23813,cov_HULL_lag1,0.11053365109488364
2,0,0.2,GBM_5_AutoML_3_20260420_23813,cov_MUFL_lag1,2.4419335792586208
2,0,0.2,GBM_5_AutoML_3_20260420_23813,cov_MULL_lag1,0.11356870053336021
2,0,0.2,GBM_5_AutoML_3_20260420_23813,cov_LUFL_lag1,0.35285945365438237
2,0,0.2,GBM_5_AutoML_3_20260420_23813,cov_LULL_lag1,0.04082701866573185
2,0,0.2,GBM_5_AutoML_3_20260420_23813,cov_OT_lag1,0.15554778380464993
2,0,0.2,GBM_5_AutoML_3_20260420_23813,hour_lag1,1.7929765002429485
2,0,0.2,GBM_5_AutoML_3_20260420_23813,day_of_week_lag1,0.01295882893726225
2,0,0.2,GBM_5_AutoML_3_20260420_23813,month_lag1,0.27810830818489196
2,0,0.2,GBM_5_AutoML_3_20260420_23813,month_sin,0.2442010677419603
2,0,0.2,GBM_5_AutoML_3_20260420_23813,month_cos,0.11030121367657554
2,0,0.2,GBM_5_AutoML_3_20260420_23813,year,0.309190554972738
2,0,0.2,GBM_1_AutoML_3_20260420_23813,target_lag1,1.768791956305504
2,0,0.2,GBM_1_AutoML_3_20260420_23813,target_lag2,0.18763963915058413
2,0,0.2,GBM_1_AutoML_3_20260420_23813,target_lag3,0.10989694650867018
2,0,0.2,GBM_1_AutoML_3_20260420_23813,target_lag4,0.12203814256936309
2,0,0.2,GBM_1_AutoML_3_20260420_23813,target_lag5,0.1151057182345539
2,0,0.2,GBM_1_AutoML_3_20260420_23813,target_lag6,0.1838469940936193
2,0,0.2,GBM_1_AutoML_3_20260420_23813,cov_HULL_lag1,0.06161023591179397
2,0,0.2,GBM_1_AutoML_3_20260420_23813,cov_MUFL_lag1,2.5365900048613548
2,0,0.2,GBM_1_AutoML_3_20260420_23813,cov_MULL_lag1,0.11666850017383691
2,0,0.2,GBM_1_AutoML_3_20260420_23813,cov_LUFL_lag1,0.3514683902170509
2,0,0.2,GBM_1_AutoML_3_20260420_23813,cov_LULL_lag1,0.040317355573642945
2,0,0.2,GBM_1_AutoML_3_20260420_23813,cov_OT_lag1,0.13347029167227442
2,0,0.2,GBM_1_AutoML_3_20260420_23813,hour_lag1,1.6283862245827914
2,0,0.2,GBM_1_AutoML_3_20260420_23813,day_of_week_lag1,0.01697961085279526
2,0,0.2,GBM_1_AutoML_3_20260420_23813,month_lag1,0.1448513853549957
2,0,0.2,GBM_1_AutoML_3_20260420_23813,month_sin,0.25079467421397567
2,0,0.2,GBM_1_AutoML_3_20260420_23813,month_cos,0.09691820292267944
2,0,0.2,GBM_1_AutoML_3_20260420_23813,year,0.15332289425656195
2,0,0.2,GBM_grid_1_AutoML_3_20260420_23813_model_1,target_lag1,1.8302907879650592
2,0,0.2,GBM_grid_1_AutoML_3_20260420_23813_model_1,target_lag2,0.6273227142076939
2,0,0.2,GBM_grid_1_AutoML_3_20260420_23813_model_1,target_lag3,0.1156502657709643
2,0,0.2,GBM_grid_1_AutoML_3_20260420_23813_model_1,target_lag4,0.23995021348819137
2,0,0.2,GBM_grid_1_AutoML_3_20260420_23813_model_1,target_lag5,0.3306523297727108
2,0,0.2,GBM_grid_1_AutoML_3_20260420_23813_model_1,target_lag6,0.3051494856365025
2,0,0.2,GBM_grid_1_AutoML_3_20260420_23813_model_1,cov_HULL_lag1,0.1354561453987844
2,0,0.2,GBM_grid_1_AutoML_3_20260420_23813_model_1,cov_MUFL_lag1,1.3879573284834623
2,0,0.2,GBM_grid_1_AutoML_3_20260420_23813_model_1,cov_MULL_lag1,0.13895350385457272
2,0,0.2,GBM_grid_1_AutoML_3_20260420_23813_model_1,cov_LUFL_lag1,0.3316011247225106
2,0,0.2,GBM_grid_1_AutoML_3_20260420_23813_model_1,cov_LULL_lag1,0.05768329715618162
2,0,0.2,GBM_grid_1_AutoML_3_20260420_23813_model_1,cov_OT_lag1,0.14118659313768145
2,0,0.2,GBM_grid_1_AutoML_3_20260420_23813_model_1,hour_lag1,1.4548532747104763
2,0,0.2,GBM_grid_1_AutoML_3_20260420_23813_model_1,day_of_week_lag1,0.027218786791199778
2,0,0.2,GBM_grid_1_AutoML_3_20260420_23813_model_1,month_lag1,0.1685931125888601
2,0,0.2,GBM_grid_1_AutoML_3_20260420_23813_model_1,month_sin,0.24928026676177978
2,0,0.2,GBM_grid_1_AutoML_3_20260420_23813_model_1,month_cos,0.1451239878684282
2,0,0.2,GBM_grid_1_AutoML_3_20260420_23813_model_1,year,0.22646640118211508
2,0,0.2,XGBoost_3_AutoML_3_20260420_23813,target_lag1,2.563875858709216
2,0,0.2,XGBoost_3_AutoML_3_20260420_23813,target_lag2,0.6614550188556314
2,0,0.2,XGBoost_3_AutoML_3_20260420_23813,target_lag3,0.142230971645331
2,0,0.2,XGBoost_3_AutoML_3_20260420_23813,target_lag4,0.14817857225425538
2,0,0.2,XGBoost_3_AutoML_3_20260420_23813,target_lag5,0.273829600661993
2,0,0.2,XGBoost_3_AutoML_3_20260420_23813,target_lag6,0.2565228934888728
2,0,0.2,XGBoost_3_AutoML_3_20260420_23813,cov_HULL_lag1,0.1935282585769892
2,0,0.2,XGBoost_3_AutoML_3_20260420_23813,cov_MUFL_lag1,1.5312459637224674
2,0,0.2,XGBoost_3_AutoML_3_20260420_23813,cov_MULL_lag1,0.06731493709143246
2,0,0.2,XGBoost_3_AutoML_3_20260420_23813,cov_LUFL_lag1,0.37823146529495716
2,0,0.2,XGBoost_3_AutoML_3_20260420_23813,cov_LULL_lag1,0.09076713336398821
2,0,0.2,XGBoost_3_AutoML_3_20260420_23813,cov_OT_lag1,0.30375874901190403
2,0,0.2,XGBoost_3_AutoML_3_20260420_23813,hour_lag1,1.4013060672581197
2,0,0.2,XGBoost_3_AutoML_3_20260420_23813,day_of_week_lag1,0.04242401837604115
2,0,0.2,XGBoost_3_AutoML_3_20260420_23813,month_lag1,0.3091762004396878
2,0,0.2,XGBoost_3_AutoML_3_20260420_23813,month_sin,0.2459346696967259
2,0,0.2,XGBoost_3_AutoML_3_20260420_23813,month_cos,0.16443728074664246
2,0,0.2,XGBoost_3_AutoML_3_20260420_23813,year,0.22081749696284533
2,0,0.2,XGBoost_grid_1_AutoML_3_20260420_23813_model_6,target_lag1,1.0669441406428815
2,0,0.2,XGBoost_grid_1_AutoML_3_20260420_23813_model_6,target_lag2,0.7842052462697029
2,0,0.2,XGBoost_grid_1_AutoML_3_20260420_23813_model_6,target_lag3,0.21818944761529566
2,0,0.2,XGBoost_grid_1_AutoML_3_20260420_23813_model_6,target_lag4,0.29034061228856445
2,0,0.2,XGBoost_grid_1_AutoML_3_20260420_23813_model_6,target_lag5,0.14812163554131982
2,0,0.2,XGBoost_grid_1_AutoML_3_20260420_23813_model_6,target_lag6,0.14148019195534287
2,0,0.2,XGBoost_grid_1_AutoML_3_20260420_23813_model_6,cov_HULL_lag1,0.08859735463629473
2,0,0.2,XGBoost_grid_1_AutoML_3_20260420_23813_model_6,cov_MUFL_lag1,2.5943353039026262
2,0,0.2,XGBoost_grid_1_AutoML_3_20260420_23813_model_6,cov_MULL_lag1,0.11645565724931654
2,0,0.2,XGBoost_grid_1_AutoML_3_20260420_23813_model_6,cov_LUFL_lag1,0.42330386996269226
2,0,0.2,XGBoost_grid_1_AutoML_3_20260420_23813_model_6,cov_LULL_lag1,0.022970290048979172
2,0,0.2,XGBoost_grid_1_AutoML_3_20260420_23813_model_6,cov_OT_lag1,0.33357768826186657
2,0,0.2,XGBoost_grid_1_AutoML_3_20260420_23813_model_6,hour_lag1,1.6844319318234922
2,0,0.2,XGBoost_grid_1_AutoML_3_20260420_23813_model_6,day_of_week_lag1,0.022646113396622182
2,0,0.2,XGBoost_grid_1_AutoML_3_20260420_23813_model_6,month_lag1,0.4527585132792592
2,0,0.2,XGBoost_grid_1_AutoML_3_20260420_23813_model_6,month_sin,0.1588085752725601
2,0,0.2,XGBoost_grid_1_AutoML_3_20260420_23813_model_6,month_cos,0.08631825897842642
2,0,0.2,XGBoost_grid_1_AutoML_3_20260420_23813_model_6,year,0.29147948414087294
2,0,0.2,XGBoost_grid_1_AutoML_3_20260420_23813_model_2,target_lag1,2.1392637741100042
2,0,0.2,XGBoost_grid_1_AutoML_3_20260420_23813_model_2,target_lag2,0.31014071449637415
2,0,0.2,XGBoost_grid_1_AutoML_3_20260420_23813_model_2,target_lag3,0.17807653795927764
2,0,0.2,XGBoost_grid_1_AutoML_3_20260420_23813_model_2,target_lag4,0.16670089615159667
2,0,0.2,XGBoost_grid_1_AutoML_3_20260420_23813_model_2,target_lag5,0.09450394161278376
2,0,0.2,XGBoost_grid_1_AutoML_3_20260420_23813_model_2,target_lag6,0.15126501744613047
2,0,0.2,XGBoost_grid_1_AutoML_3_20260420_23813_model_2,cov_HULL_lag1,0.12314982693584167
2,0,0.2,XGBoost_grid_1_AutoML_3_20260420_23813_model_2,cov_MUFL_lag1,2.5332465427555144
2,0,0.2,XGBoost_grid_1_AutoML_3_20260420_23813_model_2,cov_MULL_lag1,0.13868752133101223
2,0,0.2,XGBoost_grid_1_AutoML_3_20260420_23813_model_2,cov_LUFL_lag1,0.2895069757662714
2,0,0.2,XGBoost_grid_1_AutoML_3_20260420_23813_model_2,cov_LULL_lag1,0.08733556535094973
2,0,0.2,XGBoost_grid_1_AutoML_3_20260420_23813_model_2,cov_OT_lag1,0.25960332577116785
2,0,0.2,XGBoost_grid_1_AutoML_3_20260420_23813_model_2,hour_lag1,1.8615809594467283
2,0,0.2,XGBoost_grid_1_AutoML_3_20260420_23813_model_2,day_of_week_lag1,0.06170084552839394
2,0,0.2,XGBoost_grid_1_AutoML_3_20260420_23813_model_2,month_lag1,0.27123245563358067
2,0,0.2,XGBoost_grid_1_AutoML_3_20260420_23813_model_2,month_sin,0.16782798000145704
2,0,0.2,XGBoost_grid_1_AutoML_3_20260420_23813_model_2,month_cos,0.14970622240391093
2,0,0.2,XGBoost_grid_1_AutoML_3_20260420_23813_model_2,year,0.32337700951844456
2,0,0.2,XGBoost_grid_1_AutoML_3_20260420_23813_model_5,target_lag1,2.4679705613851546
2,0,0.2,XGBoost_grid_1_AutoML_3_20260420_23813_model_5,target_lag2,0.36438576426357033
2,0,0.2,XGBoost_grid_1_AutoML_3_20260420_23813_model_5,target_lag3,0.09664823143742973
2,0,0.2,XGBoost_grid_1_AutoML_3_20260420_23813_model_5,target_lag4,0.050621646582148926
2,0,0.2,XGBoost_grid_1_AutoML_3_20260420_23813_model_5,target_lag5,0.06651195371989156
2,0,0.2,XGBoost_grid_1_AutoML_3_20260420_23813_model_5,target_lag6,0.11115246924106029
2,0,0.2,XGBoost_grid_1_AutoML_3_20260420_23813_model_5,cov_HULL_lag1,0.05745786713407137
2,0,0.2,XGBoost_grid_1_AutoML_3_20260420_23813_model_5,cov_MUFL_lag1,1.6234349842369555
2,0,0.2,XGBoost_grid_1_AutoML_3_20260420_23813_model_5,cov_MULL_lag1,0.12669497925788162
2,0,0.2,XGBoost_grid_1_AutoML_3_20260420_23813_model_5,cov_LUFL_lag1,0.360299960533157
2,0,0.2,XGBoost_grid_1_AutoML_3_20260420_23813_model_5,cov_LULL_lag1,0.04971729417273304
2,0,0.2,XGBoost_grid_1_AutoML_3_20260420_23813_model_5,cov_OT_lag1,0.27856153635308145
2,0,0.2,XGBoost_grid_1_AutoML_3_20260420_23813_model_5,hour_lag1,1.8327680027484894
2,0,0.2,XGBoost_grid_1_AutoML_3_20260420_23813_model_5,day_of_week_lag1,0.03397328429855402
2,0,0.2,XGBoost_grid_1_AutoML_3_20260420_23813_model_5,month_lag1,0.32289395816624167
2,0,0.2,XGBoost_grid_1_AutoML_3_20260420_23813_model_5,month_sin,0.1738515589106828
2,0,0.2,XGBoost_grid_1_AutoML_3_20260420_23813_model_5,month_cos,0.15354797297157344
2,0,0.2,XGBoost_grid_1_AutoML_3_20260420_23813_model_5,year,0.2253268367052078
2,0,0.2,DRF_1_AutoML_3_20260420_23813,target_lag1,2.0560061141848562
2,0,0.2,DRF_1_AutoML_3_20260420_23813,target_lag2,0.8085291532985867
2,0,0.2,DRF_1_AutoML_3_20260420_23813,target_lag3,0.1724373225867748
2,0,0.2,DRF_1_AutoML_3_20260420_23813,target_lag4,0.12306871459353712
2,0,0.2,DRF_1_AutoML_3_20260420_23813,target_lag5,0.15852395922876894
2,0,0.2,DRF_1_AutoML_3_20260420_23813,target_lag6,0.24815503355115653
2,0,0.2,DRF_1_AutoML_3_20260420_23813,cov_HULL_lag1,0.10985613773576912
2,0,0.2,DRF_1_AutoML_3_20260420_23813,cov_MUFL_lag1,2.3647537054121495
2,0,0.2,DRF_1_AutoML_3_20260420_23813,cov_MULL_lag1,0.10492530417453962
2,0,0.2,DRF_1_AutoML_3_20260420_23813,cov_LUFL_lag1,0.3250689486600459
2,0,0.2,DRF_1_AutoML_3_20260420_23813,cov_LULL_lag1,0.03463370224228123
2,0,0.2,DRF_1_AutoML_3_20260420_23813,cov_OT_lag1,0.09312744390219446
2,0,0.2,DRF_1_AutoML_3_20260420_23813,hour_lag1,1.3048746071010828
2,0,0.2,DRF_1_AutoML_3_20260420_23813,day_of_week_lag1,0.021997302171075678
2,0,0.2,DRF_1_AutoML_3_20260420_23813,month_lag1,0.16377767959143963
2,0,0.2,DRF_1_AutoML_3_20260420_23813,month_sin,0.2519320200756192
2,0,0.2,DRF_1_AutoML_3_20260420_23813,month_cos,0.11205169719117744
2,0,0.2,DRF_1_AutoML_3_20260420_23813,year,0.1499220716068521
2,0,0.2,XRT_1_AutoML_3_20260420_23813,target_lag1,824921.5755045319
2,0,0.2,XRT_1_AutoML_3_20260420_23813,target_lag2,9898136.628517656
2,0,0.2,XRT_1_AutoML_3_20260420_23813,target_lag3,48343.26832921281
2,0,0.2,XRT_1_AutoML_3_20260420_23813,target_lag4,95525.35596699714
2,0,0.2,XRT_1_AutoML_3_20260420_23813,target_lag5,359850.21015081403
2,0,0.2,XRT_1_AutoML_3_20260420_23813,target_lag6,4295.462507386468
2,0,0.2,XRT_1_AutoML_3_20260420_23813,cov_HULL_lag1,126201582.59883508
2,0,0.2,XRT_1_AutoML_3_20260420_23813,cov_MUFL_lag1,108966.18540996552
2,0,0.2,XRT_1_AutoML_3_20260420_23813,cov_MULL_lag1,33134.33296884537
2,0,0.2,XRT_1_AutoML_3_20260420_23813,cov_LUFL_lag1,1244056863.965751
2,0,0.2,XRT_1_AutoML_3_20260420_23813,cov_LULL_lag1,23115.16967762947
2,0,0.2,XRT_1_AutoML_3_20260420_23813,cov_OT_lag1,157671.65971458436
2,0,0.2,XRT_1_AutoML_3_20260420_23813,hour_lag1,132012427.60698341
2,0,0.2,XRT_1_AutoML_3_20260420_23813,day_of_week_lag1,9919.087608353977
2,0,0.2,XRT_1_AutoML_3_20260420_23813,month_lag1,11528.389751232266
2,0,0.2,XRT_1_AutoML_3_20260420_23813,month_sin,218663.08707436398
2,0,0.2,XRT_1_AutoML_3_20260420_23813,month_cos,248.33559749156237
2,0,0.2,XRT_1_AutoML_3_20260420_23813,year,73497.71147939682
2,0,0.2,XGBoost_grid_1_AutoML_3_20260420_23813_model_1,target_lag1,1.9634970906376839
2,0,0.2,XGBoost_grid_1_AutoML_3_20260420_23813_model_1,target_lag2,0.21530831304378809
2,0,0.2,XGBoost_grid_1_AutoML_3_20260420_23813_model_1,target_lag3,0.15064606121624818
2,0,0.2,XGBoost_grid_1_AutoML_3_20260420_23813_model_1,target_lag4,0.10470743194222447
2,0,0.2,XGBoost_grid_1_AutoML_3_20260420_23813_model_1,target_lag5,0.09925180719932537
2,0,0.2,XGBoost_grid_1_AutoML_3_20260420_23813_model_1,target_lag6,0.14299190020654348
2,0,0.2,XGBoost_grid_1_AutoML_3_20260420_23813_model_1,cov_HULL_lag1,0.16027084980159995
2,0,0.2,XGBoost_grid_1_AutoML_3_20260420_23813_model_1,cov_MUFL_lag1,2.710248503535986
2,0,0.2,XGBoost_grid_1_AutoML_3_20260420_23813_model_1,cov_MULL_lag1,0.17787377559114245
2,0,0.2,XGBoost_grid_1_AutoML_3_20260420_23813_model_1,cov_LUFL_lag1,0.2891159076616168
2,0,0.2,XGBoost_grid_1_AutoML_3_20260420_23813_model_1,cov_LULL_lag1,0.06730758762219917
2,0,0.2,XGBoost_grid_1_AutoML_3_20260420_23813_model_1,cov_OT_lag1,0.31880679202164175
2,0,0.2,XGBoost_grid_1_AutoML_3_20260420_23813_model_1,hour_lag1,2.015988814458251
2,0,0.2,XGBoost_grid_1_AutoML_3_20260420_23813_model_1,day_of_week_lag1,0.0431224725756328
2,0,0.2,XGBoost_grid_1_AutoML_3_20260420_23813_model_1,month_lag1,0.23952540300786496
2,0,0.2,XGBoost_grid_1_AutoML_3_20260420_23813_model_1,month_sin,0.24963056469336153
2,0,0.2,XGBoost_grid_1_AutoML_3_20260420_23813_model_1,month_cos,0.11453567217715314
2,0,0.2,XGBoost_grid_1_AutoML_3_20260420_23813_model_1,year,0.15693200877401975
2,0,0.2,XGBoost_2_AutoML_3_20260420_23813,target_lag1,2.5301864838600157
2,0,0.2,XGBoost_2_AutoML_3_20260420_23813,target_lag2,0.3330268664378673
2,0,0.2,XGBoost_2_AutoML_3_20260420_23813,target_lag3,0.16525806039804591
2,0,0.2,XGBoost_2_AutoML_3_20260420_23813,target_lag4,0.17949591642245646
2,0,0.2,XGBoost_2_AutoML_3_20260420_23813,target_lag5,0.2218469551578164
2,0,0.2,XGBoost_2_AutoML_3_20260420_23813,target_lag6,0.19720231421291828
2,0,0.2,XGBoost_2_AutoML_3_20260420_23813,cov_HULL_lag1,0.2188368934392929
2,0,0.2,XGBoost_2_AutoML_3_20260420_23813,cov_MUFL_lag1,1.9293457970023156
2,0,0.2,XGBoost_2_AutoML_3_20260420_23813,cov_MULL_lag1,0.20152559826150537
2,0,0.2,XGBoost_2_AutoML_3_20260420_23813,cov_LUFL_lag1,0.31880015484057367
2,0,0.2,XGBoost_2_AutoML_3_20260420_23813,cov_LULL_lag1,0.12190535144531164
2,0,0.2,XGBoost_2_AutoML_3_20260420_23813,cov_OT_lag1,0.3163617186388001
2,0,0.2,XGBoost_2_AutoML_3_20260420_23813,hour_lag1,1.8581383958458901
2,0,0.2,XGBoost_2_AutoML_3_20260420_23813,day_of_week_lag1,0.09790668176021423
2,0,0.2,XGBoost_2_AutoML_3_20260420_23813,month_lag1,0.3271373291499913
2,0,0.2,XGBoost_2_AutoML_3_20260420_23813,month_sin,0.19899258499965072
2,0,0.2,XGBoost_2_AutoML_3_20260420_23813,month_cos,0.07015505535295229
2,0,0.2,XGBoost_2_AutoML_3_20260420_23813,year,0.2606448737718165
2,0,0.2,XGBoost_grid_1_AutoML_3_20260420_23813_model_3,target_lag1,1.8201201808359473
2,0,0.2,XGBoost_grid_1_AutoML_3_20260420_23813_model_3,target_lag2,0.5791674063075334
2,0,0.2,XGBoost_grid_1_AutoML_3_20260420_23813_model_3,target_lag3,0.31845990879228336
2,0,0.2,XGBoost_grid_1_AutoML_3_20260420_23813_model_3,target_lag4,0.32057520240545273
2,0,0.2,XGBoost_grid_1_AutoML_3_20260420_23813_model_3,target_lag5,0.2302206670306623
2,0,0.2,XGBoost_grid_1_AutoML_3_20260420_23813_model_3,target_lag6,0.4420597156509757
2,0,0.2,XGBoost_grid_1_AutoML_3_20260420_23813_model_3,cov_HULL_lag1,0.15331394996959713
2,0,0.2,XGBoost_grid_1_AutoML_3_20260420_23813_model_3,cov_MUFL_lag1,1.8982364849280566
2,0,0.2,XGBoost_grid_1_AutoML_3_20260420_23813_model_3,cov_MULL_lag1,0.18255542168160901
2,0,0.2,XGBoost_grid_1_AutoML_3_20260420_23813_model_3,cov_LUFL_lag1,0.3106393643096089
2,0,0.2,XGBoost_grid_1_AutoML_3_20260420_23813_model_3,cov_LULL_lag1,0.056465089293196755
2,0,0.2,XGBoost_grid_1_AutoML_3_20260420_23813_model_3,cov_OT_lag1,0.2522883141040802
2,0,0.2,XGBoost_grid_1_AutoML_3_20260420_23813_model_3,hour_lag1,1.2874007778055967
2,0,0.2,XGBoost_grid_1_AutoML_3_20260420_23813_model_3,day_of_week_lag1,0.03436429184395815
2,0,0.2,XGBoost_grid_1_AutoML_3_20260420_23813_model_3,month_lag1,0.3583241217327304
2,0,0.2,XGBoost_grid_1_AutoML_3_20260420_23813_model_3,month_sin,0.26657639134675265
2,0,0.2,XGBoost_grid_1_AutoML_3_20260420_23813_model_3,month_cos,0.13763163170777257
2,0,0.2,XGBoost_grid_1_AutoML_3_20260420_23813_model_3,year,0.21539452696219086
2,0,0.2,XGBoost_grid_1_AutoML_3_20260420_23813_model_4,target_lag1,1.9549367332458496
2,0,0.2,XGBoost_grid_1_AutoML_3_20260420_23813_model_4,target_lag2,0.19121472557075322
2,0,0.2,XGBoost_grid_1_AutoML_3_20260420_23813_model_4,target_lag3,0.11925298405345526
2,0,0.2,XGBoost_grid_1_AutoML_3_20260420_23813_model_4,target_lag4,0.11446259632473808
2,0,0.2,XGBoost_grid_1_AutoML_3_20260420_23813_model_4,target_lag5,0.09234267039224502
2,0,0.2,XGBoost_grid_1_AutoML_3_20260420_23813_model_4,target_lag6,0.16434646282345056
2,0,0.2,XGBoost_grid_1_AutoML_3_20260420_23813_model_4,cov_HULL_lag1,0.1639962381822988
2,0,0.2,XGBoost_grid_1_AutoML_3_20260420_23813_model_4,cov_MUFL_lag1,2.8234176217019558
2,0,0.2,XGBoost_grid_1_AutoML_3_20260420_23813_model_4,cov_MULL_lag1,0.19031882712617518
2,0,0.2,XGBoost_grid_1_AutoML_3_20260420_23813_model_4,cov_LUFL_lag1,0.2291131128743291
2,0,0.2,XGBoost_grid_1_AutoML_3_20260420_23813_model_4,cov_LULL_lag1,0.12016105676069852
2,0,0.2,XGBoost_grid_1_AutoML_3_20260420_23813_model_4,cov_OT_lag1,0.2886882472969592
2,0,0.2,XGBoost_grid_1_AutoML_3_20260420_23813_model_4,hour_lag1,2.035329358428717
2,0,0.2,XGBoost_grid_1_AutoML_3_20260420_23813_model_4,day_of_week_lag1,0.04980384722584853
2,0,0.2,XGBoost_grid_1_AutoML_3_20260420_23813_model_4,month_lag1,0.21057900448329747
2,0,0.2,XGBoost_grid_1_AutoML_3_20260420_23813_model_4,month_sin,0.30826606272370555
2,0,0.2,XGBoost_grid_1_AutoML_3_20260420_23813_model_4,month_cos,0.10171675344114188
2,0,0.2,XGBoost_grid_1_AutoML_3_20260420_23813_model_4,year,0.22558548412285745
2,0,0.2,XGBoost_1_AutoML_3_20260420_23813,target_lag1,2.670761957466602
2,0,0.2,XGBoost_1_AutoML_3_20260420_23813,target_lag2,0.48204578103730455
2,0,0.2,XGBoost_1_AutoML_3_20260420_23813,target_lag3,0.21244782702808152
2,0,0.2,XGBoost_1_AutoML_3_20260420_23813,target_lag4,0.3537230058014393
2,0,0.2,XGBoost_1_AutoML_3_20260420_23813,target_lag5,0.1406626319698989
2,0,0.2,XGBoost_1_AutoML_3_20260420_23813,target_lag6,0.14213193442672487
2,0,0.2,XGBoost_1_AutoML_3_20260420_23813,cov_HULL_lag1,0.19319275069981814
2,0,0.2,XGBoost_1_AutoML_3_20260420_23813,cov_MUFL_lag1,1.7318442041566595
2,0,0.2,XGBoost_1_AutoML_3_20260420_23813,cov_MULL_lag1,0.21784885892644523
2,0,0.2,XGBoost_1_AutoML_3_20260420_23813,cov_LUFL_lag1,0.4661903272103518
2,0,0.2,XGBoost_1_AutoML_3_20260420_23813,cov_LULL_lag1,0.11578273030463603
2,0,0.2,XGBoost_1_AutoML_3_20260420_23813,cov_OT_lag1,0.2573904944770038
2,0,0.2,XGBoost_1_AutoML_3_20260420_23813,hour_lag1,1.658865813992452
2,0,0.2,XGBoost_1_AutoML_3_20260420_23813,day_of_week_lag1,0.07018853676796422
2,0,0.2,XGBoost_1_AutoML_3_20260420_23813,month_lag1,0.24897769145609344
2,0,0.2,XGBoost_1_AutoML_3_20260420_23813,month_sin,0.2641777345817536
2,0,0.2,XGBoost_1_AutoML_3_20260420_23813,month_cos,0.09353029654826965
2,0,0.2,XGBoost_1_AutoML_3_20260420_23813,year,0.26485105531290176
2,0,0.3,GBM_3_AutoML_3_20260420_23813,target_lag1,2.018794536506757
2,0,0.3,GBM_3_AutoML_3_20260420_23813,target_lag2,0.44700734878424553
2,0,0.3,GBM_3_AutoML_3_20260420_23813,target_lag3,0.11894592440687117
2,0,0.3,GBM_3_AutoML_3_20260420_23813,target_lag4,0.1431752851826604
2,0,0.3,GBM_3_AutoML_3_20260420_23813,target_lag5,0.15968345745000986
2,0,0.3,GBM_3_AutoML_3_20260420_23813,target_lag6,0.3072749961167574
2,0,0.3,GBM_3_AutoML_3_20260420_23813,cov_HULL_lag1,0.11539553229231383
2,0,0.3,GBM_3_AutoML_3_20260420_23813,cov_MUFL_lag1,2.124347329288721
2,0,0.3,GBM_3_AutoML_3_20260420_23813,cov_MULL_lag1,0.16477847551926966
2,0,0.3,GBM_3_AutoML_3_20260420_23813,cov_LUFL_lag1,0.25956892987247554
2,0,0.3,GBM_3_AutoML_3_20260420_23813,cov_LULL_lag1,0.052286936527816526
2,0,0.3,GBM_3_AutoML_3_20260420_23813,cov_OT_lag1,0.20897229062393308
2,0,0.3,GBM_3_AutoML_3_20260420_23813,hour_lag1,1.532747935205698
2,0,0.3,GBM_3_AutoML_3_20260420_23813,day_of_week_lag1,0.042640461620176165
2,0,0.3,GBM_3_AutoML_3_20260420_23813,month_lag1,0.17779446966946125
2,0,0.3,GBM_3_AutoML_3_20260420_23813,month_sin,0.29181336431647653
2,0,0.3,GBM_3_AutoML_3_20260420_23813,month_cos,0.13410136671736833
2,0,0.3,GBM_3_AutoML_3_20260420_23813,year,0.2373187004029751
2,0,0.3,GBM_4_AutoML_3_20260420_23813,target_lag1,1.6754063398391008
2,0,0.3,GBM_4_AutoML_3_20260420_23813,target_lag2,0.3807081090286374
2,0,0.3,GBM_4_AutoML_3_20260420_23813,target_lag3,0.10258689815644172
2,0,0.3,GBM_4_AutoML_3_20260420_23813,target_lag4,0.13980721861822526
2,0,0.3,GBM_4_AutoML_3_20260420_23813,target_lag5,0.07914570677734442
2,0,0.3,GBM_4_AutoML_3_20260420_23813,target_lag6,0.27186965288594367
2,0,0.3,GBM_4_AutoML_3_20260420_23813,cov_HULL_lag1,0.11671001312322911
2,0,0.3,GBM_4_AutoML_3_20260420_23813,cov_MUFL_lag1,2.5670870195329187
2,0,0.3,GBM_4_AutoML_3_20260420_23813,cov_MULL_lag1,0.15188882965594527
2,0,0.3,GBM_4_AutoML_3_20260420_23813,cov_LUFL_lag1,0.23508946435904363
2,0,0.3,GBM_4_AutoML_3_20260420_23813,cov_LULL_lag1,0.052827433189377146
2,0,0.3,GBM_4_AutoML_3_20260420_23813,cov_OT_lag1,0.1771509868884459
2,0,0.3,GBM_4_AutoML_3_20260420_23813,hour_lag1,1.6549290073662997
2,0,0.3,GBM_4_AutoML_3_20260420_23813,day_of_week_lag1,0.0363282380928285
2,0,0.3,GBM_4_AutoML_3_20260420_23813,month_lag1,0.18657349513843652
2,0,0.3,GBM_4_AutoML_3_20260420_23813,month_sin,0.24142060270532967
2,0,0.3,GBM_4_AutoML_3_20260420_23813,month_cos,0.13309463886311274
2,0,0.3,GBM_4_AutoML_3_20260420_23813,year,0.17815295193344352
2,0,0.3,GBM_grid_1_AutoML_3_20260420_23813_model_2,target_lag1,2.3099715347774326
2,0,0.3,GBM_grid_1_AutoML_3_20260420_23813_model_2,target_lag2,0.1563637622352689
2,0,0.3,GBM_grid_1_AutoML_3_20260420_23813_model_2,target_lag3,0.11004898706451055
2,0,0.3,GBM_grid_1_AutoML_3_20260420_23813_model_2,target_lag4,0.1255956755718216
2,0,0.3,GBM_grid_1_AutoML_3_20260420_23813_model_2,target_lag5,0.07019043642561879
2,0,0.3,GBM_grid_1_AutoML_3_20260420_23813_model_2,target_lag6,0.14606886498630042
2,0,0.3,GBM_grid_1_AutoML_3_20260420_23813_model_2,cov_HULL_lag1,0.08121614840812978
2,0,0.3,GBM_grid_1_AutoML_3_20260420_23813_model_2,cov_MUFL_lag1,2.164692461490631
2,0,0.3,GBM_grid_1_AutoML_3_20260420_23813_model_2,cov_MULL_lag1,0.12298698733560737
2,0,0.3,GBM_grid_1_AutoML_3_20260420_23813_model_2,cov_LUFL_lag1,0.21705571427941323
2,0,0.3,GBM_grid_1_AutoML_3_20260420_23813_model_2,cov_LULL_lag1,0.03379020558204497
2,0,0.3,GBM_grid_1_AutoML_3_20260420_23813_model_2,cov_OT_lag1,0.13033279384020713
2,0,0.3,GBM_grid_1_AutoML_3_20260420_23813_model_2,hour_lag1,1.804439449799247
2,0,0.3,GBM_grid_1_AutoML_3_20260420_23813_model_2,day_of_week_lag1,0.026492541785119058
2,0,0.3,GBM_grid_1_AutoML_3_20260420_23813_model_2,month_lag1,0.10640409980900582
2,0,0.3,GBM_grid_1_AutoML_3_20260420_23813_model_2,month_sin,0.2747673362866044
2,0,0.3,GBM_grid_1_AutoML_3_20260420_23813_model_2,month_cos,0.15458403399214146
2,0,0.3,GBM_grid_1_AutoML_3_20260420_23813_model_2,year,0.13863023706711824
2,0,0.3,GBM_2_AutoML_3_20260420_23813,target_lag1,2.1489477844536307
2,0,0.3,GBM_2_AutoML_3_20260420_23813,target_lag2,0.24189277162775397
2,0,0.3,GBM_2_AutoML_3_20260420_23813,target_lag3,0.17366795413196087
2,0,0.3,GBM_2_AutoML_3_20260420_23813,target_lag4,0.12284436757734507
2,0,0.3,GBM_2_AutoML_3_20260420_23813,target_lag5,0.06261704054661092
2,0,0.3,GBM_2_AutoML_3_20260420_23813,target_lag6,0.20732717983890325
2,0,0.3,GBM_2_AutoML_3_20260420_23813,cov_HULL_lag1,0.08331544637214387
2,0,0.3,GBM_2_AutoML_3_20260420_23813,cov_MUFL_lag1,2.212471839636564
2,0,0.3,GBM_2_AutoML_3_20260420_23813,cov_MULL_lag1,0.13862868633121248
2,0,0.3,GBM_2_AutoML_3_20260420_23813,cov_LUFL_lag1,0.2274444688850781
2,0,0.3,GBM_2_AutoML_3_20260420_23813,cov_LULL_lag1,0.05037702204426745
2,0,0.3,GBM_2_AutoML_3_20260420_23813,cov_OT_lag1,0.1989317069808021
2,0,0.3,GBM_2_AutoML_3_20260420_23813,hour_lag1,1.7368567519262432
2,0,0.3,GBM_2_AutoML_3_20260420_23813,day_of_week_lag1,0.02737263300223272
2,0,0.3,GBM_2_AutoML_3_20260420_23813,month_lag1,0.14604847575537858
2,0,0.3,GBM_2_AutoML_3_20260420_23813,month_sin,0.29631264813710007
2,0,0.3,GBM_2_AutoML_3_20260420_23813,month_cos,0.12125431453809138
2,0,0.3,GBM_2_AutoML_3_20260420_23813,year,0.22535869149491192
2,0,0.3,GBM_grid_1_AutoML_3_20260420_23813_model_3,target_lag1,2.062668085489422
2,0,0.3,GBM_grid_1_AutoML_3_20260420_23813_model_3,target_lag2,0.7145256841555238
2,0,0.3,GBM_grid_1_AutoML_3_20260420_23813_model_3,target_lag3,0.14235719554126258
2,0,0.3,GBM_grid_1_AutoML_3_20260420_23813_model_3,target_lag4,0.12025448439875613
2,0,0.3,GBM_grid_1_AutoML_3_20260420_23813_model_3,target_lag5,0.20566937607713043
2,0,0.3,GBM_grid_1_AutoML_3_20260420_23813_model_3,target_lag6,0.31979907885193826
2,0,0.3,GBM_grid_1_AutoML_3_20260420_23813_model_3,cov_HULL_lag1,0.1240483924024738
2,0,0.3,GBM_grid_1_AutoML_3_20260420_23813_model_3,cov_MUFL_lag1,1.8482537487894297
2,0,0.3,GBM_grid_1_AutoML_3_20260420_23813_model_3,cov_MULL_lag1,0.1460690574534237
2,0,0.3,GBM_grid_1_AutoML_3_20260420_23813_model_3,cov_LUFL_lag1,0.4356684715300798
2,0,0.3,GBM_grid_1_AutoML_3_20260420_23813_model_3,cov_LULL_lag1,0.040999281084514186
2,0,0.3,GBM_grid_1_AutoML_3_20260420_23813_model_3,cov_OT_lag1,0.26914485860615966
2,0,0.3,GBM_grid_1_AutoML_3_20260420_23813_model_3,hour_lag1,1.3792990691959859
2,0,0.3,GBM_grid_1_AutoML_3_20260420_23813_model_3,day_of_week_lag1,0.03168115761007353
2,0,0.3,GBM_grid_1_AutoML_3_20260420_23813_model_3,month_lag1,0.2654158832877874
2,0,0.3,GBM_grid_1_AutoML_3_20260420_23813_model_3,month_sin,0.29947599275968967
2,0,0.3,GBM_grid_1_AutoML_3_20260420_23813_model_3,month_cos,0.08931241553276774
2,0,0.3,GBM_grid_1_AutoML_3_20260420_23813_model_3,year,0.27702129274606707
2,0,0.3,GBM_5_AutoML_3_20260420_23813,target_lag1,1.4426388946361839
2,0,0.3,GBM_5_AutoML_3_20260420_23813,target_lag2,0.5079877058789134
2,0,0.3,GBM_5_AutoML_3_20260420_23813,target_lag3,0.15737395770847795
2,0,0.3,GBM_5_AutoML_3_20260420_23813,target_lag4,0.08435921961441632
2,0,0.3,GBM_5_AutoML_3_20260420_23813,target_lag5,0.12522607095073904
2,0,0.3,GBM_5_AutoML_3_20260420_23813,target_lag6,0.24278005976229905
2,0,0.3,GBM_5_AutoML_3_20260420_23813,cov_HULL_lag1,0.11053365109488364
2,0,0.3,GBM_5_AutoML_3_20260420_23813,cov_MUFL_lag1,2.4419335792586208
2,0,0.3,GBM_5_AutoML_3_20260420_23813,cov_MULL_lag1,0.11356870053336021
2,0,0.3,GBM_5_AutoML_3_20260420_23813,cov_LUFL_lag1,0.35285945365438237
2,0,0.3,GBM_5_AutoML_3_20260420_23813,cov_LULL_lag1,0.04082701866573185
2,0,0.3,GBM_5_AutoML_3_20260420_23813,cov_OT_lag1,0.15554778380464993
2,0,0.3,GBM_5_AutoML_3_20260420_23813,hour_lag1,1.7929765002429485
2,0,0.3,GBM_5_AutoML_3_20260420_23813,day_of_week_lag1,0.01295882893726225
2,0,0.3,GBM_5_AutoML_3_20260420_23813,month_lag1,0.27810830818489196
2,0,0.3,GBM_5_AutoML_3_20260420_23813,month_sin,0.2442010677419603
2,0,0.3,GBM_5_AutoML_3_20260420_23813,month_cos,0.11030121367657554
2,0,0.3,GBM_5_AutoML_3_20260420_23813,year,0.309190554972738
2,0,0.3,GBM_1_AutoML_3_20260420_23813,target_lag1,1.768791956305504
2,0,0.3,GBM_1_AutoML_3_20260420_23813,target_lag2,0.18763963915058413
2,0,0.3,GBM_1_AutoML_3_20260420_23813,target_lag3,0.10989694650867018
2,0,0.3,GBM_1_AutoML_3_20260420_23813,target_lag4,0.12203814256936309
2,0,0.3,GBM_1_AutoML_3_20260420_23813,target_lag5,0.1151057182345539
2,0,0.3,GBM_1_AutoML_3_20260420_23813,target_lag6,0.1838469940936193
2,0,0.3,GBM_1_AutoML_3_20260420_23813,cov_HULL_lag1,0.06161023591179397
2,0,0.3,GBM_1_AutoML_3_20260420_23813,cov_MUFL_lag1,2.5365900048613548
2,0,0.3,GBM_1_AutoML_3_20260420_23813,cov_MULL_lag1,0.11666850017383691
2,0,0.3,GBM_1_AutoML_3_20260420_23813,cov_LUFL_lag1,0.3514683902170509
2,0,0.3,GBM_1_AutoML_3_20260420_23813,cov_LULL_lag1,0.040317355573642945
2,0,0.3,GBM_1_AutoML_3_20260420_23813,cov_OT_lag1,0.13347029167227442
2,0,0.3,GBM_1_AutoML_3_20260420_23813,hour_lag1,1.6283862245827914
2,0,0.3,GBM_1_AutoML_3_20260420_23813,day_of_week_lag1,0.01697961085279526
2,0,0.3,GBM_1_AutoML_3_20260420_23813,month_lag1,0.1448513853549957
2,0,0.3,GBM_1_AutoML_3_20260420_23813,month_sin,0.25079467421397567
2,0,0.3,GBM_1_AutoML_3_20260420_23813,month_cos,0.09691820292267944
2,0,0.3,GBM_1_AutoML_3_20260420_23813,year,0.15332289425656195
2,0,0.3,GBM_grid_1_AutoML_3_20260420_23813_model_1,target_lag1,1.8302907879650592
2,0,0.3,GBM_grid_1_AutoML_3_20260420_23813_model_1,target_lag2,0.6273227142076939
2,0,0.3,GBM_grid_1_AutoML_3_20260420_23813_model_1,target_lag3,0.1156502657709643
2,0,0.3,GBM_grid_1_AutoML_3_20260420_23813_model_1,target_lag4,0.23995021348819137
2,0,0.3,GBM_grid_1_AutoML_3_20260420_23813_model_1,target_lag5,0.3306523297727108
2,0,0.3,GBM_grid_1_AutoML_3_20260420_23813_model_1,target_lag6,0.3051494856365025
2,0,0.3,GBM_grid_1_AutoML_3_20260420_23813_model_1,cov_HULL_lag1,0.1354561453987844
2,0,0.3,GBM_grid_1_AutoML_3_20260420_23813_model_1,cov_MUFL_lag1,1.3879573284834623
2,0,0.3,GBM_grid_1_AutoML_3_20260420_23813_model_1,cov_MULL_lag1,0.13895350385457272
2,0,0.3,GBM_grid_1_AutoML_3_20260420_23813_model_1,cov_LUFL_lag1,0.3316011247225106
2,0,0.3,GBM_grid_1_AutoML_3_20260420_23813_model_1,cov_LULL_lag1,0.05768329715618162
2,0,0.3,GBM_grid_1_AutoML_3_20260420_23813_model_1,cov_OT_lag1,0.14118659313768145
2,0,0.3,GBM_grid_1_AutoML_3_20260420_23813_model_1,hour_lag1,1.4548532747104763
2,0,0.3,GBM_grid_1_AutoML_3_20260420_23813_model_1,day_of_week_lag1,0.027218786791199778
2,0,0.3,GBM_grid_1_AutoML_3_20260420_23813_model_1,month_lag1,0.1685931125888601
2,0,0.3,GBM_grid_1_AutoML_3_20260420_23813_model_1,month_sin,0.24928026676177978
2,0,0.3,GBM_grid_1_AutoML_3_20260420_23813_model_1,month_cos,0.1451239878684282
2,0,0.3,GBM_grid_1_AutoML_3_20260420_23813_model_1,year,0.22646640118211508
2,0,0.3,XGBoost_3_AutoML_3_20260420_23813,target_lag1,2.563875858709216
2,0,0.3,XGBoost_3_AutoML_3_20260420_23813,target_lag2,0.6614550188556314
2,0,0.3,XGBoost_3_AutoML_3_20260420_23813,target_lag3,0.142230971645331
2,0,0.3,XGBoost_3_AutoML_3_20260420_23813,target_lag4,0.14817857225425538
2,0,0.3,XGBoost_3_AutoML_3_20260420_23813,target_lag5,0.273829600661993
2,0,0.3,XGBoost_3_AutoML_3_20260420_23813,target_lag6,0.2565228934888728
2,0,0.3,XGBoost_3_AutoML_3_20260420_23813,cov_HULL_lag1,0.1935282585769892
2,0,0.3,XGBoost_3_AutoML_3_20260420_23813,cov_MUFL_lag1,1.5312459637224674
2,0,0.3,XGBoost_3_AutoML_3_20260420_23813,cov_MULL_lag1,0.06731493709143246
2,0,0.3,XGBoost_3_AutoML_3_20260420_23813,cov_LUFL_lag1,0.37823146529495716
2,0,0.3,XGBoost_3_AutoML_3_20260420_23813,cov_LULL_lag1,0.09076713336398821
2,0,0.3,XGBoost_3_AutoML_3_20260420_23813,cov_OT_lag1,0.30375874901190403
2,0,0.3,XGBoost_3_AutoML_3_20260420_23813,hour_lag1,1.4013060672581197
2,0,0.3,XGBoost_3_AutoML_3_20260420_23813,day_of_week_lag1,0.04242401837604115
2,0,0.3,XGBoost_3_AutoML_3_20260420_23813,month_lag1,0.3091762004396878
2,0,0.3,XGBoost_3_AutoML_3_20260420_23813,month_sin,0.2459346696967259
2,0,0.3,XGBoost_3_AutoML_3_20260420_23813,month_cos,0.16443728074664246
2,0,0.3,XGBoost_3_AutoML_3_20260420_23813,year,0.22081749696284533
2,0,0.3,XGBoost_grid_1_AutoML_3_20260420_23813_model_6,target_lag1,1.0669441406428815
2,0,0.3,XGBoost_grid_1_AutoML_3_20260420_23813_model_6,target_lag2,0.7842052462697029
2,0,0.3,XGBoost_grid_1_AutoML_3_20260420_23813_model_6,target_lag3,0.21818944761529566
2,0,0.3,XGBoost_grid_1_AutoML_3_20260420_23813_model_6,target_lag4,0.29034061228856445
2,0,0.3,XGBoost_grid_1_AutoML_3_20260420_23813_model_6,target_lag5,0.14812163554131982
2,0,0.3,XGBoost_grid_1_AutoML_3_20260420_23813_model_6,target_lag6,0.14148019195534287
2,0,0.3,XGBoost_grid_1_AutoML_3_20260420_23813_model_6,cov_HULL_lag1,0.08859735463629473
2,0,0.3,XGBoost_grid_1_AutoML_3_20260420_23813_model_6,cov_MUFL_lag1,2.5943353039026262
2,0,0.3,XGBoost_grid_1_AutoML_3_20260420_23813_model_6,cov_MULL_lag1,0.11645565724931654
2,0,0.3,XGBoost_grid_1_AutoML_3_20260420_23813_model_6,cov_LUFL_lag1,0.42330386996269226
2,0,0.3,XGBoost_grid_1_AutoML_3_20260420_23813_model_6,cov_LULL_lag1,0.022970290048979172
2,0,0.3,XGBoost_grid_1_AutoML_3_20260420_23813_model_6,cov_OT_lag1,0.33357768826186657
2,0,0.3,XGBoost_grid_1_AutoML_3_20260420_23813_model_6,hour_lag1,1.6844319318234922
2,0,0.3,XGBoost_grid_1_AutoML_3_20260420_23813_model_6,day_of_week_lag1,0.022646113396622182
2,0,0.3,XGBoost_grid_1_AutoML_3_20260420_23813_model_6,month_lag1,0.4527585132792592
2,0,0.3,XGBoost_grid_1_AutoML_3_20260420_23813_model_6,month_sin,0.1588085752725601
2,0,0.3,XGBoost_grid_1_AutoML_3_20260420_23813_model_6,month_cos,0.08631825897842642
2,0,0.3,XGBoost_grid_1_AutoML_3_20260420_23813_model_6,year,0.29147948414087294
2,0,0.3,XGBoost_grid_1_AutoML_3_20260420_23813_model_2,target_lag1,2.1392637741100042
2,0,0.3,XGBoost_grid_1_AutoML_3_20260420_23813_model_2,target_lag2,0.31014071449637415
2,0,0.3,XGBoost_grid_1_AutoML_3_20260420_23813_model_2,target_lag3,0.17807653795927764
2,0,0.3,XGBoost_grid_1_AutoML_3_20260420_23813_model_2,target_lag4,0.16670089615159667
2,0,0.3,XGBoost_grid_1_AutoML_3_20260420_23813_model_2,target_lag5,0.09450394161278376
2,0,0.3,XGBoost_grid_1_AutoML_3_20260420_23813_model_2,target_lag6,0.15126501744613047
2,0,0.3,XGBoost_grid_1_AutoML_3_20260420_23813_model_2,cov_HULL_lag1,0.12314982693584167
2,0,0.3,XGBoost_grid_1_AutoML_3_20260420_23813_model_2,cov_MUFL_lag1,2.5332465427555144
2,0,0.3,XGBoost_grid_1_AutoML_3_20260420_23813_model_2,cov_MULL_lag1,0.13868752133101223
2,0,0.3,XGBoost_grid_1_AutoML_3_20260420_23813_model_2,cov_LUFL_lag1,0.2895069757662714
2,0,0.3,XGBoost_grid_1_AutoML_3_20260420_23813_model_2,cov_LULL_lag1,0.08733556535094973
2,0,0.3,XGBoost_grid_1_AutoML_3_20260420_23813_model_2,cov_OT_lag1,0.25960332577116785
2,0,0.3,XGBoost_grid_1_AutoML_3_20260420_23813_model_2,hour_lag1,1.8615809594467283
2,0,0.3,XGBoost_grid_1_AutoML_3_20260420_23813_model_2,day_of_week_lag1,0.06170084552839394
2,0,0.3,XGBoost_grid_1_AutoML_3_20260420_23813_model_2,month_lag1,0.27123245563358067
2,0,0.3,XGBoost_grid_1_AutoML_3_20260420_23813_model_2,month_sin,0.16782798000145704
2,0,0.3,XGBoost_grid_1_AutoML_3_20260420_23813_model_2,month_cos,0.14970622240391093
2,0,0.3,XGBoost_grid_1_AutoML_3_20260420_23813_model_2,year,0.32337700951844456
2,0,0.3,XGBoost_grid_1_AutoML_3_20260420_23813_model_5,target_lag1,2.4679705613851546
2,0,0.3,XGBoost_grid_1_AutoML_3_20260420_23813_model_5,target_lag2,0.36438576426357033
2,0,0.3,XGBoost_grid_1_AutoML_3_20260420_23813_model_5,target_lag3,0.09664823143742973
2,0,0.3,XGBoost_grid_1_AutoML_3_20260420_23813_model_5,target_lag4,0.050621646582148926
2,0,0.3,XGBoost_grid_1_AutoML_3_20260420_23813_model_5,target_lag5,0.06651195371989156
2,0,0.3,XGBoost_grid_1_AutoML_3_20260420_23813_model_5,target_lag6,0.11115246924106029
2,0,0.3,XGBoost_grid_1_AutoML_3_20260420_23813_model_5,cov_HULL_lag1,0.05745786713407137
2,0,0.3,XGBoost_grid_1_AutoML_3_20260420_23813_model_5,cov_MUFL_lag1,1.6234349842369555
2,0,0.3,XGBoost_grid_1_AutoML_3_20260420_23813_model_5,cov_MULL_lag1,0.12669497925788162
2,0,0.3,XGBoost_grid_1_AutoML_3_20260420_23813_model_5,cov_LUFL_lag1,0.360299960533157
2,0,0.3,XGBoost_grid_1_AutoML_3_20260420_23813_model_5,cov_LULL_lag1,0.04971729417273304
2,0,0.3,XGBoost_grid_1_AutoML_3_20260420_23813_model_5,cov_OT_lag1,0.27856153635308145
2,0,0.3,XGBoost_grid_1_AutoML_3_20260420_23813_model_5,hour_lag1,1.8327680027484894
2,0,0.3,XGBoost_grid_1_AutoML_3_20260420_23813_model_5,day_of_week_lag1,0.03397328429855402
2,0,0.3,XGBoost_grid_1_AutoML_3_20260420_23813_model_5,month_lag1,0.32289395816624167
2,0,0.3,XGBoost_grid_1_AutoML_3_20260420_23813_model_5,month_sin,0.1738515589106828
2,0,0.3,XGBoost_grid_1_AutoML_3_20260420_23813_model_5,month_cos,0.15354797297157344
2,0,0.3,XGBoost_grid_1_AutoML_3_20260420_23813_model_5,year,0.2253268367052078
2,0,0.3,DRF_1_AutoML_3_20260420_23813,target_lag1,2.0560061141848562
2,0,0.3,DRF_1_AutoML_3_20260420_23813,target_lag2,0.8085291532985867
2,0,0.3,DRF_1_AutoML_3_20260420_23813,target_lag3,0.1724373225867748
2,0,0.3,DRF_1_AutoML_3_20260420_23813,target_lag4,0.12306871459353712
2,0,0.3,DRF_1_AutoML_3_20260420_23813,target_lag5,0.15852395922876894
2,0,0.3,DRF_1_AutoML_3_20260420_23813,target_lag6,0.24815503355115653
2,0,0.3,DRF_1_AutoML_3_20260420_23813,cov_HULL_lag1,0.10985613773576912
2,0,0.3,DRF_1_AutoML_3_20260420_23813,cov_MUFL_lag1,2.3647537054121495
2,0,0.3,DRF_1_AutoML_3_20260420_23813,cov_MULL_lag1,0.10492530417453962
2,0,0.3,DRF_1_AutoML_3_20260420_23813,cov_LUFL_lag1,0.3250689486600459
2,0,0.3,DRF_1_AutoML_3_20260420_23813,cov_LULL_lag1,0.03463370224228123
2,0,0.3,DRF_1_AutoML_3_20260420_23813,cov_OT_lag1,0.09312744390219446
2,0,0.3,DRF_1_AutoML_3_20260420_23813,hour_lag1,1.3048746071010828
2,0,0.3,DRF_1_AutoML_3_20260420_23813,day_of_week_lag1,0.021997302171075678
2,0,0.3,DRF_1_AutoML_3_20260420_23813,month_lag1,0.16377767959143963
2,0,0.3,DRF_1_AutoML_3_20260420_23813,month_sin,0.2519320200756192
2,0,0.3,DRF_1_AutoML_3_20260420_23813,month_cos,0.11205169719117744
2,0,0.3,DRF_1_AutoML_3_20260420_23813,year,0.1499220716068521
2,0,0.3,XRT_1_AutoML_3_20260420_23813,target_lag1,824921.5755045319
2,0,0.3,XRT_1_AutoML_3_20260420_23813,target_lag2,9898136.628517656
2,0,0.3,XRT_1_AutoML_3_20260420_23813,target_lag3,48343.26832921281
2,0,0.3,XRT_1_AutoML_3_20260420_23813,target_lag4,95525.35596699714
2,0,0.3,XRT_1_AutoML_3_20260420_23813,target_lag5,359850.21015081403
2,0,0.3,XRT_1_AutoML_3_20260420_23813,target_lag6,4295.462507386468
2,0,0.3,XRT_1_AutoML_3_20260420_23813,cov_HULL_lag1,126201582.59883508
2,0,0.3,XRT_1_AutoML_3_20260420_23813,cov_MUFL_lag1,108966.18540996552
2,0,0.3,XRT_1_AutoML_3_20260420_23813,cov_MULL_lag1,33134.33296884537
2,0,0.3,XRT_1_AutoML_3_20260420_23813,cov_LUFL_lag1,1244056863.965751
2,0,0.3,XRT_1_AutoML_3_20260420_23813,cov_LULL_lag1,23115.16967762947
2,0,0.3,XRT_1_AutoML_3_20260420_23813,cov_OT_lag1,157671.65971458436
2,0,0.3,XRT_1_AutoML_3_20260420_23813,hour_lag1,132012427.60698341
2,0,0.3,XRT_1_AutoML_3_20260420_23813,day_of_week_lag1,9919.087608353977
2,0,0.3,XRT_1_AutoML_3_20260420_23813,month_lag1,11528.389751232266
2,0,0.3,XRT_1_AutoML_3_20260420_23813,month_sin,218663.08707436398
2,0,0.3,XRT_1_AutoML_3_20260420_23813,month_cos,248.33559749156237
2,0,0.3,XRT_1_AutoML_3_20260420_23813,year,73497.71147939682
2,0,0.3,XGBoost_grid_1_AutoML_3_20260420_23813_model_1,target_lag1,1.9634970906376839
2,0,0.3,XGBoost_grid_1_AutoML_3_20260420_23813_model_1,target_lag2,0.21530831304378809
2,0,0.3,XGBoost_grid_1_AutoML_3_20260420_23813_model_1,target_lag3,0.15064606121624818
2,0,0.3,XGBoost_grid_1_AutoML_3_20260420_23813_model_1,target_lag4,0.10470743194222447
2,0,0.3,XGBoost_grid_1_AutoML_3_20260420_23813_model_1,target_lag5,0.09925180719932537
2,0,0.3,XGBoost_grid_1_AutoML_3_20260420_23813_model_1,target_lag6,0.14299190020654348
2,0,0.3,XGBoost_grid_1_AutoML_3_20260420_23813_model_1,cov_HULL_lag1,0.16027084980159995
2,0,0.3,XGBoost_grid_1_AutoML_3_20260420_23813_model_1,cov_MUFL_lag1,2.710248503535986
2,0,0.3,XGBoost_grid_1_AutoML_3_20260420_23813_model_1,cov_MULL_lag1,0.17787377559114245
2,0,0.3,XGBoost_grid_1_AutoML_3_20260420_23813_model_1,cov_LUFL_lag1,0.2891159076616168
2,0,0.3,XGBoost_grid_1_AutoML_3_20260420_23813_model_1,cov_LULL_lag1,0.06730758762219917
2,0,0.3,XGBoost_grid_1_AutoML_3_20260420_23813_model_1,cov_OT_lag1,0.31880679202164175
2,0,0.3,XGBoost_grid_1_AutoML_3_20260420_23813_model_1,hour_lag1,2.015988814458251
2,0,0.3,XGBoost_grid_1_AutoML_3_20260420_23813_model_1,day_of_week_lag1,0.0431224725756328
2,0,0.3,XGBoost_grid_1_AutoML_3_20260420_23813_model_1,month_lag1,0.23952540300786496
2,0,0.3,XGBoost_grid_1_AutoML_3_20260420_23813_model_1,month_sin,0.24963056469336153
2,0,0.3,XGBoost_grid_1_AutoML_3_20260420_23813_model_1,month_cos,0.11453567217715314
2,0,0.3,XGBoost_grid_1_AutoML_3_20260420_23813_model_1,year,0.15693200877401975
2,0,0.3,XGBoost_2_AutoML_3_20260420_23813,target_lag1,2.5301864838600157
2,0,0.3,XGBoost_2_AutoML_3_20260420_23813,target_lag2,0.3330268664378673
2,0,0.3,XGBoost_2_AutoML_3_20260420_23813,target_lag3,0.16525806039804591
2,0,0.3,XGBoost_2_AutoML_3_20260420_23813,target_lag4,0.17949591642245646
2,0,0.3,XGBoost_2_AutoML_3_20260420_23813,target_lag5,0.2218469551578164
2,0,0.3,XGBoost_2_AutoML_3_20260420_23813,target_lag6,0.19720231421291828
2,0,0.3,XGBoost_2_AutoML_3_20260420_23813,cov_HULL_lag1,0.2188368934392929
2,0,0.3,XGBoost_2_AutoML_3_20260420_23813,cov_MUFL_lag1,1.9293457970023156
2,0,0.3,XGBoost_2_AutoML_3_20260420_23813,cov_MULL_lag1,0.20152559826150537
2,0,0.3,XGBoost_2_AutoML_3_20260420_23813,cov_LUFL_lag1,0.31880015484057367
2,0,0.3,XGBoost_2_AutoML_3_20260420_23813,cov_LULL_lag1,0.12190535144531164
2,0,0.3,XGBoost_2_AutoML_3_20260420_23813,cov_OT_lag1,0.3163617186388001
2,0,0.3,XGBoost_2_AutoML_3_20260420_23813,hour_lag1,1.8581383958458901
2,0,0.3,XGBoost_2_AutoML_3_20260420_23813,day_of_week_lag1,0.09790668176021423
2,0,0.3,XGBoost_2_AutoML_3_20260420_23813,month_lag1,0.3271373291499913
2,0,0.3,XGBoost_2_AutoML_3_20260420_23813,month_sin,0.19899258499965072
2,0,0.3,XGBoost_2_AutoML_3_20260420_23813,month_cos,0.07015505535295229
2,0,0.3,XGBoost_2_AutoML_3_20260420_23813,year,0.2606448737718165
2,0,0.3,XGBoost_grid_1_AutoML_3_20260420_23813_model_3,target_lag1,1.8201201808359473
2,0,0.3,XGBoost_grid_1_AutoML_3_20260420_23813_model_3,target_lag2,0.5791674063075334
2,0,0.3,XGBoost_grid_1_AutoML_3_20260420_23813_model_3,target_lag3,0.31845990879228336
2,0,0.3,XGBoost_grid_1_AutoML_3_20260420_23813_model_3,target_lag4,0.32057520240545273
2,0,0.3,XGBoost_grid_1_AutoML_3_20260420_23813_model_3,target_lag5,0.2302206670306623
2,0,0.3,XGBoost_grid_1_AutoML_3_20260420_23813_model_3,target_lag6,0.4420597156509757
2,0,0.3,XGBoost_grid_1_AutoML_3_20260420_23813_model_3,cov_HULL_lag1,0.15331394996959713
2,0,0.3,XGBoost_grid_1_AutoML_3_20260420_23813_model_3,cov_MUFL_lag1,1.8982364849280566
2,0,0.3,XGBoost_grid_1_AutoML_3_20260420_23813_model_3,cov_MULL_lag1,0.18255542168160901
2,0,0.3,XGBoost_grid_1_AutoML_3_20260420_23813_model_3,cov_LUFL_lag1,0.3106393643096089
2,0,0.3,XGBoost_grid_1_AutoML_3_20260420_23813_model_3,cov_LULL_lag1,0.056465089293196755
2,0,0.3,XGBoost_grid_1_AutoML_3_20260420_23813_model_3,cov_OT_lag1,0.2522883141040802
2,0,0.3,XGBoost_grid_1_AutoML_3_20260420_23813_model_3,hour_lag1,1.2874007778055967
2,0,0.3,XGBoost_grid_1_AutoML_3_20260420_23813_model_3,day_of_week_lag1,0.03436429184395815
2,0,0.3,XGBoost_grid_1_AutoML_3_20260420_23813_model_3,month_lag1,0.3583241217327304
2,0,0.3,XGBoost_grid_1_AutoML_3_20260420_23813_model_3,month_sin,0.26657639134675265
2,0,0.3,XGBoost_grid_1_AutoML_3_20260420_23813_model_3,month_cos,0.13763163170777257
2,0,0.3,XGBoost_grid_1_AutoML_3_20260420_23813_model_3,year,0.21539452696219086
2,0,0.3,XGBoost_grid_1_AutoML_3_20260420_23813_model_4,target_lag1,1.9549367332458496
2,0,0.3,XGBoost_grid_1_AutoML_3_20260420_23813_model_4,target_lag2,0.19121472557075322
2,0,0.3,XGBoost_grid_1_AutoML_3_20260420_23813_model_4,target_lag3,0.11925298405345526
2,0,0.3,XGBoost_grid_1_AutoML_3_20260420_23813_model_4,target_lag4,0.11446259632473808
2,0,0.3,XGBoost_grid_1_AutoML_3_20260420_23813_model_4,target_lag5,0.09234267039224502
2,0,0.3,XGBoost_grid_1_AutoML_3_20260420_23813_model_4,target_lag6,0.16434646282345056
2,0,0.3,XGBoost_grid_1_AutoML_3_20260420_23813_model_4,cov_HULL_lag1,0.1639962381822988
2,0,0.3,XGBoost_grid_1_AutoML_3_20260420_23813_model_4,cov_MUFL_lag1,2.8234176217019558
2,0,0.3,XGBoost_grid_1_AutoML_3_20260420_23813_model_4,cov_MULL_lag1,0.19031882712617518
2,0,0.3,XGBoost_grid_1_AutoML_3_20260420_23813_model_4,cov_LUFL_lag1,0.2291131128743291
2,0,0.3,XGBoost_grid_1_AutoML_3_20260420_23813_model_4,cov_LULL_lag1,0.12016105676069852
2,0,0.3,XGBoost_grid_1_AutoML_3_20260420_23813_model_4,cov_OT_lag1,0.2886882472969592
2,0,0.3,XGBoost_grid_1_AutoML_3_20260420_23813_model_4,hour_lag1,2.035329358428717
2,0,0.3,XGBoost_grid_1_AutoML_3_20260420_23813_model_4,day_of_week_lag1,0.04980384722584853
2,0,0.3,XGBoost_grid_1_AutoML_3_20260420_23813_model_4,month_lag1,0.21057900448329747
2,0,0.3,XGBoost_grid_1_AutoML_3_20260420_23813_model_4,month_sin,0.30826606272370555
2,0,0.3,XGBoost_grid_1_AutoML_3_20260420_23813_model_4,month_cos,0.10171675344114188
2,0,0.3,XGBoost_grid_1_AutoML_3_20260420_23813_model_4,year,0.22558548412285745
2,0,0.3,XGBoost_1_AutoML_3_20260420_23813,target_lag1,2.670761957466602
2,0,0.3,XGBoost_1_AutoML_3_20260420_23813,target_lag2,0.48204578103730455
2,0,0.3,XGBoost_1_AutoML_3_20260420_23813,target_lag3,0.21244782702808152
2,0,0.3,XGBoost_1_AutoML_3_20260420_23813,target_lag4,0.3537230058014393
2,0,0.3,XGBoost_1_AutoML_3_20260420_23813,target_lag5,0.1406626319698989
2,0,0.3,XGBoost_1_AutoML_3_20260420_23813,target_lag6,0.14213193442672487
2,0,0.3,XGBoost_1_AutoML_3_20260420_23813,cov_HULL_lag1,0.19319275069981814
2,0,0.3,XGBoost_1_AutoML_3_20260420_23813,cov_MUFL_lag1,1.7318442041566595
2,0,0.3,XGBoost_1_AutoML_3_20260420_23813,cov_MULL_lag1,0.21784885892644523
2,0,0.3,XGBoost_1_AutoML_3_20260420_23813,cov_LUFL_lag1,0.4661903272103518
2,0,0.3,XGBoost_1_AutoML_3_20260420_23813,cov_LULL_lag1,0.11578273030463603
2,0,0.3,XGBoost_1_AutoML_3_20260420_23813,cov_OT_lag1,0.2573904944770038
2,0,0.3,XGBoost_1_AutoML_3_20260420_23813,hour_lag1,1.658865813992452
2,0,0.3,XGBoost_1_AutoML_3_20260420_23813,day_of_week_lag1,0.07018853676796422
2,0,0.3,XGBoost_1_AutoML_3_20260420_23813,month_lag1,0.24897769145609344
2,0,0.3,XGBoost_1_AutoML_3_20260420_23813,month_sin,0.2641777345817536
2,0,0.3,XGBoost_1_AutoML_3_20260420_23813,month_cos,0.09353029654826965
2,0,0.3,XGBoost_1_AutoML_3_20260420_23813,year,0.26485105531290176
0,1,0.02,GLM_1_AutoML_4_20260420_23915,target_lag1,2.839455177824482
0,1,0.02,GLM_1_AutoML_4_20260420_23915,target_lag2,0.07769431299046581
0,1,0.02,GLM_1_AutoML_4_20260420_23915,target_lag3,0.9871029989366933
0,1,0.02,GLM_1_AutoML_4_20260420_23915,target_lag4,0.4796583782605658
0,1,0.02,GLM_1_AutoML_4_20260420_23915,target_lag5,0.09005457847184813
0,1,0.02,GLM_1_AutoML_4_20260420_23915,target_lag6,0.441201986928043
0,1,0.02,GLM_1_AutoML_4_20260420_23915,cov_HULL_lag1,0.06725570185368998
0,1,0.02,GLM_1_AutoML_4_20260420_23915,cov_MUFL_lag1,3.800378118479098
0,1,0.02,GLM_1_AutoML_4_20260420_23915,cov_MULL_lag1,0.005692888244502307
0,1,0.02,GLM_1_AutoML_4_20260420_23915,cov_LUFL_lag1,0.08235469040337716
0,1,0.02,GLM_1_AutoML_4_20260420_23915,cov_LULL_lag1,0.01767057662429719
0,1,0.02,GLM_1_AutoML_4_20260420_23915,cov_OT_lag1,0.0852443564659202
0,1,0.02,GLM_1_AutoML_4_20260420_23915,hour_lag1,0.5160490942659316
0,1,0.02,GLM_1_AutoML_4_20260420_23915,day_of_week_lag1,0.012751038564931696
0,1,0.02,GLM_1_AutoML_4_20260420_23915,month_lag1,0.042266872853746695
0,1,0.02,GLM_1_AutoML_4_20260420_23915,month_sin,0.16395319779782905
0,1,0.02,GLM_1_AutoML_4_20260420_23915,month_cos,0.12280091806007809
0,1,0.02,GLM_1_AutoML_4_20260420_23915,year,0.0
0,1,0.05,GLM_1_AutoML_4_20260420_23915,target_lag1,2.839455177824482
0,1,0.05,GLM_1_AutoML_4_20260420_23915,target_lag2,0.07769431299046581
0,1,0.05,GLM_1_AutoML_4_20260420_23915,target_lag3,0.9871029989366933
0,1,0.05,GLM_1_AutoML_4_20260420_23915,target_lag4,0.4796583782605658
0,1,0.05,GLM_1_AutoML_4_20260420_23915,target_lag5,0.09005457847184813
0,1,0.05,GLM_1_AutoML_4_20260420_23915,target_lag6,0.441201986928043
0,1,0.05,GLM_1_AutoML_4_20260420_23915,cov_HULL_lag1,0.06725570185368998
0,1,0.05,GLM_1_AutoML_4_20260420_23915,cov_MUFL_lag1,3.800378118479098
0,1,0.05,GLM_1_AutoML_4_20260420_23915,cov_MULL_lag1,0.005692888244502307
0,1,0.05,GLM_1_AutoML_4_20260420_23915,cov_LUFL_lag1,0.08235469040337716
0,1,0.05,GLM_1_AutoML_4_20260420_23915,cov_LULL_lag1,0.01767057662429719
0,1,0.05,GLM_1_AutoML_4_20260420_23915,cov_OT_lag1,0.0852443564659202
0,1,0.05,GLM_1_AutoML_4_20260420_23915,hour_lag1,0.5160490942659316
0,1,0.05,GLM_1_AutoML_4_20260420_23915,day_of_week_lag1,0.012751038564931696
0,1,0.05,GLM_1_AutoML_4_20260420_23915,month_lag1,0.042266872853746695
0,1,0.05,GLM_1_AutoML_4_20260420_23915,month_sin,0.16395319779782905
0,1,0.05,GLM_1_AutoML_4_20260420_23915,month_cos,0.12280091806007809
0,1,0.05,GLM_1_AutoML_4_20260420_23915,year,0.0
0,1,0.05,XGBoost_1_AutoML_4_20260420_23915,target_lag1,1.928352627158165
0,1,0.05,XGBoost_1_AutoML_4_20260420_23915,target_lag2,0.5207819169852883
0,1,0.05,XGBoost_1_AutoML_4_20260420_23915,target_lag3,0.2416650028480217
0,1,0.05,XGBoost_1_AutoML_4_20260420_23915,target_lag4,0.16149282590486108
0,1,0.05,XGBoost_1_AutoML_4_20260420_23915,target_lag5,0.09571016166126352
0,1,0.05,XGBoost_1_AutoML_4_20260420_23915,target_lag6,0.18685117159038783
0,1,0.05,XGBoost_1_AutoML_4_20260420_23915,cov_HULL_lag1,0.1341582216415554
0,1,0.05,XGBoost_1_AutoML_4_20260420_23915,cov_MUFL_lag1,1.7971936107426882
0,1,0.05,XGBoost_1_AutoML_4_20260420_23915,cov_MULL_lag1,0.1680294769955799
0,1,0.05,XGBoost_1_AutoML_4_20260420_23915,cov_LUFL_lag1,0.36898449454456567
0,1,0.05,XGBoost_1_AutoML_4_20260420_23915,cov_LULL_lag1,0.12289459004648957
0,1,0.05,XGBoost_1_AutoML_4_20260420_23915,cov_OT_lag1,0.21854401784949004
0,1,0.05,XGBoost_1_AutoML_4_20260420_23915,hour_lag1,0.5503802740946412
0,1,0.05,XGBoost_1_AutoML_4_20260420_23915,day_of_week_lag1,0.06417937479505778
0,1,0.05,XGBoost_1_AutoML_4_20260420_23915,month_lag1,0.06233630701899523
0,1,0.05,XGBoost_1_AutoML_4_20260420_23915,month_sin,0.041512633474776475
0,1,0.05,XGBoost_1_AutoML_4_20260420_23915,month_cos,0.07726373877143483
0,1,0.1,GLM_1_AutoML_4_20260420_23915,target_lag1,2.839455177824482
0,1,0.1,GLM_1_AutoML_4_20260420_23915,target_lag2,0.07769431299046581
0,1,0.1,GLM_1_AutoML_4_20260420_23915,target_lag3,0.9871029989366933
0,1,0.1,GLM_1_AutoML_4_20260420_23915,target_lag4,0.4796583782605658
0,1,0.1,GLM_1_AutoML_4_20260420_23915,target_lag5,0.09005457847184813
0,1,0.1,GLM_1_AutoML_4_20260420_23915,target_lag6,0.441201986928043
0,1,0.1,GLM_1_AutoML_4_20260420_23915,cov_HULL_lag1,0.06725570185368998
0,1,0.1,GLM_1_AutoML_4_20260420_23915,cov_MUFL_lag1,3.800378118479098
0,1,0.1,GLM_1_AutoML_4_20260420_23915,cov_MULL_lag1,0.005692888244502307
0,1,0.1,GLM_1_AutoML_4_20260420_23915,cov_LUFL_lag1,0.08235469040337716
0,1,0.1,GLM_1_AutoML_4_20260420_23915,cov_LULL_lag1,0.01767057662429719
0,1,0.1,GLM_1_AutoML_4_20260420_23915,cov_OT_lag1,0.0852443564659202
0,1,0.1,GLM_1_AutoML_4_20260420_23915,hour_lag1,0.5160490942659316
0,1,0.1,GLM_1_AutoML_4_20260420_23915,day_of_week_lag1,0.012751038564931696
0,1,0.1,GLM_1_AutoML_4_20260420_23915,month_lag1,0.042266872853746695
0,1,0.1,GLM_1_AutoML_4_20260420_23915,month_sin,0.16395319779782905
0,1,0.1,GLM_1_AutoML_4_20260420_23915,month_cos,0.12280091806007809
0,1,0.1,GLM_1_AutoML_4_20260420_23915,year,0.0
0,1,0.1,XGBoost_1_AutoML_4_20260420_23915,target_lag1,1.928352627158165
0,1,0.1,XGBoost_1_AutoML_4_20260420_23915,target_lag2,0.5207819169852883
0,1,0.1,XGBoost_1_AutoML_4_20260420_23915,target_lag3,0.2416650028480217
0,1,0.1,XGBoost_1_AutoML_4_20260420_23915,target_lag4,0.16149282590486108
0,1,0.1,XGBoost_1_AutoML_4_20260420_23915,target_lag5,0.09571016166126352
0,1,0.1,XGBoost_1_AutoML_4_20260420_23915,target_lag6,0.18685117159038783
0,1,0.1,XGBoost_1_AutoML_4_20260420_23915,cov_HULL_lag1,0.1341582216415554
0,1,0.1,XGBoost_1_AutoML_4_20260420_23915,cov_MUFL_lag1,1.7971936107426882
0,1,0.1,XGBoost_1_AutoML_4_20260420_23915,cov_MULL_lag1,0.1680294769955799
0,1,0.1,XGBoost_1_AutoML_4_20260420_23915,cov_LUFL_lag1,0.36898449454456567
0,1,0.1,XGBoost_1_AutoML_4_20260420_23915,cov_LULL_lag1,0.12289459004648957
0,1,0.1,XGBoost_1_AutoML_4_20260420_23915,cov_OT_lag1,0.21854401784949004
0,1,0.1,XGBoost_1_AutoML_4_20260420_23915,hour_lag1,0.5503802740946412
0,1,0.1,XGBoost_1_AutoML_4_20260420_23915,day_of_week_lag1,0.06417937479505778
0,1,0.1,XGBoost_1_AutoML_4_20260420_23915,month_lag1,0.06233630701899523
0,1,0.1,XGBoost_1_AutoML_4_20260420_23915,month_sin,0.041512633474776475
0,1,0.1,XGBoost_1_AutoML_4_20260420_23915,month_cos,0.07726373877143483
0,1,0.1,XGBoost_3_AutoML_4_20260420_23915,target_lag1,2.3993181477859618
0,1,0.1,XGBoost_3_AutoML_4_20260420_23915,target_lag2,0.4209287639660761
0,1,0.1,XGBoost_3_AutoML_4_20260420_23915,target_lag3,0.17336724821478125
0,1,0.1,XGBoost_3_AutoML_4_20260420_23915,target_lag4,0.1304117389209568
0,1,0.1,XGBoost_3_AutoML_4_20260420_23915,target_lag5,0.06160516899544742
0,1,0.1,XGBoost_3_AutoML_4_20260420_23915,target_lag6,0.16600872274604622
0,1,0.1,XGBoost_3_AutoML_4_20260420_23915,cov_HULL_lag1,0.06092322334734487
0,1,0.1,XGBoost_3_AutoML_4_20260420_23915,cov_MUFL_lag1,1.751477310359478
0,1,0.1,XGBoost_3_AutoML_4_20260420_23915,cov_MULL_lag1,0.08668916171416637
0,1,0.1,XGBoost_3_AutoML_4_20260420_23915,cov_LUFL_lag1,0.28774914662353696
0,1,0.1,XGBoost_3_AutoML_4_20260420_23915,cov_LULL_lag1,0.13940489929169414
0,1,0.1,XGBoost_3_AutoML_4_20260420_23915,cov_OT_lag1,0.15729169785976407
0,1,0.1,XGBoost_3_AutoML_4_20260420_23915,hour_lag1,0.46179599840193986
0,1,0.1,XGBoost_3_AutoML_4_20260420_23915,day_of_week_lag1,0.028318743966519778
0,1,0.1,XGBoost_3_AutoML_4_20260420_23915,month_lag1,0.14098174879327413
0,1,0.1,XGBoost_3_AutoML_4_20260420_23915,month_sin,0.05792717166477811
0,1,0.1,XGBoost_3_AutoML_4_20260420_23915,month_cos,0.04804209042864382
0,1,0.1,XGBoost_grid_1_AutoML_4_20260420_23915_model_2,target_lag1,2.269563694000244
0,1,0.1,XGBoost_grid_1_AutoML_4_20260420_23915_model_2,target_lag2,0.3241642188094556
0,1,0.1,XGBoost_grid_1_AutoML_4_20260420_23915_model_2,target_lag3,0.27772482700645923
0,1,0.1,XGBoost_grid_1_AutoML_4_20260420_23915_model_2,target_lag4,0.12008239937014874
0,1,0.1,XGBoost_grid_1_AutoML_4_20260420_23915_model_2,target_lag5,0.07781024521216745
0,1,0.1,XGBoost_grid_1_AutoML_4_20260420_23915_model_2,target_lag6,0.176715636420995
0,1,0.1,XGBoost_grid_1_AutoML_4_20260420_23915_model_2,cov_HULL_lag1,0.0455456266313558
0,1,0.1,XGBoost_grid_1_AutoML_4_20260420_23915_model_2,cov_MUFL_lag1,1.7754069066047669
0,1,0.1,XGBoost_grid_1_AutoML_4_20260420_23915_model_2,cov_MULL_lag1,0.07714523004367943
0,1,0.1,XGBoost_grid_1_AutoML_4_20260420_23915_model_2,cov_LUFL_lag1,0.5182503346726298
0,1,0.1,XGBoost_grid_1_AutoML_4_20260420_23915_model_2,cov_LULL_lag1,0.09455324911978093
0,1,0.1,XGBoost_grid_1_AutoML_4_20260420_23915_model_2,cov_OT_lag1,0.1959599377214908
0,1,0.1,XGBoost_grid_1_AutoML_4_20260420_23915_model_2,hour_lag1,0.48887463327497244
0,1,0.1,XGBoost_grid_1_AutoML_4_20260420_23915_model_2,day_of_week_lag1,0.027825175283214727
0,1,0.1,XGBoost_grid_1_AutoML_4_20260420_23915_model_2,month_lag1,0.23441415335517377
0,1,0.1,XGBoost_grid_1_AutoML_4_20260420_23915_model_2,month_sin,0.014728155740594908
0,1,0.1,XGBoost_grid_1_AutoML_4_20260420_23915_model_2,month_cos,0.08492661524564023
0,1,0.1,GBM_2_AutoML_4_20260420_23915,target_lag1,2.1121117493696513
0,1,0.1,GBM_2_AutoML_4_20260420_23915,target_lag2,0.6780979275144636
0,1,0.1,GBM_2_AutoML_4_20260420_23915,target_lag3,0.1301664254069328
0,1,0.1,GBM_2_AutoML_4_20260420_23915,target_lag4,0.10279527596198018
0,1,0.1,GBM_2_AutoML_4_20260420_23915,target_lag5,0.04245738883037116
0,1,0.1,GBM_2_AutoML_4_20260420_23915,target_lag6,0.09413745911675502
0,1,0.1,GBM_2_AutoML_4_20260420_23915,cov_HULL_lag1,0.05602693868626371
0,1,0.1,GBM_2_AutoML_4_20260420_23915,cov_MUFL_lag1,1.5112892486294731
0,1,0.1,GBM_2_AutoML_4_20260420_23915,cov_MULL_lag1,0.0705794739373959
0,1,0.1,GBM_2_AutoML_4_20260420_23915,cov_LUFL_lag1,0.37076930165290833
0,1,0.1,GBM_2_AutoML_4_20260420_23915,cov_LULL_lag1,0.0513803386565996
0,1,0.1,GBM_2_AutoML_4_20260420_23915,cov_OT_lag1,0.12478796898387369
0,1,0.1,GBM_2_AutoML_4_20260420_23915,hour_lag1,0.4776077721873298
0,1,0.1,GBM_2_AutoML_4_20260420_23915,day_of_week_lag1,0.053030267006251915
0,1,0.1,GBM_2_AutoML_4_20260420_23915,month_lag1,0.059133260548987855
0,1,0.1,GBM_2_AutoML_4_20260420_23915,month_sin,0.05067723026382733
0,1,0.1,GBM_2_AutoML_4_20260420_23915,month_cos,0.029746765529271177
0,1,0.1,GBM_3_AutoML_4_20260420_23915,target_lag1,1.731242401851341
0,1,0.1,GBM_3_AutoML_4_20260420_23915,target_lag2,0.46477210089564325
0,1,0.1,GBM_3_AutoML_4_20260420_23915,target_lag3,0.30759862982667985
0,1,0.1,GBM_3_AutoML_4_20260420_23915,target_lag4,0.10621237215586003
0,1,0.1,GBM_3_AutoML_4_20260420_23915,target_lag5,0.04753067038021976
0,1,0.1,GBM_3_AutoML_4_20260420_23915,target_lag6,0.08807547033065927
0,1,0.1,GBM_3_AutoML_4_20260420_23915,cov_HULL_lag1,0.09902596300147704
0,1,0.1,GBM_3_AutoML_4_20260420_23915,cov_MUFL_lag1,1.7778374490886926
0,1,0.1,GBM_3_AutoML_4_20260420_23915,cov_MULL_lag1,0.054963433491066055
0,1,0.1,GBM_3_AutoML_4_20260420_23915,cov_LUFL_lag1,0.4502806599065661
0,1,0.1,GBM_3_AutoML_4_20260420_23915,cov_LULL_lag1,0.07869247870519754
0,1,0.1,GBM_3_AutoML_4_20260420_23915,cov_OT_lag1,0.18600702255964274
0,1,0.1,GBM_3_AutoML_4_20260420_23915,hour_lag1,0.42698883248667696
0,1,0.1,GBM_3_AutoML_4_20260420_23915,day_of_week_lag1,0.03870323333889242
0,1,0.1,GBM_3_AutoML_4_20260420_23915,month_lag1,0.08091501956805583
0,1,0.1,GBM_3_AutoML_4_20260420_23915,month_sin,0.035619043991900946
0,1,0.1,GBM_3_AutoML_4_20260420_23915,month_cos,0.05521949776251855
0,1,0.1,XGBoost_grid_1_AutoML_4_20260420_23915_model_4,target_lag1,1.6794408633559943
0,1,0.1,XGBoost_grid_1_AutoML_4_20260420_23915_model_4,target_lag2,0.3656420023739338
0,1,0.1,XGBoost_grid_1_AutoML_4_20260420_23915_model_4,target_lag3,0.17277830999810245
0,1,0.1,XGBoost_grid_1_AutoML_4_20260420_23915_model_4,target_lag4,0.10301476144231851
0,1,0.1,XGBoost_grid_1_AutoML_4_20260420_23915_model_4,target_lag5,0.06059578385786149
0,1,0.1,XGBoost_grid_1_AutoML_4_20260420_23915_model_4,target_lag6,0.12057736923918125
0,1,0.1,XGBoost_grid_1_AutoML_4_20260420_23915_model_4,cov_HULL_lag1,0.18439609003951773
0,1,0.1,XGBoost_grid_1_AutoML_4_20260420_23915_model_4,cov_MUFL_lag1,2.3945723688602447
0,1,0.1,XGBoost_grid_1_AutoML_4_20260420_23915_model_4,cov_MULL_lag1,0.05704094169559534
0,1,0.1,XGBoost_grid_1_AutoML_4_20260420_23915_model_4,cov_LUFL_lag1,0.286166333258152
0,1,0.1,XGBoost_grid_1_AutoML_4_20260420_23915_model_4,cov_LULL_lag1,0.08063292055856433
0,1,0.1,XGBoost_grid_1_AutoML_4_20260420_23915_model_4,cov_OT_lag1,0.1608696971740573
0,1,0.1,XGBoost_grid_1_AutoML_4_20260420_23915_model_4,hour_lag1,0.4738689660094678
0,1,0.1,XGBoost_grid_1_AutoML_4_20260420_23915_model_4,day_of_week_lag1,0.03825077160610813
0,1,0.1,XGBoost_grid_1_AutoML_4_20260420_23915_model_4,month_lag1,0.1475042145233601
0,1,0.1,XGBoost_grid_1_AutoML_4_20260420_23915_model_4,month_sin,0.07381214964436363
0,1,0.1,XGBoost_grid_1_AutoML_4_20260420_23915_model_4,month_cos,0.07239102588733655
0,1,0.1,XGBoost_grid_1_AutoML_4_20260420_23915_model_3,target_lag1,1.9683985495567322
0,1,0.1,XGBoost_grid_1_AutoML_4_20260420_23915_model_3,target_lag2,0.19242289166897536
0,1,0.1,XGBoost_grid_1_AutoML_4_20260420_23915_model_3,target_lag3,0.2097134688636288
0,1,0.1,XGBoost_grid_1_AutoML_4_20260420_23915_model_3,target_lag4,0.1311000207997858
0,1,0.1,XGBoost_grid_1_AutoML_4_20260420_23915_model_3,target_lag5,0.11302083019749258
0,1,0.1,XGBoost_grid_1_AutoML_4_20260420_23915_model_3,target_lag6,0.2513497056718916
0,1,0.1,XGBoost_grid_1_AutoML_4_20260420_23915_model_3,cov_HULL_lag1,0.11857799987657923
0,1,0.1,XGBoost_grid_1_AutoML_4_20260420_23915_model_3,cov_MUFL_lag1,2.336214012950659
0,1,0.1,XGBoost_grid_1_AutoML_4_20260420_23915_model_3,cov_MULL_lag1,0.16142595671117302
0,1,0.1,XGBoost_grid_1_AutoML_4_20260420_23915_model_3,cov_LUFL_lag1,0.30126760208047926
0,1,0.1,XGBoost_grid_1_AutoML_4_20260420_23915_model_3,cov_LULL_lag1,0.11675407005765007
0,1,0.1,XGBoost_grid_1_AutoML_4_20260420_23915_model_3,cov_OT_lag1,0.2067707047611475
0,1,0.1,XGBoost_grid_1_AutoML_4_20260420_23915_model_3,hour_lag1,0.5294491704786196
0,1,0.1,XGBoost_grid_1_AutoML_4_20260420_23915_model_3,day_of_week_lag1,0.024108494336251125
0,1,0.1,XGBoost_grid_1_AutoML_4_20260420_23915_model_3,month_lag1,0.06199281511828299
0,1,0.1,XGBoost_grid_1_AutoML_4_20260420_23915_model_3,month_sin,0.13258353138575327
0,1,0.1,XGBoost_grid_1_AutoML_4_20260420_23915_model_3,month_cos,0.03382468704250637
0,1,0.1,XGBoost_grid_1_AutoML_4_20260420_23915_model_5,target_lag1,2.245906674861908
0,1,0.1,XGBoost_grid_1_AutoML_4_20260420_23915_model_5,target_lag2,0.39499531509354713
0,1,0.1,XGBoost_grid_1_AutoML_4_20260420_23915_model_5,target_lag3,0.2658254355471581
0,1,0.1,XGBoost_grid_1_AutoML_4_20260420_23915_model_5,target_lag4,0.14417116589844223
0,1,0.1,XGBoost_grid_1_AutoML_4_20260420_23915_model_5,target_lag5,0.11365332747111094
0,1,0.1,XGBoost_grid_1_AutoML_4_20260420_23915_model_5,target_lag6,0.12194359048968177
0,1,0.1,XGBoost_grid_1_AutoML_4_20260420_23915_model_5,cov_HULL_lag1,0.0840668673533946
0,1,0.1,XGBoost_grid_1_AutoML_4_20260420_23915_model_5,cov_MUFL_lag1,1.657141347322613
0,1,0.1,XGBoost_grid_1_AutoML_4_20260420_23915_model_5,cov_MULL_lag1,0.1541490499489009
0,1,0.1,XGBoost_grid_1_AutoML_4_20260420_23915_model_5,cov_LUFL_lag1,0.25053825445473193
0,1,0.1,XGBoost_grid_1_AutoML_4_20260420_23915_model_5,cov_LULL_lag1,0.12199049657210705
0,1,0.1,XGBoost_grid_1_AutoML_4_20260420_23915_model_5,cov_OT_lag1,0.1817128557828255
0,1,0.1,XGBoost_grid_1_AutoML_4_20260420_23915_model_5,hour_lag1,0.48524665055796506
0,1,0.1,XGBoost_grid_1_AutoML_4_20260420_23915_model_5,day_of_week_lag1,0.042284842659719234
0,1,0.1,XGBoost_grid_1_AutoML_4_20260420_23915_model_5,month_lag1,0.13613369504688305
0,1,0.1,XGBoost_grid_1_AutoML_4_20260420_23915_model_5,month_sin,0.06762887467280958
0,1,0.1,XGBoost_grid_1_AutoML_4_20260420_23915_model_5,month_cos,0.037466075695119755
0,1,0.1,GBM_4_AutoML_4_20260420_23915,target_lag1,2.3659031960368155
0,1,0.1,GBM_4_AutoML_4_20260420_23915,target_lag2,0.1960727932676673
0,1,0.1,GBM_4_AutoML_4_20260420_23915,target_lag3,0.11522880654083563
0,1,0.1,GBM_4_AutoML_4_20260420_23915,target_lag4,0.064599895816209
0,1,0.1,GBM_4_AutoML_4_20260420_23915,target_lag5,0.08789174536708738
0,1,0.1,GBM_4_AutoML_4_20260420_23915,target_lag6,0.05246860108338293
0,1,0.1,GBM_4_AutoML_4_20260420_23915,cov_HULL_lag1,0.1530077329697087
0,1,0.1,GBM_4_AutoML_4_20260420_23915,cov_MUFL_lag1,1.7739673747122289
0,1,0.1,GBM_4_AutoML_4_20260420_23915,cov_MULL_lag1,0.04682514922926199
0,1,0.1,GBM_4_AutoML_4_20260420_23915,cov_LUFL_lag1,0.26283341711387037
0,1,0.1,GBM_4_AutoML_4_20260420_23915,cov_LULL_lag1,0.09279383419081565
0,1,0.1,GBM_4_AutoML_4_20260420_23915,cov_OT_lag1,0.10471090769395229
0,1,0.1,GBM_4_AutoML_4_20260420_23915,hour_lag1,0.40361888960003856
0,1,0.1,GBM_4_AutoML_4_20260420_23915,day_of_week_lag1,0.039862091624527196
0,1,0.1,GBM_4_AutoML_4_20260420_23915,month_lag1,0.11441047057509418
0,1,0.1,GBM_4_AutoML_4_20260420_23915,month_sin,0.023011268811533182
0,1,0.1,GBM_4_AutoML_4_20260420_23915,month_cos,0.03088125029113139
0,1,0.1,GBM_grid_1_AutoML_4_20260420_23915_model_2,target_lag1,1.6460933834314346
0,1,0.1,GBM_grid_1_AutoML_4_20260420_23915_model_2,target_lag2,0.6730422267317772
0,1,0.1,GBM_grid_1_AutoML_4_20260420_23915_model_2,target_lag3,0.11170602709986266
0,1,0.1,GBM_grid_1_AutoML_4_20260420_23915_model_2,target_lag4,0.0248747065570205
0,1,0.1,GBM_grid_1_AutoML_4_20260420_23915_model_2,target_lag5,0.032008885720279025
0,1,0.1,GBM_grid_1_AutoML_4_20260420_23915_model_2,target_lag6,0.11698310625506561
0,1,0.1,GBM_grid_1_AutoML_4_20260420_23915_model_2,cov_HULL_lag1,0.1499283671134617
0,1,0.1,GBM_grid_1_AutoML_4_20260420_23915_model_2,cov_MUFL_lag1,1.9917592813819647
0,1,0.1,GBM_grid_1_AutoML_4_20260420_23915_model_2,cov_MULL_lag1,0.0967867700429633
0,1,0.1,GBM_grid_1_AutoML_4_20260420_23915_model_2,cov_LUFL_lag1,0.2922718198597431
0,1,0.1,GBM_grid_1_AutoML_4_20260420_23915_model_2,cov_LULL_lag1,0.0669317177403718
0,1,0.1,GBM_grid_1_AutoML_4_20260420_23915_model_2,cov_OT_lag1,0.1911349131166935
0,1,0.1,GBM_grid_1_AutoML_4_20260420_23915_model_2,hour_lag1,0.48473954770714045
0,1,0.1,GBM_grid_1_AutoML_4_20260420_23915_model_2,day_of_week_lag1,0.004633369247603667
0,1,0.1,GBM_grid_1_AutoML_4_20260420_23915_model_2,month_lag1,0.11260990411043163
0,1,0.1,GBM_grid_1_AutoML_4_20260420_23915_model_2,month_sin,0.010145938019559209
0,1,0.1,GBM_grid_1_AutoML_4_20260420_23915_model_2,month_cos,0.01509543576277788
0,1,0.1,XGBoost_2_AutoML_4_20260420_23915,target_lag1,1.7957174581289292
0,1,0.1,XGBoost_2_AutoML_4_20260420_23915,target_lag2,0.3110019344789907
0,1,0.1,XGBoost_2_AutoML_4_20260420_23915,target_lag3,0.25726193346548826
0,1,0.1,XGBoost_2_AutoML_4_20260420_23915,target_lag4,0.1693450235342607
0,1,0.1,XGBoost_2_AutoML_4_20260420_23915,target_lag5,0.0830812330730259
0,1,0.1,XGBoost_2_AutoML_4_20260420_23915,target_lag6,0.1418940483801998
0,1,0.1,XGBoost_2_AutoML_4_20260420_23915,cov_HULL_lag1,0.24280577563680708
0,1,0.1,XGBoost_2_AutoML_4_20260420_23915,cov_MUFL_lag1,2.0847642095386982
0,1,0.1,XGBoost_2_AutoML_4_20260420_23915,cov_MULL_lag1,0.1329206084227189
0,1,0.1,XGBoost_2_AutoML_4_20260420_23915,cov_LUFL_lag1,0.3540466230362654
0,1,0.1,XGBoost_2_AutoML_4_20260420_23915,cov_LULL_lag1,0.10752903704764318
0,1,0.1,XGBoost_2_AutoML_4_20260420_23915,cov_OT_lag1,0.21547109057428315
0,1,0.1,XGBoost_2_AutoML_4_20260420_23915,hour_lag1,0.5939591557718813
0,1,0.1,XGBoost_2_AutoML_4_20260420_23915,day_of_week_lag1,0.08013285094872113
0,1,0.1,XGBoost_2_AutoML_4_20260420_23915,month_lag1,0.12725700490700542
0,1,0.1,XGBoost_2_AutoML_4_20260420_23915,month_sin,0.02225814069737675
0,1,0.1,XGBoost_2_AutoML_4_20260420_23915,month_cos,0.0450828044232912
0,1,0.1,GBM_5_AutoML_4_20260420_23915,target_lag1,2.09357314363122
0,1,0.1,GBM_5_AutoML_4_20260420_23915,target_lag2,0.43166269149631264
0,1,0.1,GBM_5_AutoML_4_20260420_23915,target_lag3,0.19619617726653815
0,1,0.1,GBM_5_AutoML_4_20260420_23915,target_lag4,0.05280138961970802
0,1,0.1,GBM_5_AutoML_4_20260420_23915,target_lag5,0.029800944700837093
0,1,0.1,GBM_5_AutoML_4_20260420_23915,target_lag6,0.1099812417500652
0,1,0.1,GBM_5_AutoML_4_20260420_23915,cov_HULL_lag1,0.10841958558186886
0,1,0.1,GBM_5_AutoML_4_20260420_23915,cov_MUFL_lag1,1.6967614107206463
0,1,0.1,GBM_5_AutoML_4_20260420_23915,cov_MULL_lag1,0.1788142321631312
0,1,0.1,GBM_5_AutoML_4_20260420_23915,cov_LUFL_lag1,0.23562712837010621
0,1,0.1,GBM_5_AutoML_4_20260420_23915,cov_LULL_lag1,0.06377184505574401
0,1,0.1,GBM_5_AutoML_4_20260420_23915,cov_OT_lag1,0.16896975625306368
0,1,0.1,GBM_5_AutoML_4_20260420_23915,hour_lag1,0.4550197184085846
0,1,0.1,GBM_5_AutoML_4_20260420_23915,day_of_week_lag1,0.03973549687285408
0,1,0.1,GBM_5_AutoML_4_20260420_23915,month_lag1,0.15132859973236915
0,1,0.1,GBM_5_AutoML_4_20260420_23915,month_sin,0.04701202666852618
0,1,0.1,GBM_5_AutoML_4_20260420_23915,month_cos,0.07190119894919914
0,1,0.1,XGBoost_grid_1_AutoML_4_20260420_23915_model_1,target_lag1,1.619342830986716
0,1,0.1,XGBoost_grid_1_AutoML_4_20260420_23915_model_1,target_lag2,0.5916173835098744
0,1,0.1,XGBoost_grid_1_AutoML_4_20260420_23915_model_1,target_lag3,0.21614784579724072
0,1,0.1,XGBoost_grid_1_AutoML_4_20260420_23915_model_1,target_lag4,0.173633594494313
0,1,0.1,XGBoost_grid_1_AutoML_4_20260420_23915_model_1,target_lag5,0.15327464615460484
0,1,0.1,XGBoost_grid_1_AutoML_4_20260420_23915_model_1,target_lag6,0.14266233741771425
0,1,0.1,XGBoost_grid_1_AutoML_4_20260420_23915_model_1,cov_HULL_lag1,0.11559707287698981
0,1,0.1,XGBoost_grid_1_AutoML_4_20260420_23915_model_1,cov_MUFL_lag1,2.033191761262715
0,1,0.1,XGBoost_grid_1_AutoML_4_20260420_23915_model_1,cov_MULL_lag1,0.1289523169328458
0,1,0.1,XGBoost_grid_1_AutoML_4_20260420_23915_model_1,cov_LUFL_lag1,0.2680691673979163
0,1,0.1,XGBoost_grid_1_AutoML_4_20260420_23915_model_1,cov_LULL_lag1,0.11110684233775825
0,1,0.1,XGBoost_grid_1_AutoML_4_20260420_23915_model_1,cov_OT_lag1,0.19192149462178348
0,1,0.1,XGBoost_grid_1_AutoML_4_20260420_23915_model_1,hour_lag1,0.48435031429864467
0,1,0.1,XGBoost_grid_1_AutoML_4_20260420_23915_model_1,day_of_week_lag1,0.13915130281820892
0,1,0.1,XGBoost_grid_1_AutoML_4_20260420_23915_model_1,month_lag1,0.05876871585729527
0,1,0.1,XGBoost_grid_1_AutoML_4_20260420_23915_model_1,month_sin,0.05305725303711365
0,1,0.1,XGBoost_grid_1_AutoML_4_20260420_23915_model_1,month_cos,0.3126892200205475
0,1,0.2,GLM_1_AutoML_4_20260420_23915,target_lag1,2.839455177824482
0,1,0.2,GLM_1_AutoML_4_20260420_23915,target_lag2,0.07769431299046581
0,1,0.2,GLM_1_AutoML_4_20260420_23915,target_lag3,0.9871029989366933
0,1,0.2,GLM_1_AutoML_4_20260420_23915,target_lag4,0.4796583782605658
0,1,0.2,GLM_1_AutoML_4_20260420_23915,target_lag5,0.09005457847184813
0,1,0.2,GLM_1_AutoML_4_20260420_23915,target_lag6,0.441201986928043
0,1,0.2,GLM_1_AutoML_4_20260420_23915,cov_HULL_lag1,0.06725570185368998
0,1,0.2,GLM_1_AutoML_4_20260420_23915,cov_MUFL_lag1,3.800378118479098
0,1,0.2,GLM_1_AutoML_4_20260420_23915,cov_MULL_lag1,0.005692888244502307
0,1,0.2,GLM_1_AutoML_4_20260420_23915,cov_LUFL_lag1,0.08235469040337716
0,1,0.2,GLM_1_AutoML_4_20260420_23915,cov_LULL_lag1,0.01767057662429719
0,1,0.2,GLM_1_AutoML_4_20260420_23915,cov_OT_lag1,0.0852443564659202
0,1,0.2,GLM_1_AutoML_4_20260420_23915,hour_lag1,0.5160490942659316
0,1,0.2,GLM_1_AutoML_4_20260420_23915,day_of_week_lag1,0.012751038564931696
0,1,0.2,GLM_1_AutoML_4_20260420_23915,month_lag1,0.042266872853746695
0,1,0.2,GLM_1_AutoML_4_20260420_23915,month_sin,0.16395319779782905
0,1,0.2,GLM_1_AutoML_4_20260420_23915,month_cos,0.12280091806007809
0,1,0.2,GLM_1_AutoML_4_20260420_23915,year,0.0
0,1,0.2,XGBoost_1_AutoML_4_20260420_23915,target_lag1,1.928352627158165
0,1,0.2,XGBoost_1_AutoML_4_20260420_23915,target_lag2,0.5207819169852883
0,1,0.2,XGBoost_1_AutoML_4_20260420_23915,target_lag3,0.2416650028480217
0,1,0.2,XGBoost_1_AutoML_4_20260420_23915,target_lag4,0.16149282590486108
0,1,0.2,XGBoost_1_AutoML_4_20260420_23915,target_lag5,0.09571016166126352
0,1,0.2,XGBoost_1_AutoML_4_20260420_23915,target_lag6,0.18685117159038783
0,1,0.2,XGBoost_1_AutoML_4_20260420_23915,cov_HULL_lag1,0.1341582216415554
0,1,0.2,XGBoost_1_AutoML_4_20260420_23915,cov_MUFL_lag1,1.7971936107426882
0,1,0.2,XGBoost_1_AutoML_4_20260420_23915,cov_MULL_lag1,0.1680294769955799
0,1,0.2,XGBoost_1_AutoML_4_20260420_23915,cov_LUFL_lag1,0.36898449454456567
0,1,0.2,XGBoost_1_AutoML_4_20260420_23915,cov_LULL_lag1,0.12289459004648957
0,1,0.2,XGBoost_1_AutoML_4_20260420_23915,cov_OT_lag1,0.21854401784949004
0,1,0.2,XGBoost_1_AutoML_4_20260420_23915,hour_lag1,0.5503802740946412
0,1,0.2,XGBoost_1_AutoML_4_20260420_23915,day_of_week_lag1,0.06417937479505778
0,1,0.2,XGBoost_1_AutoML_4_20260420_23915,month_lag1,0.06233630701899523
0,1,0.2,XGBoost_1_AutoML_4_20260420_23915,month_sin,0.041512633474776475
0,1,0.2,XGBoost_1_AutoML_4_20260420_23915,month_cos,0.07726373877143483
0,1,0.2,XGBoost_3_AutoML_4_20260420_23915,target_lag1,2.3993181477859618
0,1,0.2,XGBoost_3_AutoML_4_20260420_23915,target_lag2,0.4209287639660761
0,1,0.2,XGBoost_3_AutoML_4_20260420_23915,target_lag3,0.17336724821478125
0,1,0.2,XGBoost_3_AutoML_4_20260420_23915,target_lag4,0.1304117389209568
0,1,0.2,XGBoost_3_AutoML_4_20260420_23915,target_lag5,0.06160516899544742
0,1,0.2,XGBoost_3_AutoML_4_20260420_23915,target_lag6,0.16600872274604622
0,1,0.2,XGBoost_3_AutoML_4_20260420_23915,cov_HULL_lag1,0.06092322334734487
0,1,0.2,XGBoost_3_AutoML_4_20260420_23915,cov_MUFL_lag1,1.751477310359478
0,1,0.2,XGBoost_3_AutoML_4_20260420_23915,cov_MULL_lag1,0.08668916171416637
0,1,0.2,XGBoost_3_AutoML_4_20260420_23915,cov_LUFL_lag1,0.28774914662353696
0,1,0.2,XGBoost_3_AutoML_4_20260420_23915,cov_LULL_lag1,0.13940489929169414
0,1,0.2,XGBoost_3_AutoML_4_20260420_23915,cov_OT_lag1,0.15729169785976407
0,1,0.2,XGBoost_3_AutoML_4_20260420_23915,hour_lag1,0.46179599840193986
0,1,0.2,XGBoost_3_AutoML_4_20260420_23915,day_of_week_lag1,0.028318743966519778
0,1,0.2,XGBoost_3_AutoML_4_20260420_23915,month_lag1,0.14098174879327413
0,1,0.2,XGBoost_3_AutoML_4_20260420_23915,month_sin,0.05792717166477811
0,1,0.2,XGBoost_3_AutoML_4_20260420_23915,month_cos,0.04804209042864382
0,1,0.2,XGBoost_grid_1_AutoML_4_20260420_23915_model_2,target_lag1,2.269563694000244
0,1,0.2,XGBoost_grid_1_AutoML_4_20260420_23915_model_2,target_lag2,0.3241642188094556
0,1,0.2,XGBoost_grid_1_AutoML_4_20260420_23915_model_2,target_lag3,0.27772482700645923
0,1,0.2,XGBoost_grid_1_AutoML_4_20260420_23915_model_2,target_lag4,0.12008239937014874
0,1,0.2,XGBoost_grid_1_AutoML_4_20260420_23915_model_2,target_lag5,0.07781024521216745
0,1,0.2,XGBoost_grid_1_AutoML_4_20260420_23915_model_2,target_lag6,0.176715636420995
0,1,0.2,XGBoost_grid_1_AutoML_4_20260420_23915_model_2,cov_HULL_lag1,0.0455456266313558
0,1,0.2,XGBoost_grid_1_AutoML_4_20260420_23915_model_2,cov_MUFL_lag1,1.7754069066047669
0,1,0.2,XGBoost_grid_1_AutoML_4_20260420_23915_model_2,cov_MULL_lag1,0.07714523004367943
0,1,0.2,XGBoost_grid_1_AutoML_4_20260420_23915_model_2,cov_LUFL_lag1,0.5182503346726298
0,1,0.2,XGBoost_grid_1_AutoML_4_20260420_23915_model_2,cov_LULL_lag1,0.09455324911978093
0,1,0.2,XGBoost_grid_1_AutoML_4_20260420_23915_model_2,cov_OT_lag1,0.1959599377214908
0,1,0.2,XGBoost_grid_1_AutoML_4_20260420_23915_model_2,hour_lag1,0.48887463327497244
0,1,0.2,XGBoost_grid_1_AutoML_4_20260420_23915_model_2,day_of_week_lag1,0.027825175283214727
0,1,0.2,XGBoost_grid_1_AutoML_4_20260420_23915_model_2,month_lag1,0.23441415335517377
0,1,0.2,XGBoost_grid_1_AutoML_4_20260420_23915_model_2,month_sin,0.014728155740594908
0,1,0.2,XGBoost_grid_1_AutoML_4_20260420_23915_model_2,month_cos,0.08492661524564023
0,1,0.2,GBM_2_AutoML_4_20260420_23915,target_lag1,2.1121117493696513
0,1,0.2,GBM_2_AutoML_4_20260420_23915,target_lag2,0.6780979275144636
0,1,0.2,GBM_2_AutoML_4_20260420_23915,target_lag3,0.1301664254069328
0,1,0.2,GBM_2_AutoML_4_20260420_23915,target_lag4,0.10279527596198018
0,1,0.2,GBM_2_AutoML_4_20260420_23915,target_lag5,0.04245738883037116
0,1,0.2,GBM_2_AutoML_4_20260420_23915,target_lag6,0.09413745911675502
0,1,0.2,GBM_2_AutoML_4_20260420_23915,cov_HULL_lag1,0.05602693868626371
0,1,0.2,GBM_2_AutoML_4_20260420_23915,cov_MUFL_lag1,1.5112892486294731
0,1,0.2,GBM_2_AutoML_4_20260420_23915,cov_MULL_lag1,0.0705794739373959
0,1,0.2,GBM_2_AutoML_4_20260420_23915,cov_LUFL_lag1,0.37076930165290833
0,1,0.2,GBM_2_AutoML_4_20260420_23915,cov_LULL_lag1,0.0513803386565996
0,1,0.2,GBM_2_AutoML_4_20260420_23915,cov_OT_lag1,0.12478796898387369
0,1,0.2,GBM_2_AutoML_4_20260420_23915,hour_lag1,0.4776077721873298
0,1,0.2,GBM_2_AutoML_4_20260420_23915,day_of_week_lag1,0.053030267006251915
0,1,0.2,GBM_2_AutoML_4_20260420_23915,month_lag1,0.059133260548987855
0,1,0.2,GBM_2_AutoML_4_20260420_23915,month_sin,0.05067723026382733
0,1,0.2,GBM_2_AutoML_4_20260420_23915,month_cos,0.029746765529271177
0,1,0.2,GBM_3_AutoML_4_20260420_23915,target_lag1,1.731242401851341
0,1,0.2,GBM_3_AutoML_4_20260420_23915,target_lag2,0.46477210089564325
0,1,0.2,GBM_3_AutoML_4_20260420_23915,target_lag3,0.30759862982667985
0,1,0.2,GBM_3_AutoML_4_20260420_23915,target_lag4,0.10621237215586003
0,1,0.2,GBM_3_AutoML_4_20260420_23915,target_lag5,0.04753067038021976
0,1,0.2,GBM_3_AutoML_4_20260420_23915,target_lag6,0.08807547033065927
0,1,0.2,GBM_3_AutoML_4_20260420_23915,cov_HULL_lag1,0.09902596300147704
0,1,0.2,GBM_3_AutoML_4_20260420_23915,cov_MUFL_lag1,1.7778374490886926
0,1,0.2,GBM_3_AutoML_4_20260420_23915,cov_MULL_lag1,0.054963433491066055
0,1,0.2,GBM_3_AutoML_4_20260420_23915,cov_LUFL_lag1,0.4502806599065661
0,1,0.2,GBM_3_AutoML_4_20260420_23915,cov_LULL_lag1,0.07869247870519754
0,1,0.2,GBM_3_AutoML_4_20260420_23915,cov_OT_lag1,0.18600702255964274
0,1,0.2,GBM_3_AutoML_4_20260420_23915,hour_lag1,0.42698883248667696
0,1,0.2,GBM_3_AutoML_4_20260420_23915,day_of_week_lag1,0.03870323333889242
0,1,0.2,GBM_3_AutoML_4_20260420_23915,month_lag1,0.08091501956805583
0,1,0.2,GBM_3_AutoML_4_20260420_23915,month_sin,0.035619043991900946
0,1,0.2,GBM_3_AutoML_4_20260420_23915,month_cos,0.05521949776251855
0,1,0.2,XGBoost_grid_1_AutoML_4_20260420_23915_model_4,target_lag1,1.6794408633559943
0,1,0.2,XGBoost_grid_1_AutoML_4_20260420_23915_model_4,target_lag2,0.3656420023739338
0,1,0.2,XGBoost_grid_1_AutoML_4_20260420_23915_model_4,target_lag3,0.17277830999810245
0,1,0.2,XGBoost_grid_1_AutoML_4_20260420_23915_model_4,target_lag4,0.10301476144231851
0,1,0.2,XGBoost_grid_1_AutoML_4_20260420_23915_model_4,target_lag5,0.06059578385786149
0,1,0.2,XGBoost_grid_1_AutoML_4_20260420_23915_model_4,target_lag6,0.12057736923918125
0,1,0.2,XGBoost_grid_1_AutoML_4_20260420_23915_model_4,cov_HULL_lag1,0.18439609003951773
0,1,0.2,XGBoost_grid_1_AutoML_4_20260420_23915_model_4,cov_MUFL_lag1,2.3945723688602447
0,1,0.2,XGBoost_grid_1_AutoML_4_20260420_23915_model_4,cov_MULL_lag1,0.05704094169559534
0,1,0.2,XGBoost_grid_1_AutoML_4_20260420_23915_model_4,cov_LUFL_lag1,0.286166333258152
0,1,0.2,XGBoost_grid_1_AutoML_4_20260420_23915_model_4,cov_LULL_lag1,0.08063292055856433
0,1,0.2,XGBoost_grid_1_AutoML_4_20260420_23915_model_4,cov_OT_lag1,0.1608696971740573
0,1,0.2,XGBoost_grid_1_AutoML_4_20260420_23915_model_4,hour_lag1,0.4738689660094678
0,1,0.2,XGBoost_grid_1_AutoML_4_20260420_23915_model_4,day_of_week_lag1,0.03825077160610813
0,1,0.2,XGBoost_grid_1_AutoML_4_20260420_23915_model_4,month_lag1,0.1475042145233601
0,1,0.2,XGBoost_grid_1_AutoML_4_20260420_23915_model_4,month_sin,0.07381214964436363
0,1,0.2,XGBoost_grid_1_AutoML_4_20260420_23915_model_4,month_cos,0.07239102588733655
0,1,0.2,XGBoost_grid_1_AutoML_4_20260420_23915_model_3,target_lag1,1.9683985495567322
0,1,0.2,XGBoost_grid_1_AutoML_4_20260420_23915_model_3,target_lag2,0.19242289166897536
0,1,0.2,XGBoost_grid_1_AutoML_4_20260420_23915_model_3,target_lag3,0.2097134688636288
0,1,0.2,XGBoost_grid_1_AutoML_4_20260420_23915_model_3,target_lag4,0.1311000207997858
0,1,0.2,XGBoost_grid_1_AutoML_4_20260420_23915_model_3,target_lag5,0.11302083019749258
0,1,0.2,XGBoost_grid_1_AutoML_4_20260420_23915_model_3,target_lag6,0.2513497056718916
0,1,0.2,XGBoost_grid_1_AutoML_4_20260420_23915_model_3,cov_HULL_lag1,0.11857799987657923
0,1,0.2,XGBoost_grid_1_AutoML_4_20260420_23915_model_3,cov_MUFL_lag1,2.336214012950659
0,1,0.2,XGBoost_grid_1_AutoML_4_20260420_23915_model_3,cov_MULL_lag1,0.16142595671117302
0,1,0.2,XGBoost_grid_1_AutoML_4_20260420_23915_model_3,cov_LUFL_lag1,0.30126760208047926
0,1,0.2,XGBoost_grid_1_AutoML_4_20260420_23915_model_3,cov_LULL_lag1,0.11675407005765007
0,1,0.2,XGBoost_grid_1_AutoML_4_20260420_23915_model_3,cov_OT_lag1,0.2067707047611475
0,1,0.2,XGBoost_grid_1_AutoML_4_20260420_23915_model_3,hour_lag1,0.5294491704786196
0,1,0.2,XGBoost_grid_1_AutoML_4_20260420_23915_model_3,day_of_week_lag1,0.024108494336251125
0,1,0.2,XGBoost_grid_1_AutoML_4_20260420_23915_model_3,month_lag1,0.06199281511828299
0,1,0.2,XGBoost_grid_1_AutoML_4_20260420_23915_model_3,month_sin,0.13258353138575327
0,1,0.2,XGBoost_grid_1_AutoML_4_20260420_23915_model_3,month_cos,0.03382468704250637
0,1,0.2,XGBoost_grid_1_AutoML_4_20260420_23915_model_5,target_lag1,2.245906674861908
0,1,0.2,XGBoost_grid_1_AutoML_4_20260420_23915_model_5,target_lag2,0.39499531509354713
0,1,0.2,XGBoost_grid_1_AutoML_4_20260420_23915_model_5,target_lag3,0.2658254355471581
0,1,0.2,XGBoost_grid_1_AutoML_4_20260420_23915_model_5,target_lag4,0.14417116589844223
0,1,0.2,XGBoost_grid_1_AutoML_4_20260420_23915_model_5,target_lag5,0.11365332747111094
0,1,0.2,XGBoost_grid_1_AutoML_4_20260420_23915_model_5,target_lag6,0.12194359048968177
0,1,0.2,XGBoost_grid_1_AutoML_4_20260420_23915_model_5,cov_HULL_lag1,0.0840668673533946
0,1,0.2,XGBoost_grid_1_AutoML_4_20260420_23915_model_5,cov_MUFL_lag1,1.657141347322613
0,1,0.2,XGBoost_grid_1_AutoML_4_20260420_23915_model_5,cov_MULL_lag1,0.1541490499489009
0,1,0.2,XGBoost_grid_1_AutoML_4_20260420_23915_model_5,cov_LUFL_lag1,0.25053825445473193
0,1,0.2,XGBoost_grid_1_AutoML_4_20260420_23915_model_5,cov_LULL_lag1,0.12199049657210705
0,1,0.2,XGBoost_grid_1_AutoML_4_20260420_23915_model_5,cov_OT_lag1,0.1817128557828255
0,1,0.2,XGBoost_grid_1_AutoML_4_20260420_23915_model_5,hour_lag1,0.48524665055796506
0,1,0.2,XGBoost_grid_1_AutoML_4_20260420_23915_model_5,day_of_week_lag1,0.042284842659719234
0,1,0.2,XGBoost_grid_1_AutoML_4_20260420_23915_model_5,month_lag1,0.13613369504688305
0,1,0.2,XGBoost_grid_1_AutoML_4_20260420_23915_model_5,month_sin,0.06762887467280958
0,1,0.2,XGBoost_grid_1_AutoML_4_20260420_23915_model_5,month_cos,0.037466075695119755
0,1,0.2,GBM_4_AutoML_4_20260420_23915,target_lag1,2.3659031960368155
0,1,0.2,GBM_4_AutoML_4_20260420_23915,target_lag2,0.1960727932676673
0,1,0.2,GBM_4_AutoML_4_20260420_23915,target_lag3,0.11522880654083563
0,1,0.2,GBM_4_AutoML_4_20260420_23915,target_lag4,0.064599895816209
0,1,0.2,GBM_4_AutoML_4_20260420_23915,target_lag5,0.08789174536708738
0,1,0.2,GBM_4_AutoML_4_20260420_23915,target_lag6,0.05246860108338293
0,1,0.2,GBM_4_AutoML_4_20260420_23915,cov_HULL_lag1,0.1530077329697087
0,1,0.2,GBM_4_AutoML_4_20260420_23915,cov_MUFL_lag1,1.7739673747122289
0,1,0.2,GBM_4_AutoML_4_20260420_23915,cov_MULL_lag1,0.04682514922926199
0,1,0.2,GBM_4_AutoML_4_20260420_23915,cov_LUFL_lag1,0.26283341711387037
0,1,0.2,GBM_4_AutoML_4_20260420_23915,cov_LULL_lag1,0.09279383419081565
0,1,0.2,GBM_4_AutoML_4_20260420_23915,cov_OT_lag1,0.10471090769395229
0,1,0.2,GBM_4_AutoML_4_20260420_23915,hour_lag1,0.40361888960003856
0,1,0.2,GBM_4_AutoML_4_20260420_23915,day_of_week_lag1,0.039862091624527196
0,1,0.2,GBM_4_AutoML_4_20260420_23915,month_lag1,0.11441047057509418
0,1,0.2,GBM_4_AutoML_4_20260420_23915,month_sin,0.023011268811533182
0,1,0.2,GBM_4_AutoML_4_20260420_23915,month_cos,0.03088125029113139
0,1,0.2,GBM_grid_1_AutoML_4_20260420_23915_model_2,target_lag1,1.6460933834314346
0,1,0.2,GBM_grid_1_AutoML_4_20260420_23915_model_2,target_lag2,0.6730422267317772
0,1,0.2,GBM_grid_1_AutoML_4_20260420_23915_model_2,target_lag3,0.11170602709986266
0,1,0.2,GBM_grid_1_AutoML_4_20260420_23915_model_2,target_lag4,0.0248747065570205
0,1,0.2,GBM_grid_1_AutoML_4_20260420_23915_model_2,target_lag5,0.032008885720279025
0,1,0.2,GBM_grid_1_AutoML_4_20260420_23915_model_2,target_lag6,0.11698310625506561
0,1,0.2,GBM_grid_1_AutoML_4_20260420_23915_model_2,cov_HULL_lag1,0.1499283671134617
0,1,0.2,GBM_grid_1_AutoML_4_20260420_23915_model_2,cov_MUFL_lag1,1.9917592813819647
0,1,0.2,GBM_grid_1_AutoML_4_20260420_23915_model_2,cov_MULL_lag1,0.0967867700429633
0,1,0.2,GBM_grid_1_AutoML_4_20260420_23915_model_2,cov_LUFL_lag1,0.2922718198597431
0,1,0.2,GBM_grid_1_AutoML_4_20260420_23915_model_2,cov_LULL_lag1,0.0669317177403718
0,1,0.2,GBM_grid_1_AutoML_4_20260420_23915_model_2,cov_OT_lag1,0.1911349131166935
0,1,0.2,GBM_grid_1_AutoML_4_20260420_23915_model_2,hour_lag1,0.48473954770714045
0,1,0.2,GBM_grid_1_AutoML_4_20260420_23915_model_2,day_of_week_lag1,0.004633369247603667
0,1,0.2,GBM_grid_1_AutoML_4_20260420_23915_model_2,month_lag1,0.11260990411043163
0,1,0.2,GBM_grid_1_AutoML_4_20260420_23915_model_2,month_sin,0.010145938019559209
0,1,0.2,GBM_grid_1_AutoML_4_20260420_23915_model_2,month_cos,0.01509543576277788
0,1,0.2,XGBoost_2_AutoML_4_20260420_23915,target_lag1,1.7957174581289292
0,1,0.2,XGBoost_2_AutoML_4_20260420_23915,target_lag2,0.3110019344789907
0,1,0.2,XGBoost_2_AutoML_4_20260420_23915,target_lag3,0.25726193346548826
0,1,0.2,XGBoost_2_AutoML_4_20260420_23915,target_lag4,0.1693450235342607
0,1,0.2,XGBoost_2_AutoML_4_20260420_23915,target_lag5,0.0830812330730259
0,1,0.2,XGBoost_2_AutoML_4_20260420_23915,target_lag6,0.1418940483801998
0,1,0.2,XGBoost_2_AutoML_4_20260420_23915,cov_HULL_lag1,0.24280577563680708
0,1,0.2,XGBoost_2_AutoML_4_20260420_23915,cov_MUFL_lag1,2.0847642095386982
0,1,0.2,XGBoost_2_AutoML_4_20260420_23915,cov_MULL_lag1,0.1329206084227189
0,1,0.2,XGBoost_2_AutoML_4_20260420_23915,cov_LUFL_lag1,0.3540466230362654
0,1,0.2,XGBoost_2_AutoML_4_20260420_23915,cov_LULL_lag1,0.10752903704764318
0,1,0.2,XGBoost_2_AutoML_4_20260420_23915,cov_OT_lag1,0.21547109057428315
0,1,0.2,XGBoost_2_AutoML_4_20260420_23915,hour_lag1,0.5939591557718813
0,1,0.2,XGBoost_2_AutoML_4_20260420_23915,day_of_week_lag1,0.08013285094872113
0,1,0.2,XGBoost_2_AutoML_4_20260420_23915,month_lag1,0.12725700490700542
0,1,0.2,XGBoost_2_AutoML_4_20260420_23915,month_sin,0.02225814069737675
0,1,0.2,XGBoost_2_AutoML_4_20260420_23915,month_cos,0.0450828044232912
0,1,0.2,GBM_5_AutoML_4_20260420_23915,target_lag1,2.09357314363122
0,1,0.2,GBM_5_AutoML_4_20260420_23915,target_lag2,0.43166269149631264
0,1,0.2,GBM_5_AutoML_4_20260420_23915,target_lag3,0.19619617726653815
0,1,0.2,GBM_5_AutoML_4_20260420_23915,target_lag4,0.05280138961970802
0,1,0.2,GBM_5_AutoML_4_20260420_23915,target_lag5,0.029800944700837093
0,1,0.2,GBM_5_AutoML_4_20260420_23915,target_lag6,0.1099812417500652
0,1,0.2,GBM_5_AutoML_4_20260420_23915,cov_HULL_lag1,0.10841958558186886
0,1,0.2,GBM_5_AutoML_4_20260420_23915,cov_MUFL_lag1,1.6967614107206463
0,1,0.2,GBM_5_AutoML_4_20260420_23915,cov_MULL_lag1,0.1788142321631312
0,1,0.2,GBM_5_AutoML_4_20260420_23915,cov_LUFL_lag1,0.23562712837010621
0,1,0.2,GBM_5_AutoML_4_20260420_23915,cov_LULL_lag1,0.06377184505574401
0,1,0.2,GBM_5_AutoML_4_20260420_23915,cov_OT_lag1,0.16896975625306368
0,1,0.2,GBM_5_AutoML_4_20260420_23915,hour_lag1,0.4550197184085846
0,1,0.2,GBM_5_AutoML_4_20260420_23915,day_of_week_lag1,0.03973549687285408
0,1,0.2,GBM_5_AutoML_4_20260420_23915,month_lag1,0.15132859973236915
0,1,0.2,GBM_5_AutoML_4_20260420_23915,month_sin,0.04701202666852618
0,1,0.2,GBM_5_AutoML_4_20260420_23915,month_cos,0.07190119894919914
0,1,0.2,XGBoost_grid_1_AutoML_4_20260420_23915_model_1,target_lag1,1.619342830986716
0,1,0.2,XGBoost_grid_1_AutoML_4_20260420_23915_model_1,target_lag2,0.5916173835098744
0,1,0.2,XGBoost_grid_1_AutoML_4_20260420_23915_model_1,target_lag3,0.21614784579724072
0,1,0.2,XGBoost_grid_1_AutoML_4_20260420_23915_model_1,target_lag4,0.173633594494313
0,1,0.2,XGBoost_grid_1_AutoML_4_20260420_23915_model_1,target_lag5,0.15327464615460484
0,1,0.2,XGBoost_grid_1_AutoML_4_20260420_23915_model_1,target_lag6,0.14266233741771425
0,1,0.2,XGBoost_grid_1_AutoML_4_20260420_23915_model_1,cov_HULL_lag1,0.11559707287698981
0,1,0.2,XGBoost_grid_1_AutoML_4_20260420_23915_model_1,cov_MUFL_lag1,2.033191761262715
0,1,0.2,XGBoost_grid_1_AutoML_4_20260420_23915_model_1,cov_MULL_lag1,0.1289523169328458
0,1,0.2,XGBoost_grid_1_AutoML_4_20260420_23915_model_1,cov_LUFL_lag1,0.2680691673979163
0,1,0.2,XGBoost_grid_1_AutoML_4_20260420_23915_model_1,cov_LULL_lag1,0.11110684233775825
0,1,0.2,XGBoost_grid_1_AutoML_4_20260420_23915_model_1,cov_OT_lag1,0.19192149462178348
0,1,0.2,XGBoost_grid_1_AutoML_4_20260420_23915_model_1,hour_lag1,0.48435031429864467
0,1,0.2,XGBoost_grid_1_AutoML_4_20260420_23915_model_1,day_of_week_lag1,0.13915130281820892
0,1,0.2,XGBoost_grid_1_AutoML_4_20260420_23915_model_1,month_lag1,0.05876871585729527
0,1,0.2,XGBoost_grid_1_AutoML_4_20260420_23915_model_1,month_sin,0.05305725303711365
0,1,0.2,XGBoost_grid_1_AutoML_4_20260420_23915_model_1,month_cos,0.3126892200205475
0,1,0.2,DRF_1_AutoML_4_20260420_23915,target_lag1,1.1325236170738935
0,1,0.2,DRF_1_AutoML_4_20260420_23915,target_lag2,0.6289729645848274
0,1,0.2,DRF_1_AutoML_4_20260420_23915,target_lag3,0.3441568032791838
0,1,0.2,DRF_1_AutoML_4_20260420_23915,target_lag4,0.1515342983976006
0,1,0.2,DRF_1_AutoML_4_20260420_23915,target_lag5,0.059540481576696
0,1,0.2,DRF_1_AutoML_4_20260420_23915,target_lag6,0.12173237226204943
0,1,0.2,DRF_1_AutoML_4_20260420_23915,cov_HULL_lag1,0.09397847526590336
0,1,0.2,DRF_1_AutoML_4_20260420_23915,cov_MUFL_lag1,1.015738409049809
0,1,0.2,DRF_1_AutoML_4_20260420_23915,cov_MULL_lag1,0.0670791335497051
0,1,0.2,DRF_1_AutoML_4_20260420_23915,cov_LUFL_lag1,0.6003025317192078
0,1,0.2,DRF_1_AutoML_4_20260420_23915,cov_LULL_lag1,0.04237464883364733
0,1,0.2,DRF_1_AutoML_4_20260420_23915,cov_OT_lag1,0.061555221844464506
0,1,0.2,DRF_1_AutoML_4_20260420_23915,hour_lag1,0.28325546513311567
0,1,0.2,DRF_1_AutoML_4_20260420_23915,day_of_week_lag1,0.030834237595554388
0,1,0.2,DRF_1_AutoML_4_20260420_23915,month_lag1,0.255104121081531
0,1,0.2,DRF_1_AutoML_4_20260420_23915,month_sin,0.018301721876487088
0,1,0.2,DRF_1_AutoML_4_20260420_23915,month_cos,0.061368459428194855
0,1,0.2,XRT_1_AutoML_4_20260420_23915,target_lag1,1.2180697691813112
0,1,0.2,XRT_1_AutoML_4_20260420_23915,target_lag2,0.7344662275910377
0,1,0.2,XRT_1_AutoML_4_20260420_23915,target_lag3,0.4118054610490799
0,1,0.2,XRT_1_AutoML_4_20260420_23915,target_lag4,0.26934498630464077
0,1,0.2,XRT_1_AutoML_4_20260420_23915,target_lag5,0.07853794461581852
0,1,0.2,XRT_1_AutoML_4_20260420_23915,target_lag6,0.07430750957690176
0,1,0.2,XRT_1_AutoML_4_20260420_23915,cov_HULL_lag1,0.12141432545729909
0,1,0.2,XRT_1_AutoML_4_20260420_23915,cov_MUFL_lag1,1.2160504501592369
0,1,0.2,XRT_1_AutoML_4_20260420_23915,cov_MULL_lag1,0.049132895362563385
0,1,0.2,XRT_1_AutoML_4_20260420_23915,cov_LUFL_lag1,0.4708759315311909
0,1,0.2,XRT_1_AutoML_4_20260420_23915,cov_LULL_lag1,0.06911820718087251
0,1,0.2,XRT_1_AutoML_4_20260420_23915,cov_OT_lag1,0.08824830012410527
0,1,0.2,XRT_1_AutoML_4_20260420_23915,hour_lag1,0.35082898518070577
0,1,0.2,XRT_1_AutoML_4_20260420_23915,day_of_week_lag1,0.07455627237359291
0,1,0.2,XRT_1_AutoML_4_20260420_23915,month_lag1,0.13988503776490685
0,1,0.2,XRT_1_AutoML_4_20260420_23915,month_sin,0.03522254555835384
0,1,0.2,XRT_1_AutoML_4_20260420_23915,month_cos,0.13047995532862838
0,1,0.2,XGBoost_grid_1_AutoML_4_20260420_23915_model_6,target_lag1,1.7861726370453834
0,1,0.2,XGBoost_grid_1_AutoML_4_20260420_23915_model_6,target_lag2,0.2758601749630179
0,1,0.2,XGBoost_grid_1_AutoML_4_20260420_23915_model_6,target_lag3,0.2864622741565108
0,1,0.2,XGBoost_grid_1_AutoML_4_20260420_23915_model_6,target_lag4,0.5025635732803494
0,1,0.2,XGBoost_grid_1_AutoML_4_20260420_23915_model_6,target_lag5,0.10604356965981421
0,1,0.2,XGBoost_grid_1_AutoML_4_20260420_23915_model_6,target_lag6,0.1730015545082278
0,1,0.2,XGBoost_grid_1_AutoML_4_20260420_23915_model_6,cov_HULL_lag1,0.1041264332324499
0,1,0.2,XGBoost_grid_1_AutoML_4_20260420_23915_model_6,cov_MUFL_lag1,2.1667140990495684
0,1,0.2,XGBoost_grid_1_AutoML_4_20260420_23915_model_6,cov_MULL_lag1,0.09896030020900067
0,1,0.2,XGBoost_grid_1_AutoML_4_20260420_23915_model_6,cov_LUFL_lag1,0.33332734636962413
0,1,0.2,XGBoost_grid_1_AutoML_4_20260420_23915_model_6,cov_LULL_lag1,0.17721954509615898
0,1,0.2,XGBoost_grid_1_AutoML_4_20260420_23915_model_6,cov_OT_lag1,0.24524315690156073
0,1,0.2,XGBoost_grid_1_AutoML_4_20260420_23915_model_6,hour_lag1,0.5532084036991001
0,1,0.2,XGBoost_grid_1_AutoML_4_20260420_23915_model_6,day_of_week_lag1,0.09161019490566101
0,1,0.2,XGBoost_grid_1_AutoML_4_20260420_23915_model_6,month_lag1,0.049975791664328376
0,1,0.2,XGBoost_grid_1_AutoML_4_20260420_23915_model_6,month_sin,0.0770675609912723
0,1,0.2,XGBoost_grid_1_AutoML_4_20260420_23915_model_6,month_cos,0.21026912281289697
0,1,0.2,GBM_1_AutoML_4_20260420_23915,target_lag1,1.7164982426166535
0,1,0.2,GBM_1_AutoML_4_20260420_23915,target_lag2,0.36127787694334984
0,1,0.2,GBM_1_AutoML_4_20260420_23915,target_lag3,0.27318204756826164
0,1,0.2,GBM_1_AutoML_4_20260420_23915,target_lag4,0.17541754593141376
0,1,0.2,GBM_1_AutoML_4_20260420_23915,target_lag5,0.08571522283367809
0,1,0.2,GBM_1_AutoML_4_20260420_23915,target_lag6,0.07736614097491834
0,1,0.2,GBM_1_AutoML_4_20260420_23915,cov_HULL_lag1,0.01630055581568736
0,1,0.2,GBM_1_AutoML_4_20260420_23915,cov_MUFL_lag1,1.6899109976366162
0,1,0.2,GBM_1_AutoML_4_20260420_23915,cov_MULL_lag1,0.05682557070162142
0,1,0.2,GBM_1_AutoML_4_20260420_23915,cov_LUFL_lag1,0.34116828083992007
0,1,0.2,GBM_1_AutoML_4_20260420_23915,cov_LULL_lag1,0.06436077949590975
0,1,0.2,GBM_1_AutoML_4_20260420_23915,cov_OT_lag1,0.1574758733063936
0,1,0.2,GBM_1_AutoML_4_20260420_23915,hour_lag1,0.49355526197701693
0,1,0.2,GBM_1_AutoML_4_20260420_23915,day_of_week_lag1,0.006717084293632031
0,1,0.2,GBM_1_AutoML_4_20260420_23915,month_lag1,0.12083799831569192
0,1,0.2,GBM_1_AutoML_4_20260420_23915,month_sin,0.02202620745869349
0,1,0.2,GBM_1_AutoML_4_20260420_23915,month_cos,0.01970868101634546
0,1,0.2,GBM_grid_1_AutoML_4_20260420_23915_model_3,target_lag1,1.126805741833523
0,1,0.2,GBM_grid_1_AutoML_4_20260420_23915_model_3,target_lag2,0.8960449326038361
0,1,0.2,GBM_grid_1_AutoML_4_20260420_23915_model_3,target_lag3,0.30913789646700024
0,1,0.2,GBM_grid_1_AutoML_4_20260420_23915_model_3,target_lag4,0.2258067477494478
0,1,0.2,GBM_grid_1_AutoML_4_20260420_23915_model_3,target_lag5,0.10056089473888274
0,1,0.2,GBM_grid_1_AutoML_4_20260420_23915_model_3,target_lag6,0.2037274249456823
0,1,0.2,GBM_grid_1_AutoML_4_20260420_23915_model_3,cov_HULL_lag1,0.11741436688695099
0,1,0.2,GBM_grid_1_AutoML_4_20260420_23915_model_3,cov_MUFL_lag1,1.2673123647272586
0,1,0.2,GBM_grid_1_AutoML_4_20260420_23915_model_3,cov_MULL_lag1,0.08764935333980244
0,1,0.2,GBM_grid_1_AutoML_4_20260420_23915_model_3,cov_LUFL_lag1,0.4990647792816162
0,1,0.2,GBM_grid_1_AutoML_4_20260420_23915_model_3,cov_LULL_lag1,0.0664671914838254
0,1,0.2,GBM_grid_1_AutoML_4_20260420_23915_model_3,cov_OT_lag1,0.13433421667199577
0,1,0.2,GBM_grid_1_AutoML_4_20260420_23915_model_3,hour_lag1,0.5215330895734951
0,1,0.2,GBM_grid_1_AutoML_4_20260420_23915_model_3,day_of_week_lag1,0.02031006728066127
0,1,0.2,GBM_grid_1_AutoML_4_20260420_23915_model_3,month_lag1,0.25545215621590617
0,1,0.2,GBM_grid_1_AutoML_4_20260420_23915_model_3,month_sin,0.019441828937851784
0,1,0.2,GBM_grid_1_AutoML_4_20260420_23915_model_3,month_cos,0.16005101561546323
0,1,0.2,GBM_grid_1_AutoML_4_20260420_23915_model_1,target_lag1,1.4154923512414097
0,1,0.2,GBM_grid_1_AutoML_4_20260420_23915_model_1,target_lag2,0.32404609136283397
0,1,0.2,GBM_grid_1_AutoML_4_20260420_23915_model_1,target_lag3,0.9492056533694267
0,1,0.2,GBM_grid_1_AutoML_4_20260420_23915_model_1,target_lag4,0.13140977365896103
0,1,0.2,GBM_grid_1_AutoML_4_20260420_23915_model_1,target_lag5,0.16223030037246639
0,1,0.2,GBM_grid_1_AutoML_4_20260420_23915_model_1,target_lag6,0.04936956128542074
0,1,0.2,GBM_grid_1_AutoML_4_20260420_23915_model_1,cov_HULL_lag1,0.06103027090197424
0,1,0.2,GBM_grid_1_AutoML_4_20260420_23915_model_1,cov_MUFL_lag1,0.879224290526472
0,1,0.2,GBM_grid_1_AutoML_4_20260420_23915_model_1,cov_MULL_lag1,0.10942149226553735
0,1,0.2,GBM_grid_1_AutoML_4_20260420_23915_model_1,cov_LUFL_lag1,0.6259716961532831
0,1,0.2,GBM_grid_1_AutoML_4_20260420_23915_model_1,cov_LULL_lag1,0.04849158937315219
0,1,0.2,GBM_grid_1_AutoML_4_20260420_23915_model_1,cov_OT_lag1,0.23696090176701542
0,1,0.2,GBM_grid_1_AutoML_4_20260420_23915_model_1,hour_lag1,0.3846563811600208
0,1,0.2,GBM_grid_1_AutoML_4_20260420_23915_model_1,day_of_week_lag1,0.03801305907894853
0,1,0.2,GBM_grid_1_AutoML_4_20260420_23915_model_1,month_lag1,0.1718761548772454
0,1,0.2,GBM_grid_1_AutoML_4_20260420_23915_model_1,month_sin,0.03747032964602108
0,1,0.2,GBM_grid_1_AutoML_4_20260420_23915_model_1,month_cos,0.1381453293561935
0,1,0.3,GLM_1_AutoML_4_20260420_23915,target_lag1,2.839455177824482
0,1,0.3,GLM_1_AutoML_4_20260420_23915,target_lag2,0.07769431299046581
0,1,0.3,GLM_1_AutoML_4_20260420_23915,target_lag3,0.9871029989366933
0,1,0.3,GLM_1_AutoML_4_20260420_23915,target_lag4,0.4796583782605658
0,1,0.3,GLM_1_AutoML_4_20260420_23915,target_lag5,0.09005457847184813
0,1,0.3,GLM_1_AutoML_4_20260420_23915,target_lag6,0.441201986928043
0,1,0.3,GLM_1_AutoML_4_20260420_23915,cov_HULL_lag1,0.06725570185368998
0,1,0.3,GLM_1_AutoML_4_20260420_23915,cov_MUFL_lag1,3.800378118479098
0,1,0.3,GLM_1_AutoML_4_20260420_23915,cov_MULL_lag1,0.005692888244502307
0,1,0.3,GLM_1_AutoML_4_20260420_23915,cov_LUFL_lag1,0.08235469040337716
0,1,0.3,GLM_1_AutoML_4_20260420_23915,cov_LULL_lag1,0.01767057662429719
0,1,0.3,GLM_1_AutoML_4_20260420_23915,cov_OT_lag1,0.0852443564659202
0,1,0.3,GLM_1_AutoML_4_20260420_23915,hour_lag1,0.5160490942659316
0,1,0.3,GLM_1_AutoML_4_20260420_23915,day_of_week_lag1,0.012751038564931696
0,1,0.3,GLM_1_AutoML_4_20260420_23915,month_lag1,0.042266872853746695
0,1,0.3,GLM_1_AutoML_4_20260420_23915,month_sin,0.16395319779782905
0,1,0.3,GLM_1_AutoML_4_20260420_23915,month_cos,0.12280091806007809
0,1,0.3,GLM_1_AutoML_4_20260420_23915,year,0.0
0,1,0.3,XGBoost_1_AutoML_4_20260420_23915,target_lag1,1.928352627158165
0,1,0.3,XGBoost_1_AutoML_4_20260420_23915,target_lag2,0.5207819169852883
0,1,0.3,XGBoost_1_AutoML_4_20260420_23915,target_lag3,0.2416650028480217
0,1,0.3,XGBoost_1_AutoML_4_20260420_23915,target_lag4,0.16149282590486108
0,1,0.3,XGBoost_1_AutoML_4_20260420_23915,target_lag5,0.09571016166126352
0,1,0.3,XGBoost_1_AutoML_4_20260420_23915,target_lag6,0.18685117159038783
0,1,0.3,XGBoost_1_AutoML_4_20260420_23915,cov_HULL_lag1,0.1341582216415554
0,1,0.3,XGBoost_1_AutoML_4_20260420_23915,cov_MUFL_lag1,1.7971936107426882
0,1,0.3,XGBoost_1_AutoML_4_20260420_23915,cov_MULL_lag1,0.1680294769955799
0,1,0.3,XGBoost_1_AutoML_4_20260420_23915,cov_LUFL_lag1,0.36898449454456567
0,1,0.3,XGBoost_1_AutoML_4_20260420_23915,cov_LULL_lag1,0.12289459004648957
0,1,0.3,XGBoost_1_AutoML_4_20260420_23915,cov_OT_lag1,0.21854401784949004
0,1,0.3,XGBoost_1_AutoML_4_20260420_23915,hour_lag1,0.5503802740946412
0,1,0.3,XGBoost_1_AutoML_4_20260420_23915,day_of_week_lag1,0.06417937479505778
0,1,0.3,XGBoost_1_AutoML_4_20260420_23915,month_lag1,0.06233630701899523
0,1,0.3,XGBoost_1_AutoML_4_20260420_23915,month_sin,0.041512633474776475
0,1,0.3,XGBoost_1_AutoML_4_20260420_23915,month_cos,0.07726373877143483
0,1,0.3,XGBoost_3_AutoML_4_20260420_23915,target_lag1,2.3993181477859618
0,1,0.3,XGBoost_3_AutoML_4_20260420_23915,target_lag2,0.4209287639660761
0,1,0.3,XGBoost_3_AutoML_4_20260420_23915,target_lag3,0.17336724821478125
0,1,0.3,XGBoost_3_AutoML_4_20260420_23915,target_lag4,0.1304117389209568
0,1,0.3,XGBoost_3_AutoML_4_20260420_23915,target_lag5,0.06160516899544742
0,1,0.3,XGBoost_3_AutoML_4_20260420_23915,target_lag6,0.16600872274604622
0,1,0.3,XGBoost_3_AutoML_4_20260420_23915,cov_HULL_lag1,0.06092322334734487
0,1,0.3,XGBoost_3_AutoML_4_20260420_23915,cov_MUFL_lag1,1.751477310359478
0,1,0.3,XGBoost_3_AutoML_4_20260420_23915,cov_MULL_lag1,0.08668916171416637
0,1,0.3,XGBoost_3_AutoML_4_20260420_23915,cov_LUFL_lag1,0.28774914662353696
0,1,0.3,XGBoost_3_AutoML_4_20260420_23915,cov_LULL_lag1,0.13940489929169414
0,1,0.3,XGBoost_3_AutoML_4_20260420_23915,cov_OT_lag1,0.15729169785976407
0,1,0.3,XGBoost_3_AutoML_4_20260420_23915,hour_lag1,0.46179599840193986
0,1,0.3,XGBoost_3_AutoML_4_20260420_23915,day_of_week_lag1,0.028318743966519778
0,1,0.3,XGBoost_3_AutoML_4_20260420_23915,month_lag1,0.14098174879327413
0,1,0.3,XGBoost_3_AutoML_4_20260420_23915,month_sin,0.05792717166477811
0,1,0.3,XGBoost_3_AutoML_4_20260420_23915,month_cos,0.04804209042864382
0,1,0.3,XGBoost_grid_1_AutoML_4_20260420_23915_model_2,target_lag1,2.269563694000244
0,1,0.3,XGBoost_grid_1_AutoML_4_20260420_23915_model_2,target_lag2,0.3241642188094556
0,1,0.3,XGBoost_grid_1_AutoML_4_20260420_23915_model_2,target_lag3,0.27772482700645923
0,1,0.3,XGBoost_grid_1_AutoML_4_20260420_23915_model_2,target_lag4,0.12008239937014874
0,1,0.3,XGBoost_grid_1_AutoML_4_20260420_23915_model_2,target_lag5,0.07781024521216745
0,1,0.3,XGBoost_grid_1_AutoML_4_20260420_23915_model_2,target_lag6,0.176715636420995
0,1,0.3,XGBoost_grid_1_AutoML_4_20260420_23915_model_2,cov_HULL_lag1,0.0455456266313558
0,1,0.3,XGBoost_grid_1_AutoML_4_20260420_23915_model_2,cov_MUFL_lag1,1.7754069066047669
0,1,0.3,XGBoost_grid_1_AutoML_4_20260420_23915_model_2,cov_MULL_lag1,0.07714523004367943
0,1,0.3,XGBoost_grid_1_AutoML_4_20260420_23915_model_2,cov_LUFL_lag1,0.5182503346726298
0,1,0.3,XGBoost_grid_1_AutoML_4_20260420_23915_model_2,cov_LULL_lag1,0.09455324911978093
0,1,0.3,XGBoost_grid_1_AutoML_4_20260420_23915_model_2,cov_OT_lag1,0.1959599377214908
0,1,0.3,XGBoost_grid_1_AutoML_4_20260420_23915_model_2,hour_lag1,0.48887463327497244
0,1,0.3,XGBoost_grid_1_AutoML_4_20260420_23915_model_2,day_of_week_lag1,0.027825175283214727
0,1,0.3,XGBoost_grid_1_AutoML_4_20260420_23915_model_2,month_lag1,0.23441415335517377
0,1,0.3,XGBoost_grid_1_AutoML_4_20260420_23915_model_2,month_sin,0.014728155740594908
0,1,0.3,XGBoost_grid_1_AutoML_4_20260420_23915_model_2,month_cos,0.08492661524564023
0,1,0.3,GBM_2_AutoML_4_20260420_23915,target_lag1,2.1121117493696513
0,1,0.3,GBM_2_AutoML_4_20260420_23915,target_lag2,0.6780979275144636
0,1,0.3,GBM_2_AutoML_4_20260420_23915,target_lag3,0.1301664254069328
0,1,0.3,GBM_2_AutoML_4_20260420_23915,target_lag4,0.10279527596198018
0,1,0.3,GBM_2_AutoML_4_20260420_23915,target_lag5,0.04245738883037116
0,1,0.3,GBM_2_AutoML_4_20260420_23915,target_lag6,0.09413745911675502
0,1,0.3,GBM_2_AutoML_4_20260420_23915,cov_HULL_lag1,0.05602693868626371
0,1,0.3,GBM_2_AutoML_4_20260420_23915,cov_MUFL_lag1,1.5112892486294731
0,1,0.3,GBM_2_AutoML_4_20260420_23915,cov_MULL_lag1,0.0705794739373959
0,1,0.3,GBM_2_AutoML_4_20260420_23915,cov_LUFL_lag1,0.37076930165290833
0,1,0.3,GBM_2_AutoML_4_20260420_23915,cov_LULL_lag1,0.0513803386565996
0,1,0.3,GBM_2_AutoML_4_20260420_23915,cov_OT_lag1,0.12478796898387369
0,1,0.3,GBM_2_AutoML_4_20260420_23915,hour_lag1,0.4776077721873298
0,1,0.3,GBM_2_AutoML_4_20260420_23915,day_of_week_lag1,0.053030267006251915
0,1,0.3,GBM_2_AutoML_4_20260420_23915,month_lag1,0.059133260548987855
0,1,0.3,GBM_2_AutoML_4_20260420_23915,month_sin,0.05067723026382733
0,1,0.3,GBM_2_AutoML_4_20260420_23915,month_cos,0.029746765529271177
0,1,0.3,GBM_3_AutoML_4_20260420_23915,target_lag1,1.731242401851341
0,1,0.3,GBM_3_AutoML_4_20260420_23915,target_lag2,0.46477210089564325
0,1,0.3,GBM_3_AutoML_4_20260420_23915,target_lag3,0.30759862982667985
0,1,0.3,GBM_3_AutoML_4_20260420_23915,target_lag4,0.10621237215586003
0,1,0.3,GBM_3_AutoML_4_20260420_23915,target_lag5,0.04753067038021976
0,1,0.3,GBM_3_AutoML_4_20260420_23915,target_lag6,0.08807547033065927
0,1,0.3,GBM_3_AutoML_4_20260420_23915,cov_HULL_lag1,0.09902596300147704
0,1,0.3,GBM_3_AutoML_4_20260420_23915,cov_MUFL_lag1,1.7778374490886926
0,1,0.3,GBM_3_AutoML_4_20260420_23915,cov_MULL_lag1,0.054963433491066055
0,1,0.3,GBM_3_AutoML_4_20260420_23915,cov_LUFL_lag1,0.4502806599065661
0,1,0.3,GBM_3_AutoML_4_20260420_23915,cov_LULL_lag1,0.07869247870519754
0,1,0.3,GBM_3_AutoML_4_20260420_23915,cov_OT_lag1,0.18600702255964274
0,1,0.3,GBM_3_AutoML_4_20260420_23915,hour_lag1,0.42698883248667696
0,1,0.3,GBM_3_AutoML_4_20260420_23915,day_of_week_lag1,0.03870323333889242
0,1,0.3,GBM_3_AutoML_4_20260420_23915,month_lag1,0.08091501956805583
0,1,0.3,GBM_3_AutoML_4_20260420_23915,month_sin,0.035619043991900946
0,1,0.3,GBM_3_AutoML_4_20260420_23915,month_cos,0.05521949776251855
0,1,0.3,XGBoost_grid_1_AutoML_4_20260420_23915_model_4,target_lag1,1.6794408633559943
0,1,0.3,XGBoost_grid_1_AutoML_4_20260420_23915_model_4,target_lag2,0.3656420023739338
0,1,0.3,XGBoost_grid_1_AutoML_4_20260420_23915_model_4,target_lag3,0.17277830999810245
0,1,0.3,XGBoost_grid_1_AutoML_4_20260420_23915_model_4,target_lag4,0.10301476144231851
0,1,0.3,XGBoost_grid_1_AutoML_4_20260420_23915_model_4,target_lag5,0.06059578385786149
0,1,0.3,XGBoost_grid_1_AutoML_4_20260420_23915_model_4,target_lag6,0.12057736923918125
0,1,0.3,XGBoost_grid_1_AutoML_4_20260420_23915_model_4,cov_HULL_lag1,0.18439609003951773
0,1,0.3,XGBoost_grid_1_AutoML_4_20260420_23915_model_4,cov_MUFL_lag1,2.3945723688602447
0,1,0.3,XGBoost_grid_1_AutoML_4_20260420_23915_model_4,cov_MULL_lag1,0.05704094169559534
0,1,0.3,XGBoost_grid_1_AutoML_4_20260420_23915_model_4,cov_LUFL_lag1,0.286166333258152
0,1,0.3,XGBoost_grid_1_AutoML_4_20260420_23915_model_4,cov_LULL_lag1,0.08063292055856433
0,1,0.3,XGBoost_grid_1_AutoML_4_20260420_23915_model_4,cov_OT_lag1,0.1608696971740573
0,1,0.3,XGBoost_grid_1_AutoML_4_20260420_23915_model_4,hour_lag1,0.4738689660094678
0,1,0.3,XGBoost_grid_1_AutoML_4_20260420_23915_model_4,day_of_week_lag1,0.03825077160610813
0,1,0.3,XGBoost_grid_1_AutoML_4_20260420_23915_model_4,month_lag1,0.1475042145233601
0,1,0.3,XGBoost_grid_1_AutoML_4_20260420_23915_model_4,month_sin,0.07381214964436363
0,1,0.3,XGBoost_grid_1_AutoML_4_20260420_23915_model_4,month_cos,0.07239102588733655
0,1,0.3,XGBoost_grid_1_AutoML_4_20260420_23915_model_3,target_lag1,1.9683985495567322
0,1,0.3,XGBoost_grid_1_AutoML_4_20260420_23915_model_3,target_lag2,0.19242289166897536
0,1,0.3,XGBoost_grid_1_AutoML_4_20260420_23915_model_3,target_lag3,0.2097134688636288
0,1,0.3,XGBoost_grid_1_AutoML_4_20260420_23915_model_3,target_lag4,0.1311000207997858
0,1,0.3,XGBoost_grid_1_AutoML_4_20260420_23915_model_3,target_lag5,0.11302083019749258
0,1,0.3,XGBoost_grid_1_AutoML_4_20260420_23915_model_3,target_lag6,0.2513497056718916
0,1,0.3,XGBoost_grid_1_AutoML_4_20260420_23915_model_3,cov_HULL_lag1,0.11857799987657923
0,1,0.3,XGBoost_grid_1_AutoML_4_20260420_23915_model_3,cov_MUFL_lag1,2.336214012950659
0,1,0.3,XGBoost_grid_1_AutoML_4_20260420_23915_model_3,cov_MULL_lag1,0.16142595671117302
0,1,0.3,XGBoost_grid_1_AutoML_4_20260420_23915_model_3,cov_LUFL_lag1,0.30126760208047926
0,1,0.3,XGBoost_grid_1_AutoML_4_20260420_23915_model_3,cov_LULL_lag1,0.11675407005765007
0,1,0.3,XGBoost_grid_1_AutoML_4_20260420_23915_model_3,cov_OT_lag1,0.2067707047611475
0,1,0.3,XGBoost_grid_1_AutoML_4_20260420_23915_model_3,hour_lag1,0.5294491704786196
0,1,0.3,XGBoost_grid_1_AutoML_4_20260420_23915_model_3,day_of_week_lag1,0.024108494336251125
0,1,0.3,XGBoost_grid_1_AutoML_4_20260420_23915_model_3,month_lag1,0.06199281511828299
0,1,0.3,XGBoost_grid_1_AutoML_4_20260420_23915_model_3,month_sin,0.13258353138575327
0,1,0.3,XGBoost_grid_1_AutoML_4_20260420_23915_model_3,month_cos,0.03382468704250637
0,1,0.3,XGBoost_grid_1_AutoML_4_20260420_23915_model_5,target_lag1,2.245906674861908
0,1,0.3,XGBoost_grid_1_AutoML_4_20260420_23915_model_5,target_lag2,0.39499531509354713
0,1,0.3,XGBoost_grid_1_AutoML_4_20260420_23915_model_5,target_lag3,0.2658254355471581
0,1,0.3,XGBoost_grid_1_AutoML_4_20260420_23915_model_5,target_lag4,0.14417116589844223
0,1,0.3,XGBoost_grid_1_AutoML_4_20260420_23915_model_5,target_lag5,0.11365332747111094
0,1,0.3,XGBoost_grid_1_AutoML_4_20260420_23915_model_5,target_lag6,0.12194359048968177
0,1,0.3,XGBoost_grid_1_AutoML_4_20260420_23915_model_5,cov_HULL_lag1,0.0840668673533946
0,1,0.3,XGBoost_grid_1_AutoML_4_20260420_23915_model_5,cov_MUFL_lag1,1.657141347322613
0,1,0.3,XGBoost_grid_1_AutoML_4_20260420_23915_model_5,cov_MULL_lag1,0.1541490499489009
0,1,0.3,XGBoost_grid_1_AutoML_4_20260420_23915_model_5,cov_LUFL_lag1,0.25053825445473193
0,1,0.3,XGBoost_grid_1_AutoML_4_20260420_23915_model_5,cov_LULL_lag1,0.12199049657210705
0,1,0.3,XGBoost_grid_1_AutoML_4_20260420_23915_model_5,cov_OT_lag1,0.1817128557828255
0,1,0.3,XGBoost_grid_1_AutoML_4_20260420_23915_model_5,hour_lag1,0.48524665055796506
0,1,0.3,XGBoost_grid_1_AutoML_4_20260420_23915_model_5,day_of_week_lag1,0.042284842659719234
0,1,0.3,XGBoost_grid_1_AutoML_4_20260420_23915_model_5,month_lag1,0.13613369504688305
0,1,0.3,XGBoost_grid_1_AutoML_4_20260420_23915_model_5,month_sin,0.06762887467280958
0,1,0.3,XGBoost_grid_1_AutoML_4_20260420_23915_model_5,month_cos,0.037466075695119755
0,1,0.3,GBM_4_AutoML_4_20260420_23915,target_lag1,2.3659031960368155
0,1,0.3,GBM_4_AutoML_4_20260420_23915,target_lag2,0.1960727932676673
0,1,0.3,GBM_4_AutoML_4_20260420_23915,target_lag3,0.11522880654083563
0,1,0.3,GBM_4_AutoML_4_20260420_23915,target_lag4,0.064599895816209
0,1,0.3,GBM_4_AutoML_4_20260420_23915,target_lag5,0.08789174536708738
0,1,0.3,GBM_4_AutoML_4_20260420_23915,target_lag6,0.05246860108338293
0,1,0.3,GBM_4_AutoML_4_20260420_23915,cov_HULL_lag1,0.1530077329697087
0,1,0.3,GBM_4_AutoML_4_20260420_23915,cov_MUFL_lag1,1.7739673747122289
0,1,0.3,GBM_4_AutoML_4_20260420_23915,cov_MULL_lag1,0.04682514922926199
0,1,0.3,GBM_4_AutoML_4_20260420_23915,cov_LUFL_lag1,0.26283341711387037
0,1,0.3,GBM_4_AutoML_4_20260420_23915,cov_LULL_lag1,0.09279383419081565
0,1,0.3,GBM_4_AutoML_4_20260420_23915,cov_OT_lag1,0.10471090769395229
0,1,0.3,GBM_4_AutoML_4_20260420_23915,hour_lag1,0.40361888960003856
0,1,0.3,GBM_4_AutoML_4_20260420_23915,day_of_week_lag1,0.039862091624527196
0,1,0.3,GBM_4_AutoML_4_20260420_23915,month_lag1,0.11441047057509418
0,1,0.3,GBM_4_AutoML_4_20260420_23915,month_sin,0.023011268811533182
0,1,0.3,GBM_4_AutoML_4_20260420_23915,month_cos,0.03088125029113139
0,1,0.3,GBM_grid_1_AutoML_4_20260420_23915_model_2,target_lag1,1.6460933834314346
0,1,0.3,GBM_grid_1_AutoML_4_20260420_23915_model_2,target_lag2,0.6730422267317772
0,1,0.3,GBM_grid_1_AutoML_4_20260420_23915_model_2,target_lag3,0.11170602709986266
0,1,0.3,GBM_grid_1_AutoML_4_20260420_23915_model_2,target_lag4,0.0248747065570205
0,1,0.3,GBM_grid_1_AutoML_4_20260420_23915_model_2,target_lag5,0.032008885720279025
0,1,0.3,GBM_grid_1_AutoML_4_20260420_23915_model_2,target_lag6,0.11698310625506561
0,1,0.3,GBM_grid_1_AutoML_4_20260420_23915_model_2,cov_HULL_lag1,0.1499283671134617
0,1,0.3,GBM_grid_1_AutoML_4_20260420_23915_model_2,cov_MUFL_lag1,1.9917592813819647
0,1,0.3,GBM_grid_1_AutoML_4_20260420_23915_model_2,cov_MULL_lag1,0.0967867700429633
0,1,0.3,GBM_grid_1_AutoML_4_20260420_23915_model_2,cov_LUFL_lag1,0.2922718198597431
0,1,0.3,GBM_grid_1_AutoML_4_20260420_23915_model_2,cov_LULL_lag1,0.0669317177403718
0,1,0.3,GBM_grid_1_AutoML_4_20260420_23915_model_2,cov_OT_lag1,0.1911349131166935
0,1,0.3,GBM_grid_1_AutoML_4_20260420_23915_model_2,hour_lag1,0.48473954770714045
0,1,0.3,GBM_grid_1_AutoML_4_20260420_23915_model_2,day_of_week_lag1,0.004633369247603667
0,1,0.3,GBM_grid_1_AutoML_4_20260420_23915_model_2,month_lag1,0.11260990411043163
0,1,0.3,GBM_grid_1_AutoML_4_20260420_23915_model_2,month_sin,0.010145938019559209
0,1,0.3,GBM_grid_1_AutoML_4_20260420_23915_model_2,month_cos,0.01509543576277788
0,1,0.3,XGBoost_2_AutoML_4_20260420_23915,target_lag1,1.7957174581289292
0,1,0.3,XGBoost_2_AutoML_4_20260420_23915,target_lag2,0.3110019344789907
0,1,0.3,XGBoost_2_AutoML_4_20260420_23915,target_lag3,0.25726193346548826
0,1,0.3,XGBoost_2_AutoML_4_20260420_23915,target_lag4,0.1693450235342607
0,1,0.3,XGBoost_2_AutoML_4_20260420_23915,target_lag5,0.0830812330730259
0,1,0.3,XGBoost_2_AutoML_4_20260420_23915,target_lag6,0.1418940483801998
0,1,0.3,XGBoost_2_AutoML_4_20260420_23915,cov_HULL_lag1,0.24280577563680708
0,1,0.3,XGBoost_2_AutoML_4_20260420_23915,cov_MUFL_lag1,2.0847642095386982
0,1,0.3,XGBoost_2_AutoML_4_20260420_23915,cov_MULL_lag1,0.1329206084227189
0,1,0.3,XGBoost_2_AutoML_4_20260420_23915,cov_LUFL_lag1,0.3540466230362654
0,1,0.3,XGBoost_2_AutoML_4_20260420_23915,cov_LULL_lag1,0.10752903704764318
0,1,0.3,XGBoost_2_AutoML_4_20260420_23915,cov_OT_lag1,0.21547109057428315
0,1,0.3,XGBoost_2_AutoML_4_20260420_23915,hour_lag1,0.5939591557718813
0,1,0.3,XGBoost_2_AutoML_4_20260420_23915,day_of_week_lag1,0.08013285094872113
0,1,0.3,XGBoost_2_AutoML_4_20260420_23915,month_lag1,0.12725700490700542
0,1,0.3,XGBoost_2_AutoML_4_20260420_23915,month_sin,0.02225814069737675
0,1,0.3,XGBoost_2_AutoML_4_20260420_23915,month_cos,0.0450828044232912
0,1,0.3,GBM_5_AutoML_4_20260420_23915,target_lag1,2.09357314363122
0,1,0.3,GBM_5_AutoML_4_20260420_23915,target_lag2,0.43166269149631264
0,1,0.3,GBM_5_AutoML_4_20260420_23915,target_lag3,0.19619617726653815
0,1,0.3,GBM_5_AutoML_4_20260420_23915,target_lag4,0.05280138961970802
0,1,0.3,GBM_5_AutoML_4_20260420_23915,target_lag5,0.029800944700837093
0,1,0.3,GBM_5_AutoML_4_20260420_23915,target_lag6,0.1099812417500652
0,1,0.3,GBM_5_AutoML_4_20260420_23915,cov_HULL_lag1,0.10841958558186886
0,1,0.3,GBM_5_AutoML_4_20260420_23915,cov_MUFL_lag1,1.6967614107206463
0,1,0.3,GBM_5_AutoML_4_20260420_23915,cov_MULL_lag1,0.1788142321631312
0,1,0.3,GBM_5_AutoML_4_20260420_23915,cov_LUFL_lag1,0.23562712837010621
0,1,0.3,GBM_5_AutoML_4_20260420_23915,cov_LULL_lag1,0.06377184505574401
0,1,0.3,GBM_5_AutoML_4_20260420_23915,cov_OT_lag1,0.16896975625306368
0,1,0.3,GBM_5_AutoML_4_20260420_23915,hour_lag1,0.4550197184085846
0,1,0.3,GBM_5_AutoML_4_20260420_23915,day_of_week_lag1,0.03973549687285408
0,1,0.3,GBM_5_AutoML_4_20260420_23915,month_lag1,0.15132859973236915
0,1,0.3,GBM_5_AutoML_4_20260420_23915,month_sin,0.04701202666852618
0,1,0.3,GBM_5_AutoML_4_20260420_23915,month_cos,0.07190119894919914
0,1,0.3,XGBoost_grid_1_AutoML_4_20260420_23915_model_1,target_lag1,1.619342830986716
0,1,0.3,XGBoost_grid_1_AutoML_4_20260420_23915_model_1,target_lag2,0.5916173835098744
0,1,0.3,XGBoost_grid_1_AutoML_4_20260420_23915_model_1,target_lag3,0.21614784579724072
0,1,0.3,XGBoost_grid_1_AutoML_4_20260420_23915_model_1,target_lag4,0.173633594494313
0,1,0.3,XGBoost_grid_1_AutoML_4_20260420_23915_model_1,target_lag5,0.15327464615460484
0,1,0.3,XGBoost_grid_1_AutoML_4_20260420_23915_model_1,target_lag6,0.14266233741771425
0,1,0.3,XGBoost_grid_1_AutoML_4_20260420_23915_model_1,cov_HULL_lag1,0.11559707287698981
0,1,0.3,XGBoost_grid_1_AutoML_4_20260420_23915_model_1,cov_MUFL_lag1,2.033191761262715
0,1,0.3,XGBoost_grid_1_AutoML_4_20260420_23915_model_1,cov_MULL_lag1,0.1289523169328458
0,1,0.3,XGBoost_grid_1_AutoML_4_20260420_23915_model_1,cov_LUFL_lag1,0.2680691673979163
0,1,0.3,XGBoost_grid_1_AutoML_4_20260420_23915_model_1,cov_LULL_lag1,0.11110684233775825
0,1,0.3,XGBoost_grid_1_AutoML_4_20260420_23915_model_1,cov_OT_lag1,0.19192149462178348
0,1,0.3,XGBoost_grid_1_AutoML_4_20260420_23915_model_1,hour_lag1,0.48435031429864467
0,1,0.3,XGBoost_grid_1_AutoML_4_20260420_23915_model_1,day_of_week_lag1,0.13915130281820892
0,1,0.3,XGBoost_grid_1_AutoML_4_20260420_23915_model_1,month_lag1,0.05876871585729527
0,1,0.3,XGBoost_grid_1_AutoML_4_20260420_23915_model_1,month_sin,0.05305725303711365
0,1,0.3,XGBoost_grid_1_AutoML_4_20260420_23915_model_1,month_cos,0.3126892200205475
0,1,0.3,DRF_1_AutoML_4_20260420_23915,target_lag1,1.1325236170738935
0,1,0.3,DRF_1_AutoML_4_20260420_23915,target_lag2,0.6289729645848274
0,1,0.3,DRF_1_AutoML_4_20260420_23915,target_lag3,0.3441568032791838
0,1,0.3,DRF_1_AutoML_4_20260420_23915,target_lag4,0.1515342983976006
0,1,0.3,DRF_1_AutoML_4_20260420_23915,target_lag5,0.059540481576696
0,1,0.3,DRF_1_AutoML_4_20260420_23915,target_lag6,0.12173237226204943
0,1,0.3,DRF_1_AutoML_4_20260420_23915,cov_HULL_lag1,0.09397847526590336
0,1,0.3,DRF_1_AutoML_4_20260420_23915,cov_MUFL_lag1,1.015738409049809
0,1,0.3,DRF_1_AutoML_4_20260420_23915,cov_MULL_lag1,0.0670791335497051
0,1,0.3,DRF_1_AutoML_4_20260420_23915,cov_LUFL_lag1,0.6003025317192078
0,1,0.3,DRF_1_AutoML_4_20260420_23915,cov_LULL_lag1,0.04237464883364733
0,1,0.3,DRF_1_AutoML_4_20260420_23915,cov_OT_lag1,0.061555221844464506
0,1,0.3,DRF_1_AutoML_4_20260420_23915,hour_lag1,0.28325546513311567
0,1,0.3,DRF_1_AutoML_4_20260420_23915,day_of_week_lag1,0.030834237595554388
0,1,0.3,DRF_1_AutoML_4_20260420_23915,month_lag1,0.255104121081531
0,1,0.3,DRF_1_AutoML_4_20260420_23915,month_sin,0.018301721876487088
0,1,0.3,DRF_1_AutoML_4_20260420_23915,month_cos,0.061368459428194855
0,1,0.3,XRT_1_AutoML_4_20260420_23915,target_lag1,1.2180697691813112
0,1,0.3,XRT_1_AutoML_4_20260420_23915,target_lag2,0.7344662275910377
0,1,0.3,XRT_1_AutoML_4_20260420_23915,target_lag3,0.4118054610490799
0,1,0.3,XRT_1_AutoML_4_20260420_23915,target_lag4,0.26934498630464077
0,1,0.3,XRT_1_AutoML_4_20260420_23915,target_lag5,0.07853794461581852
0,1,0.3,XRT_1_AutoML_4_20260420_23915,target_lag6,0.07430750957690176
0,1,0.3,XRT_1_AutoML_4_20260420_23915,cov_HULL_lag1,0.12141432545729909
0,1,0.3,XRT_1_AutoML_4_20260420_23915,cov_MUFL_lag1,1.2160504501592369
0,1,0.3,XRT_1_AutoML_4_20260420_23915,cov_MULL_lag1,0.049132895362563385
0,1,0.3,XRT_1_AutoML_4_20260420_23915,cov_LUFL_lag1,0.4708759315311909
0,1,0.3,XRT_1_AutoML_4_20260420_23915,cov_LULL_lag1,0.06911820718087251
0,1,0.3,XRT_1_AutoML_4_20260420_23915,cov_OT_lag1,0.08824830012410527
0,1,0.3,XRT_1_AutoML_4_20260420_23915,hour_lag1,0.35082898518070577
0,1,0.3,XRT_1_AutoML_4_20260420_23915,day_of_week_lag1,0.07455627237359291
0,1,0.3,XRT_1_AutoML_4_20260420_23915,month_lag1,0.13988503776490685
0,1,0.3,XRT_1_AutoML_4_20260420_23915,month_sin,0.03522254555835384
0,1,0.3,XRT_1_AutoML_4_20260420_23915,month_cos,0.13047995532862838
0,1,0.3,XGBoost_grid_1_AutoML_4_20260420_23915_model_6,target_lag1,1.7861726370453834
0,1,0.3,XGBoost_grid_1_AutoML_4_20260420_23915_model_6,target_lag2,0.2758601749630179
0,1,0.3,XGBoost_grid_1_AutoML_4_20260420_23915_model_6,target_lag3,0.2864622741565108
0,1,0.3,XGBoost_grid_1_AutoML_4_20260420_23915_model_6,target_lag4,0.5025635732803494
0,1,0.3,XGBoost_grid_1_AutoML_4_20260420_23915_model_6,target_lag5,0.10604356965981421
0,1,0.3,XGBoost_grid_1_AutoML_4_20260420_23915_model_6,target_lag6,0.1730015545082278
0,1,0.3,XGBoost_grid_1_AutoML_4_20260420_23915_model_6,cov_HULL_lag1,0.1041264332324499
0,1,0.3,XGBoost_grid_1_AutoML_4_20260420_23915_model_6,cov_MUFL_lag1,2.1667140990495684
0,1,0.3,XGBoost_grid_1_AutoML_4_20260420_23915_model_6,cov_MULL_lag1,0.09896030020900067
0,1,0.3,XGBoost_grid_1_AutoML_4_20260420_23915_model_6,cov_LUFL_lag1,0.33332734636962413
0,1,0.3,XGBoost_grid_1_AutoML_4_20260420_23915_model_6,cov_LULL_lag1,0.17721954509615898
0,1,0.3,XGBoost_grid_1_AutoML_4_20260420_23915_model_6,cov_OT_lag1,0.24524315690156073
0,1,0.3,XGBoost_grid_1_AutoML_4_20260420_23915_model_6,hour_lag1,0.5532084036991001
0,1,0.3,XGBoost_grid_1_AutoML_4_20260420_23915_model_6,day_of_week_lag1,0.09161019490566101
0,1,0.3,XGBoost_grid_1_AutoML_4_20260420_23915_model_6,month_lag1,0.049975791664328376
0,1,0.3,XGBoost_grid_1_AutoML_4_20260420_23915_model_6,month_sin,0.0770675609912723
0,1,0.3,XGBoost_grid_1_AutoML_4_20260420_23915_model_6,month_cos,0.21026912281289697
0,1,0.3,GBM_1_AutoML_4_20260420_23915,target_lag1,1.7164982426166535
0,1,0.3,GBM_1_AutoML_4_20260420_23915,target_lag2,0.36127787694334984
0,1,0.3,GBM_1_AutoML_4_20260420_23915,target_lag3,0.27318204756826164
0,1,0.3,GBM_1_AutoML_4_20260420_23915,target_lag4,0.17541754593141376
0,1,0.3,GBM_1_AutoML_4_20260420_23915,target_lag5,0.08571522283367809
0,1,0.3,GBM_1_AutoML_4_20260420_23915,target_lag6,0.07736614097491834
0,1,0.3,GBM_1_AutoML_4_20260420_23915,cov_HULL_lag1,0.01630055581568736
0,1,0.3,GBM_1_AutoML_4_20260420_23915,cov_MUFL_lag1,1.6899109976366162
0,1,0.3,GBM_1_AutoML_4_20260420_23915,cov_MULL_lag1,0.05682557070162142
0,1,0.3,GBM_1_AutoML_4_20260420_23915,cov_LUFL_lag1,0.34116828083992007
0,1,0.3,GBM_1_AutoML_4_20260420_23915,cov_LULL_lag1,0.06436077949590975
0,1,0.3,GBM_1_AutoML_4_20260420_23915,cov_OT_lag1,0.1574758733063936
0,1,0.3,GBM_1_AutoML_4_20260420_23915,hour_lag1,0.49355526197701693
0,1,0.3,GBM_1_AutoML_4_20260420_23915,day_of_week_lag1,0.006717084293632031
0,1,0.3,GBM_1_AutoML_4_20260420_23915,month_lag1,0.12083799831569192
0,1,0.3,GBM_1_AutoML_4_20260420_23915,month_sin,0.02202620745869349
0,1,0.3,GBM_1_AutoML_4_20260420_23915,month_cos,0.01970868101634546
0,1,0.3,GBM_grid_1_AutoML_4_20260420_23915_model_3,target_lag1,1.126805741833523
0,1,0.3,GBM_grid_1_AutoML_4_20260420_23915_model_3,target_lag2,0.8960449326038361
0,1,0.3,GBM_grid_1_AutoML_4_20260420_23915_model_3,target_lag3,0.30913789646700024
0,1,0.3,GBM_grid_1_AutoML_4_20260420_23915_model_3,target_lag4,0.2258067477494478
0,1,0.3,GBM_grid_1_AutoML_4_20260420_23915_model_3,target_lag5,0.10056089473888274
0,1,0.3,GBM_grid_1_AutoML_4_20260420_23915_model_3,target_lag6,0.2037274249456823
0,1,0.3,GBM_grid_1_AutoML_4_20260420_23915_model_3,cov_HULL_lag1,0.11741436688695099
0,1,0.3,GBM_grid_1_AutoML_4_20260420_23915_model_3,cov_MUFL_lag1,1.2673123647272586
0,1,0.3,GBM_grid_1_AutoML_4_20260420_23915_model_3,cov_MULL_lag1,0.08764935333980244
0,1,0.3,GBM_grid_1_AutoML_4_20260420_23915_model_3,cov_LUFL_lag1,0.4990647792816162
0,1,0.3,GBM_grid_1_AutoML_4_20260420_23915_model_3,cov_LULL_lag1,0.0664671914838254
0,1,0.3,GBM_grid_1_AutoML_4_20260420_23915_model_3,cov_OT_lag1,0.13433421667199577
0,1,0.3,GBM_grid_1_AutoML_4_20260420_23915_model_3,hour_lag1,0.5215330895734951
0,1,0.3,GBM_grid_1_AutoML_4_20260420_23915_model_3,day_of_week_lag1,0.02031006728066127
0,1,0.3,GBM_grid_1_AutoML_4_20260420_23915_model_3,month_lag1,0.25545215621590617
0,1,0.3,GBM_grid_1_AutoML_4_20260420_23915_model_3,month_sin,0.019441828937851784
0,1,0.3,GBM_grid_1_AutoML_4_20260420_23915_model_3,month_cos,0.16005101561546323
0,1,0.3,GBM_grid_1_AutoML_4_20260420_23915_model_1,target_lag1,1.4154923512414097
0,1,0.3,GBM_grid_1_AutoML_4_20260420_23915_model_1,target_lag2,0.32404609136283397
0,1,0.3,GBM_grid_1_AutoML_4_20260420_23915_model_1,target_lag3,0.9492056533694267
0,1,0.3,GBM_grid_1_AutoML_4_20260420_23915_model_1,target_lag4,0.13140977365896103
0,1,0.3,GBM_grid_1_AutoML_4_20260420_23915_model_1,target_lag5,0.16223030037246639
0,1,0.3,GBM_grid_1_AutoML_4_20260420_23915_model_1,target_lag6,0.04936956128542074
0,1,0.3,GBM_grid_1_AutoML_4_20260420_23915_model_1,cov_HULL_lag1,0.06103027090197424
0,1,0.3,GBM_grid_1_AutoML_4_20260420_23915_model_1,cov_MUFL_lag1,0.879224290526472
0,1,0.3,GBM_grid_1_AutoML_4_20260420_23915_model_1,cov_MULL_lag1,0.10942149226553735
0,1,0.3,GBM_grid_1_AutoML_4_20260420_23915_model_1,cov_LUFL_lag1,0.6259716961532831
0,1,0.3,GBM_grid_1_AutoML_4_20260420_23915_model_1,cov_LULL_lag1,0.04849158937315219
0,1,0.3,GBM_grid_1_AutoML_4_20260420_23915_model_1,cov_OT_lag1,0.23696090176701542
0,1,0.3,GBM_grid_1_AutoML_4_20260420_23915_model_1,hour_lag1,0.3846563811600208
0,1,0.3,GBM_grid_1_AutoML_4_20260420_23915_model_1,day_of_week_lag1,0.03801305907894853
0,1,0.3,GBM_grid_1_AutoML_4_20260420_23915_model_1,month_lag1,0.1718761548772454
0,1,0.3,GBM_grid_1_AutoML_4_20260420_23915_model_1,month_sin,0.03747032964602108
0,1,0.3,GBM_grid_1_AutoML_4_20260420_23915_model_1,month_cos,0.1381453293561935
1,1,0.02,GBM_4_AutoML_5_20260420_24422,target_lag1,1.435584288481623
1,1,0.02,GBM_4_AutoML_5_20260420_24422,target_lag2,0.14016801273450252
1,1,0.02,GBM_4_AutoML_5_20260420_24422,target_lag3,0.06798162954626602
1,1,0.02,GBM_4_AutoML_5_20260420_24422,target_lag4,0.10487096223048863
1,1,0.02,GBM_4_AutoML_5_20260420_24422,target_lag5,0.11142263361718502
1,1,0.02,GBM_4_AutoML_5_20260420_24422,target_lag6,0.21470980717800559
1,1,0.02,GBM_4_AutoML_5_20260420_24422,cov_HULL_lag1,0.08383564299205315
1,1,0.02,GBM_4_AutoML_5_20260420_24422,cov_MUFL_lag1,2.558645256925374
1,1,0.02,GBM_4_AutoML_5_20260420_24422,cov_MULL_lag1,0.16788720279000693
1,1,0.02,GBM_4_AutoML_5_20260420_24422,cov_LUFL_lag1,0.23472894579637796
1,1,0.02,GBM_4_AutoML_5_20260420_24422,cov_LULL_lag1,0.06405725697521115
1,1,0.02,GBM_4_AutoML_5_20260420_24422,cov_OT_lag1,0.14479169995523986
1,1,0.02,GBM_4_AutoML_5_20260420_24422,hour_lag1,0.7986789270862937
1,1,0.02,GBM_4_AutoML_5_20260420_24422,day_of_week_lag1,0.0327277492039138
1,1,0.02,GBM_4_AutoML_5_20260420_24422,month_lag1,0.0997436044272035
1,1,0.02,GBM_4_AutoML_5_20260420_24422,month_sin,0.22680868483847008
1,1,0.02,GBM_4_AutoML_5_20260420_24422,month_cos,0.04065674858400594
1,1,0.02,GBM_5_AutoML_5_20260420_24422,target_lag1,1.089148331321776
1,1,0.02,GBM_5_AutoML_5_20260420_24422,target_lag2,0.31082635758677496
1,1,0.02,GBM_5_AutoML_5_20260420_24422,target_lag3,0.08619250822346654
1,1,0.02,GBM_5_AutoML_5_20260420_24422,target_lag4,0.15194350318051872
1,1,0.02,GBM_5_AutoML_5_20260420_24422,target_lag5,0.12659747454570602
1,1,0.02,GBM_5_AutoML_5_20260420_24422,target_lag6,0.06664807727560397
1,1,0.02,GBM_5_AutoML_5_20260420_24422,cov_HULL_lag1,0.04480591847328464
1,1,0.02,GBM_5_AutoML_5_20260420_24422,cov_MUFL_lag1,2.6556784719228745
1,1,0.02,GBM_5_AutoML_5_20260420_24422,cov_MULL_lag1,0.09792058477178213
1,1,0.02,GBM_5_AutoML_5_20260420_24422,cov_LUFL_lag1,0.1656195426173508
1,1,0.02,GBM_5_AutoML_5_20260420_24422,cov_LULL_lag1,0.03961005017510611
1,1,0.02,GBM_5_AutoML_5_20260420_24422,cov_OT_lag1,0.1836436908505857
1,1,0.02,GBM_5_AutoML_5_20260420_24422,hour_lag1,0.928732001259923
1,1,0.02,GBM_5_AutoML_5_20260420_24422,day_of_week_lag1,0.03264496921168752
1,1,0.02,GBM_5_AutoML_5_20260420_24422,month_lag1,0.12319488366134461
1,1,0.02,GBM_5_AutoML_5_20260420_24422,month_sin,0.2319359797704965
1,1,0.02,GBM_5_AutoML_5_20260420_24422,month_cos,0.06243183251994193
1,1,0.02,GBM_2_AutoML_5_20260420_24422,target_lag1,1.7793784964084625
1,1,0.02,GBM_2_AutoML_5_20260420_24422,target_lag2,0.1356476253457367
1,1,0.02,GBM_2_AutoML_5_20260420_24422,target_lag3,0.06641007531259671
1,1,0.02,GBM_2_AutoML_5_20260420_24422,target_lag4,0.13610956447198982
1,1,0.02,GBM_2_AutoML_5_20260420_24422,target_lag5,0.09717439507134254
1,1,0.02,GBM_2_AutoML_5_20260420_24422,target_lag6,0.2124564367858693
1,1,0.02,GBM_2_AutoML_5_20260420_24422,cov_HULL_lag1,0.0747650322783738
1,1,0.02,GBM_2_AutoML_5_20260420_24422,cov_MUFL_lag1,2.1125775852799418
1,1,0.02,GBM_2_AutoML_5_20260420_24422,cov_MULL_lag1,0.17591391614638266
1,1,0.02,GBM_2_AutoML_5_20260420_24422,cov_LUFL_lag1,0.21943625004962086
1,1,0.02,GBM_2_AutoML_5_20260420_24422,cov_LULL_lag1,0.04109682618407529
1,1,0.02,GBM_2_AutoML_5_20260420_24422,cov_OT_lag1,0.14787906263023612
1,1,0.02,GBM_2_AutoML_5_20260420_24422,hour_lag1,0.94130813812837
1,1,0.02,GBM_2_AutoML_5_20260420_24422,day_of_week_lag1,0.036505102462251623
1,1,0.02,GBM_2_AutoML_5_20260420_24422,month_lag1,0.12389265542384234
1,1,0.02,GBM_2_AutoML_5_20260420_24422,month_sin,0.18778598704375327
1,1,0.02,GBM_2_AutoML_5_20260420_24422,month_cos,0.034711498850956514
1,1,0.02,GBM_3_AutoML_5_20260420_24422,target_lag1,1.2998102575168013
1,1,0.02,GBM_3_AutoML_5_20260420_24422,target_lag2,0.25860174518078566
1,1,0.02,GBM_3_AutoML_5_20260420_24422,target_lag3,0.27301936868578197
1,1,0.02,GBM_3_AutoML_5_20260420_24422,target_lag4,0.146118840877898
1,1,0.02,GBM_3_AutoML_5_20260420_24422,target_lag5,0.09018535811919716
1,1,0.02,GBM_3_AutoML_5_20260420_24422,target_lag6,0.17794345905538647
1,1,0.02,GBM_3_AutoML_5_20260420_24422,cov_HULL_lag1,0.06712185431504619
1,1,0.02,GBM_3_AutoML_5_20260420_24422,cov_MUFL_lag1,2.0915824208036065
1,1,0.02,GBM_3_AutoML_5_20260420_24422,cov_MULL_lag1,0.09045819107443091
1,1,0.02,GBM_3_AutoML_5_20260420_24422,cov_LUFL_lag1,0.22180883144959807
1,1,0.02,GBM_3_AutoML_5_20260420_24422,cov_LULL_lag1,0.046804785281419715
1,1,0.02,GBM_3_AutoML_5_20260420_24422,cov_OT_lag1,0.11702843790873882
1,1,0.02,GBM_3_AutoML_5_20260420_24422,hour_lag1,0.9169949025660753
1,1,0.02,GBM_3_AutoML_5_20260420_24422,day_of_week_lag1,0.041057053696713364
1,1,0.02,GBM_3_AutoML_5_20260420_24422,month_lag1,0.11364205322228368
1,1,0.02,GBM_3_AutoML_5_20260420_24422,month_sin,0.2546708285645582
1,1,0.02,GBM_3_AutoML_5_20260420_24422,month_cos,0.045435136482119505
1,1,0.02,GBM_grid_1_AutoML_5_20260420_24422_model_2,target_lag1,0.9742154600215145
1,1,0.02,GBM_grid_1_AutoML_5_20260420_24422_model_2,target_lag2,0.3699104483611882
1,1,0.02,GBM_grid_1_AutoML_5_20260420_24422_model_2,target_lag3,0.07607475591357793
1,1,0.02,GBM_grid_1_AutoML_5_20260420_24422_model_2,target_lag4,0.10836501157842574
1,1,0.02,GBM_grid_1_AutoML_5_20260420_24422_model_2,target_lag5,0.11114336155587803
1,1,0.02,GBM_grid_1_AutoML_5_20260420_24422_model_2,target_lag6,0.04192933829501267
1,1,0.02,GBM_grid_1_AutoML_5_20260420_24422_model_2,cov_HULL_lag1,0.03969377696223087
1,1,0.02,GBM_grid_1_AutoML_5_20260420_24422_model_2,cov_MUFL_lag1,2.657969563305378
1,1,0.02,GBM_grid_1_AutoML_5_20260420_24422_model_2,cov_MULL_lag1,0.10664640636183317
1,1,0.02,GBM_grid_1_AutoML_5_20260420_24422_model_2,cov_LUFL_lag1,0.19566410124767572
1,1,0.02,GBM_grid_1_AutoML_5_20260420_24422_model_2,cov_LULL_lag1,0.04907248187810177
1,1,0.02,GBM_grid_1_AutoML_5_20260420_24422_model_2,cov_OT_lag1,0.14923681181389836
1,1,0.02,GBM_grid_1_AutoML_5_20260420_24422_model_2,hour_lag1,1.0690267646312714
1,1,0.02,GBM_grid_1_AutoML_5_20260420_24422_model_2,day_of_week_lag1,0.0026509297802112847
1,1,0.02,GBM_grid_1_AutoML_5_20260420_24422_model_2,month_lag1,0.07359855666523796
1,1,0.02,GBM_grid_1_AutoML_5_20260420_24422_model_2,month_sin,0.3948027481138706
1,1,0.02,GBM_grid_1_AutoML_5_20260420_24422_model_2,month_cos,0.061604275525314695
1,1,0.02,DRF_1_AutoML_5_20260420_24422,target_lag1,1.5121557119488716
1,1,0.02,DRF_1_AutoML_5_20260420_24422,target_lag2,0.5832826554588973
1,1,0.02,DRF_1_AutoML_5_20260420_24422,target_lag3,0.2353083239123225
1,1,0.02,DRF_1_AutoML_5_20260420_24422,target_lag4,0.17764888398349285
1,1,0.02,DRF_1_AutoML_5_20260420_24422,target_lag5,0.11262022153940049
1,1,0.02,DRF_1_AutoML_5_20260420_24422,target_lag6,0.17076900897547603
1,1,0.02,DRF_1_AutoML_5_20260420_24422,cov_HULL_lag1,0.0898975821631029
1,1,0.02,DRF_1_AutoML_5_20260420_24422,cov_MUFL_lag1,1.730601499453187
1,1,0.02,DRF_1_AutoML_5_20260420_24422,cov_MULL_lag1,0.14235464688390492
1,1,0.02,DRF_1_AutoML_5_20260420_24422,cov_LUFL_lag1,0.33053146506659686
1,1,0.02,DRF_1_AutoML_5_20260420_24422,cov_LULL_lag1,0.039389875610358976
1,1,0.02,DRF_1_AutoML_5_20260420_24422,cov_OT_lag1,0.10976129608228799
1,1,0.02,DRF_1_AutoML_5_20260420_24422,hour_lag1,0.6134305847994983
1,1,0.02,DRF_1_AutoML_5_20260420_24422,day_of_week_lag1,0.02215970283054043
1,1,0.02,DRF_1_AutoML_5_20260420_24422,month_lag1,0.09936266237811647
1,1,0.02,DRF_1_AutoML_5_20260420_24422,month_sin,0.26319053940474985
1,1,0.02,DRF_1_AutoML_5_20260420_24422,month_cos,0.05253964825533326
1,1,0.02,GBM_1_AutoML_5_20260420_24422,target_lag1,1.7854801800101996
1,1,0.02,GBM_1_AutoML_5_20260420_24422,target_lag2,0.3779437209307798
1,1,0.02,GBM_1_AutoML_5_20260420_24422,target_lag3,0.09196415250189599
1,1,0.02,GBM_1_AutoML_5_20260420_24422,target_lag4,0.12185625645797696
1,1,0.02,GBM_1_AutoML_5_20260420_24422,target_lag5,0.1494347375631332
1,1,0.02,GBM_1_AutoML_5_20260420_24422,target_lag6,0.21451127614825963
1,1,0.02,GBM_1_AutoML_5_20260420_24422,cov_HULL_lag1,0.05793265760177742
1,1,0.02,GBM_1_AutoML_5_20260420_24422,cov_MUFL_lag1,1.9619171807169915
1,1,0.02,GBM_1_AutoML_5_20260420_24422,cov_MULL_lag1,0.12066825801506635
1,1,0.02,GBM_1_AutoML_5_20260420_24422,cov_LUFL_lag1,0.1391379395127296
1,1,0.02,GBM_1_AutoML_5_20260420_24422,cov_LULL_lag1,0.04538327226822727
1,1,0.02,GBM_1_AutoML_5_20260420_24422,cov_OT_lag1,0.10531012851803094
1,1,0.02,GBM_1_AutoML_5_20260420_24422,hour_lag1,0.8243904719501733
1,1,0.02,GBM_1_AutoML_5_20260420_24422,day_of_week_lag1,0.03343375016236673
1,1,0.02,GBM_1_AutoML_5_20260420_24422,month_lag1,0.0971605379763059
1,1,0.02,GBM_1_AutoML_5_20260420_24422,month_sin,0.1465377848409116
1,1,0.02,GBM_1_AutoML_5_20260420_24422,month_cos,0.04079515072720819
1,1,0.05,GBM_4_AutoML_5_20260420_24422,target_lag1,1.435584288481623
1,1,0.05,GBM_4_AutoML_5_20260420_24422,target_lag2,0.14016801273450252
1,1,0.05,GBM_4_AutoML_5_20260420_24422,target_lag3,0.06798162954626602
1,1,0.05,GBM_4_AutoML_5_20260420_24422,target_lag4,0.10487096223048863
1,1,0.05,GBM_4_AutoML_5_20260420_24422,target_lag5,0.11142263361718502
1,1,0.05,GBM_4_AutoML_5_20260420_24422,target_lag6,0.21470980717800559
1,1,0.05,GBM_4_AutoML_5_20260420_24422,cov_HULL_lag1,0.08383564299205315
1,1,0.05,GBM_4_AutoML_5_20260420_24422,cov_MUFL_lag1,2.558645256925374
1,1,0.05,GBM_4_AutoML_5_20260420_24422,cov_MULL_lag1,0.16788720279000693
1,1,0.05,GBM_4_AutoML_5_20260420_24422,cov_LUFL_lag1,0.23472894579637796
1,1,0.05,GBM_4_AutoML_5_20260420_24422,cov_LULL_lag1,0.06405725697521115
1,1,0.05,GBM_4_AutoML_5_20260420_24422,cov_OT_lag1,0.14479169995523986
1,1,0.05,GBM_4_AutoML_5_20260420_24422,hour_lag1,0.7986789270862937
1,1,0.05,GBM_4_AutoML_5_20260420_24422,day_of_week_lag1,0.0327277492039138
1,1,0.05,GBM_4_AutoML_5_20260420_24422,month_lag1,0.0997436044272035
1,1,0.05,GBM_4_AutoML_5_20260420_24422,month_sin,0.22680868483847008
1,1,0.05,GBM_4_AutoML_5_20260420_24422,month_cos,0.04065674858400594
1,1,0.05,GBM_5_AutoML_5_20260420_24422,target_lag1,1.089148331321776
1,1,0.05,GBM_5_AutoML_5_20260420_24422,target_lag2,0.31082635758677496
1,1,0.05,GBM_5_AutoML_5_20260420_24422,target_lag3,0.08619250822346654
1,1,0.05,GBM_5_AutoML_5_20260420_24422,target_lag4,0.15194350318051872
1,1,0.05,GBM_5_AutoML_5_20260420_24422,target_lag5,0.12659747454570602
1,1,0.05,GBM_5_AutoML_5_20260420_24422,target_lag6,0.06664807727560397
1,1,0.05,GBM_5_AutoML_5_20260420_24422,cov_HULL_lag1,0.04480591847328464
1,1,0.05,GBM_5_AutoML_5_20260420_24422,cov_MUFL_lag1,2.6556784719228745
1,1,0.05,GBM_5_AutoML_5_20260420_24422,cov_MULL_lag1,0.09792058477178213
1,1,0.05,GBM_5_AutoML_5_20260420_24422,cov_LUFL_lag1,0.1656195426173508
1,1,0.05,GBM_5_AutoML_5_20260420_24422,cov_LULL_lag1,0.03961005017510611
1,1,0.05,GBM_5_AutoML_5_20260420_24422,cov_OT_lag1,0.1836436908505857
1,1,0.05,GBM_5_AutoML_5_20260420_24422,hour_lag1,0.928732001259923
1,1,0.05,GBM_5_AutoML_5_20260420_24422,day_of_week_lag1,0.03264496921168752
1,1,0.05,GBM_5_AutoML_5_20260420_24422,month_lag1,0.12319488366134461
1,1,0.05,GBM_5_AutoML_5_20260420_24422,month_sin,0.2319359797704965
1,1,0.05,GBM_5_AutoML_5_20260420_24422,month_cos,0.06243183251994193
1,1,0.05,GBM_2_AutoML_5_20260420_24422,target_lag1,1.7793784964084625
1,1,0.05,GBM_2_AutoML_5_20260420_24422,target_lag2,0.1356476253457367
1,1,0.05,GBM_2_AutoML_5_20260420_24422,target_lag3,0.06641007531259671
1,1,0.05,GBM_2_AutoML_5_20260420_24422,target_lag4,0.13610956447198982
1,1,0.05,GBM_2_AutoML_5_20260420_24422,target_lag5,0.09717439507134254
1,1,0.05,GBM_2_AutoML_5_20260420_24422,target_lag6,0.2124564367858693
1,1,0.05,GBM_2_AutoML_5_20260420_24422,cov_HULL_lag1,0.0747650322783738
1,1,0.05,GBM_2_AutoML_5_20260420_24422,cov_MUFL_lag1,2.1125775852799418
1,1,0.05,GBM_2_AutoML_5_20260420_24422,cov_MULL_lag1,0.17591391614638266
1,1,0.05,GBM_2_AutoML_5_20260420_24422,cov_LUFL_lag1,0.21943625004962086
1,1,0.05,GBM_2_AutoML_5_20260420_24422,cov_LULL_lag1,0.04109682618407529
1,1,0.05,GBM_2_AutoML_5_20260420_24422,cov_OT_lag1,0.14787906263023612
1,1,0.05,GBM_2_AutoML_5_20260420_24422,hour_lag1,0.94130813812837
1,1,0.05,GBM_2_AutoML_5_20260420_24422,day_of_week_lag1,0.036505102462251623
1,1,0.05,GBM_2_AutoML_5_20260420_24422,month_lag1,0.12389265542384234
1,1,0.05,GBM_2_AutoML_5_20260420_24422,month_sin,0.18778598704375327
1,1,0.05,GBM_2_AutoML_5_20260420_24422,month_cos,0.034711498850956514
1,1,0.05,GBM_3_AutoML_5_20260420_24422,target_lag1,1.2998102575168013
1,1,0.05,GBM_3_AutoML_5_20260420_24422,target_lag2,0.25860174518078566
1,1,0.05,GBM_3_AutoML_5_20260420_24422,target_lag3,0.27301936868578197
1,1,0.05,GBM_3_AutoML_5_20260420_24422,target_lag4,0.146118840877898
1,1,0.05,GBM_3_AutoML_5_20260420_24422,target_lag5,0.09018535811919716
1,1,0.05,GBM_3_AutoML_5_20260420_24422,target_lag6,0.17794345905538647
1,1,0.05,GBM_3_AutoML_5_20260420_24422,cov_HULL_lag1,0.06712185431504619
1,1,0.05,GBM_3_AutoML_5_20260420_24422,cov_MUFL_lag1,2.0915824208036065
1,1,0.05,GBM_3_AutoML_5_20260420_24422,cov_MULL_lag1,0.09045819107443091
1,1,0.05,GBM_3_AutoML_5_20260420_24422,cov_LUFL_lag1,0.22180883144959807
1,1,0.05,GBM_3_AutoML_5_20260420_24422,cov_LULL_lag1,0.046804785281419715
1,1,0.05,GBM_3_AutoML_5_20260420_24422,cov_OT_lag1,0.11702843790873882
1,1,0.05,GBM_3_AutoML_5_20260420_24422,hour_lag1,0.9169949025660753
1,1,0.05,GBM_3_AutoML_5_20260420_24422,day_of_week_lag1,0.041057053696713364
1,1,0.05,GBM_3_AutoML_5_20260420_24422,month_lag1,0.11364205322228368
1,1,0.05,GBM_3_AutoML_5_20260420_24422,month_sin,0.2546708285645582
1,1,0.05,GBM_3_AutoML_5_20260420_24422,month_cos,0.045435136482119505
1,1,0.05,GBM_grid_1_AutoML_5_20260420_24422_model_2,target_lag1,0.9742154600215145
1,1,0.05,GBM_grid_1_AutoML_5_20260420_24422_model_2,target_lag2,0.3699104483611882
1,1,0.05,GBM_grid_1_AutoML_5_20260420_24422_model_2,target_lag3,0.07607475591357793
1,1,0.05,GBM_grid_1_AutoML_5_20260420_24422_model_2,target_lag4,0.10836501157842574
1,1,0.05,GBM_grid_1_AutoML_5_20260420_24422_model_2,target_lag5,0.11114336155587803
1,1,0.05,GBM_grid_1_AutoML_5_20260420_24422_model_2,target_lag6,0.04192933829501267
1,1,0.05,GBM_grid_1_AutoML_5_20260420_24422_model_2,cov_HULL_lag1,0.03969377696223087
1,1,0.05,GBM_grid_1_AutoML_5_20260420_24422_model_2,cov_MUFL_lag1,2.657969563305378
1,1,0.05,GBM_grid_1_AutoML_5_20260420_24422_model_2,cov_MULL_lag1,0.10664640636183317
1,1,0.05,GBM_grid_1_AutoML_5_20260420_24422_model_2,cov_LUFL_lag1,0.19566410124767572
1,1,0.05,GBM_grid_1_AutoML_5_20260420_24422_model_2,cov_LULL_lag1,0.04907248187810177
1,1,0.05,GBM_grid_1_AutoML_5_20260420_24422_model_2,cov_OT_lag1,0.14923681181389836
1,1,0.05,GBM_grid_1_AutoML_5_20260420_24422_model_2,hour_lag1,1.0690267646312714
1,1,0.05,GBM_grid_1_AutoML_5_20260420_24422_model_2,day_of_week_lag1,0.0026509297802112847
1,1,0.05,GBM_grid_1_AutoML_5_20260420_24422_model_2,month_lag1,0.07359855666523796
1,1,0.05,GBM_grid_1_AutoML_5_20260420_24422_model_2,month_sin,0.3948027481138706
1,1,0.05,GBM_grid_1_AutoML_5_20260420_24422_model_2,month_cos,0.061604275525314695
1,1,0.05,DRF_1_AutoML_5_20260420_24422,target_lag1,1.5121557119488716
1,1,0.05,DRF_1_AutoML_5_20260420_24422,target_lag2,0.5832826554588973
1,1,0.05,DRF_1_AutoML_5_20260420_24422,target_lag3,0.2353083239123225
1,1,0.05,DRF_1_AutoML_5_20260420_24422,target_lag4,0.17764888398349285
1,1,0.05,DRF_1_AutoML_5_20260420_24422,target_lag5,0.11262022153940049
1,1,0.05,DRF_1_AutoML_5_20260420_24422,target_lag6,0.17076900897547603
1,1,0.05,DRF_1_AutoML_5_20260420_24422,cov_HULL_lag1,0.0898975821631029
1,1,0.05,DRF_1_AutoML_5_20260420_24422,cov_MUFL_lag1,1.730601499453187
1,1,0.05,DRF_1_AutoML_5_20260420_24422,cov_MULL_lag1,0.14235464688390492
1,1,0.05,DRF_1_AutoML_5_20260420_24422,cov_LUFL_lag1,0.33053146506659686
1,1,0.05,DRF_1_AutoML_5_20260420_24422,cov_LULL_lag1,0.039389875610358976
1,1,0.05,DRF_1_AutoML_5_20260420_24422,cov_OT_lag1,0.10976129608228799
1,1,0.05,DRF_1_AutoML_5_20260420_24422,hour_lag1,0.6134305847994983
1,1,0.05,DRF_1_AutoML_5_20260420_24422,day_of_week_lag1,0.02215970283054043
1,1,0.05,DRF_1_AutoML_5_20260420_24422,month_lag1,0.09936266237811647
1,1,0.05,DRF_1_AutoML_5_20260420_24422,month_sin,0.26319053940474985
1,1,0.05,DRF_1_AutoML_5_20260420_24422,month_cos,0.05253964825533326
1,1,0.05,GBM_1_AutoML_5_20260420_24422,target_lag1,1.7854801800101996
1,1,0.05,GBM_1_AutoML_5_20260420_24422,target_lag2,0.3779437209307798
1,1,0.05,GBM_1_AutoML_5_20260420_24422,target_lag3,0.09196415250189599
1,1,0.05,GBM_1_AutoML_5_20260420_24422,target_lag4,0.12185625645797696
1,1,0.05,GBM_1_AutoML_5_20260420_24422,target_lag5,0.1494347375631332
1,1,0.05,GBM_1_AutoML_5_20260420_24422,target_lag6,0.21451127614825963
1,1,0.05,GBM_1_AutoML_5_20260420_24422,cov_HULL_lag1,0.05793265760177742
1,1,0.05,GBM_1_AutoML_5_20260420_24422,cov_MUFL_lag1,1.9619171807169915
1,1,0.05,GBM_1_AutoML_5_20260420_24422,cov_MULL_lag1,0.12066825801506635
1,1,0.05,GBM_1_AutoML_5_20260420_24422,cov_LUFL_lag1,0.1391379395127296
1,1,0.05,GBM_1_AutoML_5_20260420_24422,cov_LULL_lag1,0.04538327226822727
1,1,0.05,GBM_1_AutoML_5_20260420_24422,cov_OT_lag1,0.10531012851803094
1,1,0.05,GBM_1_AutoML_5_20260420_24422,hour_lag1,0.8243904719501733
1,1,0.05,GBM_1_AutoML_5_20260420_24422,day_of_week_lag1,0.03343375016236673
1,1,0.05,GBM_1_AutoML_5_20260420_24422,month_lag1,0.0971605379763059
1,1,0.05,GBM_1_AutoML_5_20260420_24422,month_sin,0.1465377848409116
1,1,0.05,GBM_1_AutoML_5_20260420_24422,month_cos,0.04079515072720819
1,1,0.05,XGBoost_3_AutoML_5_20260420_24422,target_lag1,1.8622104236483574
1,1,0.05,XGBoost_3_AutoML_5_20260420_24422,target_lag2,0.21782849790528416
1,1,0.05,XGBoost_3_AutoML_5_20260420_24422,target_lag3,0.15936983080930076
1,1,0.05,XGBoost_3_AutoML_5_20260420_24422,target_lag4,0.1335864994395524
1,1,0.05,XGBoost_3_AutoML_5_20260420_24422,target_lag5,0.1276785279688192
1,1,0.05,XGBoost_3_AutoML_5_20260420_24422,target_lag6,0.1828738258779049
1,1,0.05,XGBoost_3_AutoML_5_20260420_24422,cov_HULL_lag1,0.151623348663561
1,1,0.05,XGBoost_3_AutoML_5_20260420_24422,cov_MUFL_lag1,2.2624446411430834
1,1,0.05,XGBoost_3_AutoML_5_20260420_24422,cov_MULL_lag1,0.16810281097423282
1,1,0.05,XGBoost_3_AutoML_5_20260420_24422,cov_LUFL_lag1,0.21852931404486298
1,1,0.05,XGBoost_3_AutoML_5_20260420_24422,cov_LULL_lag1,0.06160565007477995
1,1,0.05,XGBoost_3_AutoML_5_20260420_24422,cov_OT_lag1,0.22476989762857558
1,1,0.05,XGBoost_3_AutoML_5_20260420_24422,hour_lag1,0.8537272847443819
1,1,0.05,XGBoost_3_AutoML_5_20260420_24422,day_of_week_lag1,0.03683991579804565
1,1,0.05,XGBoost_3_AutoML_5_20260420_24422,month_lag1,0.06708405597135421
1,1,0.05,XGBoost_3_AutoML_5_20260420_24422,month_sin,0.38431677855551244
1,1,0.05,XGBoost_3_AutoML_5_20260420_24422,month_cos,0.037795145725831335
1,1,0.05,XRT_1_AutoML_5_20260420_24422,target_lag1,1.7081663542985916
1,1,0.05,XRT_1_AutoML_5_20260420_24422,target_lag2,0.5988979518786073
1,1,0.05,XRT_1_AutoML_5_20260420_24422,target_lag3,0.3154815036430955
1,1,0.05,XRT_1_AutoML_5_20260420_24422,target_lag4,0.08493534643930613
1,1,0.05,XRT_1_AutoML_5_20260420_24422,target_lag5,0.1683754501491785
1,1,0.05,XRT_1_AutoML_5_20260420_24422,target_lag6,0.1775079101137817
1,1,0.05,XRT_1_AutoML_5_20260420_24422,cov_HULL_lag1,0.13526704583200622
1,1,0.05,XRT_1_AutoML_5_20260420_24422,cov_MUFL_lag1,1.7226736988872289
1,1,0.05,XRT_1_AutoML_5_20260420_24422,cov_MULL_lag1,0.1416508338972926
1,1,0.05,XRT_1_AutoML_5_20260420_24422,cov_LUFL_lag1,0.16441360551863904
1,1,0.05,XRT_1_AutoML_5_20260420_24422,cov_LULL_lag1,0.05639226621715347
1,1,0.05,XRT_1_AutoML_5_20260420_24422,cov_OT_lag1,0.08797998831141736
1,1,0.05,XRT_1_AutoML_5_20260420_24422,hour_lag1,79.20073250740766
1,1,0.05,XRT_1_AutoML_5_20260420_24422,day_of_week_lag1,0.057149959206581065
1,1,0.05,XRT_1_AutoML_5_20260420_24422,month_lag1,0.1909882146352902
1,1,0.05,XRT_1_AutoML_5_20260420_24422,month_sin,0.20718899219529704
1,1,0.05,XRT_1_AutoML_5_20260420_24422,month_cos,0.05900129816523982
1,1,0.05,XGBoost_grid_1_AutoML_5_20260420_24422_model_4,target_lag1,1.7824480894207955
1,1,0.05,XGBoost_grid_1_AutoML_5_20260420_24422_model_4,target_lag2,0.16199271549005062
1,1,0.05,XGBoost_grid_1_AutoML_5_20260420_24422_model_4,target_lag3,0.17499848623760045
1,1,0.05,XGBoost_grid_1_AutoML_5_20260420_24422_model_4,target_lag4,0.18395346697419881
1,1,0.05,XGBoost_grid_1_AutoML_5_20260420_24422_model_4,target_lag5,0.08308363536372777
1,1,0.05,XGBoost_grid_1_AutoML_5_20260420_24422_model_4,target_lag6,0.12870483348146078
1,1,0.05,XGBoost_grid_1_AutoML_5_20260420_24422_model_4,cov_HULL_lag1,0.13108915674441957
1,1,0.05,XGBoost_grid_1_AutoML_5_20260420_24422_model_4,cov_MUFL_lag1,2.4483419838547706
1,1,0.05,XGBoost_grid_1_AutoML_5_20260420_24422_model_4,cov_MULL_lag1,0.17893509180750697
1,1,0.05,XGBoost_grid_1_AutoML_5_20260420_24422_model_4,cov_LUFL_lag1,0.1922300225496292
1,1,0.05,XGBoost_grid_1_AutoML_5_20260420_24422_model_4,cov_LULL_lag1,0.08178205452393737
1,1,0.05,XGBoost_grid_1_AutoML_5_20260420_24422_model_4,cov_OT_lag1,0.1312333214189857
1,1,0.05,XGBoost_grid_1_AutoML_5_20260420_24422_model_4,hour_lag1,0.9240713276714086
1,1,0.05,XGBoost_grid_1_AutoML_5_20260420_24422_model_4,day_of_week_lag1,0.04545350683853026
1,1,0.05,XGBoost_grid_1_AutoML_5_20260420_24422_model_4,month_lag1,0.14708957960363475
1,1,0.05,XGBoost_grid_1_AutoML_5_20260420_24422_model_4,month_sin,0.28737119644880293
1,1,0.05,XGBoost_grid_1_AutoML_5_20260420_24422_model_4,month_cos,0.10036660235491578
1,1,0.1,GBM_4_AutoML_5_20260420_24422,target_lag1,1.435584288481623
1,1,0.1,GBM_4_AutoML_5_20260420_24422,target_lag2,0.14016801273450252
1,1,0.1,GBM_4_AutoML_5_20260420_24422,target_lag3,0.06798162954626602
1,1,0.1,GBM_4_AutoML_5_20260420_24422,target_lag4,0.10487096223048863
1,1,0.1,GBM_4_AutoML_5_20260420_24422,target_lag5,0.11142263361718502
1,1,0.1,GBM_4_AutoML_5_20260420_24422,target_lag6,0.21470980717800559
1,1,0.1,GBM_4_AutoML_5_20260420_24422,cov_HULL_lag1,0.08383564299205315
1,1,0.1,GBM_4_AutoML_5_20260420_24422,cov_MUFL_lag1,2.558645256925374
1,1,0.1,GBM_4_AutoML_5_20260420_24422,cov_MULL_lag1,0.16788720279000693
1,1,0.1,GBM_4_AutoML_5_20260420_24422,cov_LUFL_lag1,0.23472894579637796
1,1,0.1,GBM_4_AutoML_5_20260420_24422,cov_LULL_lag1,0.06405725697521115
1,1,0.1,GBM_4_AutoML_5_20260420_24422,cov_OT_lag1,0.14479169995523986
1,1,0.1,GBM_4_AutoML_5_20260420_24422,hour_lag1,0.7986789270862937
1,1,0.1,GBM_4_AutoML_5_20260420_24422,day_of_week_lag1,0.0327277492039138
1,1,0.1,GBM_4_AutoML_5_20260420_24422,month_lag1,0.0997436044272035
1,1,0.1,GBM_4_AutoML_5_20260420_24422,month_sin,0.22680868483847008
1,1,0.1,GBM_4_AutoML_5_20260420_24422,month_cos,0.04065674858400594
1,1,0.1,GBM_5_AutoML_5_20260420_24422,target_lag1,1.089148331321776
1,1,0.1,GBM_5_AutoML_5_20260420_24422,target_lag2,0.31082635758677496
1,1,0.1,GBM_5_AutoML_5_20260420_24422,target_lag3,0.08619250822346654
1,1,0.1,GBM_5_AutoML_5_20260420_24422,target_lag4,0.15194350318051872
1,1,0.1,GBM_5_AutoML_5_20260420_24422,target_lag5,0.12659747454570602
1,1,0.1,GBM_5_AutoML_5_20260420_24422,target_lag6,0.06664807727560397
1,1,0.1,GBM_5_AutoML_5_20260420_24422,cov_HULL_lag1,0.04480591847328464
1,1,0.1,GBM_5_AutoML_5_20260420_24422,cov_MUFL_lag1,2.6556784719228745
1,1,0.1,GBM_5_AutoML_5_20260420_24422,cov_MULL_lag1,0.09792058477178213
1,1,0.1,GBM_5_AutoML_5_20260420_24422,cov_LUFL_lag1,0.1656195426173508
1,1,0.1,GBM_5_AutoML_5_20260420_24422,cov_LULL_lag1,0.03961005017510611
1,1,0.1,GBM_5_AutoML_5_20260420_24422,cov_OT_lag1,0.1836436908505857
1,1,0.1,GBM_5_AutoML_5_20260420_24422,hour_lag1,0.928732001259923
1,1,0.1,GBM_5_AutoML_5_20260420_24422,day_of_week_lag1,0.03264496921168752
1,1,0.1,GBM_5_AutoML_5_20260420_24422,month_lag1,0.12319488366134461
1,1,0.1,GBM_5_AutoML_5_20260420_24422,month_sin,0.2319359797704965
1,1,0.1,GBM_5_AutoML_5_20260420_24422,month_cos,0.06243183251994193
1,1,0.1,GBM_2_AutoML_5_20260420_24422,target_lag1,1.7793784964084625
1,1,0.1,GBM_2_AutoML_5_20260420_24422,target_lag2,0.1356476253457367
1,1,0.1,GBM_2_AutoML_5_20260420_24422,target_lag3,0.06641007531259671
1,1,0.1,GBM_2_AutoML_5_20260420_24422,target_lag4,0.13610956447198982
1,1,0.1,GBM_2_AutoML_5_20260420_24422,target_lag5,0.09717439507134254
1,1,0.1,GBM_2_AutoML_5_20260420_24422,target_lag6,0.2124564367858693
1,1,0.1,GBM_2_AutoML_5_20260420_24422,cov_HULL_lag1,0.0747650322783738
1,1,0.1,GBM_2_AutoML_5_20260420_24422,cov_MUFL_lag1,2.1125775852799418
1,1,0.1,GBM_2_AutoML_5_20260420_24422,cov_MULL_lag1,0.17591391614638266
1,1,0.1,GBM_2_AutoML_5_20260420_24422,cov_LUFL_lag1,0.21943625004962086
1,1,0.1,GBM_2_AutoML_5_20260420_24422,cov_LULL_lag1,0.04109682618407529
1,1,0.1,GBM_2_AutoML_5_20260420_24422,cov_OT_lag1,0.14787906263023612
1,1,0.1,GBM_2_AutoML_5_20260420_24422,hour_lag1,0.94130813812837
1,1,0.1,GBM_2_AutoML_5_20260420_24422,day_of_week_lag1,0.036505102462251623
1,1,0.1,GBM_2_AutoML_5_20260420_24422,month_lag1,0.12389265542384234
1,1,0.1,GBM_2_AutoML_5_20260420_24422,month_sin,0.18778598704375327
1,1,0.1,GBM_2_AutoML_5_20260420_24422,month_cos,0.034711498850956514
1,1,0.1,GBM_3_AutoML_5_20260420_24422,target_lag1,1.2998102575168013
1,1,0.1,GBM_3_AutoML_5_20260420_24422,target_lag2,0.25860174518078566
1,1,0.1,GBM_3_AutoML_5_20260420_24422,target_lag3,0.27301936868578197
1,1,0.1,GBM_3_AutoML_5_20260420_24422,target_lag4,0.146118840877898
1,1,0.1,GBM_3_AutoML_5_20260420_24422,target_lag5,0.09018535811919716
1,1,0.1,GBM_3_AutoML_5_20260420_24422,target_lag6,0.17794345905538647
1,1,0.1,GBM_3_AutoML_5_20260420_24422,cov_HULL_lag1,0.06712185431504619
1,1,0.1,GBM_3_AutoML_5_20260420_24422,cov_MUFL_lag1,2.0915824208036065
1,1,0.1,GBM_3_AutoML_5_20260420_24422,cov_MULL_lag1,0.09045819107443091
1,1,0.1,GBM_3_AutoML_5_20260420_24422,cov_LUFL_lag1,0.22180883144959807
1,1,0.1,GBM_3_AutoML_5_20260420_24422,cov_LULL_lag1,0.046804785281419715
1,1,0.1,GBM_3_AutoML_5_20260420_24422,cov_OT_lag1,0.11702843790873882
1,1,0.1,GBM_3_AutoML_5_20260420_24422,hour_lag1,0.9169949025660753
1,1,0.1,GBM_3_AutoML_5_20260420_24422,day_of_week_lag1,0.041057053696713364
1,1,0.1,GBM_3_AutoML_5_20260420_24422,month_lag1,0.11364205322228368
1,1,0.1,GBM_3_AutoML_5_20260420_24422,month_sin,0.2546708285645582
1,1,0.1,GBM_3_AutoML_5_20260420_24422,month_cos,0.045435136482119505
1,1,0.1,GBM_grid_1_AutoML_5_20260420_24422_model_2,target_lag1,0.9742154600215145
1,1,0.1,GBM_grid_1_AutoML_5_20260420_24422_model_2,target_lag2,0.3699104483611882
1,1,0.1,GBM_grid_1_AutoML_5_20260420_24422_model_2,target_lag3,0.07607475591357793
1,1,0.1,GBM_grid_1_AutoML_5_20260420_24422_model_2,target_lag4,0.10836501157842574
1,1,0.1,GBM_grid_1_AutoML_5_20260420_24422_model_2,target_lag5,0.11114336155587803
1,1,0.1,GBM_grid_1_AutoML_5_20260420_24422_model_2,target_lag6,0.04192933829501267
1,1,0.1,GBM_grid_1_AutoML_5_20260420_24422_model_2,cov_HULL_lag1,0.03969377696223087
1,1,0.1,GBM_grid_1_AutoML_5_20260420_24422_model_2,cov_MUFL_lag1,2.657969563305378
1,1,0.1,GBM_grid_1_AutoML_5_20260420_24422_model_2,cov_MULL_lag1,0.10664640636183317
1,1,0.1,GBM_grid_1_AutoML_5_20260420_24422_model_2,cov_LUFL_lag1,0.19566410124767572
1,1,0.1,GBM_grid_1_AutoML_5_20260420_24422_model_2,cov_LULL_lag1,0.04907248187810177
1,1,0.1,GBM_grid_1_AutoML_5_20260420_24422_model_2,cov_OT_lag1,0.14923681181389836
1,1,0.1,GBM_grid_1_AutoML_5_20260420_24422_model_2,hour_lag1,1.0690267646312714
1,1,0.1,GBM_grid_1_AutoML_5_20260420_24422_model_2,day_of_week_lag1,0.0026509297802112847
1,1,0.1,GBM_grid_1_AutoML_5_20260420_24422_model_2,month_lag1,0.07359855666523796
1,1,0.1,GBM_grid_1_AutoML_5_20260420_24422_model_2,month_sin,0.3948027481138706
1,1,0.1,GBM_grid_1_AutoML_5_20260420_24422_model_2,month_cos,0.061604275525314695
1,1,0.1,DRF_1_AutoML_5_20260420_24422,target_lag1,1.5121557119488716
1,1,0.1,DRF_1_AutoML_5_20260420_24422,target_lag2,0.5832826554588973
1,1,0.1,DRF_1_AutoML_5_20260420_24422,target_lag3,0.2353083239123225
1,1,0.1,DRF_1_AutoML_5_20260420_24422,target_lag4,0.17764888398349285
1,1,0.1,DRF_1_AutoML_5_20260420_24422,target_lag5,0.11262022153940049
1,1,0.1,DRF_1_AutoML_5_20260420_24422,target_lag6,0.17076900897547603
1,1,0.1,DRF_1_AutoML_5_20260420_24422,cov_HULL_lag1,0.0898975821631029
1,1,0.1,DRF_1_AutoML_5_20260420_24422,cov_MUFL_lag1,1.730601499453187
1,1,0.1,DRF_1_AutoML_5_20260420_24422,cov_MULL_lag1,0.14235464688390492
1,1,0.1,DRF_1_AutoML_5_20260420_24422,cov_LUFL_lag1,0.33053146506659686
1,1,0.1,DRF_1_AutoML_5_20260420_24422,cov_LULL_lag1,0.039389875610358976
1,1,0.1,DRF_1_AutoML_5_20260420_24422,cov_OT_lag1,0.10976129608228799
1,1,0.1,DRF_1_AutoML_5_20260420_24422,hour_lag1,0.6134305847994983
1,1,0.1,DRF_1_AutoML_5_20260420_24422,day_of_week_lag1,0.02215970283054043
1,1,0.1,DRF_1_AutoML_5_20260420_24422,month_lag1,0.09936266237811647
1,1,0.1,DRF_1_AutoML_5_20260420_24422,month_sin,0.26319053940474985
1,1,0.1,DRF_1_AutoML_5_20260420_24422,month_cos,0.05253964825533326
1,1,0.1,GBM_1_AutoML_5_20260420_24422,target_lag1,1.7854801800101996
1,1,0.1,GBM_1_AutoML_5_20260420_24422,target_lag2,0.3779437209307798
1,1,0.1,GBM_1_AutoML_5_20260420_24422,target_lag3,0.09196415250189599
1,1,0.1,GBM_1_AutoML_5_20260420_24422,target_lag4,0.12185625645797696
1,1,0.1,GBM_1_AutoML_5_20260420_24422,target_lag5,0.1494347375631332
1,1,0.1,GBM_1_AutoML_5_20260420_24422,target_lag6,0.21451127614825963
1,1,0.1,GBM_1_AutoML_5_20260420_24422,cov_HULL_lag1,0.05793265760177742
1,1,0.1,GBM_1_AutoML_5_20260420_24422,cov_MUFL_lag1,1.9619171807169915
1,1,0.1,GBM_1_AutoML_5_20260420_24422,cov_MULL_lag1,0.12066825801506635
1,1,0.1,GBM_1_AutoML_5_20260420_24422,cov_LUFL_lag1,0.1391379395127296
1,1,0.1,GBM_1_AutoML_5_20260420_24422,cov_LULL_lag1,0.04538327226822727
1,1,0.1,GBM_1_AutoML_5_20260420_24422,cov_OT_lag1,0.10531012851803094
1,1,0.1,GBM_1_AutoML_5_20260420_24422,hour_lag1,0.8243904719501733
1,1,0.1,GBM_1_AutoML_5_20260420_24422,day_of_week_lag1,0.03343375016236673
1,1,0.1,GBM_1_AutoML_5_20260420_24422,month_lag1,0.0971605379763059
1,1,0.1,GBM_1_AutoML_5_20260420_24422,month_sin,0.1465377848409116
1,1,0.1,GBM_1_AutoML_5_20260420_24422,month_cos,0.04079515072720819
1,1,0.1,XGBoost_3_AutoML_5_20260420_24422,target_lag1,1.8622104236483574
1,1,0.1,XGBoost_3_AutoML_5_20260420_24422,target_lag2,0.21782849790528416
1,1,0.1,XGBoost_3_AutoML_5_20260420_24422,target_lag3,0.15936983080930076
1,1,0.1,XGBoost_3_AutoML_5_20260420_24422,target_lag4,0.1335864994395524
1,1,0.1,XGBoost_3_AutoML_5_20260420_24422,target_lag5,0.1276785279688192
1,1,0.1,XGBoost_3_AutoML_5_20260420_24422,target_lag6,0.1828738258779049
1,1,0.1,XGBoost_3_AutoML_5_20260420_24422,cov_HULL_lag1,0.151623348663561
1,1,0.1,XGBoost_3_AutoML_5_20260420_24422,cov_MUFL_lag1,2.2624446411430834
1,1,0.1,XGBoost_3_AutoML_5_20260420_24422,cov_MULL_lag1,0.16810281097423282
1,1,0.1,XGBoost_3_AutoML_5_20260420_24422,cov_LUFL_lag1,0.21852931404486298
1,1,0.1,XGBoost_3_AutoML_5_20260420_24422,cov_LULL_lag1,0.06160565007477995
1,1,0.1,XGBoost_3_AutoML_5_20260420_24422,cov_OT_lag1,0.22476989762857558
1,1,0.1,XGBoost_3_AutoML_5_20260420_24422,hour_lag1,0.8537272847443819
1,1,0.1,XGBoost_3_AutoML_5_20260420_24422,day_of_week_lag1,0.03683991579804565
1,1,0.1,XGBoost_3_AutoML_5_20260420_24422,month_lag1,0.06708405597135421
1,1,0.1,XGBoost_3_AutoML_5_20260420_24422,month_sin,0.38431677855551244
1,1,0.1,XGBoost_3_AutoML_5_20260420_24422,month_cos,0.037795145725831335
1,1,0.1,XRT_1_AutoML_5_20260420_24422,target_lag1,1.7081663542985916
1,1,0.1,XRT_1_AutoML_5_20260420_24422,target_lag2,0.5988979518786073
1,1,0.1,XRT_1_AutoML_5_20260420_24422,target_lag3,0.3154815036430955
1,1,0.1,XRT_1_AutoML_5_20260420_24422,target_lag4,0.08493534643930613
1,1,0.1,XRT_1_AutoML_5_20260420_24422,target_lag5,0.1683754501491785
1,1,0.1,XRT_1_AutoML_5_20260420_24422,target_lag6,0.1775079101137817
1,1,0.1,XRT_1_AutoML_5_20260420_24422,cov_HULL_lag1,0.13526704583200622
1,1,0.1,XRT_1_AutoML_5_20260420_24422,cov_MUFL_lag1,1.7226736988872289
1,1,0.1,XRT_1_AutoML_5_20260420_24422,cov_MULL_lag1,0.1416508338972926
1,1,0.1,XRT_1_AutoML_5_20260420_24422,cov_LUFL_lag1,0.16441360551863904
1,1,0.1,XRT_1_AutoML_5_20260420_24422,cov_LULL_lag1,0.05639226621715347
1,1,0.1,XRT_1_AutoML_5_20260420_24422,cov_OT_lag1,0.08797998831141736
1,1,0.1,XRT_1_AutoML_5_20260420_24422,hour_lag1,79.20073250740766
1,1,0.1,XRT_1_AutoML_5_20260420_24422,day_of_week_lag1,0.057149959206581065
1,1,0.1,XRT_1_AutoML_5_20260420_24422,month_lag1,0.1909882146352902
1,1,0.1,XRT_1_AutoML_5_20260420_24422,month_sin,0.20718899219529704
1,1,0.1,XRT_1_AutoML_5_20260420_24422,month_cos,0.05900129816523982
1,1,0.1,XGBoost_grid_1_AutoML_5_20260420_24422_model_4,target_lag1,1.7824480894207955
1,1,0.1,XGBoost_grid_1_AutoML_5_20260420_24422_model_4,target_lag2,0.16199271549005062
1,1,0.1,XGBoost_grid_1_AutoML_5_20260420_24422_model_4,target_lag3,0.17499848623760045
1,1,0.1,XGBoost_grid_1_AutoML_5_20260420_24422_model_4,target_lag4,0.18395346697419881
1,1,0.1,XGBoost_grid_1_AutoML_5_20260420_24422_model_4,target_lag5,0.08308363536372777
1,1,0.1,XGBoost_grid_1_AutoML_5_20260420_24422_model_4,target_lag6,0.12870483348146078
1,1,0.1,XGBoost_grid_1_AutoML_5_20260420_24422_model_4,cov_HULL_lag1,0.13108915674441957
1,1,0.1,XGBoost_grid_1_AutoML_5_20260420_24422_model_4,cov_MUFL_lag1,2.4483419838547706
1,1,0.1,XGBoost_grid_1_AutoML_5_20260420_24422_model_4,cov_MULL_lag1,0.17893509180750697
1,1,0.1,XGBoost_grid_1_AutoML_5_20260420_24422_model_4,cov_LUFL_lag1,0.1922300225496292
1,1,0.1,XGBoost_grid_1_AutoML_5_20260420_24422_model_4,cov_LULL_lag1,0.08178205452393737
1,1,0.1,XGBoost_grid_1_AutoML_5_20260420_24422_model_4,cov_OT_lag1,0.1312333214189857
1,1,0.1,XGBoost_grid_1_AutoML_5_20260420_24422_model_4,hour_lag1,0.9240713276714086
1,1,0.1,XGBoost_grid_1_AutoML_5_20260420_24422_model_4,day_of_week_lag1,0.04545350683853026
1,1,0.1,XGBoost_grid_1_AutoML_5_20260420_24422_model_4,month_lag1,0.14708957960363475
1,1,0.1,XGBoost_grid_1_AutoML_5_20260420_24422_model_4,month_sin,0.28737119644880293
1,1,0.1,XGBoost_grid_1_AutoML_5_20260420_24422_model_4,month_cos,0.10036660235491578
1,1,0.1,XGBoost_grid_1_AutoML_5_20260420_24422_model_6,target_lag1,1.5899801084399223
1,1,0.1,XGBoost_grid_1_AutoML_5_20260420_24422_model_6,target_lag2,0.21081246836110942
1,1,0.1,XGBoost_grid_1_AutoML_5_20260420_24422_model_6,target_lag3,0.14317946436814963
1,1,0.1,XGBoost_grid_1_AutoML_5_20260420_24422_model_6,target_lag4,0.3682117360085249
1,1,0.1,XGBoost_grid_1_AutoML_5_20260420_24422_model_6,target_lag5,0.12188629131298509
1,1,0.1,XGBoost_grid_1_AutoML_5_20260420_24422_model_6,target_lag6,0.14009200157131996
1,1,0.1,XGBoost_grid_1_AutoML_5_20260420_24422_model_6,cov_HULL_lag1,0.15191993955522773
1,1,0.1,XGBoost_grid_1_AutoML_5_20260420_24422_model_6,cov_MUFL_lag1,2.220837120115757
1,1,0.1,XGBoost_grid_1_AutoML_5_20260420_24422_model_6,cov_MULL_lag1,0.14381734351860356
1,1,0.1,XGBoost_grid_1_AutoML_5_20260420_24422_model_6,cov_LUFL_lag1,0.3322083860868588
1,1,0.1,XGBoost_grid_1_AutoML_5_20260420_24422_model_6,cov_LULL_lag1,0.10683022117940705
1,1,0.1,XGBoost_grid_1_AutoML_5_20260420_24422_model_6,cov_OT_lag1,0.2760454140137881
1,1,0.1,XGBoost_grid_1_AutoML_5_20260420_24422_model_6,hour_lag1,0.8072616718709469
1,1,0.1,XGBoost_grid_1_AutoML_5_20260420_24422_model_6,day_of_week_lag1,0.11242838971316811
1,1,0.1,XGBoost_grid_1_AutoML_5_20260420_24422_model_6,month_lag1,0.10017998694791455
1,1,0.1,XGBoost_grid_1_AutoML_5_20260420_24422_model_6,month_sin,0.19317479111254215
1,1,0.1,XGBoost_grid_1_AutoML_5_20260420_24422_model_6,month_cos,0.07519320514984425
1,1,0.1,XGBoost_2_AutoML_5_20260420_24422,target_lag1,0.8596382494084537
1,1,0.1,XGBoost_2_AutoML_5_20260420_24422,target_lag2,0.2597755336761474
1,1,0.1,XGBoost_2_AutoML_5_20260420_24422,target_lag3,0.12855307294055815
1,1,0.1,XGBoost_2_AutoML_5_20260420_24422,target_lag4,0.19572083570528775
1,1,0.1,XGBoost_2_AutoML_5_20260420_24422,target_lag5,0.10898328172974285
1,1,0.1,XGBoost_2_AutoML_5_20260420_24422,target_lag6,0.1484362418716773
1,1,0.1,XGBoost_2_AutoML_5_20260420_24422,cov_HULL_lag1,0.12321790529415008
1,1,0.1,XGBoost_2_AutoML_5_20260420_24422,cov_MUFL_lag1,3.416751735210419
1,1,0.1,XGBoost_2_AutoML_5_20260420_24422,cov_MULL_lag1,0.19682858243584633
1,1,0.1,XGBoost_2_AutoML_5_20260420_24422,cov_LUFL_lag1,0.17058239192701877
1,1,0.1,XGBoost_2_AutoML_5_20260420_24422,cov_LULL_lag1,0.09524191089061784
1,1,0.1,XGBoost_2_AutoML_5_20260420_24422,cov_OT_lag1,0.17768585815909319
1,1,0.1,XGBoost_2_AutoML_5_20260420_24422,hour_lag1,1.0413837702572346
1,1,0.1,XGBoost_2_AutoML_5_20260420_24422,day_of_week_lag1,0.10428910435643043
1,1,0.1,XGBoost_2_AutoML_5_20260420_24422,month_lag1,0.1308869359127129
1,1,0.1,XGBoost_2_AutoML_5_20260420_24422,month_sin,0.19452098694629968
1,1,0.1,XGBoost_2_AutoML_5_20260420_24422,month_cos,0.0898148333560675
1,1,0.1,XGBoost_1_AutoML_5_20260420_24422,target_lag1,0.5747975087724626
1,1,0.1,XGBoost_1_AutoML_5_20260420_24422,target_lag2,0.649188831821084
1,1,0.1,XGBoost_1_AutoML_5_20260420_24422,target_lag3,0.153969350279076
1,1,0.1,XGBoost_1_AutoML_5_20260420_24422,target_lag4,0.1831152110081166
1,1,0.1,XGBoost_1_AutoML_5_20260420_24422,target_lag5,0.17394407704472542
1,1,0.1,XGBoost_1_AutoML_5_20260420_24422,target_lag6,0.21267347360029812
1,1,0.1,XGBoost_1_AutoML_5_20260420_24422,cov_HULL_lag1,0.0992391735129058
1,1,0.1,XGBoost_1_AutoML_5_20260420_24422,cov_MUFL_lag1,2.9797074112296102
1,1,0.1,XGBoost_1_AutoML_5_20260420_24422,cov_MULL_lag1,0.26489309276919815
1,1,0.1,XGBoost_1_AutoML_5_20260420_24422,cov_LUFL_lag1,0.2111873135343194
1,1,0.1,XGBoost_1_AutoML_5_20260420_24422,cov_LULL_lag1,0.09011274163902268
1,1,0.1,XGBoost_1_AutoML_5_20260420_24422,cov_OT_lag1,0.17321449170005507
1,1,0.1,XGBoost_1_AutoML_5_20260420_24422,hour_lag1,0.8165484892949462
1,1,0.1,XGBoost_1_AutoML_5_20260420_24422,day_of_week_lag1,0.06254064944572742
1,1,0.1,XGBoost_1_AutoML_5_20260420_24422,month_lag1,0.18757131497375665
1,1,0.1,XGBoost_1_AutoML_5_20260420_24422,month_sin,0.36473102137446406
1,1,0.1,XGBoost_1_AutoML_5_20260420_24422,month_cos,0.0728112919698469
1,1,0.1,XGBoost_grid_1_AutoML_5_20260420_24422_model_3,target_lag1,0.38484755557030437
1,1,0.1,XGBoost_grid_1_AutoML_5_20260420_24422_model_3,target_lag2,0.2520385215803981
1,1,0.1,XGBoost_grid_1_AutoML_5_20260420_24422_model_3,target_lag3,0.15239138038363303
1,1,0.1,XGBoost_grid_1_AutoML_5_20260420_24422_model_3,target_lag4,0.13676818151958284
1,1,0.1,XGBoost_grid_1_AutoML_5_20260420_24422_model_3,target_lag5,0.11427867670543489
1,1,0.1,XGBoost_grid_1_AutoML_5_20260420_24422_model_3,target_lag6,0.10760854668187672
1,1,0.1,XGBoost_grid_1_AutoML_5_20260420_24422_model_3,cov_HULL_lag1,0.07528821427375075
1,1,0.1,XGBoost_grid_1_AutoML_5_20260420_24422_model_3,cov_MUFL_lag1,3.806429985463619
1,1,0.1,XGBoost_grid_1_AutoML_5_20260420_24422_model_3,cov_MULL_lag1,0.16588525216095149
1,1,0.1,XGBoost_grid_1_AutoML_5_20260420_24422_model_3,cov_LUFL_lag1,0.20219625246711076
1,1,0.1,XGBoost_grid_1_AutoML_5_20260420_24422_model_3,cov_LULL_lag1,0.08721102067735043
1,1,0.1,XGBoost_grid_1_AutoML_5_20260420_24422_model_3,cov_OT_lag1,0.21364131163805722
1,1,0.1,XGBoost_grid_1_AutoML_5_20260420_24422_model_3,hour_lag1,1.1457582687679677
1,1,0.1,XGBoost_grid_1_AutoML_5_20260420_24422_model_3,day_of_week_lag1,0.0394674811547156
1,1,0.1,XGBoost_grid_1_AutoML_5_20260420_24422_model_3,month_lag1,0.10793702568858858
1,1,0.1,XGBoost_grid_1_AutoML_5_20260420_24422_model_3,month_sin,0.4186252474784851
1,1,0.1,XGBoost_grid_1_AutoML_5_20260420_24422_model_3,month_cos,0.05287879767594855
1,1,0.1,XGBoost_grid_1_AutoML_5_20260420_24422_model_1,target_lag1,0.8898989029042422
1,1,0.1,XGBoost_grid_1_AutoML_5_20260420_24422_model_1,target_lag2,0.19563384321983904
1,1,0.1,XGBoost_grid_1_AutoML_5_20260420_24422_model_1,target_lag3,0.21754372996278107
1,1,0.1,XGBoost_grid_1_AutoML_5_20260420_24422_model_1,target_lag4,0.1999545545002911
1,1,0.1,XGBoost_grid_1_AutoML_5_20260420_24422_model_1,target_lag5,0.1423017320409417
1,1,0.1,XGBoost_grid_1_AutoML_5_20260420_24422_model_1,target_lag6,0.24907195645384492
1,1,0.1,XGBoost_grid_1_AutoML_5_20260420_24422_model_1,cov_HULL_lag1,0.14436632134951646
1,1,0.1,XGBoost_grid_1_AutoML_5_20260420_24422_model_1,cov_MUFL_lag1,3.196212283819914
1,1,0.1,XGBoost_grid_1_AutoML_5_20260420_24422_model_1,cov_MULL_lag1,0.1786359117180109
1,1,0.1,XGBoost_grid_1_AutoML_5_20260420_24422_model_1,cov_LUFL_lag1,0.3684165610931814
1,1,0.1,XGBoost_grid_1_AutoML_5_20260420_24422_model_1,cov_LULL_lag1,0.11315435582771893
1,1,0.1,XGBoost_grid_1_AutoML_5_20260420_24422_model_1,cov_OT_lag1,0.26514977792277933
1,1,0.1,XGBoost_grid_1_AutoML_5_20260420_24422_model_1,hour_lag1,0.9425991925597191
1,1,0.1,XGBoost_grid_1_AutoML_5_20260420_24422_model_1,day_of_week_lag1,0.07610749681945886
1,1,0.1,XGBoost_grid_1_AutoML_5_20260420_24422_model_1,month_lag1,0.12799168298020955
1,1,0.1,XGBoost_grid_1_AutoML_5_20260420_24422_model_1,month_sin,0.16415010338067074
1,1,0.1,XGBoost_grid_1_AutoML_5_20260420_24422_model_1,month_cos,0.08059170426102352
1,1,0.1,GBM_grid_1_AutoML_5_20260420_24422_model_3,target_lag1,1.1562051011249423
1,1,0.1,GBM_grid_1_AutoML_5_20260420_24422_model_3,target_lag2,0.5939547125808895
1,1,0.1,GBM_grid_1_AutoML_5_20260420_24422_model_3,target_lag3,0.20815537944436074
1,1,0.1,GBM_grid_1_AutoML_5_20260420_24422_model_3,target_lag4,0.16426132424850945
1,1,0.1,GBM_grid_1_AutoML_5_20260420_24422_model_3,target_lag5,0.12940699577913617
1,1,0.1,GBM_grid_1_AutoML_5_20260420_24422_model_3,target_lag6,0.2053440127102658
1,1,0.1,GBM_grid_1_AutoML_5_20260420_24422_model_3,cov_HULL_lag1,0.23368832154665142
1,1,0.1,GBM_grid_1_AutoML_5_20260420_24422_model_3,cov_MUFL_lag1,1.44713312279433
1,1,0.1,GBM_grid_1_AutoML_5_20260420_24422_model_3,cov_MULL_lag1,0.08723457400687035
1,1,0.1,GBM_grid_1_AutoML_5_20260420_24422_model_3,cov_LUFL_lag1,0.3996016380004585
1,1,0.1,GBM_grid_1_AutoML_5_20260420_24422_model_3,cov_LULL_lag1,0.057975521455518854
1,1,0.1,GBM_grid_1_AutoML_5_20260420_24422_model_3,cov_OT_lag1,0.13724146284628655
1,1,0.1,GBM_grid_1_AutoML_5_20260420_24422_model_3,hour_lag1,0.5880942153558135
1,1,0.1,GBM_grid_1_AutoML_5_20260420_24422_model_3,day_of_week_lag1,0.026436092951334967
1,1,0.1,GBM_grid_1_AutoML_5_20260420_24422_model_3,month_lag1,0.1128379775426583
1,1,0.1,GBM_grid_1_AutoML_5_20260420_24422_model_3,month_sin,0.2371133828908205
1,1,0.1,GBM_grid_1_AutoML_5_20260420_24422_model_3,month_cos,0.05308970362879331
1,1,0.1,XGBoost_grid_1_AutoML_5_20260420_24422_model_2,target_lag1,1.6373999092541636
1,1,0.1,XGBoost_grid_1_AutoML_5_20260420_24422_model_2,target_lag2,0.16459456651937215
1,1,0.1,XGBoost_grid_1_AutoML_5_20260420_24422_model_2,target_lag3,0.38280039640390895
1,1,0.1,XGBoost_grid_1_AutoML_5_20260420_24422_model_2,target_lag4,0.1655415031034499
1,1,0.1,XGBoost_grid_1_AutoML_5_20260420_24422_model_2,target_lag5,0.12605204120598498
1,1,0.1,XGBoost_grid_1_AutoML_5_20260420_24422_model_2,target_lag6,0.10465648411773142
1,1,0.1,XGBoost_grid_1_AutoML_5_20260420_24422_model_2,cov_HULL_lag1,0.12849892050959166
1,1,0.1,XGBoost_grid_1_AutoML_5_20260420_24422_model_2,cov_MUFL_lag1,1.9037827444076538
1,1,0.1,XGBoost_grid_1_AutoML_5_20260420_24422_model_2,cov_MULL_lag1,0.17266244967700914
1,1,0.1,XGBoost_grid_1_AutoML_5_20260420_24422_model_2,cov_LUFL_lag1,0.28037012996152044
1,1,0.1,XGBoost_grid_1_AutoML_5_20260420_24422_model_2,cov_LULL_lag1,0.07867854516953225
1,1,0.1,XGBoost_grid_1_AutoML_5_20260420_24422_model_2,cov_OT_lag1,0.1712872241064906
1,1,0.1,XGBoost_grid_1_AutoML_5_20260420_24422_model_2,hour_lag1,0.7927758042886853
1,1,0.1,XGBoost_grid_1_AutoML_5_20260420_24422_model_2,day_of_week_lag1,0.058124398090876606
1,1,0.1,XGBoost_grid_1_AutoML_5_20260420_24422_model_2,month_lag1,0.15867446871474383
1,1,0.1,XGBoost_grid_1_AutoML_5_20260420_24422_model_2,month_sin,0.2110695317387581
1,1,0.1,XGBoost_grid_1_AutoML_5_20260420_24422_model_2,month_cos,0.13721593174617733
1,1,0.2,GBM_4_AutoML_5_20260420_24422,target_lag1,1.435584288481623
1,1,0.2,GBM_4_AutoML_5_20260420_24422,target_lag2,0.14016801273450252
1,1,0.2,GBM_4_AutoML_5_20260420_24422,target_lag3,0.06798162954626602
1,1,0.2,GBM_4_AutoML_5_20260420_24422,target_lag4,0.10487096223048863
1,1,0.2,GBM_4_AutoML_5_20260420_24422,target_lag5,0.11142263361718502
1,1,0.2,GBM_4_AutoML_5_20260420_24422,target_lag6,0.21470980717800559
1,1,0.2,GBM_4_AutoML_5_20260420_24422,cov_HULL_lag1,0.08383564299205315
1,1,0.2,GBM_4_AutoML_5_20260420_24422,cov_MUFL_lag1,2.558645256925374
1,1,0.2,GBM_4_AutoML_5_20260420_24422,cov_MULL_lag1,0.16788720279000693
1,1,0.2,GBM_4_AutoML_5_20260420_24422,cov_LUFL_lag1,0.23472894579637796
1,1,0.2,GBM_4_AutoML_5_20260420_24422,cov_LULL_lag1,0.06405725697521115
1,1,0.2,GBM_4_AutoML_5_20260420_24422,cov_OT_lag1,0.14479169995523986
1,1,0.2,GBM_4_AutoML_5_20260420_24422,hour_lag1,0.7986789270862937
1,1,0.2,GBM_4_AutoML_5_20260420_24422,day_of_week_lag1,0.0327277492039138
1,1,0.2,GBM_4_AutoML_5_20260420_24422,month_lag1,0.0997436044272035
1,1,0.2,GBM_4_AutoML_5_20260420_24422,month_sin,0.22680868483847008
1,1,0.2,GBM_4_AutoML_5_20260420_24422,month_cos,0.04065674858400594
1,1,0.2,GBM_5_AutoML_5_20260420_24422,target_lag1,1.089148331321776
1,1,0.2,GBM_5_AutoML_5_20260420_24422,target_lag2,0.31082635758677496
1,1,0.2,GBM_5_AutoML_5_20260420_24422,target_lag3,0.08619250822346654
1,1,0.2,GBM_5_AutoML_5_20260420_24422,target_lag4,0.15194350318051872
1,1,0.2,GBM_5_AutoML_5_20260420_24422,target_lag5,0.12659747454570602
1,1,0.2,GBM_5_AutoML_5_20260420_24422,target_lag6,0.06664807727560397
1,1,0.2,GBM_5_AutoML_5_20260420_24422,cov_HULL_lag1,0.04480591847328464
1,1,0.2,GBM_5_AutoML_5_20260420_24422,cov_MUFL_lag1,2.6556784719228745
1,1,0.2,GBM_5_AutoML_5_20260420_24422,cov_MULL_lag1,0.09792058477178213
1,1,0.2,GBM_5_AutoML_5_20260420_24422,cov_LUFL_lag1,0.1656195426173508
1,1,0.2,GBM_5_AutoML_5_20260420_24422,cov_LULL_lag1,0.03961005017510611
1,1,0.2,GBM_5_AutoML_5_20260420_24422,cov_OT_lag1,0.1836436908505857
1,1,0.2,GBM_5_AutoML_5_20260420_24422,hour_lag1,0.928732001259923
1,1,0.2,GBM_5_AutoML_5_20260420_24422,day_of_week_lag1,0.03264496921168752
1,1,0.2,GBM_5_AutoML_5_20260420_24422,month_lag1,0.12319488366134461
1,1,0.2,GBM_5_AutoML_5_20260420_24422,month_sin,0.2319359797704965
1,1,0.2,GBM_5_AutoML_5_20260420_24422,month_cos,0.06243183251994193
1,1,0.2,GBM_2_AutoML_5_20260420_24422,target_lag1,1.7793784964084625
1,1,0.2,GBM_2_AutoML_5_20260420_24422,target_lag2,0.1356476253457367
1,1,0.2,GBM_2_AutoML_5_20260420_24422,target_lag3,0.06641007531259671
1,1,0.2,GBM_2_AutoML_5_20260420_24422,target_lag4,0.13610956447198982
1,1,0.2,GBM_2_AutoML_5_20260420_24422,target_lag5,0.09717439507134254
1,1,0.2,GBM_2_AutoML_5_20260420_24422,target_lag6,0.2124564367858693
1,1,0.2,GBM_2_AutoML_5_20260420_24422,cov_HULL_lag1,0.0747650322783738
1,1,0.2,GBM_2_AutoML_5_20260420_24422,cov_MUFL_lag1,2.1125775852799418
1,1,0.2,GBM_2_AutoML_5_20260420_24422,cov_MULL_lag1,0.17591391614638266
1,1,0.2,GBM_2_AutoML_5_20260420_24422,cov_LUFL_lag1,0.21943625004962086
1,1,0.2,GBM_2_AutoML_5_20260420_24422,cov_LULL_lag1,0.04109682618407529
1,1,0.2,GBM_2_AutoML_5_20260420_24422,cov_OT_lag1,0.14787906263023612
1,1,0.2,GBM_2_AutoML_5_20260420_24422,hour_lag1,0.94130813812837
1,1,0.2,GBM_2_AutoML_5_20260420_24422,day_of_week_lag1,0.036505102462251623
1,1,0.2,GBM_2_AutoML_5_20260420_24422,month_lag1,0.12389265542384234
1,1,0.2,GBM_2_AutoML_5_20260420_24422,month_sin,0.18778598704375327
1,1,0.2,GBM_2_AutoML_5_20260420_24422,month_cos,0.034711498850956514
1,1,0.2,GBM_3_AutoML_5_20260420_24422,target_lag1,1.2998102575168013
1,1,0.2,GBM_3_AutoML_5_20260420_24422,target_lag2,0.25860174518078566
1,1,0.2,GBM_3_AutoML_5_20260420_24422,target_lag3,0.27301936868578197
1,1,0.2,GBM_3_AutoML_5_20260420_24422,target_lag4,0.146118840877898
1,1,0.2,GBM_3_AutoML_5_20260420_24422,target_lag5,0.09018535811919716
1,1,0.2,GBM_3_AutoML_5_20260420_24422,target_lag6,0.17794345905538647
1,1,0.2,GBM_3_AutoML_5_20260420_24422,cov_HULL_lag1,0.06712185431504619
1,1,0.2,GBM_3_AutoML_5_20260420_24422,cov_MUFL_lag1,2.0915824208036065
1,1,0.2,GBM_3_AutoML_5_20260420_24422,cov_MULL_lag1,0.09045819107443091
1,1,0.2,GBM_3_AutoML_5_20260420_24422,cov_LUFL_lag1,0.22180883144959807
1,1,0.2,GBM_3_AutoML_5_20260420_24422,cov_LULL_lag1,0.046804785281419715
1,1,0.2,GBM_3_AutoML_5_20260420_24422,cov_OT_lag1,0.11702843790873882
1,1,0.2,GBM_3_AutoML_5_20260420_24422,hour_lag1,0.9169949025660753
1,1,0.2,GBM_3_AutoML_5_20260420_24422,day_of_week_lag1,0.041057053696713364
1,1,0.2,GBM_3_AutoML_5_20260420_24422,month_lag1,0.11364205322228368
1,1,0.2,GBM_3_AutoML_5_20260420_24422,month_sin,0.2546708285645582
1,1,0.2,GBM_3_AutoML_5_20260420_24422,month_cos,0.045435136482119505
1,1,0.2,GBM_grid_1_AutoML_5_20260420_24422_model_2,target_lag1,0.9742154600215145
1,1,0.2,GBM_grid_1_AutoML_5_20260420_24422_model_2,target_lag2,0.3699104483611882
1,1,0.2,GBM_grid_1_AutoML_5_20260420_24422_model_2,target_lag3,0.07607475591357793
1,1,0.2,GBM_grid_1_AutoML_5_20260420_24422_model_2,target_lag4,0.10836501157842574
1,1,0.2,GBM_grid_1_AutoML_5_20260420_24422_model_2,target_lag5,0.11114336155587803
1,1,0.2,GBM_grid_1_AutoML_5_20260420_24422_model_2,target_lag6,0.04192933829501267
1,1,0.2,GBM_grid_1_AutoML_5_20260420_24422_model_2,cov_HULL_lag1,0.03969377696223087
1,1,0.2,GBM_grid_1_AutoML_5_20260420_24422_model_2,cov_MUFL_lag1,2.657969563305378
1,1,0.2,GBM_grid_1_AutoML_5_20260420_24422_model_2,cov_MULL_lag1,0.10664640636183317
1,1,0.2,GBM_grid_1_AutoML_5_20260420_24422_model_2,cov_LUFL_lag1,0.19566410124767572
1,1,0.2,GBM_grid_1_AutoML_5_20260420_24422_model_2,cov_LULL_lag1,0.04907248187810177
1,1,0.2,GBM_grid_1_AutoML_5_20260420_24422_model_2,cov_OT_lag1,0.14923681181389836
1,1,0.2,GBM_grid_1_AutoML_5_20260420_24422_model_2,hour_lag1,1.0690267646312714
1,1,0.2,GBM_grid_1_AutoML_5_20260420_24422_model_2,day_of_week_lag1,0.0026509297802112847
1,1,0.2,GBM_grid_1_AutoML_5_20260420_24422_model_2,month_lag1,0.07359855666523796
1,1,0.2,GBM_grid_1_AutoML_5_20260420_24422_model_2,month_sin,0.3948027481138706
1,1,0.2,GBM_grid_1_AutoML_5_20260420_24422_model_2,month_cos,0.061604275525314695
1,1,0.2,DRF_1_AutoML_5_20260420_24422,target_lag1,1.5121557119488716
1,1,0.2,DRF_1_AutoML_5_20260420_24422,target_lag2,0.5832826554588973
1,1,0.2,DRF_1_AutoML_5_20260420_24422,target_lag3,0.2353083239123225
1,1,0.2,DRF_1_AutoML_5_20260420_24422,target_lag4,0.17764888398349285
1,1,0.2,DRF_1_AutoML_5_20260420_24422,target_lag5,0.11262022153940049
1,1,0.2,DRF_1_AutoML_5_20260420_24422,target_lag6,0.17076900897547603
1,1,0.2,DRF_1_AutoML_5_20260420_24422,cov_HULL_lag1,0.0898975821631029
1,1,0.2,DRF_1_AutoML_5_20260420_24422,cov_MUFL_lag1,1.730601499453187
1,1,0.2,DRF_1_AutoML_5_20260420_24422,cov_MULL_lag1,0.14235464688390492
1,1,0.2,DRF_1_AutoML_5_20260420_24422,cov_LUFL_lag1,0.33053146506659686
1,1,0.2,DRF_1_AutoML_5_20260420_24422,cov_LULL_lag1,0.039389875610358976
1,1,0.2,DRF_1_AutoML_5_20260420_24422,cov_OT_lag1,0.10976129608228799
1,1,0.2,DRF_1_AutoML_5_20260420_24422,hour_lag1,0.6134305847994983
1,1,0.2,DRF_1_AutoML_5_20260420_24422,day_of_week_lag1,0.02215970283054043
1,1,0.2,DRF_1_AutoML_5_20260420_24422,month_lag1,0.09936266237811647
1,1,0.2,DRF_1_AutoML_5_20260420_24422,month_sin,0.26319053940474985
1,1,0.2,DRF_1_AutoML_5_20260420_24422,month_cos,0.05253964825533326
1,1,0.2,GBM_1_AutoML_5_20260420_24422,target_lag1,1.7854801800101996
1,1,0.2,GBM_1_AutoML_5_20260420_24422,target_lag2,0.3779437209307798
1,1,0.2,GBM_1_AutoML_5_20260420_24422,target_lag3,0.09196415250189599
1,1,0.2,GBM_1_AutoML_5_20260420_24422,target_lag4,0.12185625645797696
1,1,0.2,GBM_1_AutoML_5_20260420_24422,target_lag5,0.1494347375631332
1,1,0.2,GBM_1_AutoML_5_20260420_24422,target_lag6,0.21451127614825963
1,1,0.2,GBM_1_AutoML_5_20260420_24422,cov_HULL_lag1,0.05793265760177742
1,1,0.2,GBM_1_AutoML_5_20260420_24422,cov_MUFL_lag1,1.9619171807169915
1,1,0.2,GBM_1_AutoML_5_20260420_24422,cov_MULL_lag1,0.12066825801506635
1,1,0.2,GBM_1_AutoML_5_20260420_24422,cov_LUFL_lag1,0.1391379395127296
1,1,0.2,GBM_1_AutoML_5_20260420_24422,cov_LULL_lag1,0.04538327226822727
1,1,0.2,GBM_1_AutoML_5_20260420_24422,cov_OT_lag1,0.10531012851803094
1,1,0.2,GBM_1_AutoML_5_20260420_24422,hour_lag1,0.8243904719501733
1,1,0.2,GBM_1_AutoML_5_20260420_24422,day_of_week_lag1,0.03343375016236673
1,1,0.2,GBM_1_AutoML_5_20260420_24422,month_lag1,0.0971605379763059
1,1,0.2,GBM_1_AutoML_5_20260420_24422,month_sin,0.1465377848409116
1,1,0.2,GBM_1_AutoML_5_20260420_24422,month_cos,0.04079515072720819
1,1,0.2,XGBoost_3_AutoML_5_20260420_24422,target_lag1,1.8622104236483574
1,1,0.2,XGBoost_3_AutoML_5_20260420_24422,target_lag2,0.21782849790528416
1,1,0.2,XGBoost_3_AutoML_5_20260420_24422,target_lag3,0.15936983080930076
1,1,0.2,XGBoost_3_AutoML_5_20260420_24422,target_lag4,0.1335864994395524
1,1,0.2,XGBoost_3_AutoML_5_20260420_24422,target_lag5,0.1276785279688192
1,1,0.2,XGBoost_3_AutoML_5_20260420_24422,target_lag6,0.1828738258779049
1,1,0.2,XGBoost_3_AutoML_5_20260420_24422,cov_HULL_lag1,0.151623348663561
1,1,0.2,XGBoost_3_AutoML_5_20260420_24422,cov_MUFL_lag1,2.2624446411430834
1,1,0.2,XGBoost_3_AutoML_5_20260420_24422,cov_MULL_lag1,0.16810281097423282
1,1,0.2,XGBoost_3_AutoML_5_20260420_24422,cov_LUFL_lag1,0.21852931404486298
1,1,0.2,XGBoost_3_AutoML_5_20260420_24422,cov_LULL_lag1,0.06160565007477995
1,1,0.2,XGBoost_3_AutoML_5_20260420_24422,cov_OT_lag1,0.22476989762857558
1,1,0.2,XGBoost_3_AutoML_5_20260420_24422,hour_lag1,0.8537272847443819
1,1,0.2,XGBoost_3_AutoML_5_20260420_24422,day_of_week_lag1,0.03683991579804565
1,1,0.2,XGBoost_3_AutoML_5_20260420_24422,month_lag1,0.06708405597135421
1,1,0.2,XGBoost_3_AutoML_5_20260420_24422,month_sin,0.38431677855551244
1,1,0.2,XGBoost_3_AutoML_5_20260420_24422,month_cos,0.037795145725831335
1,1,0.2,XRT_1_AutoML_5_20260420_24422,target_lag1,1.7081663542985916
1,1,0.2,XRT_1_AutoML_5_20260420_24422,target_lag2,0.5988979518786073
1,1,0.2,XRT_1_AutoML_5_20260420_24422,target_lag3,0.3154815036430955
1,1,0.2,XRT_1_AutoML_5_20260420_24422,target_lag4,0.08493534643930613
1,1,0.2,XRT_1_AutoML_5_20260420_24422,target_lag5,0.1683754501491785
1,1,0.2,XRT_1_AutoML_5_20260420_24422,target_lag6,0.1775079101137817
1,1,0.2,XRT_1_AutoML_5_20260420_24422,cov_HULL_lag1,0.13526704583200622
1,1,0.2,XRT_1_AutoML_5_20260420_24422,cov_MUFL_lag1,1.7226736988872289
1,1,0.2,XRT_1_AutoML_5_20260420_24422,cov_MULL_lag1,0.1416508338972926
1,1,0.2,XRT_1_AutoML_5_20260420_24422,cov_LUFL_lag1,0.16441360551863904
1,1,0.2,XRT_1_AutoML_5_20260420_24422,cov_LULL_lag1,0.05639226621715347
1,1,0.2,XRT_1_AutoML_5_20260420_24422,cov_OT_lag1,0.08797998831141736
1,1,0.2,XRT_1_AutoML_5_20260420_24422,hour_lag1,79.20073250740766
1,1,0.2,XRT_1_AutoML_5_20260420_24422,day_of_week_lag1,0.057149959206581065
1,1,0.2,XRT_1_AutoML_5_20260420_24422,month_lag1,0.1909882146352902
1,1,0.2,XRT_1_AutoML_5_20260420_24422,month_sin,0.20718899219529704
1,1,0.2,XRT_1_AutoML_5_20260420_24422,month_cos,0.05900129816523982
1,1,0.2,XGBoost_grid_1_AutoML_5_20260420_24422_model_4,target_lag1,1.7824480894207955
1,1,0.2,XGBoost_grid_1_AutoML_5_20260420_24422_model_4,target_lag2,0.16199271549005062
1,1,0.2,XGBoost_grid_1_AutoML_5_20260420_24422_model_4,target_lag3,0.17499848623760045
1,1,0.2,XGBoost_grid_1_AutoML_5_20260420_24422_model_4,target_lag4,0.18395346697419881
1,1,0.2,XGBoost_grid_1_AutoML_5_20260420_24422_model_4,target_lag5,0.08308363536372777
1,1,0.2,XGBoost_grid_1_AutoML_5_20260420_24422_model_4,target_lag6,0.12870483348146078
1,1,0.2,XGBoost_grid_1_AutoML_5_20260420_24422_model_4,cov_HULL_lag1,0.13108915674441957
1,1,0.2,XGBoost_grid_1_AutoML_5_20260420_24422_model_4,cov_MUFL_lag1,2.4483419838547706
1,1,0.2,XGBoost_grid_1_AutoML_5_20260420_24422_model_4,cov_MULL_lag1,0.17893509180750697
1,1,0.2,XGBoost_grid_1_AutoML_5_20260420_24422_model_4,cov_LUFL_lag1,0.1922300225496292
1,1,0.2,XGBoost_grid_1_AutoML_5_20260420_24422_model_4,cov_LULL_lag1,0.08178205452393737
1,1,0.2,XGBoost_grid_1_AutoML_5_20260420_24422_model_4,cov_OT_lag1,0.1312333214189857
1,1,0.2,XGBoost_grid_1_AutoML_5_20260420_24422_model_4,hour_lag1,0.9240713276714086
1,1,0.2,XGBoost_grid_1_AutoML_5_20260420_24422_model_4,day_of_week_lag1,0.04545350683853026
1,1,0.2,XGBoost_grid_1_AutoML_5_20260420_24422_model_4,month_lag1,0.14708957960363475
1,1,0.2,XGBoost_grid_1_AutoML_5_20260420_24422_model_4,month_sin,0.28737119644880293
1,1,0.2,XGBoost_grid_1_AutoML_5_20260420_24422_model_4,month_cos,0.10036660235491578
1,1,0.2,XGBoost_grid_1_AutoML_5_20260420_24422_model_6,target_lag1,1.5899801084399223
1,1,0.2,XGBoost_grid_1_AutoML_5_20260420_24422_model_6,target_lag2,0.21081246836110942
1,1,0.2,XGBoost_grid_1_AutoML_5_20260420_24422_model_6,target_lag3,0.14317946436814963
1,1,0.2,XGBoost_grid_1_AutoML_5_20260420_24422_model_6,target_lag4,0.3682117360085249
1,1,0.2,XGBoost_grid_1_AutoML_5_20260420_24422_model_6,target_lag5,0.12188629131298509
1,1,0.2,XGBoost_grid_1_AutoML_5_20260420_24422_model_6,target_lag6,0.14009200157131996
1,1,0.2,XGBoost_grid_1_AutoML_5_20260420_24422_model_6,cov_HULL_lag1,0.15191993955522773
1,1,0.2,XGBoost_grid_1_AutoML_5_20260420_24422_model_6,cov_MUFL_lag1,2.220837120115757
1,1,0.2,XGBoost_grid_1_AutoML_5_20260420_24422_model_6,cov_MULL_lag1,0.14381734351860356
1,1,0.2,XGBoost_grid_1_AutoML_5_20260420_24422_model_6,cov_LUFL_lag1,0.3322083860868588
1,1,0.2,XGBoost_grid_1_AutoML_5_20260420_24422_model_6,cov_LULL_lag1,0.10683022117940705
1,1,0.2,XGBoost_grid_1_AutoML_5_20260420_24422_model_6,cov_OT_lag1,0.2760454140137881
1,1,0.2,XGBoost_grid_1_AutoML_5_20260420_24422_model_6,hour_lag1,0.8072616718709469
1,1,0.2,XGBoost_grid_1_AutoML_5_20260420_24422_model_6,day_of_week_lag1,0.11242838971316811
1,1,0.2,XGBoost_grid_1_AutoML_5_20260420_24422_model_6,month_lag1,0.10017998694791455
1,1,0.2,XGBoost_grid_1_AutoML_5_20260420_24422_model_6,month_sin,0.19317479111254215
1,1,0.2,XGBoost_grid_1_AutoML_5_20260420_24422_model_6,month_cos,0.07519320514984425
1,1,0.2,XGBoost_2_AutoML_5_20260420_24422,target_lag1,0.8596382494084537
1,1,0.2,XGBoost_2_AutoML_5_20260420_24422,target_lag2,0.2597755336761474
1,1,0.2,XGBoost_2_AutoML_5_20260420_24422,target_lag3,0.12855307294055815
1,1,0.2,XGBoost_2_AutoML_5_20260420_24422,target_lag4,0.19572083570528775
1,1,0.2,XGBoost_2_AutoML_5_20260420_24422,target_lag5,0.10898328172974285
1,1,0.2,XGBoost_2_AutoML_5_20260420_24422,target_lag6,0.1484362418716773
1,1,0.2,XGBoost_2_AutoML_5_20260420_24422,cov_HULL_lag1,0.12321790529415008
1,1,0.2,XGBoost_2_AutoML_5_20260420_24422,cov_MUFL_lag1,3.416751735210419
1,1,0.2,XGBoost_2_AutoML_5_20260420_24422,cov_MULL_lag1,0.19682858243584633
1,1,0.2,XGBoost_2_AutoML_5_20260420_24422,cov_LUFL_lag1,0.17058239192701877
1,1,0.2,XGBoost_2_AutoML_5_20260420_24422,cov_LULL_lag1,0.09524191089061784
1,1,0.2,XGBoost_2_AutoML_5_20260420_24422,cov_OT_lag1,0.17768585815909319
1,1,0.2,XGBoost_2_AutoML_5_20260420_24422,hour_lag1,1.0413837702572346
1,1,0.2,XGBoost_2_AutoML_5_20260420_24422,day_of_week_lag1,0.10428910435643043
1,1,0.2,XGBoost_2_AutoML_5_20260420_24422,month_lag1,0.1308869359127129
1,1,0.2,XGBoost_2_AutoML_5_20260420_24422,month_sin,0.19452098694629968
1,1,0.2,XGBoost_2_AutoML_5_20260420_24422,month_cos,0.0898148333560675
1,1,0.2,XGBoost_1_AutoML_5_20260420_24422,target_lag1,0.5747975087724626
1,1,0.2,XGBoost_1_AutoML_5_20260420_24422,target_lag2,0.649188831821084
1,1,0.2,XGBoost_1_AutoML_5_20260420_24422,target_lag3,0.153969350279076
1,1,0.2,XGBoost_1_AutoML_5_20260420_24422,target_lag4,0.1831152110081166
1,1,0.2,XGBoost_1_AutoML_5_20260420_24422,target_lag5,0.17394407704472542
1,1,0.2,XGBoost_1_AutoML_5_20260420_24422,target_lag6,0.21267347360029812
1,1,0.2,XGBoost_1_AutoML_5_20260420_24422,cov_HULL_lag1,0.0992391735129058
1,1,0.2,XGBoost_1_AutoML_5_20260420_24422,cov_MUFL_lag1,2.9797074112296102
1,1,0.2,XGBoost_1_AutoML_5_20260420_24422,cov_MULL_lag1,0.26489309276919815
1,1,0.2,XGBoost_1_AutoML_5_20260420_24422,cov_LUFL_lag1,0.2111873135343194
1,1,0.2,XGBoost_1_AutoML_5_20260420_24422,cov_LULL_lag1,0.09011274163902268
1,1,0.2,XGBoost_1_AutoML_5_20260420_24422,cov_OT_lag1,0.17321449170005507
1,1,0.2,XGBoost_1_AutoML_5_20260420_24422,hour_lag1,0.8165484892949462
1,1,0.2,XGBoost_1_AutoML_5_20260420_24422,day_of_week_lag1,0.06254064944572742
1,1,0.2,XGBoost_1_AutoML_5_20260420_24422,month_lag1,0.18757131497375665
1,1,0.2,XGBoost_1_AutoML_5_20260420_24422,month_sin,0.36473102137446406
1,1,0.2,XGBoost_1_AutoML_5_20260420_24422,month_cos,0.0728112919698469
1,1,0.2,XGBoost_grid_1_AutoML_5_20260420_24422_model_3,target_lag1,0.38484755557030437
1,1,0.2,XGBoost_grid_1_AutoML_5_20260420_24422_model_3,target_lag2,0.2520385215803981
1,1,0.2,XGBoost_grid_1_AutoML_5_20260420_24422_model_3,target_lag3,0.15239138038363303
1,1,0.2,XGBoost_grid_1_AutoML_5_20260420_24422_model_3,target_lag4,0.13676818151958284
1,1,0.2,XGBoost_grid_1_AutoML_5_20260420_24422_model_3,target_lag5,0.11427867670543489
1,1,0.2,XGBoost_grid_1_AutoML_5_20260420_24422_model_3,target_lag6,0.10760854668187672
1,1,0.2,XGBoost_grid_1_AutoML_5_20260420_24422_model_3,cov_HULL_lag1,0.07528821427375075
1,1,0.2,XGBoost_grid_1_AutoML_5_20260420_24422_model_3,cov_MUFL_lag1,3.806429985463619
1,1,0.2,XGBoost_grid_1_AutoML_5_20260420_24422_model_3,cov_MULL_lag1,0.16588525216095149
1,1,0.2,XGBoost_grid_1_AutoML_5_20260420_24422_model_3,cov_LUFL_lag1,0.20219625246711076
1,1,0.2,XGBoost_grid_1_AutoML_5_20260420_24422_model_3,cov_LULL_lag1,0.08721102067735043
1,1,0.2,XGBoost_grid_1_AutoML_5_20260420_24422_model_3,cov_OT_lag1,0.21364131163805722
1,1,0.2,XGBoost_grid_1_AutoML_5_20260420_24422_model_3,hour_lag1,1.1457582687679677
1,1,0.2,XGBoost_grid_1_AutoML_5_20260420_24422_model_3,day_of_week_lag1,0.0394674811547156
1,1,0.2,XGBoost_grid_1_AutoML_5_20260420_24422_model_3,month_lag1,0.10793702568858858
1,1,0.2,XGBoost_grid_1_AutoML_5_20260420_24422_model_3,month_sin,0.4186252474784851
1,1,0.2,XGBoost_grid_1_AutoML_5_20260420_24422_model_3,month_cos,0.05287879767594855
1,1,0.2,XGBoost_grid_1_AutoML_5_20260420_24422_model_1,target_lag1,0.8898989029042422
1,1,0.2,XGBoost_grid_1_AutoML_5_20260420_24422_model_1,target_lag2,0.19563384321983904
1,1,0.2,XGBoost_grid_1_AutoML_5_20260420_24422_model_1,target_lag3,0.21754372996278107
1,1,0.2,XGBoost_grid_1_AutoML_5_20260420_24422_model_1,target_lag4,0.1999545545002911
1,1,0.2,XGBoost_grid_1_AutoML_5_20260420_24422_model_1,target_lag5,0.1423017320409417
1,1,0.2,XGBoost_grid_1_AutoML_5_20260420_24422_model_1,target_lag6,0.24907195645384492
1,1,0.2,XGBoost_grid_1_AutoML_5_20260420_24422_model_1,cov_HULL_lag1,0.14436632134951646
1,1,0.2,XGBoost_grid_1_AutoML_5_20260420_24422_model_1,cov_MUFL_lag1,3.196212283819914
1,1,0.2,XGBoost_grid_1_AutoML_5_20260420_24422_model_1,cov_MULL_lag1,0.1786359117180109
1,1,0.2,XGBoost_grid_1_AutoML_5_20260420_24422_model_1,cov_LUFL_lag1,0.3684165610931814
1,1,0.2,XGBoost_grid_1_AutoML_5_20260420_24422_model_1,cov_LULL_lag1,0.11315435582771893
1,1,0.2,XGBoost_grid_1_AutoML_5_20260420_24422_model_1,cov_OT_lag1,0.26514977792277933
1,1,0.2,XGBoost_grid_1_AutoML_5_20260420_24422_model_1,hour_lag1,0.9425991925597191
1,1,0.2,XGBoost_grid_1_AutoML_5_20260420_24422_model_1,day_of_week_lag1,0.07610749681945886
1,1,0.2,XGBoost_grid_1_AutoML_5_20260420_24422_model_1,month_lag1,0.12799168298020955
1,1,0.2,XGBoost_grid_1_AutoML_5_20260420_24422_model_1,month_sin,0.16415010338067074
1,1,0.2,XGBoost_grid_1_AutoML_5_20260420_24422_model_1,month_cos,0.08059170426102352
1,1,0.2,GBM_grid_1_AutoML_5_20260420_24422_model_3,target_lag1,1.1562051011249423
1,1,0.2,GBM_grid_1_AutoML_5_20260420_24422_model_3,target_lag2,0.5939547125808895
1,1,0.2,GBM_grid_1_AutoML_5_20260420_24422_model_3,target_lag3,0.20815537944436074
1,1,0.2,GBM_grid_1_AutoML_5_20260420_24422_model_3,target_lag4,0.16426132424850945
1,1,0.2,GBM_grid_1_AutoML_5_20260420_24422_model_3,target_lag5,0.12940699577913617
1,1,0.2,GBM_grid_1_AutoML_5_20260420_24422_model_3,target_lag6,0.2053440127102658
1,1,0.2,GBM_grid_1_AutoML_5_20260420_24422_model_3,cov_HULL_lag1,0.23368832154665142
1,1,0.2,GBM_grid_1_AutoML_5_20260420_24422_model_3,cov_MUFL_lag1,1.44713312279433
1,1,0.2,GBM_grid_1_AutoML_5_20260420_24422_model_3,cov_MULL_lag1,0.08723457400687035
1,1,0.2,GBM_grid_1_AutoML_5_20260420_24422_model_3,cov_LUFL_lag1,0.3996016380004585
1,1,0.2,GBM_grid_1_AutoML_5_20260420_24422_model_3,cov_LULL_lag1,0.057975521455518854
1,1,0.2,GBM_grid_1_AutoML_5_20260420_24422_model_3,cov_OT_lag1,0.13724146284628655
1,1,0.2,GBM_grid_1_AutoML_5_20260420_24422_model_3,hour_lag1,0.5880942153558135
1,1,0.2,GBM_grid_1_AutoML_5_20260420_24422_model_3,day_of_week_lag1,0.026436092951334967
1,1,0.2,GBM_grid_1_AutoML_5_20260420_24422_model_3,month_lag1,0.1128379775426583
1,1,0.2,GBM_grid_1_AutoML_5_20260420_24422_model_3,month_sin,0.2371133828908205
1,1,0.2,GBM_grid_1_AutoML_5_20260420_24422_model_3,month_cos,0.05308970362879331
1,1,0.2,XGBoost_grid_1_AutoML_5_20260420_24422_model_2,target_lag1,1.6373999092541636
1,1,0.2,XGBoost_grid_1_AutoML_5_20260420_24422_model_2,target_lag2,0.16459456651937215
1,1,0.2,XGBoost_grid_1_AutoML_5_20260420_24422_model_2,target_lag3,0.38280039640390895
1,1,0.2,XGBoost_grid_1_AutoML_5_20260420_24422_model_2,target_lag4,0.1655415031034499
1,1,0.2,XGBoost_grid_1_AutoML_5_20260420_24422_model_2,target_lag5,0.12605204120598498
1,1,0.2,XGBoost_grid_1_AutoML_5_20260420_24422_model_2,target_lag6,0.10465648411773142
1,1,0.2,XGBoost_grid_1_AutoML_5_20260420_24422_model_2,cov_HULL_lag1,0.12849892050959166
1,1,0.2,XGBoost_grid_1_AutoML_5_20260420_24422_model_2,cov_MUFL_lag1,1.9037827444076538
1,1,0.2,XGBoost_grid_1_AutoML_5_20260420_24422_model_2,cov_MULL_lag1,0.17266244967700914
1,1,0.2,XGBoost_grid_1_AutoML_5_20260420_24422_model_2,cov_LUFL_lag1,0.28037012996152044
1,1,0.2,XGBoost_grid_1_AutoML_5_20260420_24422_model_2,cov_LULL_lag1,0.07867854516953225
1,1,0.2,XGBoost_grid_1_AutoML_5_20260420_24422_model_2,cov_OT_lag1,0.1712872241064906
1,1,0.2,XGBoost_grid_1_AutoML_5_20260420_24422_model_2,hour_lag1,0.7927758042886853
1,1,0.2,XGBoost_grid_1_AutoML_5_20260420_24422_model_2,day_of_week_lag1,0.058124398090876606
1,1,0.2,XGBoost_grid_1_AutoML_5_20260420_24422_model_2,month_lag1,0.15867446871474383
1,1,0.2,XGBoost_grid_1_AutoML_5_20260420_24422_model_2,month_sin,0.2110695317387581
1,1,0.2,XGBoost_grid_1_AutoML_5_20260420_24422_model_2,month_cos,0.13721593174617733
1,1,0.2,GBM_grid_1_AutoML_5_20260420_24422_model_1,target_lag1,1.4804408552497625
1,1,0.2,GBM_grid_1_AutoML_5_20260420_24422_model_1,target_lag2,0.1718679028027691
1,1,0.2,GBM_grid_1_AutoML_5_20260420_24422_model_1,target_lag3,0.2960234397137538
1,1,0.2,GBM_grid_1_AutoML_5_20260420_24422_model_1,target_lag4,0.17711204356281088
1,1,0.2,GBM_grid_1_AutoML_5_20260420_24422_model_1,target_lag5,0.1346956126252189
1,1,0.2,GBM_grid_1_AutoML_5_20260420_24422_model_1,target_lag6,0.07298885838594284
1,1,0.2,GBM_grid_1_AutoML_5_20260420_24422_model_1,cov_HULL_lag1,0.28566949326545
1,1,0.2,GBM_grid_1_AutoML_5_20260420_24422_model_1,cov_MUFL_lag1,1.0494163913466037
1,1,0.2,GBM_grid_1_AutoML_5_20260420_24422_model_1,cov_MULL_lag1,0.13464696665294465
1,1,0.2,GBM_grid_1_AutoML_5_20260420_24422_model_1,cov_LUFL_lag1,0.29765503647737207
1,1,0.2,GBM_grid_1_AutoML_5_20260420_24422_model_1,cov_LULL_lag1,0.053027029703371184
1,1,0.2,GBM_grid_1_AutoML_5_20260420_24422_model_1,cov_OT_lag1,0.11032279864070002
1,1,0.2,GBM_grid_1_AutoML_5_20260420_24422_model_1,hour_lag1,0.7834897469356656
1,1,0.2,GBM_grid_1_AutoML_5_20260420_24422_model_1,day_of_week_lag1,0.04646687175147231
1,1,0.2,GBM_grid_1_AutoML_5_20260420_24422_model_1,month_lag1,0.15132119897287336
1,1,0.2,GBM_grid_1_AutoML_5_20260420_24422_model_1,month_sin,0.2918169346358627
1,1,0.2,GBM_grid_1_AutoML_5_20260420_24422_model_1,month_cos,0.06430292971432204
1,1,0.2,XGBoost_grid_1_AutoML_5_20260420_24422_model_5,target_lag1,1.9645576857030391
1,1,0.2,XGBoost_grid_1_AutoML_5_20260420_24422_model_5,target_lag2,0.6293116892687977
1,1,0.2,XGBoost_grid_1_AutoML_5_20260420_24422_model_5,target_lag3,0.7009414103627205
1,1,0.2,XGBoost_grid_1_AutoML_5_20260420_24422_model_5,target_lag4,0.14572516445070505
1,1,0.2,XGBoost_grid_1_AutoML_5_20260420_24422_model_5,target_lag5,0.26718897411599757
1,1,0.2,XGBoost_grid_1_AutoML_5_20260420_24422_model_5,target_lag6,0.303775984570384
1,1,0.2,XGBoost_grid_1_AutoML_5_20260420_24422_model_5,cov_HULL_lag1,0.19704233734868468
1,1,0.2,XGBoost_grid_1_AutoML_5_20260420_24422_model_5,cov_MUFL_lag1,0.5593800179474056
1,1,0.2,XGBoost_grid_1_AutoML_5_20260420_24422_model_5,cov_MULL_lag1,0.20372029741178266
1,1,0.2,XGBoost_grid_1_AutoML_5_20260420_24422_model_5,cov_LUFL_lag1,0.18322819767636248
1,1,0.2,XGBoost_grid_1_AutoML_5_20260420_24422_model_5,cov_LULL_lag1,0.08920928401406851
1,1,0.2,XGBoost_grid_1_AutoML_5_20260420_24422_model_5,cov_OT_lag1,0.24248087791725992
1,1,0.2,XGBoost_grid_1_AutoML_5_20260420_24422_model_5,hour_lag1,0.997609509928152
1,1,0.2,XGBoost_grid_1_AutoML_5_20260420_24422_model_5,day_of_week_lag1,0.07019234173931178
1,1,0.2,XGBoost_grid_1_AutoML_5_20260420_24422_model_5,month_lag1,0.11206004337174814
1,1,0.2,XGBoost_grid_1_AutoML_5_20260420_24422_model_5,month_sin,0.3720816024765372
1,1,0.2,XGBoost_grid_1_AutoML_5_20260420_24422_model_5,month_cos,0.07953652370255436
1,1,0.2,GLM_1_AutoML_5_20260420_24422,target_lag1,2.3461792544219495
1,1,0.2,GLM_1_AutoML_5_20260420_24422,target_lag2,0.2667873839770213
1,1,0.2,GLM_1_AutoML_5_20260420_24422,target_lag3,0.38956147647791717
1,1,0.2,GLM_1_AutoML_5_20260420_24422,target_lag4,0.7822626509417104
1,1,0.2,GLM_1_AutoML_5_20260420_24422,target_lag5,0.24786616094548497
1,1,0.2,GLM_1_AutoML_5_20260420_24422,target_lag6,0.26979226373411963
1,1,0.2,GLM_1_AutoML_5_20260420_24422,cov_HULL_lag1,0.21402418185584568
1,1,0.2,GLM_1_AutoML_5_20260420_24422,cov_MUFL_lag1,2.7904115071288427
1,1,0.2,GLM_1_AutoML_5_20260420_24422,cov_MULL_lag1,0.24256369157313398
1,1,0.2,GLM_1_AutoML_5_20260420_24422,cov_LUFL_lag1,0.055122669764761455
1,1,0.2,GLM_1_AutoML_5_20260420_24422,cov_LULL_lag1,0.026576633826511542
1,1,0.2,GLM_1_AutoML_5_20260420_24422,cov_OT_lag1,0.6464726501311088
1,1,0.2,GLM_1_AutoML_5_20260420_24422,hour_lag1,0.34803571008671086
1,1,0.2,GLM_1_AutoML_5_20260420_24422,day_of_week_lag1,0.016150027490735817
1,1,0.2,GLM_1_AutoML_5_20260420_24422,month_lag1,0.12375602431186089
1,1,0.2,GLM_1_AutoML_5_20260420_24422,month_sin,0.17597445800100173
1,1,0.2,GLM_1_AutoML_5_20260420_24422,month_cos,0.3302781793881035
1,1,0.2,GLM_1_AutoML_5_20260420_24422,year,4.782499183000675e-18
1,1,0.3,GBM_4_AutoML_5_20260420_24422,target_lag1,1.435584288481623
1,1,0.3,GBM_4_AutoML_5_20260420_24422,target_lag2,0.14016801273450252
1,1,0.3,GBM_4_AutoML_5_20260420_24422,target_lag3,0.06798162954626602
1,1,0.3,GBM_4_AutoML_5_20260420_24422,target_lag4,0.10487096223048863
1,1,0.3,GBM_4_AutoML_5_20260420_24422,target_lag5,0.11142263361718502
1,1,0.3,GBM_4_AutoML_5_20260420_24422,target_lag6,0.21470980717800559
1,1,0.3,GBM_4_AutoML_5_20260420_24422,cov_HULL_lag1,0.08383564299205315
1,1,0.3,GBM_4_AutoML_5_20260420_24422,cov_MUFL_lag1,2.558645256925374
1,1,0.3,GBM_4_AutoML_5_20260420_24422,cov_MULL_lag1,0.16788720279000693
1,1,0.3,GBM_4_AutoML_5_20260420_24422,cov_LUFL_lag1,0.23472894579637796
1,1,0.3,GBM_4_AutoML_5_20260420_24422,cov_LULL_lag1,0.06405725697521115
1,1,0.3,GBM_4_AutoML_5_20260420_24422,cov_OT_lag1,0.14479169995523986
1,1,0.3,GBM_4_AutoML_5_20260420_24422,hour_lag1,0.7986789270862937
1,1,0.3,GBM_4_AutoML_5_20260420_24422,day_of_week_lag1,0.0327277492039138
1,1,0.3,GBM_4_AutoML_5_20260420_24422,month_lag1,0.0997436044272035
1,1,0.3,GBM_4_AutoML_5_20260420_24422,month_sin,0.22680868483847008
1,1,0.3,GBM_4_AutoML_5_20260420_24422,month_cos,0.04065674858400594
1,1,0.3,GBM_5_AutoML_5_20260420_24422,target_lag1,1.089148331321776
1,1,0.3,GBM_5_AutoML_5_20260420_24422,target_lag2,0.31082635758677496
1,1,0.3,GBM_5_AutoML_5_20260420_24422,target_lag3,0.08619250822346654
1,1,0.3,GBM_5_AutoML_5_20260420_24422,target_lag4,0.15194350318051872
1,1,0.3,GBM_5_AutoML_5_20260420_24422,target_lag5,0.12659747454570602
1,1,0.3,GBM_5_AutoML_5_20260420_24422,target_lag6,0.06664807727560397
1,1,0.3,GBM_5_AutoML_5_20260420_24422,cov_HULL_lag1,0.04480591847328464
1,1,0.3,GBM_5_AutoML_5_20260420_24422,cov_MUFL_lag1,2.6556784719228745
1,1,0.3,GBM_5_AutoML_5_20260420_24422,cov_MULL_lag1,0.09792058477178213
1,1,0.3,GBM_5_AutoML_5_20260420_24422,cov_LUFL_lag1,0.1656195426173508
1,1,0.3,GBM_5_AutoML_5_20260420_24422,cov_LULL_lag1,0.03961005017510611
1,1,0.3,GBM_5_AutoML_5_20260420_24422,cov_OT_lag1,0.1836436908505857
1,1,0.3,GBM_5_AutoML_5_20260420_24422,hour_lag1,0.928732001259923
1,1,0.3,GBM_5_AutoML_5_20260420_24422,day_of_week_lag1,0.03264496921168752
1,1,0.3,GBM_5_AutoML_5_20260420_24422,month_lag1,0.12319488366134461
1,1,0.3,GBM_5_AutoML_5_20260420_24422,month_sin,0.2319359797704965
1,1,0.3,GBM_5_AutoML_5_20260420_24422,month_cos,0.06243183251994193
1,1,0.3,GBM_2_AutoML_5_20260420_24422,target_lag1,1.7793784964084625
1,1,0.3,GBM_2_AutoML_5_20260420_24422,target_lag2,0.1356476253457367
1,1,0.3,GBM_2_AutoML_5_20260420_24422,target_lag3,0.06641007531259671
1,1,0.3,GBM_2_AutoML_5_20260420_24422,target_lag4,0.13610956447198982
1,1,0.3,GBM_2_AutoML_5_20260420_24422,target_lag5,0.09717439507134254
1,1,0.3,GBM_2_AutoML_5_20260420_24422,target_lag6,0.2124564367858693
1,1,0.3,GBM_2_AutoML_5_20260420_24422,cov_HULL_lag1,0.0747650322783738
1,1,0.3,GBM_2_AutoML_5_20260420_24422,cov_MUFL_lag1,2.1125775852799418
1,1,0.3,GBM_2_AutoML_5_20260420_24422,cov_MULL_lag1,0.17591391614638266
1,1,0.3,GBM_2_AutoML_5_20260420_24422,cov_LUFL_lag1,0.21943625004962086
1,1,0.3,GBM_2_AutoML_5_20260420_24422,cov_LULL_lag1,0.04109682618407529
1,1,0.3,GBM_2_AutoML_5_20260420_24422,cov_OT_lag1,0.14787906263023612
1,1,0.3,GBM_2_AutoML_5_20260420_24422,hour_lag1,0.94130813812837
1,1,0.3,GBM_2_AutoML_5_20260420_24422,day_of_week_lag1,0.036505102462251623
1,1,0.3,GBM_2_AutoML_5_20260420_24422,month_lag1,0.12389265542384234
1,1,0.3,GBM_2_AutoML_5_20260420_24422,month_sin,0.18778598704375327
1,1,0.3,GBM_2_AutoML_5_20260420_24422,month_cos,0.034711498850956514
1,1,0.3,GBM_3_AutoML_5_20260420_24422,target_lag1,1.2998102575168013
1,1,0.3,GBM_3_AutoML_5_20260420_24422,target_lag2,0.25860174518078566
1,1,0.3,GBM_3_AutoML_5_20260420_24422,target_lag3,0.27301936868578197
1,1,0.3,GBM_3_AutoML_5_20260420_24422,target_lag4,0.146118840877898
1,1,0.3,GBM_3_AutoML_5_20260420_24422,target_lag5,0.09018535811919716
1,1,0.3,GBM_3_AutoML_5_20260420_24422,target_lag6,0.17794345905538647
1,1,0.3,GBM_3_AutoML_5_20260420_24422,cov_HULL_lag1,0.06712185431504619
1,1,0.3,GBM_3_AutoML_5_20260420_24422,cov_MUFL_lag1,2.0915824208036065
1,1,0.3,GBM_3_AutoML_5_20260420_24422,cov_MULL_lag1,0.09045819107443091
1,1,0.3,GBM_3_AutoML_5_20260420_24422,cov_LUFL_lag1,0.22180883144959807
1,1,0.3,GBM_3_AutoML_5_20260420_24422,cov_LULL_lag1,0.046804785281419715
1,1,0.3,GBM_3_AutoML_5_20260420_24422,cov_OT_lag1,0.11702843790873882
1,1,0.3,GBM_3_AutoML_5_20260420_24422,hour_lag1,0.9169949025660753
1,1,0.3,GBM_3_AutoML_5_20260420_24422,day_of_week_lag1,0.041057053696713364
1,1,0.3,GBM_3_AutoML_5_20260420_24422,month_lag1,0.11364205322228368
1,1,0.3,GBM_3_AutoML_5_20260420_24422,month_sin,0.2546708285645582
1,1,0.3,GBM_3_AutoML_5_20260420_24422,month_cos,0.045435136482119505
1,1,0.3,GBM_grid_1_AutoML_5_20260420_24422_model_2,target_lag1,0.9742154600215145
1,1,0.3,GBM_grid_1_AutoML_5_20260420_24422_model_2,target_lag2,0.3699104483611882
1,1,0.3,GBM_grid_1_AutoML_5_20260420_24422_model_2,target_lag3,0.07607475591357793
1,1,0.3,GBM_grid_1_AutoML_5_20260420_24422_model_2,target_lag4,0.10836501157842574
1,1,0.3,GBM_grid_1_AutoML_5_20260420_24422_model_2,target_lag5,0.11114336155587803
1,1,0.3,GBM_grid_1_AutoML_5_20260420_24422_model_2,target_lag6,0.04192933829501267
1,1,0.3,GBM_grid_1_AutoML_5_20260420_24422_model_2,cov_HULL_lag1,0.03969377696223087
1,1,0.3,GBM_grid_1_AutoML_5_20260420_24422_model_2,cov_MUFL_lag1,2.657969563305378
1,1,0.3,GBM_grid_1_AutoML_5_20260420_24422_model_2,cov_MULL_lag1,0.10664640636183317
1,1,0.3,GBM_grid_1_AutoML_5_20260420_24422_model_2,cov_LUFL_lag1,0.19566410124767572
1,1,0.3,GBM_grid_1_AutoML_5_20260420_24422_model_2,cov_LULL_lag1,0.04907248187810177
1,1,0.3,GBM_grid_1_AutoML_5_20260420_24422_model_2,cov_OT_lag1,0.14923681181389836
1,1,0.3,GBM_grid_1_AutoML_5_20260420_24422_model_2,hour_lag1,1.0690267646312714
1,1,0.3,GBM_grid_1_AutoML_5_20260420_24422_model_2,day_of_week_lag1,0.0026509297802112847
1,1,0.3,GBM_grid_1_AutoML_5_20260420_24422_model_2,month_lag1,0.07359855666523796
1,1,0.3,GBM_grid_1_AutoML_5_20260420_24422_model_2,month_sin,0.3948027481138706
1,1,0.3,GBM_grid_1_AutoML_5_20260420_24422_model_2,month_cos,0.061604275525314695
1,1,0.3,DRF_1_AutoML_5_20260420_24422,target_lag1,1.5121557119488716
1,1,0.3,DRF_1_AutoML_5_20260420_24422,target_lag2,0.5832826554588973
1,1,0.3,DRF_1_AutoML_5_20260420_24422,target_lag3,0.2353083239123225
1,1,0.3,DRF_1_AutoML_5_20260420_24422,target_lag4,0.17764888398349285
1,1,0.3,DRF_1_AutoML_5_20260420_24422,target_lag5,0.11262022153940049
1,1,0.3,DRF_1_AutoML_5_20260420_24422,target_lag6,0.17076900897547603
1,1,0.3,DRF_1_AutoML_5_20260420_24422,cov_HULL_lag1,0.0898975821631029
1,1,0.3,DRF_1_AutoML_5_20260420_24422,cov_MUFL_lag1,1.730601499453187
1,1,0.3,DRF_1_AutoML_5_20260420_24422,cov_MULL_lag1,0.14235464688390492
1,1,0.3,DRF_1_AutoML_5_20260420_24422,cov_LUFL_lag1,0.33053146506659686
1,1,0.3,DRF_1_AutoML_5_20260420_24422,cov_LULL_lag1,0.039389875610358976
1,1,0.3,DRF_1_AutoML_5_20260420_24422,cov_OT_lag1,0.10976129608228799
1,1,0.3,DRF_1_AutoML_5_20260420_24422,hour_lag1,0.6134305847994983
1,1,0.3,DRF_1_AutoML_5_20260420_24422,day_of_week_lag1,0.02215970283054043
1,1,0.3,DRF_1_AutoML_5_20260420_24422,month_lag1,0.09936266237811647
1,1,0.3,DRF_1_AutoML_5_20260420_24422,month_sin,0.26319053940474985
1,1,0.3,DRF_1_AutoML_5_20260420_24422,month_cos,0.05253964825533326
1,1,0.3,GBM_1_AutoML_5_20260420_24422,target_lag1,1.7854801800101996
1,1,0.3,GBM_1_AutoML_5_20260420_24422,target_lag2,0.3779437209307798
1,1,0.3,GBM_1_AutoML_5_20260420_24422,target_lag3,0.09196415250189599
1,1,0.3,GBM_1_AutoML_5_20260420_24422,target_lag4,0.12185625645797696
1,1,0.3,GBM_1_AutoML_5_20260420_24422,target_lag5,0.1494347375631332
1,1,0.3,GBM_1_AutoML_5_20260420_24422,target_lag6,0.21451127614825963
1,1,0.3,GBM_1_AutoML_5_20260420_24422,cov_HULL_lag1,0.05793265760177742
1,1,0.3,GBM_1_AutoML_5_20260420_24422,cov_MUFL_lag1,1.9619171807169915
1,1,0.3,GBM_1_AutoML_5_20260420_24422,cov_MULL_lag1,0.12066825801506635
1,1,0.3,GBM_1_AutoML_5_20260420_24422,cov_LUFL_lag1,0.1391379395127296
1,1,0.3,GBM_1_AutoML_5_20260420_24422,cov_LULL_lag1,0.04538327226822727
1,1,0.3,GBM_1_AutoML_5_20260420_24422,cov_OT_lag1,0.10531012851803094
1,1,0.3,GBM_1_AutoML_5_20260420_24422,hour_lag1,0.8243904719501733
1,1,0.3,GBM_1_AutoML_5_20260420_24422,day_of_week_lag1,0.03343375016236673
1,1,0.3,GBM_1_AutoML_5_20260420_24422,month_lag1,0.0971605379763059
1,1,0.3,GBM_1_AutoML_5_20260420_24422,month_sin,0.1465377848409116
1,1,0.3,GBM_1_AutoML_5_20260420_24422,month_cos,0.04079515072720819
1,1,0.3,XGBoost_3_AutoML_5_20260420_24422,target_lag1,1.8622104236483574
1,1,0.3,XGBoost_3_AutoML_5_20260420_24422,target_lag2,0.21782849790528416
1,1,0.3,XGBoost_3_AutoML_5_20260420_24422,target_lag3,0.15936983080930076
1,1,0.3,XGBoost_3_AutoML_5_20260420_24422,target_lag4,0.1335864994395524
1,1,0.3,XGBoost_3_AutoML_5_20260420_24422,target_lag5,0.1276785279688192
1,1,0.3,XGBoost_3_AutoML_5_20260420_24422,target_lag6,0.1828738258779049
1,1,0.3,XGBoost_3_AutoML_5_20260420_24422,cov_HULL_lag1,0.151623348663561
1,1,0.3,XGBoost_3_AutoML_5_20260420_24422,cov_MUFL_lag1,2.2624446411430834
1,1,0.3,XGBoost_3_AutoML_5_20260420_24422,cov_MULL_lag1,0.16810281097423282
1,1,0.3,XGBoost_3_AutoML_5_20260420_24422,cov_LUFL_lag1,0.21852931404486298
1,1,0.3,XGBoost_3_AutoML_5_20260420_24422,cov_LULL_lag1,0.06160565007477995
1,1,0.3,XGBoost_3_AutoML_5_20260420_24422,cov_OT_lag1,0.22476989762857558
1,1,0.3,XGBoost_3_AutoML_5_20260420_24422,hour_lag1,0.8537272847443819
1,1,0.3,XGBoost_3_AutoML_5_20260420_24422,day_of_week_lag1,0.03683991579804565
1,1,0.3,XGBoost_3_AutoML_5_20260420_24422,month_lag1,0.06708405597135421
1,1,0.3,XGBoost_3_AutoML_5_20260420_24422,month_sin,0.38431677855551244
1,1,0.3,XGBoost_3_AutoML_5_20260420_24422,month_cos,0.037795145725831335
1,1,0.3,XRT_1_AutoML_5_20260420_24422,target_lag1,1.7081663542985916
1,1,0.3,XRT_1_AutoML_5_20260420_24422,target_lag2,0.5988979518786073
1,1,0.3,XRT_1_AutoML_5_20260420_24422,target_lag3,0.3154815036430955
1,1,0.3,XRT_1_AutoML_5_20260420_24422,target_lag4,0.08493534643930613
1,1,0.3,XRT_1_AutoML_5_20260420_24422,target_lag5,0.1683754501491785
1,1,0.3,XRT_1_AutoML_5_20260420_24422,target_lag6,0.1775079101137817
1,1,0.3,XRT_1_AutoML_5_20260420_24422,cov_HULL_lag1,0.13526704583200622
1,1,0.3,XRT_1_AutoML_5_20260420_24422,cov_MUFL_lag1,1.7226736988872289
1,1,0.3,XRT_1_AutoML_5_20260420_24422,cov_MULL_lag1,0.1416508338972926
1,1,0.3,XRT_1_AutoML_5_20260420_24422,cov_LUFL_lag1,0.16441360551863904
1,1,0.3,XRT_1_AutoML_5_20260420_24422,cov_LULL_lag1,0.05639226621715347
1,1,0.3,XRT_1_AutoML_5_20260420_24422,cov_OT_lag1,0.08797998831141736
1,1,0.3,XRT_1_AutoML_5_20260420_24422,hour_lag1,79.20073250740766
1,1,0.3,XRT_1_AutoML_5_20260420_24422,day_of_week_lag1,0.057149959206581065
1,1,0.3,XRT_1_AutoML_5_20260420_24422,month_lag1,0.1909882146352902
1,1,0.3,XRT_1_AutoML_5_20260420_24422,month_sin,0.20718899219529704
1,1,0.3,XRT_1_AutoML_5_20260420_24422,month_cos,0.05900129816523982
1,1,0.3,XGBoost_grid_1_AutoML_5_20260420_24422_model_4,target_lag1,1.7824480894207955
1,1,0.3,XGBoost_grid_1_AutoML_5_20260420_24422_model_4,target_lag2,0.16199271549005062
1,1,0.3,XGBoost_grid_1_AutoML_5_20260420_24422_model_4,target_lag3,0.17499848623760045
1,1,0.3,XGBoost_grid_1_AutoML_5_20260420_24422_model_4,target_lag4,0.18395346697419881
1,1,0.3,XGBoost_grid_1_AutoML_5_20260420_24422_model_4,target_lag5,0.08308363536372777
1,1,0.3,XGBoost_grid_1_AutoML_5_20260420_24422_model_4,target_lag6,0.12870483348146078
1,1,0.3,XGBoost_grid_1_AutoML_5_20260420_24422_model_4,cov_HULL_lag1,0.13108915674441957
1,1,0.3,XGBoost_grid_1_AutoML_5_20260420_24422_model_4,cov_MUFL_lag1,2.4483419838547706
1,1,0.3,XGBoost_grid_1_AutoML_5_20260420_24422_model_4,cov_MULL_lag1,0.17893509180750697
1,1,0.3,XGBoost_grid_1_AutoML_5_20260420_24422_model_4,cov_LUFL_lag1,0.1922300225496292
1,1,0.3,XGBoost_grid_1_AutoML_5_20260420_24422_model_4,cov_LULL_lag1,0.08178205452393737
1,1,0.3,XGBoost_grid_1_AutoML_5_20260420_24422_model_4,cov_OT_lag1,0.1312333214189857
1,1,0.3,XGBoost_grid_1_AutoML_5_20260420_24422_model_4,hour_lag1,0.9240713276714086
1,1,0.3,XGBoost_grid_1_AutoML_5_20260420_24422_model_4,day_of_week_lag1,0.04545350683853026
1,1,0.3,XGBoost_grid_1_AutoML_5_20260420_24422_model_4,month_lag1,0.14708957960363475
1,1,0.3,XGBoost_grid_1_AutoML_5_20260420_24422_model_4,month_sin,0.28737119644880293
1,1,0.3,XGBoost_grid_1_AutoML_5_20260420_24422_model_4,month_cos,0.10036660235491578
1,1,0.3,XGBoost_grid_1_AutoML_5_20260420_24422_model_6,target_lag1,1.5899801084399223
1,1,0.3,XGBoost_grid_1_AutoML_5_20260420_24422_model_6,target_lag2,0.21081246836110942
1,1,0.3,XGBoost_grid_1_AutoML_5_20260420_24422_model_6,target_lag3,0.14317946436814963
1,1,0.3,XGBoost_grid_1_AutoML_5_20260420_24422_model_6,target_lag4,0.3682117360085249
1,1,0.3,XGBoost_grid_1_AutoML_5_20260420_24422_model_6,target_lag5,0.12188629131298509
1,1,0.3,XGBoost_grid_1_AutoML_5_20260420_24422_model_6,target_lag6,0.14009200157131996
1,1,0.3,XGBoost_grid_1_AutoML_5_20260420_24422_model_6,cov_HULL_lag1,0.15191993955522773
1,1,0.3,XGBoost_grid_1_AutoML_5_20260420_24422_model_6,cov_MUFL_lag1,2.220837120115757
1,1,0.3,XGBoost_grid_1_AutoML_5_20260420_24422_model_6,cov_MULL_lag1,0.14381734351860356
1,1,0.3,XGBoost_grid_1_AutoML_5_20260420_24422_model_6,cov_LUFL_lag1,0.3322083860868588
1,1,0.3,XGBoost_grid_1_AutoML_5_20260420_24422_model_6,cov_LULL_lag1,0.10683022117940705
1,1,0.3,XGBoost_grid_1_AutoML_5_20260420_24422_model_6,cov_OT_lag1,0.2760454140137881
1,1,0.3,XGBoost_grid_1_AutoML_5_20260420_24422_model_6,hour_lag1,0.8072616718709469
1,1,0.3,XGBoost_grid_1_AutoML_5_20260420_24422_model_6,day_of_week_lag1,0.11242838971316811
1,1,0.3,XGBoost_grid_1_AutoML_5_20260420_24422_model_6,month_lag1,0.10017998694791455
1,1,0.3,XGBoost_grid_1_AutoML_5_20260420_24422_model_6,month_sin,0.19317479111254215
1,1,0.3,XGBoost_grid_1_AutoML_5_20260420_24422_model_6,month_cos,0.07519320514984425
1,1,0.3,XGBoost_2_AutoML_5_20260420_24422,target_lag1,0.8596382494084537
1,1,0.3,XGBoost_2_AutoML_5_20260420_24422,target_lag2,0.2597755336761474
1,1,0.3,XGBoost_2_AutoML_5_20260420_24422,target_lag3,0.12855307294055815
1,1,0.3,XGBoost_2_AutoML_5_20260420_24422,target_lag4,0.19572083570528775
1,1,0.3,XGBoost_2_AutoML_5_20260420_24422,target_lag5,0.10898328172974285
1,1,0.3,XGBoost_2_AutoML_5_20260420_24422,target_lag6,0.1484362418716773
1,1,0.3,XGBoost_2_AutoML_5_20260420_24422,cov_HULL_lag1,0.12321790529415008
1,1,0.3,XGBoost_2_AutoML_5_20260420_24422,cov_MUFL_lag1,3.416751735210419
1,1,0.3,XGBoost_2_AutoML_5_20260420_24422,cov_MULL_lag1,0.19682858243584633
1,1,0.3,XGBoost_2_AutoML_5_20260420_24422,cov_LUFL_lag1,0.17058239192701877
1,1,0.3,XGBoost_2_AutoML_5_20260420_24422,cov_LULL_lag1,0.09524191089061784
1,1,0.3,XGBoost_2_AutoML_5_20260420_24422,cov_OT_lag1,0.17768585815909319
1,1,0.3,XGBoost_2_AutoML_5_20260420_24422,hour_lag1,1.0413837702572346
1,1,0.3,XGBoost_2_AutoML_5_20260420_24422,day_of_week_lag1,0.10428910435643043
1,1,0.3,XGBoost_2_AutoML_5_20260420_24422,month_lag1,0.1308869359127129
1,1,0.3,XGBoost_2_AutoML_5_20260420_24422,month_sin,0.19452098694629968
1,1,0.3,XGBoost_2_AutoML_5_20260420_24422,month_cos,0.0898148333560675
1,1,0.3,XGBoost_1_AutoML_5_20260420_24422,target_lag1,0.5747975087724626
1,1,0.3,XGBoost_1_AutoML_5_20260420_24422,target_lag2,0.649188831821084
1,1,0.3,XGBoost_1_AutoML_5_20260420_24422,target_lag3,0.153969350279076
1,1,0.3,XGBoost_1_AutoML_5_20260420_24422,target_lag4,0.1831152110081166
1,1,0.3,XGBoost_1_AutoML_5_20260420_24422,target_lag5,0.17394407704472542
1,1,0.3,XGBoost_1_AutoML_5_20260420_24422,target_lag6,0.21267347360029812
1,1,0.3,XGBoost_1_AutoML_5_20260420_24422,cov_HULL_lag1,0.0992391735129058
1,1,0.3,XGBoost_1_AutoML_5_20260420_24422,cov_MUFL_lag1,2.9797074112296102
1,1,0.3,XGBoost_1_AutoML_5_20260420_24422,cov_MULL_lag1,0.26489309276919815
1,1,0.3,XGBoost_1_AutoML_5_20260420_24422,cov_LUFL_lag1,0.2111873135343194
1,1,0.3,XGBoost_1_AutoML_5_20260420_24422,cov_LULL_lag1,0.09011274163902268
1,1,0.3,XGBoost_1_AutoML_5_20260420_24422,cov_OT_lag1,0.17321449170005507
1,1,0.3,XGBoost_1_AutoML_5_20260420_24422,hour_lag1,0.8165484892949462
1,1,0.3,XGBoost_1_AutoML_5_20260420_24422,day_of_week_lag1,0.06254064944572742
1,1,0.3,XGBoost_1_AutoML_5_20260420_24422,month_lag1,0.18757131497375665
1,1,0.3,XGBoost_1_AutoML_5_20260420_24422,month_sin,0.36473102137446406
1,1,0.3,XGBoost_1_AutoML_5_20260420_24422,month_cos,0.0728112919698469
1,1,0.3,XGBoost_grid_1_AutoML_5_20260420_24422_model_3,target_lag1,0.38484755557030437
1,1,0.3,XGBoost_grid_1_AutoML_5_20260420_24422_model_3,target_lag2,0.2520385215803981
1,1,0.3,XGBoost_grid_1_AutoML_5_20260420_24422_model_3,target_lag3,0.15239138038363303
1,1,0.3,XGBoost_grid_1_AutoML_5_20260420_24422_model_3,target_lag4,0.13676818151958284
1,1,0.3,XGBoost_grid_1_AutoML_5_20260420_24422_model_3,target_lag5,0.11427867670543489
1,1,0.3,XGBoost_grid_1_AutoML_5_20260420_24422_model_3,target_lag6,0.10760854668187672
1,1,0.3,XGBoost_grid_1_AutoML_5_20260420_24422_model_3,cov_HULL_lag1,0.07528821427375075
1,1,0.3,XGBoost_grid_1_AutoML_5_20260420_24422_model_3,cov_MUFL_lag1,3.806429985463619
1,1,0.3,XGBoost_grid_1_AutoML_5_20260420_24422_model_3,cov_MULL_lag1,0.16588525216095149
1,1,0.3,XGBoost_grid_1_AutoML_5_20260420_24422_model_3,cov_LUFL_lag1,0.20219625246711076
1,1,0.3,XGBoost_grid_1_AutoML_5_20260420_24422_model_3,cov_LULL_lag1,0.08721102067735043
1,1,0.3,XGBoost_grid_1_AutoML_5_20260420_24422_model_3,cov_OT_lag1,0.21364131163805722
1,1,0.3,XGBoost_grid_1_AutoML_5_20260420_24422_model_3,hour_lag1,1.1457582687679677
1,1,0.3,XGBoost_grid_1_AutoML_5_20260420_24422_model_3,day_of_week_lag1,0.0394674811547156
1,1,0.3,XGBoost_grid_1_AutoML_5_20260420_24422_model_3,month_lag1,0.10793702568858858
1,1,0.3,XGBoost_grid_1_AutoML_5_20260420_24422_model_3,month_sin,0.4186252474784851
1,1,0.3,XGBoost_grid_1_AutoML_5_20260420_24422_model_3,month_cos,0.05287879767594855
1,1,0.3,XGBoost_grid_1_AutoML_5_20260420_24422_model_1,target_lag1,0.8898989029042422
1,1,0.3,XGBoost_grid_1_AutoML_5_20260420_24422_model_1,target_lag2,0.19563384321983904
1,1,0.3,XGBoost_grid_1_AutoML_5_20260420_24422_model_1,target_lag3,0.21754372996278107
1,1,0.3,XGBoost_grid_1_AutoML_5_20260420_24422_model_1,target_lag4,0.1999545545002911
1,1,0.3,XGBoost_grid_1_AutoML_5_20260420_24422_model_1,target_lag5,0.1423017320409417
1,1,0.3,XGBoost_grid_1_AutoML_5_20260420_24422_model_1,target_lag6,0.24907195645384492
1,1,0.3,XGBoost_grid_1_AutoML_5_20260420_24422_model_1,cov_HULL_lag1,0.14436632134951646
1,1,0.3,XGBoost_grid_1_AutoML_5_20260420_24422_model_1,cov_MUFL_lag1,3.196212283819914
1,1,0.3,XGBoost_grid_1_AutoML_5_20260420_24422_model_1,cov_MULL_lag1,0.1786359117180109
1,1,0.3,XGBoost_grid_1_AutoML_5_20260420_24422_model_1,cov_LUFL_lag1,0.3684165610931814
1,1,0.3,XGBoost_grid_1_AutoML_5_20260420_24422_model_1,cov_LULL_lag1,0.11315435582771893
1,1,0.3,XGBoost_grid_1_AutoML_5_20260420_24422_model_1,cov_OT_lag1,0.26514977792277933
1,1,0.3,XGBoost_grid_1_AutoML_5_20260420_24422_model_1,hour_lag1,0.9425991925597191
1,1,0.3,XGBoost_grid_1_AutoML_5_20260420_24422_model_1,day_of_week_lag1,0.07610749681945886
1,1,0.3,XGBoost_grid_1_AutoML_5_20260420_24422_model_1,month_lag1,0.12799168298020955
1,1,0.3,XGBoost_grid_1_AutoML_5_20260420_24422_model_1,month_sin,0.16415010338067074
1,1,0.3,XGBoost_grid_1_AutoML_5_20260420_24422_model_1,month_cos,0.08059170426102352
1,1,0.3,GBM_grid_1_AutoML_5_20260420_24422_model_3,target_lag1,1.1562051011249423
1,1,0.3,GBM_grid_1_AutoML_5_20260420_24422_model_3,target_lag2,0.5939547125808895
1,1,0.3,GBM_grid_1_AutoML_5_20260420_24422_model_3,target_lag3,0.20815537944436074
1,1,0.3,GBM_grid_1_AutoML_5_20260420_24422_model_3,target_lag4,0.16426132424850945
1,1,0.3,GBM_grid_1_AutoML_5_20260420_24422_model_3,target_lag5,0.12940699577913617
1,1,0.3,GBM_grid_1_AutoML_5_20260420_24422_model_3,target_lag6,0.2053440127102658
1,1,0.3,GBM_grid_1_AutoML_5_20260420_24422_model_3,cov_HULL_lag1,0.23368832154665142
1,1,0.3,GBM_grid_1_AutoML_5_20260420_24422_model_3,cov_MUFL_lag1,1.44713312279433
1,1,0.3,GBM_grid_1_AutoML_5_20260420_24422_model_3,cov_MULL_lag1,0.08723457400687035
1,1,0.3,GBM_grid_1_AutoML_5_20260420_24422_model_3,cov_LUFL_lag1,0.3996016380004585
1,1,0.3,GBM_grid_1_AutoML_5_20260420_24422_model_3,cov_LULL_lag1,0.057975521455518854
1,1,0.3,GBM_grid_1_AutoML_5_20260420_24422_model_3,cov_OT_lag1,0.13724146284628655
1,1,0.3,GBM_grid_1_AutoML_5_20260420_24422_model_3,hour_lag1,0.5880942153558135
1,1,0.3,GBM_grid_1_AutoML_5_20260420_24422_model_3,day_of_week_lag1,0.026436092951334967
1,1,0.3,GBM_grid_1_AutoML_5_20260420_24422_model_3,month_lag1,0.1128379775426583
1,1,0.3,GBM_grid_1_AutoML_5_20260420_24422_model_3,month_sin,0.2371133828908205
1,1,0.3,GBM_grid_1_AutoML_5_20260420_24422_model_3,month_cos,0.05308970362879331
1,1,0.3,XGBoost_grid_1_AutoML_5_20260420_24422_model_2,target_lag1,1.6373999092541636
1,1,0.3,XGBoost_grid_1_AutoML_5_20260420_24422_model_2,target_lag2,0.16459456651937215
1,1,0.3,XGBoost_grid_1_AutoML_5_20260420_24422_model_2,target_lag3,0.38280039640390895
1,1,0.3,XGBoost_grid_1_AutoML_5_20260420_24422_model_2,target_lag4,0.1655415031034499
1,1,0.3,XGBoost_grid_1_AutoML_5_20260420_24422_model_2,target_lag5,0.12605204120598498
1,1,0.3,XGBoost_grid_1_AutoML_5_20260420_24422_model_2,target_lag6,0.10465648411773142
1,1,0.3,XGBoost_grid_1_AutoML_5_20260420_24422_model_2,cov_HULL_lag1,0.12849892050959166
1,1,0.3,XGBoost_grid_1_AutoML_5_20260420_24422_model_2,cov_MUFL_lag1,1.9037827444076538
1,1,0.3,XGBoost_grid_1_AutoML_5_20260420_24422_model_2,cov_MULL_lag1,0.17266244967700914
1,1,0.3,XGBoost_grid_1_AutoML_5_20260420_24422_model_2,cov_LUFL_lag1,0.28037012996152044
1,1,0.3,XGBoost_grid_1_AutoML_5_20260420_24422_model_2,cov_LULL_lag1,0.07867854516953225
1,1,0.3,XGBoost_grid_1_AutoML_5_20260420_24422_model_2,cov_OT_lag1,0.1712872241064906
1,1,0.3,XGBoost_grid_1_AutoML_5_20260420_24422_model_2,hour_lag1,0.7927758042886853
1,1,0.3,XGBoost_grid_1_AutoML_5_20260420_24422_model_2,day_of_week_lag1,0.058124398090876606
1,1,0.3,XGBoost_grid_1_AutoML_5_20260420_24422_model_2,month_lag1,0.15867446871474383
1,1,0.3,XGBoost_grid_1_AutoML_5_20260420_24422_model_2,month_sin,0.2110695317387581
1,1,0.3,XGBoost_grid_1_AutoML_5_20260420_24422_model_2,month_cos,0.13721593174617733
1,1,0.3,GBM_grid_1_AutoML_5_20260420_24422_model_1,target_lag1,1.4804408552497625
1,1,0.3,GBM_grid_1_AutoML_5_20260420_24422_model_1,target_lag2,0.1718679028027691
1,1,0.3,GBM_grid_1_AutoML_5_20260420_24422_model_1,target_lag3,0.2960234397137538
1,1,0.3,GBM_grid_1_AutoML_5_20260420_24422_model_1,target_lag4,0.17711204356281088
1,1,0.3,GBM_grid_1_AutoML_5_20260420_24422_model_1,target_lag5,0.1346956126252189
1,1,0.3,GBM_grid_1_AutoML_5_20260420_24422_model_1,target_lag6,0.07298885838594284
1,1,0.3,GBM_grid_1_AutoML_5_20260420_24422_model_1,cov_HULL_lag1,0.28566949326545
1,1,0.3,GBM_grid_1_AutoML_5_20260420_24422_model_1,cov_MUFL_lag1,1.0494163913466037
1,1,0.3,GBM_grid_1_AutoML_5_20260420_24422_model_1,cov_MULL_lag1,0.13464696665294465
1,1,0.3,GBM_grid_1_AutoML_5_20260420_24422_model_1,cov_LUFL_lag1,0.29765503647737207
1,1,0.3,GBM_grid_1_AutoML_5_20260420_24422_model_1,cov_LULL_lag1,0.053027029703371184
1,1,0.3,GBM_grid_1_AutoML_5_20260420_24422_model_1,cov_OT_lag1,0.11032279864070002
1,1,0.3,GBM_grid_1_AutoML_5_20260420_24422_model_1,hour_lag1,0.7834897469356656
1,1,0.3,GBM_grid_1_AutoML_5_20260420_24422_model_1,day_of_week_lag1,0.04646687175147231
1,1,0.3,GBM_grid_1_AutoML_5_20260420_24422_model_1,month_lag1,0.15132119897287336
1,1,0.3,GBM_grid_1_AutoML_5_20260420_24422_model_1,month_sin,0.2918169346358627
1,1,0.3,GBM_grid_1_AutoML_5_20260420_24422_model_1,month_cos,0.06430292971432204
1,1,0.3,XGBoost_grid_1_AutoML_5_20260420_24422_model_5,target_lag1,1.9645576857030391
1,1,0.3,XGBoost_grid_1_AutoML_5_20260420_24422_model_5,target_lag2,0.6293116892687977
1,1,0.3,XGBoost_grid_1_AutoML_5_20260420_24422_model_5,target_lag3,0.7009414103627205
1,1,0.3,XGBoost_grid_1_AutoML_5_20260420_24422_model_5,target_lag4,0.14572516445070505
1,1,0.3,XGBoost_grid_1_AutoML_5_20260420_24422_model_5,target_lag5,0.26718897411599757
1,1,0.3,XGBoost_grid_1_AutoML_5_20260420_24422_model_5,target_lag6,0.303775984570384
1,1,0.3,XGBoost_grid_1_AutoML_5_20260420_24422_model_5,cov_HULL_lag1,0.19704233734868468
1,1,0.3,XGBoost_grid_1_AutoML_5_20260420_24422_model_5,cov_MUFL_lag1,0.5593800179474056
1,1,0.3,XGBoost_grid_1_AutoML_5_20260420_24422_model_5,cov_MULL_lag1,0.20372029741178266
1,1,0.3,XGBoost_grid_1_AutoML_5_20260420_24422_model_5,cov_LUFL_lag1,0.18322819767636248
1,1,0.3,XGBoost_grid_1_AutoML_5_20260420_24422_model_5,cov_LULL_lag1,0.08920928401406851
1,1,0.3,XGBoost_grid_1_AutoML_5_20260420_24422_model_5,cov_OT_lag1,0.24248087791725992
1,1,0.3,XGBoost_grid_1_AutoML_5_20260420_24422_model_5,hour_lag1,0.997609509928152
1,1,0.3,XGBoost_grid_1_AutoML_5_20260420_24422_model_5,day_of_week_lag1,0.07019234173931178
1,1,0.3,XGBoost_grid_1_AutoML_5_20260420_24422_model_5,month_lag1,0.11206004337174814
1,1,0.3,XGBoost_grid_1_AutoML_5_20260420_24422_model_5,month_sin,0.3720816024765372
1,1,0.3,XGBoost_grid_1_AutoML_5_20260420_24422_model_5,month_cos,0.07953652370255436
1,1,0.3,GLM_1_AutoML_5_20260420_24422,target_lag1,2.3461792544219495
1,1,0.3,GLM_1_AutoML_5_20260420_24422,target_lag2,0.2667873839770213
1,1,0.3,GLM_1_AutoML_5_20260420_24422,target_lag3,0.38956147647791717
1,1,0.3,GLM_1_AutoML_5_20260420_24422,target_lag4,0.7822626509417104
1,1,0.3,GLM_1_AutoML_5_20260420_24422,target_lag5,0.24786616094548497
1,1,0.3,GLM_1_AutoML_5_20260420_24422,target_lag6,0.26979226373411963
1,1,0.3,GLM_1_AutoML_5_20260420_24422,cov_HULL_lag1,0.21402418185584568
1,1,0.3,GLM_1_AutoML_5_20260420_24422,cov_MUFL_lag1,2.7904115071288427
1,1,0.3,GLM_1_AutoML_5_20260420_24422,cov_MULL_lag1,0.24256369157313398
1,1,0.3,GLM_1_AutoML_5_20260420_24422,cov_LUFL_lag1,0.055122669764761455
1,1,0.3,GLM_1_AutoML_5_20260420_24422,cov_LULL_lag1,0.026576633826511542
1,1,0.3,GLM_1_AutoML_5_20260420_24422,cov_OT_lag1,0.6464726501311088
1,1,0.3,GLM_1_AutoML_5_20260420_24422,hour_lag1,0.34803571008671086
1,1,0.3,GLM_1_AutoML_5_20260420_24422,day_of_week_lag1,0.016150027490735817
1,1,0.3,GLM_1_AutoML_5_20260420_24422,month_lag1,0.12375602431186089
1,1,0.3,GLM_1_AutoML_5_20260420_24422,month_sin,0.17597445800100173
1,1,0.3,GLM_1_AutoML_5_20260420_24422,month_cos,0.3302781793881035
1,1,0.3,GLM_1_AutoML_5_20260420_24422,year,4.782499183000675e-18
2,1,0.02,GBM_3_AutoML_6_20260420_24941,target_lag1,1.720059154778719
2,1,0.02,GBM_3_AutoML_6_20260420_24941,target_lag2,0.3639682154986076
2,1,0.02,GBM_3_AutoML_6_20260420_24941,target_lag3,0.12192476499825712
2,1,0.02,GBM_3_AutoML_6_20260420_24941,target_lag4,0.1359159239940345
2,1,0.02,GBM_3_AutoML_6_20260420_24941,target_lag5,0.0821189399482682
2,1,0.02,GBM_3_AutoML_6_20260420_24941,target_lag6,0.2837996705621481
2,1,0.02,GBM_3_AutoML_6_20260420_24941,cov_HULL_lag1,0.1201259987428784
2,1,0.02,GBM_3_AutoML_6_20260420_24941,cov_MUFL_lag1,2.4268547711521387
2,1,0.02,GBM_3_AutoML_6_20260420_24941,cov_MULL_lag1,0.13350863082800057
2,1,0.02,GBM_3_AutoML_6_20260420_24941,cov_LUFL_lag1,0.2659816110786051
2,1,0.02,GBM_3_AutoML_6_20260420_24941,cov_LULL_lag1,0.056673191066365654
2,1,0.02,GBM_3_AutoML_6_20260420_24941,cov_OT_lag1,0.19509261074941606
2,1,0.02,GBM_3_AutoML_6_20260420_24941,hour_lag1,1.6210504250938538
2,1,0.02,GBM_3_AutoML_6_20260420_24941,day_of_week_lag1,0.03780016493983562
2,1,0.02,GBM_3_AutoML_6_20260420_24941,month_lag1,0.18705601058900356
2,1,0.02,GBM_3_AutoML_6_20260420_24941,month_sin,0.2675022341962904
2,1,0.02,GBM_3_AutoML_6_20260420_24941,month_cos,0.1294279936701059
2,1,0.02,GBM_3_AutoML_6_20260420_24941,year,0.2527765937347431
2,1,0.02,GBM_2_AutoML_6_20260420_24941,target_lag1,2.1528335322812198
2,1,0.02,GBM_2_AutoML_6_20260420_24941,target_lag2,0.41321039136499166
2,1,0.02,GBM_2_AutoML_6_20260420_24941,target_lag3,0.11228097208775577
2,1,0.02,GBM_2_AutoML_6_20260420_24941,target_lag4,0.1436829644534737
2,1,0.02,GBM_2_AutoML_6_20260420_24941,target_lag5,0.18670100279152393
2,1,0.02,GBM_2_AutoML_6_20260420_24941,target_lag6,0.24461582964286205
2,1,0.02,GBM_2_AutoML_6_20260420_24941,cov_HULL_lag1,0.12857039500726386
2,1,0.02,GBM_2_AutoML_6_20260420_24941,cov_MUFL_lag1,2.0148619168996813
2,1,0.02,GBM_2_AutoML_6_20260420_24941,cov_MULL_lag1,0.1645257491804659
2,1,0.02,GBM_2_AutoML_6_20260420_24941,cov_LUFL_lag1,0.245015416755341
2,1,0.02,GBM_2_AutoML_6_20260420_24941,cov_LULL_lag1,0.045331560166086964
2,1,0.02,GBM_2_AutoML_6_20260420_24941,cov_OT_lag1,0.1967508988454938
2,1,0.02,GBM_2_AutoML_6_20260420_24941,hour_lag1,1.6290464753471314
2,1,0.02,GBM_2_AutoML_6_20260420_24941,day_of_week_lag1,0.029144997019320686
2,1,0.02,GBM_2_AutoML_6_20260420_24941,month_lag1,0.21525587838143107
2,1,0.02,GBM_2_AutoML_6_20260420_24941,month_sin,0.28261276878416536
2,1,0.02,GBM_2_AutoML_6_20260420_24941,month_cos,0.12256264155730602
2,1,0.02,GBM_2_AutoML_6_20260420_24941,year,0.19147169346688314
2,1,0.02,GBM_4_AutoML_6_20260420_24941,target_lag1,1.6894067718274892
2,1,0.02,GBM_4_AutoML_6_20260420_24941,target_lag2,0.3365772039350122
2,1,0.02,GBM_4_AutoML_6_20260420_24941,target_lag3,0.12957879256457086
2,1,0.02,GBM_4_AutoML_6_20260420_24941,target_lag4,0.11251244198530909
2,1,0.02,GBM_4_AutoML_6_20260420_24941,target_lag5,0.1077707706490764
2,1,0.02,GBM_4_AutoML_6_20260420_24941,target_lag6,0.2507156918896362
2,1,0.02,GBM_4_AutoML_6_20260420_24941,cov_HULL_lag1,0.12489959347993132
2,1,0.02,GBM_4_AutoML_6_20260420_24941,cov_MUFL_lag1,2.5496886029839514
2,1,0.02,GBM_4_AutoML_6_20260420_24941,cov_MULL_lag1,0.1411907985527068
2,1,0.02,GBM_4_AutoML_6_20260420_24941,cov_LUFL_lag1,0.35503629894927147
2,1,0.02,GBM_4_AutoML_6_20260420_24941,cov_LULL_lag1,0.06770519172074269
2,1,0.02,GBM_4_AutoML_6_20260420_24941,cov_OT_lag1,0.16755711236968632
2,1,0.02,GBM_4_AutoML_6_20260420_24941,hour_lag1,1.6134872550610453
2,1,0.02,GBM_4_AutoML_6_20260420_24941,day_of_week_lag1,0.03534254201222207
2,1,0.02,GBM_4_AutoML_6_20260420_24941,month_lag1,0.20427512861788272
2,1,0.02,GBM_4_AutoML_6_20260420_24941,month_sin,0.24278496699407698
2,1,0.02,GBM_4_AutoML_6_20260420_24941,month_cos,0.08030605246312911
2,1,0.02,GBM_4_AutoML_6_20260420_24941,year,0.22021376018645242
2,1,0.02,GBM_1_AutoML_6_20260420_24941,target_lag1,2.80212874405086
2,1,0.02,GBM_1_AutoML_6_20260420_24941,target_lag2,0.17657638744451107
2,1,0.02,GBM_1_AutoML_6_20260420_24941,target_lag3,0.1417401562258601
2,1,0.02,GBM_1_AutoML_6_20260420_24941,target_lag4,0.15353957424173129
2,1,0.02,GBM_1_AutoML_6_20260420_24941,target_lag5,0.09499239638797004
2,1,0.02,GBM_1_AutoML_6_20260420_24941,target_lag6,0.23638385926373304
2,1,0.02,GBM_1_AutoML_6_20260420_24941,cov_HULL_lag1,0.06674032753799106
2,1,0.02,GBM_1_AutoML_6_20260420_24941,cov_MUFL_lag1,1.5932804284244775
2,1,0.02,GBM_1_AutoML_6_20260420_24941,cov_MULL_lag1,0.1001021635229699
2,1,0.02,GBM_1_AutoML_6_20260420_24941,cov_LUFL_lag1,0.3474044409580529
2,1,0.02,GBM_1_AutoML_6_20260420_24941,cov_LULL_lag1,0.031888459033798375
2,1,0.02,GBM_1_AutoML_6_20260420_24941,cov_OT_lag1,0.13033273118548092
2,1,0.02,GBM_1_AutoML_6_20260420_24941,hour_lag1,1.625039397329092
2,1,0.02,GBM_1_AutoML_6_20260420_24941,day_of_week_lag1,0.02162751942698373
2,1,0.02,GBM_1_AutoML_6_20260420_24941,month_lag1,0.161690681874752
2,1,0.02,GBM_1_AutoML_6_20260420_24941,month_sin,0.24800848746672272
2,1,0.02,GBM_1_AutoML_6_20260420_24941,month_cos,0.16348054249770935
2,1,0.02,GBM_1_AutoML_6_20260420_24941,year,0.1309981593652628
2,1,0.05,GBM_3_AutoML_6_20260420_24941,target_lag1,1.720059154778719
2,1,0.05,GBM_3_AutoML_6_20260420_24941,target_lag2,0.3639682154986076
2,1,0.05,GBM_3_AutoML_6_20260420_24941,target_lag3,0.12192476499825712
2,1,0.05,GBM_3_AutoML_6_20260420_24941,target_lag4,0.1359159239940345
2,1,0.05,GBM_3_AutoML_6_20260420_24941,target_lag5,0.0821189399482682
2,1,0.05,GBM_3_AutoML_6_20260420_24941,target_lag6,0.2837996705621481
2,1,0.05,GBM_3_AutoML_6_20260420_24941,cov_HULL_lag1,0.1201259987428784
2,1,0.05,GBM_3_AutoML_6_20260420_24941,cov_MUFL_lag1,2.4268547711521387
2,1,0.05,GBM_3_AutoML_6_20260420_24941,cov_MULL_lag1,0.13350863082800057
2,1,0.05,GBM_3_AutoML_6_20260420_24941,cov_LUFL_lag1,0.2659816110786051
2,1,0.05,GBM_3_AutoML_6_20260420_24941,cov_LULL_lag1,0.056673191066365654
2,1,0.05,GBM_3_AutoML_6_20260420_24941,cov_OT_lag1,0.19509261074941606
2,1,0.05,GBM_3_AutoML_6_20260420_24941,hour_lag1,1.6210504250938538
2,1,0.05,GBM_3_AutoML_6_20260420_24941,day_of_week_lag1,0.03780016493983562
2,1,0.05,GBM_3_AutoML_6_20260420_24941,month_lag1,0.18705601058900356
2,1,0.05,GBM_3_AutoML_6_20260420_24941,month_sin,0.2675022341962904
2,1,0.05,GBM_3_AutoML_6_20260420_24941,month_cos,0.1294279936701059
2,1,0.05,GBM_3_AutoML_6_20260420_24941,year,0.2527765937347431
2,1,0.05,GBM_2_AutoML_6_20260420_24941,target_lag1,2.1528335322812198
2,1,0.05,GBM_2_AutoML_6_20260420_24941,target_lag2,0.41321039136499166
2,1,0.05,GBM_2_AutoML_6_20260420_24941,target_lag3,0.11228097208775577
2,1,0.05,GBM_2_AutoML_6_20260420_24941,target_lag4,0.1436829644534737
2,1,0.05,GBM_2_AutoML_6_20260420_24941,target_lag5,0.18670100279152393
2,1,0.05,GBM_2_AutoML_6_20260420_24941,target_lag6,0.24461582964286205
2,1,0.05,GBM_2_AutoML_6_20260420_24941,cov_HULL_lag1,0.12857039500726386
2,1,0.05,GBM_2_AutoML_6_20260420_24941,cov_MUFL_lag1,2.0148619168996813
2,1,0.05,GBM_2_AutoML_6_20260420_24941,cov_MULL_lag1,0.1645257491804659
2,1,0.05,GBM_2_AutoML_6_20260420_24941,cov_LUFL_lag1,0.245015416755341
2,1,0.05,GBM_2_AutoML_6_20260420_24941,cov_LULL_lag1,0.045331560166086964
2,1,0.05,GBM_2_AutoML_6_20260420_24941,cov_OT_lag1,0.1967508988454938
2,1,0.05,GBM_2_AutoML_6_20260420_24941,hour_lag1,1.6290464753471314
2,1,0.05,GBM_2_AutoML_6_20260420_24941,day_of_week_lag1,0.029144997019320686
2,1,0.05,GBM_2_AutoML_6_20260420_24941,month_lag1,0.21525587838143107
2,1,0.05,GBM_2_AutoML_6_20260420_24941,month_sin,0.28261276878416536
2,1,0.05,GBM_2_AutoML_6_20260420_24941,month_cos,0.12256264155730602
2,1,0.05,GBM_2_AutoML_6_20260420_24941,year,0.19147169346688314
2,1,0.05,GBM_4_AutoML_6_20260420_24941,target_lag1,1.6894067718274892
2,1,0.05,GBM_4_AutoML_6_20260420_24941,target_lag2,0.3365772039350122
2,1,0.05,GBM_4_AutoML_6_20260420_24941,target_lag3,0.12957879256457086
2,1,0.05,GBM_4_AutoML_6_20260420_24941,target_lag4,0.11251244198530909
2,1,0.05,GBM_4_AutoML_6_20260420_24941,target_lag5,0.1077707706490764
2,1,0.05,GBM_4_AutoML_6_20260420_24941,target_lag6,0.2507156918896362
2,1,0.05,GBM_4_AutoML_6_20260420_24941,cov_HULL_lag1,0.12489959347993132
2,1,0.05,GBM_4_AutoML_6_20260420_24941,cov_MUFL_lag1,2.5496886029839514
2,1,0.05,GBM_4_AutoML_6_20260420_24941,cov_MULL_lag1,0.1411907985527068
2,1,0.05,GBM_4_AutoML_6_20260420_24941,cov_LUFL_lag1,0.35503629894927147
2,1,0.05,GBM_4_AutoML_6_20260420_24941,cov_LULL_lag1,0.06770519172074269
2,1,0.05,GBM_4_AutoML_6_20260420_24941,cov_OT_lag1,0.16755711236968632
2,1,0.05,GBM_4_AutoML_6_20260420_24941,hour_lag1,1.6134872550610453
2,1,0.05,GBM_4_AutoML_6_20260420_24941,day_of_week_lag1,0.03534254201222207
2,1,0.05,GBM_4_AutoML_6_20260420_24941,month_lag1,0.20427512861788272
2,1,0.05,GBM_4_AutoML_6_20260420_24941,month_sin,0.24278496699407698
2,1,0.05,GBM_4_AutoML_6_20260420_24941,month_cos,0.08030605246312911
2,1,0.05,GBM_4_AutoML_6_20260420_24941,year,0.22021376018645242
2,1,0.05,GBM_1_AutoML_6_20260420_24941,target_lag1,2.80212874405086
2,1,0.05,GBM_1_AutoML_6_20260420_24941,target_lag2,0.17657638744451107
2,1,0.05,GBM_1_AutoML_6_20260420_24941,target_lag3,0.1417401562258601
2,1,0.05,GBM_1_AutoML_6_20260420_24941,target_lag4,0.15353957424173129
2,1,0.05,GBM_1_AutoML_6_20260420_24941,target_lag5,0.09499239638797004
2,1,0.05,GBM_1_AutoML_6_20260420_24941,target_lag6,0.23638385926373304
2,1,0.05,GBM_1_AutoML_6_20260420_24941,cov_HULL_lag1,0.06674032753799106
2,1,0.05,GBM_1_AutoML_6_20260420_24941,cov_MUFL_lag1,1.5932804284244775
2,1,0.05,GBM_1_AutoML_6_20260420_24941,cov_MULL_lag1,0.1001021635229699
2,1,0.05,GBM_1_AutoML_6_20260420_24941,cov_LUFL_lag1,0.3474044409580529
2,1,0.05,GBM_1_AutoML_6_20260420_24941,cov_LULL_lag1,0.031888459033798375
2,1,0.05,GBM_1_AutoML_6_20260420_24941,cov_OT_lag1,0.13033273118548092
2,1,0.05,GBM_1_AutoML_6_20260420_24941,hour_lag1,1.625039397329092
2,1,0.05,GBM_1_AutoML_6_20260420_24941,day_of_week_lag1,0.02162751942698373
2,1,0.05,GBM_1_AutoML_6_20260420_24941,month_lag1,0.161690681874752
2,1,0.05,GBM_1_AutoML_6_20260420_24941,month_sin,0.24800848746672272
2,1,0.05,GBM_1_AutoML_6_20260420_24941,month_cos,0.16348054249770935
2,1,0.05,GBM_1_AutoML_6_20260420_24941,year,0.1309981593652628
2,1,0.05,GBM_5_AutoML_6_20260420_24941,target_lag1,1.7137202205229551
2,1,0.05,GBM_5_AutoML_6_20260420_24941,target_lag2,0.24394236156716942
2,1,0.05,GBM_5_AutoML_6_20260420_24941,target_lag3,0.1691589312488213
2,1,0.05,GBM_5_AutoML_6_20260420_24941,target_lag4,0.15615396641194818
2,1,0.05,GBM_5_AutoML_6_20260420_24941,target_lag5,0.08557195253670212
2,1,0.05,GBM_5_AutoML_6_20260420_24941,target_lag6,0.12614273172148383
2,1,0.05,GBM_5_AutoML_6_20260420_24941,cov_HULL_lag1,0.17795660205185412
2,1,0.05,GBM_5_AutoML_6_20260420_24941,cov_MUFL_lag1,2.436023153066635
2,1,0.05,GBM_5_AutoML_6_20260420_24941,cov_MULL_lag1,0.13759855885640715
2,1,0.05,GBM_5_AutoML_6_20260420_24941,cov_LUFL_lag1,0.3147414740850218
2,1,0.05,GBM_5_AutoML_6_20260420_24941,cov_LULL_lag1,0.049217351569095576
2,1,0.05,GBM_5_AutoML_6_20260420_24941,cov_OT_lag1,0.21074417467229067
2,1,0.05,GBM_5_AutoML_6_20260420_24941,hour_lag1,1.6997684098407626
2,1,0.05,GBM_5_AutoML_6_20260420_24941,day_of_week_lag1,0.02915312328608701
2,1,0.05,GBM_5_AutoML_6_20260420_24941,month_lag1,0.25190367359668014
2,1,0.05,GBM_5_AutoML_6_20260420_24941,month_sin,0.2995177729660645
2,1,0.05,GBM_5_AutoML_6_20260420_24941,month_cos,0.09692759307858065
2,1,0.05,GBM_5_AutoML_6_20260420_24941,year,0.2268532976973802
2,1,0.05,GBM_grid_1_AutoML_6_20260420_24941_model_2,target_lag1,2.0787257643043997
2,1,0.05,GBM_grid_1_AutoML_6_20260420_24941_model_2,target_lag2,0.38451844489667564
2,1,0.05,GBM_grid_1_AutoML_6_20260420_24941_model_2,target_lag3,0.09442020511487495
2,1,0.05,GBM_grid_1_AutoML_6_20260420_24941_model_2,target_lag4,0.16649459858657792
2,1,0.05,GBM_grid_1_AutoML_6_20260420_24941_model_2,target_lag5,0.060278731708822274
2,1,0.05,GBM_grid_1_AutoML_6_20260420_24941_model_2,target_lag6,0.2734340936690569
2,1,0.05,GBM_grid_1_AutoML_6_20260420_24941_model_2,cov_HULL_lag1,0.15637470364570613
2,1,0.05,GBM_grid_1_AutoML_6_20260420_24941_model_2,cov_MUFL_lag1,1.9802400542423129
2,1,0.05,GBM_grid_1_AutoML_6_20260420_24941_model_2,cov_MULL_lag1,0.07666460843756791
2,1,0.05,GBM_grid_1_AutoML_6_20260420_24941_model_2,cov_LUFL_lag1,0.3034792779199779
2,1,0.05,GBM_grid_1_AutoML_6_20260420_24941_model_2,cov_LULL_lag1,0.023807424867409242
2,1,0.05,GBM_grid_1_AutoML_6_20260420_24941_model_2,cov_OT_lag1,0.11122149361297484
2,1,0.05,GBM_grid_1_AutoML_6_20260420_24941_model_2,hour_lag1,1.5987170743755996
2,1,0.05,GBM_grid_1_AutoML_6_20260420_24941_model_2,day_of_week_lag1,0.003542401352965479
2,1,0.05,GBM_grid_1_AutoML_6_20260420_24941_model_2,month_lag1,0.1255554123036563
2,1,0.05,GBM_grid_1_AutoML_6_20260420_24941_model_2,month_sin,0.36481355637311935
2,1,0.05,GBM_grid_1_AutoML_6_20260420_24941_model_2,month_cos,0.15085950213950125
2,1,0.05,GBM_grid_1_AutoML_6_20260420_24941_model_2,year,0.13196358818560835
2,1,0.05,XGBoost_grid_1_AutoML_6_20260420_24941_model_3,target_lag1,1.854386019334197
2,1,0.05,XGBoost_grid_1_AutoML_6_20260420_24941_model_3,target_lag2,0.34492974542430604
2,1,0.05,XGBoost_grid_1_AutoML_6_20260420_24941_model_3,target_lag3,0.23782118424773216
2,1,0.05,XGBoost_grid_1_AutoML_6_20260420_24941_model_3,target_lag4,0.09149023744277653
2,1,0.05,XGBoost_grid_1_AutoML_6_20260420_24941_model_3,target_lag5,0.10398724812082943
2,1,0.05,XGBoost_grid_1_AutoML_6_20260420_24941_model_3,target_lag6,0.13970196689915607
2,1,0.05,XGBoost_grid_1_AutoML_6_20260420_24941_model_3,cov_HULL_lag1,0.09955014778504843
2,1,0.05,XGBoost_grid_1_AutoML_6_20260420_24941_model_3,cov_MUFL_lag1,2.897708390802145
2,1,0.05,XGBoost_grid_1_AutoML_6_20260420_24941_model_3,cov_MULL_lag1,0.17474386187270283
2,1,0.05,XGBoost_grid_1_AutoML_6_20260420_24941_model_3,cov_LUFL_lag1,0.2951679565943778
2,1,0.05,XGBoost_grid_1_AutoML_6_20260420_24941_model_3,cov_LULL_lag1,0.054442613519786354
2,1,0.05,XGBoost_grid_1_AutoML_6_20260420_24941_model_3,cov_OT_lag1,0.32915307581424713
2,1,0.05,XGBoost_grid_1_AutoML_6_20260420_24941_model_3,hour_lag1,2.024332442423329
2,1,0.05,XGBoost_grid_1_AutoML_6_20260420_24941_model_3,day_of_week_lag1,0.034480174491181924
2,1,0.05,XGBoost_grid_1_AutoML_6_20260420_24941_model_3,month_lag1,0.312684818841517
2,1,0.05,XGBoost_grid_1_AutoML_6_20260420_24941_model_3,month_sin,0.2774348208494484
2,1,0.05,XGBoost_grid_1_AutoML_6_20260420_24941_model_3,month_cos,0.0702702960837632
2,1,0.05,XGBoost_grid_1_AutoML_6_20260420_24941_model_3,year,0.32666810845956207
2,1,0.05,GBM_grid_1_AutoML_6_20260420_24941_model_3,target_lag1,1.9576682354509831
2,1,0.05,GBM_grid_1_AutoML_6_20260420_24941_model_3,target_lag2,0.4414719972386956
2,1,0.05,GBM_grid_1_AutoML_6_20260420_24941_model_3,target_lag3,0.23790599878178909
2,1,0.05,GBM_grid_1_AutoML_6_20260420_24941_model_3,target_lag4,0.18776997178792953
2,1,0.05,GBM_grid_1_AutoML_6_20260420_24941_model_3,target_lag5,0.139908567238599
2,1,0.05,GBM_grid_1_AutoML_6_20260420_24941_model_3,target_lag6,0.4086451639328152
2,1,0.05,GBM_grid_1_AutoML_6_20260420_24941_model_3,cov_HULL_lag1,0.1819091607443988
2,1,0.05,GBM_grid_1_AutoML_6_20260420_24941_model_3,cov_MUFL_lag1,1.379830200895667
2,1,0.05,GBM_grid_1_AutoML_6_20260420_24941_model_3,cov_MULL_lag1,0.14687427154276517
2,1,0.05,GBM_grid_1_AutoML_6_20260420_24941_model_3,cov_LUFL_lag1,0.4031140102632344
2,1,0.05,GBM_grid_1_AutoML_6_20260420_24941_model_3,cov_LULL_lag1,0.05817981868050989
2,1,0.05,GBM_grid_1_AutoML_6_20260420_24941_model_3,cov_OT_lag1,0.15532366815954446
2,1,0.05,GBM_grid_1_AutoML_6_20260420_24941_model_3,hour_lag1,1.171322028040886
2,1,0.05,GBM_grid_1_AutoML_6_20260420_24941_model_3,day_of_week_lag1,0.027361802130180832
2,1,0.05,GBM_grid_1_AutoML_6_20260420_24941_model_3,month_lag1,0.16774249637499447
2,1,0.05,GBM_grid_1_AutoML_6_20260420_24941_model_3,month_sin,0.3202752578258514
2,1,0.05,GBM_grid_1_AutoML_6_20260420_24941_model_3,month_cos,0.10024153922509864
2,1,0.05,GBM_grid_1_AutoML_6_20260420_24941_model_3,year,0.13292769908905025
2,1,0.1,GBM_3_AutoML_6_20260420_24941,target_lag1,1.720059154778719
2,1,0.1,GBM_3_AutoML_6_20260420_24941,target_lag2,0.3639682154986076
2,1,0.1,GBM_3_AutoML_6_20260420_24941,target_lag3,0.12192476499825712
2,1,0.1,GBM_3_AutoML_6_20260420_24941,target_lag4,0.1359159239940345
2,1,0.1,GBM_3_AutoML_6_20260420_24941,target_lag5,0.0821189399482682
2,1,0.1,GBM_3_AutoML_6_20260420_24941,target_lag6,0.2837996705621481
2,1,0.1,GBM_3_AutoML_6_20260420_24941,cov_HULL_lag1,0.1201259987428784
2,1,0.1,GBM_3_AutoML_6_20260420_24941,cov_MUFL_lag1,2.4268547711521387
2,1,0.1,GBM_3_AutoML_6_20260420_24941,cov_MULL_lag1,0.13350863082800057
2,1,0.1,GBM_3_AutoML_6_20260420_24941,cov_LUFL_lag1,0.2659816110786051
2,1,0.1,GBM_3_AutoML_6_20260420_24941,cov_LULL_lag1,0.056673191066365654
2,1,0.1,GBM_3_AutoML_6_20260420_24941,cov_OT_lag1,0.19509261074941606
2,1,0.1,GBM_3_AutoML_6_20260420_24941,hour_lag1,1.6210504250938538
2,1,0.1,GBM_3_AutoML_6_20260420_24941,day_of_week_lag1,0.03780016493983562
2,1,0.1,GBM_3_AutoML_6_20260420_24941,month_lag1,0.18705601058900356
2,1,0.1,GBM_3_AutoML_6_20260420_24941,month_sin,0.2675022341962904
2,1,0.1,GBM_3_AutoML_6_20260420_24941,month_cos,0.1294279936701059
2,1,0.1,GBM_3_AutoML_6_20260420_24941,year,0.2527765937347431
2,1,0.1,GBM_2_AutoML_6_20260420_24941,target_lag1,2.1528335322812198
2,1,0.1,GBM_2_AutoML_6_20260420_24941,target_lag2,0.41321039136499166
2,1,0.1,GBM_2_AutoML_6_20260420_24941,target_lag3,0.11228097208775577
2,1,0.1,GBM_2_AutoML_6_20260420_24941,target_lag4,0.1436829644534737
2,1,0.1,GBM_2_AutoML_6_20260420_24941,target_lag5,0.18670100279152393
2,1,0.1,GBM_2_AutoML_6_20260420_24941,target_lag6,0.24461582964286205
2,1,0.1,GBM_2_AutoML_6_20260420_24941,cov_HULL_lag1,0.12857039500726386
2,1,0.1,GBM_2_AutoML_6_20260420_24941,cov_MUFL_lag1,2.0148619168996813
2,1,0.1,GBM_2_AutoML_6_20260420_24941,cov_MULL_lag1,0.1645257491804659
2,1,0.1,GBM_2_AutoML_6_20260420_24941,cov_LUFL_lag1,0.245015416755341
2,1,0.1,GBM_2_AutoML_6_20260420_24941,cov_LULL_lag1,0.045331560166086964
2,1,0.1,GBM_2_AutoML_6_20260420_24941,cov_OT_lag1,0.1967508988454938
2,1,0.1,GBM_2_AutoML_6_20260420_24941,hour_lag1,1.6290464753471314
2,1,0.1,GBM_2_AutoML_6_20260420_24941,day_of_week_lag1,0.029144997019320686
2,1,0.1,GBM_2_AutoML_6_20260420_24941,month_lag1,0.21525587838143107
2,1,0.1,GBM_2_AutoML_6_20260420_24941,month_sin,0.28261276878416536
2,1,0.1,GBM_2_AutoML_6_20260420_24941,month_cos,0.12256264155730602
2,1,0.1,GBM_2_AutoML_6_20260420_24941,year,0.19147169346688314
2,1,0.1,GBM_4_AutoML_6_20260420_24941,target_lag1,1.6894067718274892
2,1,0.1,GBM_4_AutoML_6_20260420_24941,target_lag2,0.3365772039350122
2,1,0.1,GBM_4_AutoML_6_20260420_24941,target_lag3,0.12957879256457086
2,1,0.1,GBM_4_AutoML_6_20260420_24941,target_lag4,0.11251244198530909
2,1,0.1,GBM_4_AutoML_6_20260420_24941,target_lag5,0.1077707706490764
2,1,0.1,GBM_4_AutoML_6_20260420_24941,target_lag6,0.2507156918896362
2,1,0.1,GBM_4_AutoML_6_20260420_24941,cov_HULL_lag1,0.12489959347993132
2,1,0.1,GBM_4_AutoML_6_20260420_24941,cov_MUFL_lag1,2.5496886029839514
2,1,0.1,GBM_4_AutoML_6_20260420_24941,cov_MULL_lag1,0.1411907985527068
2,1,0.1,GBM_4_AutoML_6_20260420_24941,cov_LUFL_lag1,0.35503629894927147
2,1,0.1,GBM_4_AutoML_6_20260420_24941,cov_LULL_lag1,0.06770519172074269
2,1,0.1,GBM_4_AutoML_6_20260420_24941,cov_OT_lag1,0.16755711236968632
2,1,0.1,GBM_4_AutoML_6_20260420_24941,hour_lag1,1.6134872550610453
2,1,0.1,GBM_4_AutoML_6_20260420_24941,day_of_week_lag1,0.03534254201222207
2,1,0.1,GBM_4_AutoML_6_20260420_24941,month_lag1,0.20427512861788272
2,1,0.1,GBM_4_AutoML_6_20260420_24941,month_sin,0.24278496699407698
2,1,0.1,GBM_4_AutoML_6_20260420_24941,month_cos,0.08030605246312911
2,1,0.1,GBM_4_AutoML_6_20260420_24941,year,0.22021376018645242
2,1,0.1,GBM_1_AutoML_6_20260420_24941,target_lag1,2.80212874405086
2,1,0.1,GBM_1_AutoML_6_20260420_24941,target_lag2,0.17657638744451107
2,1,0.1,GBM_1_AutoML_6_20260420_24941,target_lag3,0.1417401562258601
2,1,0.1,GBM_1_AutoML_6_20260420_24941,target_lag4,0.15353957424173129
2,1,0.1,GBM_1_AutoML_6_20260420_24941,target_lag5,0.09499239638797004
2,1,0.1,GBM_1_AutoML_6_20260420_24941,target_lag6,0.23638385926373304
2,1,0.1,GBM_1_AutoML_6_20260420_24941,cov_HULL_lag1,0.06674032753799106
2,1,0.1,GBM_1_AutoML_6_20260420_24941,cov_MUFL_lag1,1.5932804284244775
2,1,0.1,GBM_1_AutoML_6_20260420_24941,cov_MULL_lag1,0.1001021635229699
2,1,0.1,GBM_1_AutoML_6_20260420_24941,cov_LUFL_lag1,0.3474044409580529
2,1,0.1,GBM_1_AutoML_6_20260420_24941,cov_LULL_lag1,0.031888459033798375
2,1,0.1,GBM_1_AutoML_6_20260420_24941,cov_OT_lag1,0.13033273118548092
2,1,0.1,GBM_1_AutoML_6_20260420_24941,hour_lag1,1.625039397329092
2,1,0.1,GBM_1_AutoML_6_20260420_24941,day_of_week_lag1,0.02162751942698373
2,1,0.1,GBM_1_AutoML_6_20260420_24941,month_lag1,0.161690681874752
2,1,0.1,GBM_1_AutoML_6_20260420_24941,month_sin,0.24800848746672272
2,1,0.1,GBM_1_AutoML_6_20260420_24941,month_cos,0.16348054249770935
2,1,0.1,GBM_1_AutoML_6_20260420_24941,year,0.1309981593652628
2,1,0.1,GBM_5_AutoML_6_20260420_24941,target_lag1,1.7137202205229551
2,1,0.1,GBM_5_AutoML_6_20260420_24941,target_lag2,0.24394236156716942
2,1,0.1,GBM_5_AutoML_6_20260420_24941,target_lag3,0.1691589312488213
2,1,0.1,GBM_5_AutoML_6_20260420_24941,target_lag4,0.15615396641194818
2,1,0.1,GBM_5_AutoML_6_20260420_24941,target_lag5,0.08557195253670212
2,1,0.1,GBM_5_AutoML_6_20260420_24941,target_lag6,0.12614273172148383
2,1,0.1,GBM_5_AutoML_6_20260420_24941,cov_HULL_lag1,0.17795660205185412
2,1,0.1,GBM_5_AutoML_6_20260420_24941,cov_MUFL_lag1,2.436023153066635
2,1,0.1,GBM_5_AutoML_6_20260420_24941,cov_MULL_lag1,0.13759855885640715
2,1,0.1,GBM_5_AutoML_6_20260420_24941,cov_LUFL_lag1,0.3147414740850218
2,1,0.1,GBM_5_AutoML_6_20260420_24941,cov_LULL_lag1,0.049217351569095576
2,1,0.1,GBM_5_AutoML_6_20260420_24941,cov_OT_lag1,0.21074417467229067
2,1,0.1,GBM_5_AutoML_6_20260420_24941,hour_lag1,1.6997684098407626
2,1,0.1,GBM_5_AutoML_6_20260420_24941,day_of_week_lag1,0.02915312328608701
2,1,0.1,GBM_5_AutoML_6_20260420_24941,month_lag1,0.25190367359668014
2,1,0.1,GBM_5_AutoML_6_20260420_24941,month_sin,0.2995177729660645
2,1,0.1,GBM_5_AutoML_6_20260420_24941,month_cos,0.09692759307858065
2,1,0.1,GBM_5_AutoML_6_20260420_24941,year,0.2268532976973802
2,1,0.1,GBM_grid_1_AutoML_6_20260420_24941_model_2,target_lag1,2.0787257643043997
2,1,0.1,GBM_grid_1_AutoML_6_20260420_24941_model_2,target_lag2,0.38451844489667564
2,1,0.1,GBM_grid_1_AutoML_6_20260420_24941_model_2,target_lag3,0.09442020511487495
2,1,0.1,GBM_grid_1_AutoML_6_20260420_24941_model_2,target_lag4,0.16649459858657792
2,1,0.1,GBM_grid_1_AutoML_6_20260420_24941_model_2,target_lag5,0.060278731708822274
2,1,0.1,GBM_grid_1_AutoML_6_20260420_24941_model_2,target_lag6,0.2734340936690569
2,1,0.1,GBM_grid_1_AutoML_6_20260420_24941_model_2,cov_HULL_lag1,0.15637470364570613
2,1,0.1,GBM_grid_1_AutoML_6_20260420_24941_model_2,cov_MUFL_lag1,1.9802400542423129
2,1,0.1,GBM_grid_1_AutoML_6_20260420_24941_model_2,cov_MULL_lag1,0.07666460843756791
2,1,0.1,GBM_grid_1_AutoML_6_20260420_24941_model_2,cov_LUFL_lag1,0.3034792779199779
2,1,0.1,GBM_grid_1_AutoML_6_20260420_24941_model_2,cov_LULL_lag1,0.023807424867409242
2,1,0.1,GBM_grid_1_AutoML_6_20260420_24941_model_2,cov_OT_lag1,0.11122149361297484
2,1,0.1,GBM_grid_1_AutoML_6_20260420_24941_model_2,hour_lag1,1.5987170743755996
2,1,0.1,GBM_grid_1_AutoML_6_20260420_24941_model_2,day_of_week_lag1,0.003542401352965479
2,1,0.1,GBM_grid_1_AutoML_6_20260420_24941_model_2,month_lag1,0.1255554123036563
2,1,0.1,GBM_grid_1_AutoML_6_20260420_24941_model_2,month_sin,0.36481355637311935
2,1,0.1,GBM_grid_1_AutoML_6_20260420_24941_model_2,month_cos,0.15085950213950125
2,1,0.1,GBM_grid_1_AutoML_6_20260420_24941_model_2,year,0.13196358818560835
2,1,0.1,XGBoost_grid_1_AutoML_6_20260420_24941_model_3,target_lag1,1.854386019334197
2,1,0.1,XGBoost_grid_1_AutoML_6_20260420_24941_model_3,target_lag2,0.34492974542430604
2,1,0.1,XGBoost_grid_1_AutoML_6_20260420_24941_model_3,target_lag3,0.23782118424773216
2,1,0.1,XGBoost_grid_1_AutoML_6_20260420_24941_model_3,target_lag4,0.09149023744277653
2,1,0.1,XGBoost_grid_1_AutoML_6_20260420_24941_model_3,target_lag5,0.10398724812082943
2,1,0.1,XGBoost_grid_1_AutoML_6_20260420_24941_model_3,target_lag6,0.13970196689915607
2,1,0.1,XGBoost_grid_1_AutoML_6_20260420_24941_model_3,cov_HULL_lag1,0.09955014778504843
2,1,0.1,XGBoost_grid_1_AutoML_6_20260420_24941_model_3,cov_MUFL_lag1,2.897708390802145
2,1,0.1,XGBoost_grid_1_AutoML_6_20260420_24941_model_3,cov_MULL_lag1,0.17474386187270283
2,1,0.1,XGBoost_grid_1_AutoML_6_20260420_24941_model_3,cov_LUFL_lag1,0.2951679565943778
2,1,0.1,XGBoost_grid_1_AutoML_6_20260420_24941_model_3,cov_LULL_lag1,0.054442613519786354
2,1,0.1,XGBoost_grid_1_AutoML_6_20260420_24941_model_3,cov_OT_lag1,0.32915307581424713
2,1,0.1,XGBoost_grid_1_AutoML_6_20260420_24941_model_3,hour_lag1,2.024332442423329
2,1,0.1,XGBoost_grid_1_AutoML_6_20260420_24941_model_3,day_of_week_lag1,0.034480174491181924
2,1,0.1,XGBoost_grid_1_AutoML_6_20260420_24941_model_3,month_lag1,0.312684818841517
2,1,0.1,XGBoost_grid_1_AutoML_6_20260420_24941_model_3,month_sin,0.2774348208494484
2,1,0.1,XGBoost_grid_1_AutoML_6_20260420_24941_model_3,month_cos,0.0702702960837632
2,1,0.1,XGBoost_grid_1_AutoML_6_20260420_24941_model_3,year,0.32666810845956207
2,1,0.1,GBM_grid_1_AutoML_6_20260420_24941_model_3,target_lag1,1.9576682354509831
2,1,0.1,GBM_grid_1_AutoML_6_20260420_24941_model_3,target_lag2,0.4414719972386956
2,1,0.1,GBM_grid_1_AutoML_6_20260420_24941_model_3,target_lag3,0.23790599878178909
2,1,0.1,GBM_grid_1_AutoML_6_20260420_24941_model_3,target_lag4,0.18776997178792953
2,1,0.1,GBM_grid_1_AutoML_6_20260420_24941_model_3,target_lag5,0.139908567238599
2,1,0.1,GBM_grid_1_AutoML_6_20260420_24941_model_3,target_lag6,0.4086451639328152
2,1,0.1,GBM_grid_1_AutoML_6_20260420_24941_model_3,cov_HULL_lag1,0.1819091607443988
2,1,0.1,GBM_grid_1_AutoML_6_20260420_24941_model_3,cov_MUFL_lag1,1.379830200895667
2,1,0.1,GBM_grid_1_AutoML_6_20260420_24941_model_3,cov_MULL_lag1,0.14687427154276517
2,1,0.1,GBM_grid_1_AutoML_6_20260420_24941_model_3,cov_LUFL_lag1,0.4031140102632344
2,1,0.1,GBM_grid_1_AutoML_6_20260420_24941_model_3,cov_LULL_lag1,0.05817981868050989
2,1,0.1,GBM_grid_1_AutoML_6_20260420_24941_model_3,cov_OT_lag1,0.15532366815954446
2,1,0.1,GBM_grid_1_AutoML_6_20260420_24941_model_3,hour_lag1,1.171322028040886
2,1,0.1,GBM_grid_1_AutoML_6_20260420_24941_model_3,day_of_week_lag1,0.027361802130180832
2,1,0.1,GBM_grid_1_AutoML_6_20260420_24941_model_3,month_lag1,0.16774249637499447
2,1,0.1,GBM_grid_1_AutoML_6_20260420_24941_model_3,month_sin,0.3202752578258514
2,1,0.1,GBM_grid_1_AutoML_6_20260420_24941_model_3,month_cos,0.10024153922509864
2,1,0.1,GBM_grid_1_AutoML_6_20260420_24941_model_3,year,0.13292769908905025
2,1,0.1,DRF_1_AutoML_6_20260420_24941,target_lag1,1.7453545301780105
2,1,0.1,DRF_1_AutoML_6_20260420_24941,target_lag2,0.5061774326115847
2,1,0.1,DRF_1_AutoML_6_20260420_24941,target_lag3,0.5217352867871523
2,1,0.1,DRF_1_AutoML_6_20260420_24941,target_lag4,0.193017154969275
2,1,0.1,DRF_1_AutoML_6_20260420_24941,target_lag5,0.1309045004210202
2,1,0.1,DRF_1_AutoML_6_20260420_24941,target_lag6,0.3179829223436536
2,1,0.1,DRF_1_AutoML_6_20260420_24941,cov_HULL_lag1,0.10877326700836416
2,1,0.1,DRF_1_AutoML_6_20260420_24941,cov_MUFL_lag1,2.3972518944740298
2,1,0.1,DRF_1_AutoML_6_20260420_24941,cov_MULL_lag1,0.10045045438688245
2,1,0.1,DRF_1_AutoML_6_20260420_24941,cov_LUFL_lag1,0.5784276868030429
2,1,0.1,DRF_1_AutoML_6_20260420_24941,cov_LULL_lag1,0.03302581681404258
2,1,0.1,DRF_1_AutoML_6_20260420_24941,cov_OT_lag1,0.12849669595714655
2,1,0.1,DRF_1_AutoML_6_20260420_24941,hour_lag1,1.199673996460624
2,1,0.1,DRF_1_AutoML_6_20260420_24941,day_of_week_lag1,0.017512884712777982
2,1,0.1,DRF_1_AutoML_6_20260420_24941,month_lag1,0.163708311188966
2,1,0.1,DRF_1_AutoML_6_20260420_24941,month_sin,0.16885851518250994
2,1,0.1,DRF_1_AutoML_6_20260420_24941,month_cos,0.08579582449048755
2,1,0.1,DRF_1_AutoML_6_20260420_24941,year,0.18536436572670936
2,1,0.1,XGBoost_grid_1_AutoML_6_20260420_24941_model_6,target_lag1,0.9064373589865863
2,1,0.1,XGBoost_grid_1_AutoML_6_20260420_24941_model_6,target_lag2,0.25689386945683507
2,1,0.1,XGBoost_grid_1_AutoML_6_20260420_24941_model_6,target_lag3,0.5502764055877924
2,1,0.1,XGBoost_grid_1_AutoML_6_20260420_24941_model_6,target_lag4,0.25253561585675927
2,1,0.1,XGBoost_grid_1_AutoML_6_20260420_24941_model_6,target_lag5,0.12424476997926828
2,1,0.1,XGBoost_grid_1_AutoML_6_20260420_24941_model_6,target_lag6,0.17859144892543552
2,1,0.1,XGBoost_grid_1_AutoML_6_20260420_24941_model_6,cov_HULL_lag1,0.20639657355844976
2,1,0.1,XGBoost_grid_1_AutoML_6_20260420_24941_model_6,cov_MUFL_lag1,3.2555414152145388
2,1,0.1,XGBoost_grid_1_AutoML_6_20260420_24941_model_6,cov_MULL_lag1,0.20320177262838116
2,1,0.1,XGBoost_grid_1_AutoML_6_20260420_24941_model_6,cov_LUFL_lag1,0.455353954071179
2,1,0.1,XGBoost_grid_1_AutoML_6_20260420_24941_model_6,cov_LULL_lag1,0.15567882913630454
2,1,0.1,XGBoost_grid_1_AutoML_6_20260420_24941_model_6,cov_OT_lag1,0.38736581752076743
2,1,0.1,XGBoost_grid_1_AutoML_6_20260420_24941_model_6,hour_lag1,1.6723051132261753
2,1,0.1,XGBoost_grid_1_AutoML_6_20260420_24941_model_6,day_of_week_lag1,0.07409150251420211
2,1,0.1,XGBoost_grid_1_AutoML_6_20260420_24941_model_6,month_lag1,0.29890835473313926
2,1,0.1,XGBoost_grid_1_AutoML_6_20260420_24941_model_6,month_sin,0.25301853463053703
2,1,0.1,XGBoost_grid_1_AutoML_6_20260420_24941_model_6,month_cos,0.11660029429942366
2,1,0.1,XGBoost_grid_1_AutoML_6_20260420_24941_model_6,year,0.5265452761203051
2,1,0.1,XRT_1_AutoML_6_20260420_24941,target_lag1,1.6571075845266316e+16
2,1,0.1,XRT_1_AutoML_6_20260420_24941,target_lag2,7078585703463790.0
2,1,0.1,XRT_1_AutoML_6_20260420_24941,target_lag3,1.0111641378993432e+16
2,1,0.1,XRT_1_AutoML_6_20260420_24941,target_lag4,1.6014395097276298e+16
2,1,0.1,XRT_1_AutoML_6_20260420_24941,target_lag5,4216.527028033584
2,1,0.1,XRT_1_AutoML_6_20260420_24941,target_lag6,1607643.1076098657
2,1,0.1,XRT_1_AutoML_6_20260420_24941,cov_HULL_lag1,3.6813671156765877e+21
2,1,0.1,XRT_1_AutoML_6_20260420_24941,cov_MUFL_lag1,1.3043072390473497e+21
2,1,0.1,XRT_1_AutoML_6_20260420_24941,cov_MULL_lag1,23969412.1746679
2,1,0.1,XRT_1_AutoML_6_20260420_24941,cov_LUFL_lag1,4.985388124731751e+21
2,1,0.1,XRT_1_AutoML_6_20260420_24941,cov_LULL_lag1,25399988.561251108
2,1,0.1,XRT_1_AutoML_6_20260420_24941,cov_OT_lag1,3077851324269828.0
2,1,0.1,XRT_1_AutoML_6_20260420_24941,hour_lag1,4.983359331925476e+21
2,1,0.1,XRT_1_AutoML_6_20260420_24941,day_of_week_lag1,4996782697709308.0
2,1,0.1,XRT_1_AutoML_6_20260420_24941,month_lag1,5127912979802764.0
2,1,0.1,XRT_1_AutoML_6_20260420_24941,month_sin,34246.04119885981
2,1,0.1,XRT_1_AutoML_6_20260420_24941,month_cos,6774.302084127665
2,1,0.1,XRT_1_AutoML_6_20260420_24941,year,2.8294968895167052e+16
2,1,0.1,XGBoost_3_AutoML_6_20260420_24941,target_lag1,1.609559836089611
2,1,0.1,XGBoost_3_AutoML_6_20260420_24941,target_lag2,0.4376393004041165
2,1,0.1,XGBoost_3_AutoML_6_20260420_24941,target_lag3,0.32663605811074375
2,1,0.1,XGBoost_3_AutoML_6_20260420_24941,target_lag4,0.15412061754614115
2,1,0.1,XGBoost_3_AutoML_6_20260420_24941,target_lag5,0.17313614153070372
2,1,0.1,XGBoost_3_AutoML_6_20260420_24941,target_lag6,0.2625664238104946
2,1,0.1,XGBoost_3_AutoML_6_20260420_24941,cov_HULL_lag1,0.08162359121255573
2,1,0.1,XGBoost_3_AutoML_6_20260420_24941,cov_MUFL_lag1,2.608680676203221
2,1,0.1,XGBoost_3_AutoML_6_20260420_24941,cov_MULL_lag1,0.18886976116336882
2,1,0.1,XGBoost_3_AutoML_6_20260420_24941,cov_LUFL_lag1,0.5158472756668925
2,1,0.1,XGBoost_3_AutoML_6_20260420_24941,cov_LULL_lag1,0.06869863226776937
2,1,0.1,XGBoost_3_AutoML_6_20260420_24941,cov_OT_lag1,0.33850518533959983
2,1,0.1,XGBoost_3_AutoML_6_20260420_24941,hour_lag1,1.6195940454304218
2,1,0.1,XGBoost_3_AutoML_6_20260420_24941,day_of_week_lag1,0.03852877265308047
2,1,0.1,XGBoost_3_AutoML_6_20260420_24941,month_lag1,0.46928319581784306
2,1,0.1,XGBoost_3_AutoML_6_20260420_24941,month_sin,0.3191395967034623
2,1,0.1,XGBoost_3_AutoML_6_20260420_24941,month_cos,0.12267645984888073
2,1,0.1,XGBoost_3_AutoML_6_20260420_24941,year,0.15727218072861432
2,1,0.1,XGBoost_grid_1_AutoML_6_20260420_24941_model_4,target_lag1,1.7893173376983031
2,1,0.1,XGBoost_grid_1_AutoML_6_20260420_24941_model_4,target_lag2,0.37363130010664464
2,1,0.1,XGBoost_grid_1_AutoML_6_20260420_24941_model_4,target_lag3,0.13945537048391995
2,1,0.1,XGBoost_grid_1_AutoML_6_20260420_24941_model_4,target_lag4,0.112640982652083
2,1,0.1,XGBoost_grid_1_AutoML_6_20260420_24941_model_4,target_lag5,0.09726776834228072
2,1,0.1,XGBoost_grid_1_AutoML_6_20260420_24941_model_4,target_lag6,0.11444210393354293
2,1,0.1,XGBoost_grid_1_AutoML_6_20260420_24941_model_4,cov_HULL_lag1,0.13523736012168225
2,1,0.1,XGBoost_grid_1_AutoML_6_20260420_24941_model_4,cov_MUFL_lag1,2.6020669043064117
2,1,0.1,XGBoost_grid_1_AutoML_6_20260420_24941_model_4,cov_MULL_lag1,0.09790472666732963
2,1,0.1,XGBoost_grid_1_AutoML_6_20260420_24941_model_4,cov_LUFL_lag1,0.19933448491618036
2,1,0.1,XGBoost_grid_1_AutoML_6_20260420_24941_model_4,cov_LULL_lag1,0.1055397526407614
2,1,0.1,XGBoost_grid_1_AutoML_6_20260420_24941_model_4,cov_OT_lag1,0.26496069415239615
2,1,0.1,XGBoost_grid_1_AutoML_6_20260420_24941_model_4,hour_lag1,1.9751980252563954
2,1,0.1,XGBoost_grid_1_AutoML_6_20260420_24941_model_4,day_of_week_lag1,0.04767856972757723
2,1,0.1,XGBoost_grid_1_AutoML_6_20260420_24941_model_4,month_lag1,0.20516172382980585
2,1,0.1,XGBoost_grid_1_AutoML_6_20260420_24941_model_4,month_sin,0.1922520373854786
2,1,0.1,XGBoost_grid_1_AutoML_6_20260420_24941_model_4,month_cos,0.152645300719887
2,1,0.1,XGBoost_grid_1_AutoML_6_20260420_24941_model_4,year,0.26605565450154245
2,1,0.1,GBM_grid_1_AutoML_6_20260420_24941_model_1,target_lag1,1.3308506428822875
2,1,0.1,GBM_grid_1_AutoML_6_20260420_24941_model_1,target_lag2,0.6436613307707012
2,1,0.1,GBM_grid_1_AutoML_6_20260420_24941_model_1,target_lag3,0.3685909682977945
2,1,0.1,GBM_grid_1_AutoML_6_20260420_24941_model_1,target_lag4,0.2772873149436782
2,1,0.1,GBM_grid_1_AutoML_6_20260420_24941_model_1,target_lag5,0.22717338285874572
2,1,0.1,GBM_grid_1_AutoML_6_20260420_24941_model_1,target_lag6,0.47662675206549465
2,1,0.1,GBM_grid_1_AutoML_6_20260420_24941_model_1,cov_HULL_lag1,0.14556778103462417
2,1,0.1,GBM_grid_1_AutoML_6_20260420_24941_model_1,cov_MUFL_lag1,1.2529380260780454
2,1,0.1,GBM_grid_1_AutoML_6_20260420_24941_model_1,cov_MULL_lag1,0.18919385344255715
2,1,0.1,GBM_grid_1_AutoML_6_20260420_24941_model_1,cov_LUFL_lag1,0.30354669619817287
2,1,0.1,GBM_grid_1_AutoML_6_20260420_24941_model_1,cov_LULL_lag1,0.10811027301286227
2,1,0.1,GBM_grid_1_AutoML_6_20260420_24941_model_1,cov_OT_lag1,0.1457053412031382
2,1,0.1,GBM_grid_1_AutoML_6_20260420_24941_model_1,hour_lag1,1.2744784867018462
2,1,0.1,GBM_grid_1_AutoML_6_20260420_24941_model_1,day_of_week_lag1,0.05411399108357722
2,1,0.1,GBM_grid_1_AutoML_6_20260420_24941_model_1,month_lag1,0.21338349182158708
2,1,0.1,GBM_grid_1_AutoML_6_20260420_24941_model_1,month_sin,0.1597010587714612
2,1,0.1,GBM_grid_1_AutoML_6_20260420_24941_model_1,month_cos,0.13185554489493367
2,1,0.1,GBM_grid_1_AutoML_6_20260420_24941_model_1,year,0.22280903125647455
2,1,0.1,XGBoost_grid_1_AutoML_6_20260420_24941_model_2,target_lag1,1.7734125535190106
2,1,0.1,XGBoost_grid_1_AutoML_6_20260420_24941_model_2,target_lag2,0.34145202371291816
2,1,0.1,XGBoost_grid_1_AutoML_6_20260420_24941_model_2,target_lag3,0.1916676955996081
2,1,0.1,XGBoost_grid_1_AutoML_6_20260420_24941_model_2,target_lag4,0.12371504739858206
2,1,0.1,XGBoost_grid_1_AutoML_6_20260420_24941_model_2,target_lag5,0.17563827777281404
2,1,0.1,XGBoost_grid_1_AutoML_6_20260420_24941_model_2,target_lag6,0.1263692266307771
2,1,0.1,XGBoost_grid_1_AutoML_6_20260420_24941_model_2,cov_HULL_lag1,0.13009783561690708
2,1,0.1,XGBoost_grid_1_AutoML_6_20260420_24941_model_2,cov_MUFL_lag1,2.4344976130127907
2,1,0.1,XGBoost_grid_1_AutoML_6_20260420_24941_model_2,cov_MULL_lag1,0.10807634202297774
2,1,0.1,XGBoost_grid_1_AutoML_6_20260420_24941_model_2,cov_LUFL_lag1,0.35748978782910856
2,1,0.1,XGBoost_grid_1_AutoML_6_20260420_24941_model_2,cov_LULL_lag1,0.06613842335063959
2,1,0.1,XGBoost_grid_1_AutoML_6_20260420_24941_model_2,cov_OT_lag1,0.2414753252780065
2,1,0.1,XGBoost_grid_1_AutoML_6_20260420_24941_model_2,hour_lag1,1.7340064060688019
2,1,0.1,XGBoost_grid_1_AutoML_6_20260420_24941_model_2,day_of_week_lag1,0.0676035726885311
2,1,0.1,XGBoost_grid_1_AutoML_6_20260420_24941_model_2,month_lag1,0.12324365505948659
2,1,0.1,XGBoost_grid_1_AutoML_6_20260420_24941_model_2,month_sin,0.2614340516400989
2,1,0.1,XGBoost_grid_1_AutoML_6_20260420_24941_model_2,month_cos,0.11015449073165652
2,1,0.1,XGBoost_grid_1_AutoML_6_20260420_24941_model_2,year,0.3628998548164964
2,1,0.1,XGBoost_1_AutoML_6_20260420_24941,target_lag1,1.9371900794655084
2,1,0.1,XGBoost_1_AutoML_6_20260420_24941,target_lag2,0.25522904028184706
2,1,0.1,XGBoost_1_AutoML_6_20260420_24941,target_lag3,0.2129767199791968
2,1,0.1,XGBoost_1_AutoML_6_20260420_24941,target_lag4,0.20423358328640462
2,1,0.1,XGBoost_1_AutoML_6_20260420_24941,target_lag5,0.1547200016956776
2,1,0.1,XGBoost_1_AutoML_6_20260420_24941,target_lag6,0.16896650675684213
2,1,0.1,XGBoost_1_AutoML_6_20260420_24941,cov_HULL_lag1,0.213054611235857
2,1,0.1,XGBoost_1_AutoML_6_20260420_24941,cov_MUFL_lag1,2.584292769432068
2,1,0.1,XGBoost_1_AutoML_6_20260420_24941,cov_MULL_lag1,0.2133709165081382
2,1,0.1,XGBoost_1_AutoML_6_20260420_24941,cov_LUFL_lag1,0.3876176776830107
2,1,0.1,XGBoost_1_AutoML_6_20260420_24941,cov_LULL_lag1,0.1641829802491702
2,1,0.1,XGBoost_1_AutoML_6_20260420_24941,cov_OT_lag1,0.2986205098871142
2,1,0.1,XGBoost_1_AutoML_6_20260420_24941,hour_lag1,1.7788937256485224
2,1,0.1,XGBoost_1_AutoML_6_20260420_24941,day_of_week_lag1,0.07121817530132826
2,1,0.1,XGBoost_1_AutoML_6_20260420_24941,month_lag1,0.2260014919936657
2,1,0.1,XGBoost_1_AutoML_6_20260420_24941,month_sin,0.32130945337470623
2,1,0.1,XGBoost_1_AutoML_6_20260420_24941,month_cos,0.10209805809892711
2,1,0.1,XGBoost_1_AutoML_6_20260420_24941,year,0.12438415459706445
2,1,0.1,XGBoost_grid_1_AutoML_6_20260420_24941_model_1,target_lag1,1.334999418705702
2,1,0.1,XGBoost_grid_1_AutoML_6_20260420_24941_model_1,target_lag2,0.2666628292854875
2,1,0.1,XGBoost_grid_1_AutoML_6_20260420_24941_model_1,target_lag3,0.20830442728474735
2,1,0.1,XGBoost_grid_1_AutoML_6_20260420_24941_model_1,target_lag4,0.19224131691502408
2,1,0.1,XGBoost_grid_1_AutoML_6_20260420_24941_model_1,target_lag5,0.1356772722303867
2,1,0.1,XGBoost_grid_1_AutoML_6_20260420_24941_model_1,target_lag6,0.2456936444249004
2,1,0.1,XGBoost_grid_1_AutoML_6_20260420_24941_model_1,cov_HULL_lag1,0.15437602961435912
2,1,0.1,XGBoost_grid_1_AutoML_6_20260420_24941_model_1,cov_MUFL_lag1,3.1236281652748583
2,1,0.1,XGBoost_grid_1_AutoML_6_20260420_24941_model_1,cov_MULL_lag1,0.21746258662082255
2,1,0.1,XGBoost_grid_1_AutoML_6_20260420_24941_model_1,cov_LUFL_lag1,0.49515227920142935
2,1,0.1,XGBoost_grid_1_AutoML_6_20260420_24941_model_1,cov_LULL_lag1,0.099067039033398
2,1,0.1,XGBoost_grid_1_AutoML_6_20260420_24941_model_1,cov_OT_lag1,0.47139300654642285
2,1,0.1,XGBoost_grid_1_AutoML_6_20260420_24941_model_1,hour_lag1,1.799735300205648
2,1,0.1,XGBoost_grid_1_AutoML_6_20260420_24941_model_1,day_of_week_lag1,0.06180035990197208
2,1,0.1,XGBoost_grid_1_AutoML_6_20260420_24941_model_1,month_lag1,0.3418751341686584
2,1,0.1,XGBoost_grid_1_AutoML_6_20260420_24941_model_1,month_sin,0.2684097831323743
2,1,0.1,XGBoost_grid_1_AutoML_6_20260420_24941_model_1,month_cos,0.08175120506100936
2,1,0.1,XGBoost_grid_1_AutoML_6_20260420_24941_model_1,year,0.23834627317264676
2,1,0.2,GBM_3_AutoML_6_20260420_24941,target_lag1,1.720059154778719
2,1,0.2,GBM_3_AutoML_6_20260420_24941,target_lag2,0.3639682154986076
2,1,0.2,GBM_3_AutoML_6_20260420_24941,target_lag3,0.12192476499825712
2,1,0.2,GBM_3_AutoML_6_20260420_24941,target_lag4,0.1359159239940345
2,1,0.2,GBM_3_AutoML_6_20260420_24941,target_lag5,0.0821189399482682
2,1,0.2,GBM_3_AutoML_6_20260420_24941,target_lag6,0.2837996705621481
2,1,0.2,GBM_3_AutoML_6_20260420_24941,cov_HULL_lag1,0.1201259987428784
2,1,0.2,GBM_3_AutoML_6_20260420_24941,cov_MUFL_lag1,2.4268547711521387
2,1,0.2,GBM_3_AutoML_6_20260420_24941,cov_MULL_lag1,0.13350863082800057
2,1,0.2,GBM_3_AutoML_6_20260420_24941,cov_LUFL_lag1,0.2659816110786051
2,1,0.2,GBM_3_AutoML_6_20260420_24941,cov_LULL_lag1,0.056673191066365654
2,1,0.2,GBM_3_AutoML_6_20260420_24941,cov_OT_lag1,0.19509261074941606
2,1,0.2,GBM_3_AutoML_6_20260420_24941,hour_lag1,1.6210504250938538
2,1,0.2,GBM_3_AutoML_6_20260420_24941,day_of_week_lag1,0.03780016493983562
2,1,0.2,GBM_3_AutoML_6_20260420_24941,month_lag1,0.18705601058900356
2,1,0.2,GBM_3_AutoML_6_20260420_24941,month_sin,0.2675022341962904
2,1,0.2,GBM_3_AutoML_6_20260420_24941,month_cos,0.1294279936701059
2,1,0.2,GBM_3_AutoML_6_20260420_24941,year,0.2527765937347431
2,1,0.2,GBM_2_AutoML_6_20260420_24941,target_lag1,2.1528335322812198
2,1,0.2,GBM_2_AutoML_6_20260420_24941,target_lag2,0.41321039136499166
2,1,0.2,GBM_2_AutoML_6_20260420_24941,target_lag3,0.11228097208775577
2,1,0.2,GBM_2_AutoML_6_20260420_24941,target_lag4,0.1436829644534737
2,1,0.2,GBM_2_AutoML_6_20260420_24941,target_lag5,0.18670100279152393
2,1,0.2,GBM_2_AutoML_6_20260420_24941,target_lag6,0.24461582964286205
2,1,0.2,GBM_2_AutoML_6_20260420_24941,cov_HULL_lag1,0.12857039500726386
2,1,0.2,GBM_2_AutoML_6_20260420_24941,cov_MUFL_lag1,2.0148619168996813
2,1,0.2,GBM_2_AutoML_6_20260420_24941,cov_MULL_lag1,0.1645257491804659
2,1,0.2,GBM_2_AutoML_6_20260420_24941,cov_LUFL_lag1,0.245015416755341
2,1,0.2,GBM_2_AutoML_6_20260420_24941,cov_LULL_lag1,0.045331560166086964
2,1,0.2,GBM_2_AutoML_6_20260420_24941,cov_OT_lag1,0.1967508988454938
2,1,0.2,GBM_2_AutoML_6_20260420_24941,hour_lag1,1.6290464753471314
2,1,0.2,GBM_2_AutoML_6_20260420_24941,day_of_week_lag1,0.029144997019320686
2,1,0.2,GBM_2_AutoML_6_20260420_24941,month_lag1,0.21525587838143107
2,1,0.2,GBM_2_AutoML_6_20260420_24941,month_sin,0.28261276878416536
2,1,0.2,GBM_2_AutoML_6_20260420_24941,month_cos,0.12256264155730602
2,1,0.2,GBM_2_AutoML_6_20260420_24941,year,0.19147169346688314
2,1,0.2,GBM_4_AutoML_6_20260420_24941,target_lag1,1.6894067718274892
2,1,0.2,GBM_4_AutoML_6_20260420_24941,target_lag2,0.3365772039350122
2,1,0.2,GBM_4_AutoML_6_20260420_24941,target_lag3,0.12957879256457086
2,1,0.2,GBM_4_AutoML_6_20260420_24941,target_lag4,0.11251244198530909
2,1,0.2,GBM_4_AutoML_6_20260420_24941,target_lag5,0.1077707706490764
2,1,0.2,GBM_4_AutoML_6_20260420_24941,target_lag6,0.2507156918896362
2,1,0.2,GBM_4_AutoML_6_20260420_24941,cov_HULL_lag1,0.12489959347993132
2,1,0.2,GBM_4_AutoML_6_20260420_24941,cov_MUFL_lag1,2.5496886029839514
2,1,0.2,GBM_4_AutoML_6_20260420_24941,cov_MULL_lag1,0.1411907985527068
2,1,0.2,GBM_4_AutoML_6_20260420_24941,cov_LUFL_lag1,0.35503629894927147
2,1,0.2,GBM_4_AutoML_6_20260420_24941,cov_LULL_lag1,0.06770519172074269
2,1,0.2,GBM_4_AutoML_6_20260420_24941,cov_OT_lag1,0.16755711236968632
2,1,0.2,GBM_4_AutoML_6_20260420_24941,hour_lag1,1.6134872550610453
2,1,0.2,GBM_4_AutoML_6_20260420_24941,day_of_week_lag1,0.03534254201222207
2,1,0.2,GBM_4_AutoML_6_20260420_24941,month_lag1,0.20427512861788272
2,1,0.2,GBM_4_AutoML_6_20260420_24941,month_sin,0.24278496699407698
2,1,0.2,GBM_4_AutoML_6_20260420_24941,month_cos,0.08030605246312911
2,1,0.2,GBM_4_AutoML_6_20260420_24941,year,0.22021376018645242
2,1,0.2,GBM_1_AutoML_6_20260420_24941,target_lag1,2.80212874405086
2,1,0.2,GBM_1_AutoML_6_20260420_24941,target_lag2,0.17657638744451107
2,1,0.2,GBM_1_AutoML_6_20260420_24941,target_lag3,0.1417401562258601
2,1,0.2,GBM_1_AutoML_6_20260420_24941,target_lag4,0.15353957424173129
2,1,0.2,GBM_1_AutoML_6_20260420_24941,target_lag5,0.09499239638797004
2,1,0.2,GBM_1_AutoML_6_20260420_24941,target_lag6,0.23638385926373304
2,1,0.2,GBM_1_AutoML_6_20260420_24941,cov_HULL_lag1,0.06674032753799106
2,1,0.2,GBM_1_AutoML_6_20260420_24941,cov_MUFL_lag1,1.5932804284244775
2,1,0.2,GBM_1_AutoML_6_20260420_24941,cov_MULL_lag1,0.1001021635229699
2,1,0.2,GBM_1_AutoML_6_20260420_24941,cov_LUFL_lag1,0.3474044409580529
2,1,0.2,GBM_1_AutoML_6_20260420_24941,cov_LULL_lag1,0.031888459033798375
2,1,0.2,GBM_1_AutoML_6_20260420_24941,cov_OT_lag1,0.13033273118548092
2,1,0.2,GBM_1_AutoML_6_20260420_24941,hour_lag1,1.625039397329092
2,1,0.2,GBM_1_AutoML_6_20260420_24941,day_of_week_lag1,0.02162751942698373
2,1,0.2,GBM_1_AutoML_6_20260420_24941,month_lag1,0.161690681874752
2,1,0.2,GBM_1_AutoML_6_20260420_24941,month_sin,0.24800848746672272
2,1,0.2,GBM_1_AutoML_6_20260420_24941,month_cos,0.16348054249770935
2,1,0.2,GBM_1_AutoML_6_20260420_24941,year,0.1309981593652628
2,1,0.2,GBM_5_AutoML_6_20260420_24941,target_lag1,1.7137202205229551
2,1,0.2,GBM_5_AutoML_6_20260420_24941,target_lag2,0.24394236156716942
2,1,0.2,GBM_5_AutoML_6_20260420_24941,target_lag3,0.1691589312488213
2,1,0.2,GBM_5_AutoML_6_20260420_24941,target_lag4,0.15615396641194818
2,1,0.2,GBM_5_AutoML_6_20260420_24941,target_lag5,0.08557195253670212
2,1,0.2,GBM_5_AutoML_6_20260420_24941,target_lag6,0.12614273172148383
2,1,0.2,GBM_5_AutoML_6_20260420_24941,cov_HULL_lag1,0.17795660205185412
2,1,0.2,GBM_5_AutoML_6_20260420_24941,cov_MUFL_lag1,2.436023153066635
2,1,0.2,GBM_5_AutoML_6_20260420_24941,cov_MULL_lag1,0.13759855885640715
2,1,0.2,GBM_5_AutoML_6_20260420_24941,cov_LUFL_lag1,0.3147414740850218
2,1,0.2,GBM_5_AutoML_6_20260420_24941,cov_LULL_lag1,0.049217351569095576
2,1,0.2,GBM_5_AutoML_6_20260420_24941,cov_OT_lag1,0.21074417467229067
2,1,0.2,GBM_5_AutoML_6_20260420_24941,hour_lag1,1.6997684098407626
2,1,0.2,GBM_5_AutoML_6_20260420_24941,day_of_week_lag1,0.02915312328608701
2,1,0.2,GBM_5_AutoML_6_20260420_24941,month_lag1,0.25190367359668014
2,1,0.2,GBM_5_AutoML_6_20260420_24941,month_sin,0.2995177729660645
2,1,0.2,GBM_5_AutoML_6_20260420_24941,month_cos,0.09692759307858065
2,1,0.2,GBM_5_AutoML_6_20260420_24941,year,0.2268532976973802
2,1,0.2,GBM_grid_1_AutoML_6_20260420_24941_model_2,target_lag1,2.0787257643043997
2,1,0.2,GBM_grid_1_AutoML_6_20260420_24941_model_2,target_lag2,0.38451844489667564
2,1,0.2,GBM_grid_1_AutoML_6_20260420_24941_model_2,target_lag3,0.09442020511487495
2,1,0.2,GBM_grid_1_AutoML_6_20260420_24941_model_2,target_lag4,0.16649459858657792
2,1,0.2,GBM_grid_1_AutoML_6_20260420_24941_model_2,target_lag5,0.060278731708822274
2,1,0.2,GBM_grid_1_AutoML_6_20260420_24941_model_2,target_lag6,0.2734340936690569
2,1,0.2,GBM_grid_1_AutoML_6_20260420_24941_model_2,cov_HULL_lag1,0.15637470364570613
2,1,0.2,GBM_grid_1_AutoML_6_20260420_24941_model_2,cov_MUFL_lag1,1.9802400542423129
2,1,0.2,GBM_grid_1_AutoML_6_20260420_24941_model_2,cov_MULL_lag1,0.07666460843756791
2,1,0.2,GBM_grid_1_AutoML_6_20260420_24941_model_2,cov_LUFL_lag1,0.3034792779199779
2,1,0.2,GBM_grid_1_AutoML_6_20260420_24941_model_2,cov_LULL_lag1,0.023807424867409242
2,1,0.2,GBM_grid_1_AutoML_6_20260420_24941_model_2,cov_OT_lag1,0.11122149361297484
2,1,0.2,GBM_grid_1_AutoML_6_20260420_24941_model_2,hour_lag1,1.5987170743755996
2,1,0.2,GBM_grid_1_AutoML_6_20260420_24941_model_2,day_of_week_lag1,0.003542401352965479
2,1,0.2,GBM_grid_1_AutoML_6_20260420_24941_model_2,month_lag1,0.1255554123036563
2,1,0.2,GBM_grid_1_AutoML_6_20260420_24941_model_2,month_sin,0.36481355637311935
2,1,0.2,GBM_grid_1_AutoML_6_20260420_24941_model_2,month_cos,0.15085950213950125
2,1,0.2,GBM_grid_1_AutoML_6_20260420_24941_model_2,year,0.13196358818560835
2,1,0.2,XGBoost_grid_1_AutoML_6_20260420_24941_model_3,target_lag1,1.854386019334197
2,1,0.2,XGBoost_grid_1_AutoML_6_20260420_24941_model_3,target_lag2,0.34492974542430604
2,1,0.2,XGBoost_grid_1_AutoML_6_20260420_24941_model_3,target_lag3,0.23782118424773216
2,1,0.2,XGBoost_grid_1_AutoML_6_20260420_24941_model_3,target_lag4,0.09149023744277653
2,1,0.2,XGBoost_grid_1_AutoML_6_20260420_24941_model_3,target_lag5,0.10398724812082943
2,1,0.2,XGBoost_grid_1_AutoML_6_20260420_24941_model_3,target_lag6,0.13970196689915607
2,1,0.2,XGBoost_grid_1_AutoML_6_20260420_24941_model_3,cov_HULL_lag1,0.09955014778504843
2,1,0.2,XGBoost_grid_1_AutoML_6_20260420_24941_model_3,cov_MUFL_lag1,2.897708390802145
2,1,0.2,XGBoost_grid_1_AutoML_6_20260420_24941_model_3,cov_MULL_lag1,0.17474386187270283
2,1,0.2,XGBoost_grid_1_AutoML_6_20260420_24941_model_3,cov_LUFL_lag1,0.2951679565943778
2,1,0.2,XGBoost_grid_1_AutoML_6_20260420_24941_model_3,cov_LULL_lag1,0.054442613519786354
2,1,0.2,XGBoost_grid_1_AutoML_6_20260420_24941_model_3,cov_OT_lag1,0.32915307581424713
2,1,0.2,XGBoost_grid_1_AutoML_6_20260420_24941_model_3,hour_lag1,2.024332442423329
2,1,0.2,XGBoost_grid_1_AutoML_6_20260420_24941_model_3,day_of_week_lag1,0.034480174491181924
2,1,0.2,XGBoost_grid_1_AutoML_6_20260420_24941_model_3,month_lag1,0.312684818841517
2,1,0.2,XGBoost_grid_1_AutoML_6_20260420_24941_model_3,month_sin,0.2774348208494484
2,1,0.2,XGBoost_grid_1_AutoML_6_20260420_24941_model_3,month_cos,0.0702702960837632
2,1,0.2,XGBoost_grid_1_AutoML_6_20260420_24941_model_3,year,0.32666810845956207
2,1,0.2,GBM_grid_1_AutoML_6_20260420_24941_model_3,target_lag1,1.9576682354509831
2,1,0.2,GBM_grid_1_AutoML_6_20260420_24941_model_3,target_lag2,0.4414719972386956
2,1,0.2,GBM_grid_1_AutoML_6_20260420_24941_model_3,target_lag3,0.23790599878178909
2,1,0.2,GBM_grid_1_AutoML_6_20260420_24941_model_3,target_lag4,0.18776997178792953
2,1,0.2,GBM_grid_1_AutoML_6_20260420_24941_model_3,target_lag5,0.139908567238599
2,1,0.2,GBM_grid_1_AutoML_6_20260420_24941_model_3,target_lag6,0.4086451639328152
2,1,0.2,GBM_grid_1_AutoML_6_20260420_24941_model_3,cov_HULL_lag1,0.1819091607443988
2,1,0.2,GBM_grid_1_AutoML_6_20260420_24941_model_3,cov_MUFL_lag1,1.379830200895667
2,1,0.2,GBM_grid_1_AutoML_6_20260420_24941_model_3,cov_MULL_lag1,0.14687427154276517
2,1,0.2,GBM_grid_1_AutoML_6_20260420_24941_model_3,cov_LUFL_lag1,0.4031140102632344
2,1,0.2,GBM_grid_1_AutoML_6_20260420_24941_model_3,cov_LULL_lag1,0.05817981868050989
2,1,0.2,GBM_grid_1_AutoML_6_20260420_24941_model_3,cov_OT_lag1,0.15532366815954446
2,1,0.2,GBM_grid_1_AutoML_6_20260420_24941_model_3,hour_lag1,1.171322028040886
2,1,0.2,GBM_grid_1_AutoML_6_20260420_24941_model_3,day_of_week_lag1,0.027361802130180832
2,1,0.2,GBM_grid_1_AutoML_6_20260420_24941_model_3,month_lag1,0.16774249637499447
2,1,0.2,GBM_grid_1_AutoML_6_20260420_24941_model_3,month_sin,0.3202752578258514
2,1,0.2,GBM_grid_1_AutoML_6_20260420_24941_model_3,month_cos,0.10024153922509864
2,1,0.2,GBM_grid_1_AutoML_6_20260420_24941_model_3,year,0.13292769908905025
2,1,0.2,DRF_1_AutoML_6_20260420_24941,target_lag1,1.7453545301780105
2,1,0.2,DRF_1_AutoML_6_20260420_24941,target_lag2,0.5061774326115847
2,1,0.2,DRF_1_AutoML_6_20260420_24941,target_lag3,0.5217352867871523
2,1,0.2,DRF_1_AutoML_6_20260420_24941,target_lag4,0.193017154969275
2,1,0.2,DRF_1_AutoML_6_20260420_24941,target_lag5,0.1309045004210202
2,1,0.2,DRF_1_AutoML_6_20260420_24941,target_lag6,0.3179829223436536
2,1,0.2,DRF_1_AutoML_6_20260420_24941,cov_HULL_lag1,0.10877326700836416
2,1,0.2,DRF_1_AutoML_6_20260420_24941,cov_MUFL_lag1,2.3972518944740298
2,1,0.2,DRF_1_AutoML_6_20260420_24941,cov_MULL_lag1,0.10045045438688245
2,1,0.2,DRF_1_AutoML_6_20260420_24941,cov_LUFL_lag1,0.5784276868030429
2,1,0.2,DRF_1_AutoML_6_20260420_24941,cov_LULL_lag1,0.03302581681404258
2,1,0.2,DRF_1_AutoML_6_20260420_24941,cov_OT_lag1,0.12849669595714655
2,1,0.2,DRF_1_AutoML_6_20260420_24941,hour_lag1,1.199673996460624
2,1,0.2,DRF_1_AutoML_6_20260420_24941,day_of_week_lag1,0.017512884712777982
2,1,0.2,DRF_1_AutoML_6_20260420_24941,month_lag1,0.163708311188966
2,1,0.2,DRF_1_AutoML_6_20260420_24941,month_sin,0.16885851518250994
2,1,0.2,DRF_1_AutoML_6_20260420_24941,month_cos,0.08579582449048755
2,1,0.2,DRF_1_AutoML_6_20260420_24941,year,0.18536436572670936
2,1,0.2,XGBoost_grid_1_AutoML_6_20260420_24941_model_6,target_lag1,0.9064373589865863
2,1,0.2,XGBoost_grid_1_AutoML_6_20260420_24941_model_6,target_lag2,0.25689386945683507
2,1,0.2,XGBoost_grid_1_AutoML_6_20260420_24941_model_6,target_lag3,0.5502764055877924
2,1,0.2,XGBoost_grid_1_AutoML_6_20260420_24941_model_6,target_lag4,0.25253561585675927
2,1,0.2,XGBoost_grid_1_AutoML_6_20260420_24941_model_6,target_lag5,0.12424476997926828
2,1,0.2,XGBoost_grid_1_AutoML_6_20260420_24941_model_6,target_lag6,0.17859144892543552
2,1,0.2,XGBoost_grid_1_AutoML_6_20260420_24941_model_6,cov_HULL_lag1,0.20639657355844976
2,1,0.2,XGBoost_grid_1_AutoML_6_20260420_24941_model_6,cov_MUFL_lag1,3.2555414152145388
2,1,0.2,XGBoost_grid_1_AutoML_6_20260420_24941_model_6,cov_MULL_lag1,0.20320177262838116
2,1,0.2,XGBoost_grid_1_AutoML_6_20260420_24941_model_6,cov_LUFL_lag1,0.455353954071179
2,1,0.2,XGBoost_grid_1_AutoML_6_20260420_24941_model_6,cov_LULL_lag1,0.15567882913630454
2,1,0.2,XGBoost_grid_1_AutoML_6_20260420_24941_model_6,cov_OT_lag1,0.38736581752076743
2,1,0.2,XGBoost_grid_1_AutoML_6_20260420_24941_model_6,hour_lag1,1.6723051132261753
2,1,0.2,XGBoost_grid_1_AutoML_6_20260420_24941_model_6,day_of_week_lag1,0.07409150251420211
2,1,0.2,XGBoost_grid_1_AutoML_6_20260420_24941_model_6,month_lag1,0.29890835473313926
2,1,0.2,XGBoost_grid_1_AutoML_6_20260420_24941_model_6,month_sin,0.25301853463053703
2,1,0.2,XGBoost_grid_1_AutoML_6_20260420_24941_model_6,month_cos,0.11660029429942366
2,1,0.2,XGBoost_grid_1_AutoML_6_20260420_24941_model_6,year,0.5265452761203051
2,1,0.2,XRT_1_AutoML_6_20260420_24941,target_lag1,1.6571075845266316e+16
2,1,0.2,XRT_1_AutoML_6_20260420_24941,target_lag2,7078585703463790.0
2,1,0.2,XRT_1_AutoML_6_20260420_24941,target_lag3,1.0111641378993432e+16
2,1,0.2,XRT_1_AutoML_6_20260420_24941,target_lag4,1.6014395097276298e+16
2,1,0.2,XRT_1_AutoML_6_20260420_24941,target_lag5,4216.527028033584
2,1,0.2,XRT_1_AutoML_6_20260420_24941,target_lag6,1607643.1076098657
2,1,0.2,XRT_1_AutoML_6_20260420_24941,cov_HULL_lag1,3.6813671156765877e+21
2,1,0.2,XRT_1_AutoML_6_20260420_24941,cov_MUFL_lag1,1.3043072390473497e+21
2,1,0.2,XRT_1_AutoML_6_20260420_24941,cov_MULL_lag1,23969412.1746679
2,1,0.2,XRT_1_AutoML_6_20260420_24941,cov_LUFL_lag1,4.985388124731751e+21
2,1,0.2,XRT_1_AutoML_6_20260420_24941,cov_LULL_lag1,25399988.561251108
2,1,0.2,XRT_1_AutoML_6_20260420_24941,cov_OT_lag1,3077851324269828.0
2,1,0.2,XRT_1_AutoML_6_20260420_24941,hour_lag1,4.983359331925476e+21
2,1,0.2,XRT_1_AutoML_6_20260420_24941,day_of_week_lag1,4996782697709308.0
2,1,0.2,XRT_1_AutoML_6_20260420_24941,month_lag1,5127912979802764.0
2,1,0.2,XRT_1_AutoML_6_20260420_24941,month_sin,34246.04119885981
2,1,0.2,XRT_1_AutoML_6_20260420_24941,month_cos,6774.302084127665
2,1,0.2,XRT_1_AutoML_6_20260420_24941,year,2.8294968895167052e+16
2,1,0.2,XGBoost_3_AutoML_6_20260420_24941,target_lag1,1.609559836089611
2,1,0.2,XGBoost_3_AutoML_6_20260420_24941,target_lag2,0.4376393004041165
2,1,0.2,XGBoost_3_AutoML_6_20260420_24941,target_lag3,0.32663605811074375
2,1,0.2,XGBoost_3_AutoML_6_20260420_24941,target_lag4,0.15412061754614115
2,1,0.2,XGBoost_3_AutoML_6_20260420_24941,target_lag5,0.17313614153070372
2,1,0.2,XGBoost_3_AutoML_6_20260420_24941,target_lag6,0.2625664238104946
2,1,0.2,XGBoost_3_AutoML_6_20260420_24941,cov_HULL_lag1,0.08162359121255573
2,1,0.2,XGBoost_3_AutoML_6_20260420_24941,cov_MUFL_lag1,2.608680676203221
2,1,0.2,XGBoost_3_AutoML_6_20260420_24941,cov_MULL_lag1,0.18886976116336882
2,1,0.2,XGBoost_3_AutoML_6_20260420_24941,cov_LUFL_lag1,0.5158472756668925
2,1,0.2,XGBoost_3_AutoML_6_20260420_24941,cov_LULL_lag1,0.06869863226776937
2,1,0.2,XGBoost_3_AutoML_6_20260420_24941,cov_OT_lag1,0.33850518533959983
2,1,0.2,XGBoost_3_AutoML_6_20260420_24941,hour_lag1,1.6195940454304218
2,1,0.2,XGBoost_3_AutoML_6_20260420_24941,day_of_week_lag1,0.03852877265308047
2,1,0.2,XGBoost_3_AutoML_6_20260420_24941,month_lag1,0.46928319581784306
2,1,0.2,XGBoost_3_AutoML_6_20260420_24941,month_sin,0.3191395967034623
2,1,0.2,XGBoost_3_AutoML_6_20260420_24941,month_cos,0.12267645984888073
2,1,0.2,XGBoost_3_AutoML_6_20260420_24941,year,0.15727218072861432
2,1,0.2,XGBoost_grid_1_AutoML_6_20260420_24941_model_4,target_lag1,1.7893173376983031
2,1,0.2,XGBoost_grid_1_AutoML_6_20260420_24941_model_4,target_lag2,0.37363130010664464
2,1,0.2,XGBoost_grid_1_AutoML_6_20260420_24941_model_4,target_lag3,0.13945537048391995
2,1,0.2,XGBoost_grid_1_AutoML_6_20260420_24941_model_4,target_lag4,0.112640982652083
2,1,0.2,XGBoost_grid_1_AutoML_6_20260420_24941_model_4,target_lag5,0.09726776834228072
2,1,0.2,XGBoost_grid_1_AutoML_6_20260420_24941_model_4,target_lag6,0.11444210393354293
2,1,0.2,XGBoost_grid_1_AutoML_6_20260420_24941_model_4,cov_HULL_lag1,0.13523736012168225
2,1,0.2,XGBoost_grid_1_AutoML_6_20260420_24941_model_4,cov_MUFL_lag1,2.6020669043064117
2,1,0.2,XGBoost_grid_1_AutoML_6_20260420_24941_model_4,cov_MULL_lag1,0.09790472666732963
2,1,0.2,XGBoost_grid_1_AutoML_6_20260420_24941_model_4,cov_LUFL_lag1,0.19933448491618036
2,1,0.2,XGBoost_grid_1_AutoML_6_20260420_24941_model_4,cov_LULL_lag1,0.1055397526407614
2,1,0.2,XGBoost_grid_1_AutoML_6_20260420_24941_model_4,cov_OT_lag1,0.26496069415239615
2,1,0.2,XGBoost_grid_1_AutoML_6_20260420_24941_model_4,hour_lag1,1.9751980252563954
2,1,0.2,XGBoost_grid_1_AutoML_6_20260420_24941_model_4,day_of_week_lag1,0.04767856972757723
2,1,0.2,XGBoost_grid_1_AutoML_6_20260420_24941_model_4,month_lag1,0.20516172382980585
2,1,0.2,XGBoost_grid_1_AutoML_6_20260420_24941_model_4,month_sin,0.1922520373854786
2,1,0.2,XGBoost_grid_1_AutoML_6_20260420_24941_model_4,month_cos,0.152645300719887
2,1,0.2,XGBoost_grid_1_AutoML_6_20260420_24941_model_4,year,0.26605565450154245
2,1,0.2,GBM_grid_1_AutoML_6_20260420_24941_model_1,target_lag1,1.3308506428822875
2,1,0.2,GBM_grid_1_AutoML_6_20260420_24941_model_1,target_lag2,0.6436613307707012
2,1,0.2,GBM_grid_1_AutoML_6_20260420_24941_model_1,target_lag3,0.3685909682977945
2,1,0.2,GBM_grid_1_AutoML_6_20260420_24941_model_1,target_lag4,0.2772873149436782
2,1,0.2,GBM_grid_1_AutoML_6_20260420_24941_model_1,target_lag5,0.22717338285874572
2,1,0.2,GBM_grid_1_AutoML_6_20260420_24941_model_1,target_lag6,0.47662675206549465
2,1,0.2,GBM_grid_1_AutoML_6_20260420_24941_model_1,cov_HULL_lag1,0.14556778103462417
2,1,0.2,GBM_grid_1_AutoML_6_20260420_24941_model_1,cov_MUFL_lag1,1.2529380260780454
2,1,0.2,GBM_grid_1_AutoML_6_20260420_24941_model_1,cov_MULL_lag1,0.18919385344255715
2,1,0.2,GBM_grid_1_AutoML_6_20260420_24941_model_1,cov_LUFL_lag1,0.30354669619817287
2,1,0.2,GBM_grid_1_AutoML_6_20260420_24941_model_1,cov_LULL_lag1,0.10811027301286227
2,1,0.2,GBM_grid_1_AutoML_6_20260420_24941_model_1,cov_OT_lag1,0.1457053412031382
2,1,0.2,GBM_grid_1_AutoML_6_20260420_24941_model_1,hour_lag1,1.2744784867018462
2,1,0.2,GBM_grid_1_AutoML_6_20260420_24941_model_1,day_of_week_lag1,0.05411399108357722
2,1,0.2,GBM_grid_1_AutoML_6_20260420_24941_model_1,month_lag1,0.21338349182158708
2,1,0.2,GBM_grid_1_AutoML_6_20260420_24941_model_1,month_sin,0.1597010587714612
2,1,0.2,GBM_grid_1_AutoML_6_20260420_24941_model_1,month_cos,0.13185554489493367
2,1,0.2,GBM_grid_1_AutoML_6_20260420_24941_model_1,year,0.22280903125647455
2,1,0.2,XGBoost_grid_1_AutoML_6_20260420_24941_model_2,target_lag1,1.7734125535190106
2,1,0.2,XGBoost_grid_1_AutoML_6_20260420_24941_model_2,target_lag2,0.34145202371291816
2,1,0.2,XGBoost_grid_1_AutoML_6_20260420_24941_model_2,target_lag3,0.1916676955996081
2,1,0.2,XGBoost_grid_1_AutoML_6_20260420_24941_model_2,target_lag4,0.12371504739858206
2,1,0.2,XGBoost_grid_1_AutoML_6_20260420_24941_model_2,target_lag5,0.17563827777281404
2,1,0.2,XGBoost_grid_1_AutoML_6_20260420_24941_model_2,target_lag6,0.1263692266307771
2,1,0.2,XGBoost_grid_1_AutoML_6_20260420_24941_model_2,cov_HULL_lag1,0.13009783561690708
2,1,0.2,XGBoost_grid_1_AutoML_6_20260420_24941_model_2,cov_MUFL_lag1,2.4344976130127907
2,1,0.2,XGBoost_grid_1_AutoML_6_20260420_24941_model_2,cov_MULL_lag1,0.10807634202297774
2,1,0.2,XGBoost_grid_1_AutoML_6_20260420_24941_model_2,cov_LUFL_lag1,0.35748978782910856
2,1,0.2,XGBoost_grid_1_AutoML_6_20260420_24941_model_2,cov_LULL_lag1,0.06613842335063959
2,1,0.2,XGBoost_grid_1_AutoML_6_20260420_24941_model_2,cov_OT_lag1,0.2414753252780065
2,1,0.2,XGBoost_grid_1_AutoML_6_20260420_24941_model_2,hour_lag1,1.7340064060688019
2,1,0.2,XGBoost_grid_1_AutoML_6_20260420_24941_model_2,day_of_week_lag1,0.0676035726885311
2,1,0.2,XGBoost_grid_1_AutoML_6_20260420_24941_model_2,month_lag1,0.12324365505948659
2,1,0.2,XGBoost_grid_1_AutoML_6_20260420_24941_model_2,month_sin,0.2614340516400989
2,1,0.2,XGBoost_grid_1_AutoML_6_20260420_24941_model_2,month_cos,0.11015449073165652
2,1,0.2,XGBoost_grid_1_AutoML_6_20260420_24941_model_2,year,0.3628998548164964
2,1,0.2,XGBoost_1_AutoML_6_20260420_24941,target_lag1,1.9371900794655084
2,1,0.2,XGBoost_1_AutoML_6_20260420_24941,target_lag2,0.25522904028184706
2,1,0.2,XGBoost_1_AutoML_6_20260420_24941,target_lag3,0.2129767199791968
2,1,0.2,XGBoost_1_AutoML_6_20260420_24941,target_lag4,0.20423358328640462
2,1,0.2,XGBoost_1_AutoML_6_20260420_24941,target_lag5,0.1547200016956776
2,1,0.2,XGBoost_1_AutoML_6_20260420_24941,target_lag6,0.16896650675684213
2,1,0.2,XGBoost_1_AutoML_6_20260420_24941,cov_HULL_lag1,0.213054611235857
2,1,0.2,XGBoost_1_AutoML_6_20260420_24941,cov_MUFL_lag1,2.584292769432068
2,1,0.2,XGBoost_1_AutoML_6_20260420_24941,cov_MULL_lag1,0.2133709165081382
2,1,0.2,XGBoost_1_AutoML_6_20260420_24941,cov_LUFL_lag1,0.3876176776830107
2,1,0.2,XGBoost_1_AutoML_6_20260420_24941,cov_LULL_lag1,0.1641829802491702
2,1,0.2,XGBoost_1_AutoML_6_20260420_24941,cov_OT_lag1,0.2986205098871142
2,1,0.2,XGBoost_1_AutoML_6_20260420_24941,hour_lag1,1.7788937256485224
2,1,0.2,XGBoost_1_AutoML_6_20260420_24941,day_of_week_lag1,0.07121817530132826
2,1,0.2,XGBoost_1_AutoML_6_20260420_24941,month_lag1,0.2260014919936657
2,1,0.2,XGBoost_1_AutoML_6_20260420_24941,month_sin,0.32130945337470623
2,1,0.2,XGBoost_1_AutoML_6_20260420_24941,month_cos,0.10209805809892711
2,1,0.2,XGBoost_1_AutoML_6_20260420_24941,year,0.12438415459706445
2,1,0.2,XGBoost_grid_1_AutoML_6_20260420_24941_model_1,target_lag1,1.334999418705702
2,1,0.2,XGBoost_grid_1_AutoML_6_20260420_24941_model_1,target_lag2,0.2666628292854875
2,1,0.2,XGBoost_grid_1_AutoML_6_20260420_24941_model_1,target_lag3,0.20830442728474735
2,1,0.2,XGBoost_grid_1_AutoML_6_20260420_24941_model_1,target_lag4,0.19224131691502408
2,1,0.2,XGBoost_grid_1_AutoML_6_20260420_24941_model_1,target_lag5,0.1356772722303867
2,1,0.2,XGBoost_grid_1_AutoML_6_20260420_24941_model_1,target_lag6,0.2456936444249004
2,1,0.2,XGBoost_grid_1_AutoML_6_20260420_24941_model_1,cov_HULL_lag1,0.15437602961435912
2,1,0.2,XGBoost_grid_1_AutoML_6_20260420_24941_model_1,cov_MUFL_lag1,3.1236281652748583
2,1,0.2,XGBoost_grid_1_AutoML_6_20260420_24941_model_1,cov_MULL_lag1,0.21746258662082255
2,1,0.2,XGBoost_grid_1_AutoML_6_20260420_24941_model_1,cov_LUFL_lag1,0.49515227920142935
2,1,0.2,XGBoost_grid_1_AutoML_6_20260420_24941_model_1,cov_LULL_lag1,0.099067039033398
2,1,0.2,XGBoost_grid_1_AutoML_6_20260420_24941_model_1,cov_OT_lag1,0.47139300654642285
2,1,0.2,XGBoost_grid_1_AutoML_6_20260420_24941_model_1,hour_lag1,1.799735300205648
2,1,0.2,XGBoost_grid_1_AutoML_6_20260420_24941_model_1,day_of_week_lag1,0.06180035990197208
2,1,0.2,XGBoost_grid_1_AutoML_6_20260420_24941_model_1,month_lag1,0.3418751341686584
2,1,0.2,XGBoost_grid_1_AutoML_6_20260420_24941_model_1,month_sin,0.2684097831323743
2,1,0.2,XGBoost_grid_1_AutoML_6_20260420_24941_model_1,month_cos,0.08175120506100936
2,1,0.2,XGBoost_grid_1_AutoML_6_20260420_24941_model_1,year,0.23834627317264676
2,1,0.2,XGBoost_2_AutoML_6_20260420_24941,target_lag1,3.164910136163235
2,1,0.2,XGBoost_2_AutoML_6_20260420_24941,target_lag2,0.39563196785748006
2,1,0.2,XGBoost_2_AutoML_6_20260420_24941,target_lag3,0.22582936014048755
2,1,0.2,XGBoost_2_AutoML_6_20260420_24941,target_lag4,0.20530108737759292
2,1,0.2,XGBoost_2_AutoML_6_20260420_24941,target_lag5,0.1680711488239467
2,1,0.2,XGBoost_2_AutoML_6_20260420_24941,target_lag6,0.2219548028567806
2,1,0.2,XGBoost_2_AutoML_6_20260420_24941,cov_HULL_lag1,0.21115541744977237
2,1,0.2,XGBoost_2_AutoML_6_20260420_24941,cov_MUFL_lag1,1.3347357341647148
2,1,0.2,XGBoost_2_AutoML_6_20260420_24941,cov_MULL_lag1,0.21724645835347473
2,1,0.2,XGBoost_2_AutoML_6_20260420_24941,cov_LUFL_lag1,0.29986097060609607
2,1,0.2,XGBoost_2_AutoML_6_20260420_24941,cov_LULL_lag1,0.13631806809455152
2,1,0.2,XGBoost_2_AutoML_6_20260420_24941,cov_OT_lag1,0.37050668195239267
2,1,0.2,XGBoost_2_AutoML_6_20260420_24941,hour_lag1,1.7992357815802098
2,1,0.2,XGBoost_2_AutoML_6_20260420_24941,day_of_week_lag1,0.0723583102622069
2,1,0.2,XGBoost_2_AutoML_6_20260420_24941,month_lag1,0.17827918384457003
2,1,0.2,XGBoost_2_AutoML_6_20260420_24941,month_sin,0.35179536864277905
2,1,0.2,XGBoost_2_AutoML_6_20260420_24941,month_cos,0.10545842450112101
2,1,0.2,XGBoost_2_AutoML_6_20260420_24941,year,0.5104636514559389
2,1,0.2,XGBoost_grid_1_AutoML_6_20260420_24941_model_5,target_lag1,2.652561043649912
2,1,0.2,XGBoost_grid_1_AutoML_6_20260420_24941_model_5,target_lag2,0.7214601783920079
2,1,0.2,XGBoost_grid_1_AutoML_6_20260420_24941_model_5,target_lag3,0.25079236324876547
2,1,0.2,XGBoost_grid_1_AutoML_6_20260420_24941_model_5,target_lag4,0.3099750028178096
2,1,0.2,XGBoost_grid_1_AutoML_6_20260420_24941_model_5,target_lag5,0.1475835047033615
2,1,0.2,XGBoost_grid_1_AutoML_6_20260420_24941_model_5,target_lag6,0.5974763219058513
2,1,0.2,XGBoost_grid_1_AutoML_6_20260420_24941_model_5,cov_HULL_lag1,0.40558345465920864
2,1,0.2,XGBoost_grid_1_AutoML_6_20260420_24941_model_5,cov_MUFL_lag1,1.1748263680934905
2,1,0.2,XGBoost_grid_1_AutoML_6_20260420_24941_model_5,cov_MULL_lag1,0.18050276327878237
2,1,0.2,XGBoost_grid_1_AutoML_6_20260420_24941_model_5,cov_LUFL_lag1,0.47075538196600974
2,1,0.2,XGBoost_grid_1_AutoML_6_20260420_24941_model_5,cov_LULL_lag1,0.14345858697779473
2,1,0.2,XGBoost_grid_1_AutoML_6_20260420_24941_model_5,cov_OT_lag1,0.5360472752526403
2,1,0.2,XGBoost_grid_1_AutoML_6_20260420_24941_model_5,hour_lag1,1.2871232118457556
2,1,0.2,XGBoost_grid_1_AutoML_6_20260420_24941_model_5,day_of_week_lag1,0.10092582190292884
2,1,0.2,XGBoost_grid_1_AutoML_6_20260420_24941_model_5,month_lag1,0.3490483810193837
2,1,0.2,XGBoost_grid_1_AutoML_6_20260420_24941_model_5,month_sin,0.5536465563159436
2,1,0.2,XGBoost_grid_1_AutoML_6_20260420_24941_model_5,month_cos,0.1726562235597521
2,1,0.2,XGBoost_grid_1_AutoML_6_20260420_24941_model_5,year,0.2810160576738417
2,1,0.3,GBM_3_AutoML_6_20260420_24941,target_lag1,1.720059154778719
2,1,0.3,GBM_3_AutoML_6_20260420_24941,target_lag2,0.3639682154986076
2,1,0.3,GBM_3_AutoML_6_20260420_24941,target_lag3,0.12192476499825712
2,1,0.3,GBM_3_AutoML_6_20260420_24941,target_lag4,0.1359159239940345
2,1,0.3,GBM_3_AutoML_6_20260420_24941,target_lag5,0.0821189399482682
2,1,0.3,GBM_3_AutoML_6_20260420_24941,target_lag6,0.2837996705621481
2,1,0.3,GBM_3_AutoML_6_20260420_24941,cov_HULL_lag1,0.1201259987428784
2,1,0.3,GBM_3_AutoML_6_20260420_24941,cov_MUFL_lag1,2.4268547711521387
2,1,0.3,GBM_3_AutoML_6_20260420_24941,cov_MULL_lag1,0.13350863082800057
2,1,0.3,GBM_3_AutoML_6_20260420_24941,cov_LUFL_lag1,0.2659816110786051
2,1,0.3,GBM_3_AutoML_6_20260420_24941,cov_LULL_lag1,0.056673191066365654
2,1,0.3,GBM_3_AutoML_6_20260420_24941,cov_OT_lag1,0.19509261074941606
2,1,0.3,GBM_3_AutoML_6_20260420_24941,hour_lag1,1.6210504250938538
2,1,0.3,GBM_3_AutoML_6_20260420_24941,day_of_week_lag1,0.03780016493983562
2,1,0.3,GBM_3_AutoML_6_20260420_24941,month_lag1,0.18705601058900356
2,1,0.3,GBM_3_AutoML_6_20260420_24941,month_sin,0.2675022341962904
2,1,0.3,GBM_3_AutoML_6_20260420_24941,month_cos,0.1294279936701059
2,1,0.3,GBM_3_AutoML_6_20260420_24941,year,0.2527765937347431
2,1,0.3,GBM_2_AutoML_6_20260420_24941,target_lag1,2.1528335322812198
2,1,0.3,GBM_2_AutoML_6_20260420_24941,target_lag2,0.41321039136499166
2,1,0.3,GBM_2_AutoML_6_20260420_24941,target_lag3,0.11228097208775577
2,1,0.3,GBM_2_AutoML_6_20260420_24941,target_lag4,0.1436829644534737
2,1,0.3,GBM_2_AutoML_6_20260420_24941,target_lag5,0.18670100279152393
2,1,0.3,GBM_2_AutoML_6_20260420_24941,target_lag6,0.24461582964286205
2,1,0.3,GBM_2_AutoML_6_20260420_24941,cov_HULL_lag1,0.12857039500726386
2,1,0.3,GBM_2_AutoML_6_20260420_24941,cov_MUFL_lag1,2.0148619168996813
2,1,0.3,GBM_2_AutoML_6_20260420_24941,cov_MULL_lag1,0.1645257491804659
2,1,0.3,GBM_2_AutoML_6_20260420_24941,cov_LUFL_lag1,0.245015416755341
2,1,0.3,GBM_2_AutoML_6_20260420_24941,cov_LULL_lag1,0.045331560166086964
2,1,0.3,GBM_2_AutoML_6_20260420_24941,cov_OT_lag1,0.1967508988454938
2,1,0.3,GBM_2_AutoML_6_20260420_24941,hour_lag1,1.6290464753471314
2,1,0.3,GBM_2_AutoML_6_20260420_24941,day_of_week_lag1,0.029144997019320686
2,1,0.3,GBM_2_AutoML_6_20260420_24941,month_lag1,0.21525587838143107
2,1,0.3,GBM_2_AutoML_6_20260420_24941,month_sin,0.28261276878416536
2,1,0.3,GBM_2_AutoML_6_20260420_24941,month_cos,0.12256264155730602
2,1,0.3,GBM_2_AutoML_6_20260420_24941,year,0.19147169346688314
2,1,0.3,GBM_4_AutoML_6_20260420_24941,target_lag1,1.6894067718274892
2,1,0.3,GBM_4_AutoML_6_20260420_24941,target_lag2,0.3365772039350122
2,1,0.3,GBM_4_AutoML_6_20260420_24941,target_lag3,0.12957879256457086
2,1,0.3,GBM_4_AutoML_6_20260420_24941,target_lag4,0.11251244198530909
2,1,0.3,GBM_4_AutoML_6_20260420_24941,target_lag5,0.1077707706490764
2,1,0.3,GBM_4_AutoML_6_20260420_24941,target_lag6,0.2507156918896362
2,1,0.3,GBM_4_AutoML_6_20260420_24941,cov_HULL_lag1,0.12489959347993132
2,1,0.3,GBM_4_AutoML_6_20260420_24941,cov_MUFL_lag1,2.5496886029839514
2,1,0.3,GBM_4_AutoML_6_20260420_24941,cov_MULL_lag1,0.1411907985527068
2,1,0.3,GBM_4_AutoML_6_20260420_24941,cov_LUFL_lag1,0.35503629894927147
2,1,0.3,GBM_4_AutoML_6_20260420_24941,cov_LULL_lag1,0.06770519172074269
2,1,0.3,GBM_4_AutoML_6_20260420_24941,cov_OT_lag1,0.16755711236968632
2,1,0.3,GBM_4_AutoML_6_20260420_24941,hour_lag1,1.6134872550610453
2,1,0.3,GBM_4_AutoML_6_20260420_24941,day_of_week_lag1,0.03534254201222207
2,1,0.3,GBM_4_AutoML_6_20260420_24941,month_lag1,0.20427512861788272
2,1,0.3,GBM_4_AutoML_6_20260420_24941,month_sin,0.24278496699407698
2,1,0.3,GBM_4_AutoML_6_20260420_24941,month_cos,0.08030605246312911
2,1,0.3,GBM_4_AutoML_6_20260420_24941,year,0.22021376018645242
2,1,0.3,GBM_1_AutoML_6_20260420_24941,target_lag1,2.80212874405086
2,1,0.3,GBM_1_AutoML_6_20260420_24941,target_lag2,0.17657638744451107
2,1,0.3,GBM_1_AutoML_6_20260420_24941,target_lag3,0.1417401562258601
2,1,0.3,GBM_1_AutoML_6_20260420_24941,target_lag4,0.15353957424173129
2,1,0.3,GBM_1_AutoML_6_20260420_24941,target_lag5,0.09499239638797004
2,1,0.3,GBM_1_AutoML_6_20260420_24941,target_lag6,0.23638385926373304
2,1,0.3,GBM_1_AutoML_6_20260420_24941,cov_HULL_lag1,0.06674032753799106
2,1,0.3,GBM_1_AutoML_6_20260420_24941,cov_MUFL_lag1,1.5932804284244775
2,1,0.3,GBM_1_AutoML_6_20260420_24941,cov_MULL_lag1,0.1001021635229699
2,1,0.3,GBM_1_AutoML_6_20260420_24941,cov_LUFL_lag1,0.3474044409580529
2,1,0.3,GBM_1_AutoML_6_20260420_24941,cov_LULL_lag1,0.031888459033798375
2,1,0.3,GBM_1_AutoML_6_20260420_24941,cov_OT_lag1,0.13033273118548092
2,1,0.3,GBM_1_AutoML_6_20260420_24941,hour_lag1,1.625039397329092
2,1,0.3,GBM_1_AutoML_6_20260420_24941,day_of_week_lag1,0.02162751942698373
2,1,0.3,GBM_1_AutoML_6_20260420_24941,month_lag1,0.161690681874752
2,1,0.3,GBM_1_AutoML_6_20260420_24941,month_sin,0.24800848746672272
2,1,0.3,GBM_1_AutoML_6_20260420_24941,month_cos,0.16348054249770935
2,1,0.3,GBM_1_AutoML_6_20260420_24941,year,0.1309981593652628
2,1,0.3,GBM_5_AutoML_6_20260420_24941,target_lag1,1.7137202205229551
2,1,0.3,GBM_5_AutoML_6_20260420_24941,target_lag2,0.24394236156716942
2,1,0.3,GBM_5_AutoML_6_20260420_24941,target_lag3,0.1691589312488213
2,1,0.3,GBM_5_AutoML_6_20260420_24941,target_lag4,0.15615396641194818
2,1,0.3,GBM_5_AutoML_6_20260420_24941,target_lag5,0.08557195253670212
2,1,0.3,GBM_5_AutoML_6_20260420_24941,target_lag6,0.12614273172148383
2,1,0.3,GBM_5_AutoML_6_20260420_24941,cov_HULL_lag1,0.17795660205185412
2,1,0.3,GBM_5_AutoML_6_20260420_24941,cov_MUFL_lag1,2.436023153066635
2,1,0.3,GBM_5_AutoML_6_20260420_24941,cov_MULL_lag1,0.13759855885640715
2,1,0.3,GBM_5_AutoML_6_20260420_24941,cov_LUFL_lag1,0.3147414740850218
2,1,0.3,GBM_5_AutoML_6_20260420_24941,cov_LULL_lag1,0.049217351569095576
2,1,0.3,GBM_5_AutoML_6_20260420_24941,cov_OT_lag1,0.21074417467229067
2,1,0.3,GBM_5_AutoML_6_20260420_24941,hour_lag1,1.6997684098407626
2,1,0.3,GBM_5_AutoML_6_20260420_24941,day_of_week_lag1,0.02915312328608701
2,1,0.3,GBM_5_AutoML_6_20260420_24941,month_lag1,0.25190367359668014
2,1,0.3,GBM_5_AutoML_6_20260420_24941,month_sin,0.2995177729660645
2,1,0.3,GBM_5_AutoML_6_20260420_24941,month_cos,0.09692759307858065
2,1,0.3,GBM_5_AutoML_6_20260420_24941,year,0.2268532976973802
2,1,0.3,GBM_grid_1_AutoML_6_20260420_24941_model_2,target_lag1,2.0787257643043997
2,1,0.3,GBM_grid_1_AutoML_6_20260420_24941_model_2,target_lag2,0.38451844489667564
2,1,0.3,GBM_grid_1_AutoML_6_20260420_24941_model_2,target_lag3,0.09442020511487495
2,1,0.3,GBM_grid_1_AutoML_6_20260420_24941_model_2,target_lag4,0.16649459858657792
2,1,0.3,GBM_grid_1_AutoML_6_20260420_24941_model_2,target_lag5,0.060278731708822274
2,1,0.3,GBM_grid_1_AutoML_6_20260420_24941_model_2,target_lag6,0.2734340936690569
2,1,0.3,GBM_grid_1_AutoML_6_20260420_24941_model_2,cov_HULL_lag1,0.15637470364570613
2,1,0.3,GBM_grid_1_AutoML_6_20260420_24941_model_2,cov_MUFL_lag1,1.9802400542423129
2,1,0.3,GBM_grid_1_AutoML_6_20260420_24941_model_2,cov_MULL_lag1,0.07666460843756791
2,1,0.3,GBM_grid_1_AutoML_6_20260420_24941_model_2,cov_LUFL_lag1,0.3034792779199779
2,1,0.3,GBM_grid_1_AutoML_6_20260420_24941_model_2,cov_LULL_lag1,0.023807424867409242
2,1,0.3,GBM_grid_1_AutoML_6_20260420_24941_model_2,cov_OT_lag1,0.11122149361297484
2,1,0.3,GBM_grid_1_AutoML_6_20260420_24941_model_2,hour_lag1,1.5987170743755996
2,1,0.3,GBM_grid_1_AutoML_6_20260420_24941_model_2,day_of_week_lag1,0.003542401352965479
2,1,0.3,GBM_grid_1_AutoML_6_20260420_24941_model_2,month_lag1,0.1255554123036563
2,1,0.3,GBM_grid_1_AutoML_6_20260420_24941_model_2,month_sin,0.36481355637311935
2,1,0.3,GBM_grid_1_AutoML_6_20260420_24941_model_2,month_cos,0.15085950213950125
2,1,0.3,GBM_grid_1_AutoML_6_20260420_24941_model_2,year,0.13196358818560835
2,1,0.3,XGBoost_grid_1_AutoML_6_20260420_24941_model_3,target_lag1,1.854386019334197
2,1,0.3,XGBoost_grid_1_AutoML_6_20260420_24941_model_3,target_lag2,0.34492974542430604
2,1,0.3,XGBoost_grid_1_AutoML_6_20260420_24941_model_3,target_lag3,0.23782118424773216
2,1,0.3,XGBoost_grid_1_AutoML_6_20260420_24941_model_3,target_lag4,0.09149023744277653
2,1,0.3,XGBoost_grid_1_AutoML_6_20260420_24941_model_3,target_lag5,0.10398724812082943
2,1,0.3,XGBoost_grid_1_AutoML_6_20260420_24941_model_3,target_lag6,0.13970196689915607
2,1,0.3,XGBoost_grid_1_AutoML_6_20260420_24941_model_3,cov_HULL_lag1,0.09955014778504843
2,1,0.3,XGBoost_grid_1_AutoML_6_20260420_24941_model_3,cov_MUFL_lag1,2.897708390802145
2,1,0.3,XGBoost_grid_1_AutoML_6_20260420_24941_model_3,cov_MULL_lag1,0.17474386187270283
2,1,0.3,XGBoost_grid_1_AutoML_6_20260420_24941_model_3,cov_LUFL_lag1,0.2951679565943778
2,1,0.3,XGBoost_grid_1_AutoML_6_20260420_24941_model_3,cov_LULL_lag1,0.054442613519786354
2,1,0.3,XGBoost_grid_1_AutoML_6_20260420_24941_model_3,cov_OT_lag1,0.32915307581424713
2,1,0.3,XGBoost_grid_1_AutoML_6_20260420_24941_model_3,hour_lag1,2.024332442423329
2,1,0.3,XGBoost_grid_1_AutoML_6_20260420_24941_model_3,day_of_week_lag1,0.034480174491181924
2,1,0.3,XGBoost_grid_1_AutoML_6_20260420_24941_model_3,month_lag1,0.312684818841517
2,1,0.3,XGBoost_grid_1_AutoML_6_20260420_24941_model_3,month_sin,0.2774348208494484
2,1,0.3,XGBoost_grid_1_AutoML_6_20260420_24941_model_3,month_cos,0.0702702960837632
2,1,0.3,XGBoost_grid_1_AutoML_6_20260420_24941_model_3,year,0.32666810845956207
2,1,0.3,GBM_grid_1_AutoML_6_20260420_24941_model_3,target_lag1,1.9576682354509831
2,1,0.3,GBM_grid_1_AutoML_6_20260420_24941_model_3,target_lag2,0.4414719972386956
2,1,0.3,GBM_grid_1_AutoML_6_20260420_24941_model_3,target_lag3,0.23790599878178909
2,1,0.3,GBM_grid_1_AutoML_6_20260420_24941_model_3,target_lag4,0.18776997178792953
2,1,0.3,GBM_grid_1_AutoML_6_20260420_24941_model_3,target_lag5,0.139908567238599
2,1,0.3,GBM_grid_1_AutoML_6_20260420_24941_model_3,target_lag6,0.4086451639328152
2,1,0.3,GBM_grid_1_AutoML_6_20260420_24941_model_3,cov_HULL_lag1,0.1819091607443988
2,1,0.3,GBM_grid_1_AutoML_6_20260420_24941_model_3,cov_MUFL_lag1,1.379830200895667
2,1,0.3,GBM_grid_1_AutoML_6_20260420_24941_model_3,cov_MULL_lag1,0.14687427154276517
2,1,0.3,GBM_grid_1_AutoML_6_20260420_24941_model_3,cov_LUFL_lag1,0.4031140102632344
2,1,0.3,GBM_grid_1_AutoML_6_20260420_24941_model_3,cov_LULL_lag1,0.05817981868050989
2,1,0.3,GBM_grid_1_AutoML_6_20260420_24941_model_3,cov_OT_lag1,0.15532366815954446
2,1,0.3,GBM_grid_1_AutoML_6_20260420_24941_model_3,hour_lag1,1.171322028040886
2,1,0.3,GBM_grid_1_AutoML_6_20260420_24941_model_3,day_of_week_lag1,0.027361802130180832
2,1,0.3,GBM_grid_1_AutoML_6_20260420_24941_model_3,month_lag1,0.16774249637499447
2,1,0.3,GBM_grid_1_AutoML_6_20260420_24941_model_3,month_sin,0.3202752578258514
2,1,0.3,GBM_grid_1_AutoML_6_20260420_24941_model_3,month_cos,0.10024153922509864
2,1,0.3,GBM_grid_1_AutoML_6_20260420_24941_model_3,year,0.13292769908905025
2,1,0.3,DRF_1_AutoML_6_20260420_24941,target_lag1,1.7453545301780105
2,1,0.3,DRF_1_AutoML_6_20260420_24941,target_lag2,0.5061774326115847
2,1,0.3,DRF_1_AutoML_6_20260420_24941,target_lag3,0.5217352867871523
2,1,0.3,DRF_1_AutoML_6_20260420_24941,target_lag4,0.193017154969275
2,1,0.3,DRF_1_AutoML_6_20260420_24941,target_lag5,0.1309045004210202
2,1,0.3,DRF_1_AutoML_6_20260420_24941,target_lag6,0.3179829223436536
2,1,0.3,DRF_1_AutoML_6_20260420_24941,cov_HULL_lag1,0.10877326700836416
2,1,0.3,DRF_1_AutoML_6_20260420_24941,cov_MUFL_lag1,2.3972518944740298
2,1,0.3,DRF_1_AutoML_6_20260420_24941,cov_MULL_lag1,0.10045045438688245
2,1,0.3,DRF_1_AutoML_6_20260420_24941,cov_LUFL_lag1,0.5784276868030429
2,1,0.3,DRF_1_AutoML_6_20260420_24941,cov_LULL_lag1,0.03302581681404258
2,1,0.3,DRF_1_AutoML_6_20260420_24941,cov_OT_lag1,0.12849669595714655
2,1,0.3,DRF_1_AutoML_6_20260420_24941,hour_lag1,1.199673996460624
2,1,0.3,DRF_1_AutoML_6_20260420_24941,day_of_week_lag1,0.017512884712777982
2,1,0.3,DRF_1_AutoML_6_20260420_24941,month_lag1,0.163708311188966
2,1,0.3,DRF_1_AutoML_6_20260420_24941,month_sin,0.16885851518250994
2,1,0.3,DRF_1_AutoML_6_20260420_24941,month_cos,0.08579582449048755
2,1,0.3,DRF_1_AutoML_6_20260420_24941,year,0.18536436572670936
2,1,0.3,XGBoost_grid_1_AutoML_6_20260420_24941_model_6,target_lag1,0.9064373589865863
2,1,0.3,XGBoost_grid_1_AutoML_6_20260420_24941_model_6,target_lag2,0.25689386945683507
2,1,0.3,XGBoost_grid_1_AutoML_6_20260420_24941_model_6,target_lag3,0.5502764055877924
2,1,0.3,XGBoost_grid_1_AutoML_6_20260420_24941_model_6,target_lag4,0.25253561585675927
2,1,0.3,XGBoost_grid_1_AutoML_6_20260420_24941_model_6,target_lag5,0.12424476997926828
2,1,0.3,XGBoost_grid_1_AutoML_6_20260420_24941_model_6,target_lag6,0.17859144892543552
2,1,0.3,XGBoost_grid_1_AutoML_6_20260420_24941_model_6,cov_HULL_lag1,0.20639657355844976
2,1,0.3,XGBoost_grid_1_AutoML_6_20260420_24941_model_6,cov_MUFL_lag1,3.2555414152145388
2,1,0.3,XGBoost_grid_1_AutoML_6_20260420_24941_model_6,cov_MULL_lag1,0.20320177262838116
2,1,0.3,XGBoost_grid_1_AutoML_6_20260420_24941_model_6,cov_LUFL_lag1,0.455353954071179
2,1,0.3,XGBoost_grid_1_AutoML_6_20260420_24941_model_6,cov_LULL_lag1,0.15567882913630454
2,1,0.3,XGBoost_grid_1_AutoML_6_20260420_24941_model_6,cov_OT_lag1,0.38736581752076743
2,1,0.3,XGBoost_grid_1_AutoML_6_20260420_24941_model_6,hour_lag1,1.6723051132261753
2,1,0.3,XGBoost_grid_1_AutoML_6_20260420_24941_model_6,day_of_week_lag1,0.07409150251420211
2,1,0.3,XGBoost_grid_1_AutoML_6_20260420_24941_model_6,month_lag1,0.29890835473313926
2,1,0.3,XGBoost_grid_1_AutoML_6_20260420_24941_model_6,month_sin,0.25301853463053703
2,1,0.3,XGBoost_grid_1_AutoML_6_20260420_24941_model_6,month_cos,0.11660029429942366
2,1,0.3,XGBoost_grid_1_AutoML_6_20260420_24941_model_6,year,0.5265452761203051
2,1,0.3,XRT_1_AutoML_6_20260420_24941,target_lag1,1.6571075845266316e+16
2,1,0.3,XRT_1_AutoML_6_20260420_24941,target_lag2,7078585703463790.0
2,1,0.3,XRT_1_AutoML_6_20260420_24941,target_lag3,1.0111641378993432e+16
2,1,0.3,XRT_1_AutoML_6_20260420_24941,target_lag4,1.6014395097276298e+16
2,1,0.3,XRT_1_AutoML_6_20260420_24941,target_lag5,4216.527028033584
2,1,0.3,XRT_1_AutoML_6_20260420_24941,target_lag6,1607643.1076098657
2,1,0.3,XRT_1_AutoML_6_20260420_24941,cov_HULL_lag1,3.6813671156765877e+21
2,1,0.3,XRT_1_AutoML_6_20260420_24941,cov_MUFL_lag1,1.3043072390473497e+21
2,1,0.3,XRT_1_AutoML_6_20260420_24941,cov_MULL_lag1,23969412.1746679
2,1,0.3,XRT_1_AutoML_6_20260420_24941,cov_LUFL_lag1,4.985388124731751e+21
2,1,0.3,XRT_1_AutoML_6_20260420_24941,cov_LULL_lag1,25399988.561251108
2,1,0.3,XRT_1_AutoML_6_20260420_24941,cov_OT_lag1,3077851324269828.0
2,1,0.3,XRT_1_AutoML_6_20260420_24941,hour_lag1,4.983359331925476e+21
2,1,0.3,XRT_1_AutoML_6_20260420_24941,day_of_week_lag1,4996782697709308.0
2,1,0.3,XRT_1_AutoML_6_20260420_24941,month_lag1,5127912979802764.0
2,1,0.3,XRT_1_AutoML_6_20260420_24941,month_sin,34246.04119885981
2,1,0.3,XRT_1_AutoML_6_20260420_24941,month_cos,6774.302084127665
2,1,0.3,XRT_1_AutoML_6_20260420_24941,year,2.8294968895167052e+16
2,1,0.3,XGBoost_3_AutoML_6_20260420_24941,target_lag1,1.609559836089611
2,1,0.3,XGBoost_3_AutoML_6_20260420_24941,target_lag2,0.4376393004041165
2,1,0.3,XGBoost_3_AutoML_6_20260420_24941,target_lag3,0.32663605811074375
2,1,0.3,XGBoost_3_AutoML_6_20260420_24941,target_lag4,0.15412061754614115
2,1,0.3,XGBoost_3_AutoML_6_20260420_24941,target_lag5,0.17313614153070372
2,1,0.3,XGBoost_3_AutoML_6_20260420_24941,target_lag6,0.2625664238104946
2,1,0.3,XGBoost_3_AutoML_6_20260420_24941,cov_HULL_lag1,0.08162359121255573
2,1,0.3,XGBoost_3_AutoML_6_20260420_24941,cov_MUFL_lag1,2.608680676203221
2,1,0.3,XGBoost_3_AutoML_6_20260420_24941,cov_MULL_lag1,0.18886976116336882
2,1,0.3,XGBoost_3_AutoML_6_20260420_24941,cov_LUFL_lag1,0.5158472756668925
2,1,0.3,XGBoost_3_AutoML_6_20260420_24941,cov_LULL_lag1,0.06869863226776937
2,1,0.3,XGBoost_3_AutoML_6_20260420_24941,cov_OT_lag1,0.33850518533959983
2,1,0.3,XGBoost_3_AutoML_6_20260420_24941,hour_lag1,1.6195940454304218
2,1,0.3,XGBoost_3_AutoML_6_20260420_24941,day_of_week_lag1,0.03852877265308047
2,1,0.3,XGBoost_3_AutoML_6_20260420_24941,month_lag1,0.46928319581784306
2,1,0.3,XGBoost_3_AutoML_6_20260420_24941,month_sin,0.3191395967034623
2,1,0.3,XGBoost_3_AutoML_6_20260420_24941,month_cos,0.12267645984888073
2,1,0.3,XGBoost_3_AutoML_6_20260420_24941,year,0.15727218072861432
2,1,0.3,XGBoost_grid_1_AutoML_6_20260420_24941_model_4,target_lag1,1.7893173376983031
2,1,0.3,XGBoost_grid_1_AutoML_6_20260420_24941_model_4,target_lag2,0.37363130010664464
2,1,0.3,XGBoost_grid_1_AutoML_6_20260420_24941_model_4,target_lag3,0.13945537048391995
2,1,0.3,XGBoost_grid_1_AutoML_6_20260420_24941_model_4,target_lag4,0.112640982652083
2,1,0.3,XGBoost_grid_1_AutoML_6_20260420_24941_model_4,target_lag5,0.09726776834228072
2,1,0.3,XGBoost_grid_1_AutoML_6_20260420_24941_model_4,target_lag6,0.11444210393354293
2,1,0.3,XGBoost_grid_1_AutoML_6_20260420_24941_model_4,cov_HULL_lag1,0.13523736012168225
2,1,0.3,XGBoost_grid_1_AutoML_6_20260420_24941_model_4,cov_MUFL_lag1,2.6020669043064117
2,1,0.3,XGBoost_grid_1_AutoML_6_20260420_24941_model_4,cov_MULL_lag1,0.09790472666732963
2,1,0.3,XGBoost_grid_1_AutoML_6_20260420_24941_model_4,cov_LUFL_lag1,0.19933448491618036
2,1,0.3,XGBoost_grid_1_AutoML_6_20260420_24941_model_4,cov_LULL_lag1,0.1055397526407614
2,1,0.3,XGBoost_grid_1_AutoML_6_20260420_24941_model_4,cov_OT_lag1,0.26496069415239615
2,1,0.3,XGBoost_grid_1_AutoML_6_20260420_24941_model_4,hour_lag1,1.9751980252563954
2,1,0.3,XGBoost_grid_1_AutoML_6_20260420_24941_model_4,day_of_week_lag1,0.04767856972757723
2,1,0.3,XGBoost_grid_1_AutoML_6_20260420_24941_model_4,month_lag1,0.20516172382980585
2,1,0.3,XGBoost_grid_1_AutoML_6_20260420_24941_model_4,month_sin,0.1922520373854786
2,1,0.3,XGBoost_grid_1_AutoML_6_20260420_24941_model_4,month_cos,0.152645300719887
2,1,0.3,XGBoost_grid_1_AutoML_6_20260420_24941_model_4,year,0.26605565450154245
2,1,0.3,GBM_grid_1_AutoML_6_20260420_24941_model_1,target_lag1,1.3308506428822875
2,1,0.3,GBM_grid_1_AutoML_6_20260420_24941_model_1,target_lag2,0.6436613307707012
2,1,0.3,GBM_grid_1_AutoML_6_20260420_24941_model_1,target_lag3,0.3685909682977945
2,1,0.3,GBM_grid_1_AutoML_6_20260420_24941_model_1,target_lag4,0.2772873149436782
2,1,0.3,GBM_grid_1_AutoML_6_20260420_24941_model_1,target_lag5,0.22717338285874572
2,1,0.3,GBM_grid_1_AutoML_6_20260420_24941_model_1,target_lag6,0.47662675206549465
2,1,0.3,GBM_grid_1_AutoML_6_20260420_24941_model_1,cov_HULL_lag1,0.14556778103462417
2,1,0.3,GBM_grid_1_AutoML_6_20260420_24941_model_1,cov_MUFL_lag1,1.2529380260780454
2,1,0.3,GBM_grid_1_AutoML_6_20260420_24941_model_1,cov_MULL_lag1,0.18919385344255715
2,1,0.3,GBM_grid_1_AutoML_6_20260420_24941_model_1,cov_LUFL_lag1,0.30354669619817287
2,1,0.3,GBM_grid_1_AutoML_6_20260420_24941_model_1,cov_LULL_lag1,0.10811027301286227
2,1,0.3,GBM_grid_1_AutoML_6_20260420_24941_model_1,cov_OT_lag1,0.1457053412031382
2,1,0.3,GBM_grid_1_AutoML_6_20260420_24941_model_1,hour_lag1,1.2744784867018462
2,1,0.3,GBM_grid_1_AutoML_6_20260420_24941_model_1,day_of_week_lag1,0.05411399108357722
2,1,0.3,GBM_grid_1_AutoML_6_20260420_24941_model_1,month_lag1,0.21338349182158708
2,1,0.3,GBM_grid_1_AutoML_6_20260420_24941_model_1,month_sin,0.1597010587714612
2,1,0.3,GBM_grid_1_AutoML_6_20260420_24941_model_1,month_cos,0.13185554489493367
2,1,0.3,GBM_grid_1_AutoML_6_20260420_24941_model_1,year,0.22280903125647455
2,1,0.3,XGBoost_grid_1_AutoML_6_20260420_24941_model_2,target_lag1,1.7734125535190106
2,1,0.3,XGBoost_grid_1_AutoML_6_20260420_24941_model_2,target_lag2,0.34145202371291816
2,1,0.3,XGBoost_grid_1_AutoML_6_20260420_24941_model_2,target_lag3,0.1916676955996081
2,1,0.3,XGBoost_grid_1_AutoML_6_20260420_24941_model_2,target_lag4,0.12371504739858206
2,1,0.3,XGBoost_grid_1_AutoML_6_20260420_24941_model_2,target_lag5,0.17563827777281404
2,1,0.3,XGBoost_grid_1_AutoML_6_20260420_24941_model_2,target_lag6,0.1263692266307771
2,1,0.3,XGBoost_grid_1_AutoML_6_20260420_24941_model_2,cov_HULL_lag1,0.13009783561690708
2,1,0.3,XGBoost_grid_1_AutoML_6_20260420_24941_model_2,cov_MUFL_lag1,2.4344976130127907
2,1,0.3,XGBoost_grid_1_AutoML_6_20260420_24941_model_2,cov_MULL_lag1,0.10807634202297774
2,1,0.3,XGBoost_grid_1_AutoML_6_20260420_24941_model_2,cov_LUFL_lag1,0.35748978782910856
2,1,0.3,XGBoost_grid_1_AutoML_6_20260420_24941_model_2,cov_LULL_lag1,0.06613842335063959
2,1,0.3,XGBoost_grid_1_AutoML_6_20260420_24941_model_2,cov_OT_lag1,0.2414753252780065
2,1,0.3,XGBoost_grid_1_AutoML_6_20260420_24941_model_2,hour_lag1,1.7340064060688019
2,1,0.3,XGBoost_grid_1_AutoML_6_20260420_24941_model_2,day_of_week_lag1,0.0676035726885311
2,1,0.3,XGBoost_grid_1_AutoML_6_20260420_24941_model_2,month_lag1,0.12324365505948659
2,1,0.3,XGBoost_grid_1_AutoML_6_20260420_24941_model_2,month_sin,0.2614340516400989
2,1,0.3,XGBoost_grid_1_AutoML_6_20260420_24941_model_2,month_cos,0.11015449073165652
2,1,0.3,XGBoost_grid_1_AutoML_6_20260420_24941_model_2,year,0.3628998548164964
2,1,0.3,XGBoost_1_AutoML_6_20260420_24941,target_lag1,1.9371900794655084
2,1,0.3,XGBoost_1_AutoML_6_20260420_24941,target_lag2,0.25522904028184706
2,1,0.3,XGBoost_1_AutoML_6_20260420_24941,target_lag3,0.2129767199791968
2,1,0.3,XGBoost_1_AutoML_6_20260420_24941,target_lag4,0.20423358328640462
2,1,0.3,XGBoost_1_AutoML_6_20260420_24941,target_lag5,0.1547200016956776
2,1,0.3,XGBoost_1_AutoML_6_20260420_24941,target_lag6,0.16896650675684213
2,1,0.3,XGBoost_1_AutoML_6_20260420_24941,cov_HULL_lag1,0.213054611235857
2,1,0.3,XGBoost_1_AutoML_6_20260420_24941,cov_MUFL_lag1,2.584292769432068
2,1,0.3,XGBoost_1_AutoML_6_20260420_24941,cov_MULL_lag1,0.2133709165081382
2,1,0.3,XGBoost_1_AutoML_6_20260420_24941,cov_LUFL_lag1,0.3876176776830107
2,1,0.3,XGBoost_1_AutoML_6_20260420_24941,cov_LULL_lag1,0.1641829802491702
2,1,0.3,XGBoost_1_AutoML_6_20260420_24941,cov_OT_lag1,0.2986205098871142
2,1,0.3,XGBoost_1_AutoML_6_20260420_24941,hour_lag1,1.7788937256485224
2,1,0.3,XGBoost_1_AutoML_6_20260420_24941,day_of_week_lag1,0.07121817530132826
2,1,0.3,XGBoost_1_AutoML_6_20260420_24941,month_lag1,0.2260014919936657
2,1,0.3,XGBoost_1_AutoML_6_20260420_24941,month_sin,0.32130945337470623
2,1,0.3,XGBoost_1_AutoML_6_20260420_24941,month_cos,0.10209805809892711
2,1,0.3,XGBoost_1_AutoML_6_20260420_24941,year,0.12438415459706445
2,1,0.3,XGBoost_grid_1_AutoML_6_20260420_24941_model_1,target_lag1,1.334999418705702
2,1,0.3,XGBoost_grid_1_AutoML_6_20260420_24941_model_1,target_lag2,0.2666628292854875
2,1,0.3,XGBoost_grid_1_AutoML_6_20260420_24941_model_1,target_lag3,0.20830442728474735
2,1,0.3,XGBoost_grid_1_AutoML_6_20260420_24941_model_1,target_lag4,0.19224131691502408
2,1,0.3,XGBoost_grid_1_AutoML_6_20260420_24941_model_1,target_lag5,0.1356772722303867
2,1,0.3,XGBoost_grid_1_AutoML_6_20260420_24941_model_1,target_lag6,0.2456936444249004
2,1,0.3,XGBoost_grid_1_AutoML_6_20260420_24941_model_1,cov_HULL_lag1,0.15437602961435912
2,1,0.3,XGBoost_grid_1_AutoML_6_20260420_24941_model_1,cov_MUFL_lag1,3.1236281652748583
2,1,0.3,XGBoost_grid_1_AutoML_6_20260420_24941_model_1,cov_MULL_lag1,0.21746258662082255
2,1,0.3,XGBoost_grid_1_AutoML_6_20260420_24941_model_1,cov_LUFL_lag1,0.49515227920142935
2,1,0.3,XGBoost_grid_1_AutoML_6_20260420_24941_model_1,cov_LULL_lag1,0.099067039033398
2,1,0.3,XGBoost_grid_1_AutoML_6_20260420_24941_model_1,cov_OT_lag1,0.47139300654642285
2,1,0.3,XGBoost_grid_1_AutoML_6_20260420_24941_model_1,hour_lag1,1.799735300205648
2,1,0.3,XGBoost_grid_1_AutoML_6_20260420_24941_model_1,day_of_week_lag1,0.06180035990197208
2,1,0.3,XGBoost_grid_1_AutoML_6_20260420_24941_model_1,month_lag1,0.3418751341686584
2,1,0.3,XGBoost_grid_1_AutoML_6_20260420_24941_model_1,month_sin,0.2684097831323743
2,1,0.3,XGBoost_grid_1_AutoML_6_20260420_24941_model_1,month_cos,0.08175120506100936
2,1,0.3,XGBoost_grid_1_AutoML_6_20260420_24941_model_1,year,0.23834627317264676
2,1,0.3,XGBoost_2_AutoML_6_20260420_24941,target_lag1,3.164910136163235
2,1,0.3,XGBoost_2_AutoML_6_20260420_24941,target_lag2,0.39563196785748006
2,1,0.3,XGBoost_2_AutoML_6_20260420_24941,target_lag3,0.22582936014048755
2,1,0.3,XGBoost_2_AutoML_6_20260420_24941,target_lag4,0.20530108737759292
2,1,0.3,XGBoost_2_AutoML_6_20260420_24941,target_lag5,0.1680711488239467
2,1,0.3,XGBoost_2_AutoML_6_20260420_24941,target_lag6,0.2219548028567806
2,1,0.3,XGBoost_2_AutoML_6_20260420_24941,cov_HULL_lag1,0.21115541744977237
2,1,0.3,XGBoost_2_AutoML_6_20260420_24941,cov_MUFL_lag1,1.3347357341647148
2,1,0.3,XGBoost_2_AutoML_6_20260420_24941,cov_MULL_lag1,0.21724645835347473
2,1,0.3,XGBoost_2_AutoML_6_20260420_24941,cov_LUFL_lag1,0.29986097060609607
2,1,0.3,XGBoost_2_AutoML_6_20260420_24941,cov_LULL_lag1,0.13631806809455152
2,1,0.3,XGBoost_2_AutoML_6_20260420_24941,cov_OT_lag1,0.37050668195239267
2,1,0.3,XGBoost_2_AutoML_6_20260420_24941,hour_lag1,1.7992357815802098
2,1,0.3,XGBoost_2_AutoML_6_20260420_24941,day_of_week_lag1,0.0723583102622069
2,1,0.3,XGBoost_2_AutoML_6_20260420_24941,month_lag1,0.17827918384457003
2,1,0.3,XGBoost_2_AutoML_6_20260420_24941,month_sin,0.35179536864277905
2,1,0.3,XGBoost_2_AutoML_6_20260420_24941,month_cos,0.10545842450112101
2,1,0.3,XGBoost_2_AutoML_6_20260420_24941,year,0.5104636514559389
2,1,0.3,XGBoost_grid_1_AutoML_6_20260420_24941_model_5,target_lag1,2.652561043649912
2,1,0.3,XGBoost_grid_1_AutoML_6_20260420_24941_model_5,target_lag2,0.7214601783920079
2,1,0.3,XGBoost_grid_1_AutoML_6_20260420_24941_model_5,target_lag3,0.25079236324876547
2,1,0.3,XGBoost_grid_1_AutoML_6_20260420_24941_model_5,target_lag4,0.3099750028178096
2,1,0.3,XGBoost_grid_1_AutoML_6_20260420_24941_model_5,target_lag5,0.1475835047033615
2,1,0.3,XGBoost_grid_1_AutoML_6_20260420_24941_model_5,target_lag6,0.5974763219058513
2,1,0.3,XGBoost_grid_1_AutoML_6_20260420_24941_model_5,cov_HULL_lag1,0.40558345465920864
2,1,0.3,XGBoost_grid_1_AutoML_6_20260420_24941_model_5,cov_MUFL_lag1,1.1748263680934905
2,1,0.3,XGBoost_grid_1_AutoML_6_20260420_24941_model_5,cov_MULL_lag1,0.18050276327878237
2,1,0.3,XGBoost_grid_1_AutoML_6_20260420_24941_model_5,cov_LUFL_lag1,0.47075538196600974
2,1,0.3,XGBoost_grid_1_AutoML_6_20260420_24941_model_5,cov_LULL_lag1,0.14345858697779473
2,1,0.3,XGBoost_grid_1_AutoML_6_20260420_24941_model_5,cov_OT_lag1,0.5360472752526403
2,1,0.3,XGBoost_grid_1_AutoML_6_20260420_24941_model_5,hour_lag1,1.2871232118457556
2,1,0.3,XGBoost_grid_1_AutoML_6_20260420_24941_model_5,day_of_week_lag1,0.10092582190292884
2,1,0.3,XGBoost_grid_1_AutoML_6_20260420_24941_model_5,month_lag1,0.3490483810193837
2,1,0.3,XGBoost_grid_1_AutoML_6_20260420_24941_model_5,month_sin,0.5536465563159436
2,1,0.3,XGBoost_grid_1_AutoML_6_20260420_24941_model_5,month_cos,0.1726562235597521
2,1,0.3,XGBoost_grid_1_AutoML_6_20260420_24941_model_5,year,0.2810160576738417
0,2,0.02,XGBoost_grid_1_AutoML_7_20260420_25117_model_5,target_lag1,2.389322807788849
0,2,0.02,XGBoost_grid_1_AutoML_7_20260420_25117_model_5,target_lag2,0.3854920780472457
0,2,0.02,XGBoost_grid_1_AutoML_7_20260420_25117_model_5,target_lag3,0.1081502148788422
0,2,0.02,XGBoost_grid_1_AutoML_7_20260420_25117_model_5,target_lag4,0.3161027115164325
0,2,0.02,XGBoost_grid_1_AutoML_7_20260420_25117_model_5,target_lag5,0.021383318668231333
0,2,0.02,XGBoost_grid_1_AutoML_7_20260420_25117_model_5,target_lag6,0.16509269228437912
0,2,0.02,XGBoost_grid_1_AutoML_7_20260420_25117_model_5,cov_HULL_lag1,0.045318425940349655
0,2,0.02,XGBoost_grid_1_AutoML_7_20260420_25117_model_5,cov_MUFL_lag1,1.8366142254322768
0,2,0.02,XGBoost_grid_1_AutoML_7_20260420_25117_model_5,cov_MULL_lag1,0.12337339578662064
0,2,0.02,XGBoost_grid_1_AutoML_7_20260420_25117_model_5,cov_LUFL_lag1,0.3140390998311341
0,2,0.02,XGBoost_grid_1_AutoML_7_20260420_25117_model_5,cov_LULL_lag1,0.14515407457016408
0,2,0.02,XGBoost_grid_1_AutoML_7_20260420_25117_model_5,cov_OT_lag1,0.27998720966279506
0,2,0.02,XGBoost_grid_1_AutoML_7_20260420_25117_model_5,hour_lag1,0.6386008566617966
0,2,0.02,XGBoost_grid_1_AutoML_7_20260420_25117_model_5,day_of_week_lag1,0.016454375963658043
0,2,0.02,XGBoost_grid_1_AutoML_7_20260420_25117_model_5,month_lag1,0.082874072343111
0,2,0.02,XGBoost_grid_1_AutoML_7_20260420_25117_model_5,month_sin,0.012137578008696392
0,2,0.02,XGBoost_grid_1_AutoML_7_20260420_25117_model_5,month_cos,0.08490112199448045
0,2,0.02,GLM_1_AutoML_7_20260420_25117,target_lag1,2.8394551778244814
0,2,0.02,GLM_1_AutoML_7_20260420_25117,target_lag2,0.07769431299046582
0,2,0.02,GLM_1_AutoML_7_20260420_25117,target_lag3,0.9871029989366934
0,2,0.02,GLM_1_AutoML_7_20260420_25117,target_lag4,0.47965837826056557
0,2,0.02,GLM_1_AutoML_7_20260420_25117,target_lag5,0.09005457847184827
0,2,0.02,GLM_1_AutoML_7_20260420_25117,target_lag6,0.44120198692804297
0,2,0.02,GLM_1_AutoML_7_20260420_25117,cov_HULL_lag1,0.0672557018536899
0,2,0.02,GLM_1_AutoML_7_20260420_25117,cov_MUFL_lag1,3.800378118479098
0,2,0.02,GLM_1_AutoML_7_20260420_25117,cov_MULL_lag1,0.005692888244502452
0,2,0.02,GLM_1_AutoML_7_20260420_25117,cov_LUFL_lag1,0.08235469040337749
0,2,0.02,GLM_1_AutoML_7_20260420_25117,cov_LULL_lag1,0.017670576624296986
0,2,0.02,GLM_1_AutoML_7_20260420_25117,cov_OT_lag1,0.08524435646592053
0,2,0.02,GLM_1_AutoML_7_20260420_25117,hour_lag1,0.5160490942659314
0,2,0.02,GLM_1_AutoML_7_20260420_25117,day_of_week_lag1,0.012751038564931611
0,2,0.02,GLM_1_AutoML_7_20260420_25117,month_lag1,0.042266872853746536
0,2,0.02,GLM_1_AutoML_7_20260420_25117,month_sin,0.16395319779782935
0,2,0.02,GLM_1_AutoML_7_20260420_25117,month_cos,0.12280091806007806
0,2,0.02,GLM_1_AutoML_7_20260420_25117,year,0.0
0,2,0.05,XGBoost_grid_1_AutoML_7_20260420_25117_model_5,target_lag1,2.389322807788849
0,2,0.05,XGBoost_grid_1_AutoML_7_20260420_25117_model_5,target_lag2,0.3854920780472457
0,2,0.05,XGBoost_grid_1_AutoML_7_20260420_25117_model_5,target_lag3,0.1081502148788422
0,2,0.05,XGBoost_grid_1_AutoML_7_20260420_25117_model_5,target_lag4,0.3161027115164325
0,2,0.05,XGBoost_grid_1_AutoML_7_20260420_25117_model_5,target_lag5,0.021383318668231333
0,2,0.05,XGBoost_grid_1_AutoML_7_20260420_25117_model_5,target_lag6,0.16509269228437912
0,2,0.05,XGBoost_grid_1_AutoML_7_20260420_25117_model_5,cov_HULL_lag1,0.045318425940349655
0,2,0.05,XGBoost_grid_1_AutoML_7_20260420_25117_model_5,cov_MUFL_lag1,1.8366142254322768
0,2,0.05,XGBoost_grid_1_AutoML_7_20260420_25117_model_5,cov_MULL_lag1,0.12337339578662064
0,2,0.05,XGBoost_grid_1_AutoML_7_20260420_25117_model_5,cov_LUFL_lag1,0.3140390998311341
0,2,0.05,XGBoost_grid_1_AutoML_7_20260420_25117_model_5,cov_LULL_lag1,0.14515407457016408
0,2,0.05,XGBoost_grid_1_AutoML_7_20260420_25117_model_5,cov_OT_lag1,0.27998720966279506
0,2,0.05,XGBoost_grid_1_AutoML_7_20260420_25117_model_5,hour_lag1,0.6386008566617966
0,2,0.05,XGBoost_grid_1_AutoML_7_20260420_25117_model_5,day_of_week_lag1,0.016454375963658043
0,2,0.05,XGBoost_grid_1_AutoML_7_20260420_25117_model_5,month_lag1,0.082874072343111
0,2,0.05,XGBoost_grid_1_AutoML_7_20260420_25117_model_5,month_sin,0.012137578008696392
0,2,0.05,XGBoost_grid_1_AutoML_7_20260420_25117_model_5,month_cos,0.08490112199448045
0,2,0.05,GLM_1_AutoML_7_20260420_25117,target_lag1,2.8394551778244814
0,2,0.05,GLM_1_AutoML_7_20260420_25117,target_lag2,0.07769431299046582
0,2,0.05,GLM_1_AutoML_7_20260420_25117,target_lag3,0.9871029989366934
0,2,0.05,GLM_1_AutoML_7_20260420_25117,target_lag4,0.47965837826056557
0,2,0.05,GLM_1_AutoML_7_20260420_25117,target_lag5,0.09005457847184827
0,2,0.05,GLM_1_AutoML_7_20260420_25117,target_lag6,0.44120198692804297
0,2,0.05,GLM_1_AutoML_7_20260420_25117,cov_HULL_lag1,0.0672557018536899
0,2,0.05,GLM_1_AutoML_7_20260420_25117,cov_MUFL_lag1,3.800378118479098
0,2,0.05,GLM_1_AutoML_7_20260420_25117,cov_MULL_lag1,0.005692888244502452
0,2,0.05,GLM_1_AutoML_7_20260420_25117,cov_LUFL_lag1,0.08235469040337749
0,2,0.05,GLM_1_AutoML_7_20260420_25117,cov_LULL_lag1,0.017670576624296986
0,2,0.05,GLM_1_AutoML_7_20260420_25117,cov_OT_lag1,0.08524435646592053
0,2,0.05,GLM_1_AutoML_7_20260420_25117,hour_lag1,0.5160490942659314
0,2,0.05,GLM_1_AutoML_7_20260420_25117,day_of_week_lag1,0.012751038564931611
0,2,0.05,GLM_1_AutoML_7_20260420_25117,month_lag1,0.042266872853746536
0,2,0.05,GLM_1_AutoML_7_20260420_25117,month_sin,0.16395319779782935
0,2,0.05,GLM_1_AutoML_7_20260420_25117,month_cos,0.12280091806007806
0,2,0.05,GLM_1_AutoML_7_20260420_25117,year,0.0
0,2,0.1,XGBoost_grid_1_AutoML_7_20260420_25117_model_5,target_lag1,2.389322807788849
0,2,0.1,XGBoost_grid_1_AutoML_7_20260420_25117_model_5,target_lag2,0.3854920780472457
0,2,0.1,XGBoost_grid_1_AutoML_7_20260420_25117_model_5,target_lag3,0.1081502148788422
0,2,0.1,XGBoost_grid_1_AutoML_7_20260420_25117_model_5,target_lag4,0.3161027115164325
0,2,0.1,XGBoost_grid_1_AutoML_7_20260420_25117_model_5,target_lag5,0.021383318668231333
0,2,0.1,XGBoost_grid_1_AutoML_7_20260420_25117_model_5,target_lag6,0.16509269228437912
0,2,0.1,XGBoost_grid_1_AutoML_7_20260420_25117_model_5,cov_HULL_lag1,0.045318425940349655
0,2,0.1,XGBoost_grid_1_AutoML_7_20260420_25117_model_5,cov_MUFL_lag1,1.8366142254322768
0,2,0.1,XGBoost_grid_1_AutoML_7_20260420_25117_model_5,cov_MULL_lag1,0.12337339578662064
0,2,0.1,XGBoost_grid_1_AutoML_7_20260420_25117_model_5,cov_LUFL_lag1,0.3140390998311341
0,2,0.1,XGBoost_grid_1_AutoML_7_20260420_25117_model_5,cov_LULL_lag1,0.14515407457016408
0,2,0.1,XGBoost_grid_1_AutoML_7_20260420_25117_model_5,cov_OT_lag1,0.27998720966279506
0,2,0.1,XGBoost_grid_1_AutoML_7_20260420_25117_model_5,hour_lag1,0.6386008566617966
0,2,0.1,XGBoost_grid_1_AutoML_7_20260420_25117_model_5,day_of_week_lag1,0.016454375963658043
0,2,0.1,XGBoost_grid_1_AutoML_7_20260420_25117_model_5,month_lag1,0.082874072343111
0,2,0.1,XGBoost_grid_1_AutoML_7_20260420_25117_model_5,month_sin,0.012137578008696392
0,2,0.1,XGBoost_grid_1_AutoML_7_20260420_25117_model_5,month_cos,0.08490112199448045
0,2,0.1,GLM_1_AutoML_7_20260420_25117,target_lag1,2.8394551778244814
0,2,0.1,GLM_1_AutoML_7_20260420_25117,target_lag2,0.07769431299046582
0,2,0.1,GLM_1_AutoML_7_20260420_25117,target_lag3,0.9871029989366934
0,2,0.1,GLM_1_AutoML_7_20260420_25117,target_lag4,0.47965837826056557
0,2,0.1,GLM_1_AutoML_7_20260420_25117,target_lag5,0.09005457847184827
0,2,0.1,GLM_1_AutoML_7_20260420_25117,target_lag6,0.44120198692804297
0,2,0.1,GLM_1_AutoML_7_20260420_25117,cov_HULL_lag1,0.0672557018536899
0,2,0.1,GLM_1_AutoML_7_20260420_25117,cov_MUFL_lag1,3.800378118479098
0,2,0.1,GLM_1_AutoML_7_20260420_25117,cov_MULL_lag1,0.005692888244502452
0,2,0.1,GLM_1_AutoML_7_20260420_25117,cov_LUFL_lag1,0.08235469040337749
0,2,0.1,GLM_1_AutoML_7_20260420_25117,cov_LULL_lag1,0.017670576624296986
0,2,0.1,GLM_1_AutoML_7_20260420_25117,cov_OT_lag1,0.08524435646592053
0,2,0.1,GLM_1_AutoML_7_20260420_25117,hour_lag1,0.5160490942659314
0,2,0.1,GLM_1_AutoML_7_20260420_25117,day_of_week_lag1,0.012751038564931611
0,2,0.1,GLM_1_AutoML_7_20260420_25117,month_lag1,0.042266872853746536
0,2,0.1,GLM_1_AutoML_7_20260420_25117,month_sin,0.16395319779782935
0,2,0.1,GLM_1_AutoML_7_20260420_25117,month_cos,0.12280091806007806
0,2,0.1,GLM_1_AutoML_7_20260420_25117,year,0.0
0,2,0.1,GBM_5_AutoML_7_20260420_25117,target_lag1,1.9535675204917788
0,2,0.1,GBM_5_AutoML_7_20260420_25117,target_lag2,0.42219585701823237
0,2,0.1,GBM_5_AutoML_7_20260420_25117,target_lag3,0.30184466157108547
0,2,0.1,GBM_5_AutoML_7_20260420_25117,target_lag4,0.03889001518022264
0,2,0.1,GBM_5_AutoML_7_20260420_25117,target_lag5,0.04875144691090095
0,2,0.1,GBM_5_AutoML_7_20260420_25117,target_lag6,0.1056814740784466
0,2,0.1,GBM_5_AutoML_7_20260420_25117,cov_HULL_lag1,0.14729412321787091
0,2,0.1,GBM_5_AutoML_7_20260420_25117,cov_MUFL_lag1,1.7779058642685412
0,2,0.1,GBM_5_AutoML_7_20260420_25117,cov_MULL_lag1,0.11709864781703797
0,2,0.1,GBM_5_AutoML_7_20260420_25117,cov_LUFL_lag1,0.30679777279496195
0,2,0.1,GBM_5_AutoML_7_20260420_25117,cov_LULL_lag1,0.09295533834490921
0,2,0.1,GBM_5_AutoML_7_20260420_25117,cov_OT_lag1,0.10743227263446893
0,2,0.1,GBM_5_AutoML_7_20260420_25117,hour_lag1,0.45792257696390154
0,2,0.1,GBM_5_AutoML_7_20260420_25117,day_of_week_lag1,0.040346325454302084
0,2,0.1,GBM_5_AutoML_7_20260420_25117,month_lag1,0.10088019352406259
0,2,0.1,GBM_5_AutoML_7_20260420_25117,month_sin,0.03029953180070147
0,2,0.1,GBM_5_AutoML_7_20260420_25117,month_cos,0.0598562545748427
0,2,0.1,XGBoost_3_AutoML_7_20260420_25117,target_lag1,1.9366648339480161
0,2,0.1,XGBoost_3_AutoML_7_20260420_25117,target_lag2,1.5713197214901446
0,2,0.1,XGBoost_3_AutoML_7_20260420_25117,target_lag3,0.1343499835953116
0,2,0.1,XGBoost_3_AutoML_7_20260420_25117,target_lag4,0.12419798091053959
0,2,0.1,XGBoost_3_AutoML_7_20260420_25117,target_lag5,0.09739979985170062
0,2,0.1,XGBoost_3_AutoML_7_20260420_25117,target_lag6,0.26997064192779363
0,2,0.1,XGBoost_3_AutoML_7_20260420_25117,cov_HULL_lag1,0.2095193523238413
0,2,0.1,XGBoost_3_AutoML_7_20260420_25117,cov_MUFL_lag1,0.9545102496445179
0,2,0.1,XGBoost_3_AutoML_7_20260420_25117,cov_MULL_lag1,0.13240594655275342
0,2,0.1,XGBoost_3_AutoML_7_20260420_25117,cov_LUFL_lag1,0.35045539268525316
0,2,0.1,XGBoost_3_AutoML_7_20260420_25117,cov_LULL_lag1,0.1091970049217343
0,2,0.1,XGBoost_3_AutoML_7_20260420_25117,cov_OT_lag1,0.3262292616441846
0,2,0.1,XGBoost_3_AutoML_7_20260420_25117,hour_lag1,0.5239774905890227
0,2,0.1,XGBoost_3_AutoML_7_20260420_25117,day_of_week_lag1,0.03509528900496657
0,2,0.1,XGBoost_3_AutoML_7_20260420_25117,month_lag1,0.0516372179612517
0,2,0.1,XGBoost_3_AutoML_7_20260420_25117,month_sin,0.10322113812668246
0,2,0.1,XGBoost_3_AutoML_7_20260420_25117,month_cos,0.02992291823975389
0,2,0.1,GBM_2_AutoML_7_20260420_25117,target_lag1,1.639891871213913
0,2,0.1,GBM_2_AutoML_7_20260420_25117,target_lag2,0.5157664375007153
0,2,0.1,GBM_2_AutoML_7_20260420_25117,target_lag3,0.2866475463658571
0,2,0.1,GBM_2_AutoML_7_20260420_25117,target_lag4,0.07476892659440633
0,2,0.1,GBM_2_AutoML_7_20260420_25117,target_lag5,0.03929586861981075
0,2,0.1,GBM_2_AutoML_7_20260420_25117,target_lag6,0.12879177443683143
0,2,0.1,GBM_2_AutoML_7_20260420_25117,cov_HULL_lag1,0.0928191524010617
0,2,0.1,GBM_2_AutoML_7_20260420_25117,cov_MUFL_lag1,1.739729841016233
0,2,0.1,GBM_2_AutoML_7_20260420_25117,cov_MULL_lag1,0.05456070177257056
0,2,0.1,GBM_2_AutoML_7_20260420_25117,cov_LUFL_lag1,0.5072066992521286
0,2,0.1,GBM_2_AutoML_7_20260420_25117,cov_LULL_lag1,0.07308383887168016
0,2,0.1,GBM_2_AutoML_7_20260420_25117,cov_OT_lag1,0.188159903511405
0,2,0.1,GBM_2_AutoML_7_20260420_25117,hour_lag1,0.42748019318562
0,2,0.1,GBM_2_AutoML_7_20260420_25117,day_of_week_lag1,0.046903851253446156
0,2,0.1,GBM_2_AutoML_7_20260420_25117,month_lag1,0.06467625364079137
0,2,0.1,GBM_2_AutoML_7_20260420_25117,month_sin,0.02694637328619133
0,2,0.1,GBM_2_AutoML_7_20260420_25117,month_cos,0.04388789572287347
0,2,0.1,GBM_4_AutoML_7_20260420_25117,target_lag1,1.6861815867573022
0,2,0.1,GBM_4_AutoML_7_20260420_25117,target_lag2,0.43222880611894654
0,2,0.1,GBM_4_AutoML_7_20260420_25117,target_lag3,0.16503943789750333
0,2,0.1,GBM_4_AutoML_7_20260420_25117,target_lag4,0.049008299321867475
0,2,0.1,GBM_4_AutoML_7_20260420_25117,target_lag5,0.05510992709081616
0,2,0.1,GBM_4_AutoML_7_20260420_25117,target_lag6,0.07031756127951663
0,2,0.1,GBM_4_AutoML_7_20260420_25117,cov_HULL_lag1,0.15636331683490423
0,2,0.1,GBM_4_AutoML_7_20260420_25117,cov_MUFL_lag1,2.2271166101470588
0,2,0.1,GBM_4_AutoML_7_20260420_25117,cov_MULL_lag1,0.06104960201773788
0,2,0.1,GBM_4_AutoML_7_20260420_25117,cov_LUFL_lag1,0.259808639967232
0,2,0.1,GBM_4_AutoML_7_20260420_25117,cov_LULL_lag1,0.05842813337498225
0,2,0.1,GBM_4_AutoML_7_20260420_25117,cov_OT_lag1,0.1329967206669971
0,2,0.1,GBM_4_AutoML_7_20260420_25117,hour_lag1,0.4347463171184063
0,2,0.1,GBM_4_AutoML_7_20260420_25117,day_of_week_lag1,0.02643017666647206
0,2,0.1,GBM_4_AutoML_7_20260420_25117,month_lag1,0.07880409032106396
0,2,0.1,GBM_4_AutoML_7_20260420_25117,month_sin,0.015557876504026298
0,2,0.1,GBM_4_AutoML_7_20260420_25117,month_cos,0.06776208105497059
0,2,0.1,XGBoost_2_AutoML_7_20260420_25117,target_lag1,1.5246012580394745
0,2,0.1,XGBoost_2_AutoML_7_20260420_25117,target_lag2,1.2925188873521984
0,2,0.1,XGBoost_2_AutoML_7_20260420_25117,target_lag3,0.22678322363644837
0,2,0.1,XGBoost_2_AutoML_7_20260420_25117,target_lag4,0.0837186083680717
0,2,0.1,XGBoost_2_AutoML_7_20260420_25117,target_lag5,0.1394253868749365
0,2,0.1,XGBoost_2_AutoML_7_20260420_25117,target_lag6,0.24865769537631421
0,2,0.1,XGBoost_2_AutoML_7_20260420_25117,cov_HULL_lag1,0.16579443454276765
0,2,0.1,XGBoost_2_AutoML_7_20260420_25117,cov_MUFL_lag1,1.8010213883966208
0,2,0.1,XGBoost_2_AutoML_7_20260420_25117,cov_MULL_lag1,0.10787551617249842
0,2,0.1,XGBoost_2_AutoML_7_20260420_25117,cov_LUFL_lag1,0.2662968755047768
0,2,0.1,XGBoost_2_AutoML_7_20260420_25117,cov_LULL_lag1,0.08068106811493632
0,2,0.1,XGBoost_2_AutoML_7_20260420_25117,cov_OT_lag1,0.11456612721085545
0,2,0.1,XGBoost_2_AutoML_7_20260420_25117,hour_lag1,0.503078954149969
0,2,0.1,XGBoost_2_AutoML_7_20260420_25117,day_of_week_lag1,0.08005294735543426
0,2,0.1,XGBoost_2_AutoML_7_20260420_25117,month_lag1,0.12161184664815661
0,2,0.1,XGBoost_2_AutoML_7_20260420_25117,month_sin,0.04808855402661716
0,2,0.1,XGBoost_2_AutoML_7_20260420_25117,month_cos,0.038759116288274484
0,2,0.1,XGBoost_grid_1_AutoML_7_20260420_25117_model_4,target_lag1,1.743644403666258
0,2,0.1,XGBoost_grid_1_AutoML_7_20260420_25117_model_4,target_lag2,0.16199892126023765
0,2,0.1,XGBoost_grid_1_AutoML_7_20260420_25117_model_4,target_lag3,0.26740520615130664
0,2,0.1,XGBoost_grid_1_AutoML_7_20260420_25117_model_4,target_lag4,0.15189561747014518
0,2,0.1,XGBoost_grid_1_AutoML_7_20260420_25117_model_4,target_lag5,0.0864672715310007
0,2,0.1,XGBoost_grid_1_AutoML_7_20260420_25117_model_4,target_lag6,0.16577496072277426
0,2,0.1,XGBoost_grid_1_AutoML_7_20260420_25117_model_4,cov_HULL_lag1,0.10302999254316088
0,2,0.1,XGBoost_grid_1_AutoML_7_20260420_25117_model_4,cov_MUFL_lag1,2.323270521312952
0,2,0.1,XGBoost_grid_1_AutoML_7_20260420_25117_model_4,cov_MULL_lag1,0.08075359770795326
0,2,0.1,XGBoost_grid_1_AutoML_7_20260420_25117_model_4,cov_LUFL_lag1,0.3758362964354455
0,2,0.1,XGBoost_grid_1_AutoML_7_20260420_25117_model_4,cov_LULL_lag1,0.09985138376243409
0,2,0.1,XGBoost_grid_1_AutoML_7_20260420_25117_model_4,cov_OT_lag1,0.2411788526159944
0,2,0.1,XGBoost_grid_1_AutoML_7_20260420_25117_model_4,hour_lag1,0.5246309799700976
0,2,0.1,XGBoost_grid_1_AutoML_7_20260420_25117_model_4,day_of_week_lag1,0.01899196995189409
0,2,0.1,XGBoost_grid_1_AutoML_7_20260420_25117_model_4,month_lag1,0.07248698011040683
0,2,0.1,XGBoost_grid_1_AutoML_7_20260420_25117_model_4,month_sin,0.02834196692332621
0,2,0.1,XGBoost_grid_1_AutoML_7_20260420_25117_model_4,month_cos,0.0419391644140705
0,2,0.1,XGBoost_grid_1_AutoML_7_20260420_25117_model_2,target_lag1,1.7136255365610122
0,2,0.1,XGBoost_grid_1_AutoML_7_20260420_25117_model_2,target_lag2,0.4859717265423387
0,2,0.1,XGBoost_grid_1_AutoML_7_20260420_25117_model_2,target_lag3,0.11710628883913156
0,2,0.1,XGBoost_grid_1_AutoML_7_20260420_25117_model_2,target_lag4,0.07869649888481942
0,2,0.1,XGBoost_grid_1_AutoML_7_20260420_25117_model_2,target_lag5,0.08318952340632674
0,2,0.1,XGBoost_grid_1_AutoML_7_20260420_25117_model_2,target_lag6,0.10096462714020159
0,2,0.1,XGBoost_grid_1_AutoML_7_20260420_25117_model_2,cov_HULL_lag1,0.14238238706253464
0,2,0.1,XGBoost_grid_1_AutoML_7_20260420_25117_model_2,cov_MUFL_lag1,2.2726603876799345
0,2,0.1,XGBoost_grid_1_AutoML_7_20260420_25117_model_2,cov_MULL_lag1,0.10529669029638168
0,2,0.1,XGBoost_grid_1_AutoML_7_20260420_25117_model_2,cov_LUFL_lag1,0.3187589091141126
0,2,0.1,XGBoost_grid_1_AutoML_7_20260420_25117_model_2,cov_LULL_lag1,0.08160633818246421
0,2,0.1,XGBoost_grid_1_AutoML_7_20260420_25117_model_2,cov_OT_lag1,0.177503923852928
0,2,0.1,XGBoost_grid_1_AutoML_7_20260420_25117_model_2,hour_lag1,0.5235206742584705
0,2,0.1,XGBoost_grid_1_AutoML_7_20260420_25117_model_2,day_of_week_lag1,0.05852714367443692
0,2,0.1,XGBoost_grid_1_AutoML_7_20260420_25117_model_2,month_lag1,0.05494434803957115
0,2,0.1,XGBoost_grid_1_AutoML_7_20260420_25117_model_2,month_sin,0.034885421026992804
0,2,0.1,XGBoost_grid_1_AutoML_7_20260420_25117_model_2,month_cos,0.03143162657011994
0,2,0.2,XGBoost_grid_1_AutoML_7_20260420_25117_model_5,target_lag1,2.389322807788849
0,2,0.2,XGBoost_grid_1_AutoML_7_20260420_25117_model_5,target_lag2,0.3854920780472457
0,2,0.2,XGBoost_grid_1_AutoML_7_20260420_25117_model_5,target_lag3,0.1081502148788422
0,2,0.2,XGBoost_grid_1_AutoML_7_20260420_25117_model_5,target_lag4,0.3161027115164325
0,2,0.2,XGBoost_grid_1_AutoML_7_20260420_25117_model_5,target_lag5,0.021383318668231333
0,2,0.2,XGBoost_grid_1_AutoML_7_20260420_25117_model_5,target_lag6,0.16509269228437912
0,2,0.2,XGBoost_grid_1_AutoML_7_20260420_25117_model_5,cov_HULL_lag1,0.045318425940349655
0,2,0.2,XGBoost_grid_1_AutoML_7_20260420_25117_model_5,cov_MUFL_lag1,1.8366142254322768
0,2,0.2,XGBoost_grid_1_AutoML_7_20260420_25117_model_5,cov_MULL_lag1,0.12337339578662064
0,2,0.2,XGBoost_grid_1_AutoML_7_20260420_25117_model_5,cov_LUFL_lag1,0.3140390998311341
0,2,0.2,XGBoost_grid_1_AutoML_7_20260420_25117_model_5,cov_LULL_lag1,0.14515407457016408
0,2,0.2,XGBoost_grid_1_AutoML_7_20260420_25117_model_5,cov_OT_lag1,0.27998720966279506
0,2,0.2,XGBoost_grid_1_AutoML_7_20260420_25117_model_5,hour_lag1,0.6386008566617966
0,2,0.2,XGBoost_grid_1_AutoML_7_20260420_25117_model_5,day_of_week_lag1,0.016454375963658043
0,2,0.2,XGBoost_grid_1_AutoML_7_20260420_25117_model_5,month_lag1,0.082874072343111
0,2,0.2,XGBoost_grid_1_AutoML_7_20260420_25117_model_5,month_sin,0.012137578008696392
0,2,0.2,XGBoost_grid_1_AutoML_7_20260420_25117_model_5,month_cos,0.08490112199448045
0,2,0.2,GLM_1_AutoML_7_20260420_25117,target_lag1,2.8394551778244814
0,2,0.2,GLM_1_AutoML_7_20260420_25117,target_lag2,0.07769431299046582
0,2,0.2,GLM_1_AutoML_7_20260420_25117,target_lag3,0.9871029989366934
0,2,0.2,GLM_1_AutoML_7_20260420_25117,target_lag4,0.47965837826056557
0,2,0.2,GLM_1_AutoML_7_20260420_25117,target_lag5,0.09005457847184827
0,2,0.2,GLM_1_AutoML_7_20260420_25117,target_lag6,0.44120198692804297
0,2,0.2,GLM_1_AutoML_7_20260420_25117,cov_HULL_lag1,0.0672557018536899
0,2,0.2,GLM_1_AutoML_7_20260420_25117,cov_MUFL_lag1,3.800378118479098
0,2,0.2,GLM_1_AutoML_7_20260420_25117,cov_MULL_lag1,0.005692888244502452
0,2,0.2,GLM_1_AutoML_7_20260420_25117,cov_LUFL_lag1,0.08235469040337749
0,2,0.2,GLM_1_AutoML_7_20260420_25117,cov_LULL_lag1,0.017670576624296986
0,2,0.2,GLM_1_AutoML_7_20260420_25117,cov_OT_lag1,0.08524435646592053
0,2,0.2,GLM_1_AutoML_7_20260420_25117,hour_lag1,0.5160490942659314
0,2,0.2,GLM_1_AutoML_7_20260420_25117,day_of_week_lag1,0.012751038564931611
0,2,0.2,GLM_1_AutoML_7_20260420_25117,month_lag1,0.042266872853746536
0,2,0.2,GLM_1_AutoML_7_20260420_25117,month_sin,0.16395319779782935
0,2,0.2,GLM_1_AutoML_7_20260420_25117,month_cos,0.12280091806007806
0,2,0.2,GLM_1_AutoML_7_20260420_25117,year,0.0
0,2,0.2,GBM_5_AutoML_7_20260420_25117,target_lag1,1.9535675204917788
0,2,0.2,GBM_5_AutoML_7_20260420_25117,target_lag2,0.42219585701823237
0,2,0.2,GBM_5_AutoML_7_20260420_25117,target_lag3,0.30184466157108547
0,2,0.2,GBM_5_AutoML_7_20260420_25117,target_lag4,0.03889001518022264
0,2,0.2,GBM_5_AutoML_7_20260420_25117,target_lag5,0.04875144691090095
0,2,0.2,GBM_5_AutoML_7_20260420_25117,target_lag6,0.1056814740784466
0,2,0.2,GBM_5_AutoML_7_20260420_25117,cov_HULL_lag1,0.14729412321787091
0,2,0.2,GBM_5_AutoML_7_20260420_25117,cov_MUFL_lag1,1.7779058642685412
0,2,0.2,GBM_5_AutoML_7_20260420_25117,cov_MULL_lag1,0.11709864781703797
0,2,0.2,GBM_5_AutoML_7_20260420_25117,cov_LUFL_lag1,0.30679777279496195
0,2,0.2,GBM_5_AutoML_7_20260420_25117,cov_LULL_lag1,0.09295533834490921
0,2,0.2,GBM_5_AutoML_7_20260420_25117,cov_OT_lag1,0.10743227263446893
0,2,0.2,GBM_5_AutoML_7_20260420_25117,hour_lag1,0.45792257696390154
0,2,0.2,GBM_5_AutoML_7_20260420_25117,day_of_week_lag1,0.040346325454302084
0,2,0.2,GBM_5_AutoML_7_20260420_25117,month_lag1,0.10088019352406259
0,2,0.2,GBM_5_AutoML_7_20260420_25117,month_sin,0.03029953180070147
0,2,0.2,GBM_5_AutoML_7_20260420_25117,month_cos,0.0598562545748427
0,2,0.2,XGBoost_3_AutoML_7_20260420_25117,target_lag1,1.9366648339480161
0,2,0.2,XGBoost_3_AutoML_7_20260420_25117,target_lag2,1.5713197214901446
0,2,0.2,XGBoost_3_AutoML_7_20260420_25117,target_lag3,0.1343499835953116
0,2,0.2,XGBoost_3_AutoML_7_20260420_25117,target_lag4,0.12419798091053959
0,2,0.2,XGBoost_3_AutoML_7_20260420_25117,target_lag5,0.09739979985170062
0,2,0.2,XGBoost_3_AutoML_7_20260420_25117,target_lag6,0.26997064192779363
0,2,0.2,XGBoost_3_AutoML_7_20260420_25117,cov_HULL_lag1,0.2095193523238413
0,2,0.2,XGBoost_3_AutoML_7_20260420_25117,cov_MUFL_lag1,0.9545102496445179
0,2,0.2,XGBoost_3_AutoML_7_20260420_25117,cov_MULL_lag1,0.13240594655275342
0,2,0.2,XGBoost_3_AutoML_7_20260420_25117,cov_LUFL_lag1,0.35045539268525316
0,2,0.2,XGBoost_3_AutoML_7_20260420_25117,cov_LULL_lag1,0.1091970049217343
0,2,0.2,XGBoost_3_AutoML_7_20260420_25117,cov_OT_lag1,0.3262292616441846
0,2,0.2,XGBoost_3_AutoML_7_20260420_25117,hour_lag1,0.5239774905890227
0,2,0.2,XGBoost_3_AutoML_7_20260420_25117,day_of_week_lag1,0.03509528900496657
0,2,0.2,XGBoost_3_AutoML_7_20260420_25117,month_lag1,0.0516372179612517
0,2,0.2,XGBoost_3_AutoML_7_20260420_25117,month_sin,0.10322113812668246
0,2,0.2,XGBoost_3_AutoML_7_20260420_25117,month_cos,0.02992291823975389
0,2,0.2,GBM_2_AutoML_7_20260420_25117,target_lag1,1.639891871213913
0,2,0.2,GBM_2_AutoML_7_20260420_25117,target_lag2,0.5157664375007153
0,2,0.2,GBM_2_AutoML_7_20260420_25117,target_lag3,0.2866475463658571
0,2,0.2,GBM_2_AutoML_7_20260420_25117,target_lag4,0.07476892659440633
0,2,0.2,GBM_2_AutoML_7_20260420_25117,target_lag5,0.03929586861981075
0,2,0.2,GBM_2_AutoML_7_20260420_25117,target_lag6,0.12879177443683143
0,2,0.2,GBM_2_AutoML_7_20260420_25117,cov_HULL_lag1,0.0928191524010617
0,2,0.2,GBM_2_AutoML_7_20260420_25117,cov_MUFL_lag1,1.739729841016233
0,2,0.2,GBM_2_AutoML_7_20260420_25117,cov_MULL_lag1,0.05456070177257056
0,2,0.2,GBM_2_AutoML_7_20260420_25117,cov_LUFL_lag1,0.5072066992521286
0,2,0.2,GBM_2_AutoML_7_20260420_25117,cov_LULL_lag1,0.07308383887168016
0,2,0.2,GBM_2_AutoML_7_20260420_25117,cov_OT_lag1,0.188159903511405
0,2,0.2,GBM_2_AutoML_7_20260420_25117,hour_lag1,0.42748019318562
0,2,0.2,GBM_2_AutoML_7_20260420_25117,day_of_week_lag1,0.046903851253446156
0,2,0.2,GBM_2_AutoML_7_20260420_25117,month_lag1,0.06467625364079137
0,2,0.2,GBM_2_AutoML_7_20260420_25117,month_sin,0.02694637328619133
0,2,0.2,GBM_2_AutoML_7_20260420_25117,month_cos,0.04388789572287347
0,2,0.2,GBM_4_AutoML_7_20260420_25117,target_lag1,1.6861815867573022
0,2,0.2,GBM_4_AutoML_7_20260420_25117,target_lag2,0.43222880611894654
0,2,0.2,GBM_4_AutoML_7_20260420_25117,target_lag3,0.16503943789750333
0,2,0.2,GBM_4_AutoML_7_20260420_25117,target_lag4,0.049008299321867475
0,2,0.2,GBM_4_AutoML_7_20260420_25117,target_lag5,0.05510992709081616
0,2,0.2,GBM_4_AutoML_7_20260420_25117,target_lag6,0.07031756127951663
0,2,0.2,GBM_4_AutoML_7_20260420_25117,cov_HULL_lag1,0.15636331683490423
0,2,0.2,GBM_4_AutoML_7_20260420_25117,cov_MUFL_lag1,2.2271166101470588
0,2,0.2,GBM_4_AutoML_7_20260420_25117,cov_MULL_lag1,0.06104960201773788
0,2,0.2,GBM_4_AutoML_7_20260420_25117,cov_LUFL_lag1,0.259808639967232
0,2,0.2,GBM_4_AutoML_7_20260420_25117,cov_LULL_lag1,0.05842813337498225
0,2,0.2,GBM_4_AutoML_7_20260420_25117,cov_OT_lag1,0.1329967206669971
0,2,0.2,GBM_4_AutoML_7_20260420_25117,hour_lag1,0.4347463171184063
0,2,0.2,GBM_4_AutoML_7_20260420_25117,day_of_week_lag1,0.02643017666647206
0,2,0.2,GBM_4_AutoML_7_20260420_25117,month_lag1,0.07880409032106396
0,2,0.2,GBM_4_AutoML_7_20260420_25117,month_sin,0.015557876504026298
0,2,0.2,GBM_4_AutoML_7_20260420_25117,month_cos,0.06776208105497059
0,2,0.2,XGBoost_2_AutoML_7_20260420_25117,target_lag1,1.5246012580394745
0,2,0.2,XGBoost_2_AutoML_7_20260420_25117,target_lag2,1.2925188873521984
0,2,0.2,XGBoost_2_AutoML_7_20260420_25117,target_lag3,0.22678322363644837
0,2,0.2,XGBoost_2_AutoML_7_20260420_25117,target_lag4,0.0837186083680717
0,2,0.2,XGBoost_2_AutoML_7_20260420_25117,target_lag5,0.1394253868749365
0,2,0.2,XGBoost_2_AutoML_7_20260420_25117,target_lag6,0.24865769537631421
0,2,0.2,XGBoost_2_AutoML_7_20260420_25117,cov_HULL_lag1,0.16579443454276765
0,2,0.2,XGBoost_2_AutoML_7_20260420_25117,cov_MUFL_lag1,1.8010213883966208
0,2,0.2,XGBoost_2_AutoML_7_20260420_25117,cov_MULL_lag1,0.10787551617249842
0,2,0.2,XGBoost_2_AutoML_7_20260420_25117,cov_LUFL_lag1,0.2662968755047768
0,2,0.2,XGBoost_2_AutoML_7_20260420_25117,cov_LULL_lag1,0.08068106811493632
0,2,0.2,XGBoost_2_AutoML_7_20260420_25117,cov_OT_lag1,0.11456612721085545
0,2,0.2,XGBoost_2_AutoML_7_20260420_25117,hour_lag1,0.503078954149969
0,2,0.2,XGBoost_2_AutoML_7_20260420_25117,day_of_week_lag1,0.08005294735543426
0,2,0.2,XGBoost_2_AutoML_7_20260420_25117,month_lag1,0.12161184664815661
0,2,0.2,XGBoost_2_AutoML_7_20260420_25117,month_sin,0.04808855402661716
0,2,0.2,XGBoost_2_AutoML_7_20260420_25117,month_cos,0.038759116288274484
0,2,0.2,XGBoost_grid_1_AutoML_7_20260420_25117_model_4,target_lag1,1.743644403666258
0,2,0.2,XGBoost_grid_1_AutoML_7_20260420_25117_model_4,target_lag2,0.16199892126023765
0,2,0.2,XGBoost_grid_1_AutoML_7_20260420_25117_model_4,target_lag3,0.26740520615130664
0,2,0.2,XGBoost_grid_1_AutoML_7_20260420_25117_model_4,target_lag4,0.15189561747014518
0,2,0.2,XGBoost_grid_1_AutoML_7_20260420_25117_model_4,target_lag5,0.0864672715310007
0,2,0.2,XGBoost_grid_1_AutoML_7_20260420_25117_model_4,target_lag6,0.16577496072277426
0,2,0.2,XGBoost_grid_1_AutoML_7_20260420_25117_model_4,cov_HULL_lag1,0.10302999254316088
0,2,0.2,XGBoost_grid_1_AutoML_7_20260420_25117_model_4,cov_MUFL_lag1,2.323270521312952
0,2,0.2,XGBoost_grid_1_AutoML_7_20260420_25117_model_4,cov_MULL_lag1,0.08075359770795326
0,2,0.2,XGBoost_grid_1_AutoML_7_20260420_25117_model_4,cov_LUFL_lag1,0.3758362964354455
0,2,0.2,XGBoost_grid_1_AutoML_7_20260420_25117_model_4,cov_LULL_lag1,0.09985138376243409
0,2,0.2,XGBoost_grid_1_AutoML_7_20260420_25117_model_4,cov_OT_lag1,0.2411788526159944
0,2,0.2,XGBoost_grid_1_AutoML_7_20260420_25117_model_4,hour_lag1,0.5246309799700976
0,2,0.2,XGBoost_grid_1_AutoML_7_20260420_25117_model_4,day_of_week_lag1,0.01899196995189409
0,2,0.2,XGBoost_grid_1_AutoML_7_20260420_25117_model_4,month_lag1,0.07248698011040683
0,2,0.2,XGBoost_grid_1_AutoML_7_20260420_25117_model_4,month_sin,0.02834196692332621
0,2,0.2,XGBoost_grid_1_AutoML_7_20260420_25117_model_4,month_cos,0.0419391644140705
0,2,0.2,XGBoost_grid_1_AutoML_7_20260420_25117_model_2,target_lag1,1.7136255365610122
0,2,0.2,XGBoost_grid_1_AutoML_7_20260420_25117_model_2,target_lag2,0.4859717265423387
0,2,0.2,XGBoost_grid_1_AutoML_7_20260420_25117_model_2,target_lag3,0.11710628883913156
0,2,0.2,XGBoost_grid_1_AutoML_7_20260420_25117_model_2,target_lag4,0.07869649888481942
0,2,0.2,XGBoost_grid_1_AutoML_7_20260420_25117_model_2,target_lag5,0.08318952340632674
0,2,0.2,XGBoost_grid_1_AutoML_7_20260420_25117_model_2,target_lag6,0.10096462714020159
0,2,0.2,XGBoost_grid_1_AutoML_7_20260420_25117_model_2,cov_HULL_lag1,0.14238238706253464
0,2,0.2,XGBoost_grid_1_AutoML_7_20260420_25117_model_2,cov_MUFL_lag1,2.2726603876799345
0,2,0.2,XGBoost_grid_1_AutoML_7_20260420_25117_model_2,cov_MULL_lag1,0.10529669029638168
0,2,0.2,XGBoost_grid_1_AutoML_7_20260420_25117_model_2,cov_LUFL_lag1,0.3187589091141126
0,2,0.2,XGBoost_grid_1_AutoML_7_20260420_25117_model_2,cov_LULL_lag1,0.08160633818246421
0,2,0.2,XGBoost_grid_1_AutoML_7_20260420_25117_model_2,cov_OT_lag1,0.177503923852928
0,2,0.2,XGBoost_grid_1_AutoML_7_20260420_25117_model_2,hour_lag1,0.5235206742584705
0,2,0.2,XGBoost_grid_1_AutoML_7_20260420_25117_model_2,day_of_week_lag1,0.05852714367443692
0,2,0.2,XGBoost_grid_1_AutoML_7_20260420_25117_model_2,month_lag1,0.05494434803957115
0,2,0.2,XGBoost_grid_1_AutoML_7_20260420_25117_model_2,month_sin,0.034885421026992804
0,2,0.2,XGBoost_grid_1_AutoML_7_20260420_25117_model_2,month_cos,0.03143162657011994
0,2,0.2,GBM_grid_1_AutoML_7_20260420_25117_model_2,target_lag1,2.1612963201850652
0,2,0.2,GBM_grid_1_AutoML_7_20260420_25117_model_2,target_lag2,0.3808688806556165
0,2,0.2,GBM_grid_1_AutoML_7_20260420_25117_model_2,target_lag3,0.45850588392466307
0,2,0.2,GBM_grid_1_AutoML_7_20260420_25117_model_2,target_lag4,0.05210165134631094
0,2,0.2,GBM_grid_1_AutoML_7_20260420_25117_model_2,target_lag5,0.09879568854579697
0,2,0.2,GBM_grid_1_AutoML_7_20260420_25117_model_2,target_lag6,0.10256590614095326
0,2,0.2,GBM_grid_1_AutoML_7_20260420_25117_model_2,cov_HULL_lag1,0.04444344345014537
0,2,0.2,GBM_grid_1_AutoML_7_20260420_25117_model_2,cov_MUFL_lag1,1.2404836901091039
0,2,0.2,GBM_grid_1_AutoML_7_20260420_25117_model_2,cov_MULL_lag1,0.09726404213346537
0,2,0.2,GBM_grid_1_AutoML_7_20260420_25117_model_2,cov_LUFL_lag1,0.3237493800371885
0,2,0.2,GBM_grid_1_AutoML_7_20260420_25117_model_2,cov_LULL_lag1,0.04232299173367205
0,2,0.2,GBM_grid_1_AutoML_7_20260420_25117_model_2,cov_OT_lag1,0.16433950394392005
0,2,0.2,GBM_grid_1_AutoML_7_20260420_25117_model_2,hour_lag1,0.31586612804268954
0,2,0.2,GBM_grid_1_AutoML_7_20260420_25117_model_2,day_of_week_lag1,0.047150244503281966
0,2,0.2,GBM_grid_1_AutoML_7_20260420_25117_model_2,month_lag1,0.204669836089015
0,2,0.2,GBM_grid_1_AutoML_7_20260420_25117_model_2,month_sin,0.01960192342870865
0,2,0.2,GBM_grid_1_AutoML_7_20260420_25117_model_2,month_cos,0.05503110196441407
0,2,0.2,GBM_3_AutoML_7_20260420_25117,target_lag1,2.315849221944809
0,2,0.2,GBM_3_AutoML_7_20260420_25117,target_lag2,0.22933604808524252
0,2,0.2,GBM_3_AutoML_7_20260420_25117,target_lag3,0.14753400094807145
0,2,0.2,GBM_3_AutoML_7_20260420_25117,target_lag4,0.042768019123468504
0,2,0.2,GBM_3_AutoML_7_20260420_25117,target_lag5,0.07458466008480169
0,2,0.2,GBM_3_AutoML_7_20260420_25117,target_lag6,0.08446863118442703
0,2,0.2,GBM_3_AutoML_7_20260420_25117,cov_HULL_lag1,0.14850890860427168
0,2,0.2,GBM_3_AutoML_7_20260420_25117,cov_MUFL_lag1,1.6184540518373252
0,2,0.2,GBM_3_AutoML_7_20260420_25117,cov_MULL_lag1,0.06349592069862407
0,2,0.2,GBM_3_AutoML_7_20260420_25117,cov_LUFL_lag1,0.23261388823390006
0,2,0.2,GBM_3_AutoML_7_20260420_25117,cov_LULL_lag1,0.10967454373836513
0,2,0.2,GBM_3_AutoML_7_20260420_25117,cov_OT_lag1,0.12186822293326255
0,2,0.2,GBM_3_AutoML_7_20260420_25117,hour_lag1,0.4154455866571516
0,2,0.2,GBM_3_AutoML_7_20260420_25117,day_of_week_lag1,0.0532980052044149
0,2,0.2,GBM_3_AutoML_7_20260420_25117,month_lag1,0.0963879991881549
0,2,0.2,GBM_3_AutoML_7_20260420_25117,month_sin,0.027576790553284766
0,2,0.2,GBM_3_AutoML_7_20260420_25117,month_cos,0.0406325600482523
0,2,0.2,XGBoost_grid_1_AutoML_7_20260420_25117_model_1,target_lag1,1.5617853116989135
0,2,0.2,XGBoost_grid_1_AutoML_7_20260420_25117_model_1,target_lag2,0.6401327989250422
0,2,0.2,XGBoost_grid_1_AutoML_7_20260420_25117_model_1,target_lag3,0.18537195560522376
0,2,0.2,XGBoost_grid_1_AutoML_7_20260420_25117_model_1,target_lag4,0.1534045611019246
0,2,0.2,XGBoost_grid_1_AutoML_7_20260420_25117_model_1,target_lag5,0.015731351852882602
0,2,0.2,XGBoost_grid_1_AutoML_7_20260420_25117_model_1,target_lag6,0.1357707645441405
0,2,0.2,XGBoost_grid_1_AutoML_7_20260420_25117_model_1,cov_HULL_lag1,0.0047509962518233586
0,2,0.2,XGBoost_grid_1_AutoML_7_20260420_25117_model_1,cov_MUFL_lag1,1.8090223329514266
0,2,0.2,XGBoost_grid_1_AutoML_7_20260420_25117_model_1,cov_MULL_lag1,0.09864973656833169
0,2,0.2,XGBoost_grid_1_AutoML_7_20260420_25117_model_1,cov_LUFL_lag1,0.4544630153477192
0,2,0.2,XGBoost_grid_1_AutoML_7_20260420_25117_model_1,cov_LULL_lag1,0.07642353590577837
0,2,0.2,XGBoost_grid_1_AutoML_7_20260420_25117_model_1,cov_OT_lag1,0.12793441284447904
0,2,0.2,XGBoost_grid_1_AutoML_7_20260420_25117_model_1,hour_lag1,0.5393284936808049
0,2,0.2,XGBoost_grid_1_AutoML_7_20260420_25117_model_1,day_of_week_lag1,0.03817621763795609
0,2,0.2,XGBoost_grid_1_AutoML_7_20260420_25117_model_1,month_lag1,0.13024435520172115
0,2,0.2,XGBoost_grid_1_AutoML_7_20260420_25117_model_1,month_sin,0.0
0,2,0.2,XGBoost_grid_1_AutoML_7_20260420_25117_model_1,month_cos,0.39226199597120287
0,2,0.2,XRT_1_AutoML_7_20260420_25117,target_lag1,1.1510686705261468
0,2,0.2,XRT_1_AutoML_7_20260420_25117,target_lag2,0.7669582840800285
0,2,0.2,XRT_1_AutoML_7_20260420_25117,target_lag3,0.4040556633565575
0,2,0.2,XRT_1_AutoML_7_20260420_25117,target_lag4,0.19620541034266348
0,2,0.2,XRT_1_AutoML_7_20260420_25117,target_lag5,0.1057896486856043
0,2,0.2,XRT_1_AutoML_7_20260420_25117,target_lag6,0.0778564123716205
0,2,0.2,XRT_1_AutoML_7_20260420_25117,cov_HULL_lag1,0.11862690361682322
0,2,0.2,XRT_1_AutoML_7_20260420_25117,cov_MUFL_lag1,1.2031805472727866
0,2,0.2,XRT_1_AutoML_7_20260420_25117,cov_MULL_lag1,0.09355438726022836
0,2,0.2,XRT_1_AutoML_7_20260420_25117,cov_LUFL_lag1,0.5732248731330037
0,2,0.2,XRT_1_AutoML_7_20260420_25117,cov_LULL_lag1,0.03782466118689622
0,2,0.2,XRT_1_AutoML_7_20260420_25117,cov_OT_lag1,0.14387079410254952
0,2,0.2,XRT_1_AutoML_7_20260420_25117,hour_lag1,5.2626778941042724
0,2,0.2,XRT_1_AutoML_7_20260420_25117,day_of_week_lag1,0.08237693407107141
0,2,0.2,XRT_1_AutoML_7_20260420_25117,month_lag1,0.27155150775797665
0,2,0.2,XRT_1_AutoML_7_20260420_25117,month_sin,0.03692082107998426
0,2,0.2,XRT_1_AutoML_7_20260420_25117,month_cos,0.3029899862036109
0,2,0.2,XGBoost_1_AutoML_7_20260420_25117,target_lag1,2.240115460753441
0,2,0.2,XGBoost_1_AutoML_7_20260420_25117,target_lag2,0.3474704829463735
0,2,0.2,XGBoost_1_AutoML_7_20260420_25117,target_lag3,0.28545871501322834
0,2,0.2,XGBoost_1_AutoML_7_20260420_25117,target_lag4,0.09609341951087114
0,2,0.2,XGBoost_1_AutoML_7_20260420_25117,target_lag5,0.08625671329908066
0,2,0.2,XGBoost_1_AutoML_7_20260420_25117,target_lag6,0.14567176323500458
0,2,0.2,XGBoost_1_AutoML_7_20260420_25117,cov_HULL_lag1,0.2058558627590537
0,2,0.2,XGBoost_1_AutoML_7_20260420_25117,cov_MUFL_lag1,1.848012882694602
0,2,0.2,XGBoost_1_AutoML_7_20260420_25117,cov_MULL_lag1,0.12456620724871752
0,2,0.2,XGBoost_1_AutoML_7_20260420_25117,cov_LUFL_lag1,0.33602608535438777
0,2,0.2,XGBoost_1_AutoML_7_20260420_25117,cov_LULL_lag1,0.09798824306402817
0,2,0.2,XGBoost_1_AutoML_7_20260420_25117,cov_OT_lag1,0.16203378193080417
0,2,0.2,XGBoost_1_AutoML_7_20260420_25117,hour_lag1,0.48397295286878944
0,2,0.2,XGBoost_1_AutoML_7_20260420_25117,day_of_week_lag1,0.08293173194862896
0,2,0.2,XGBoost_1_AutoML_7_20260420_25117,month_lag1,0.13892221242189404
0,2,0.2,XGBoost_1_AutoML_7_20260420_25117,month_sin,0.07268873854074624
0,2,0.2,XGBoost_1_AutoML_7_20260420_25117,month_cos,0.06416490041650828
0,2,0.2,DRF_1_AutoML_7_20260420_25117,target_lag1,1.172273951843381
0,2,0.2,DRF_1_AutoML_7_20260420_25117,target_lag2,0.5688914161734283
0,2,0.2,DRF_1_AutoML_7_20260420_25117,target_lag3,0.318433577362448
0,2,0.2,DRF_1_AutoML_7_20260420_25117,target_lag4,0.1553767272690311
0,2,0.2,DRF_1_AutoML_7_20260420_25117,target_lag5,0.08191034015151669
0,2,0.2,DRF_1_AutoML_7_20260420_25117,target_lag6,0.11279135006305292
0,2,0.2,DRF_1_AutoML_7_20260420_25117,cov_HULL_lag1,0.08325299602933224
0,2,0.2,DRF_1_AutoML_7_20260420_25117,cov_MUFL_lag1,1.2430510071478784
0,2,0.2,DRF_1_AutoML_7_20260420_25117,cov_MULL_lag1,0.056615961468778515
0,2,0.2,DRF_1_AutoML_7_20260420_25117,cov_LUFL_lag1,0.3135037106927484
0,2,0.2,DRF_1_AutoML_7_20260420_25117,cov_LULL_lag1,0.1227662159223109
0,2,0.2,DRF_1_AutoML_7_20260420_25117,cov_OT_lag1,0.15424692988395688
0,2,0.2,DRF_1_AutoML_7_20260420_25117,hour_lag1,0.29398053280310704
0,2,0.2,DRF_1_AutoML_7_20260420_25117,day_of_week_lag1,0.030122718075290277
0,2,0.2,DRF_1_AutoML_7_20260420_25117,month_lag1,0.1289604657143354
0,2,0.2,DRF_1_AutoML_7_20260420_25117,month_sin,0.022028466766278103
0,2,0.2,DRF_1_AutoML_7_20260420_25117,month_cos,0.11057996157556768
0,2,0.2,GBM_1_AutoML_7_20260420_25117,target_lag1,1.862331852465868
0,2,0.2,GBM_1_AutoML_7_20260420_25117,target_lag2,0.3044848278909922
0,2,0.2,GBM_1_AutoML_7_20260420_25117,target_lag3,0.4069165466353297
0,2,0.2,GBM_1_AutoML_7_20260420_25117,target_lag4,0.09886885308893394
0,2,0.2,GBM_1_AutoML_7_20260420_25117,target_lag5,0.07157088633859526
0,2,0.2,GBM_1_AutoML_7_20260420_25117,target_lag6,0.08593293940648433
0,2,0.2,GBM_1_AutoML_7_20260420_25117,cov_HULL_lag1,0.020333135499386073
0,2,0.2,GBM_1_AutoML_7_20260420_25117,cov_MUFL_lag1,1.5554019068181515
0,2,0.2,GBM_1_AutoML_7_20260420_25117,cov_MULL_lag1,0.045098461885936525
0,2,0.2,GBM_1_AutoML_7_20260420_25117,cov_LUFL_lag1,0.30870658077299595
0,2,0.2,GBM_1_AutoML_7_20260420_25117,cov_LULL_lag1,0.07205123241990802
0,2,0.2,GBM_1_AutoML_7_20260420_25117,cov_OT_lag1,0.14104448013007637
0,2,0.2,GBM_1_AutoML_7_20260420_25117,hour_lag1,0.4865501586999744
0,2,0.2,GBM_1_AutoML_7_20260420_25117,day_of_week_lag1,0.0058915582194458225
0,2,0.2,GBM_1_AutoML_7_20260420_25117,month_lag1,0.11090856023132797
0,2,0.2,GBM_1_AutoML_7_20260420_25117,month_sin,0.028779515586793383
0,2,0.2,GBM_1_AutoML_7_20260420_25117,month_cos,0.059557890035212
0,2,0.2,GBM_grid_1_AutoML_7_20260420_25117_model_1,target_lag1,0.9177314071264118
0,2,0.2,GBM_grid_1_AutoML_7_20260420_25117_model_1,target_lag2,0.4333975387713872
0,2,0.2,GBM_grid_1_AutoML_7_20260420_25117_model_1,target_lag3,0.7653387801349163
0,2,0.2,GBM_grid_1_AutoML_7_20260420_25117_model_1,target_lag4,0.11821355458581817
0,2,0.2,GBM_grid_1_AutoML_7_20260420_25117_model_1,target_lag5,0.24676516669569537
0,2,0.2,GBM_grid_1_AutoML_7_20260420_25117_model_1,target_lag6,0.23102302161976696
0,2,0.2,GBM_grid_1_AutoML_7_20260420_25117_model_1,cov_HULL_lag1,0.048058711744379215
0,2,0.2,GBM_grid_1_AutoML_7_20260420_25117_model_1,cov_MUFL_lag1,1.5135274451225995
0,2,0.2,GBM_grid_1_AutoML_7_20260420_25117_model_1,cov_MULL_lag1,0.11809558540582653
0,2,0.2,GBM_grid_1_AutoML_7_20260420_25117_model_1,cov_LUFL_lag1,0.4716880875825882
0,2,0.2,GBM_grid_1_AutoML_7_20260420_25117_model_1,cov_LULL_lag1,0.09416316758841273
0,2,0.2,GBM_grid_1_AutoML_7_20260420_25117_model_1,cov_OT_lag1,0.3053040465712547
0,2,0.2,GBM_grid_1_AutoML_7_20260420_25117_model_1,hour_lag1,0.4453692769270856
0,2,0.2,GBM_grid_1_AutoML_7_20260420_25117_model_1,day_of_week_lag1,0.042867619570461056
0,2,0.2,GBM_grid_1_AutoML_7_20260420_25117_model_1,month_lag1,0.1477276641875505
0,2,0.2,GBM_grid_1_AutoML_7_20260420_25117_model_1,month_sin,0.03106057737866645
0,2,0.2,GBM_grid_1_AutoML_7_20260420_25117_model_1,month_cos,0.08486021188087758
0,2,0.2,XGBoost_grid_1_AutoML_7_20260420_25117_model_6,target_lag1,2.511144877001643
0,2,0.2,XGBoost_grid_1_AutoML_7_20260420_25117_model_6,target_lag2,0.8491638729721308
0,2,0.2,XGBoost_grid_1_AutoML_7_20260420_25117_model_6,target_lag3,0.3080725913587958
0,2,0.2,XGBoost_grid_1_AutoML_7_20260420_25117_model_6,target_lag4,0.15396810267120598
0,2,0.2,XGBoost_grid_1_AutoML_7_20260420_25117_model_6,target_lag5,0.1730181285528306
0,2,0.2,XGBoost_grid_1_AutoML_7_20260420_25117_model_6,target_lag6,0.19654804707504808
0,2,0.2,XGBoost_grid_1_AutoML_7_20260420_25117_model_6,cov_HULL_lag1,0.22035434398800136
0,2,0.2,XGBoost_grid_1_AutoML_7_20260420_25117_model_6,cov_MUFL_lag1,0.9627101830672473
0,2,0.2,XGBoost_grid_1_AutoML_7_20260420_25117_model_6,cov_MULL_lag1,0.1340217452263459
0,2,0.2,XGBoost_grid_1_AutoML_7_20260420_25117_model_6,cov_LUFL_lag1,0.2591377182165161
0,2,0.2,XGBoost_grid_1_AutoML_7_20260420_25117_model_6,cov_LULL_lag1,0.057724991184804786
0,2,0.2,XGBoost_grid_1_AutoML_7_20260420_25117_model_6,cov_OT_lag1,0.24667724445462225
0,2,0.2,XGBoost_grid_1_AutoML_7_20260420_25117_model_6,hour_lag1,0.4260839257389307
0,2,0.2,XGBoost_grid_1_AutoML_7_20260420_25117_model_6,day_of_week_lag1,0.03333022423496
0,2,0.2,XGBoost_grid_1_AutoML_7_20260420_25117_model_6,month_lag1,0.07591471856227142
0,2,0.2,XGBoost_grid_1_AutoML_7_20260420_25117_model_6,month_sin,0.027285309736616862
0,2,0.2,XGBoost_grid_1_AutoML_7_20260420_25117_model_6,month_cos,0.04869788233190771
0,2,0.2,GBM_grid_1_AutoML_7_20260420_25117_model_3,target_lag1,1.3497053703665733
0,2,0.2,GBM_grid_1_AutoML_7_20260420_25117_model_3,target_lag2,0.37312921822071077
0,2,0.2,GBM_grid_1_AutoML_7_20260420_25117_model_3,target_lag3,0.5997714644856751
0,2,0.2,GBM_grid_1_AutoML_7_20260420_25117_model_3,target_lag4,0.20152881349436938
0,2,0.2,GBM_grid_1_AutoML_7_20260420_25117_model_3,target_lag5,0.22077666614204644
0,2,0.2,GBM_grid_1_AutoML_7_20260420_25117_model_3,target_lag6,0.139005141146481
0,2,0.2,GBM_grid_1_AutoML_7_20260420_25117_model_3,cov_HULL_lag1,0.08261236406397071
0,2,0.2,GBM_grid_1_AutoML_7_20260420_25117_model_3,cov_MUFL_lag1,1.4749062314070762
0,2,0.2,GBM_grid_1_AutoML_7_20260420_25117_model_3,cov_MULL_lag1,0.08792676058947105
0,2,0.2,GBM_grid_1_AutoML_7_20260420_25117_model_3,cov_LUFL_lag1,0.44310744360089305
0,2,0.2,GBM_grid_1_AutoML_7_20260420_25117_model_3,cov_LULL_lag1,0.05783614902291443
0,2,0.2,GBM_grid_1_AutoML_7_20260420_25117_model_3,cov_OT_lag1,0.16660301401279867
0,2,0.2,GBM_grid_1_AutoML_7_20260420_25117_model_3,hour_lag1,0.38473766348848587
0,2,0.2,GBM_grid_1_AutoML_7_20260420_25117_model_3,day_of_week_lag1,0.0594063340791035
0,2,0.2,GBM_grid_1_AutoML_7_20260420_25117_model_3,month_lag1,0.22732550943270324
0,2,0.2,GBM_grid_1_AutoML_7_20260420_25117_model_3,month_sin,0.03728642434987701
0,2,0.2,GBM_grid_1_AutoML_7_20260420_25117_model_3,month_cos,0.08710055949864906
0,2,0.2,XGBoost_grid_1_AutoML_7_20260420_25117_model_3,target_lag1,1.9250024131685495
0,2,0.2,XGBoost_grid_1_AutoML_7_20260420_25117_model_3,target_lag2,0.3089208844304085
0,2,0.2,XGBoost_grid_1_AutoML_7_20260420_25117_model_3,target_lag3,0.26907399129122495
0,2,0.2,XGBoost_grid_1_AutoML_7_20260420_25117_model_3,target_lag4,0.24878116320818663
0,2,0.2,XGBoost_grid_1_AutoML_7_20260420_25117_model_3,target_lag5,0.04902843507006759
0,2,0.2,XGBoost_grid_1_AutoML_7_20260420_25117_model_3,target_lag6,0.4495210730470717
0,2,0.2,XGBoost_grid_1_AutoML_7_20260420_25117_model_3,cov_HULL_lag1,0.04564128581900146
0,2,0.2,XGBoost_grid_1_AutoML_7_20260420_25117_model_3,cov_MUFL_lag1,1.2655728358030318
0,2,0.2,XGBoost_grid_1_AutoML_7_20260420_25117_model_3,cov_MULL_lag1,0.18303966194391244
0,2,0.2,XGBoost_grid_1_AutoML_7_20260420_25117_model_3,cov_LUFL_lag1,0.3934874306619167
0,2,0.2,XGBoost_grid_1_AutoML_7_20260420_25117_model_3,cov_LULL_lag1,0.04472807956859464
0,2,0.2,XGBoost_grid_1_AutoML_7_20260420_25117_model_3,cov_OT_lag1,0.23557760324329138
0,2,0.2,XGBoost_grid_1_AutoML_7_20260420_25117_model_3,hour_lag1,0.6581706362264231
0,2,0.2,XGBoost_grid_1_AutoML_7_20260420_25117_model_3,day_of_week_lag1,0.025324583339970497
0,2,0.2,XGBoost_grid_1_AutoML_7_20260420_25117_model_3,month_lag1,0.41122995167970655
0,2,0.2,XGBoost_grid_1_AutoML_7_20260420_25117_model_3,month_sin,0.008641978721134298
0,2,0.2,XGBoost_grid_1_AutoML_7_20260420_25117_model_3,month_cos,0.05589982300996775
0,2,0.3,XGBoost_grid_1_AutoML_7_20260420_25117_model_5,target_lag1,2.389322807788849
0,2,0.3,XGBoost_grid_1_AutoML_7_20260420_25117_model_5,target_lag2,0.3854920780472457
0,2,0.3,XGBoost_grid_1_AutoML_7_20260420_25117_model_5,target_lag3,0.1081502148788422
0,2,0.3,XGBoost_grid_1_AutoML_7_20260420_25117_model_5,target_lag4,0.3161027115164325
0,2,0.3,XGBoost_grid_1_AutoML_7_20260420_25117_model_5,target_lag5,0.021383318668231333
0,2,0.3,XGBoost_grid_1_AutoML_7_20260420_25117_model_5,target_lag6,0.16509269228437912
0,2,0.3,XGBoost_grid_1_AutoML_7_20260420_25117_model_5,cov_HULL_lag1,0.045318425940349655
0,2,0.3,XGBoost_grid_1_AutoML_7_20260420_25117_model_5,cov_MUFL_lag1,1.8366142254322768
0,2,0.3,XGBoost_grid_1_AutoML_7_20260420_25117_model_5,cov_MULL_lag1,0.12337339578662064
0,2,0.3,XGBoost_grid_1_AutoML_7_20260420_25117_model_5,cov_LUFL_lag1,0.3140390998311341
0,2,0.3,XGBoost_grid_1_AutoML_7_20260420_25117_model_5,cov_LULL_lag1,0.14515407457016408
0,2,0.3,XGBoost_grid_1_AutoML_7_20260420_25117_model_5,cov_OT_lag1,0.27998720966279506
0,2,0.3,XGBoost_grid_1_AutoML_7_20260420_25117_model_5,hour_lag1,0.6386008566617966
0,2,0.3,XGBoost_grid_1_AutoML_7_20260420_25117_model_5,day_of_week_lag1,0.016454375963658043
0,2,0.3,XGBoost_grid_1_AutoML_7_20260420_25117_model_5,month_lag1,0.082874072343111
0,2,0.3,XGBoost_grid_1_AutoML_7_20260420_25117_model_5,month_sin,0.012137578008696392
0,2,0.3,XGBoost_grid_1_AutoML_7_20260420_25117_model_5,month_cos,0.08490112199448045
0,2,0.3,GLM_1_AutoML_7_20260420_25117,target_lag1,2.8394551778244814
0,2,0.3,GLM_1_AutoML_7_20260420_25117,target_lag2,0.07769431299046582
0,2,0.3,GLM_1_AutoML_7_20260420_25117,target_lag3,0.9871029989366934
0,2,0.3,GLM_1_AutoML_7_20260420_25117,target_lag4,0.47965837826056557
0,2,0.3,GLM_1_AutoML_7_20260420_25117,target_lag5,0.09005457847184827
0,2,0.3,GLM_1_AutoML_7_20260420_25117,target_lag6,0.44120198692804297
0,2,0.3,GLM_1_AutoML_7_20260420_25117,cov_HULL_lag1,0.0672557018536899
0,2,0.3,GLM_1_AutoML_7_20260420_25117,cov_MUFL_lag1,3.800378118479098
0,2,0.3,GLM_1_AutoML_7_20260420_25117,cov_MULL_lag1,0.005692888244502452
0,2,0.3,GLM_1_AutoML_7_20260420_25117,cov_LUFL_lag1,0.08235469040337749
0,2,0.3,GLM_1_AutoML_7_20260420_25117,cov_LULL_lag1,0.017670576624296986
0,2,0.3,GLM_1_AutoML_7_20260420_25117,cov_OT_lag1,0.08524435646592053
0,2,0.3,GLM_1_AutoML_7_20260420_25117,hour_lag1,0.5160490942659314
0,2,0.3,GLM_1_AutoML_7_20260420_25117,day_of_week_lag1,0.012751038564931611
0,2,0.3,GLM_1_AutoML_7_20260420_25117,month_lag1,0.042266872853746536
0,2,0.3,GLM_1_AutoML_7_20260420_25117,month_sin,0.16395319779782935
0,2,0.3,GLM_1_AutoML_7_20260420_25117,month_cos,0.12280091806007806
0,2,0.3,GLM_1_AutoML_7_20260420_25117,year,0.0
0,2,0.3,GBM_5_AutoML_7_20260420_25117,target_lag1,1.9535675204917788
0,2,0.3,GBM_5_AutoML_7_20260420_25117,target_lag2,0.42219585701823237
0,2,0.3,GBM_5_AutoML_7_20260420_25117,target_lag3,0.30184466157108547
0,2,0.3,GBM_5_AutoML_7_20260420_25117,target_lag4,0.03889001518022264
0,2,0.3,GBM_5_AutoML_7_20260420_25117,target_lag5,0.04875144691090095
0,2,0.3,GBM_5_AutoML_7_20260420_25117,target_lag6,0.1056814740784466
0,2,0.3,GBM_5_AutoML_7_20260420_25117,cov_HULL_lag1,0.14729412321787091
0,2,0.3,GBM_5_AutoML_7_20260420_25117,cov_MUFL_lag1,1.7779058642685412
0,2,0.3,GBM_5_AutoML_7_20260420_25117,cov_MULL_lag1,0.11709864781703797
0,2,0.3,GBM_5_AutoML_7_20260420_25117,cov_LUFL_lag1,0.30679777279496195
0,2,0.3,GBM_5_AutoML_7_20260420_25117,cov_LULL_lag1,0.09295533834490921
0,2,0.3,GBM_5_AutoML_7_20260420_25117,cov_OT_lag1,0.10743227263446893
0,2,0.3,GBM_5_AutoML_7_20260420_25117,hour_lag1,0.45792257696390154
0,2,0.3,GBM_5_AutoML_7_20260420_25117,day_of_week_lag1,0.040346325454302084
0,2,0.3,GBM_5_AutoML_7_20260420_25117,month_lag1,0.10088019352406259
0,2,0.3,GBM_5_AutoML_7_20260420_25117,month_sin,0.03029953180070147
0,2,0.3,GBM_5_AutoML_7_20260420_25117,month_cos,0.0598562545748427
0,2,0.3,XGBoost_3_AutoML_7_20260420_25117,target_lag1,1.9366648339480161
0,2,0.3,XGBoost_3_AutoML_7_20260420_25117,target_lag2,1.5713197214901446
0,2,0.3,XGBoost_3_AutoML_7_20260420_25117,target_lag3,0.1343499835953116
0,2,0.3,XGBoost_3_AutoML_7_20260420_25117,target_lag4,0.12419798091053959
0,2,0.3,XGBoost_3_AutoML_7_20260420_25117,target_lag5,0.09739979985170062
0,2,0.3,XGBoost_3_AutoML_7_20260420_25117,target_lag6,0.26997064192779363
0,2,0.3,XGBoost_3_AutoML_7_20260420_25117,cov_HULL_lag1,0.2095193523238413
0,2,0.3,XGBoost_3_AutoML_7_20260420_25117,cov_MUFL_lag1,0.9545102496445179
0,2,0.3,XGBoost_3_AutoML_7_20260420_25117,cov_MULL_lag1,0.13240594655275342
0,2,0.3,XGBoost_3_AutoML_7_20260420_25117,cov_LUFL_lag1,0.35045539268525316
0,2,0.3,XGBoost_3_AutoML_7_20260420_25117,cov_LULL_lag1,0.1091970049217343
0,2,0.3,XGBoost_3_AutoML_7_20260420_25117,cov_OT_lag1,0.3262292616441846
0,2,0.3,XGBoost_3_AutoML_7_20260420_25117,hour_lag1,0.5239774905890227
0,2,0.3,XGBoost_3_AutoML_7_20260420_25117,day_of_week_lag1,0.03509528900496657
0,2,0.3,XGBoost_3_AutoML_7_20260420_25117,month_lag1,0.0516372179612517
0,2,0.3,XGBoost_3_AutoML_7_20260420_25117,month_sin,0.10322113812668246
0,2,0.3,XGBoost_3_AutoML_7_20260420_25117,month_cos,0.02992291823975389
0,2,0.3,GBM_2_AutoML_7_20260420_25117,target_lag1,1.639891871213913
0,2,0.3,GBM_2_AutoML_7_20260420_25117,target_lag2,0.5157664375007153
0,2,0.3,GBM_2_AutoML_7_20260420_25117,target_lag3,0.2866475463658571
0,2,0.3,GBM_2_AutoML_7_20260420_25117,target_lag4,0.07476892659440633
0,2,0.3,GBM_2_AutoML_7_20260420_25117,target_lag5,0.03929586861981075
0,2,0.3,GBM_2_AutoML_7_20260420_25117,target_lag6,0.12879177443683143
0,2,0.3,GBM_2_AutoML_7_20260420_25117,cov_HULL_lag1,0.0928191524010617
0,2,0.3,GBM_2_AutoML_7_20260420_25117,cov_MUFL_lag1,1.739729841016233
0,2,0.3,GBM_2_AutoML_7_20260420_25117,cov_MULL_lag1,0.05456070177257056
0,2,0.3,GBM_2_AutoML_7_20260420_25117,cov_LUFL_lag1,0.5072066992521286
0,2,0.3,GBM_2_AutoML_7_20260420_25117,cov_LULL_lag1,0.07308383887168016
0,2,0.3,GBM_2_AutoML_7_20260420_25117,cov_OT_lag1,0.188159903511405
0,2,0.3,GBM_2_AutoML_7_20260420_25117,hour_lag1,0.42748019318562
0,2,0.3,GBM_2_AutoML_7_20260420_25117,day_of_week_lag1,0.046903851253446156
0,2,0.3,GBM_2_AutoML_7_20260420_25117,month_lag1,0.06467625364079137
0,2,0.3,GBM_2_AutoML_7_20260420_25117,month_sin,0.02694637328619133
0,2,0.3,GBM_2_AutoML_7_20260420_25117,month_cos,0.04388789572287347
0,2,0.3,GBM_4_AutoML_7_20260420_25117,target_lag1,1.6861815867573022
0,2,0.3,GBM_4_AutoML_7_20260420_25117,target_lag2,0.43222880611894654
0,2,0.3,GBM_4_AutoML_7_20260420_25117,target_lag3,0.16503943789750333
0,2,0.3,GBM_4_AutoML_7_20260420_25117,target_lag4,0.049008299321867475
0,2,0.3,GBM_4_AutoML_7_20260420_25117,target_lag5,0.05510992709081616
0,2,0.3,GBM_4_AutoML_7_20260420_25117,target_lag6,0.07031756127951663
0,2,0.3,GBM_4_AutoML_7_20260420_25117,cov_HULL_lag1,0.15636331683490423
0,2,0.3,GBM_4_AutoML_7_20260420_25117,cov_MUFL_lag1,2.2271166101470588
0,2,0.3,GBM_4_AutoML_7_20260420_25117,cov_MULL_lag1,0.06104960201773788
0,2,0.3,GBM_4_AutoML_7_20260420_25117,cov_LUFL_lag1,0.259808639967232
0,2,0.3,GBM_4_AutoML_7_20260420_25117,cov_LULL_lag1,0.05842813337498225
0,2,0.3,GBM_4_AutoML_7_20260420_25117,cov_OT_lag1,0.1329967206669971
0,2,0.3,GBM_4_AutoML_7_20260420_25117,hour_lag1,0.4347463171184063
0,2,0.3,GBM_4_AutoML_7_20260420_25117,day_of_week_lag1,0.02643017666647206
0,2,0.3,GBM_4_AutoML_7_20260420_25117,month_lag1,0.07880409032106396
0,2,0.3,GBM_4_AutoML_7_20260420_25117,month_sin,0.015557876504026298
0,2,0.3,GBM_4_AutoML_7_20260420_25117,month_cos,0.06776208105497059
0,2,0.3,XGBoost_2_AutoML_7_20260420_25117,target_lag1,1.5246012580394745
0,2,0.3,XGBoost_2_AutoML_7_20260420_25117,target_lag2,1.2925188873521984
0,2,0.3,XGBoost_2_AutoML_7_20260420_25117,target_lag3,0.22678322363644837
0,2,0.3,XGBoost_2_AutoML_7_20260420_25117,target_lag4,0.0837186083680717
0,2,0.3,XGBoost_2_AutoML_7_20260420_25117,target_lag5,0.1394253868749365
0,2,0.3,XGBoost_2_AutoML_7_20260420_25117,target_lag6,0.24865769537631421
0,2,0.3,XGBoost_2_AutoML_7_20260420_25117,cov_HULL_lag1,0.16579443454276765
0,2,0.3,XGBoost_2_AutoML_7_20260420_25117,cov_MUFL_lag1,1.8010213883966208
0,2,0.3,XGBoost_2_AutoML_7_20260420_25117,cov_MULL_lag1,0.10787551617249842
0,2,0.3,XGBoost_2_AutoML_7_20260420_25117,cov_LUFL_lag1,0.2662968755047768
0,2,0.3,XGBoost_2_AutoML_7_20260420_25117,cov_LULL_lag1,0.08068106811493632
0,2,0.3,XGBoost_2_AutoML_7_20260420_25117,cov_OT_lag1,0.11456612721085545
0,2,0.3,XGBoost_2_AutoML_7_20260420_25117,hour_lag1,0.503078954149969
0,2,0.3,XGBoost_2_AutoML_7_20260420_25117,day_of_week_lag1,0.08005294735543426
0,2,0.3,XGBoost_2_AutoML_7_20260420_25117,month_lag1,0.12161184664815661
0,2,0.3,XGBoost_2_AutoML_7_20260420_25117,month_sin,0.04808855402661716
0,2,0.3,XGBoost_2_AutoML_7_20260420_25117,month_cos,0.038759116288274484
0,2,0.3,XGBoost_grid_1_AutoML_7_20260420_25117_model_4,target_lag1,1.743644403666258
0,2,0.3,XGBoost_grid_1_AutoML_7_20260420_25117_model_4,target_lag2,0.16199892126023765
0,2,0.3,XGBoost_grid_1_AutoML_7_20260420_25117_model_4,target_lag3,0.26740520615130664
0,2,0.3,XGBoost_grid_1_AutoML_7_20260420_25117_model_4,target_lag4,0.15189561747014518
0,2,0.3,XGBoost_grid_1_AutoML_7_20260420_25117_model_4,target_lag5,0.0864672715310007
0,2,0.3,XGBoost_grid_1_AutoML_7_20260420_25117_model_4,target_lag6,0.16577496072277426
0,2,0.3,XGBoost_grid_1_AutoML_7_20260420_25117_model_4,cov_HULL_lag1,0.10302999254316088
0,2,0.3,XGBoost_grid_1_AutoML_7_20260420_25117_model_4,cov_MUFL_lag1,2.323270521312952
0,2,0.3,XGBoost_grid_1_AutoML_7_20260420_25117_model_4,cov_MULL_lag1,0.08075359770795326
0,2,0.3,XGBoost_grid_1_AutoML_7_20260420_25117_model_4,cov_LUFL_lag1,0.3758362964354455
0,2,0.3,XGBoost_grid_1_AutoML_7_20260420_25117_model_4,cov_LULL_lag1,0.09985138376243409
0,2,0.3,XGBoost_grid_1_AutoML_7_20260420_25117_model_4,cov_OT_lag1,0.2411788526159944
0,2,0.3,XGBoost_grid_1_AutoML_7_20260420_25117_model_4,hour_lag1,0.5246309799700976
0,2,0.3,XGBoost_grid_1_AutoML_7_20260420_25117_model_4,day_of_week_lag1,0.01899196995189409
0,2,0.3,XGBoost_grid_1_AutoML_7_20260420_25117_model_4,month_lag1,0.07248698011040683
0,2,0.3,XGBoost_grid_1_AutoML_7_20260420_25117_model_4,month_sin,0.02834196692332621
0,2,0.3,XGBoost_grid_1_AutoML_7_20260420_25117_model_4,month_cos,0.0419391644140705
0,2,0.3,XGBoost_grid_1_AutoML_7_20260420_25117_model_2,target_lag1,1.7136255365610122
0,2,0.3,XGBoost_grid_1_AutoML_7_20260420_25117_model_2,target_lag2,0.4859717265423387
0,2,0.3,XGBoost_grid_1_AutoML_7_20260420_25117_model_2,target_lag3,0.11710628883913156
0,2,0.3,XGBoost_grid_1_AutoML_7_20260420_25117_model_2,target_lag4,0.07869649888481942
0,2,0.3,XGBoost_grid_1_AutoML_7_20260420_25117_model_2,target_lag5,0.08318952340632674
0,2,0.3,XGBoost_grid_1_AutoML_7_20260420_25117_model_2,target_lag6,0.10096462714020159
0,2,0.3,XGBoost_grid_1_AutoML_7_20260420_25117_model_2,cov_HULL_lag1,0.14238238706253464
0,2,0.3,XGBoost_grid_1_AutoML_7_20260420_25117_model_2,cov_MUFL_lag1,2.2726603876799345
0,2,0.3,XGBoost_grid_1_AutoML_7_20260420_25117_model_2,cov_MULL_lag1,0.10529669029638168
0,2,0.3,XGBoost_grid_1_AutoML_7_20260420_25117_model_2,cov_LUFL_lag1,0.3187589091141126
0,2,0.3,XGBoost_grid_1_AutoML_7_20260420_25117_model_2,cov_LULL_lag1,0.08160633818246421
0,2,0.3,XGBoost_grid_1_AutoML_7_20260420_25117_model_2,cov_OT_lag1,0.177503923852928
0,2,0.3,XGBoost_grid_1_AutoML_7_20260420_25117_model_2,hour_lag1,0.5235206742584705
0,2,0.3,XGBoost_grid_1_AutoML_7_20260420_25117_model_2,day_of_week_lag1,0.05852714367443692
0,2,0.3,XGBoost_grid_1_AutoML_7_20260420_25117_model_2,month_lag1,0.05494434803957115
0,2,0.3,XGBoost_grid_1_AutoML_7_20260420_25117_model_2,month_sin,0.034885421026992804
0,2,0.3,XGBoost_grid_1_AutoML_7_20260420_25117_model_2,month_cos,0.03143162657011994
0,2,0.3,GBM_grid_1_AutoML_7_20260420_25117_model_2,target_lag1,2.1612963201850652
0,2,0.3,GBM_grid_1_AutoML_7_20260420_25117_model_2,target_lag2,0.3808688806556165
0,2,0.3,GBM_grid_1_AutoML_7_20260420_25117_model_2,target_lag3,0.45850588392466307
0,2,0.3,GBM_grid_1_AutoML_7_20260420_25117_model_2,target_lag4,0.05210165134631094
0,2,0.3,GBM_grid_1_AutoML_7_20260420_25117_model_2,target_lag5,0.09879568854579697
0,2,0.3,GBM_grid_1_AutoML_7_20260420_25117_model_2,target_lag6,0.10256590614095326
0,2,0.3,GBM_grid_1_AutoML_7_20260420_25117_model_2,cov_HULL_lag1,0.04444344345014537
0,2,0.3,GBM_grid_1_AutoML_7_20260420_25117_model_2,cov_MUFL_lag1,1.2404836901091039
0,2,0.3,GBM_grid_1_AutoML_7_20260420_25117_model_2,cov_MULL_lag1,0.09726404213346537
0,2,0.3,GBM_grid_1_AutoML_7_20260420_25117_model_2,cov_LUFL_lag1,0.3237493800371885
0,2,0.3,GBM_grid_1_AutoML_7_20260420_25117_model_2,cov_LULL_lag1,0.04232299173367205
0,2,0.3,GBM_grid_1_AutoML_7_20260420_25117_model_2,cov_OT_lag1,0.16433950394392005
0,2,0.3,GBM_grid_1_AutoML_7_20260420_25117_model_2,hour_lag1,0.31586612804268954
0,2,0.3,GBM_grid_1_AutoML_7_20260420_25117_model_2,day_of_week_lag1,0.047150244503281966
0,2,0.3,GBM_grid_1_AutoML_7_20260420_25117_model_2,month_lag1,0.204669836089015
0,2,0.3,GBM_grid_1_AutoML_7_20260420_25117_model_2,month_sin,0.01960192342870865
0,2,0.3,GBM_grid_1_AutoML_7_20260420_25117_model_2,month_cos,0.05503110196441407
0,2,0.3,GBM_3_AutoML_7_20260420_25117,target_lag1,2.315849221944809
0,2,0.3,GBM_3_AutoML_7_20260420_25117,target_lag2,0.22933604808524252
0,2,0.3,GBM_3_AutoML_7_20260420_25117,target_lag3,0.14753400094807145
0,2,0.3,GBM_3_AutoML_7_20260420_25117,target_lag4,0.042768019123468504
0,2,0.3,GBM_3_AutoML_7_20260420_25117,target_lag5,0.07458466008480169
0,2,0.3,GBM_3_AutoML_7_20260420_25117,target_lag6,0.08446863118442703
0,2,0.3,GBM_3_AutoML_7_20260420_25117,cov_HULL_lag1,0.14850890860427168
0,2,0.3,GBM_3_AutoML_7_20260420_25117,cov_MUFL_lag1,1.6184540518373252
0,2,0.3,GBM_3_AutoML_7_20260420_25117,cov_MULL_lag1,0.06349592069862407
0,2,0.3,GBM_3_AutoML_7_20260420_25117,cov_LUFL_lag1,0.23261388823390006
0,2,0.3,GBM_3_AutoML_7_20260420_25117,cov_LULL_lag1,0.10967454373836513
0,2,0.3,GBM_3_AutoML_7_20260420_25117,cov_OT_lag1,0.12186822293326255
0,2,0.3,GBM_3_AutoML_7_20260420_25117,hour_lag1,0.4154455866571516
0,2,0.3,GBM_3_AutoML_7_20260420_25117,day_of_week_lag1,0.0532980052044149
0,2,0.3,GBM_3_AutoML_7_20260420_25117,month_lag1,0.0963879991881549
0,2,0.3,GBM_3_AutoML_7_20260420_25117,month_sin,0.027576790553284766
0,2,0.3,GBM_3_AutoML_7_20260420_25117,month_cos,0.0406325600482523
0,2,0.3,XGBoost_grid_1_AutoML_7_20260420_25117_model_1,target_lag1,1.5617853116989135
0,2,0.3,XGBoost_grid_1_AutoML_7_20260420_25117_model_1,target_lag2,0.6401327989250422
0,2,0.3,XGBoost_grid_1_AutoML_7_20260420_25117_model_1,target_lag3,0.18537195560522376
0,2,0.3,XGBoost_grid_1_AutoML_7_20260420_25117_model_1,target_lag4,0.1534045611019246
0,2,0.3,XGBoost_grid_1_AutoML_7_20260420_25117_model_1,target_lag5,0.015731351852882602
0,2,0.3,XGBoost_grid_1_AutoML_7_20260420_25117_model_1,target_lag6,0.1357707645441405
0,2,0.3,XGBoost_grid_1_AutoML_7_20260420_25117_model_1,cov_HULL_lag1,0.0047509962518233586
0,2,0.3,XGBoost_grid_1_AutoML_7_20260420_25117_model_1,cov_MUFL_lag1,1.8090223329514266
0,2,0.3,XGBoost_grid_1_AutoML_7_20260420_25117_model_1,cov_MULL_lag1,0.09864973656833169
0,2,0.3,XGBoost_grid_1_AutoML_7_20260420_25117_model_1,cov_LUFL_lag1,0.4544630153477192
0,2,0.3,XGBoost_grid_1_AutoML_7_20260420_25117_model_1,cov_LULL_lag1,0.07642353590577837
0,2,0.3,XGBoost_grid_1_AutoML_7_20260420_25117_model_1,cov_OT_lag1,0.12793441284447904
0,2,0.3,XGBoost_grid_1_AutoML_7_20260420_25117_model_1,hour_lag1,0.5393284936808049
0,2,0.3,XGBoost_grid_1_AutoML_7_20260420_25117_model_1,day_of_week_lag1,0.03817621763795609
0,2,0.3,XGBoost_grid_1_AutoML_7_20260420_25117_model_1,month_lag1,0.13024435520172115
0,2,0.3,XGBoost_grid_1_AutoML_7_20260420_25117_model_1,month_sin,0.0
0,2,0.3,XGBoost_grid_1_AutoML_7_20260420_25117_model_1,month_cos,0.39226199597120287
0,2,0.3,XRT_1_AutoML_7_20260420_25117,target_lag1,1.1510686705261468
0,2,0.3,XRT_1_AutoML_7_20260420_25117,target_lag2,0.7669582840800285
0,2,0.3,XRT_1_AutoML_7_20260420_25117,target_lag3,0.4040556633565575
0,2,0.3,XRT_1_AutoML_7_20260420_25117,target_lag4,0.19620541034266348
0,2,0.3,XRT_1_AutoML_7_20260420_25117,target_lag5,0.1057896486856043
0,2,0.3,XRT_1_AutoML_7_20260420_25117,target_lag6,0.0778564123716205
0,2,0.3,XRT_1_AutoML_7_20260420_25117,cov_HULL_lag1,0.11862690361682322
0,2,0.3,XRT_1_AutoML_7_20260420_25117,cov_MUFL_lag1,1.2031805472727866
0,2,0.3,XRT_1_AutoML_7_20260420_25117,cov_MULL_lag1,0.09355438726022836
0,2,0.3,XRT_1_AutoML_7_20260420_25117,cov_LUFL_lag1,0.5732248731330037
0,2,0.3,XRT_1_AutoML_7_20260420_25117,cov_LULL_lag1,0.03782466118689622
0,2,0.3,XRT_1_AutoML_7_20260420_25117,cov_OT_lag1,0.14387079410254952
0,2,0.3,XRT_1_AutoML_7_20260420_25117,hour_lag1,5.2626778941042724
0,2,0.3,XRT_1_AutoML_7_20260420_25117,day_of_week_lag1,0.08237693407107141
0,2,0.3,XRT_1_AutoML_7_20260420_25117,month_lag1,0.27155150775797665
0,2,0.3,XRT_1_AutoML_7_20260420_25117,month_sin,0.03692082107998426
0,2,0.3,XRT_1_AutoML_7_20260420_25117,month_cos,0.3029899862036109
0,2,0.3,XGBoost_1_AutoML_7_20260420_25117,target_lag1,2.240115460753441
0,2,0.3,XGBoost_1_AutoML_7_20260420_25117,target_lag2,0.3474704829463735
0,2,0.3,XGBoost_1_AutoML_7_20260420_25117,target_lag3,0.28545871501322834
0,2,0.3,XGBoost_1_AutoML_7_20260420_25117,target_lag4,0.09609341951087114
0,2,0.3,XGBoost_1_AutoML_7_20260420_25117,target_lag5,0.08625671329908066
0,2,0.3,XGBoost_1_AutoML_7_20260420_25117,target_lag6,0.14567176323500458
0,2,0.3,XGBoost_1_AutoML_7_20260420_25117,cov_HULL_lag1,0.2058558627590537
0,2,0.3,XGBoost_1_AutoML_7_20260420_25117,cov_MUFL_lag1,1.848012882694602
0,2,0.3,XGBoost_1_AutoML_7_20260420_25117,cov_MULL_lag1,0.12456620724871752
0,2,0.3,XGBoost_1_AutoML_7_20260420_25117,cov_LUFL_lag1,0.33602608535438777
0,2,0.3,XGBoost_1_AutoML_7_20260420_25117,cov_LULL_lag1,0.09798824306402817
0,2,0.3,XGBoost_1_AutoML_7_20260420_25117,cov_OT_lag1,0.16203378193080417
0,2,0.3,XGBoost_1_AutoML_7_20260420_25117,hour_lag1,0.48397295286878944
0,2,0.3,XGBoost_1_AutoML_7_20260420_25117,day_of_week_lag1,0.08293173194862896
0,2,0.3,XGBoost_1_AutoML_7_20260420_25117,month_lag1,0.13892221242189404
0,2,0.3,XGBoost_1_AutoML_7_20260420_25117,month_sin,0.07268873854074624
0,2,0.3,XGBoost_1_AutoML_7_20260420_25117,month_cos,0.06416490041650828
0,2,0.3,DRF_1_AutoML_7_20260420_25117,target_lag1,1.172273951843381
0,2,0.3,DRF_1_AutoML_7_20260420_25117,target_lag2,0.5688914161734283
0,2,0.3,DRF_1_AutoML_7_20260420_25117,target_lag3,0.318433577362448
0,2,0.3,DRF_1_AutoML_7_20260420_25117,target_lag4,0.1553767272690311
0,2,0.3,DRF_1_AutoML_7_20260420_25117,target_lag5,0.08191034015151669
0,2,0.3,DRF_1_AutoML_7_20260420_25117,target_lag6,0.11279135006305292
0,2,0.3,DRF_1_AutoML_7_20260420_25117,cov_HULL_lag1,0.08325299602933224
0,2,0.3,DRF_1_AutoML_7_20260420_25117,cov_MUFL_lag1,1.2430510071478784
0,2,0.3,DRF_1_AutoML_7_20260420_25117,cov_MULL_lag1,0.056615961468778515
0,2,0.3,DRF_1_AutoML_7_20260420_25117,cov_LUFL_lag1,0.3135037106927484
0,2,0.3,DRF_1_AutoML_7_20260420_25117,cov_LULL_lag1,0.1227662159223109
0,2,0.3,DRF_1_AutoML_7_20260420_25117,cov_OT_lag1,0.15424692988395688
0,2,0.3,DRF_1_AutoML_7_20260420_25117,hour_lag1,0.29398053280310704
0,2,0.3,DRF_1_AutoML_7_20260420_25117,day_of_week_lag1,0.030122718075290277
0,2,0.3,DRF_1_AutoML_7_20260420_25117,month_lag1,0.1289604657143354
0,2,0.3,DRF_1_AutoML_7_20260420_25117,month_sin,0.022028466766278103
0,2,0.3,DRF_1_AutoML_7_20260420_25117,month_cos,0.11057996157556768
0,2,0.3,GBM_1_AutoML_7_20260420_25117,target_lag1,1.862331852465868
0,2,0.3,GBM_1_AutoML_7_20260420_25117,target_lag2,0.3044848278909922
0,2,0.3,GBM_1_AutoML_7_20260420_25117,target_lag3,0.4069165466353297
0,2,0.3,GBM_1_AutoML_7_20260420_25117,target_lag4,0.09886885308893394
0,2,0.3,GBM_1_AutoML_7_20260420_25117,target_lag5,0.07157088633859526
0,2,0.3,GBM_1_AutoML_7_20260420_25117,target_lag6,0.08593293940648433
0,2,0.3,GBM_1_AutoML_7_20260420_25117,cov_HULL_lag1,0.020333135499386073
0,2,0.3,GBM_1_AutoML_7_20260420_25117,cov_MUFL_lag1,1.5554019068181515
0,2,0.3,GBM_1_AutoML_7_20260420_25117,cov_MULL_lag1,0.045098461885936525
0,2,0.3,GBM_1_AutoML_7_20260420_25117,cov_LUFL_lag1,0.30870658077299595
0,2,0.3,GBM_1_AutoML_7_20260420_25117,cov_LULL_lag1,0.07205123241990802
0,2,0.3,GBM_1_AutoML_7_20260420_25117,cov_OT_lag1,0.14104448013007637
0,2,0.3,GBM_1_AutoML_7_20260420_25117,hour_lag1,0.4865501586999744
0,2,0.3,GBM_1_AutoML_7_20260420_25117,day_of_week_lag1,0.0058915582194458225
0,2,0.3,GBM_1_AutoML_7_20260420_25117,month_lag1,0.11090856023132797
0,2,0.3,GBM_1_AutoML_7_20260420_25117,month_sin,0.028779515586793383
0,2,0.3,GBM_1_AutoML_7_20260420_25117,month_cos,0.059557890035212
0,2,0.3,GBM_grid_1_AutoML_7_20260420_25117_model_1,target_lag1,0.9177314071264118
0,2,0.3,GBM_grid_1_AutoML_7_20260420_25117_model_1,target_lag2,0.4333975387713872
0,2,0.3,GBM_grid_1_AutoML_7_20260420_25117_model_1,target_lag3,0.7653387801349163
0,2,0.3,GBM_grid_1_AutoML_7_20260420_25117_model_1,target_lag4,0.11821355458581817
0,2,0.3,GBM_grid_1_AutoML_7_20260420_25117_model_1,target_lag5,0.24676516669569537
0,2,0.3,GBM_grid_1_AutoML_7_20260420_25117_model_1,target_lag6,0.23102302161976696
0,2,0.3,GBM_grid_1_AutoML_7_20260420_25117_model_1,cov_HULL_lag1,0.048058711744379215
0,2,0.3,GBM_grid_1_AutoML_7_20260420_25117_model_1,cov_MUFL_lag1,1.5135274451225995
0,2,0.3,GBM_grid_1_AutoML_7_20260420_25117_model_1,cov_MULL_lag1,0.11809558540582653
0,2,0.3,GBM_grid_1_AutoML_7_20260420_25117_model_1,cov_LUFL_lag1,0.4716880875825882
0,2,0.3,GBM_grid_1_AutoML_7_20260420_25117_model_1,cov_LULL_lag1,0.09416316758841273
0,2,0.3,GBM_grid_1_AutoML_7_20260420_25117_model_1,cov_OT_lag1,0.3053040465712547
0,2,0.3,GBM_grid_1_AutoML_7_20260420_25117_model_1,hour_lag1,0.4453692769270856
0,2,0.3,GBM_grid_1_AutoML_7_20260420_25117_model_1,day_of_week_lag1,0.042867619570461056
0,2,0.3,GBM_grid_1_AutoML_7_20260420_25117_model_1,month_lag1,0.1477276641875505
0,2,0.3,GBM_grid_1_AutoML_7_20260420_25117_model_1,month_sin,0.03106057737866645
0,2,0.3,GBM_grid_1_AutoML_7_20260420_25117_model_1,month_cos,0.08486021188087758
0,2,0.3,XGBoost_grid_1_AutoML_7_20260420_25117_model_6,target_lag1,2.511144877001643
0,2,0.3,XGBoost_grid_1_AutoML_7_20260420_25117_model_6,target_lag2,0.8491638729721308
0,2,0.3,XGBoost_grid_1_AutoML_7_20260420_25117_model_6,target_lag3,0.3080725913587958
0,2,0.3,XGBoost_grid_1_AutoML_7_20260420_25117_model_6,target_lag4,0.15396810267120598
0,2,0.3,XGBoost_grid_1_AutoML_7_20260420_25117_model_6,target_lag5,0.1730181285528306
0,2,0.3,XGBoost_grid_1_AutoML_7_20260420_25117_model_6,target_lag6,0.19654804707504808
0,2,0.3,XGBoost_grid_1_AutoML_7_20260420_25117_model_6,cov_HULL_lag1,0.22035434398800136
0,2,0.3,XGBoost_grid_1_AutoML_7_20260420_25117_model_6,cov_MUFL_lag1,0.9627101830672473
0,2,0.3,XGBoost_grid_1_AutoML_7_20260420_25117_model_6,cov_MULL_lag1,0.1340217452263459
0,2,0.3,XGBoost_grid_1_AutoML_7_20260420_25117_model_6,cov_LUFL_lag1,0.2591377182165161
0,2,0.3,XGBoost_grid_1_AutoML_7_20260420_25117_model_6,cov_LULL_lag1,0.057724991184804786
0,2,0.3,XGBoost_grid_1_AutoML_7_20260420_25117_model_6,cov_OT_lag1,0.24667724445462225
0,2,0.3,XGBoost_grid_1_AutoML_7_20260420_25117_model_6,hour_lag1,0.4260839257389307
0,2,0.3,XGBoost_grid_1_AutoML_7_20260420_25117_model_6,day_of_week_lag1,0.03333022423496
0,2,0.3,XGBoost_grid_1_AutoML_7_20260420_25117_model_6,month_lag1,0.07591471856227142
0,2,0.3,XGBoost_grid_1_AutoML_7_20260420_25117_model_6,month_sin,0.027285309736616862
0,2,0.3,XGBoost_grid_1_AutoML_7_20260420_25117_model_6,month_cos,0.04869788233190771
0,2,0.3,GBM_grid_1_AutoML_7_20260420_25117_model_3,target_lag1,1.3497053703665733
0,2,0.3,GBM_grid_1_AutoML_7_20260420_25117_model_3,target_lag2,0.37312921822071077
0,2,0.3,GBM_grid_1_AutoML_7_20260420_25117_model_3,target_lag3,0.5997714644856751
0,2,0.3,GBM_grid_1_AutoML_7_20260420_25117_model_3,target_lag4,0.20152881349436938
0,2,0.3,GBM_grid_1_AutoML_7_20260420_25117_model_3,target_lag5,0.22077666614204644
0,2,0.3,GBM_grid_1_AutoML_7_20260420_25117_model_3,target_lag6,0.139005141146481
0,2,0.3,GBM_grid_1_AutoML_7_20260420_25117_model_3,cov_HULL_lag1,0.08261236406397071
0,2,0.3,GBM_grid_1_AutoML_7_20260420_25117_model_3,cov_MUFL_lag1,1.4749062314070762
0,2,0.3,GBM_grid_1_AutoML_7_20260420_25117_model_3,cov_MULL_lag1,0.08792676058947105
0,2,0.3,GBM_grid_1_AutoML_7_20260420_25117_model_3,cov_LUFL_lag1,0.44310744360089305
0,2,0.3,GBM_grid_1_AutoML_7_20260420_25117_model_3,cov_LULL_lag1,0.05783614902291443
0,2,0.3,GBM_grid_1_AutoML_7_20260420_25117_model_3,cov_OT_lag1,0.16660301401279867
0,2,0.3,GBM_grid_1_AutoML_7_20260420_25117_model_3,hour_lag1,0.38473766348848587
0,2,0.3,GBM_grid_1_AutoML_7_20260420_25117_model_3,day_of_week_lag1,0.0594063340791035
0,2,0.3,GBM_grid_1_AutoML_7_20260420_25117_model_3,month_lag1,0.22732550943270324
0,2,0.3,GBM_grid_1_AutoML_7_20260420_25117_model_3,month_sin,0.03728642434987701
0,2,0.3,GBM_grid_1_AutoML_7_20260420_25117_model_3,month_cos,0.08710055949864906
0,2,0.3,XGBoost_grid_1_AutoML_7_20260420_25117_model_3,target_lag1,1.9250024131685495
0,2,0.3,XGBoost_grid_1_AutoML_7_20260420_25117_model_3,target_lag2,0.3089208844304085
0,2,0.3,XGBoost_grid_1_AutoML_7_20260420_25117_model_3,target_lag3,0.26907399129122495
0,2,0.3,XGBoost_grid_1_AutoML_7_20260420_25117_model_3,target_lag4,0.24878116320818663
0,2,0.3,XGBoost_grid_1_AutoML_7_20260420_25117_model_3,target_lag5,0.04902843507006759
0,2,0.3,XGBoost_grid_1_AutoML_7_20260420_25117_model_3,target_lag6,0.4495210730470717
0,2,0.3,XGBoost_grid_1_AutoML_7_20260420_25117_model_3,cov_HULL_lag1,0.04564128581900146
0,2,0.3,XGBoost_grid_1_AutoML_7_20260420_25117_model_3,cov_MUFL_lag1,1.2655728358030318
0,2,0.3,XGBoost_grid_1_AutoML_7_20260420_25117_model_3,cov_MULL_lag1,0.18303966194391244
0,2,0.3,XGBoost_grid_1_AutoML_7_20260420_25117_model_3,cov_LUFL_lag1,0.3934874306619167
0,2,0.3,XGBoost_grid_1_AutoML_7_20260420_25117_model_3,cov_LULL_lag1,0.04472807956859464
0,2,0.3,XGBoost_grid_1_AutoML_7_20260420_25117_model_3,cov_OT_lag1,0.23557760324329138
0,2,0.3,XGBoost_grid_1_AutoML_7_20260420_25117_model_3,hour_lag1,0.6581706362264231
0,2,0.3,XGBoost_grid_1_AutoML_7_20260420_25117_model_3,day_of_week_lag1,0.025324583339970497
0,2,0.3,XGBoost_grid_1_AutoML_7_20260420_25117_model_3,month_lag1,0.41122995167970655
0,2,0.3,XGBoost_grid_1_AutoML_7_20260420_25117_model_3,month_sin,0.008641978721134298
0,2,0.3,XGBoost_grid_1_AutoML_7_20260420_25117_model_3,month_cos,0.05589982300996775
1,2,0.02,GBM_3_AutoML_8_20260420_25624,target_lag1,1.301626030653715
1,2,0.02,GBM_3_AutoML_8_20260420_25624,target_lag2,0.14711905314587054
1,2,0.02,GBM_3_AutoML_8_20260420_25624,target_lag3,0.07323315244982948
1,2,0.02,GBM_3_AutoML_8_20260420_25624,target_lag4,0.15728863272350277
1,2,0.02,GBM_3_AutoML_8_20260420_25624,target_lag5,0.08694271678337824
1,2,0.02,GBM_3_AutoML_8_20260420_25624,target_lag6,0.20317899051122368
1,2,0.02,GBM_3_AutoML_8_20260420_25624,cov_HULL_lag1,0.07479124284349378
1,2,0.02,GBM_3_AutoML_8_20260420_25624,cov_MUFL_lag1,2.6007804763130844
1,2,0.02,GBM_3_AutoML_8_20260420_25624,cov_MULL_lag1,0.14386263685300943
1,2,0.02,GBM_3_AutoML_8_20260420_25624,cov_LUFL_lag1,0.21168126112781466
1,2,0.02,GBM_3_AutoML_8_20260420_25624,cov_LULL_lag1,0.06995467471890147
1,2,0.02,GBM_3_AutoML_8_20260420_25624,cov_OT_lag1,0.1531438693962991
1,2,0.02,GBM_3_AutoML_8_20260420_25624,hour_lag1,0.8472014213353396
1,2,0.02,GBM_3_AutoML_8_20260420_25624,day_of_week_lag1,0.03909956586547191
1,2,0.02,GBM_3_AutoML_8_20260420_25624,month_lag1,0.11284521122113798
1,2,0.02,GBM_3_AutoML_8_20260420_25624,month_sin,0.2874578073620796
1,2,0.02,GBM_3_AutoML_8_20260420_25624,month_cos,0.046023082076571846
1,2,0.05,GBM_3_AutoML_8_20260420_25624,target_lag1,1.301626030653715
1,2,0.05,GBM_3_AutoML_8_20260420_25624,target_lag2,0.14711905314587054
1,2,0.05,GBM_3_AutoML_8_20260420_25624,target_lag3,0.07323315244982948
1,2,0.05,GBM_3_AutoML_8_20260420_25624,target_lag4,0.15728863272350277
1,2,0.05,GBM_3_AutoML_8_20260420_25624,target_lag5,0.08694271678337824
1,2,0.05,GBM_3_AutoML_8_20260420_25624,target_lag6,0.20317899051122368
1,2,0.05,GBM_3_AutoML_8_20260420_25624,cov_HULL_lag1,0.07479124284349378
1,2,0.05,GBM_3_AutoML_8_20260420_25624,cov_MUFL_lag1,2.6007804763130844
1,2,0.05,GBM_3_AutoML_8_20260420_25624,cov_MULL_lag1,0.14386263685300943
1,2,0.05,GBM_3_AutoML_8_20260420_25624,cov_LUFL_lag1,0.21168126112781466
1,2,0.05,GBM_3_AutoML_8_20260420_25624,cov_LULL_lag1,0.06995467471890147
1,2,0.05,GBM_3_AutoML_8_20260420_25624,cov_OT_lag1,0.1531438693962991
1,2,0.05,GBM_3_AutoML_8_20260420_25624,hour_lag1,0.8472014213353396
1,2,0.05,GBM_3_AutoML_8_20260420_25624,day_of_week_lag1,0.03909956586547191
1,2,0.05,GBM_3_AutoML_8_20260420_25624,month_lag1,0.11284521122113798
1,2,0.05,GBM_3_AutoML_8_20260420_25624,month_sin,0.2874578073620796
1,2,0.05,GBM_3_AutoML_8_20260420_25624,month_cos,0.046023082076571846
1,2,0.05,GBM_2_AutoML_8_20260420_25624,target_lag1,1.1843260335177184
1,2,0.05,GBM_2_AutoML_8_20260420_25624,target_lag2,0.27433315824950116
1,2,0.05,GBM_2_AutoML_8_20260420_25624,target_lag3,0.2964846435748041
1,2,0.05,GBM_2_AutoML_8_20260420_25624,target_lag4,0.14471632281318303
1,2,0.05,GBM_2_AutoML_8_20260420_25624,target_lag5,0.07362644599401387
1,2,0.05,GBM_2_AutoML_8_20260420_25624,target_lag6,0.12488357815091146
1,2,0.05,GBM_2_AutoML_8_20260420_25624,cov_HULL_lag1,0.044221634440909804
1,2,0.05,GBM_2_AutoML_8_20260420_25624,cov_MUFL_lag1,2.1298137639462946
1,2,0.05,GBM_2_AutoML_8_20260420_25624,cov_MULL_lag1,0.07684733208268878
1,2,0.05,GBM_2_AutoML_8_20260420_25624,cov_LUFL_lag1,0.19614288809709252
1,2,0.05,GBM_2_AutoML_8_20260420_25624,cov_LULL_lag1,0.047644242197275116
1,2,0.05,GBM_2_AutoML_8_20260420_25624,cov_OT_lag1,0.1264310643752105
1,2,0.05,GBM_2_AutoML_8_20260420_25624,hour_lag1,0.9454137566685676
1,2,0.05,GBM_2_AutoML_8_20260420_25624,day_of_week_lag1,0.04330281640286554
1,2,0.05,GBM_2_AutoML_8_20260420_25624,month_lag1,0.10689774353522803
1,2,0.05,GBM_2_AutoML_8_20260420_25624,month_sin,0.2842473930679262
1,2,0.05,GBM_2_AutoML_8_20260420_25624,month_cos,0.04367096541449423
1,2,0.05,GBM_1_AutoML_8_20260420_25624,target_lag1,1.6155199965834617
1,2,0.05,GBM_1_AutoML_8_20260420_25624,target_lag2,0.09515395405236628
1,2,0.05,GBM_1_AutoML_8_20260420_25624,target_lag3,0.10738105104770508
1,2,0.05,GBM_1_AutoML_8_20260420_25624,target_lag4,0.11964629260357466
1,2,0.05,GBM_1_AutoML_8_20260420_25624,target_lag5,0.11355689086019989
1,2,0.05,GBM_1_AutoML_8_20260420_25624,target_lag6,0.20720158996991814
1,2,0.05,GBM_1_AutoML_8_20260420_25624,cov_HULL_lag1,0.07705015627201643
1,2,0.05,GBM_1_AutoML_8_20260420_25624,cov_MUFL_lag1,2.2838045546412467
1,2,0.05,GBM_1_AutoML_8_20260420_25624,cov_MULL_lag1,0.11426424417644736
1,2,0.05,GBM_1_AutoML_8_20260420_25624,cov_LUFL_lag1,0.20872440805658699
1,2,0.05,GBM_1_AutoML_8_20260420_25624,cov_LULL_lag1,0.03383832234394499
1,2,0.05,GBM_1_AutoML_8_20260420_25624,cov_OT_lag1,0.09253802539780732
1,2,0.05,GBM_1_AutoML_8_20260420_25624,hour_lag1,0.8324589053494855
1,2,0.05,GBM_1_AutoML_8_20260420_25624,day_of_week_lag1,0.027106157914968163
1,2,0.05,GBM_1_AutoML_8_20260420_25624,month_lag1,0.09497213350317903
1,2,0.05,GBM_1_AutoML_8_20260420_25624,month_sin,0.23968810248188674
1,2,0.05,GBM_1_AutoML_8_20260420_25624,month_cos,0.037714714559842794
1,2,0.05,GBM_5_AutoML_8_20260420_25624,target_lag1,1.3332385713234545
1,2,0.05,GBM_5_AutoML_8_20260420_25624,target_lag2,0.33853227892890575
1,2,0.05,GBM_5_AutoML_8_20260420_25624,target_lag3,0.08438099899794903
1,2,0.05,GBM_5_AutoML_8_20260420_25624,target_lag4,0.12483059592545029
1,2,0.05,GBM_5_AutoML_8_20260420_25624,target_lag5,0.07258305560215372
1,2,0.05,GBM_5_AutoML_8_20260420_25624,target_lag6,0.12295857968681954
1,2,0.05,GBM_5_AutoML_8_20260420_25624,cov_HULL_lag1,0.08533517433796073
1,2,0.05,GBM_5_AutoML_8_20260420_25624,cov_MUFL_lag1,2.1462957484275105
1,2,0.05,GBM_5_AutoML_8_20260420_25624,cov_MULL_lag1,0.1210574084287509
1,2,0.05,GBM_5_AutoML_8_20260420_25624,cov_LUFL_lag1,0.19281624394468963
1,2,0.05,GBM_5_AutoML_8_20260420_25624,cov_LULL_lag1,0.0543516354107123
1,2,0.05,GBM_5_AutoML_8_20260420_25624,cov_OT_lag1,0.16562016469983065
1,2,0.05,GBM_5_AutoML_8_20260420_25624,hour_lag1,1.0441794185340405
1,2,0.05,GBM_5_AutoML_8_20260420_25624,day_of_week_lag1,0.026622678935527753
1,2,0.05,GBM_5_AutoML_8_20260420_25624,month_lag1,0.15104246827773746
1,2,0.05,GBM_5_AutoML_8_20260420_25624,month_sin,0.325992010384798
1,2,0.05,GBM_5_AutoML_8_20260420_25624,month_cos,0.06288475861249022
1,2,0.05,XGBoost_grid_1_AutoML_8_20260420_25624_model_5,target_lag1,1.838597880192101
1,2,0.05,XGBoost_grid_1_AutoML_8_20260420_25624_model_5,target_lag2,0.15306590517982838
1,2,0.05,XGBoost_grid_1_AutoML_8_20260420_25624_model_5,target_lag3,0.09383160008117553
1,2,0.05,XGBoost_grid_1_AutoML_8_20260420_25624_model_5,target_lag4,0.021832240521907752
1,2,0.05,XGBoost_grid_1_AutoML_8_20260420_25624_model_5,target_lag5,0.37152631834149363
1,2,0.05,XGBoost_grid_1_AutoML_8_20260420_25624_model_5,target_lag6,0.18055339911021293
1,2,0.05,XGBoost_grid_1_AutoML_8_20260420_25624_model_5,cov_HULL_lag1,0.06609117100015278
1,2,0.05,XGBoost_grid_1_AutoML_8_20260420_25624_model_5,cov_MUFL_lag1,2.177182839214802
1,2,0.05,XGBoost_grid_1_AutoML_8_20260420_25624_model_5,cov_MULL_lag1,0.13565783749800173
1,2,0.05,XGBoost_grid_1_AutoML_8_20260420_25624_model_5,cov_LUFL_lag1,0.2013871212443337
1,2,0.05,XGBoost_grid_1_AutoML_8_20260420_25624_model_5,cov_LULL_lag1,0.03408935968764122
1,2,0.05,XGBoost_grid_1_AutoML_8_20260420_25624_model_5,cov_OT_lag1,0.20045724180061367
1,2,0.05,XGBoost_grid_1_AutoML_8_20260420_25624_model_5,hour_lag1,0.9347786612436175
1,2,0.05,XGBoost_grid_1_AutoML_8_20260420_25624_model_5,day_of_week_lag1,0.035783970085903956
1,2,0.05,XGBoost_grid_1_AutoML_8_20260420_25624_model_5,month_lag1,0.13614823744166638
1,2,0.05,XGBoost_grid_1_AutoML_8_20260420_25624_model_5,month_sin,0.32561244055628774
1,2,0.05,XGBoost_grid_1_AutoML_8_20260420_25624_model_5,month_cos,0.05583245475776488
1,2,0.05,XGBoost_grid_1_AutoML_8_20260420_25624_model_1,target_lag1,1.6890559904649853
1,2,0.05,XGBoost_grid_1_AutoML_8_20260420_25624_model_1,target_lag2,0.2845164630934596
1,2,0.05,XGBoost_grid_1_AutoML_8_20260420_25624_model_1,target_lag3,0.11951496376539578
1,2,0.05,XGBoost_grid_1_AutoML_8_20260420_25624_model_1,target_lag4,0.10665171462576833
1,2,0.05,XGBoost_grid_1_AutoML_8_20260420_25624_model_1,target_lag5,0.07519742063246664
1,2,0.05,XGBoost_grid_1_AutoML_8_20260420_25624_model_1,target_lag6,0.06814882043749089
1,2,0.05,XGBoost_grid_1_AutoML_8_20260420_25624_model_1,cov_HULL_lag1,0.05477250141790133
1,2,0.05,XGBoost_grid_1_AutoML_8_20260420_25624_model_1,cov_MUFL_lag1,1.9659303239174186
1,2,0.05,XGBoost_grid_1_AutoML_8_20260420_25624_model_1,cov_MULL_lag1,0.1650994309410453
1,2,0.05,XGBoost_grid_1_AutoML_8_20260420_25624_model_1,cov_LUFL_lag1,0.28361878619063646
1,2,0.05,XGBoost_grid_1_AutoML_8_20260420_25624_model_1,cov_LULL_lag1,0.09241653962060806
1,2,0.05,XGBoost_grid_1_AutoML_8_20260420_25624_model_1,cov_OT_lag1,0.1969135646772338
1,2,0.05,XGBoost_grid_1_AutoML_8_20260420_25624_model_1,hour_lag1,0.9883626416325569
1,2,0.05,XGBoost_grid_1_AutoML_8_20260420_25624_model_1,day_of_week_lag1,0.06395227737433738
1,2,0.05,XGBoost_grid_1_AutoML_8_20260420_25624_model_1,month_lag1,0.25674314411357047
1,2,0.05,XGBoost_grid_1_AutoML_8_20260420_25624_model_1,month_sin,0.3032573784887791
1,2,0.05,XGBoost_grid_1_AutoML_8_20260420_25624_model_1,month_cos,0.07091308792121705
1,2,0.05,XGBoost_3_AutoML_8_20260420_25624,target_lag1,2.1494515187898653
1,2,0.05,XGBoost_3_AutoML_8_20260420_25624,target_lag2,0.6992129186540842
1,2,0.05,XGBoost_3_AutoML_8_20260420_25624,target_lag3,0.13495960578322408
1,2,0.05,XGBoost_3_AutoML_8_20260420_25624,target_lag4,0.25684487437829373
1,2,0.05,XGBoost_3_AutoML_8_20260420_25624,target_lag5,0.05477579995524133
1,2,0.05,XGBoost_3_AutoML_8_20260420_25624,target_lag6,0.1969575287681073
1,2,0.05,XGBoost_3_AutoML_8_20260420_25624,cov_HULL_lag1,0.060345285788353034
1,2,0.05,XGBoost_3_AutoML_8_20260420_25624,cov_MUFL_lag1,1.2873405568976886
1,2,0.05,XGBoost_3_AutoML_8_20260420_25624,cov_MULL_lag1,0.1248840078571811
1,2,0.05,XGBoost_3_AutoML_8_20260420_25624,cov_LUFL_lag1,0.3334170280583203
1,2,0.05,XGBoost_3_AutoML_8_20260420_25624,cov_LULL_lag1,0.11880634669447314
1,2,0.05,XGBoost_3_AutoML_8_20260420_25624,cov_OT_lag1,0.26946464903652667
1,2,0.05,XGBoost_3_AutoML_8_20260420_25624,hour_lag1,1.162561916448176
1,2,0.05,XGBoost_3_AutoML_8_20260420_25624,day_of_week_lag1,0.054762757524149455
1,2,0.05,XGBoost_3_AutoML_8_20260420_25624,month_lag1,0.11092883511446411
1,2,0.05,XGBoost_3_AutoML_8_20260420_25624,month_sin,0.29006840877234935
1,2,0.05,XGBoost_3_AutoML_8_20260420_25624,month_cos,0.054254040680825656
1,2,0.1,GBM_3_AutoML_8_20260420_25624,target_lag1,1.301626030653715
1,2,0.1,GBM_3_AutoML_8_20260420_25624,target_lag2,0.14711905314587054
1,2,0.1,GBM_3_AutoML_8_20260420_25624,target_lag3,0.07323315244982948
1,2,0.1,GBM_3_AutoML_8_20260420_25624,target_lag4,0.15728863272350277
1,2,0.1,GBM_3_AutoML_8_20260420_25624,target_lag5,0.08694271678337824
1,2,0.1,GBM_3_AutoML_8_20260420_25624,target_lag6,0.20317899051122368
1,2,0.1,GBM_3_AutoML_8_20260420_25624,cov_HULL_lag1,0.07479124284349378
1,2,0.1,GBM_3_AutoML_8_20260420_25624,cov_MUFL_lag1,2.6007804763130844
1,2,0.1,GBM_3_AutoML_8_20260420_25624,cov_MULL_lag1,0.14386263685300943
1,2,0.1,GBM_3_AutoML_8_20260420_25624,cov_LUFL_lag1,0.21168126112781466
1,2,0.1,GBM_3_AutoML_8_20260420_25624,cov_LULL_lag1,0.06995467471890147
1,2,0.1,GBM_3_AutoML_8_20260420_25624,cov_OT_lag1,0.1531438693962991
1,2,0.1,GBM_3_AutoML_8_20260420_25624,hour_lag1,0.8472014213353396
1,2,0.1,GBM_3_AutoML_8_20260420_25624,day_of_week_lag1,0.03909956586547191
1,2,0.1,GBM_3_AutoML_8_20260420_25624,month_lag1,0.11284521122113798
1,2,0.1,GBM_3_AutoML_8_20260420_25624,month_sin,0.2874578073620796
1,2,0.1,GBM_3_AutoML_8_20260420_25624,month_cos,0.046023082076571846
1,2,0.1,GBM_2_AutoML_8_20260420_25624,target_lag1,1.1843260335177184
1,2,0.1,GBM_2_AutoML_8_20260420_25624,target_lag2,0.27433315824950116
1,2,0.1,GBM_2_AutoML_8_20260420_25624,target_lag3,0.2964846435748041
1,2,0.1,GBM_2_AutoML_8_20260420_25624,target_lag4,0.14471632281318303
1,2,0.1,GBM_2_AutoML_8_20260420_25624,target_lag5,0.07362644599401387
1,2,0.1,GBM_2_AutoML_8_20260420_25624,target_lag6,0.12488357815091146
1,2,0.1,GBM_2_AutoML_8_20260420_25624,cov_HULL_lag1,0.044221634440909804
1,2,0.1,GBM_2_AutoML_8_20260420_25624,cov_MUFL_lag1,2.1298137639462946
1,2,0.1,GBM_2_AutoML_8_20260420_25624,cov_MULL_lag1,0.07684733208268878
1,2,0.1,GBM_2_AutoML_8_20260420_25624,cov_LUFL_lag1,0.19614288809709252
1,2,0.1,GBM_2_AutoML_8_20260420_25624,cov_LULL_lag1,0.047644242197275116
1,2,0.1,GBM_2_AutoML_8_20260420_25624,cov_OT_lag1,0.1264310643752105
1,2,0.1,GBM_2_AutoML_8_20260420_25624,hour_lag1,0.9454137566685676
1,2,0.1,GBM_2_AutoML_8_20260420_25624,day_of_week_lag1,0.04330281640286554
1,2,0.1,GBM_2_AutoML_8_20260420_25624,month_lag1,0.10689774353522803
1,2,0.1,GBM_2_AutoML_8_20260420_25624,month_sin,0.2842473930679262
1,2,0.1,GBM_2_AutoML_8_20260420_25624,month_cos,0.04367096541449423
1,2,0.1,GBM_1_AutoML_8_20260420_25624,target_lag1,1.6155199965834617
1,2,0.1,GBM_1_AutoML_8_20260420_25624,target_lag2,0.09515395405236628
1,2,0.1,GBM_1_AutoML_8_20260420_25624,target_lag3,0.10738105104770508
1,2,0.1,GBM_1_AutoML_8_20260420_25624,target_lag4,0.11964629260357466
1,2,0.1,GBM_1_AutoML_8_20260420_25624,target_lag5,0.11355689086019989
1,2,0.1,GBM_1_AutoML_8_20260420_25624,target_lag6,0.20720158996991814
1,2,0.1,GBM_1_AutoML_8_20260420_25624,cov_HULL_lag1,0.07705015627201643
1,2,0.1,GBM_1_AutoML_8_20260420_25624,cov_MUFL_lag1,2.2838045546412467
1,2,0.1,GBM_1_AutoML_8_20260420_25624,cov_MULL_lag1,0.11426424417644736
1,2,0.1,GBM_1_AutoML_8_20260420_25624,cov_LUFL_lag1,0.20872440805658699
1,2,0.1,GBM_1_AutoML_8_20260420_25624,cov_LULL_lag1,0.03383832234394499
1,2,0.1,GBM_1_AutoML_8_20260420_25624,cov_OT_lag1,0.09253802539780732
1,2,0.1,GBM_1_AutoML_8_20260420_25624,hour_lag1,0.8324589053494855
1,2,0.1,GBM_1_AutoML_8_20260420_25624,day_of_week_lag1,0.027106157914968163
1,2,0.1,GBM_1_AutoML_8_20260420_25624,month_lag1,0.09497213350317903
1,2,0.1,GBM_1_AutoML_8_20260420_25624,month_sin,0.23968810248188674
1,2,0.1,GBM_1_AutoML_8_20260420_25624,month_cos,0.037714714559842794
1,2,0.1,GBM_5_AutoML_8_20260420_25624,target_lag1,1.3332385713234545
1,2,0.1,GBM_5_AutoML_8_20260420_25624,target_lag2,0.33853227892890575
1,2,0.1,GBM_5_AutoML_8_20260420_25624,target_lag3,0.08438099899794903
1,2,0.1,GBM_5_AutoML_8_20260420_25624,target_lag4,0.12483059592545029
1,2,0.1,GBM_5_AutoML_8_20260420_25624,target_lag5,0.07258305560215372
1,2,0.1,GBM_5_AutoML_8_20260420_25624,target_lag6,0.12295857968681954
1,2,0.1,GBM_5_AutoML_8_20260420_25624,cov_HULL_lag1,0.08533517433796073
1,2,0.1,GBM_5_AutoML_8_20260420_25624,cov_MUFL_lag1,2.1462957484275105
1,2,0.1,GBM_5_AutoML_8_20260420_25624,cov_MULL_lag1,0.1210574084287509
1,2,0.1,GBM_5_AutoML_8_20260420_25624,cov_LUFL_lag1,0.19281624394468963
1,2,0.1,GBM_5_AutoML_8_20260420_25624,cov_LULL_lag1,0.0543516354107123
1,2,0.1,GBM_5_AutoML_8_20260420_25624,cov_OT_lag1,0.16562016469983065
1,2,0.1,GBM_5_AutoML_8_20260420_25624,hour_lag1,1.0441794185340405
1,2,0.1,GBM_5_AutoML_8_20260420_25624,day_of_week_lag1,0.026622678935527753
1,2,0.1,GBM_5_AutoML_8_20260420_25624,month_lag1,0.15104246827773746
1,2,0.1,GBM_5_AutoML_8_20260420_25624,month_sin,0.325992010384798
1,2,0.1,GBM_5_AutoML_8_20260420_25624,month_cos,0.06288475861249022
1,2,0.1,XGBoost_grid_1_AutoML_8_20260420_25624_model_5,target_lag1,1.838597880192101
1,2,0.1,XGBoost_grid_1_AutoML_8_20260420_25624_model_5,target_lag2,0.15306590517982838
1,2,0.1,XGBoost_grid_1_AutoML_8_20260420_25624_model_5,target_lag3,0.09383160008117553
1,2,0.1,XGBoost_grid_1_AutoML_8_20260420_25624_model_5,target_lag4,0.021832240521907752
1,2,0.1,XGBoost_grid_1_AutoML_8_20260420_25624_model_5,target_lag5,0.37152631834149363
1,2,0.1,XGBoost_grid_1_AutoML_8_20260420_25624_model_5,target_lag6,0.18055339911021293
1,2,0.1,XGBoost_grid_1_AutoML_8_20260420_25624_model_5,cov_HULL_lag1,0.06609117100015278
1,2,0.1,XGBoost_grid_1_AutoML_8_20260420_25624_model_5,cov_MUFL_lag1,2.177182839214802
1,2,0.1,XGBoost_grid_1_AutoML_8_20260420_25624_model_5,cov_MULL_lag1,0.13565783749800173
1,2,0.1,XGBoost_grid_1_AutoML_8_20260420_25624_model_5,cov_LUFL_lag1,0.2013871212443337
1,2,0.1,XGBoost_grid_1_AutoML_8_20260420_25624_model_5,cov_LULL_lag1,0.03408935968764122
1,2,0.1,XGBoost_grid_1_AutoML_8_20260420_25624_model_5,cov_OT_lag1,0.20045724180061367
1,2,0.1,XGBoost_grid_1_AutoML_8_20260420_25624_model_5,hour_lag1,0.9347786612436175
1,2,0.1,XGBoost_grid_1_AutoML_8_20260420_25624_model_5,day_of_week_lag1,0.035783970085903956
1,2,0.1,XGBoost_grid_1_AutoML_8_20260420_25624_model_5,month_lag1,0.13614823744166638
1,2,0.1,XGBoost_grid_1_AutoML_8_20260420_25624_model_5,month_sin,0.32561244055628774
1,2,0.1,XGBoost_grid_1_AutoML_8_20260420_25624_model_5,month_cos,0.05583245475776488
1,2,0.1,XGBoost_grid_1_AutoML_8_20260420_25624_model_1,target_lag1,1.6890559904649853
1,2,0.1,XGBoost_grid_1_AutoML_8_20260420_25624_model_1,target_lag2,0.2845164630934596
1,2,0.1,XGBoost_grid_1_AutoML_8_20260420_25624_model_1,target_lag3,0.11951496376539578
1,2,0.1,XGBoost_grid_1_AutoML_8_20260420_25624_model_1,target_lag4,0.10665171462576833
1,2,0.1,XGBoost_grid_1_AutoML_8_20260420_25624_model_1,target_lag5,0.07519742063246664
1,2,0.1,XGBoost_grid_1_AutoML_8_20260420_25624_model_1,target_lag6,0.06814882043749089
1,2,0.1,XGBoost_grid_1_AutoML_8_20260420_25624_model_1,cov_HULL_lag1,0.05477250141790133
1,2,0.1,XGBoost_grid_1_AutoML_8_20260420_25624_model_1,cov_MUFL_lag1,1.9659303239174186
1,2,0.1,XGBoost_grid_1_AutoML_8_20260420_25624_model_1,cov_MULL_lag1,0.1650994309410453
1,2,0.1,XGBoost_grid_1_AutoML_8_20260420_25624_model_1,cov_LUFL_lag1,0.28361878619063646
1,2,0.1,XGBoost_grid_1_AutoML_8_20260420_25624_model_1,cov_LULL_lag1,0.09241653962060806
1,2,0.1,XGBoost_grid_1_AutoML_8_20260420_25624_model_1,cov_OT_lag1,0.1969135646772338
1,2,0.1,XGBoost_grid_1_AutoML_8_20260420_25624_model_1,hour_lag1,0.9883626416325569
1,2,0.1,XGBoost_grid_1_AutoML_8_20260420_25624_model_1,day_of_week_lag1,0.06395227737433738
1,2,0.1,XGBoost_grid_1_AutoML_8_20260420_25624_model_1,month_lag1,0.25674314411357047
1,2,0.1,XGBoost_grid_1_AutoML_8_20260420_25624_model_1,month_sin,0.3032573784887791
1,2,0.1,XGBoost_grid_1_AutoML_8_20260420_25624_model_1,month_cos,0.07091308792121705
1,2,0.1,XGBoost_3_AutoML_8_20260420_25624,target_lag1,2.1494515187898653
1,2,0.1,XGBoost_3_AutoML_8_20260420_25624,target_lag2,0.6992129186540842
1,2,0.1,XGBoost_3_AutoML_8_20260420_25624,target_lag3,0.13495960578322408
1,2,0.1,XGBoost_3_AutoML_8_20260420_25624,target_lag4,0.25684487437829373
1,2,0.1,XGBoost_3_AutoML_8_20260420_25624,target_lag5,0.05477579995524133
1,2,0.1,XGBoost_3_AutoML_8_20260420_25624,target_lag6,0.1969575287681073
1,2,0.1,XGBoost_3_AutoML_8_20260420_25624,cov_HULL_lag1,0.060345285788353034
1,2,0.1,XGBoost_3_AutoML_8_20260420_25624,cov_MUFL_lag1,1.2873405568976886
1,2,0.1,XGBoost_3_AutoML_8_20260420_25624,cov_MULL_lag1,0.1248840078571811
1,2,0.1,XGBoost_3_AutoML_8_20260420_25624,cov_LUFL_lag1,0.3334170280583203
1,2,0.1,XGBoost_3_AutoML_8_20260420_25624,cov_LULL_lag1,0.11880634669447314
1,2,0.1,XGBoost_3_AutoML_8_20260420_25624,cov_OT_lag1,0.26946464903652667
1,2,0.1,XGBoost_3_AutoML_8_20260420_25624,hour_lag1,1.162561916448176
1,2,0.1,XGBoost_3_AutoML_8_20260420_25624,day_of_week_lag1,0.054762757524149455
1,2,0.1,XGBoost_3_AutoML_8_20260420_25624,month_lag1,0.11092883511446411
1,2,0.1,XGBoost_3_AutoML_8_20260420_25624,month_sin,0.29006840877234935
1,2,0.1,XGBoost_3_AutoML_8_20260420_25624,month_cos,0.054254040680825656
1,2,0.1,DRF_1_AutoML_8_20260420_25624,target_lag1,1.3220526684820653
1,2,0.1,DRF_1_AutoML_8_20260420_25624,target_lag2,0.7005150446295738
1,2,0.1,DRF_1_AutoML_8_20260420_25624,target_lag3,0.2412186473608017
1,2,0.1,DRF_1_AutoML_8_20260420_25624,target_lag4,0.09683354721579232
1,2,0.1,DRF_1_AutoML_8_20260420_25624,target_lag5,0.1517141179461032
1,2,0.1,DRF_1_AutoML_8_20260420_25624,target_lag6,0.1208458476210944
1,2,0.1,DRF_1_AutoML_8_20260420_25624,cov_HULL_lag1,0.06936633409466592
1,2,0.1,DRF_1_AutoML_8_20260420_25624,cov_MUFL_lag1,2.0042966166604312
1,2,0.1,DRF_1_AutoML_8_20260420_25624,cov_MULL_lag1,0.10838525723200287
1,2,0.1,DRF_1_AutoML_8_20260420_25624,cov_LUFL_lag1,0.2769682409754023
1,2,0.1,DRF_1_AutoML_8_20260420_25624,cov_LULL_lag1,0.042605720420833625
1,2,0.1,DRF_1_AutoML_8_20260420_25624,cov_OT_lag1,0.08143577592447397
1,2,0.1,DRF_1_AutoML_8_20260420_25624,hour_lag1,0.5561030996963382
1,2,0.1,DRF_1_AutoML_8_20260420_25624,day_of_week_lag1,0.020140412747277837
1,2,0.1,DRF_1_AutoML_8_20260420_25624,month_lag1,0.09542768853891172
1,2,0.1,DRF_1_AutoML_8_20260420_25624,month_sin,0.2340536130592227
1,2,0.1,DRF_1_AutoML_8_20260420_25624,month_cos,0.040955626355716916
1,2,0.1,XRT_1_AutoML_8_20260420_25624,target_lag1,1.4979170621186495
1,2,0.1,XRT_1_AutoML_8_20260420_25624,target_lag2,0.5247613373771309
1,2,0.1,XRT_1_AutoML_8_20260420_25624,target_lag3,0.24434232098981734
1,2,0.1,XRT_1_AutoML_8_20260420_25624,target_lag4,0.15560725038871165
1,2,0.1,XRT_1_AutoML_8_20260420_25624,target_lag5,0.09993276762310412
1,2,0.1,XRT_1_AutoML_8_20260420_25624,target_lag6,0.2040738757699728
1,2,0.1,XRT_1_AutoML_8_20260420_25624,cov_HULL_lag1,0.1412982127536088
1,2,0.1,XRT_1_AutoML_8_20260420_25624,cov_MUFL_lag1,1.96549581438303
1,2,0.1,XRT_1_AutoML_8_20260420_25624,cov_MULL_lag1,0.14559336187317964
1,2,0.1,XRT_1_AutoML_8_20260420_25624,cov_LUFL_lag1,0.2356151334336027
1,2,0.1,XRT_1_AutoML_8_20260420_25624,cov_LULL_lag1,0.04940016011998519
1,2,0.1,XRT_1_AutoML_8_20260420_25624,cov_OT_lag1,0.07546898440457875
1,2,0.1,XRT_1_AutoML_8_20260420_25624,hour_lag1,0.800982269346714
1,2,0.1,XRT_1_AutoML_8_20260420_25624,day_of_week_lag1,0.07667845137882974
1,2,0.1,XRT_1_AutoML_8_20260420_25624,month_lag1,0.25901635179296134
1,2,0.1,XRT_1_AutoML_8_20260420_25624,month_sin,0.1801724865520373
1,2,0.1,XRT_1_AutoML_8_20260420_25624,month_cos,0.07423151748254891
1,2,0.1,GBM_4_AutoML_8_20260420_25624,target_lag1,1.0995570373535157
1,2,0.1,GBM_4_AutoML_8_20260420_25624,target_lag2,0.3247691139066592
1,2,0.1,GBM_4_AutoML_8_20260420_25624,target_lag3,0.09285111289005724
1,2,0.1,GBM_4_AutoML_8_20260420_25624,target_lag4,0.1590853293705731
1,2,0.1,GBM_4_AutoML_8_20260420_25624,target_lag5,0.10859610651619729
1,2,0.1,GBM_4_AutoML_8_20260420_25624,target_lag6,0.09328375958371904
1,2,0.1,GBM_4_AutoML_8_20260420_25624,cov_HULL_lag1,0.07253335814457382
1,2,0.1,GBM_4_AutoML_8_20260420_25624,cov_MUFL_lag1,2.561529386639595
1,2,0.1,GBM_4_AutoML_8_20260420_25624,cov_MULL_lag1,0.17611768153496088
1,2,0.1,GBM_4_AutoML_8_20260420_25624,cov_LUFL_lag1,0.17509630646556615
1,2,0.1,GBM_4_AutoML_8_20260420_25624,cov_LULL_lag1,0.06008675334043796
1,2,0.1,GBM_4_AutoML_8_20260420_25624,cov_OT_lag1,0.11911847651004788
1,2,0.1,GBM_4_AutoML_8_20260420_25624,hour_lag1,0.9630676794424653
1,2,0.1,GBM_4_AutoML_8_20260420_25624,day_of_week_lag1,0.04405222418019544
1,2,0.1,GBM_4_AutoML_8_20260420_25624,month_lag1,0.11291202950000294
1,2,0.1,GBM_4_AutoML_8_20260420_25624,month_sin,0.2993318440037547
1,2,0.1,GBM_4_AutoML_8_20260420_25624,month_cos,0.03702983435359779
1,2,0.1,GBM_grid_1_AutoML_8_20260420_25624_model_1,target_lag1,1.057872116395738
1,2,0.1,GBM_grid_1_AutoML_8_20260420_25624_model_1,target_lag2,0.30254945683293044
1,2,0.1,GBM_grid_1_AutoML_8_20260420_25624_model_1,target_lag3,0.3216324937902391
1,2,0.1,GBM_grid_1_AutoML_8_20260420_25624_model_1,target_lag4,0.09310355755384077
1,2,0.1,GBM_grid_1_AutoML_8_20260420_25624_model_1,target_lag5,0.12051724807126445
1,2,0.1,GBM_grid_1_AutoML_8_20260420_25624_model_1,target_lag6,0.1500874089775607
1,2,0.1,GBM_grid_1_AutoML_8_20260420_25624_model_1,cov_HULL_lag1,0.18582586506381632
1,2,0.1,GBM_grid_1_AutoML_8_20260420_25624_model_1,cov_MUFL_lag1,1.72481178894639
1,2,0.1,GBM_grid_1_AutoML_8_20260420_25624_model_1,cov_MULL_lag1,0.22889939688146113
1,2,0.1,GBM_grid_1_AutoML_8_20260420_25624_model_1,cov_LUFL_lag1,0.27418842940125615
1,2,0.1,GBM_grid_1_AutoML_8_20260420_25624_model_1,cov_LULL_lag1,0.04840528934146273
1,2,0.1,GBM_grid_1_AutoML_8_20260420_25624_model_1,cov_OT_lag1,0.1706518399529159
1,2,0.1,GBM_grid_1_AutoML_8_20260420_25624_model_1,hour_lag1,0.6857702035317197
1,2,0.1,GBM_grid_1_AutoML_8_20260420_25624_model_1,day_of_week_lag1,0.05090625333366912
1,2,0.1,GBM_grid_1_AutoML_8_20260420_25624_model_1,month_lag1,0.15175439389422532
1,2,0.1,GBM_grid_1_AutoML_8_20260420_25624_model_1,month_sin,0.23490249674767255
1,2,0.1,GBM_grid_1_AutoML_8_20260420_25624_model_1,month_cos,0.05034495488624085
1,2,0.1,XGBoost_grid_1_AutoML_8_20260420_25624_model_3,target_lag1,1.8909030594304204
1,2,0.1,XGBoost_grid_1_AutoML_8_20260420_25624_model_3,target_lag2,0.47853609079495074
1,2,0.1,XGBoost_grid_1_AutoML_8_20260420_25624_model_3,target_lag3,0.32528122525662184
1,2,0.1,XGBoost_grid_1_AutoML_8_20260420_25624_model_3,target_lag4,0.2299777482636273
1,2,0.1,XGBoost_grid_1_AutoML_8_20260420_25624_model_3,target_lag5,0.10545982478419315
1,2,0.1,XGBoost_grid_1_AutoML_8_20260420_25624_model_3,target_lag6,0.19466462546843105
1,2,0.1,XGBoost_grid_1_AutoML_8_20260420_25624_model_3,cov_HULL_lag1,0.028318053249968167
1,2,0.1,XGBoost_grid_1_AutoML_8_20260420_25624_model_3,cov_MUFL_lag1,1.6717601083219051
1,2,0.1,XGBoost_grid_1_AutoML_8_20260420_25624_model_3,cov_MULL_lag1,0.25415522834911825
1,2,0.1,XGBoost_grid_1_AutoML_8_20260420_25624_model_3,cov_LUFL_lag1,0.26078926617279646
1,2,0.1,XGBoost_grid_1_AutoML_8_20260420_25624_model_3,cov_LULL_lag1,0.07383177982643244
1,2,0.1,XGBoost_grid_1_AutoML_8_20260420_25624_model_3,cov_OT_lag1,0.21530822000000627
1,2,0.1,XGBoost_grid_1_AutoML_8_20260420_25624_model_3,hour_lag1,0.9036252555251122
1,2,0.1,XGBoost_grid_1_AutoML_8_20260420_25624_model_3,day_of_week_lag1,0.015972948838025296
1,2,0.1,XGBoost_grid_1_AutoML_8_20260420_25624_model_3,month_lag1,0.15197833193466065
1,2,0.1,XGBoost_grid_1_AutoML_8_20260420_25624_model_3,month_sin,0.272346075810492
1,2,0.1,XGBoost_grid_1_AutoML_8_20260420_25624_model_3,month_cos,0.11760624976828689
1,2,0.1,XGBoost_1_AutoML_8_20260420_25624,target_lag1,1.5000508267711847
1,2,0.1,XGBoost_1_AutoML_8_20260420_25624,target_lag2,0.356739594116807
1,2,0.1,XGBoost_1_AutoML_8_20260420_25624,target_lag3,0.18118016322609037
1,2,0.1,XGBoost_1_AutoML_8_20260420_25624,target_lag4,0.16162961337715384
1,2,0.1,XGBoost_1_AutoML_8_20260420_25624,target_lag5,0.12476999125676226
1,2,0.1,XGBoost_1_AutoML_8_20260420_25624,target_lag6,0.09896547719079532
1,2,0.1,XGBoost_1_AutoML_8_20260420_25624,cov_HULL_lag1,0.13802739963866767
1,2,0.1,XGBoost_1_AutoML_8_20260420_25624,cov_MUFL_lag1,2.493512939061038
1,2,0.1,XGBoost_1_AutoML_8_20260420_25624,cov_MULL_lag1,0.1949503905978054
1,2,0.1,XGBoost_1_AutoML_8_20260420_25624,cov_LUFL_lag1,0.32640296006575226
1,2,0.1,XGBoost_1_AutoML_8_20260420_25624,cov_LULL_lag1,0.08580119314545297
1,2,0.1,XGBoost_1_AutoML_8_20260420_25624,cov_OT_lag1,0.1755311848479323
1,2,0.1,XGBoost_1_AutoML_8_20260420_25624,hour_lag1,1.2155768048390747
1,2,0.1,XGBoost_1_AutoML_8_20260420_25624,day_of_week_lag1,0.09437918697134588
1,2,0.1,XGBoost_1_AutoML_8_20260420_25624,month_lag1,0.16298997460573442
1,2,0.1,XGBoost_1_AutoML_8_20260420_25624,month_sin,0.24459755847230555
1,2,0.1,XGBoost_1_AutoML_8_20260420_25624,month_cos,0.07587883229949506
1,2,0.1,GBM_grid_1_AutoML_8_20260420_25624_model_3,target_lag1,1.053194060921669
1,2,0.1,GBM_grid_1_AutoML_8_20260420_25624_model_3,target_lag2,0.5135985982930288
1,2,0.1,GBM_grid_1_AutoML_8_20260420_25624_model_3,target_lag3,0.2796086472366005
1,2,0.1,GBM_grid_1_AutoML_8_20260420_25624_model_3,target_lag4,0.114137327496428
1,2,0.1,GBM_grid_1_AutoML_8_20260420_25624_model_3,target_lag5,0.24441285331966356
1,2,0.1,GBM_grid_1_AutoML_8_20260420_25624_model_3,target_lag6,0.22396481959614903
1,2,0.1,GBM_grid_1_AutoML_8_20260420_25624_model_3,cov_HULL_lag1,0.17287056581582871
1,2,0.1,GBM_grid_1_AutoML_8_20260420_25624_model_3,cov_MUFL_lag1,1.9284900119900703
1,2,0.1,GBM_grid_1_AutoML_8_20260420_25624_model_3,cov_MULL_lag1,0.16431714798229222
1,2,0.1,GBM_grid_1_AutoML_8_20260420_25624_model_3,cov_LUFL_lag1,0.3261153938062489
1,2,0.1,GBM_grid_1_AutoML_8_20260420_25624_model_3,cov_LULL_lag1,0.056758377167861876
1,2,0.1,GBM_grid_1_AutoML_8_20260420_25624_model_3,cov_OT_lag1,0.09504367161425759
1,2,0.1,GBM_grid_1_AutoML_8_20260420_25624_model_3,hour_lag1,0.5652605507522821
1,2,0.1,GBM_grid_1_AutoML_8_20260420_25624_model_3,day_of_week_lag1,0.043560193864395795
1,2,0.1,GBM_grid_1_AutoML_8_20260420_25624_model_3,month_lag1,0.1697583626164123
1,2,0.1,GBM_grid_1_AutoML_8_20260420_25624_model_3,month_sin,0.235732626542449
1,2,0.1,GBM_grid_1_AutoML_8_20260420_25624_model_3,month_cos,0.0639956035185605
1,2,0.1,GBM_grid_1_AutoML_8_20260420_25624_model_2,target_lag1,1.6450857689976692
1,2,0.1,GBM_grid_1_AutoML_8_20260420_25624_model_2,target_lag2,0.2193399751186371
1,2,0.1,GBM_grid_1_AutoML_8_20260420_25624_model_2,target_lag3,0.26912056200526424
1,2,0.1,GBM_grid_1_AutoML_8_20260420_25624_model_2,target_lag4,0.17787240910343818
1,2,0.1,GBM_grid_1_AutoML_8_20260420_25624_model_2,target_lag5,0.22694586135214195
1,2,0.1,GBM_grid_1_AutoML_8_20260420_25624_model_2,target_lag6,0.4192349765636027
1,2,0.1,GBM_grid_1_AutoML_8_20260420_25624_model_2,cov_HULL_lag1,0.16649892145069312
1,2,0.1,GBM_grid_1_AutoML_8_20260420_25624_model_2,cov_MUFL_lag1,1.472141980677843
1,2,0.1,GBM_grid_1_AutoML_8_20260420_25624_model_2,cov_MULL_lag1,0.16609550256282088
1,2,0.1,GBM_grid_1_AutoML_8_20260420_25624_model_2,cov_LUFL_lag1,0.3341303708264604
1,2,0.1,GBM_grid_1_AutoML_8_20260420_25624_model_2,cov_LULL_lag1,0.06472764251288023
1,2,0.1,GBM_grid_1_AutoML_8_20260420_25624_model_2,cov_OT_lag1,0.13476162469014522
1,2,0.1,GBM_grid_1_AutoML_8_20260420_25624_model_2,hour_lag1,0.4129555658693425
1,2,0.1,GBM_grid_1_AutoML_8_20260420_25624_model_2,day_of_week_lag1,0.038348274882882796
1,2,0.1,GBM_grid_1_AutoML_8_20260420_25624_model_2,month_lag1,0.14786217704415316
1,2,0.1,GBM_grid_1_AutoML_8_20260420_25624_model_2,month_sin,0.12490918913856146
1,2,0.1,GBM_grid_1_AutoML_8_20260420_25624_model_2,month_cos,0.07230689110467205
1,2,0.1,XGBoost_2_AutoML_8_20260420_25624,target_lag1,0.8921721491590142
1,2,0.1,XGBoost_2_AutoML_8_20260420_25624,target_lag2,0.43310619799420236
1,2,0.1,XGBoost_2_AutoML_8_20260420_25624,target_lag3,0.19785214755684138
1,2,0.1,XGBoost_2_AutoML_8_20260420_25624,target_lag4,0.1404609750723466
1,2,0.1,XGBoost_2_AutoML_8_20260420_25624,target_lag5,0.14794494924833995
1,2,0.1,XGBoost_2_AutoML_8_20260420_25624,target_lag6,0.14447100878693162
1,2,0.1,XGBoost_2_AutoML_8_20260420_25624,cov_HULL_lag1,0.1684822738578077
1,2,0.1,XGBoost_2_AutoML_8_20260420_25624,cov_MUFL_lag1,3.0161244980990887
1,2,0.1,XGBoost_2_AutoML_8_20260420_25624,cov_MULL_lag1,0.1017945131633314
1,2,0.1,XGBoost_2_AutoML_8_20260420_25624,cov_LUFL_lag1,0.21801609110087156
1,2,0.1,XGBoost_2_AutoML_8_20260420_25624,cov_LULL_lag1,0.10392201349663079
1,2,0.1,XGBoost_2_AutoML_8_20260420_25624,cov_OT_lag1,0.24247991228476168
1,2,0.1,XGBoost_2_AutoML_8_20260420_25624,hour_lag1,1.0007762954197823
1,2,0.1,XGBoost_2_AutoML_8_20260420_25624,day_of_week_lag1,0.07792259802110489
1,2,0.1,XGBoost_2_AutoML_8_20260420_25624,month_lag1,0.17858335699420422
1,2,0.1,XGBoost_2_AutoML_8_20260420_25624,month_sin,0.19936082806438207
1,2,0.1,XGBoost_2_AutoML_8_20260420_25624,month_cos,0.06293096045963463
1,2,0.1,XGBoost_grid_1_AutoML_8_20260420_25624_model_2,target_lag1,2.1370178001374005
1,2,0.1,XGBoost_grid_1_AutoML_8_20260420_25624_model_2,target_lag2,0.14736153405159708
1,2,0.1,XGBoost_grid_1_AutoML_8_20260420_25624_model_2,target_lag3,0.13603340404108163
1,2,0.1,XGBoost_grid_1_AutoML_8_20260420_25624_model_2,target_lag4,0.14482157406629992
1,2,0.1,XGBoost_grid_1_AutoML_8_20260420_25624_model_2,target_lag5,0.10181411892292086
1,2,0.1,XGBoost_grid_1_AutoML_8_20260420_25624_model_2,target_lag6,0.27066754922037944
1,2,0.1,XGBoost_grid_1_AutoML_8_20260420_25624_model_2,cov_HULL_lag1,0.2804690790176392
1,2,0.1,XGBoost_grid_1_AutoML_8_20260420_25624_model_2,cov_MUFL_lag1,2.391665600389242
1,2,0.1,XGBoost_grid_1_AutoML_8_20260420_25624_model_2,cov_MULL_lag1,0.15295132374390957
1,2,0.1,XGBoost_grid_1_AutoML_8_20260420_25624_model_2,cov_LUFL_lag1,0.2876793782413006
1,2,0.1,XGBoost_grid_1_AutoML_8_20260420_25624_model_2,cov_LULL_lag1,0.07740666387602683
1,2,0.1,XGBoost_grid_1_AutoML_8_20260420_25624_model_2,cov_OT_lag1,0.22755702350288629
1,2,0.1,XGBoost_grid_1_AutoML_8_20260420_25624_model_2,hour_lag1,0.9214696457982063
1,2,0.1,XGBoost_grid_1_AutoML_8_20260420_25624_model_2,day_of_week_lag1,0.0689795745539595
1,2,0.1,XGBoost_grid_1_AutoML_8_20260420_25624_model_2,month_lag1,0.15439624428778187
1,2,0.1,XGBoost_grid_1_AutoML_8_20260420_25624_model_2,month_sin,0.3102784011233598
1,2,0.1,XGBoost_grid_1_AutoML_8_20260420_25624_model_2,month_cos,0.05373185258358713
1,2,0.2,GBM_3_AutoML_8_20260420_25624,target_lag1,1.301626030653715
1,2,0.2,GBM_3_AutoML_8_20260420_25624,target_lag2,0.14711905314587054
1,2,0.2,GBM_3_AutoML_8_20260420_25624,target_lag3,0.07323315244982948
1,2,0.2,GBM_3_AutoML_8_20260420_25624,target_lag4,0.15728863272350277
1,2,0.2,GBM_3_AutoML_8_20260420_25624,target_lag5,0.08694271678337824
1,2,0.2,GBM_3_AutoML_8_20260420_25624,target_lag6,0.20317899051122368
1,2,0.2,GBM_3_AutoML_8_20260420_25624,cov_HULL_lag1,0.07479124284349378
1,2,0.2,GBM_3_AutoML_8_20260420_25624,cov_MUFL_lag1,2.6007804763130844
1,2,0.2,GBM_3_AutoML_8_20260420_25624,cov_MULL_lag1,0.14386263685300943
1,2,0.2,GBM_3_AutoML_8_20260420_25624,cov_LUFL_lag1,0.21168126112781466
1,2,0.2,GBM_3_AutoML_8_20260420_25624,cov_LULL_lag1,0.06995467471890147
1,2,0.2,GBM_3_AutoML_8_20260420_25624,cov_OT_lag1,0.1531438693962991
1,2,0.2,GBM_3_AutoML_8_20260420_25624,hour_lag1,0.8472014213353396
1,2,0.2,GBM_3_AutoML_8_20260420_25624,day_of_week_lag1,0.03909956586547191
1,2,0.2,GBM_3_AutoML_8_20260420_25624,month_lag1,0.11284521122113798
1,2,0.2,GBM_3_AutoML_8_20260420_25624,month_sin,0.2874578073620796
1,2,0.2,GBM_3_AutoML_8_20260420_25624,month_cos,0.046023082076571846
1,2,0.2,GBM_2_AutoML_8_20260420_25624,target_lag1,1.1843260335177184
1,2,0.2,GBM_2_AutoML_8_20260420_25624,target_lag2,0.27433315824950116
1,2,0.2,GBM_2_AutoML_8_20260420_25624,target_lag3,0.2964846435748041
1,2,0.2,GBM_2_AutoML_8_20260420_25624,target_lag4,0.14471632281318303
1,2,0.2,GBM_2_AutoML_8_20260420_25624,target_lag5,0.07362644599401387
1,2,0.2,GBM_2_AutoML_8_20260420_25624,target_lag6,0.12488357815091146
1,2,0.2,GBM_2_AutoML_8_20260420_25624,cov_HULL_lag1,0.044221634440909804
1,2,0.2,GBM_2_AutoML_8_20260420_25624,cov_MUFL_lag1,2.1298137639462946
1,2,0.2,GBM_2_AutoML_8_20260420_25624,cov_MULL_lag1,0.07684733208268878
1,2,0.2,GBM_2_AutoML_8_20260420_25624,cov_LUFL_lag1,0.19614288809709252
1,2,0.2,GBM_2_AutoML_8_20260420_25624,cov_LULL_lag1,0.047644242197275116
1,2,0.2,GBM_2_AutoML_8_20260420_25624,cov_OT_lag1,0.1264310643752105
1,2,0.2,GBM_2_AutoML_8_20260420_25624,hour_lag1,0.9454137566685676
1,2,0.2,GBM_2_AutoML_8_20260420_25624,day_of_week_lag1,0.04330281640286554
1,2,0.2,GBM_2_AutoML_8_20260420_25624,month_lag1,0.10689774353522803
1,2,0.2,GBM_2_AutoML_8_20260420_25624,month_sin,0.2842473930679262
1,2,0.2,GBM_2_AutoML_8_20260420_25624,month_cos,0.04367096541449423
1,2,0.2,GBM_1_AutoML_8_20260420_25624,target_lag1,1.6155199965834617
1,2,0.2,GBM_1_AutoML_8_20260420_25624,target_lag2,0.09515395405236628
1,2,0.2,GBM_1_AutoML_8_20260420_25624,target_lag3,0.10738105104770508
1,2,0.2,GBM_1_AutoML_8_20260420_25624,target_lag4,0.11964629260357466
1,2,0.2,GBM_1_AutoML_8_20260420_25624,target_lag5,0.11355689086019989
1,2,0.2,GBM_1_AutoML_8_20260420_25624,target_lag6,0.20720158996991814
1,2,0.2,GBM_1_AutoML_8_20260420_25624,cov_HULL_lag1,0.07705015627201643
1,2,0.2,GBM_1_AutoML_8_20260420_25624,cov_MUFL_lag1,2.2838045546412467
1,2,0.2,GBM_1_AutoML_8_20260420_25624,cov_MULL_lag1,0.11426424417644736
1,2,0.2,GBM_1_AutoML_8_20260420_25624,cov_LUFL_lag1,0.20872440805658699
1,2,0.2,GBM_1_AutoML_8_20260420_25624,cov_LULL_lag1,0.03383832234394499
1,2,0.2,GBM_1_AutoML_8_20260420_25624,cov_OT_lag1,0.09253802539780732
1,2,0.2,GBM_1_AutoML_8_20260420_25624,hour_lag1,0.8324589053494855
1,2,0.2,GBM_1_AutoML_8_20260420_25624,day_of_week_lag1,0.027106157914968163
1,2,0.2,GBM_1_AutoML_8_20260420_25624,month_lag1,0.09497213350317903
1,2,0.2,GBM_1_AutoML_8_20260420_25624,month_sin,0.23968810248188674
1,2,0.2,GBM_1_AutoML_8_20260420_25624,month_cos,0.037714714559842794
1,2,0.2,GBM_5_AutoML_8_20260420_25624,target_lag1,1.3332385713234545
1,2,0.2,GBM_5_AutoML_8_20260420_25624,target_lag2,0.33853227892890575
1,2,0.2,GBM_5_AutoML_8_20260420_25624,target_lag3,0.08438099899794903
1,2,0.2,GBM_5_AutoML_8_20260420_25624,target_lag4,0.12483059592545029
1,2,0.2,GBM_5_AutoML_8_20260420_25624,target_lag5,0.07258305560215372
1,2,0.2,GBM_5_AutoML_8_20260420_25624,target_lag6,0.12295857968681954
1,2,0.2,GBM_5_AutoML_8_20260420_25624,cov_HULL_lag1,0.08533517433796073
1,2,0.2,GBM_5_AutoML_8_20260420_25624,cov_MUFL_lag1,2.1462957484275105
1,2,0.2,GBM_5_AutoML_8_20260420_25624,cov_MULL_lag1,0.1210574084287509
1,2,0.2,GBM_5_AutoML_8_20260420_25624,cov_LUFL_lag1,0.19281624394468963
1,2,0.2,GBM_5_AutoML_8_20260420_25624,cov_LULL_lag1,0.0543516354107123
1,2,0.2,GBM_5_AutoML_8_20260420_25624,cov_OT_lag1,0.16562016469983065
1,2,0.2,GBM_5_AutoML_8_20260420_25624,hour_lag1,1.0441794185340405
1,2,0.2,GBM_5_AutoML_8_20260420_25624,day_of_week_lag1,0.026622678935527753
1,2,0.2,GBM_5_AutoML_8_20260420_25624,month_lag1,0.15104246827773746
1,2,0.2,GBM_5_AutoML_8_20260420_25624,month_sin,0.325992010384798
1,2,0.2,GBM_5_AutoML_8_20260420_25624,month_cos,0.06288475861249022
1,2,0.2,XGBoost_grid_1_AutoML_8_20260420_25624_model_5,target_lag1,1.838597880192101
1,2,0.2,XGBoost_grid_1_AutoML_8_20260420_25624_model_5,target_lag2,0.15306590517982838
1,2,0.2,XGBoost_grid_1_AutoML_8_20260420_25624_model_5,target_lag3,0.09383160008117553
1,2,0.2,XGBoost_grid_1_AutoML_8_20260420_25624_model_5,target_lag4,0.021832240521907752
1,2,0.2,XGBoost_grid_1_AutoML_8_20260420_25624_model_5,target_lag5,0.37152631834149363
1,2,0.2,XGBoost_grid_1_AutoML_8_20260420_25624_model_5,target_lag6,0.18055339911021293
1,2,0.2,XGBoost_grid_1_AutoML_8_20260420_25624_model_5,cov_HULL_lag1,0.06609117100015278
1,2,0.2,XGBoost_grid_1_AutoML_8_20260420_25624_model_5,cov_MUFL_lag1,2.177182839214802
1,2,0.2,XGBoost_grid_1_AutoML_8_20260420_25624_model_5,cov_MULL_lag1,0.13565783749800173
1,2,0.2,XGBoost_grid_1_AutoML_8_20260420_25624_model_5,cov_LUFL_lag1,0.2013871212443337
1,2,0.2,XGBoost_grid_1_AutoML_8_20260420_25624_model_5,cov_LULL_lag1,0.03408935968764122
1,2,0.2,XGBoost_grid_1_AutoML_8_20260420_25624_model_5,cov_OT_lag1,0.20045724180061367
1,2,0.2,XGBoost_grid_1_AutoML_8_20260420_25624_model_5,hour_lag1,0.9347786612436175
1,2,0.2,XGBoost_grid_1_AutoML_8_20260420_25624_model_5,day_of_week_lag1,0.035783970085903956
1,2,0.2,XGBoost_grid_1_AutoML_8_20260420_25624_model_5,month_lag1,0.13614823744166638
1,2,0.2,XGBoost_grid_1_AutoML_8_20260420_25624_model_5,month_sin,0.32561244055628774
1,2,0.2,XGBoost_grid_1_AutoML_8_20260420_25624_model_5,month_cos,0.05583245475776488
1,2,0.2,XGBoost_grid_1_AutoML_8_20260420_25624_model_1,target_lag1,1.6890559904649853
1,2,0.2,XGBoost_grid_1_AutoML_8_20260420_25624_model_1,target_lag2,0.2845164630934596
1,2,0.2,XGBoost_grid_1_AutoML_8_20260420_25624_model_1,target_lag3,0.11951496376539578
1,2,0.2,XGBoost_grid_1_AutoML_8_20260420_25624_model_1,target_lag4,0.10665171462576833
1,2,0.2,XGBoost_grid_1_AutoML_8_20260420_25624_model_1,target_lag5,0.07519742063246664
1,2,0.2,XGBoost_grid_1_AutoML_8_20260420_25624_model_1,target_lag6,0.06814882043749089
1,2,0.2,XGBoost_grid_1_AutoML_8_20260420_25624_model_1,cov_HULL_lag1,0.05477250141790133
1,2,0.2,XGBoost_grid_1_AutoML_8_20260420_25624_model_1,cov_MUFL_lag1,1.9659303239174186
1,2,0.2,XGBoost_grid_1_AutoML_8_20260420_25624_model_1,cov_MULL_lag1,0.1650994309410453
1,2,0.2,XGBoost_grid_1_AutoML_8_20260420_25624_model_1,cov_LUFL_lag1,0.28361878619063646
1,2,0.2,XGBoost_grid_1_AutoML_8_20260420_25624_model_1,cov_LULL_lag1,0.09241653962060806
1,2,0.2,XGBoost_grid_1_AutoML_8_20260420_25624_model_1,cov_OT_lag1,0.1969135646772338
1,2,0.2,XGBoost_grid_1_AutoML_8_20260420_25624_model_1,hour_lag1,0.9883626416325569
1,2,0.2,XGBoost_grid_1_AutoML_8_20260420_25624_model_1,day_of_week_lag1,0.06395227737433738
1,2,0.2,XGBoost_grid_1_AutoML_8_20260420_25624_model_1,month_lag1,0.25674314411357047
1,2,0.2,XGBoost_grid_1_AutoML_8_20260420_25624_model_1,month_sin,0.3032573784887791
1,2,0.2,XGBoost_grid_1_AutoML_8_20260420_25624_model_1,month_cos,0.07091308792121705
1,2,0.2,XGBoost_3_AutoML_8_20260420_25624,target_lag1,2.1494515187898653
1,2,0.2,XGBoost_3_AutoML_8_20260420_25624,target_lag2,0.6992129186540842
1,2,0.2,XGBoost_3_AutoML_8_20260420_25624,target_lag3,0.13495960578322408
1,2,0.2,XGBoost_3_AutoML_8_20260420_25624,target_lag4,0.25684487437829373
1,2,0.2,XGBoost_3_AutoML_8_20260420_25624,target_lag5,0.05477579995524133
1,2,0.2,XGBoost_3_AutoML_8_20260420_25624,target_lag6,0.1969575287681073
1,2,0.2,XGBoost_3_AutoML_8_20260420_25624,cov_HULL_lag1,0.060345285788353034
1,2,0.2,XGBoost_3_AutoML_8_20260420_25624,cov_MUFL_lag1,1.2873405568976886
1,2,0.2,XGBoost_3_AutoML_8_20260420_25624,cov_MULL_lag1,0.1248840078571811
1,2,0.2,XGBoost_3_AutoML_8_20260420_25624,cov_LUFL_lag1,0.3334170280583203
1,2,0.2,XGBoost_3_AutoML_8_20260420_25624,cov_LULL_lag1,0.11880634669447314
1,2,0.2,XGBoost_3_AutoML_8_20260420_25624,cov_OT_lag1,0.26946464903652667
1,2,0.2,XGBoost_3_AutoML_8_20260420_25624,hour_lag1,1.162561916448176
1,2,0.2,XGBoost_3_AutoML_8_20260420_25624,day_of_week_lag1,0.054762757524149455
1,2,0.2,XGBoost_3_AutoML_8_20260420_25624,month_lag1,0.11092883511446411
1,2,0.2,XGBoost_3_AutoML_8_20260420_25624,month_sin,0.29006840877234935
1,2,0.2,XGBoost_3_AutoML_8_20260420_25624,month_cos,0.054254040680825656
1,2,0.2,DRF_1_AutoML_8_20260420_25624,target_lag1,1.3220526684820653
1,2,0.2,DRF_1_AutoML_8_20260420_25624,target_lag2,0.7005150446295738
1,2,0.2,DRF_1_AutoML_8_20260420_25624,target_lag3,0.2412186473608017
1,2,0.2,DRF_1_AutoML_8_20260420_25624,target_lag4,0.09683354721579232
1,2,0.2,DRF_1_AutoML_8_20260420_25624,target_lag5,0.1517141179461032
1,2,0.2,DRF_1_AutoML_8_20260420_25624,target_lag6,0.1208458476210944
1,2,0.2,DRF_1_AutoML_8_20260420_25624,cov_HULL_lag1,0.06936633409466592
1,2,0.2,DRF_1_AutoML_8_20260420_25624,cov_MUFL_lag1,2.0042966166604312
1,2,0.2,DRF_1_AutoML_8_20260420_25624,cov_MULL_lag1,0.10838525723200287
1,2,0.2,DRF_1_AutoML_8_20260420_25624,cov_LUFL_lag1,0.2769682409754023
1,2,0.2,DRF_1_AutoML_8_20260420_25624,cov_LULL_lag1,0.042605720420833625
1,2,0.2,DRF_1_AutoML_8_20260420_25624,cov_OT_lag1,0.08143577592447397
1,2,0.2,DRF_1_AutoML_8_20260420_25624,hour_lag1,0.5561030996963382
1,2,0.2,DRF_1_AutoML_8_20260420_25624,day_of_week_lag1,0.020140412747277837
1,2,0.2,DRF_1_AutoML_8_20260420_25624,month_lag1,0.09542768853891172
1,2,0.2,DRF_1_AutoML_8_20260420_25624,month_sin,0.2340536130592227
1,2,0.2,DRF_1_AutoML_8_20260420_25624,month_cos,0.040955626355716916
1,2,0.2,XRT_1_AutoML_8_20260420_25624,target_lag1,1.4979170621186495
1,2,0.2,XRT_1_AutoML_8_20260420_25624,target_lag2,0.5247613373771309
1,2,0.2,XRT_1_AutoML_8_20260420_25624,target_lag3,0.24434232098981734
1,2,0.2,XRT_1_AutoML_8_20260420_25624,target_lag4,0.15560725038871165
1,2,0.2,XRT_1_AutoML_8_20260420_25624,target_lag5,0.09993276762310412
1,2,0.2,XRT_1_AutoML_8_20260420_25624,target_lag6,0.2040738757699728
1,2,0.2,XRT_1_AutoML_8_20260420_25624,cov_HULL_lag1,0.1412982127536088
1,2,0.2,XRT_1_AutoML_8_20260420_25624,cov_MUFL_lag1,1.96549581438303
1,2,0.2,XRT_1_AutoML_8_20260420_25624,cov_MULL_lag1,0.14559336187317964
1,2,0.2,XRT_1_AutoML_8_20260420_25624,cov_LUFL_lag1,0.2356151334336027
1,2,0.2,XRT_1_AutoML_8_20260420_25624,cov_LULL_lag1,0.04940016011998519
1,2,0.2,XRT_1_AutoML_8_20260420_25624,cov_OT_lag1,0.07546898440457875
1,2,0.2,XRT_1_AutoML_8_20260420_25624,hour_lag1,0.800982269346714
1,2,0.2,XRT_1_AutoML_8_20260420_25624,day_of_week_lag1,0.07667845137882974
1,2,0.2,XRT_1_AutoML_8_20260420_25624,month_lag1,0.25901635179296134
1,2,0.2,XRT_1_AutoML_8_20260420_25624,month_sin,0.1801724865520373
1,2,0.2,XRT_1_AutoML_8_20260420_25624,month_cos,0.07423151748254891
1,2,0.2,GBM_4_AutoML_8_20260420_25624,target_lag1,1.0995570373535157
1,2,0.2,GBM_4_AutoML_8_20260420_25624,target_lag2,0.3247691139066592
1,2,0.2,GBM_4_AutoML_8_20260420_25624,target_lag3,0.09285111289005724
1,2,0.2,GBM_4_AutoML_8_20260420_25624,target_lag4,0.1590853293705731
1,2,0.2,GBM_4_AutoML_8_20260420_25624,target_lag5,0.10859610651619729
1,2,0.2,GBM_4_AutoML_8_20260420_25624,target_lag6,0.09328375958371904
1,2,0.2,GBM_4_AutoML_8_20260420_25624,cov_HULL_lag1,0.07253335814457382
1,2,0.2,GBM_4_AutoML_8_20260420_25624,cov_MUFL_lag1,2.561529386639595
1,2,0.2,GBM_4_AutoML_8_20260420_25624,cov_MULL_lag1,0.17611768153496088
1,2,0.2,GBM_4_AutoML_8_20260420_25624,cov_LUFL_lag1,0.17509630646556615
1,2,0.2,GBM_4_AutoML_8_20260420_25624,cov_LULL_lag1,0.06008675334043796
1,2,0.2,GBM_4_AutoML_8_20260420_25624,cov_OT_lag1,0.11911847651004788
1,2,0.2,GBM_4_AutoML_8_20260420_25624,hour_lag1,0.9630676794424653
1,2,0.2,GBM_4_AutoML_8_20260420_25624,day_of_week_lag1,0.04405222418019544
1,2,0.2,GBM_4_AutoML_8_20260420_25624,month_lag1,0.11291202950000294
1,2,0.2,GBM_4_AutoML_8_20260420_25624,month_sin,0.2993318440037547
1,2,0.2,GBM_4_AutoML_8_20260420_25624,month_cos,0.03702983435359779
1,2,0.2,GBM_grid_1_AutoML_8_20260420_25624_model_1,target_lag1,1.057872116395738
1,2,0.2,GBM_grid_1_AutoML_8_20260420_25624_model_1,target_lag2,0.30254945683293044
1,2,0.2,GBM_grid_1_AutoML_8_20260420_25624_model_1,target_lag3,0.3216324937902391
1,2,0.2,GBM_grid_1_AutoML_8_20260420_25624_model_1,target_lag4,0.09310355755384077
1,2,0.2,GBM_grid_1_AutoML_8_20260420_25624_model_1,target_lag5,0.12051724807126445
1,2,0.2,GBM_grid_1_AutoML_8_20260420_25624_model_1,target_lag6,0.1500874089775607
1,2,0.2,GBM_grid_1_AutoML_8_20260420_25624_model_1,cov_HULL_lag1,0.18582586506381632
1,2,0.2,GBM_grid_1_AutoML_8_20260420_25624_model_1,cov_MUFL_lag1,1.72481178894639
1,2,0.2,GBM_grid_1_AutoML_8_20260420_25624_model_1,cov_MULL_lag1,0.22889939688146113
1,2,0.2,GBM_grid_1_AutoML_8_20260420_25624_model_1,cov_LUFL_lag1,0.27418842940125615
1,2,0.2,GBM_grid_1_AutoML_8_20260420_25624_model_1,cov_LULL_lag1,0.04840528934146273
1,2,0.2,GBM_grid_1_AutoML_8_20260420_25624_model_1,cov_OT_lag1,0.1706518399529159
1,2,0.2,GBM_grid_1_AutoML_8_20260420_25624_model_1,hour_lag1,0.6857702035317197
1,2,0.2,GBM_grid_1_AutoML_8_20260420_25624_model_1,day_of_week_lag1,0.05090625333366912
1,2,0.2,GBM_grid_1_AutoML_8_20260420_25624_model_1,month_lag1,0.15175439389422532
1,2,0.2,GBM_grid_1_AutoML_8_20260420_25624_model_1,month_sin,0.23490249674767255
1,2,0.2,GBM_grid_1_AutoML_8_20260420_25624_model_1,month_cos,0.05034495488624085
1,2,0.2,XGBoost_grid_1_AutoML_8_20260420_25624_model_3,target_lag1,1.8909030594304204
1,2,0.2,XGBoost_grid_1_AutoML_8_20260420_25624_model_3,target_lag2,0.47853609079495074
1,2,0.2,XGBoost_grid_1_AutoML_8_20260420_25624_model_3,target_lag3,0.32528122525662184
1,2,0.2,XGBoost_grid_1_AutoML_8_20260420_25624_model_3,target_lag4,0.2299777482636273
1,2,0.2,XGBoost_grid_1_AutoML_8_20260420_25624_model_3,target_lag5,0.10545982478419315
1,2,0.2,XGBoost_grid_1_AutoML_8_20260420_25624_model_3,target_lag6,0.19466462546843105
1,2,0.2,XGBoost_grid_1_AutoML_8_20260420_25624_model_3,cov_HULL_lag1,0.028318053249968167
1,2,0.2,XGBoost_grid_1_AutoML_8_20260420_25624_model_3,cov_MUFL_lag1,1.6717601083219051
1,2,0.2,XGBoost_grid_1_AutoML_8_20260420_25624_model_3,cov_MULL_lag1,0.25415522834911825
1,2,0.2,XGBoost_grid_1_AutoML_8_20260420_25624_model_3,cov_LUFL_lag1,0.26078926617279646
1,2,0.2,XGBoost_grid_1_AutoML_8_20260420_25624_model_3,cov_LULL_lag1,0.07383177982643244
1,2,0.2,XGBoost_grid_1_AutoML_8_20260420_25624_model_3,cov_OT_lag1,0.21530822000000627
1,2,0.2,XGBoost_grid_1_AutoML_8_20260420_25624_model_3,hour_lag1,0.9036252555251122
1,2,0.2,XGBoost_grid_1_AutoML_8_20260420_25624_model_3,day_of_week_lag1,0.015972948838025296
1,2,0.2,XGBoost_grid_1_AutoML_8_20260420_25624_model_3,month_lag1,0.15197833193466065
1,2,0.2,XGBoost_grid_1_AutoML_8_20260420_25624_model_3,month_sin,0.272346075810492
1,2,0.2,XGBoost_grid_1_AutoML_8_20260420_25624_model_3,month_cos,0.11760624976828689
1,2,0.2,XGBoost_1_AutoML_8_20260420_25624,target_lag1,1.5000508267711847
1,2,0.2,XGBoost_1_AutoML_8_20260420_25624,target_lag2,0.356739594116807
1,2,0.2,XGBoost_1_AutoML_8_20260420_25624,target_lag3,0.18118016322609037
1,2,0.2,XGBoost_1_AutoML_8_20260420_25624,target_lag4,0.16162961337715384
1,2,0.2,XGBoost_1_AutoML_8_20260420_25624,target_lag5,0.12476999125676226
1,2,0.2,XGBoost_1_AutoML_8_20260420_25624,target_lag6,0.09896547719079532
1,2,0.2,XGBoost_1_AutoML_8_20260420_25624,cov_HULL_lag1,0.13802739963866767
1,2,0.2,XGBoost_1_AutoML_8_20260420_25624,cov_MUFL_lag1,2.493512939061038
1,2,0.2,XGBoost_1_AutoML_8_20260420_25624,cov_MULL_lag1,0.1949503905978054
1,2,0.2,XGBoost_1_AutoML_8_20260420_25624,cov_LUFL_lag1,0.32640296006575226
1,2,0.2,XGBoost_1_AutoML_8_20260420_25624,cov_LULL_lag1,0.08580119314545297
1,2,0.2,XGBoost_1_AutoML_8_20260420_25624,cov_OT_lag1,0.1755311848479323
1,2,0.2,XGBoost_1_AutoML_8_20260420_25624,hour_lag1,1.2155768048390747
1,2,0.2,XGBoost_1_AutoML_8_20260420_25624,day_of_week_lag1,0.09437918697134588
1,2,0.2,XGBoost_1_AutoML_8_20260420_25624,month_lag1,0.16298997460573442
1,2,0.2,XGBoost_1_AutoML_8_20260420_25624,month_sin,0.24459755847230555
1,2,0.2,XGBoost_1_AutoML_8_20260420_25624,month_cos,0.07587883229949506
1,2,0.2,GBM_grid_1_AutoML_8_20260420_25624_model_3,target_lag1,1.053194060921669
1,2,0.2,GBM_grid_1_AutoML_8_20260420_25624_model_3,target_lag2,0.5135985982930288
1,2,0.2,GBM_grid_1_AutoML_8_20260420_25624_model_3,target_lag3,0.2796086472366005
1,2,0.2,GBM_grid_1_AutoML_8_20260420_25624_model_3,target_lag4,0.114137327496428
1,2,0.2,GBM_grid_1_AutoML_8_20260420_25624_model_3,target_lag5,0.24441285331966356
1,2,0.2,GBM_grid_1_AutoML_8_20260420_25624_model_3,target_lag6,0.22396481959614903
1,2,0.2,GBM_grid_1_AutoML_8_20260420_25624_model_3,cov_HULL_lag1,0.17287056581582871
1,2,0.2,GBM_grid_1_AutoML_8_20260420_25624_model_3,cov_MUFL_lag1,1.9284900119900703
1,2,0.2,GBM_grid_1_AutoML_8_20260420_25624_model_3,cov_MULL_lag1,0.16431714798229222
1,2,0.2,GBM_grid_1_AutoML_8_20260420_25624_model_3,cov_LUFL_lag1,0.3261153938062489
1,2,0.2,GBM_grid_1_AutoML_8_20260420_25624_model_3,cov_LULL_lag1,0.056758377167861876
1,2,0.2,GBM_grid_1_AutoML_8_20260420_25624_model_3,cov_OT_lag1,0.09504367161425759
1,2,0.2,GBM_grid_1_AutoML_8_20260420_25624_model_3,hour_lag1,0.5652605507522821
1,2,0.2,GBM_grid_1_AutoML_8_20260420_25624_model_3,day_of_week_lag1,0.043560193864395795
1,2,0.2,GBM_grid_1_AutoML_8_20260420_25624_model_3,month_lag1,0.1697583626164123
1,2,0.2,GBM_grid_1_AutoML_8_20260420_25624_model_3,month_sin,0.235732626542449
1,2,0.2,GBM_grid_1_AutoML_8_20260420_25624_model_3,month_cos,0.0639956035185605
1,2,0.2,GBM_grid_1_AutoML_8_20260420_25624_model_2,target_lag1,1.6450857689976692
1,2,0.2,GBM_grid_1_AutoML_8_20260420_25624_model_2,target_lag2,0.2193399751186371
1,2,0.2,GBM_grid_1_AutoML_8_20260420_25624_model_2,target_lag3,0.26912056200526424
1,2,0.2,GBM_grid_1_AutoML_8_20260420_25624_model_2,target_lag4,0.17787240910343818
1,2,0.2,GBM_grid_1_AutoML_8_20260420_25624_model_2,target_lag5,0.22694586135214195
1,2,0.2,GBM_grid_1_AutoML_8_20260420_25624_model_2,target_lag6,0.4192349765636027
1,2,0.2,GBM_grid_1_AutoML_8_20260420_25624_model_2,cov_HULL_lag1,0.16649892145069312
1,2,0.2,GBM_grid_1_AutoML_8_20260420_25624_model_2,cov_MUFL_lag1,1.472141980677843
1,2,0.2,GBM_grid_1_AutoML_8_20260420_25624_model_2,cov_MULL_lag1,0.16609550256282088
1,2,0.2,GBM_grid_1_AutoML_8_20260420_25624_model_2,cov_LUFL_lag1,0.3341303708264604
1,2,0.2,GBM_grid_1_AutoML_8_20260420_25624_model_2,cov_LULL_lag1,0.06472764251288023
1,2,0.2,GBM_grid_1_AutoML_8_20260420_25624_model_2,cov_OT_lag1,0.13476162469014522
1,2,0.2,GBM_grid_1_AutoML_8_20260420_25624_model_2,hour_lag1,0.4129555658693425
1,2,0.2,GBM_grid_1_AutoML_8_20260420_25624_model_2,day_of_week_lag1,0.038348274882882796
1,2,0.2,GBM_grid_1_AutoML_8_20260420_25624_model_2,month_lag1,0.14786217704415316
1,2,0.2,GBM_grid_1_AutoML_8_20260420_25624_model_2,month_sin,0.12490918913856146
1,2,0.2,GBM_grid_1_AutoML_8_20260420_25624_model_2,month_cos,0.07230689110467205
1,2,0.2,XGBoost_2_AutoML_8_20260420_25624,target_lag1,0.8921721491590142
1,2,0.2,XGBoost_2_AutoML_8_20260420_25624,target_lag2,0.43310619799420236
1,2,0.2,XGBoost_2_AutoML_8_20260420_25624,target_lag3,0.19785214755684138
1,2,0.2,XGBoost_2_AutoML_8_20260420_25624,target_lag4,0.1404609750723466
1,2,0.2,XGBoost_2_AutoML_8_20260420_25624,target_lag5,0.14794494924833995
1,2,0.2,XGBoost_2_AutoML_8_20260420_25624,target_lag6,0.14447100878693162
1,2,0.2,XGBoost_2_AutoML_8_20260420_25624,cov_HULL_lag1,0.1684822738578077
1,2,0.2,XGBoost_2_AutoML_8_20260420_25624,cov_MUFL_lag1,3.0161244980990887
1,2,0.2,XGBoost_2_AutoML_8_20260420_25624,cov_MULL_lag1,0.1017945131633314
1,2,0.2,XGBoost_2_AutoML_8_20260420_25624,cov_LUFL_lag1,0.21801609110087156
1,2,0.2,XGBoost_2_AutoML_8_20260420_25624,cov_LULL_lag1,0.10392201349663079
1,2,0.2,XGBoost_2_AutoML_8_20260420_25624,cov_OT_lag1,0.24247991228476168
1,2,0.2,XGBoost_2_AutoML_8_20260420_25624,hour_lag1,1.0007762954197823
1,2,0.2,XGBoost_2_AutoML_8_20260420_25624,day_of_week_lag1,0.07792259802110489
1,2,0.2,XGBoost_2_AutoML_8_20260420_25624,month_lag1,0.17858335699420422
1,2,0.2,XGBoost_2_AutoML_8_20260420_25624,month_sin,0.19936082806438207
1,2,0.2,XGBoost_2_AutoML_8_20260420_25624,month_cos,0.06293096045963463
1,2,0.2,XGBoost_grid_1_AutoML_8_20260420_25624_model_2,target_lag1,2.1370178001374005
1,2,0.2,XGBoost_grid_1_AutoML_8_20260420_25624_model_2,target_lag2,0.14736153405159708
1,2,0.2,XGBoost_grid_1_AutoML_8_20260420_25624_model_2,target_lag3,0.13603340404108163
1,2,0.2,XGBoost_grid_1_AutoML_8_20260420_25624_model_2,target_lag4,0.14482157406629992
1,2,0.2,XGBoost_grid_1_AutoML_8_20260420_25624_model_2,target_lag5,0.10181411892292086
1,2,0.2,XGBoost_grid_1_AutoML_8_20260420_25624_model_2,target_lag6,0.27066754922037944
1,2,0.2,XGBoost_grid_1_AutoML_8_20260420_25624_model_2,cov_HULL_lag1,0.2804690790176392
1,2,0.2,XGBoost_grid_1_AutoML_8_20260420_25624_model_2,cov_MUFL_lag1,2.391665600389242
1,2,0.2,XGBoost_grid_1_AutoML_8_20260420_25624_model_2,cov_MULL_lag1,0.15295132374390957
1,2,0.2,XGBoost_grid_1_AutoML_8_20260420_25624_model_2,cov_LUFL_lag1,0.2876793782413006
1,2,0.2,XGBoost_grid_1_AutoML_8_20260420_25624_model_2,cov_LULL_lag1,0.07740666387602683
1,2,0.2,XGBoost_grid_1_AutoML_8_20260420_25624_model_2,cov_OT_lag1,0.22755702350288629
1,2,0.2,XGBoost_grid_1_AutoML_8_20260420_25624_model_2,hour_lag1,0.9214696457982063
1,2,0.2,XGBoost_grid_1_AutoML_8_20260420_25624_model_2,day_of_week_lag1,0.0689795745539595
1,2,0.2,XGBoost_grid_1_AutoML_8_20260420_25624_model_2,month_lag1,0.15439624428778187
1,2,0.2,XGBoost_grid_1_AutoML_8_20260420_25624_model_2,month_sin,0.3102784011233598
1,2,0.2,XGBoost_grid_1_AutoML_8_20260420_25624_model_2,month_cos,0.05373185258358713
1,2,0.2,XGBoost_grid_1_AutoML_8_20260420_25624_model_6,target_lag1,1.2185416243970395
1,2,0.2,XGBoost_grid_1_AutoML_8_20260420_25624_model_6,target_lag2,0.40270143960602583
1,2,0.2,XGBoost_grid_1_AutoML_8_20260420_25624_model_6,target_lag3,0.4711320672556758
1,2,0.2,XGBoost_grid_1_AutoML_8_20260420_25624_model_6,target_lag4,0.12472813556902107
1,2,0.2,XGBoost_grid_1_AutoML_8_20260420_25624_model_6,target_lag5,0.10728604532778259
1,2,0.2,XGBoost_grid_1_AutoML_8_20260420_25624_model_6,target_lag6,0.2514688012097031
1,2,0.2,XGBoost_grid_1_AutoML_8_20260420_25624_model_6,cov_HULL_lag1,0.1168211295153014
1,2,0.2,XGBoost_grid_1_AutoML_8_20260420_25624_model_6,cov_MUFL_lag1,1.8876917291618884
1,2,0.2,XGBoost_grid_1_AutoML_8_20260420_25624_model_6,cov_MULL_lag1,0.16819789114873854
1,2,0.2,XGBoost_grid_1_AutoML_8_20260420_25624_model_6,cov_LUFL_lag1,0.39283508621156216
1,2,0.2,XGBoost_grid_1_AutoML_8_20260420_25624_model_6,cov_LULL_lag1,0.0678076421283185
1,2,0.2,XGBoost_grid_1_AutoML_8_20260420_25624_model_6,cov_OT_lag1,0.277031221811194
1,2,0.2,XGBoost_grid_1_AutoML_8_20260420_25624_model_6,hour_lag1,0.8486171664111316
1,2,0.2,XGBoost_grid_1_AutoML_8_20260420_25624_model_6,day_of_week_lag1,0.04265536164399232
1,2,0.2,XGBoost_grid_1_AutoML_8_20260420_25624_model_6,month_lag1,0.1376251864910591
1,2,0.2,XGBoost_grid_1_AutoML_8_20260420_25624_model_6,month_sin,0.1396623747888952
1,2,0.2,XGBoost_grid_1_AutoML_8_20260420_25624_model_6,month_cos,0.20365058543160555
1,2,0.2,XGBoost_grid_1_AutoML_8_20260420_25624_model_4,target_lag1,1.0035297036916018
1,2,0.2,XGBoost_grid_1_AutoML_8_20260420_25624_model_4,target_lag2,0.161656759243051
1,2,0.2,XGBoost_grid_1_AutoML_8_20260420_25624_model_4,target_lag3,0.11067971667041998
1,2,0.2,XGBoost_grid_1_AutoML_8_20260420_25624_model_4,target_lag4,0.15080879891291257
1,2,0.2,XGBoost_grid_1_AutoML_8_20260420_25624_model_4,target_lag5,0.1197659867769107
1,2,0.2,XGBoost_grid_1_AutoML_8_20260420_25624_model_4,target_lag6,0.12767143998295066
1,2,0.2,XGBoost_grid_1_AutoML_8_20260420_25624_model_4,cov_HULL_lag1,0.15834848540835078
1,2,0.2,XGBoost_grid_1_AutoML_8_20260420_25624_model_4,cov_MUFL_lag1,3.0083311572670937
1,2,0.2,XGBoost_grid_1_AutoML_8_20260420_25624_model_4,cov_MULL_lag1,0.06977378044539359
1,2,0.2,XGBoost_grid_1_AutoML_8_20260420_25624_model_4,cov_LUFL_lag1,0.1857182292919606
1,2,0.2,XGBoost_grid_1_AutoML_8_20260420_25624_model_4,cov_LULL_lag1,0.04692293887026604
1,2,0.2,XGBoost_grid_1_AutoML_8_20260420_25624_model_4,cov_OT_lag1,0.18015377342700958
1,2,0.2,XGBoost_grid_1_AutoML_8_20260420_25624_model_4,hour_lag1,0.9868225356191397
1,2,0.2,XGBoost_grid_1_AutoML_8_20260420_25624_model_4,day_of_week_lag1,0.06502136275870721
1,2,0.2,XGBoost_grid_1_AutoML_8_20260420_25624_model_4,month_lag1,0.16681048358790576
1,2,0.2,XGBoost_grid_1_AutoML_8_20260420_25624_model_4,month_sin,0.24678426360711456
1,2,0.2,XGBoost_grid_1_AutoML_8_20260420_25624_model_4,month_cos,0.1316766872652806
1,2,0.3,GBM_3_AutoML_8_20260420_25624,target_lag1,1.301626030653715
1,2,0.3,GBM_3_AutoML_8_20260420_25624,target_lag2,0.14711905314587054
1,2,0.3,GBM_3_AutoML_8_20260420_25624,target_lag3,0.07323315244982948
1,2,0.3,GBM_3_AutoML_8_20260420_25624,target_lag4,0.15728863272350277
1,2,0.3,GBM_3_AutoML_8_20260420_25624,target_lag5,0.08694271678337824
1,2,0.3,GBM_3_AutoML_8_20260420_25624,target_lag6,0.20317899051122368
1,2,0.3,GBM_3_AutoML_8_20260420_25624,cov_HULL_lag1,0.07479124284349378
1,2,0.3,GBM_3_AutoML_8_20260420_25624,cov_MUFL_lag1,2.6007804763130844
1,2,0.3,GBM_3_AutoML_8_20260420_25624,cov_MULL_lag1,0.14386263685300943
1,2,0.3,GBM_3_AutoML_8_20260420_25624,cov_LUFL_lag1,0.21168126112781466
1,2,0.3,GBM_3_AutoML_8_20260420_25624,cov_LULL_lag1,0.06995467471890147
1,2,0.3,GBM_3_AutoML_8_20260420_25624,cov_OT_lag1,0.1531438693962991
1,2,0.3,GBM_3_AutoML_8_20260420_25624,hour_lag1,0.8472014213353396
1,2,0.3,GBM_3_AutoML_8_20260420_25624,day_of_week_lag1,0.03909956586547191
1,2,0.3,GBM_3_AutoML_8_20260420_25624,month_lag1,0.11284521122113798
1,2,0.3,GBM_3_AutoML_8_20260420_25624,month_sin,0.2874578073620796
1,2,0.3,GBM_3_AutoML_8_20260420_25624,month_cos,0.046023082076571846
1,2,0.3,GBM_2_AutoML_8_20260420_25624,target_lag1,1.1843260335177184
1,2,0.3,GBM_2_AutoML_8_20260420_25624,target_lag2,0.27433315824950116
1,2,0.3,GBM_2_AutoML_8_20260420_25624,target_lag3,0.2964846435748041
1,2,0.3,GBM_2_AutoML_8_20260420_25624,target_lag4,0.14471632281318303
1,2,0.3,GBM_2_AutoML_8_20260420_25624,target_lag5,0.07362644599401387
1,2,0.3,GBM_2_AutoML_8_20260420_25624,target_lag6,0.12488357815091146
1,2,0.3,GBM_2_AutoML_8_20260420_25624,cov_HULL_lag1,0.044221634440909804
1,2,0.3,GBM_2_AutoML_8_20260420_25624,cov_MUFL_lag1,2.1298137639462946
1,2,0.3,GBM_2_AutoML_8_20260420_25624,cov_MULL_lag1,0.07684733208268878
1,2,0.3,GBM_2_AutoML_8_20260420_25624,cov_LUFL_lag1,0.19614288809709252
1,2,0.3,GBM_2_AutoML_8_20260420_25624,cov_LULL_lag1,0.047644242197275116
1,2,0.3,GBM_2_AutoML_8_20260420_25624,cov_OT_lag1,0.1264310643752105
1,2,0.3,GBM_2_AutoML_8_20260420_25624,hour_lag1,0.9454137566685676
1,2,0.3,GBM_2_AutoML_8_20260420_25624,day_of_week_lag1,0.04330281640286554
1,2,0.3,GBM_2_AutoML_8_20260420_25624,month_lag1,0.10689774353522803
1,2,0.3,GBM_2_AutoML_8_20260420_25624,month_sin,0.2842473930679262
1,2,0.3,GBM_2_AutoML_8_20260420_25624,month_cos,0.04367096541449423
1,2,0.3,GBM_1_AutoML_8_20260420_25624,target_lag1,1.6155199965834617
1,2,0.3,GBM_1_AutoML_8_20260420_25624,target_lag2,0.09515395405236628
1,2,0.3,GBM_1_AutoML_8_20260420_25624,target_lag3,0.10738105104770508
1,2,0.3,GBM_1_AutoML_8_20260420_25624,target_lag4,0.11964629260357466
1,2,0.3,GBM_1_AutoML_8_20260420_25624,target_lag5,0.11355689086019989
1,2,0.3,GBM_1_AutoML_8_20260420_25624,target_lag6,0.20720158996991814
1,2,0.3,GBM_1_AutoML_8_20260420_25624,cov_HULL_lag1,0.07705015627201643
1,2,0.3,GBM_1_AutoML_8_20260420_25624,cov_MUFL_lag1,2.2838045546412467
1,2,0.3,GBM_1_AutoML_8_20260420_25624,cov_MULL_lag1,0.11426424417644736
1,2,0.3,GBM_1_AutoML_8_20260420_25624,cov_LUFL_lag1,0.20872440805658699
1,2,0.3,GBM_1_AutoML_8_20260420_25624,cov_LULL_lag1,0.03383832234394499
1,2,0.3,GBM_1_AutoML_8_20260420_25624,cov_OT_lag1,0.09253802539780732
1,2,0.3,GBM_1_AutoML_8_20260420_25624,hour_lag1,0.8324589053494855
1,2,0.3,GBM_1_AutoML_8_20260420_25624,day_of_week_lag1,0.027106157914968163
1,2,0.3,GBM_1_AutoML_8_20260420_25624,month_lag1,0.09497213350317903
1,2,0.3,GBM_1_AutoML_8_20260420_25624,month_sin,0.23968810248188674
1,2,0.3,GBM_1_AutoML_8_20260420_25624,month_cos,0.037714714559842794
1,2,0.3,GBM_5_AutoML_8_20260420_25624,target_lag1,1.3332385713234545
1,2,0.3,GBM_5_AutoML_8_20260420_25624,target_lag2,0.33853227892890575
1,2,0.3,GBM_5_AutoML_8_20260420_25624,target_lag3,0.08438099899794903
1,2,0.3,GBM_5_AutoML_8_20260420_25624,target_lag4,0.12483059592545029
1,2,0.3,GBM_5_AutoML_8_20260420_25624,target_lag5,0.07258305560215372
1,2,0.3,GBM_5_AutoML_8_20260420_25624,target_lag6,0.12295857968681954
1,2,0.3,GBM_5_AutoML_8_20260420_25624,cov_HULL_lag1,0.08533517433796073
1,2,0.3,GBM_5_AutoML_8_20260420_25624,cov_MUFL_lag1,2.1462957484275105
1,2,0.3,GBM_5_AutoML_8_20260420_25624,cov_MULL_lag1,0.1210574084287509
1,2,0.3,GBM_5_AutoML_8_20260420_25624,cov_LUFL_lag1,0.19281624394468963
1,2,0.3,GBM_5_AutoML_8_20260420_25624,cov_LULL_lag1,0.0543516354107123
1,2,0.3,GBM_5_AutoML_8_20260420_25624,cov_OT_lag1,0.16562016469983065
1,2,0.3,GBM_5_AutoML_8_20260420_25624,hour_lag1,1.0441794185340405
1,2,0.3,GBM_5_AutoML_8_20260420_25624,day_of_week_lag1,0.026622678935527753
1,2,0.3,GBM_5_AutoML_8_20260420_25624,month_lag1,0.15104246827773746
1,2,0.3,GBM_5_AutoML_8_20260420_25624,month_sin,0.325992010384798
1,2,0.3,GBM_5_AutoML_8_20260420_25624,month_cos,0.06288475861249022
1,2,0.3,XGBoost_grid_1_AutoML_8_20260420_25624_model_5,target_lag1,1.838597880192101
1,2,0.3,XGBoost_grid_1_AutoML_8_20260420_25624_model_5,target_lag2,0.15306590517982838
1,2,0.3,XGBoost_grid_1_AutoML_8_20260420_25624_model_5,target_lag3,0.09383160008117553
1,2,0.3,XGBoost_grid_1_AutoML_8_20260420_25624_model_5,target_lag4,0.021832240521907752
1,2,0.3,XGBoost_grid_1_AutoML_8_20260420_25624_model_5,target_lag5,0.37152631834149363
1,2,0.3,XGBoost_grid_1_AutoML_8_20260420_25624_model_5,target_lag6,0.18055339911021293
1,2,0.3,XGBoost_grid_1_AutoML_8_20260420_25624_model_5,cov_HULL_lag1,0.06609117100015278
1,2,0.3,XGBoost_grid_1_AutoML_8_20260420_25624_model_5,cov_MUFL_lag1,2.177182839214802
1,2,0.3,XGBoost_grid_1_AutoML_8_20260420_25624_model_5,cov_MULL_lag1,0.13565783749800173
1,2,0.3,XGBoost_grid_1_AutoML_8_20260420_25624_model_5,cov_LUFL_lag1,0.2013871212443337
1,2,0.3,XGBoost_grid_1_AutoML_8_20260420_25624_model_5,cov_LULL_lag1,0.03408935968764122
1,2,0.3,XGBoost_grid_1_AutoML_8_20260420_25624_model_5,cov_OT_lag1,0.20045724180061367
1,2,0.3,XGBoost_grid_1_AutoML_8_20260420_25624_model_5,hour_lag1,0.9347786612436175
1,2,0.3,XGBoost_grid_1_AutoML_8_20260420_25624_model_5,day_of_week_lag1,0.035783970085903956
1,2,0.3,XGBoost_grid_1_AutoML_8_20260420_25624_model_5,month_lag1,0.13614823744166638
1,2,0.3,XGBoost_grid_1_AutoML_8_20260420_25624_model_5,month_sin,0.32561244055628774
1,2,0.3,XGBoost_grid_1_AutoML_8_20260420_25624_model_5,month_cos,0.05583245475776488
1,2,0.3,XGBoost_grid_1_AutoML_8_20260420_25624_model_1,target_lag1,1.6890559904649853
1,2,0.3,XGBoost_grid_1_AutoML_8_20260420_25624_model_1,target_lag2,0.2845164630934596
1,2,0.3,XGBoost_grid_1_AutoML_8_20260420_25624_model_1,target_lag3,0.11951496376539578
1,2,0.3,XGBoost_grid_1_AutoML_8_20260420_25624_model_1,target_lag4,0.10665171462576833
1,2,0.3,XGBoost_grid_1_AutoML_8_20260420_25624_model_1,target_lag5,0.07519742063246664
1,2,0.3,XGBoost_grid_1_AutoML_8_20260420_25624_model_1,target_lag6,0.06814882043749089
1,2,0.3,XGBoost_grid_1_AutoML_8_20260420_25624_model_1,cov_HULL_lag1,0.05477250141790133
1,2,0.3,XGBoost_grid_1_AutoML_8_20260420_25624_model_1,cov_MUFL_lag1,1.9659303239174186
1,2,0.3,XGBoost_grid_1_AutoML_8_20260420_25624_model_1,cov_MULL_lag1,0.1650994309410453
1,2,0.3,XGBoost_grid_1_AutoML_8_20260420_25624_model_1,cov_LUFL_lag1,0.28361878619063646
1,2,0.3,XGBoost_grid_1_AutoML_8_20260420_25624_model_1,cov_LULL_lag1,0.09241653962060806
1,2,0.3,XGBoost_grid_1_AutoML_8_20260420_25624_model_1,cov_OT_lag1,0.1969135646772338
1,2,0.3,XGBoost_grid_1_AutoML_8_20260420_25624_model_1,hour_lag1,0.9883626416325569
1,2,0.3,XGBoost_grid_1_AutoML_8_20260420_25624_model_1,day_of_week_lag1,0.06395227737433738
1,2,0.3,XGBoost_grid_1_AutoML_8_20260420_25624_model_1,month_lag1,0.25674314411357047
1,2,0.3,XGBoost_grid_1_AutoML_8_20260420_25624_model_1,month_sin,0.3032573784887791
1,2,0.3,XGBoost_grid_1_AutoML_8_20260420_25624_model_1,month_cos,0.07091308792121705
1,2,0.3,XGBoost_3_AutoML_8_20260420_25624,target_lag1,2.1494515187898653
1,2,0.3,XGBoost_3_AutoML_8_20260420_25624,target_lag2,0.6992129186540842
1,2,0.3,XGBoost_3_AutoML_8_20260420_25624,target_lag3,0.13495960578322408
1,2,0.3,XGBoost_3_AutoML_8_20260420_25624,target_lag4,0.25684487437829373
1,2,0.3,XGBoost_3_AutoML_8_20260420_25624,target_lag5,0.05477579995524133
1,2,0.3,XGBoost_3_AutoML_8_20260420_25624,target_lag6,0.1969575287681073
1,2,0.3,XGBoost_3_AutoML_8_20260420_25624,cov_HULL_lag1,0.060345285788353034
1,2,0.3,XGBoost_3_AutoML_8_20260420_25624,cov_MUFL_lag1,1.2873405568976886
1,2,0.3,XGBoost_3_AutoML_8_20260420_25624,cov_MULL_lag1,0.1248840078571811
1,2,0.3,XGBoost_3_AutoML_8_20260420_25624,cov_LUFL_lag1,0.3334170280583203
1,2,0.3,XGBoost_3_AutoML_8_20260420_25624,cov_LULL_lag1,0.11880634669447314
1,2,0.3,XGBoost_3_AutoML_8_20260420_25624,cov_OT_lag1,0.26946464903652667
1,2,0.3,XGBoost_3_AutoML_8_20260420_25624,hour_lag1,1.162561916448176
1,2,0.3,XGBoost_3_AutoML_8_20260420_25624,day_of_week_lag1,0.054762757524149455
1,2,0.3,XGBoost_3_AutoML_8_20260420_25624,month_lag1,0.11092883511446411
1,2,0.3,XGBoost_3_AutoML_8_20260420_25624,month_sin,0.29006840877234935
1,2,0.3,XGBoost_3_AutoML_8_20260420_25624,month_cos,0.054254040680825656
1,2,0.3,DRF_1_AutoML_8_20260420_25624,target_lag1,1.3220526684820653
1,2,0.3,DRF_1_AutoML_8_20260420_25624,target_lag2,0.7005150446295738
1,2,0.3,DRF_1_AutoML_8_20260420_25624,target_lag3,0.2412186473608017
1,2,0.3,DRF_1_AutoML_8_20260420_25624,target_lag4,0.09683354721579232
1,2,0.3,DRF_1_AutoML_8_20260420_25624,target_lag5,0.1517141179461032
1,2,0.3,DRF_1_AutoML_8_20260420_25624,target_lag6,0.1208458476210944
1,2,0.3,DRF_1_AutoML_8_20260420_25624,cov_HULL_lag1,0.06936633409466592
1,2,0.3,DRF_1_AutoML_8_20260420_25624,cov_MUFL_lag1,2.0042966166604312
1,2,0.3,DRF_1_AutoML_8_20260420_25624,cov_MULL_lag1,0.10838525723200287
1,2,0.3,DRF_1_AutoML_8_20260420_25624,cov_LUFL_lag1,0.2769682409754023
1,2,0.3,DRF_1_AutoML_8_20260420_25624,cov_LULL_lag1,0.042605720420833625
1,2,0.3,DRF_1_AutoML_8_20260420_25624,cov_OT_lag1,0.08143577592447397
1,2,0.3,DRF_1_AutoML_8_20260420_25624,hour_lag1,0.5561030996963382
1,2,0.3,DRF_1_AutoML_8_20260420_25624,day_of_week_lag1,0.020140412747277837
1,2,0.3,DRF_1_AutoML_8_20260420_25624,month_lag1,0.09542768853891172
1,2,0.3,DRF_1_AutoML_8_20260420_25624,month_sin,0.2340536130592227
1,2,0.3,DRF_1_AutoML_8_20260420_25624,month_cos,0.040955626355716916
1,2,0.3,XRT_1_AutoML_8_20260420_25624,target_lag1,1.4979170621186495
1,2,0.3,XRT_1_AutoML_8_20260420_25624,target_lag2,0.5247613373771309
1,2,0.3,XRT_1_AutoML_8_20260420_25624,target_lag3,0.24434232098981734
1,2,0.3,XRT_1_AutoML_8_20260420_25624,target_lag4,0.15560725038871165
1,2,0.3,XRT_1_AutoML_8_20260420_25624,target_lag5,0.09993276762310412
1,2,0.3,XRT_1_AutoML_8_20260420_25624,target_lag6,0.2040738757699728
1,2,0.3,XRT_1_AutoML_8_20260420_25624,cov_HULL_lag1,0.1412982127536088
1,2,0.3,XRT_1_AutoML_8_20260420_25624,cov_MUFL_lag1,1.96549581438303
1,2,0.3,XRT_1_AutoML_8_20260420_25624,cov_MULL_lag1,0.14559336187317964
1,2,0.3,XRT_1_AutoML_8_20260420_25624,cov_LUFL_lag1,0.2356151334336027
1,2,0.3,XRT_1_AutoML_8_20260420_25624,cov_LULL_lag1,0.04940016011998519
1,2,0.3,XRT_1_AutoML_8_20260420_25624,cov_OT_lag1,0.07546898440457875
1,2,0.3,XRT_1_AutoML_8_20260420_25624,hour_lag1,0.800982269346714
1,2,0.3,XRT_1_AutoML_8_20260420_25624,day_of_week_lag1,0.07667845137882974
1,2,0.3,XRT_1_AutoML_8_20260420_25624,month_lag1,0.25901635179296134
1,2,0.3,XRT_1_AutoML_8_20260420_25624,month_sin,0.1801724865520373
1,2,0.3,XRT_1_AutoML_8_20260420_25624,month_cos,0.07423151748254891
1,2,0.3,GBM_4_AutoML_8_20260420_25624,target_lag1,1.0995570373535157
1,2,0.3,GBM_4_AutoML_8_20260420_25624,target_lag2,0.3247691139066592
1,2,0.3,GBM_4_AutoML_8_20260420_25624,target_lag3,0.09285111289005724
1,2,0.3,GBM_4_AutoML_8_20260420_25624,target_lag4,0.1590853293705731
1,2,0.3,GBM_4_AutoML_8_20260420_25624,target_lag5,0.10859610651619729
1,2,0.3,GBM_4_AutoML_8_20260420_25624,target_lag6,0.09328375958371904
1,2,0.3,GBM_4_AutoML_8_20260420_25624,cov_HULL_lag1,0.07253335814457382
1,2,0.3,GBM_4_AutoML_8_20260420_25624,cov_MUFL_lag1,2.561529386639595
1,2,0.3,GBM_4_AutoML_8_20260420_25624,cov_MULL_lag1,0.17611768153496088
1,2,0.3,GBM_4_AutoML_8_20260420_25624,cov_LUFL_lag1,0.17509630646556615
1,2,0.3,GBM_4_AutoML_8_20260420_25624,cov_LULL_lag1,0.06008675334043796
1,2,0.3,GBM_4_AutoML_8_20260420_25624,cov_OT_lag1,0.11911847651004788
1,2,0.3,GBM_4_AutoML_8_20260420_25624,hour_lag1,0.9630676794424653
1,2,0.3,GBM_4_AutoML_8_20260420_25624,day_of_week_lag1,0.04405222418019544
1,2,0.3,GBM_4_AutoML_8_20260420_25624,month_lag1,0.11291202950000294
1,2,0.3,GBM_4_AutoML_8_20260420_25624,month_sin,0.2993318440037547
1,2,0.3,GBM_4_AutoML_8_20260420_25624,month_cos,0.03702983435359779
1,2,0.3,GBM_grid_1_AutoML_8_20260420_25624_model_1,target_lag1,1.057872116395738
1,2,0.3,GBM_grid_1_AutoML_8_20260420_25624_model_1,target_lag2,0.30254945683293044
1,2,0.3,GBM_grid_1_AutoML_8_20260420_25624_model_1,target_lag3,0.3216324937902391
1,2,0.3,GBM_grid_1_AutoML_8_20260420_25624_model_1,target_lag4,0.09310355755384077
1,2,0.3,GBM_grid_1_AutoML_8_20260420_25624_model_1,target_lag5,0.12051724807126445
1,2,0.3,GBM_grid_1_AutoML_8_20260420_25624_model_1,target_lag6,0.1500874089775607
1,2,0.3,GBM_grid_1_AutoML_8_20260420_25624_model_1,cov_HULL_lag1,0.18582586506381632
1,2,0.3,GBM_grid_1_AutoML_8_20260420_25624_model_1,cov_MUFL_lag1,1.72481178894639
1,2,0.3,GBM_grid_1_AutoML_8_20260420_25624_model_1,cov_MULL_lag1,0.22889939688146113
1,2,0.3,GBM_grid_1_AutoML_8_20260420_25624_model_1,cov_LUFL_lag1,0.27418842940125615
1,2,0.3,GBM_grid_1_AutoML_8_20260420_25624_model_1,cov_LULL_lag1,0.04840528934146273
1,2,0.3,GBM_grid_1_AutoML_8_20260420_25624_model_1,cov_OT_lag1,0.1706518399529159
1,2,0.3,GBM_grid_1_AutoML_8_20260420_25624_model_1,hour_lag1,0.6857702035317197
1,2,0.3,GBM_grid_1_AutoML_8_20260420_25624_model_1,day_of_week_lag1,0.05090625333366912
1,2,0.3,GBM_grid_1_AutoML_8_20260420_25624_model_1,month_lag1,0.15175439389422532
1,2,0.3,GBM_grid_1_AutoML_8_20260420_25624_model_1,month_sin,0.23490249674767255
1,2,0.3,GBM_grid_1_AutoML_8_20260420_25624_model_1,month_cos,0.05034495488624085
1,2,0.3,XGBoost_grid_1_AutoML_8_20260420_25624_model_3,target_lag1,1.8909030594304204
1,2,0.3,XGBoost_grid_1_AutoML_8_20260420_25624_model_3,target_lag2,0.47853609079495074
1,2,0.3,XGBoost_grid_1_AutoML_8_20260420_25624_model_3,target_lag3,0.32528122525662184
1,2,0.3,XGBoost_grid_1_AutoML_8_20260420_25624_model_3,target_lag4,0.2299777482636273
1,2,0.3,XGBoost_grid_1_AutoML_8_20260420_25624_model_3,target_lag5,0.10545982478419315
1,2,0.3,XGBoost_grid_1_AutoML_8_20260420_25624_model_3,target_lag6,0.19466462546843105
1,2,0.3,XGBoost_grid_1_AutoML_8_20260420_25624_model_3,cov_HULL_lag1,0.028318053249968167
1,2,0.3,XGBoost_grid_1_AutoML_8_20260420_25624_model_3,cov_MUFL_lag1,1.6717601083219051
1,2,0.3,XGBoost_grid_1_AutoML_8_20260420_25624_model_3,cov_MULL_lag1,0.25415522834911825
1,2,0.3,XGBoost_grid_1_AutoML_8_20260420_25624_model_3,cov_LUFL_lag1,0.26078926617279646
1,2,0.3,XGBoost_grid_1_AutoML_8_20260420_25624_model_3,cov_LULL_lag1,0.07383177982643244
1,2,0.3,XGBoost_grid_1_AutoML_8_20260420_25624_model_3,cov_OT_lag1,0.21530822000000627
1,2,0.3,XGBoost_grid_1_AutoML_8_20260420_25624_model_3,hour_lag1,0.9036252555251122
1,2,0.3,XGBoost_grid_1_AutoML_8_20260420_25624_model_3,day_of_week_lag1,0.015972948838025296
1,2,0.3,XGBoost_grid_1_AutoML_8_20260420_25624_model_3,month_lag1,0.15197833193466065
1,2,0.3,XGBoost_grid_1_AutoML_8_20260420_25624_model_3,month_sin,0.272346075810492
1,2,0.3,XGBoost_grid_1_AutoML_8_20260420_25624_model_3,month_cos,0.11760624976828689
1,2,0.3,XGBoost_1_AutoML_8_20260420_25624,target_lag1,1.5000508267711847
1,2,0.3,XGBoost_1_AutoML_8_20260420_25624,target_lag2,0.356739594116807
1,2,0.3,XGBoost_1_AutoML_8_20260420_25624,target_lag3,0.18118016322609037
1,2,0.3,XGBoost_1_AutoML_8_20260420_25624,target_lag4,0.16162961337715384
1,2,0.3,XGBoost_1_AutoML_8_20260420_25624,target_lag5,0.12476999125676226
1,2,0.3,XGBoost_1_AutoML_8_20260420_25624,target_lag6,0.09896547719079532
1,2,0.3,XGBoost_1_AutoML_8_20260420_25624,cov_HULL_lag1,0.13802739963866767
1,2,0.3,XGBoost_1_AutoML_8_20260420_25624,cov_MUFL_lag1,2.493512939061038
1,2,0.3,XGBoost_1_AutoML_8_20260420_25624,cov_MULL_lag1,0.1949503905978054
1,2,0.3,XGBoost_1_AutoML_8_20260420_25624,cov_LUFL_lag1,0.32640296006575226
1,2,0.3,XGBoost_1_AutoML_8_20260420_25624,cov_LULL_lag1,0.08580119314545297
1,2,0.3,XGBoost_1_AutoML_8_20260420_25624,cov_OT_lag1,0.1755311848479323
1,2,0.3,XGBoost_1_AutoML_8_20260420_25624,hour_lag1,1.2155768048390747
1,2,0.3,XGBoost_1_AutoML_8_20260420_25624,day_of_week_lag1,0.09437918697134588
1,2,0.3,XGBoost_1_AutoML_8_20260420_25624,month_lag1,0.16298997460573442
1,2,0.3,XGBoost_1_AutoML_8_20260420_25624,month_sin,0.24459755847230555
1,2,0.3,XGBoost_1_AutoML_8_20260420_25624,month_cos,0.07587883229949506
1,2,0.3,GBM_grid_1_AutoML_8_20260420_25624_model_3,target_lag1,1.053194060921669
1,2,0.3,GBM_grid_1_AutoML_8_20260420_25624_model_3,target_lag2,0.5135985982930288
1,2,0.3,GBM_grid_1_AutoML_8_20260420_25624_model_3,target_lag3,0.2796086472366005
1,2,0.3,GBM_grid_1_AutoML_8_20260420_25624_model_3,target_lag4,0.114137327496428
1,2,0.3,GBM_grid_1_AutoML_8_20260420_25624_model_3,target_lag5,0.24441285331966356
1,2,0.3,GBM_grid_1_AutoML_8_20260420_25624_model_3,target_lag6,0.22396481959614903
1,2,0.3,GBM_grid_1_AutoML_8_20260420_25624_model_3,cov_HULL_lag1,0.17287056581582871
1,2,0.3,GBM_grid_1_AutoML_8_20260420_25624_model_3,cov_MUFL_lag1,1.9284900119900703
1,2,0.3,GBM_grid_1_AutoML_8_20260420_25624_model_3,cov_MULL_lag1,0.16431714798229222
1,2,0.3,GBM_grid_1_AutoML_8_20260420_25624_model_3,cov_LUFL_lag1,0.3261153938062489
1,2,0.3,GBM_grid_1_AutoML_8_20260420_25624_model_3,cov_LULL_lag1,0.056758377167861876
1,2,0.3,GBM_grid_1_AutoML_8_20260420_25624_model_3,cov_OT_lag1,0.09504367161425759
1,2,0.3,GBM_grid_1_AutoML_8_20260420_25624_model_3,hour_lag1,0.5652605507522821
1,2,0.3,GBM_grid_1_AutoML_8_20260420_25624_model_3,day_of_week_lag1,0.043560193864395795
1,2,0.3,GBM_grid_1_AutoML_8_20260420_25624_model_3,month_lag1,0.1697583626164123
1,2,0.3,GBM_grid_1_AutoML_8_20260420_25624_model_3,month_sin,0.235732626542449
1,2,0.3,GBM_grid_1_AutoML_8_20260420_25624_model_3,month_cos,0.0639956035185605
1,2,0.3,GBM_grid_1_AutoML_8_20260420_25624_model_2,target_lag1,1.6450857689976692
1,2,0.3,GBM_grid_1_AutoML_8_20260420_25624_model_2,target_lag2,0.2193399751186371
1,2,0.3,GBM_grid_1_AutoML_8_20260420_25624_model_2,target_lag3,0.26912056200526424
1,2,0.3,GBM_grid_1_AutoML_8_20260420_25624_model_2,target_lag4,0.17787240910343818
1,2,0.3,GBM_grid_1_AutoML_8_20260420_25624_model_2,target_lag5,0.22694586135214195
1,2,0.3,GBM_grid_1_AutoML_8_20260420_25624_model_2,target_lag6,0.4192349765636027
1,2,0.3,GBM_grid_1_AutoML_8_20260420_25624_model_2,cov_HULL_lag1,0.16649892145069312
1,2,0.3,GBM_grid_1_AutoML_8_20260420_25624_model_2,cov_MUFL_lag1,1.472141980677843
1,2,0.3,GBM_grid_1_AutoML_8_20260420_25624_model_2,cov_MULL_lag1,0.16609550256282088
1,2,0.3,GBM_grid_1_AutoML_8_20260420_25624_model_2,cov_LUFL_lag1,0.3341303708264604
1,2,0.3,GBM_grid_1_AutoML_8_20260420_25624_model_2,cov_LULL_lag1,0.06472764251288023
1,2,0.3,GBM_grid_1_AutoML_8_20260420_25624_model_2,cov_OT_lag1,0.13476162469014522
1,2,0.3,GBM_grid_1_AutoML_8_20260420_25624_model_2,hour_lag1,0.4129555658693425
1,2,0.3,GBM_grid_1_AutoML_8_20260420_25624_model_2,day_of_week_lag1,0.038348274882882796
1,2,0.3,GBM_grid_1_AutoML_8_20260420_25624_model_2,month_lag1,0.14786217704415316
1,2,0.3,GBM_grid_1_AutoML_8_20260420_25624_model_2,month_sin,0.12490918913856146
1,2,0.3,GBM_grid_1_AutoML_8_20260420_25624_model_2,month_cos,0.07230689110467205
1,2,0.3,XGBoost_2_AutoML_8_20260420_25624,target_lag1,0.8921721491590142
1,2,0.3,XGBoost_2_AutoML_8_20260420_25624,target_lag2,0.43310619799420236
1,2,0.3,XGBoost_2_AutoML_8_20260420_25624,target_lag3,0.19785214755684138
1,2,0.3,XGBoost_2_AutoML_8_20260420_25624,target_lag4,0.1404609750723466
1,2,0.3,XGBoost_2_AutoML_8_20260420_25624,target_lag5,0.14794494924833995
1,2,0.3,XGBoost_2_AutoML_8_20260420_25624,target_lag6,0.14447100878693162
1,2,0.3,XGBoost_2_AutoML_8_20260420_25624,cov_HULL_lag1,0.1684822738578077
1,2,0.3,XGBoost_2_AutoML_8_20260420_25624,cov_MUFL_lag1,3.0161244980990887
1,2,0.3,XGBoost_2_AutoML_8_20260420_25624,cov_MULL_lag1,0.1017945131633314
1,2,0.3,XGBoost_2_AutoML_8_20260420_25624,cov_LUFL_lag1,0.21801609110087156
1,2,0.3,XGBoost_2_AutoML_8_20260420_25624,cov_LULL_lag1,0.10392201349663079
1,2,0.3,XGBoost_2_AutoML_8_20260420_25624,cov_OT_lag1,0.24247991228476168
1,2,0.3,XGBoost_2_AutoML_8_20260420_25624,hour_lag1,1.0007762954197823
1,2,0.3,XGBoost_2_AutoML_8_20260420_25624,day_of_week_lag1,0.07792259802110489
1,2,0.3,XGBoost_2_AutoML_8_20260420_25624,month_lag1,0.17858335699420422
1,2,0.3,XGBoost_2_AutoML_8_20260420_25624,month_sin,0.19936082806438207
1,2,0.3,XGBoost_2_AutoML_8_20260420_25624,month_cos,0.06293096045963463
1,2,0.3,XGBoost_grid_1_AutoML_8_20260420_25624_model_2,target_lag1,2.1370178001374005
1,2,0.3,XGBoost_grid_1_AutoML_8_20260420_25624_model_2,target_lag2,0.14736153405159708
1,2,0.3,XGBoost_grid_1_AutoML_8_20260420_25624_model_2,target_lag3,0.13603340404108163
1,2,0.3,XGBoost_grid_1_AutoML_8_20260420_25624_model_2,target_lag4,0.14482157406629992
1,2,0.3,XGBoost_grid_1_AutoML_8_20260420_25624_model_2,target_lag5,0.10181411892292086
1,2,0.3,XGBoost_grid_1_AutoML_8_20260420_25624_model_2,target_lag6,0.27066754922037944
1,2,0.3,XGBoost_grid_1_AutoML_8_20260420_25624_model_2,cov_HULL_lag1,0.2804690790176392
1,2,0.3,XGBoost_grid_1_AutoML_8_20260420_25624_model_2,cov_MUFL_lag1,2.391665600389242
1,2,0.3,XGBoost_grid_1_AutoML_8_20260420_25624_model_2,cov_MULL_lag1,0.15295132374390957
1,2,0.3,XGBoost_grid_1_AutoML_8_20260420_25624_model_2,cov_LUFL_lag1,0.2876793782413006
1,2,0.3,XGBoost_grid_1_AutoML_8_20260420_25624_model_2,cov_LULL_lag1,0.07740666387602683
1,2,0.3,XGBoost_grid_1_AutoML_8_20260420_25624_model_2,cov_OT_lag1,0.22755702350288629
1,2,0.3,XGBoost_grid_1_AutoML_8_20260420_25624_model_2,hour_lag1,0.9214696457982063
1,2,0.3,XGBoost_grid_1_AutoML_8_20260420_25624_model_2,day_of_week_lag1,0.0689795745539595
1,2,0.3,XGBoost_grid_1_AutoML_8_20260420_25624_model_2,month_lag1,0.15439624428778187
1,2,0.3,XGBoost_grid_1_AutoML_8_20260420_25624_model_2,month_sin,0.3102784011233598
1,2,0.3,XGBoost_grid_1_AutoML_8_20260420_25624_model_2,month_cos,0.05373185258358713
1,2,0.3,XGBoost_grid_1_AutoML_8_20260420_25624_model_6,target_lag1,1.2185416243970395
1,2,0.3,XGBoost_grid_1_AutoML_8_20260420_25624_model_6,target_lag2,0.40270143960602583
1,2,0.3,XGBoost_grid_1_AutoML_8_20260420_25624_model_6,target_lag3,0.4711320672556758
1,2,0.3,XGBoost_grid_1_AutoML_8_20260420_25624_model_6,target_lag4,0.12472813556902107
1,2,0.3,XGBoost_grid_1_AutoML_8_20260420_25624_model_6,target_lag5,0.10728604532778259
1,2,0.3,XGBoost_grid_1_AutoML_8_20260420_25624_model_6,target_lag6,0.2514688012097031
1,2,0.3,XGBoost_grid_1_AutoML_8_20260420_25624_model_6,cov_HULL_lag1,0.1168211295153014
1,2,0.3,XGBoost_grid_1_AutoML_8_20260420_25624_model_6,cov_MUFL_lag1,1.8876917291618884
1,2,0.3,XGBoost_grid_1_AutoML_8_20260420_25624_model_6,cov_MULL_lag1,0.16819789114873854
1,2,0.3,XGBoost_grid_1_AutoML_8_20260420_25624_model_6,cov_LUFL_lag1,0.39283508621156216
1,2,0.3,XGBoost_grid_1_AutoML_8_20260420_25624_model_6,cov_LULL_lag1,0.0678076421283185
1,2,0.3,XGBoost_grid_1_AutoML_8_20260420_25624_model_6,cov_OT_lag1,0.277031221811194
1,2,0.3,XGBoost_grid_1_AutoML_8_20260420_25624_model_6,hour_lag1,0.8486171664111316
1,2,0.3,XGBoost_grid_1_AutoML_8_20260420_25624_model_6,day_of_week_lag1,0.04265536164399232
1,2,0.3,XGBoost_grid_1_AutoML_8_20260420_25624_model_6,month_lag1,0.1376251864910591
1,2,0.3,XGBoost_grid_1_AutoML_8_20260420_25624_model_6,month_sin,0.1396623747888952
1,2,0.3,XGBoost_grid_1_AutoML_8_20260420_25624_model_6,month_cos,0.20365058543160555
1,2,0.3,XGBoost_grid_1_AutoML_8_20260420_25624_model_4,target_lag1,1.0035297036916018
1,2,0.3,XGBoost_grid_1_AutoML_8_20260420_25624_model_4,target_lag2,0.161656759243051
1,2,0.3,XGBoost_grid_1_AutoML_8_20260420_25624_model_4,target_lag3,0.11067971667041998
1,2,0.3,XGBoost_grid_1_AutoML_8_20260420_25624_model_4,target_lag4,0.15080879891291257
1,2,0.3,XGBoost_grid_1_AutoML_8_20260420_25624_model_4,target_lag5,0.1197659867769107
1,2,0.3,XGBoost_grid_1_AutoML_8_20260420_25624_model_4,target_lag6,0.12767143998295066
1,2,0.3,XGBoost_grid_1_AutoML_8_20260420_25624_model_4,cov_HULL_lag1,0.15834848540835078
1,2,0.3,XGBoost_grid_1_AutoML_8_20260420_25624_model_4,cov_MUFL_lag1,3.0083311572670937
1,2,0.3,XGBoost_grid_1_AutoML_8_20260420_25624_model_4,cov_MULL_lag1,0.06977378044539359
1,2,0.3,XGBoost_grid_1_AutoML_8_20260420_25624_model_4,cov_LUFL_lag1,0.1857182292919606
1,2,0.3,XGBoost_grid_1_AutoML_8_20260420_25624_model_4,cov_LULL_lag1,0.04692293887026604
1,2,0.3,XGBoost_grid_1_AutoML_8_20260420_25624_model_4,cov_OT_lag1,0.18015377342700958
1,2,0.3,XGBoost_grid_1_AutoML_8_20260420_25624_model_4,hour_lag1,0.9868225356191397
1,2,0.3,XGBoost_grid_1_AutoML_8_20260420_25624_model_4,day_of_week_lag1,0.06502136275870721
1,2,0.3,XGBoost_grid_1_AutoML_8_20260420_25624_model_4,month_lag1,0.16681048358790576
1,2,0.3,XGBoost_grid_1_AutoML_8_20260420_25624_model_4,month_sin,0.24678426360711456
1,2,0.3,XGBoost_grid_1_AutoML_8_20260420_25624_model_4,month_cos,0.1316766872652806
1,2,0.3,GLM_1_AutoML_8_20260420_25624,target_lag1,2.346179254421949
1,2,0.3,GLM_1_AutoML_8_20260420_25624,target_lag2,0.2667873839770213
1,2,0.3,GLM_1_AutoML_8_20260420_25624,target_lag3,0.38956147647791695
1,2,0.3,GLM_1_AutoML_8_20260420_25624,target_lag4,0.7822626509417107
1,2,0.3,GLM_1_AutoML_8_20260420_25624,target_lag5,0.2478661609454852
1,2,0.3,GLM_1_AutoML_8_20260420_25624,target_lag6,0.2697922637341192
1,2,0.3,GLM_1_AutoML_8_20260420_25624,cov_HULL_lag1,0.21402418185584593
1,2,0.3,GLM_1_AutoML_8_20260420_25624,cov_MUFL_lag1,2.7904115071288427
1,2,0.3,GLM_1_AutoML_8_20260420_25624,cov_MULL_lag1,0.2425636915731339
1,2,0.3,GLM_1_AutoML_8_20260420_25624,cov_LUFL_lag1,0.055122669764761545
1,2,0.3,GLM_1_AutoML_8_20260420_25624,cov_LULL_lag1,0.026576633826511643
1,2,0.3,GLM_1_AutoML_8_20260420_25624,cov_OT_lag1,0.6464726501311084
1,2,0.3,GLM_1_AutoML_8_20260420_25624,hour_lag1,0.34803571008671086
1,2,0.3,GLM_1_AutoML_8_20260420_25624,day_of_week_lag1,0.01615002749073577
1,2,0.3,GLM_1_AutoML_8_20260420_25624,month_lag1,0.12375602431186104
1,2,0.3,GLM_1_AutoML_8_20260420_25624,month_sin,0.17597445800100187
1,2,0.3,GLM_1_AutoML_8_20260420_25624,month_cos,0.33027817938810355
1,2,0.3,GLM_1_AutoML_8_20260420_25624,year,0.0
2,2,0.02,GBM_2_AutoML_9_20260420_30127,target_lag1,1.6523035742342471
2,2,0.02,GBM_2_AutoML_9_20260420_30127,target_lag2,0.35746589612215757
2,2,0.02,GBM_2_AutoML_9_20260420_30127,target_lag3,0.09726699275430288
2,2,0.02,GBM_2_AutoML_9_20260420_30127,target_lag4,0.14266445248853413
2,2,0.02,GBM_2_AutoML_9_20260420_30127,target_lag5,0.06006559158093292
2,2,0.02,GBM_2_AutoML_9_20260420_30127,target_lag6,0.25350110650062563
2,2,0.02,GBM_2_AutoML_9_20260420_30127,cov_HULL_lag1,0.12448882717639204
2,2,0.02,GBM_2_AutoML_9_20260420_30127,cov_MUFL_lag1,2.5303212826605885
2,2,0.02,GBM_2_AutoML_9_20260420_30127,cov_MULL_lag1,0.1224023199267685
2,2,0.02,GBM_2_AutoML_9_20260420_30127,cov_LUFL_lag1,0.25555791831342506
2,2,0.02,GBM_2_AutoML_9_20260420_30127,cov_LULL_lag1,0.04422526752110565
2,2,0.02,GBM_2_AutoML_9_20260420_30127,cov_OT_lag1,0.17544457880663683
2,2,0.02,GBM_2_AutoML_9_20260420_30127,hour_lag1,1.6624942244775593
2,2,0.02,GBM_2_AutoML_9_20260420_30127,day_of_week_lag1,0.022725820571649777
2,2,0.02,GBM_2_AutoML_9_20260420_30127,month_lag1,0.17691497259773314
2,2,0.02,GBM_2_AutoML_9_20260420_30127,month_sin,0.3388364503346384
2,2,0.02,GBM_2_AutoML_9_20260420_30127,month_cos,0.10004732538945968
2,2,0.02,GBM_2_AutoML_9_20260420_30127,year,0.2499039146117866
2,2,0.02,GBM_4_AutoML_9_20260420_30127,target_lag1,2.4169879043102265
2,2,0.02,GBM_4_AutoML_9_20260420_30127,target_lag2,0.19734902972355484
2,2,0.02,GBM_4_AutoML_9_20260420_30127,target_lag3,0.13430475951172408
2,2,0.02,GBM_4_AutoML_9_20260420_30127,target_lag4,0.11439342482597564
2,2,0.02,GBM_4_AutoML_9_20260420_30127,target_lag5,0.06028246585861776
2,2,0.02,GBM_4_AutoML_9_20260420_30127,target_lag6,0.18388022581115365
2,2,0.02,GBM_4_AutoML_9_20260420_30127,cov_HULL_lag1,0.12543382650706913
2,2,0.02,GBM_4_AutoML_9_20260420_30127,cov_MUFL_lag1,1.817732667773962
2,2,0.02,GBM_4_AutoML_9_20260420_30127,cov_MULL_lag1,0.14631601689616214
2,2,0.02,GBM_4_AutoML_9_20260420_30127,cov_LUFL_lag1,0.28297256419435146
2,2,0.02,GBM_4_AutoML_9_20260420_30127,cov_LULL_lag1,0.0470988196181133
2,2,0.02,GBM_4_AutoML_9_20260420_30127,cov_OT_lag1,0.21403732702136039
2,2,0.02,GBM_4_AutoML_9_20260420_30127,hour_lag1,1.8502670384943485
2,2,0.02,GBM_4_AutoML_9_20260420_30127,day_of_week_lag1,0.0338758819934446
2,2,0.02,GBM_4_AutoML_9_20260420_30127,month_lag1,0.18352097242604942
2,2,0.02,GBM_4_AutoML_9_20260420_30127,month_sin,0.2505957786133513
2,2,0.02,GBM_4_AutoML_9_20260420_30127,month_cos,0.10104903643019494
2,2,0.02,GBM_4_AutoML_9_20260420_30127,year,0.2464470630325377
2,2,0.02,GBM_3_AutoML_9_20260420_30127,target_lag1,1.6910710276663303
2,2,0.02,GBM_3_AutoML_9_20260420_30127,target_lag2,0.3205137182865292
2,2,0.02,GBM_3_AutoML_9_20260420_30127,target_lag3,0.11945310995040924
2,2,0.02,GBM_3_AutoML_9_20260420_30127,target_lag4,0.1153917464241385
2,2,0.02,GBM_3_AutoML_9_20260420_30127,target_lag5,0.11502424200065431
2,2,0.02,GBM_3_AutoML_9_20260420_30127,target_lag6,0.21979995041154324
2,2,0.02,GBM_3_AutoML_9_20260420_30127,cov_HULL_lag1,0.10862774996086949
2,2,0.02,GBM_3_AutoML_9_20260420_30127,cov_MUFL_lag1,2.575163225159049
2,2,0.02,GBM_3_AutoML_9_20260420_30127,cov_MULL_lag1,0.17319964755326508
2,2,0.02,GBM_3_AutoML_9_20260420_30127,cov_LUFL_lag1,0.304487167717889
2,2,0.02,GBM_3_AutoML_9_20260420_30127,cov_LULL_lag1,0.05801136364694681
2,2,0.02,GBM_3_AutoML_9_20260420_30127,cov_OT_lag1,0.18262556971516455
2,2,0.02,GBM_3_AutoML_9_20260420_30127,hour_lag1,1.6895521775633098
2,2,0.02,GBM_3_AutoML_9_20260420_30127,day_of_week_lag1,0.03016681755398163
2,2,0.02,GBM_3_AutoML_9_20260420_30127,month_lag1,0.2821002418547869
2,2,0.02,GBM_3_AutoML_9_20260420_30127,month_sin,0.23846573795191944
2,2,0.02,GBM_3_AutoML_9_20260420_30127,month_cos,0.0917057734634727
2,2,0.02,GBM_3_AutoML_9_20260420_30127,year,0.2274923897534609
2,2,0.05,GBM_2_AutoML_9_20260420_30127,target_lag1,1.6523035742342471
2,2,0.05,GBM_2_AutoML_9_20260420_30127,target_lag2,0.35746589612215757
2,2,0.05,GBM_2_AutoML_9_20260420_30127,target_lag3,0.09726699275430288
2,2,0.05,GBM_2_AutoML_9_20260420_30127,target_lag4,0.14266445248853413
2,2,0.05,GBM_2_AutoML_9_20260420_30127,target_lag5,0.06006559158093292
2,2,0.05,GBM_2_AutoML_9_20260420_30127,target_lag6,0.25350110650062563
2,2,0.05,GBM_2_AutoML_9_20260420_30127,cov_HULL_lag1,0.12448882717639204
2,2,0.05,GBM_2_AutoML_9_20260420_30127,cov_MUFL_lag1,2.5303212826605885
2,2,0.05,GBM_2_AutoML_9_20260420_30127,cov_MULL_lag1,0.1224023199267685
2,2,0.05,GBM_2_AutoML_9_20260420_30127,cov_LUFL_lag1,0.25555791831342506
2,2,0.05,GBM_2_AutoML_9_20260420_30127,cov_LULL_lag1,0.04422526752110565
2,2,0.05,GBM_2_AutoML_9_20260420_30127,cov_OT_lag1,0.17544457880663683
2,2,0.05,GBM_2_AutoML_9_20260420_30127,hour_lag1,1.6624942244775593
2,2,0.05,GBM_2_AutoML_9_20260420_30127,day_of_week_lag1,0.022725820571649777
2,2,0.05,GBM_2_AutoML_9_20260420_30127,month_lag1,0.17691497259773314
2,2,0.05,GBM_2_AutoML_9_20260420_30127,month_sin,0.3388364503346384
2,2,0.05,GBM_2_AutoML_9_20260420_30127,month_cos,0.10004732538945968
2,2,0.05,GBM_2_AutoML_9_20260420_30127,year,0.2499039146117866
2,2,0.05,GBM_4_AutoML_9_20260420_30127,target_lag1,2.4169879043102265
2,2,0.05,GBM_4_AutoML_9_20260420_30127,target_lag2,0.19734902972355484
2,2,0.05,GBM_4_AutoML_9_20260420_30127,target_lag3,0.13430475951172408
2,2,0.05,GBM_4_AutoML_9_20260420_30127,target_lag4,0.11439342482597564
2,2,0.05,GBM_4_AutoML_9_20260420_30127,target_lag5,0.06028246585861776
2,2,0.05,GBM_4_AutoML_9_20260420_30127,target_lag6,0.18388022581115365
2,2,0.05,GBM_4_AutoML_9_20260420_30127,cov_HULL_lag1,0.12543382650706913
2,2,0.05,GBM_4_AutoML_9_20260420_30127,cov_MUFL_lag1,1.817732667773962
2,2,0.05,GBM_4_AutoML_9_20260420_30127,cov_MULL_lag1,0.14631601689616214
2,2,0.05,GBM_4_AutoML_9_20260420_30127,cov_LUFL_lag1,0.28297256419435146
2,2,0.05,GBM_4_AutoML_9_20260420_30127,cov_LULL_lag1,0.0470988196181133
2,2,0.05,GBM_4_AutoML_9_20260420_30127,cov_OT_lag1,0.21403732702136039
2,2,0.05,GBM_4_AutoML_9_20260420_30127,hour_lag1,1.8502670384943485
2,2,0.05,GBM_4_AutoML_9_20260420_30127,day_of_week_lag1,0.0338758819934446
2,2,0.05,GBM_4_AutoML_9_20260420_30127,month_lag1,0.18352097242604942
2,2,0.05,GBM_4_AutoML_9_20260420_30127,month_sin,0.2505957786133513
2,2,0.05,GBM_4_AutoML_9_20260420_30127,month_cos,0.10104903643019494
2,2,0.05,GBM_4_AutoML_9_20260420_30127,year,0.2464470630325377
2,2,0.05,GBM_3_AutoML_9_20260420_30127,target_lag1,1.6910710276663303
2,2,0.05,GBM_3_AutoML_9_20260420_30127,target_lag2,0.3205137182865292
2,2,0.05,GBM_3_AutoML_9_20260420_30127,target_lag3,0.11945310995040924
2,2,0.05,GBM_3_AutoML_9_20260420_30127,target_lag4,0.1153917464241385
2,2,0.05,GBM_3_AutoML_9_20260420_30127,target_lag5,0.11502424200065431
2,2,0.05,GBM_3_AutoML_9_20260420_30127,target_lag6,0.21979995041154324
2,2,0.05,GBM_3_AutoML_9_20260420_30127,cov_HULL_lag1,0.10862774996086949
2,2,0.05,GBM_3_AutoML_9_20260420_30127,cov_MUFL_lag1,2.575163225159049
2,2,0.05,GBM_3_AutoML_9_20260420_30127,cov_MULL_lag1,0.17319964755326508
2,2,0.05,GBM_3_AutoML_9_20260420_30127,cov_LUFL_lag1,0.304487167717889
2,2,0.05,GBM_3_AutoML_9_20260420_30127,cov_LULL_lag1,0.05801136364694681
2,2,0.05,GBM_3_AutoML_9_20260420_30127,cov_OT_lag1,0.18262556971516455
2,2,0.05,GBM_3_AutoML_9_20260420_30127,hour_lag1,1.6895521775633098
2,2,0.05,GBM_3_AutoML_9_20260420_30127,day_of_week_lag1,0.03016681755398163
2,2,0.05,GBM_3_AutoML_9_20260420_30127,month_lag1,0.2821002418547869
2,2,0.05,GBM_3_AutoML_9_20260420_30127,month_sin,0.23846573795191944
2,2,0.05,GBM_3_AutoML_9_20260420_30127,month_cos,0.0917057734634727
2,2,0.05,GBM_3_AutoML_9_20260420_30127,year,0.2274923897534609
2,2,0.05,GBM_1_AutoML_9_20260420_30127,target_lag1,2.16519240424037
2,2,0.05,GBM_1_AutoML_9_20260420_30127,target_lag2,0.241455910326913
2,2,0.05,GBM_1_AutoML_9_20260420_30127,target_lag3,0.10327217991929498
2,2,0.05,GBM_1_AutoML_9_20260420_30127,target_lag4,0.14062353758141394
2,2,0.05,GBM_1_AutoML_9_20260420_30127,target_lag5,0.1322447790484875
2,2,0.05,GBM_1_AutoML_9_20260420_30127,target_lag6,0.26220901230466553
2,2,0.05,GBM_1_AutoML_9_20260420_30127,cov_HULL_lag1,0.08562391316983846
2,2,0.05,GBM_1_AutoML_9_20260420_30127,cov_MUFL_lag1,2.0706213040649892
2,2,0.05,GBM_1_AutoML_9_20260420_30127,cov_MULL_lag1,0.13070687908999384
2,2,0.05,GBM_1_AutoML_9_20260420_30127,cov_LUFL_lag1,0.3173198889195919
2,2,0.05,GBM_1_AutoML_9_20260420_30127,cov_LULL_lag1,0.03005069187842304
2,2,0.05,GBM_1_AutoML_9_20260420_30127,cov_OT_lag1,0.17323466746602206
2,2,0.05,GBM_1_AutoML_9_20260420_30127,hour_lag1,1.4515732856094836
2,2,0.05,GBM_1_AutoML_9_20260420_30127,day_of_week_lag1,0.02347930862422795
2,2,0.05,GBM_1_AutoML_9_20260420_30127,month_lag1,0.1945531355589628
2,2,0.05,GBM_1_AutoML_9_20260420_30127,month_sin,0.22715582946781068
2,2,0.05,GBM_1_AutoML_9_20260420_30127,month_cos,0.15156411428004501
2,2,0.05,GBM_1_AutoML_9_20260420_30127,year,0.12061415401287373
2,2,0.05,GBM_grid_1_AutoML_9_20260420_30127_model_1,target_lag1,2.2036037576198577
2,2,0.05,GBM_grid_1_AutoML_9_20260420_30127_model_1,target_lag2,0.29858492301777007
2,2,0.05,GBM_grid_1_AutoML_9_20260420_30127_model_1,target_lag3,0.18939715199172494
2,2,0.05,GBM_grid_1_AutoML_9_20260420_30127_model_1,target_lag4,0.12884125056210902
2,2,0.05,GBM_grid_1_AutoML_9_20260420_30127_model_1,target_lag5,0.14365215353667732
2,2,0.05,GBM_grid_1_AutoML_9_20260420_30127_model_1,target_lag6,0.2034724259644281
2,2,0.05,GBM_grid_1_AutoML_9_20260420_30127_model_1,cov_HULL_lag1,0.1891538667306304
2,2,0.05,GBM_grid_1_AutoML_9_20260420_30127_model_1,cov_MUFL_lag1,1.6755432920902968
2,2,0.05,GBM_grid_1_AutoML_9_20260420_30127_model_1,cov_MULL_lag1,0.1647336999629624
2,2,0.05,GBM_grid_1_AutoML_9_20260420_30127_model_1,cov_LUFL_lag1,0.3166579726152122
2,2,0.05,GBM_grid_1_AutoML_9_20260420_30127_model_1,cov_LULL_lag1,0.055234377789311076
2,2,0.05,GBM_grid_1_AutoML_9_20260420_30127_model_1,cov_OT_lag1,0.16232374368235467
2,2,0.05,GBM_grid_1_AutoML_9_20260420_30127_model_1,hour_lag1,1.4542717136722059
2,2,0.05,GBM_grid_1_AutoML_9_20260420_30127_model_1,day_of_week_lag1,0.051384647656232074
2,2,0.05,GBM_grid_1_AutoML_9_20260420_30127_model_1,month_lag1,0.3268824623525143
2,2,0.05,GBM_grid_1_AutoML_9_20260420_30127_model_1,month_sin,0.23939104473683984
2,2,0.05,GBM_grid_1_AutoML_9_20260420_30127_model_1,month_cos,0.11161043902859089
2,2,0.05,GBM_grid_1_AutoML_9_20260420_30127_model_1,year,0.24607510979520156
2,2,0.05,GBM_5_AutoML_9_20260420_30127,target_lag1,2.0829469703137873
2,2,0.05,GBM_5_AutoML_9_20260420_30127,target_lag2,0.47180076148360967
2,2,0.05,GBM_5_AutoML_9_20260420_30127,target_lag3,0.2257788853533566
2,2,0.05,GBM_5_AutoML_9_20260420_30127,target_lag4,0.17429019767791032
2,2,0.05,GBM_5_AutoML_9_20260420_30127,target_lag5,0.10386552793439474
2,2,0.05,GBM_5_AutoML_9_20260420_30127,target_lag6,0.4426280112564564
2,2,0.05,GBM_5_AutoML_9_20260420_30127,cov_HULL_lag1,0.11541835021227595
2,2,0.05,GBM_5_AutoML_9_20260420_30127,cov_MUFL_lag1,1.9362310984043871
2,2,0.05,GBM_5_AutoML_9_20260420_30127,cov_MULL_lag1,0.1694554620422423
2,2,0.05,GBM_5_AutoML_9_20260420_30127,cov_LUFL_lag1,0.34067893319414
2,2,0.05,GBM_5_AutoML_9_20260420_30127,cov_LULL_lag1,0.04380075292661781
2,2,0.05,GBM_5_AutoML_9_20260420_30127,cov_OT_lag1,0.22821140692569317
2,2,0.05,GBM_5_AutoML_9_20260420_30127,hour_lag1,1.3661922202259302
2,2,0.05,GBM_5_AutoML_9_20260420_30127,day_of_week_lag1,0.0356629354532924
2,2,0.05,GBM_5_AutoML_9_20260420_30127,month_lag1,0.18477535758167504
2,2,0.05,GBM_5_AutoML_9_20260420_30127,month_sin,0.38002386055886744
2,2,0.05,GBM_5_AutoML_9_20260420_30127,month_cos,0.13389918715925883
2,2,0.05,GBM_5_AutoML_9_20260420_30127,year,0.2087509092921391
2,2,0.05,XGBoost_grid_1_AutoML_9_20260420_30127_model_1,target_lag1,2.022098766565323
2,2,0.05,XGBoost_grid_1_AutoML_9_20260420_30127_model_1,target_lag2,0.32589720414951445
2,2,0.05,XGBoost_grid_1_AutoML_9_20260420_30127_model_1,target_lag3,0.1353234151698416
2,2,0.05,XGBoost_grid_1_AutoML_9_20260420_30127_model_1,target_lag4,0.2845491236820817
2,2,0.05,XGBoost_grid_1_AutoML_9_20260420_30127_model_1,target_lag5,0.13997487046755847
2,2,0.05,XGBoost_grid_1_AutoML_9_20260420_30127_model_1,target_lag6,0.1371749845752492
2,2,0.05,XGBoost_grid_1_AutoML_9_20260420_30127_model_1,cov_HULL_lag1,0.11400208475533867
2,2,0.05,XGBoost_grid_1_AutoML_9_20260420_30127_model_1,cov_MUFL_lag1,2.409513748139143
2,2,0.05,XGBoost_grid_1_AutoML_9_20260420_30127_model_1,cov_MULL_lag1,0.10862133305519815
2,2,0.05,XGBoost_grid_1_AutoML_9_20260420_30127_model_1,cov_LUFL_lag1,0.31605992659926413
2,2,0.05,XGBoost_grid_1_AutoML_9_20260420_30127_model_1,cov_LULL_lag1,0.03063812811626118
2,2,0.05,XGBoost_grid_1_AutoML_9_20260420_30127_model_1,cov_OT_lag1,0.13947710724547502
2,2,0.05,XGBoost_grid_1_AutoML_9_20260420_30127_model_1,hour_lag1,1.6823844268918038
2,2,0.05,XGBoost_grid_1_AutoML_9_20260420_30127_model_1,day_of_week_lag1,0.0
2,2,0.05,XGBoost_grid_1_AutoML_9_20260420_30127_model_1,month_lag1,0.5060038757324219
2,2,0.05,XGBoost_grid_1_AutoML_9_20260420_30127_model_1,month_sin,0.13193499448709187
2,2,0.05,XGBoost_grid_1_AutoML_9_20260420_30127_model_1,month_cos,0.13432203082367775
2,2,0.05,XGBoost_grid_1_AutoML_9_20260420_30127_model_1,year,0.11121383132413025
2,2,0.05,XGBoost_3_AutoML_9_20260420_30127,target_lag1,2.6265794629603625
2,2,0.05,XGBoost_3_AutoML_9_20260420_30127,target_lag2,0.6282788217929192
2,2,0.05,XGBoost_3_AutoML_9_20260420_30127,target_lag3,0.1491870978148654
2,2,0.05,XGBoost_3_AutoML_9_20260420_30127,target_lag4,0.1602562168892473
2,2,0.05,XGBoost_3_AutoML_9_20260420_30127,target_lag5,0.15439381193369622
2,2,0.05,XGBoost_3_AutoML_9_20260420_30127,target_lag6,0.23471423932991456
2,2,0.05,XGBoost_3_AutoML_9_20260420_30127,cov_HULL_lag1,0.08323461661115285
2,2,0.05,XGBoost_3_AutoML_9_20260420_30127,cov_MUFL_lag1,1.4830504013597965
2,2,0.05,XGBoost_3_AutoML_9_20260420_30127,cov_MULL_lag1,0.20927162622101605
2,2,0.05,XGBoost_3_AutoML_9_20260420_30127,cov_LUFL_lag1,0.39352442070841787
2,2,0.05,XGBoost_3_AutoML_9_20260420_30127,cov_LULL_lag1,0.09095226332545277
2,2,0.05,XGBoost_3_AutoML_9_20260420_30127,cov_OT_lag1,0.32566734129097313
2,2,0.05,XGBoost_3_AutoML_9_20260420_30127,hour_lag1,1.695479012429714
2,2,0.05,XGBoost_3_AutoML_9_20260420_30127,day_of_week_lag1,0.0780603325180709
2,2,0.05,XGBoost_3_AutoML_9_20260420_30127,month_lag1,0.3457954240590334
2,2,0.05,XGBoost_3_AutoML_9_20260420_30127,month_sin,0.1929346438497305
2,2,0.05,XGBoost_3_AutoML_9_20260420_30127,month_cos,0.1864028663188219
2,2,0.05,XGBoost_3_AutoML_9_20260420_30127,year,0.10693949744105335
2,2,0.05,XGBoost_grid_1_AutoML_9_20260420_30127_model_3,target_lag1,1.7721694914251567
2,2,0.05,XGBoost_grid_1_AutoML_9_20260420_30127_model_3,target_lag2,0.5626571705937385
2,2,0.05,XGBoost_grid_1_AutoML_9_20260420_30127_model_3,target_lag3,0.26008704796433446
2,2,0.05,XGBoost_grid_1_AutoML_9_20260420_30127_model_3,target_lag4,0.2031634746864438
2,2,0.05,XGBoost_grid_1_AutoML_9_20260420_30127_model_3,target_lag5,0.2673076935112476
2,2,0.05,XGBoost_grid_1_AutoML_9_20260420_30127_model_3,target_lag6,0.2181657382939011
2,2,0.05,XGBoost_grid_1_AutoML_9_20260420_30127_model_3,cov_HULL_lag1,0.014060947190737295
2,2,0.05,XGBoost_grid_1_AutoML_9_20260420_30127_model_3,cov_MUFL_lag1,2.586376062631607
2,2,0.05,XGBoost_grid_1_AutoML_9_20260420_30127_model_3,cov_MULL_lag1,0.15867386035621162
2,2,0.05,XGBoost_grid_1_AutoML_9_20260420_30127_model_3,cov_LUFL_lag1,0.278994268104434
2,2,0.05,XGBoost_grid_1_AutoML_9_20260420_30127_model_3,cov_LULL_lag1,0.028931324158329462
2,2,0.05,XGBoost_grid_1_AutoML_9_20260420_30127_model_3,cov_OT_lag1,0.18182997414725832
2,2,0.05,XGBoost_grid_1_AutoML_9_20260420_30127_model_3,hour_lag1,1.5679163168370724
2,2,0.05,XGBoost_grid_1_AutoML_9_20260420_30127_model_3,day_of_week_lag1,0.025447253915481215
2,2,0.05,XGBoost_grid_1_AutoML_9_20260420_30127_model_3,month_lag1,0.3581068705022335
2,2,0.05,XGBoost_grid_1_AutoML_9_20260420_30127_model_3,month_sin,0.352552542090416
2,2,0.05,XGBoost_grid_1_AutoML_9_20260420_30127_model_3,month_cos,0.16271476164460177
2,2,0.05,XGBoost_grid_1_AutoML_9_20260420_30127_model_3,year,0.14909746522083875
2,2,0.1,GBM_2_AutoML_9_20260420_30127,target_lag1,1.6523035742342471
2,2,0.1,GBM_2_AutoML_9_20260420_30127,target_lag2,0.35746589612215757
2,2,0.1,GBM_2_AutoML_9_20260420_30127,target_lag3,0.09726699275430288
2,2,0.1,GBM_2_AutoML_9_20260420_30127,target_lag4,0.14266445248853413
2,2,0.1,GBM_2_AutoML_9_20260420_30127,target_lag5,0.06006559158093292
2,2,0.1,GBM_2_AutoML_9_20260420_30127,target_lag6,0.25350110650062563
2,2,0.1,GBM_2_AutoML_9_20260420_30127,cov_HULL_lag1,0.12448882717639204
2,2,0.1,GBM_2_AutoML_9_20260420_30127,cov_MUFL_lag1,2.5303212826605885
2,2,0.1,GBM_2_AutoML_9_20260420_30127,cov_MULL_lag1,0.1224023199267685
2,2,0.1,GBM_2_AutoML_9_20260420_30127,cov_LUFL_lag1,0.25555791831342506
2,2,0.1,GBM_2_AutoML_9_20260420_30127,cov_LULL_lag1,0.04422526752110565
2,2,0.1,GBM_2_AutoML_9_20260420_30127,cov_OT_lag1,0.17544457880663683
2,2,0.1,GBM_2_AutoML_9_20260420_30127,hour_lag1,1.6624942244775593
2,2,0.1,GBM_2_AutoML_9_20260420_30127,day_of_week_lag1,0.022725820571649777
2,2,0.1,GBM_2_AutoML_9_20260420_30127,month_lag1,0.17691497259773314
2,2,0.1,GBM_2_AutoML_9_20260420_30127,month_sin,0.3388364503346384
2,2,0.1,GBM_2_AutoML_9_20260420_30127,month_cos,0.10004732538945968
2,2,0.1,GBM_2_AutoML_9_20260420_30127,year,0.2499039146117866
2,2,0.1,GBM_4_AutoML_9_20260420_30127,target_lag1,2.4169879043102265
2,2,0.1,GBM_4_AutoML_9_20260420_30127,target_lag2,0.19734902972355484
2,2,0.1,GBM_4_AutoML_9_20260420_30127,target_lag3,0.13430475951172408
2,2,0.1,GBM_4_AutoML_9_20260420_30127,target_lag4,0.11439342482597564
2,2,0.1,GBM_4_AutoML_9_20260420_30127,target_lag5,0.06028246585861776
2,2,0.1,GBM_4_AutoML_9_20260420_30127,target_lag6,0.18388022581115365
2,2,0.1,GBM_4_AutoML_9_20260420_30127,cov_HULL_lag1,0.12543382650706913
2,2,0.1,GBM_4_AutoML_9_20260420_30127,cov_MUFL_lag1,1.817732667773962
2,2,0.1,GBM_4_AutoML_9_20260420_30127,cov_MULL_lag1,0.14631601689616214
2,2,0.1,GBM_4_AutoML_9_20260420_30127,cov_LUFL_lag1,0.28297256419435146
2,2,0.1,GBM_4_AutoML_9_20260420_30127,cov_LULL_lag1,0.0470988196181133
2,2,0.1,GBM_4_AutoML_9_20260420_30127,cov_OT_lag1,0.21403732702136039
2,2,0.1,GBM_4_AutoML_9_20260420_30127,hour_lag1,1.8502670384943485
2,2,0.1,GBM_4_AutoML_9_20260420_30127,day_of_week_lag1,0.0338758819934446
2,2,0.1,GBM_4_AutoML_9_20260420_30127,month_lag1,0.18352097242604942
2,2,0.1,GBM_4_AutoML_9_20260420_30127,month_sin,0.2505957786133513
2,2,0.1,GBM_4_AutoML_9_20260420_30127,month_cos,0.10104903643019494
2,2,0.1,GBM_4_AutoML_9_20260420_30127,year,0.2464470630325377
2,2,0.1,GBM_3_AutoML_9_20260420_30127,target_lag1,1.6910710276663303
2,2,0.1,GBM_3_AutoML_9_20260420_30127,target_lag2,0.3205137182865292
2,2,0.1,GBM_3_AutoML_9_20260420_30127,target_lag3,0.11945310995040924
2,2,0.1,GBM_3_AutoML_9_20260420_30127,target_lag4,0.1153917464241385
2,2,0.1,GBM_3_AutoML_9_20260420_30127,target_lag5,0.11502424200065431
2,2,0.1,GBM_3_AutoML_9_20260420_30127,target_lag6,0.21979995041154324
2,2,0.1,GBM_3_AutoML_9_20260420_30127,cov_HULL_lag1,0.10862774996086949
2,2,0.1,GBM_3_AutoML_9_20260420_30127,cov_MUFL_lag1,2.575163225159049
2,2,0.1,GBM_3_AutoML_9_20260420_30127,cov_MULL_lag1,0.17319964755326508
2,2,0.1,GBM_3_AutoML_9_20260420_30127,cov_LUFL_lag1,0.304487167717889
2,2,0.1,GBM_3_AutoML_9_20260420_30127,cov_LULL_lag1,0.05801136364694681
2,2,0.1,GBM_3_AutoML_9_20260420_30127,cov_OT_lag1,0.18262556971516455
2,2,0.1,GBM_3_AutoML_9_20260420_30127,hour_lag1,1.6895521775633098
2,2,0.1,GBM_3_AutoML_9_20260420_30127,day_of_week_lag1,0.03016681755398163
2,2,0.1,GBM_3_AutoML_9_20260420_30127,month_lag1,0.2821002418547869
2,2,0.1,GBM_3_AutoML_9_20260420_30127,month_sin,0.23846573795191944
2,2,0.1,GBM_3_AutoML_9_20260420_30127,month_cos,0.0917057734634727
2,2,0.1,GBM_3_AutoML_9_20260420_30127,year,0.2274923897534609
2,2,0.1,GBM_1_AutoML_9_20260420_30127,target_lag1,2.16519240424037
2,2,0.1,GBM_1_AutoML_9_20260420_30127,target_lag2,0.241455910326913
2,2,0.1,GBM_1_AutoML_9_20260420_30127,target_lag3,0.10327217991929498
2,2,0.1,GBM_1_AutoML_9_20260420_30127,target_lag4,0.14062353758141394
2,2,0.1,GBM_1_AutoML_9_20260420_30127,target_lag5,0.1322447790484875
2,2,0.1,GBM_1_AutoML_9_20260420_30127,target_lag6,0.26220901230466553
2,2,0.1,GBM_1_AutoML_9_20260420_30127,cov_HULL_lag1,0.08562391316983846
2,2,0.1,GBM_1_AutoML_9_20260420_30127,cov_MUFL_lag1,2.0706213040649892
2,2,0.1,GBM_1_AutoML_9_20260420_30127,cov_MULL_lag1,0.13070687908999384
2,2,0.1,GBM_1_AutoML_9_20260420_30127,cov_LUFL_lag1,0.3173198889195919
2,2,0.1,GBM_1_AutoML_9_20260420_30127,cov_LULL_lag1,0.03005069187842304
2,2,0.1,GBM_1_AutoML_9_20260420_30127,cov_OT_lag1,0.17323466746602206
2,2,0.1,GBM_1_AutoML_9_20260420_30127,hour_lag1,1.4515732856094836
2,2,0.1,GBM_1_AutoML_9_20260420_30127,day_of_week_lag1,0.02347930862422795
2,2,0.1,GBM_1_AutoML_9_20260420_30127,month_lag1,0.1945531355589628
2,2,0.1,GBM_1_AutoML_9_20260420_30127,month_sin,0.22715582946781068
2,2,0.1,GBM_1_AutoML_9_20260420_30127,month_cos,0.15156411428004501
2,2,0.1,GBM_1_AutoML_9_20260420_30127,year,0.12061415401287373
2,2,0.1,GBM_grid_1_AutoML_9_20260420_30127_model_1,target_lag1,2.2036037576198577
2,2,0.1,GBM_grid_1_AutoML_9_20260420_30127_model_1,target_lag2,0.29858492301777007
2,2,0.1,GBM_grid_1_AutoML_9_20260420_30127_model_1,target_lag3,0.18939715199172494
2,2,0.1,GBM_grid_1_AutoML_9_20260420_30127_model_1,target_lag4,0.12884125056210902
2,2,0.1,GBM_grid_1_AutoML_9_20260420_30127_model_1,target_lag5,0.14365215353667732
2,2,0.1,GBM_grid_1_AutoML_9_20260420_30127_model_1,target_lag6,0.2034724259644281
2,2,0.1,GBM_grid_1_AutoML_9_20260420_30127_model_1,cov_HULL_lag1,0.1891538667306304
2,2,0.1,GBM_grid_1_AutoML_9_20260420_30127_model_1,cov_MUFL_lag1,1.6755432920902968
2,2,0.1,GBM_grid_1_AutoML_9_20260420_30127_model_1,cov_MULL_lag1,0.1647336999629624
2,2,0.1,GBM_grid_1_AutoML_9_20260420_30127_model_1,cov_LUFL_lag1,0.3166579726152122
2,2,0.1,GBM_grid_1_AutoML_9_20260420_30127_model_1,cov_LULL_lag1,0.055234377789311076
2,2,0.1,GBM_grid_1_AutoML_9_20260420_30127_model_1,cov_OT_lag1,0.16232374368235467
2,2,0.1,GBM_grid_1_AutoML_9_20260420_30127_model_1,hour_lag1,1.4542717136722059
2,2,0.1,GBM_grid_1_AutoML_9_20260420_30127_model_1,day_of_week_lag1,0.051384647656232074
2,2,0.1,GBM_grid_1_AutoML_9_20260420_30127_model_1,month_lag1,0.3268824623525143
2,2,0.1,GBM_grid_1_AutoML_9_20260420_30127_model_1,month_sin,0.23939104473683984
2,2,0.1,GBM_grid_1_AutoML_9_20260420_30127_model_1,month_cos,0.11161043902859089
2,2,0.1,GBM_grid_1_AutoML_9_20260420_30127_model_1,year,0.24607510979520156
2,2,0.1,GBM_5_AutoML_9_20260420_30127,target_lag1,2.0829469703137873
2,2,0.1,GBM_5_AutoML_9_20260420_30127,target_lag2,0.47180076148360967
2,2,0.1,GBM_5_AutoML_9_20260420_30127,target_lag3,0.2257788853533566
2,2,0.1,GBM_5_AutoML_9_20260420_30127,target_lag4,0.17429019767791032
2,2,0.1,GBM_5_AutoML_9_20260420_30127,target_lag5,0.10386552793439474
2,2,0.1,GBM_5_AutoML_9_20260420_30127,target_lag6,0.4426280112564564
2,2,0.1,GBM_5_AutoML_9_20260420_30127,cov_HULL_lag1,0.11541835021227595
2,2,0.1,GBM_5_AutoML_9_20260420_30127,cov_MUFL_lag1,1.9362310984043871
2,2,0.1,GBM_5_AutoML_9_20260420_30127,cov_MULL_lag1,0.1694554620422423
2,2,0.1,GBM_5_AutoML_9_20260420_30127,cov_LUFL_lag1,0.34067893319414
2,2,0.1,GBM_5_AutoML_9_20260420_30127,cov_LULL_lag1,0.04380075292661781
2,2,0.1,GBM_5_AutoML_9_20260420_30127,cov_OT_lag1,0.22821140692569317
2,2,0.1,GBM_5_AutoML_9_20260420_30127,hour_lag1,1.3661922202259302
2,2,0.1,GBM_5_AutoML_9_20260420_30127,day_of_week_lag1,0.0356629354532924
2,2,0.1,GBM_5_AutoML_9_20260420_30127,month_lag1,0.18477535758167504
2,2,0.1,GBM_5_AutoML_9_20260420_30127,month_sin,0.38002386055886744
2,2,0.1,GBM_5_AutoML_9_20260420_30127,month_cos,0.13389918715925883
2,2,0.1,GBM_5_AutoML_9_20260420_30127,year,0.2087509092921391
2,2,0.1,XGBoost_grid_1_AutoML_9_20260420_30127_model_1,target_lag1,2.022098766565323
2,2,0.1,XGBoost_grid_1_AutoML_9_20260420_30127_model_1,target_lag2,0.32589720414951445
2,2,0.1,XGBoost_grid_1_AutoML_9_20260420_30127_model_1,target_lag3,0.1353234151698416
2,2,0.1,XGBoost_grid_1_AutoML_9_20260420_30127_model_1,target_lag4,0.2845491236820817
2,2,0.1,XGBoost_grid_1_AutoML_9_20260420_30127_model_1,target_lag5,0.13997487046755847
2,2,0.1,XGBoost_grid_1_AutoML_9_20260420_30127_model_1,target_lag6,0.1371749845752492
2,2,0.1,XGBoost_grid_1_AutoML_9_20260420_30127_model_1,cov_HULL_lag1,0.11400208475533867
2,2,0.1,XGBoost_grid_1_AutoML_9_20260420_30127_model_1,cov_MUFL_lag1,2.409513748139143
2,2,0.1,XGBoost_grid_1_AutoML_9_20260420_30127_model_1,cov_MULL_lag1,0.10862133305519815
2,2,0.1,XGBoost_grid_1_AutoML_9_20260420_30127_model_1,cov_LUFL_lag1,0.31605992659926413
2,2,0.1,XGBoost_grid_1_AutoML_9_20260420_30127_model_1,cov_LULL_lag1,0.03063812811626118
2,2,0.1,XGBoost_grid_1_AutoML_9_20260420_30127_model_1,cov_OT_lag1,0.13947710724547502
2,2,0.1,XGBoost_grid_1_AutoML_9_20260420_30127_model_1,hour_lag1,1.6823844268918038
2,2,0.1,XGBoost_grid_1_AutoML_9_20260420_30127_model_1,day_of_week_lag1,0.0
2,2,0.1,XGBoost_grid_1_AutoML_9_20260420_30127_model_1,month_lag1,0.5060038757324219
2,2,0.1,XGBoost_grid_1_AutoML_9_20260420_30127_model_1,month_sin,0.13193499448709187
2,2,0.1,XGBoost_grid_1_AutoML_9_20260420_30127_model_1,month_cos,0.13432203082367775
2,2,0.1,XGBoost_grid_1_AutoML_9_20260420_30127_model_1,year,0.11121383132413025
2,2,0.1,XGBoost_3_AutoML_9_20260420_30127,target_lag1,2.6265794629603625
2,2,0.1,XGBoost_3_AutoML_9_20260420_30127,target_lag2,0.6282788217929192
2,2,0.1,XGBoost_3_AutoML_9_20260420_30127,target_lag3,0.1491870978148654
2,2,0.1,XGBoost_3_AutoML_9_20260420_30127,target_lag4,0.1602562168892473
2,2,0.1,XGBoost_3_AutoML_9_20260420_30127,target_lag5,0.15439381193369622
2,2,0.1,XGBoost_3_AutoML_9_20260420_30127,target_lag6,0.23471423932991456
2,2,0.1,XGBoost_3_AutoML_9_20260420_30127,cov_HULL_lag1,0.08323461661115285
2,2,0.1,XGBoost_3_AutoML_9_20260420_30127,cov_MUFL_lag1,1.4830504013597965
2,2,0.1,XGBoost_3_AutoML_9_20260420_30127,cov_MULL_lag1,0.20927162622101605
2,2,0.1,XGBoost_3_AutoML_9_20260420_30127,cov_LUFL_lag1,0.39352442070841787
2,2,0.1,XGBoost_3_AutoML_9_20260420_30127,cov_LULL_lag1,0.09095226332545277
2,2,0.1,XGBoost_3_AutoML_9_20260420_30127,cov_OT_lag1,0.32566734129097313
2,2,0.1,XGBoost_3_AutoML_9_20260420_30127,hour_lag1,1.695479012429714
2,2,0.1,XGBoost_3_AutoML_9_20260420_30127,day_of_week_lag1,0.0780603325180709
2,2,0.1,XGBoost_3_AutoML_9_20260420_30127,month_lag1,0.3457954240590334
2,2,0.1,XGBoost_3_AutoML_9_20260420_30127,month_sin,0.1929346438497305
2,2,0.1,XGBoost_3_AutoML_9_20260420_30127,month_cos,0.1864028663188219
2,2,0.1,XGBoost_3_AutoML_9_20260420_30127,year,0.10693949744105335
2,2,0.1,XGBoost_grid_1_AutoML_9_20260420_30127_model_3,target_lag1,1.7721694914251567
2,2,0.1,XGBoost_grid_1_AutoML_9_20260420_30127_model_3,target_lag2,0.5626571705937385
2,2,0.1,XGBoost_grid_1_AutoML_9_20260420_30127_model_3,target_lag3,0.26008704796433446
2,2,0.1,XGBoost_grid_1_AutoML_9_20260420_30127_model_3,target_lag4,0.2031634746864438
2,2,0.1,XGBoost_grid_1_AutoML_9_20260420_30127_model_3,target_lag5,0.2673076935112476
2,2,0.1,XGBoost_grid_1_AutoML_9_20260420_30127_model_3,target_lag6,0.2181657382939011
2,2,0.1,XGBoost_grid_1_AutoML_9_20260420_30127_model_3,cov_HULL_lag1,0.014060947190737295
2,2,0.1,XGBoost_grid_1_AutoML_9_20260420_30127_model_3,cov_MUFL_lag1,2.586376062631607
2,2,0.1,XGBoost_grid_1_AutoML_9_20260420_30127_model_3,cov_MULL_lag1,0.15867386035621162
2,2,0.1,XGBoost_grid_1_AutoML_9_20260420_30127_model_3,cov_LUFL_lag1,0.278994268104434
2,2,0.1,XGBoost_grid_1_AutoML_9_20260420_30127_model_3,cov_LULL_lag1,0.028931324158329462
2,2,0.1,XGBoost_grid_1_AutoML_9_20260420_30127_model_3,cov_OT_lag1,0.18182997414725832
2,2,0.1,XGBoost_grid_1_AutoML_9_20260420_30127_model_3,hour_lag1,1.5679163168370724
2,2,0.1,XGBoost_grid_1_AutoML_9_20260420_30127_model_3,day_of_week_lag1,0.025447253915481215
2,2,0.1,XGBoost_grid_1_AutoML_9_20260420_30127_model_3,month_lag1,0.3581068705022335
2,2,0.1,XGBoost_grid_1_AutoML_9_20260420_30127_model_3,month_sin,0.352552542090416
2,2,0.1,XGBoost_grid_1_AutoML_9_20260420_30127_model_3,month_cos,0.16271476164460177
2,2,0.1,XGBoost_grid_1_AutoML_9_20260420_30127_model_3,year,0.14909746522083875
2,2,0.1,DRF_1_AutoML_9_20260420_30127,target_lag1,1.9020192334800958
2,2,0.1,DRF_1_AutoML_9_20260420_30127,target_lag2,0.6817400249838829
2,2,0.1,DRF_1_AutoML_9_20260420_30127,target_lag3,0.2356053904723376
2,2,0.1,DRF_1_AutoML_9_20260420_30127,target_lag4,0.18156622098293151
2,2,0.1,DRF_1_AutoML_9_20260420_30127,target_lag5,0.16933237287739758
2,2,0.1,DRF_1_AutoML_9_20260420_30127,target_lag6,0.20554143268615008
2,2,0.1,DRF_1_AutoML_9_20260420_30127,cov_HULL_lag1,0.12167167304083701
2,2,0.1,DRF_1_AutoML_9_20260420_30127,cov_MUFL_lag1,2.411473714709282
2,2,0.1,DRF_1_AutoML_9_20260420_30127,cov_MULL_lag1,0.11311584502458569
2,2,0.1,DRF_1_AutoML_9_20260420_30127,cov_LUFL_lag1,0.3217197436094284
2,2,0.1,DRF_1_AutoML_9_20260420_30127,cov_LULL_lag1,0.04390699843410399
2,2,0.1,DRF_1_AutoML_9_20260420_30127,cov_OT_lag1,0.13058609424158926
2,2,0.1,DRF_1_AutoML_9_20260420_30127,hour_lag1,1.2600939173996448
2,2,0.1,DRF_1_AutoML_9_20260420_30127,day_of_week_lag1,0.019639152893796523
2,2,0.1,DRF_1_AutoML_9_20260420_30127,month_lag1,0.15806934407446532
2,2,0.1,DRF_1_AutoML_9_20260420_30127,month_sin,0.20353072872851044
2,2,0.1,DRF_1_AutoML_9_20260420_30127,month_cos,0.08522848450869784
2,2,0.1,DRF_1_AutoML_9_20260420_30127,year,0.18782996194669974
2,2,0.1,GBM_grid_1_AutoML_9_20260420_30127_model_3,target_lag1,1.5034537351131438
2,2,0.1,GBM_grid_1_AutoML_9_20260420_30127_model_3,target_lag2,0.5756168670649641
2,2,0.1,GBM_grid_1_AutoML_9_20260420_30127_model_3,target_lag3,0.10870882458344563
2,2,0.1,GBM_grid_1_AutoML_9_20260420_30127_model_3,target_lag4,0.23740435641258956
2,2,0.1,GBM_grid_1_AutoML_9_20260420_30127_model_3,target_lag5,0.16330344185233112
2,2,0.1,GBM_grid_1_AutoML_9_20260420_30127_model_3,target_lag6,0.33177310923114417
2,2,0.1,GBM_grid_1_AutoML_9_20260420_30127_model_3,cov_HULL_lag1,0.13759878317912805
2,2,0.1,GBM_grid_1_AutoML_9_20260420_30127_model_3,cov_MUFL_lag1,2.177171504967846
2,2,0.1,GBM_grid_1_AutoML_9_20260420_30127_model_3,cov_MULL_lag1,0.20101420712657272
2,2,0.1,GBM_grid_1_AutoML_9_20260420_30127_model_3,cov_LUFL_lag1,0.3539667113870382
2,2,0.1,GBM_grid_1_AutoML_9_20260420_30127_model_3,cov_LULL_lag1,0.04992078164359551
2,2,0.1,GBM_grid_1_AutoML_9_20260420_30127_model_3,cov_OT_lag1,0.1766533191874623
2,2,0.1,GBM_grid_1_AutoML_9_20260420_30127_model_3,hour_lag1,1.308920400440693
2,2,0.1,GBM_grid_1_AutoML_9_20260420_30127_model_3,day_of_week_lag1,0.060901755269151134
2,2,0.1,GBM_grid_1_AutoML_9_20260420_30127_model_3,month_lag1,0.26483454103581605
2,2,0.1,GBM_grid_1_AutoML_9_20260420_30127_model_3,month_sin,0.17642988416133448
2,2,0.1,GBM_grid_1_AutoML_9_20260420_30127_model_3,month_cos,0.12445527387084436
2,2,0.1,GBM_grid_1_AutoML_9_20260420_30127_model_3,year,0.16980488701956348
2,2,0.1,XRT_1_AutoML_9_20260420_30127,target_lag1,104729.50644205659
2,2,0.1,XRT_1_AutoML_9_20260420_30127,target_lag2,2447524.7640793137
2,2,0.1,XRT_1_AutoML_9_20260420_30127,target_lag3,4850.843681821227
2,2,0.1,XRT_1_AutoML_9_20260420_30127,target_lag4,201161.06336372794
2,2,0.1,XRT_1_AutoML_9_20260420_30127,target_lag5,17295.35451877254
2,2,0.1,XRT_1_AutoML_9_20260420_30127,target_lag6,24212.48001300484
2,2,0.1,XRT_1_AutoML_9_20260420_30127,cov_HULL_lag1,290099.5174674559
2,2,0.1,XRT_1_AutoML_9_20260420_30127,cov_MUFL_lag1,1829099.8072631496
2,2,0.1,XRT_1_AutoML_9_20260420_30127,cov_MULL_lag1,165877.48538929553
2,2,0.1,XRT_1_AutoML_9_20260420_30127,cov_LUFL_lag1,14358175.45143371
2,2,0.1,XRT_1_AutoML_9_20260420_30127,cov_LULL_lag1,16022174995.291267
2,2,0.1,XRT_1_AutoML_9_20260420_30127,cov_OT_lag1,5225.029943872094
2,2,0.1,XRT_1_AutoML_9_20260420_30127,hour_lag1,32000675946.823223
2,2,0.1,XRT_1_AutoML_9_20260420_30127,day_of_week_lag1,1805299.8559830657
2,2,0.1,XRT_1_AutoML_9_20260420_30127,month_lag1,191851.8995940852
2,2,0.1,XRT_1_AutoML_9_20260420_30127,month_sin,464954.3166266557
2,2,0.1,XRT_1_AutoML_9_20260420_30127,month_cos,3374.940863645822
2,2,0.1,XRT_1_AutoML_9_20260420_30127,year,2676298.7861021846
2,2,0.1,XGBoost_grid_1_AutoML_9_20260420_30127_model_4,target_lag1,1.8763866314291955
2,2,0.1,XGBoost_grid_1_AutoML_9_20260420_30127_model_4,target_lag2,0.805051903501153
2,2,0.1,XGBoost_grid_1_AutoML_9_20260420_30127_model_4,target_lag3,0.1258813674468547
2,2,0.1,XGBoost_grid_1_AutoML_9_20260420_30127_model_4,target_lag4,0.11288008505478497
2,2,0.1,XGBoost_grid_1_AutoML_9_20260420_30127_model_4,target_lag5,0.10205304525792595
2,2,0.1,XGBoost_grid_1_AutoML_9_20260420_30127_model_4,target_lag6,0.11978101108223196
2,2,0.1,XGBoost_grid_1_AutoML_9_20260420_30127_model_4,cov_HULL_lag1,0.14615398260764775
2,2,0.1,XGBoost_grid_1_AutoML_9_20260420_30127_model_4,cov_MUFL_lag1,1.8788144089654089
2,2,0.1,XGBoost_grid_1_AutoML_9_20260420_30127_model_4,cov_MULL_lag1,0.12005532964831214
2,2,0.1,XGBoost_grid_1_AutoML_9_20260420_30127_model_4,cov_LUFL_lag1,0.4326751921325922
2,2,0.1,XGBoost_grid_1_AutoML_9_20260420_30127_model_4,cov_LULL_lag1,0.06476191526744511
2,2,0.1,XGBoost_grid_1_AutoML_9_20260420_30127_model_4,cov_OT_lag1,0.2602338540367782
2,2,0.1,XGBoost_grid_1_AutoML_9_20260420_30127_model_4,hour_lag1,1.9354980777204036
2,2,0.1,XGBoost_grid_1_AutoML_9_20260420_30127_model_4,day_of_week_lag1,0.05622817748226222
2,2,0.1,XGBoost_grid_1_AutoML_9_20260420_30127_model_4,month_lag1,0.33464925341308116
2,2,0.1,XGBoost_grid_1_AutoML_9_20260420_30127_model_4,month_sin,0.23305691592395303
2,2,0.1,XGBoost_grid_1_AutoML_9_20260420_30127_model_4,month_cos,0.1303823425294831
2,2,0.1,XGBoost_grid_1_AutoML_9_20260420_30127_model_4,year,0.2647952225478366
2,2,0.1,XGBoost_grid_1_AutoML_9_20260420_30127_model_2,target_lag1,1.8029990506917237
2,2,0.1,XGBoost_grid_1_AutoML_9_20260420_30127_model_2,target_lag2,0.5899232530221343
2,2,0.1,XGBoost_grid_1_AutoML_9_20260420_30127_model_2,target_lag3,0.14628815092146394
2,2,0.1,XGBoost_grid_1_AutoML_9_20260420_30127_model_2,target_lag4,0.10698349913582202
2,2,0.1,XGBoost_grid_1_AutoML_9_20260420_30127_model_2,target_lag5,0.12915237104520197
2,2,0.1,XGBoost_grid_1_AutoML_9_20260420_30127_model_2,target_lag6,0.2616612175904447
2,2,0.1,XGBoost_grid_1_AutoML_9_20260420_30127_model_2,cov_HULL_lag1,0.12310385303571816
2,2,0.1,XGBoost_grid_1_AutoML_9_20260420_30127_model_2,cov_MUFL_lag1,2.2220136335492136
2,2,0.1,XGBoost_grid_1_AutoML_9_20260420_30127_model_2,cov_MULL_lag1,0.2091326501360163
2,2,0.1,XGBoost_grid_1_AutoML_9_20260420_30127_model_2,cov_LUFL_lag1,0.41599995452241273
2,2,0.1,XGBoost_grid_1_AutoML_9_20260420_30127_model_2,cov_LULL_lag1,0.08292547060642388
2,2,0.1,XGBoost_grid_1_AutoML_9_20260420_30127_model_2,cov_OT_lag1,0.22575935087457766
2,2,0.1,XGBoost_grid_1_AutoML_9_20260420_30127_model_2,hour_lag1,1.7537117877230048
2,2,0.1,XGBoost_grid_1_AutoML_9_20260420_30127_model_2,day_of_week_lag1,0.04942244424833912
2,2,0.1,XGBoost_grid_1_AutoML_9_20260420_30127_model_2,month_lag1,0.27469268392771484
2,2,0.1,XGBoost_grid_1_AutoML_9_20260420_30127_model_2,month_sin,0.1903522245772183
2,2,0.1,XGBoost_grid_1_AutoML_9_20260420_30127_model_2,month_cos,0.07447973619375257
2,2,0.1,XGBoost_grid_1_AutoML_9_20260420_30127_model_2,year,0.29454611115157603
2,2,0.1,XGBoost_grid_1_AutoML_9_20260420_30127_model_5,target_lag1,2.7609115842380563
2,2,0.1,XGBoost_grid_1_AutoML_9_20260420_30127_model_5,target_lag2,0.15218674335163082
2,2,0.1,XGBoost_grid_1_AutoML_9_20260420_30127_model_5,target_lag3,0.08719006631989029
2,2,0.1,XGBoost_grid_1_AutoML_9_20260420_30127_model_5,target_lag4,0.3804600225389004
2,2,0.1,XGBoost_grid_1_AutoML_9_20260420_30127_model_5,target_lag5,0.10356647416949266
2,2,0.1,XGBoost_grid_1_AutoML_9_20260420_30127_model_5,target_lag6,0.30398376904428004
2,2,0.1,XGBoost_grid_1_AutoML_9_20260420_30127_model_5,cov_HULL_lag1,0.14096652217209335
2,2,0.1,XGBoost_grid_1_AutoML_9_20260420_30127_model_5,cov_MUFL_lag1,1.9031815426331014
2,2,0.1,XGBoost_grid_1_AutoML_9_20260420_30127_model_5,cov_MULL_lag1,0.1359866031259298
2,2,0.1,XGBoost_grid_1_AutoML_9_20260420_30127_model_5,cov_LUFL_lag1,0.3074367043771781
2,2,0.1,XGBoost_grid_1_AutoML_9_20260420_30127_model_5,cov_LULL_lag1,0.042496631806716284
2,2,0.1,XGBoost_grid_1_AutoML_9_20260420_30127_model_5,cov_OT_lag1,0.19315322510898114
2,2,0.1,XGBoost_grid_1_AutoML_9_20260420_30127_model_5,hour_lag1,1.418424200322479
2,2,0.1,XGBoost_grid_1_AutoML_9_20260420_30127_model_5,day_of_week_lag1,0.02143413077574219
2,2,0.1,XGBoost_grid_1_AutoML_9_20260420_30127_model_5,month_lag1,0.486755538135767
2,2,0.1,XGBoost_grid_1_AutoML_9_20260420_30127_model_5,month_sin,0.21745426323264838
2,2,0.1,XGBoost_grid_1_AutoML_9_20260420_30127_model_5,month_cos,0.1266926308535039
2,2,0.1,XGBoost_grid_1_AutoML_9_20260420_30127_model_5,year,0.22230494260787964
2,2,0.1,XGBoost_2_AutoML_9_20260420_30127,target_lag1,1.7603947132080793
2,2,0.1,XGBoost_2_AutoML_9_20260420_30127,target_lag2,0.5908207564800978
2,2,0.1,XGBoost_2_AutoML_9_20260420_30127,target_lag3,0.1959831506386399
2,2,0.1,XGBoost_2_AutoML_9_20260420_30127,target_lag4,0.2349151277076453
2,2,0.1,XGBoost_2_AutoML_9_20260420_30127,target_lag5,0.14722749174572525
2,2,0.1,XGBoost_2_AutoML_9_20260420_30127,target_lag6,0.3493175525031984
2,2,0.1,XGBoost_2_AutoML_9_20260420_30127,cov_HULL_lag1,0.16403449393692424
2,2,0.1,XGBoost_2_AutoML_9_20260420_30127,cov_MUFL_lag1,2.6697260096669195
2,2,0.1,XGBoost_2_AutoML_9_20260420_30127,cov_MULL_lag1,0.15927104847505685
2,2,0.1,XGBoost_2_AutoML_9_20260420_30127,cov_LUFL_lag1,0.2871358522679657
2,2,0.1,XGBoost_2_AutoML_9_20260420_30127,cov_LULL_lag1,0.10576079450562244
2,2,0.1,XGBoost_2_AutoML_9_20260420_30127,cov_OT_lag1,0.33132209107745436
2,2,0.1,XGBoost_2_AutoML_9_20260420_30127,hour_lag1,1.6611820719763637
2,2,0.1,XGBoost_2_AutoML_9_20260420_30127,day_of_week_lag1,0.04994429341517384
2,2,0.1,XGBoost_2_AutoML_9_20260420_30127,month_lag1,0.295660179015249
2,2,0.1,XGBoost_2_AutoML_9_20260420_30127,month_sin,0.27108664621133355
2,2,0.1,XGBoost_2_AutoML_9_20260420_30127,month_cos,0.07787542918696996
2,2,0.1,XGBoost_2_AutoML_9_20260420_30127,year,0.33973662815988065
2,2,0.1,GBM_grid_1_AutoML_9_20260420_30127_model_2,target_lag1,1.4777474461123348
2,2,0.1,GBM_grid_1_AutoML_9_20260420_30127_model_2,target_lag2,0.37884508397895844
2,2,0.1,GBM_grid_1_AutoML_9_20260420_30127_model_2,target_lag3,0.14311360811349
2,2,0.1,GBM_grid_1_AutoML_9_20260420_30127_model_2,target_lag4,0.18898243348812685
2,2,0.1,GBM_grid_1_AutoML_9_20260420_30127_model_2,target_lag5,0.06295925243422967
2,2,0.1,GBM_grid_1_AutoML_9_20260420_30127_model_2,target_lag6,0.806451704390347
2,2,0.1,GBM_grid_1_AutoML_9_20260420_30127_model_2,cov_HULL_lag1,0.1494126407196745
2,2,0.1,GBM_grid_1_AutoML_9_20260420_30127_model_2,cov_MUFL_lag1,1.9778755755210295
2,2,0.1,GBM_grid_1_AutoML_9_20260420_30127_model_2,cov_MULL_lag1,0.13714496366679665
2,2,0.1,GBM_grid_1_AutoML_9_20260420_30127_model_2,cov_LUFL_lag1,0.2783023697743192
2,2,0.1,GBM_grid_1_AutoML_9_20260420_30127_model_2,cov_LULL_lag1,0.1268090829858556
2,2,0.1,GBM_grid_1_AutoML_9_20260420_30127_model_2,cov_OT_lag1,0.15613955141976474
2,2,0.1,GBM_grid_1_AutoML_9_20260420_30127_model_2,hour_lag1,1.0259437517821788
2,2,0.1,GBM_grid_1_AutoML_9_20260420_30127_model_2,day_of_week_lag1,0.04894227124983439
2,2,0.1,GBM_grid_1_AutoML_9_20260420_30127_model_2,month_lag1,0.24740098998881876
2,2,0.1,GBM_grid_1_AutoML_9_20260420_30127_model_2,month_sin,0.21235610514413567
2,2,0.1,GBM_grid_1_AutoML_9_20260420_30127_model_2,month_cos,0.10958440121263262
2,2,0.1,GBM_grid_1_AutoML_9_20260420_30127_model_2,year,0.20017558561637996
2,2,0.2,GBM_2_AutoML_9_20260420_30127,target_lag1,1.6523035742342471
2,2,0.2,GBM_2_AutoML_9_20260420_30127,target_lag2,0.35746589612215757
2,2,0.2,GBM_2_AutoML_9_20260420_30127,target_lag3,0.09726699275430288
2,2,0.2,GBM_2_AutoML_9_20260420_30127,target_lag4,0.14266445248853413
2,2,0.2,GBM_2_AutoML_9_20260420_30127,target_lag5,0.06006559158093292
2,2,0.2,GBM_2_AutoML_9_20260420_30127,target_lag6,0.25350110650062563
2,2,0.2,GBM_2_AutoML_9_20260420_30127,cov_HULL_lag1,0.12448882717639204
2,2,0.2,GBM_2_AutoML_9_20260420_30127,cov_MUFL_lag1,2.5303212826605885
2,2,0.2,GBM_2_AutoML_9_20260420_30127,cov_MULL_lag1,0.1224023199267685
2,2,0.2,GBM_2_AutoML_9_20260420_30127,cov_LUFL_lag1,0.25555791831342506
2,2,0.2,GBM_2_AutoML_9_20260420_30127,cov_LULL_lag1,0.04422526752110565
2,2,0.2,GBM_2_AutoML_9_20260420_30127,cov_OT_lag1,0.17544457880663683
2,2,0.2,GBM_2_AutoML_9_20260420_30127,hour_lag1,1.6624942244775593
2,2,0.2,GBM_2_AutoML_9_20260420_30127,day_of_week_lag1,0.022725820571649777
2,2,0.2,GBM_2_AutoML_9_20260420_30127,month_lag1,0.17691497259773314
2,2,0.2,GBM_2_AutoML_9_20260420_30127,month_sin,0.3388364503346384
2,2,0.2,GBM_2_AutoML_9_20260420_30127,month_cos,0.10004732538945968
2,2,0.2,GBM_2_AutoML_9_20260420_30127,year,0.2499039146117866
2,2,0.2,GBM_4_AutoML_9_20260420_30127,target_lag1,2.4169879043102265
2,2,0.2,GBM_4_AutoML_9_20260420_30127,target_lag2,0.19734902972355484
2,2,0.2,GBM_4_AutoML_9_20260420_30127,target_lag3,0.13430475951172408
2,2,0.2,GBM_4_AutoML_9_20260420_30127,target_lag4,0.11439342482597564
2,2,0.2,GBM_4_AutoML_9_20260420_30127,target_lag5,0.06028246585861776
2,2,0.2,GBM_4_AutoML_9_20260420_30127,target_lag6,0.18388022581115365
2,2,0.2,GBM_4_AutoML_9_20260420_30127,cov_HULL_lag1,0.12543382650706913
2,2,0.2,GBM_4_AutoML_9_20260420_30127,cov_MUFL_lag1,1.817732667773962
2,2,0.2,GBM_4_AutoML_9_20260420_30127,cov_MULL_lag1,0.14631601689616214
2,2,0.2,GBM_4_AutoML_9_20260420_30127,cov_LUFL_lag1,0.28297256419435146
2,2,0.2,GBM_4_AutoML_9_20260420_30127,cov_LULL_lag1,0.0470988196181133
2,2,0.2,GBM_4_AutoML_9_20260420_30127,cov_OT_lag1,0.21403732702136039
2,2,0.2,GBM_4_AutoML_9_20260420_30127,hour_lag1,1.8502670384943485
2,2,0.2,GBM_4_AutoML_9_20260420_30127,day_of_week_lag1,0.0338758819934446
2,2,0.2,GBM_4_AutoML_9_20260420_30127,month_lag1,0.18352097242604942
2,2,0.2,GBM_4_AutoML_9_20260420_30127,month_sin,0.2505957786133513
2,2,0.2,GBM_4_AutoML_9_20260420_30127,month_cos,0.10104903643019494
2,2,0.2,GBM_4_AutoML_9_20260420_30127,year,0.2464470630325377
2,2,0.2,GBM_3_AutoML_9_20260420_30127,target_lag1,1.6910710276663303
2,2,0.2,GBM_3_AutoML_9_20260420_30127,target_lag2,0.3205137182865292
2,2,0.2,GBM_3_AutoML_9_20260420_30127,target_lag3,0.11945310995040924
2,2,0.2,GBM_3_AutoML_9_20260420_30127,target_lag4,0.1153917464241385
2,2,0.2,GBM_3_AutoML_9_20260420_30127,target_lag5,0.11502424200065431
2,2,0.2,GBM_3_AutoML_9_20260420_30127,target_lag6,0.21979995041154324
2,2,0.2,GBM_3_AutoML_9_20260420_30127,cov_HULL_lag1,0.10862774996086949
2,2,0.2,GBM_3_AutoML_9_20260420_30127,cov_MUFL_lag1,2.575163225159049
2,2,0.2,GBM_3_AutoML_9_20260420_30127,cov_MULL_lag1,0.17319964755326508
2,2,0.2,GBM_3_AutoML_9_20260420_30127,cov_LUFL_lag1,0.304487167717889
2,2,0.2,GBM_3_AutoML_9_20260420_30127,cov_LULL_lag1,0.05801136364694681
2,2,0.2,GBM_3_AutoML_9_20260420_30127,cov_OT_lag1,0.18262556971516455
2,2,0.2,GBM_3_AutoML_9_20260420_30127,hour_lag1,1.6895521775633098
2,2,0.2,GBM_3_AutoML_9_20260420_30127,day_of_week_lag1,0.03016681755398163
2,2,0.2,GBM_3_AutoML_9_20260420_30127,month_lag1,0.2821002418547869
2,2,0.2,GBM_3_AutoML_9_20260420_30127,month_sin,0.23846573795191944
2,2,0.2,GBM_3_AutoML_9_20260420_30127,month_cos,0.0917057734634727
2,2,0.2,GBM_3_AutoML_9_20260420_30127,year,0.2274923897534609
2,2,0.2,GBM_1_AutoML_9_20260420_30127,target_lag1,2.16519240424037
2,2,0.2,GBM_1_AutoML_9_20260420_30127,target_lag2,0.241455910326913
2,2,0.2,GBM_1_AutoML_9_20260420_30127,target_lag3,0.10327217991929498
2,2,0.2,GBM_1_AutoML_9_20260420_30127,target_lag4,0.14062353758141394
2,2,0.2,GBM_1_AutoML_9_20260420_30127,target_lag5,0.1322447790484875
2,2,0.2,GBM_1_AutoML_9_20260420_30127,target_lag6,0.26220901230466553
2,2,0.2,GBM_1_AutoML_9_20260420_30127,cov_HULL_lag1,0.08562391316983846
2,2,0.2,GBM_1_AutoML_9_20260420_30127,cov_MUFL_lag1,2.0706213040649892
2,2,0.2,GBM_1_AutoML_9_20260420_30127,cov_MULL_lag1,0.13070687908999384
2,2,0.2,GBM_1_AutoML_9_20260420_30127,cov_LUFL_lag1,0.3173198889195919
2,2,0.2,GBM_1_AutoML_9_20260420_30127,cov_LULL_lag1,0.03005069187842304
2,2,0.2,GBM_1_AutoML_9_20260420_30127,cov_OT_lag1,0.17323466746602206
2,2,0.2,GBM_1_AutoML_9_20260420_30127,hour_lag1,1.4515732856094836
2,2,0.2,GBM_1_AutoML_9_20260420_30127,day_of_week_lag1,0.02347930862422795
2,2,0.2,GBM_1_AutoML_9_20260420_30127,month_lag1,0.1945531355589628
2,2,0.2,GBM_1_AutoML_9_20260420_30127,month_sin,0.22715582946781068
2,2,0.2,GBM_1_AutoML_9_20260420_30127,month_cos,0.15156411428004501
2,2,0.2,GBM_1_AutoML_9_20260420_30127,year,0.12061415401287373
2,2,0.2,GBM_grid_1_AutoML_9_20260420_30127_model_1,target_lag1,2.2036037576198577
2,2,0.2,GBM_grid_1_AutoML_9_20260420_30127_model_1,target_lag2,0.29858492301777007
2,2,0.2,GBM_grid_1_AutoML_9_20260420_30127_model_1,target_lag3,0.18939715199172494
2,2,0.2,GBM_grid_1_AutoML_9_20260420_30127_model_1,target_lag4,0.12884125056210902
2,2,0.2,GBM_grid_1_AutoML_9_20260420_30127_model_1,target_lag5,0.14365215353667732
2,2,0.2,GBM_grid_1_AutoML_9_20260420_30127_model_1,target_lag6,0.2034724259644281
2,2,0.2,GBM_grid_1_AutoML_9_20260420_30127_model_1,cov_HULL_lag1,0.1891538667306304
2,2,0.2,GBM_grid_1_AutoML_9_20260420_30127_model_1,cov_MUFL_lag1,1.6755432920902968
2,2,0.2,GBM_grid_1_AutoML_9_20260420_30127_model_1,cov_MULL_lag1,0.1647336999629624
2,2,0.2,GBM_grid_1_AutoML_9_20260420_30127_model_1,cov_LUFL_lag1,0.3166579726152122
2,2,0.2,GBM_grid_1_AutoML_9_20260420_30127_model_1,cov_LULL_lag1,0.055234377789311076
2,2,0.2,GBM_grid_1_AutoML_9_20260420_30127_model_1,cov_OT_lag1,0.16232374368235467
2,2,0.2,GBM_grid_1_AutoML_9_20260420_30127_model_1,hour_lag1,1.4542717136722059
2,2,0.2,GBM_grid_1_AutoML_9_20260420_30127_model_1,day_of_week_lag1,0.051384647656232074
2,2,0.2,GBM_grid_1_AutoML_9_20260420_30127_model_1,month_lag1,0.3268824623525143
2,2,0.2,GBM_grid_1_AutoML_9_20260420_30127_model_1,month_sin,0.23939104473683984
2,2,0.2,GBM_grid_1_AutoML_9_20260420_30127_model_1,month_cos,0.11161043902859089
2,2,0.2,GBM_grid_1_AutoML_9_20260420_30127_model_1,year,0.24607510979520156
2,2,0.2,GBM_5_AutoML_9_20260420_30127,target_lag1,2.0829469703137873
2,2,0.2,GBM_5_AutoML_9_20260420_30127,target_lag2,0.47180076148360967
2,2,0.2,GBM_5_AutoML_9_20260420_30127,target_lag3,0.2257788853533566
2,2,0.2,GBM_5_AutoML_9_20260420_30127,target_lag4,0.17429019767791032
2,2,0.2,GBM_5_AutoML_9_20260420_30127,target_lag5,0.10386552793439474
2,2,0.2,GBM_5_AutoML_9_20260420_30127,target_lag6,0.4426280112564564
2,2,0.2,GBM_5_AutoML_9_20260420_30127,cov_HULL_lag1,0.11541835021227595
2,2,0.2,GBM_5_AutoML_9_20260420_30127,cov_MUFL_lag1,1.9362310984043871
2,2,0.2,GBM_5_AutoML_9_20260420_30127,cov_MULL_lag1,0.1694554620422423
2,2,0.2,GBM_5_AutoML_9_20260420_30127,cov_LUFL_lag1,0.34067893319414
2,2,0.2,GBM_5_AutoML_9_20260420_30127,cov_LULL_lag1,0.04380075292661781
2,2,0.2,GBM_5_AutoML_9_20260420_30127,cov_OT_lag1,0.22821140692569317
2,2,0.2,GBM_5_AutoML_9_20260420_30127,hour_lag1,1.3661922202259302
2,2,0.2,GBM_5_AutoML_9_20260420_30127,day_of_week_lag1,0.0356629354532924
2,2,0.2,GBM_5_AutoML_9_20260420_30127,month_lag1,0.18477535758167504
2,2,0.2,GBM_5_AutoML_9_20260420_30127,month_sin,0.38002386055886744
2,2,0.2,GBM_5_AutoML_9_20260420_30127,month_cos,0.13389918715925883
2,2,0.2,GBM_5_AutoML_9_20260420_30127,year,0.2087509092921391
2,2,0.2,XGBoost_grid_1_AutoML_9_20260420_30127_model_1,target_lag1,2.022098766565323
2,2,0.2,XGBoost_grid_1_AutoML_9_20260420_30127_model_1,target_lag2,0.32589720414951445
2,2,0.2,XGBoost_grid_1_AutoML_9_20260420_30127_model_1,target_lag3,0.1353234151698416
2,2,0.2,XGBoost_grid_1_AutoML_9_20260420_30127_model_1,target_lag4,0.2845491236820817
2,2,0.2,XGBoost_grid_1_AutoML_9_20260420_30127_model_1,target_lag5,0.13997487046755847
2,2,0.2,XGBoost_grid_1_AutoML_9_20260420_30127_model_1,target_lag6,0.1371749845752492
2,2,0.2,XGBoost_grid_1_AutoML_9_20260420_30127_model_1,cov_HULL_lag1,0.11400208475533867
2,2,0.2,XGBoost_grid_1_AutoML_9_20260420_30127_model_1,cov_MUFL_lag1,2.409513748139143
2,2,0.2,XGBoost_grid_1_AutoML_9_20260420_30127_model_1,cov_MULL_lag1,0.10862133305519815
2,2,0.2,XGBoost_grid_1_AutoML_9_20260420_30127_model_1,cov_LUFL_lag1,0.31605992659926413
2,2,0.2,XGBoost_grid_1_AutoML_9_20260420_30127_model_1,cov_LULL_lag1,0.03063812811626118
2,2,0.2,XGBoost_grid_1_AutoML_9_20260420_30127_model_1,cov_OT_lag1,0.13947710724547502
2,2,0.2,XGBoost_grid_1_AutoML_9_20260420_30127_model_1,hour_lag1,1.6823844268918038
2,2,0.2,XGBoost_grid_1_AutoML_9_20260420_30127_model_1,day_of_week_lag1,0.0
2,2,0.2,XGBoost_grid_1_AutoML_9_20260420_30127_model_1,month_lag1,0.5060038757324219
2,2,0.2,XGBoost_grid_1_AutoML_9_20260420_30127_model_1,month_sin,0.13193499448709187
2,2,0.2,XGBoost_grid_1_AutoML_9_20260420_30127_model_1,month_cos,0.13432203082367775
2,2,0.2,XGBoost_grid_1_AutoML_9_20260420_30127_model_1,year,0.11121383132413025
2,2,0.2,XGBoost_3_AutoML_9_20260420_30127,target_lag1,2.6265794629603625
2,2,0.2,XGBoost_3_AutoML_9_20260420_30127,target_lag2,0.6282788217929192
2,2,0.2,XGBoost_3_AutoML_9_20260420_30127,target_lag3,0.1491870978148654
2,2,0.2,XGBoost_3_AutoML_9_20260420_30127,target_lag4,0.1602562168892473
2,2,0.2,XGBoost_3_AutoML_9_20260420_30127,target_lag5,0.15439381193369622
2,2,0.2,XGBoost_3_AutoML_9_20260420_30127,target_lag6,0.23471423932991456
2,2,0.2,XGBoost_3_AutoML_9_20260420_30127,cov_HULL_lag1,0.08323461661115285
2,2,0.2,XGBoost_3_AutoML_9_20260420_30127,cov_MUFL_lag1,1.4830504013597965
2,2,0.2,XGBoost_3_AutoML_9_20260420_30127,cov_MULL_lag1,0.20927162622101605
2,2,0.2,XGBoost_3_AutoML_9_20260420_30127,cov_LUFL_lag1,0.39352442070841787
2,2,0.2,XGBoost_3_AutoML_9_20260420_30127,cov_LULL_lag1,0.09095226332545277
2,2,0.2,XGBoost_3_AutoML_9_20260420_30127,cov_OT_lag1,0.32566734129097313
2,2,0.2,XGBoost_3_AutoML_9_20260420_30127,hour_lag1,1.695479012429714
2,2,0.2,XGBoost_3_AutoML_9_20260420_30127,day_of_week_lag1,0.0780603325180709
2,2,0.2,XGBoost_3_AutoML_9_20260420_30127,month_lag1,0.3457954240590334
2,2,0.2,XGBoost_3_AutoML_9_20260420_30127,month_sin,0.1929346438497305
2,2,0.2,XGBoost_3_AutoML_9_20260420_30127,month_cos,0.1864028663188219
2,2,0.2,XGBoost_3_AutoML_9_20260420_30127,year,0.10693949744105335
2,2,0.2,XGBoost_grid_1_AutoML_9_20260420_30127_model_3,target_lag1,1.7721694914251567
2,2,0.2,XGBoost_grid_1_AutoML_9_20260420_30127_model_3,target_lag2,0.5626571705937385
2,2,0.2,XGBoost_grid_1_AutoML_9_20260420_30127_model_3,target_lag3,0.26008704796433446
2,2,0.2,XGBoost_grid_1_AutoML_9_20260420_30127_model_3,target_lag4,0.2031634746864438
2,2,0.2,XGBoost_grid_1_AutoML_9_20260420_30127_model_3,target_lag5,0.2673076935112476
2,2,0.2,XGBoost_grid_1_AutoML_9_20260420_30127_model_3,target_lag6,0.2181657382939011
2,2,0.2,XGBoost_grid_1_AutoML_9_20260420_30127_model_3,cov_HULL_lag1,0.014060947190737295
2,2,0.2,XGBoost_grid_1_AutoML_9_20260420_30127_model_3,cov_MUFL_lag1,2.586376062631607
2,2,0.2,XGBoost_grid_1_AutoML_9_20260420_30127_model_3,cov_MULL_lag1,0.15867386035621162
2,2,0.2,XGBoost_grid_1_AutoML_9_20260420_30127_model_3,cov_LUFL_lag1,0.278994268104434
2,2,0.2,XGBoost_grid_1_AutoML_9_20260420_30127_model_3,cov_LULL_lag1,0.028931324158329462
2,2,0.2,XGBoost_grid_1_AutoML_9_20260420_30127_model_3,cov_OT_lag1,0.18182997414725832
2,2,0.2,XGBoost_grid_1_AutoML_9_20260420_30127_model_3,hour_lag1,1.5679163168370724
2,2,0.2,XGBoost_grid_1_AutoML_9_20260420_30127_model_3,day_of_week_lag1,0.025447253915481215
2,2,0.2,XGBoost_grid_1_AutoML_9_20260420_30127_model_3,month_lag1,0.3581068705022335
2,2,0.2,XGBoost_grid_1_AutoML_9_20260420_30127_model_3,month_sin,0.352552542090416
2,2,0.2,XGBoost_grid_1_AutoML_9_20260420_30127_model_3,month_cos,0.16271476164460177
2,2,0.2,XGBoost_grid_1_AutoML_9_20260420_30127_model_3,year,0.14909746522083875
2,2,0.2,DRF_1_AutoML_9_20260420_30127,target_lag1,1.9020192334800958
2,2,0.2,DRF_1_AutoML_9_20260420_30127,target_lag2,0.6817400249838829
2,2,0.2,DRF_1_AutoML_9_20260420_30127,target_lag3,0.2356053904723376
2,2,0.2,DRF_1_AutoML_9_20260420_30127,target_lag4,0.18156622098293151
2,2,0.2,DRF_1_AutoML_9_20260420_30127,target_lag5,0.16933237287739758
2,2,0.2,DRF_1_AutoML_9_20260420_30127,target_lag6,0.20554143268615008
2,2,0.2,DRF_1_AutoML_9_20260420_30127,cov_HULL_lag1,0.12167167304083701
2,2,0.2,DRF_1_AutoML_9_20260420_30127,cov_MUFL_lag1,2.411473714709282
2,2,0.2,DRF_1_AutoML_9_20260420_30127,cov_MULL_lag1,0.11311584502458569
2,2,0.2,DRF_1_AutoML_9_20260420_30127,cov_LUFL_lag1,0.3217197436094284
2,2,0.2,DRF_1_AutoML_9_20260420_30127,cov_LULL_lag1,0.04390699843410399
2,2,0.2,DRF_1_AutoML_9_20260420_30127,cov_OT_lag1,0.13058609424158926
2,2,0.2,DRF_1_AutoML_9_20260420_30127,hour_lag1,1.2600939173996448
2,2,0.2,DRF_1_AutoML_9_20260420_30127,day_of_week_lag1,0.019639152893796523
2,2,0.2,DRF_1_AutoML_9_20260420_30127,month_lag1,0.15806934407446532
2,2,0.2,DRF_1_AutoML_9_20260420_30127,month_sin,0.20353072872851044
2,2,0.2,DRF_1_AutoML_9_20260420_30127,month_cos,0.08522848450869784
2,2,0.2,DRF_1_AutoML_9_20260420_30127,year,0.18782996194669974
2,2,0.2,GBM_grid_1_AutoML_9_20260420_30127_model_3,target_lag1,1.5034537351131438
2,2,0.2,GBM_grid_1_AutoML_9_20260420_30127_model_3,target_lag2,0.5756168670649641
2,2,0.2,GBM_grid_1_AutoML_9_20260420_30127_model_3,target_lag3,0.10870882458344563
2,2,0.2,GBM_grid_1_AutoML_9_20260420_30127_model_3,target_lag4,0.23740435641258956
2,2,0.2,GBM_grid_1_AutoML_9_20260420_30127_model_3,target_lag5,0.16330344185233112
2,2,0.2,GBM_grid_1_AutoML_9_20260420_30127_model_3,target_lag6,0.33177310923114417
2,2,0.2,GBM_grid_1_AutoML_9_20260420_30127_model_3,cov_HULL_lag1,0.13759878317912805
2,2,0.2,GBM_grid_1_AutoML_9_20260420_30127_model_3,cov_MUFL_lag1,2.177171504967846
2,2,0.2,GBM_grid_1_AutoML_9_20260420_30127_model_3,cov_MULL_lag1,0.20101420712657272
2,2,0.2,GBM_grid_1_AutoML_9_20260420_30127_model_3,cov_LUFL_lag1,0.3539667113870382
2,2,0.2,GBM_grid_1_AutoML_9_20260420_30127_model_3,cov_LULL_lag1,0.04992078164359551
2,2,0.2,GBM_grid_1_AutoML_9_20260420_30127_model_3,cov_OT_lag1,0.1766533191874623
2,2,0.2,GBM_grid_1_AutoML_9_20260420_30127_model_3,hour_lag1,1.308920400440693
2,2,0.2,GBM_grid_1_AutoML_9_20260420_30127_model_3,day_of_week_lag1,0.060901755269151134
2,2,0.2,GBM_grid_1_AutoML_9_20260420_30127_model_3,month_lag1,0.26483454103581605
2,2,0.2,GBM_grid_1_AutoML_9_20260420_30127_model_3,month_sin,0.17642988416133448
2,2,0.2,GBM_grid_1_AutoML_9_20260420_30127_model_3,month_cos,0.12445527387084436
2,2,0.2,GBM_grid_1_AutoML_9_20260420_30127_model_3,year,0.16980488701956348
2,2,0.2,XRT_1_AutoML_9_20260420_30127,target_lag1,104729.50644205659
2,2,0.2,XRT_1_AutoML_9_20260420_30127,target_lag2,2447524.7640793137
2,2,0.2,XRT_1_AutoML_9_20260420_30127,target_lag3,4850.843681821227
2,2,0.2,XRT_1_AutoML_9_20260420_30127,target_lag4,201161.06336372794
2,2,0.2,XRT_1_AutoML_9_20260420_30127,target_lag5,17295.35451877254
2,2,0.2,XRT_1_AutoML_9_20260420_30127,target_lag6,24212.48001300484
2,2,0.2,XRT_1_AutoML_9_20260420_30127,cov_HULL_lag1,290099.5174674559
2,2,0.2,XRT_1_AutoML_9_20260420_30127,cov_MUFL_lag1,1829099.8072631496
2,2,0.2,XRT_1_AutoML_9_20260420_30127,cov_MULL_lag1,165877.48538929553
2,2,0.2,XRT_1_AutoML_9_20260420_30127,cov_LUFL_lag1,14358175.45143371
2,2,0.2,XRT_1_AutoML_9_20260420_30127,cov_LULL_lag1,16022174995.291267
2,2,0.2,XRT_1_AutoML_9_20260420_30127,cov_OT_lag1,5225.029943872094
2,2,0.2,XRT_1_AutoML_9_20260420_30127,hour_lag1,32000675946.823223
2,2,0.2,XRT_1_AutoML_9_20260420_30127,day_of_week_lag1,1805299.8559830657
2,2,0.2,XRT_1_AutoML_9_20260420_30127,month_lag1,191851.8995940852
2,2,0.2,XRT_1_AutoML_9_20260420_30127,month_sin,464954.3166266557
2,2,0.2,XRT_1_AutoML_9_20260420_30127,month_cos,3374.940863645822
2,2,0.2,XRT_1_AutoML_9_20260420_30127,year,2676298.7861021846
2,2,0.2,XGBoost_grid_1_AutoML_9_20260420_30127_model_4,target_lag1,1.8763866314291955
2,2,0.2,XGBoost_grid_1_AutoML_9_20260420_30127_model_4,target_lag2,0.805051903501153
2,2,0.2,XGBoost_grid_1_AutoML_9_20260420_30127_model_4,target_lag3,0.1258813674468547
2,2,0.2,XGBoost_grid_1_AutoML_9_20260420_30127_model_4,target_lag4,0.11288008505478497
2,2,0.2,XGBoost_grid_1_AutoML_9_20260420_30127_model_4,target_lag5,0.10205304525792595
2,2,0.2,XGBoost_grid_1_AutoML_9_20260420_30127_model_4,target_lag6,0.11978101108223196
2,2,0.2,XGBoost_grid_1_AutoML_9_20260420_30127_model_4,cov_HULL_lag1,0.14615398260764775
2,2,0.2,XGBoost_grid_1_AutoML_9_20260420_30127_model_4,cov_MUFL_lag1,1.8788144089654089
2,2,0.2,XGBoost_grid_1_AutoML_9_20260420_30127_model_4,cov_MULL_lag1,0.12005532964831214
2,2,0.2,XGBoost_grid_1_AutoML_9_20260420_30127_model_4,cov_LUFL_lag1,0.4326751921325922
2,2,0.2,XGBoost_grid_1_AutoML_9_20260420_30127_model_4,cov_LULL_lag1,0.06476191526744511
2,2,0.2,XGBoost_grid_1_AutoML_9_20260420_30127_model_4,cov_OT_lag1,0.2602338540367782
2,2,0.2,XGBoost_grid_1_AutoML_9_20260420_30127_model_4,hour_lag1,1.9354980777204036
2,2,0.2,XGBoost_grid_1_AutoML_9_20260420_30127_model_4,day_of_week_lag1,0.05622817748226222
2,2,0.2,XGBoost_grid_1_AutoML_9_20260420_30127_model_4,month_lag1,0.33464925341308116
2,2,0.2,XGBoost_grid_1_AutoML_9_20260420_30127_model_4,month_sin,0.23305691592395303
2,2,0.2,XGBoost_grid_1_AutoML_9_20260420_30127_model_4,month_cos,0.1303823425294831
2,2,0.2,XGBoost_grid_1_AutoML_9_20260420_30127_model_4,year,0.2647952225478366
2,2,0.2,XGBoost_grid_1_AutoML_9_20260420_30127_model_2,target_lag1,1.8029990506917237
2,2,0.2,XGBoost_grid_1_AutoML_9_20260420_30127_model_2,target_lag2,0.5899232530221343
2,2,0.2,XGBoost_grid_1_AutoML_9_20260420_30127_model_2,target_lag3,0.14628815092146394
2,2,0.2,XGBoost_grid_1_AutoML_9_20260420_30127_model_2,target_lag4,0.10698349913582202
2,2,0.2,XGBoost_grid_1_AutoML_9_20260420_30127_model_2,target_lag5,0.12915237104520197
2,2,0.2,XGBoost_grid_1_AutoML_9_20260420_30127_model_2,target_lag6,0.2616612175904447
2,2,0.2,XGBoost_grid_1_AutoML_9_20260420_30127_model_2,cov_HULL_lag1,0.12310385303571816
2,2,0.2,XGBoost_grid_1_AutoML_9_20260420_30127_model_2,cov_MUFL_lag1,2.2220136335492136
2,2,0.2,XGBoost_grid_1_AutoML_9_20260420_30127_model_2,cov_MULL_lag1,0.2091326501360163
2,2,0.2,XGBoost_grid_1_AutoML_9_20260420_30127_model_2,cov_LUFL_lag1,0.41599995452241273
2,2,0.2,XGBoost_grid_1_AutoML_9_20260420_30127_model_2,cov_LULL_lag1,0.08292547060642388
2,2,0.2,XGBoost_grid_1_AutoML_9_20260420_30127_model_2,cov_OT_lag1,0.22575935087457766
2,2,0.2,XGBoost_grid_1_AutoML_9_20260420_30127_model_2,hour_lag1,1.7537117877230048
2,2,0.2,XGBoost_grid_1_AutoML_9_20260420_30127_model_2,day_of_week_lag1,0.04942244424833912
2,2,0.2,XGBoost_grid_1_AutoML_9_20260420_30127_model_2,month_lag1,0.27469268392771484
2,2,0.2,XGBoost_grid_1_AutoML_9_20260420_30127_model_2,month_sin,0.1903522245772183
2,2,0.2,XGBoost_grid_1_AutoML_9_20260420_30127_model_2,month_cos,0.07447973619375257
2,2,0.2,XGBoost_grid_1_AutoML_9_20260420_30127_model_2,year,0.29454611115157603
2,2,0.2,XGBoost_grid_1_AutoML_9_20260420_30127_model_5,target_lag1,2.7609115842380563
2,2,0.2,XGBoost_grid_1_AutoML_9_20260420_30127_model_5,target_lag2,0.15218674335163082
2,2,0.2,XGBoost_grid_1_AutoML_9_20260420_30127_model_5,target_lag3,0.08719006631989029
2,2,0.2,XGBoost_grid_1_AutoML_9_20260420_30127_model_5,target_lag4,0.3804600225389004
2,2,0.2,XGBoost_grid_1_AutoML_9_20260420_30127_model_5,target_lag5,0.10356647416949266
2,2,0.2,XGBoost_grid_1_AutoML_9_20260420_30127_model_5,target_lag6,0.30398376904428004
2,2,0.2,XGBoost_grid_1_AutoML_9_20260420_30127_model_5,cov_HULL_lag1,0.14096652217209335
2,2,0.2,XGBoost_grid_1_AutoML_9_20260420_30127_model_5,cov_MUFL_lag1,1.9031815426331014
2,2,0.2,XGBoost_grid_1_AutoML_9_20260420_30127_model_5,cov_MULL_lag1,0.1359866031259298
2,2,0.2,XGBoost_grid_1_AutoML_9_20260420_30127_model_5,cov_LUFL_lag1,0.3074367043771781
2,2,0.2,XGBoost_grid_1_AutoML_9_20260420_30127_model_5,cov_LULL_lag1,0.042496631806716284
2,2,0.2,XGBoost_grid_1_AutoML_9_20260420_30127_model_5,cov_OT_lag1,0.19315322510898114
2,2,0.2,XGBoost_grid_1_AutoML_9_20260420_30127_model_5,hour_lag1,1.418424200322479
2,2,0.2,XGBoost_grid_1_AutoML_9_20260420_30127_model_5,day_of_week_lag1,0.02143413077574219
2,2,0.2,XGBoost_grid_1_AutoML_9_20260420_30127_model_5,month_lag1,0.486755538135767
2,2,0.2,XGBoost_grid_1_AutoML_9_20260420_30127_model_5,month_sin,0.21745426323264838
2,2,0.2,XGBoost_grid_1_AutoML_9_20260420_30127_model_5,month_cos,0.1266926308535039
2,2,0.2,XGBoost_grid_1_AutoML_9_20260420_30127_model_5,year,0.22230494260787964
2,2,0.2,XGBoost_2_AutoML_9_20260420_30127,target_lag1,1.7603947132080793
2,2,0.2,XGBoost_2_AutoML_9_20260420_30127,target_lag2,0.5908207564800978
2,2,0.2,XGBoost_2_AutoML_9_20260420_30127,target_lag3,0.1959831506386399
2,2,0.2,XGBoost_2_AutoML_9_20260420_30127,target_lag4,0.2349151277076453
2,2,0.2,XGBoost_2_AutoML_9_20260420_30127,target_lag5,0.14722749174572525
2,2,0.2,XGBoost_2_AutoML_9_20260420_30127,target_lag6,0.3493175525031984
2,2,0.2,XGBoost_2_AutoML_9_20260420_30127,cov_HULL_lag1,0.16403449393692424
2,2,0.2,XGBoost_2_AutoML_9_20260420_30127,cov_MUFL_lag1,2.6697260096669195
2,2,0.2,XGBoost_2_AutoML_9_20260420_30127,cov_MULL_lag1,0.15927104847505685
2,2,0.2,XGBoost_2_AutoML_9_20260420_30127,cov_LUFL_lag1,0.2871358522679657
2,2,0.2,XGBoost_2_AutoML_9_20260420_30127,cov_LULL_lag1,0.10576079450562244
2,2,0.2,XGBoost_2_AutoML_9_20260420_30127,cov_OT_lag1,0.33132209107745436
2,2,0.2,XGBoost_2_AutoML_9_20260420_30127,hour_lag1,1.6611820719763637
2,2,0.2,XGBoost_2_AutoML_9_20260420_30127,day_of_week_lag1,0.04994429341517384
2,2,0.2,XGBoost_2_AutoML_9_20260420_30127,month_lag1,0.295660179015249
2,2,0.2,XGBoost_2_AutoML_9_20260420_30127,month_sin,0.27108664621133355
2,2,0.2,XGBoost_2_AutoML_9_20260420_30127,month_cos,0.07787542918696996
2,2,0.2,XGBoost_2_AutoML_9_20260420_30127,year,0.33973662815988065
2,2,0.2,GBM_grid_1_AutoML_9_20260420_30127_model_2,target_lag1,1.4777474461123348
2,2,0.2,GBM_grid_1_AutoML_9_20260420_30127_model_2,target_lag2,0.37884508397895844
2,2,0.2,GBM_grid_1_AutoML_9_20260420_30127_model_2,target_lag3,0.14311360811349
2,2,0.2,GBM_grid_1_AutoML_9_20260420_30127_model_2,target_lag4,0.18898243348812685
2,2,0.2,GBM_grid_1_AutoML_9_20260420_30127_model_2,target_lag5,0.06295925243422967
2,2,0.2,GBM_grid_1_AutoML_9_20260420_30127_model_2,target_lag6,0.806451704390347
2,2,0.2,GBM_grid_1_AutoML_9_20260420_30127_model_2,cov_HULL_lag1,0.1494126407196745
2,2,0.2,GBM_grid_1_AutoML_9_20260420_30127_model_2,cov_MUFL_lag1,1.9778755755210295
2,2,0.2,GBM_grid_1_AutoML_9_20260420_30127_model_2,cov_MULL_lag1,0.13714496366679665
2,2,0.2,GBM_grid_1_AutoML_9_20260420_30127_model_2,cov_LUFL_lag1,0.2783023697743192
2,2,0.2,GBM_grid_1_AutoML_9_20260420_30127_model_2,cov_LULL_lag1,0.1268090829858556
2,2,0.2,GBM_grid_1_AutoML_9_20260420_30127_model_2,cov_OT_lag1,0.15613955141976474
2,2,0.2,GBM_grid_1_AutoML_9_20260420_30127_model_2,hour_lag1,1.0259437517821788
2,2,0.2,GBM_grid_1_AutoML_9_20260420_30127_model_2,day_of_week_lag1,0.04894227124983439
2,2,0.2,GBM_grid_1_AutoML_9_20260420_30127_model_2,month_lag1,0.24740098998881876
2,2,0.2,GBM_grid_1_AutoML_9_20260420_30127_model_2,month_sin,0.21235610514413567
2,2,0.2,GBM_grid_1_AutoML_9_20260420_30127_model_2,month_cos,0.10958440121263262
2,2,0.2,GBM_grid_1_AutoML_9_20260420_30127_model_2,year,0.20017558561637996
2,2,0.2,XGBoost_1_AutoML_9_20260420_30127,target_lag1,2.1564542223513126
2,2,0.2,XGBoost_1_AutoML_9_20260420_30127,target_lag2,0.3277387821674347
2,2,0.2,XGBoost_1_AutoML_9_20260420_30127,target_lag3,0.18695822787471117
2,2,0.2,XGBoost_1_AutoML_9_20260420_30127,target_lag4,0.16918211594456806
2,2,0.2,XGBoost_1_AutoML_9_20260420_30127,target_lag5,0.1698646613070741
2,2,0.2,XGBoost_1_AutoML_9_20260420_30127,target_lag6,0.22533104421105235
2,2,0.2,XGBoost_1_AutoML_9_20260420_30127,cov_HULL_lag1,0.18565201946534216
2,2,0.2,XGBoost_1_AutoML_9_20260420_30127,cov_MUFL_lag1,2.4855631679296493
2,2,0.2,XGBoost_1_AutoML_9_20260420_30127,cov_MULL_lag1,0.1557244931044988
2,2,0.2,XGBoost_1_AutoML_9_20260420_30127,cov_LUFL_lag1,0.370920807980001
2,2,0.2,XGBoost_1_AutoML_9_20260420_30127,cov_LULL_lag1,0.09267203074414279
2,2,0.2,XGBoost_1_AutoML_9_20260420_30127,cov_OT_lag1,0.3945549347810447
2,2,0.2,XGBoost_1_AutoML_9_20260420_30127,hour_lag1,1.736058327080682
2,2,0.2,XGBoost_1_AutoML_9_20260420_30127,day_of_week_lag1,0.07572727149818088
2,2,0.2,XGBoost_1_AutoML_9_20260420_30127,month_lag1,0.16671878043562172
2,2,0.2,XGBoost_1_AutoML_9_20260420_30127,month_sin,0.3034504302032292
2,2,0.2,XGBoost_1_AutoML_9_20260420_30127,month_cos,0.12544342676177617
2,2,0.2,XGBoost_1_AutoML_9_20260420_30127,year,0.20621953511610627
2,2,0.2,XGBoost_grid_1_AutoML_9_20260420_30127_model_6,target_lag1,1.923422087682411
2,2,0.2,XGBoost_grid_1_AutoML_9_20260420_30127_model_6,target_lag2,0.2158758707344532
2,2,0.2,XGBoost_grid_1_AutoML_9_20260420_30127_model_6,target_lag3,0.2242203940358013
2,2,0.2,XGBoost_grid_1_AutoML_9_20260420_30127_model_6,target_lag4,0.18134625361301004
2,2,0.2,XGBoost_grid_1_AutoML_9_20260420_30127_model_6,target_lag5,0.17506727125495672
2,2,0.2,XGBoost_grid_1_AutoML_9_20260420_30127_model_6,target_lag6,0.41584344509989024
2,2,0.2,XGBoost_grid_1_AutoML_9_20260420_30127_model_6,cov_HULL_lag1,0.08648133102571588
2,2,0.2,XGBoost_grid_1_AutoML_9_20260420_30127_model_6,cov_MUFL_lag1,2.373758609034121
2,2,0.2,XGBoost_grid_1_AutoML_9_20260420_30127_model_6,cov_MULL_lag1,0.16119801837950942
2,2,0.2,XGBoost_grid_1_AutoML_9_20260420_30127_model_6,cov_LUFL_lag1,0.38671150656417014
2,2,0.2,XGBoost_grid_1_AutoML_9_20260420_30127_model_6,cov_LULL_lag1,0.10879721518373113
2,2,0.2,XGBoost_grid_1_AutoML_9_20260420_30127_model_6,cov_OT_lag1,0.26247942028567195
2,2,0.2,XGBoost_grid_1_AutoML_9_20260420_30127_model_6,hour_lag1,1.4746053913235664
2,2,0.2,XGBoost_grid_1_AutoML_9_20260420_30127_model_6,day_of_week_lag1,0.04929999196901914
2,2,0.2,XGBoost_grid_1_AutoML_9_20260420_30127_model_6,month_lag1,0.36462167103294635
2,2,0.2,XGBoost_grid_1_AutoML_9_20260420_30127_model_6,month_sin,0.1166924029961228
2,2,0.2,XGBoost_grid_1_AutoML_9_20260420_30127_model_6,month_cos,0.16175260241609063
2,2,0.2,XGBoost_grid_1_AutoML_9_20260420_30127_model_6,year,0.15240755388513205
2,2,0.3,GBM_2_AutoML_9_20260420_30127,target_lag1,1.6523035742342471
2,2,0.3,GBM_2_AutoML_9_20260420_30127,target_lag2,0.35746589612215757
2,2,0.3,GBM_2_AutoML_9_20260420_30127,target_lag3,0.09726699275430288
2,2,0.3,GBM_2_AutoML_9_20260420_30127,target_lag4,0.14266445248853413
2,2,0.3,GBM_2_AutoML_9_20260420_30127,target_lag5,0.06006559158093292
2,2,0.3,GBM_2_AutoML_9_20260420_30127,target_lag6,0.25350110650062563
2,2,0.3,GBM_2_AutoML_9_20260420_30127,cov_HULL_lag1,0.12448882717639204
2,2,0.3,GBM_2_AutoML_9_20260420_30127,cov_MUFL_lag1,2.5303212826605885
2,2,0.3,GBM_2_AutoML_9_20260420_30127,cov_MULL_lag1,0.1224023199267685
2,2,0.3,GBM_2_AutoML_9_20260420_30127,cov_LUFL_lag1,0.25555791831342506
2,2,0.3,GBM_2_AutoML_9_20260420_30127,cov_LULL_lag1,0.04422526752110565
2,2,0.3,GBM_2_AutoML_9_20260420_30127,cov_OT_lag1,0.17544457880663683
2,2,0.3,GBM_2_AutoML_9_20260420_30127,hour_lag1,1.6624942244775593
2,2,0.3,GBM_2_AutoML_9_20260420_30127,day_of_week_lag1,0.022725820571649777
2,2,0.3,GBM_2_AutoML_9_20260420_30127,month_lag1,0.17691497259773314
2,2,0.3,GBM_2_AutoML_9_20260420_30127,month_sin,0.3388364503346384
2,2,0.3,GBM_2_AutoML_9_20260420_30127,month_cos,0.10004732538945968
2,2,0.3,GBM_2_AutoML_9_20260420_30127,year,0.2499039146117866
2,2,0.3,GBM_4_AutoML_9_20260420_30127,target_lag1,2.4169879043102265
2,2,0.3,GBM_4_AutoML_9_20260420_30127,target_lag2,0.19734902972355484
2,2,0.3,GBM_4_AutoML_9_20260420_30127,target_lag3,0.13430475951172408
2,2,0.3,GBM_4_AutoML_9_20260420_30127,target_lag4,0.11439342482597564
2,2,0.3,GBM_4_AutoML_9_20260420_30127,target_lag5,0.06028246585861776
2,2,0.3,GBM_4_AutoML_9_20260420_30127,target_lag6,0.18388022581115365
2,2,0.3,GBM_4_AutoML_9_20260420_30127,cov_HULL_lag1,0.12543382650706913
2,2,0.3,GBM_4_AutoML_9_20260420_30127,cov_MUFL_lag1,1.817732667773962
2,2,0.3,GBM_4_AutoML_9_20260420_30127,cov_MULL_lag1,0.14631601689616214
2,2,0.3,GBM_4_AutoML_9_20260420_30127,cov_LUFL_lag1,0.28297256419435146
2,2,0.3,GBM_4_AutoML_9_20260420_30127,cov_LULL_lag1,0.0470988196181133
2,2,0.3,GBM_4_AutoML_9_20260420_30127,cov_OT_lag1,0.21403732702136039
2,2,0.3,GBM_4_AutoML_9_20260420_30127,hour_lag1,1.8502670384943485
2,2,0.3,GBM_4_AutoML_9_20260420_30127,day_of_week_lag1,0.0338758819934446
2,2,0.3,GBM_4_AutoML_9_20260420_30127,month_lag1,0.18352097242604942
2,2,0.3,GBM_4_AutoML_9_20260420_30127,month_sin,0.2505957786133513
2,2,0.3,GBM_4_AutoML_9_20260420_30127,month_cos,0.10104903643019494
2,2,0.3,GBM_4_AutoML_9_20260420_30127,year,0.2464470630325377
2,2,0.3,GBM_3_AutoML_9_20260420_30127,target_lag1,1.6910710276663303
2,2,0.3,GBM_3_AutoML_9_20260420_30127,target_lag2,0.3205137182865292
2,2,0.3,GBM_3_AutoML_9_20260420_30127,target_lag3,0.11945310995040924
2,2,0.3,GBM_3_AutoML_9_20260420_30127,target_lag4,0.1153917464241385
2,2,0.3,GBM_3_AutoML_9_20260420_30127,target_lag5,0.11502424200065431
2,2,0.3,GBM_3_AutoML_9_20260420_30127,target_lag6,0.21979995041154324
2,2,0.3,GBM_3_AutoML_9_20260420_30127,cov_HULL_lag1,0.10862774996086949
2,2,0.3,GBM_3_AutoML_9_20260420_30127,cov_MUFL_lag1,2.575163225159049
2,2,0.3,GBM_3_AutoML_9_20260420_30127,cov_MULL_lag1,0.17319964755326508
2,2,0.3,GBM_3_AutoML_9_20260420_30127,cov_LUFL_lag1,0.304487167717889
2,2,0.3,GBM_3_AutoML_9_20260420_30127,cov_LULL_lag1,0.05801136364694681
2,2,0.3,GBM_3_AutoML_9_20260420_30127,cov_OT_lag1,0.18262556971516455
2,2,0.3,GBM_3_AutoML_9_20260420_30127,hour_lag1,1.6895521775633098
2,2,0.3,GBM_3_AutoML_9_20260420_30127,day_of_week_lag1,0.03016681755398163
2,2,0.3,GBM_3_AutoML_9_20260420_30127,month_lag1,0.2821002418547869
2,2,0.3,GBM_3_AutoML_9_20260420_30127,month_sin,0.23846573795191944
2,2,0.3,GBM_3_AutoML_9_20260420_30127,month_cos,0.0917057734634727
2,2,0.3,GBM_3_AutoML_9_20260420_30127,year,0.2274923897534609
2,2,0.3,GBM_1_AutoML_9_20260420_30127,target_lag1,2.16519240424037
2,2,0.3,GBM_1_AutoML_9_20260420_30127,target_lag2,0.241455910326913
2,2,0.3,GBM_1_AutoML_9_20260420_30127,target_lag3,0.10327217991929498
2,2,0.3,GBM_1_AutoML_9_20260420_30127,target_lag4,0.14062353758141394
2,2,0.3,GBM_1_AutoML_9_20260420_30127,target_lag5,0.1322447790484875
2,2,0.3,GBM_1_AutoML_9_20260420_30127,target_lag6,0.26220901230466553
2,2,0.3,GBM_1_AutoML_9_20260420_30127,cov_HULL_lag1,0.08562391316983846
2,2,0.3,GBM_1_AutoML_9_20260420_30127,cov_MUFL_lag1,2.0706213040649892
2,2,0.3,GBM_1_AutoML_9_20260420_30127,cov_MULL_lag1,0.13070687908999384
2,2,0.3,GBM_1_AutoML_9_20260420_30127,cov_LUFL_lag1,0.3173198889195919
2,2,0.3,GBM_1_AutoML_9_20260420_30127,cov_LULL_lag1,0.03005069187842304
2,2,0.3,GBM_1_AutoML_9_20260420_30127,cov_OT_lag1,0.17323466746602206
2,2,0.3,GBM_1_AutoML_9_20260420_30127,hour_lag1,1.4515732856094836
2,2,0.3,GBM_1_AutoML_9_20260420_30127,day_of_week_lag1,0.02347930862422795
2,2,0.3,GBM_1_AutoML_9_20260420_30127,month_lag1,0.1945531355589628
2,2,0.3,GBM_1_AutoML_9_20260420_30127,month_sin,0.22715582946781068
2,2,0.3,GBM_1_AutoML_9_20260420_30127,month_cos,0.15156411428004501
2,2,0.3,GBM_1_AutoML_9_20260420_30127,year,0.12061415401287373
2,2,0.3,GBM_grid_1_AutoML_9_20260420_30127_model_1,target_lag1,2.2036037576198577
2,2,0.3,GBM_grid_1_AutoML_9_20260420_30127_model_1,target_lag2,0.29858492301777007
2,2,0.3,GBM_grid_1_AutoML_9_20260420_30127_model_1,target_lag3,0.18939715199172494
2,2,0.3,GBM_grid_1_AutoML_9_20260420_30127_model_1,target_lag4,0.12884125056210902
2,2,0.3,GBM_grid_1_AutoML_9_20260420_30127_model_1,target_lag5,0.14365215353667732
2,2,0.3,GBM_grid_1_AutoML_9_20260420_30127_model_1,target_lag6,0.2034724259644281
2,2,0.3,GBM_grid_1_AutoML_9_20260420_30127_model_1,cov_HULL_lag1,0.1891538667306304
2,2,0.3,GBM_grid_1_AutoML_9_20260420_30127_model_1,cov_MUFL_lag1,1.6755432920902968
2,2,0.3,GBM_grid_1_AutoML_9_20260420_30127_model_1,cov_MULL_lag1,0.1647336999629624
2,2,0.3,GBM_grid_1_AutoML_9_20260420_30127_model_1,cov_LUFL_lag1,0.3166579726152122
2,2,0.3,GBM_grid_1_AutoML_9_20260420_30127_model_1,cov_LULL_lag1,0.055234377789311076
2,2,0.3,GBM_grid_1_AutoML_9_20260420_30127_model_1,cov_OT_lag1,0.16232374368235467
2,2,0.3,GBM_grid_1_AutoML_9_20260420_30127_model_1,hour_lag1,1.4542717136722059
2,2,0.3,GBM_grid_1_AutoML_9_20260420_30127_model_1,day_of_week_lag1,0.051384647656232074
2,2,0.3,GBM_grid_1_AutoML_9_20260420_30127_model_1,month_lag1,0.3268824623525143
2,2,0.3,GBM_grid_1_AutoML_9_20260420_30127_model_1,month_sin,0.23939104473683984
2,2,0.3,GBM_grid_1_AutoML_9_20260420_30127_model_1,month_cos,0.11161043902859089
2,2,0.3,GBM_grid_1_AutoML_9_20260420_30127_model_1,year,0.24607510979520156
2,2,0.3,GBM_5_AutoML_9_20260420_30127,target_lag1,2.0829469703137873
2,2,0.3,GBM_5_AutoML_9_20260420_30127,target_lag2,0.47180076148360967
2,2,0.3,GBM_5_AutoML_9_20260420_30127,target_lag3,0.2257788853533566
2,2,0.3,GBM_5_AutoML_9_20260420_30127,target_lag4,0.17429019767791032
2,2,0.3,GBM_5_AutoML_9_20260420_30127,target_lag5,0.10386552793439474
2,2,0.3,GBM_5_AutoML_9_20260420_30127,target_lag6,0.4426280112564564
2,2,0.3,GBM_5_AutoML_9_20260420_30127,cov_HULL_lag1,0.11541835021227595
2,2,0.3,GBM_5_AutoML_9_20260420_30127,cov_MUFL_lag1,1.9362310984043871
2,2,0.3,GBM_5_AutoML_9_20260420_30127,cov_MULL_lag1,0.1694554620422423
2,2,0.3,GBM_5_AutoML_9_20260420_30127,cov_LUFL_lag1,0.34067893319414
2,2,0.3,GBM_5_AutoML_9_20260420_30127,cov_LULL_lag1,0.04380075292661781
2,2,0.3,GBM_5_AutoML_9_20260420_30127,cov_OT_lag1,0.22821140692569317
2,2,0.3,GBM_5_AutoML_9_20260420_30127,hour_lag1,1.3661922202259302
2,2,0.3,GBM_5_AutoML_9_20260420_30127,day_of_week_lag1,0.0356629354532924
2,2,0.3,GBM_5_AutoML_9_20260420_30127,month_lag1,0.18477535758167504
2,2,0.3,GBM_5_AutoML_9_20260420_30127,month_sin,0.38002386055886744
2,2,0.3,GBM_5_AutoML_9_20260420_30127,month_cos,0.13389918715925883
2,2,0.3,GBM_5_AutoML_9_20260420_30127,year,0.2087509092921391
2,2,0.3,XGBoost_grid_1_AutoML_9_20260420_30127_model_1,target_lag1,2.022098766565323
2,2,0.3,XGBoost_grid_1_AutoML_9_20260420_30127_model_1,target_lag2,0.32589720414951445
2,2,0.3,XGBoost_grid_1_AutoML_9_20260420_30127_model_1,target_lag3,0.1353234151698416
2,2,0.3,XGBoost_grid_1_AutoML_9_20260420_30127_model_1,target_lag4,0.2845491236820817
2,2,0.3,XGBoost_grid_1_AutoML_9_20260420_30127_model_1,target_lag5,0.13997487046755847
2,2,0.3,XGBoost_grid_1_AutoML_9_20260420_30127_model_1,target_lag6,0.1371749845752492
2,2,0.3,XGBoost_grid_1_AutoML_9_20260420_30127_model_1,cov_HULL_lag1,0.11400208475533867
2,2,0.3,XGBoost_grid_1_AutoML_9_20260420_30127_model_1,cov_MUFL_lag1,2.409513748139143
2,2,0.3,XGBoost_grid_1_AutoML_9_20260420_30127_model_1,cov_MULL_lag1,0.10862133305519815
2,2,0.3,XGBoost_grid_1_AutoML_9_20260420_30127_model_1,cov_LUFL_lag1,0.31605992659926413
2,2,0.3,XGBoost_grid_1_AutoML_9_20260420_30127_model_1,cov_LULL_lag1,0.03063812811626118
2,2,0.3,XGBoost_grid_1_AutoML_9_20260420_30127_model_1,cov_OT_lag1,0.13947710724547502
2,2,0.3,XGBoost_grid_1_AutoML_9_20260420_30127_model_1,hour_lag1,1.6823844268918038
2,2,0.3,XGBoost_grid_1_AutoML_9_20260420_30127_model_1,day_of_week_lag1,0.0
2,2,0.3,XGBoost_grid_1_AutoML_9_20260420_30127_model_1,month_lag1,0.5060038757324219
2,2,0.3,XGBoost_grid_1_AutoML_9_20260420_30127_model_1,month_sin,0.13193499448709187
2,2,0.3,XGBoost_grid_1_AutoML_9_20260420_30127_model_1,month_cos,0.13432203082367775
2,2,0.3,XGBoost_grid_1_AutoML_9_20260420_30127_model_1,year,0.11121383132413025
2,2,0.3,XGBoost_3_AutoML_9_20260420_30127,target_lag1,2.6265794629603625
2,2,0.3,XGBoost_3_AutoML_9_20260420_30127,target_lag2,0.6282788217929192
2,2,0.3,XGBoost_3_AutoML_9_20260420_30127,target_lag3,0.1491870978148654
2,2,0.3,XGBoost_3_AutoML_9_20260420_30127,target_lag4,0.1602562168892473
2,2,0.3,XGBoost_3_AutoML_9_20260420_30127,target_lag5,0.15439381193369622
2,2,0.3,XGBoost_3_AutoML_9_20260420_30127,target_lag6,0.23471423932991456
2,2,0.3,XGBoost_3_AutoML_9_20260420_30127,cov_HULL_lag1,0.08323461661115285
2,2,0.3,XGBoost_3_AutoML_9_20260420_30127,cov_MUFL_lag1,1.4830504013597965
2,2,0.3,XGBoost_3_AutoML_9_20260420_30127,cov_MULL_lag1,0.20927162622101605
2,2,0.3,XGBoost_3_AutoML_9_20260420_30127,cov_LUFL_lag1,0.39352442070841787
2,2,0.3,XGBoost_3_AutoML_9_20260420_30127,cov_LULL_lag1,0.09095226332545277
2,2,0.3,XGBoost_3_AutoML_9_20260420_30127,cov_OT_lag1,0.32566734129097313
2,2,0.3,XGBoost_3_AutoML_9_20260420_30127,hour_lag1,1.695479012429714
2,2,0.3,XGBoost_3_AutoML_9_20260420_30127,day_of_week_lag1,0.0780603325180709
2,2,0.3,XGBoost_3_AutoML_9_20260420_30127,month_lag1,0.3457954240590334
2,2,0.3,XGBoost_3_AutoML_9_20260420_30127,month_sin,0.1929346438497305
2,2,0.3,XGBoost_3_AutoML_9_20260420_30127,month_cos,0.1864028663188219
2,2,0.3,XGBoost_3_AutoML_9_20260420_30127,year,0.10693949744105335
2,2,0.3,XGBoost_grid_1_AutoML_9_20260420_30127_model_3,target_lag1,1.7721694914251567
2,2,0.3,XGBoost_grid_1_AutoML_9_20260420_30127_model_3,target_lag2,0.5626571705937385
2,2,0.3,XGBoost_grid_1_AutoML_9_20260420_30127_model_3,target_lag3,0.26008704796433446
2,2,0.3,XGBoost_grid_1_AutoML_9_20260420_30127_model_3,target_lag4,0.2031634746864438
2,2,0.3,XGBoost_grid_1_AutoML_9_20260420_30127_model_3,target_lag5,0.2673076935112476
2,2,0.3,XGBoost_grid_1_AutoML_9_20260420_30127_model_3,target_lag6,0.2181657382939011
2,2,0.3,XGBoost_grid_1_AutoML_9_20260420_30127_model_3,cov_HULL_lag1,0.014060947190737295
2,2,0.3,XGBoost_grid_1_AutoML_9_20260420_30127_model_3,cov_MUFL_lag1,2.586376062631607
2,2,0.3,XGBoost_grid_1_AutoML_9_20260420_30127_model_3,cov_MULL_lag1,0.15867386035621162
2,2,0.3,XGBoost_grid_1_AutoML_9_20260420_30127_model_3,cov_LUFL_lag1,0.278994268104434
2,2,0.3,XGBoost_grid_1_AutoML_9_20260420_30127_model_3,cov_LULL_lag1,0.028931324158329462
2,2,0.3,XGBoost_grid_1_AutoML_9_20260420_30127_model_3,cov_OT_lag1,0.18182997414725832
2,2,0.3,XGBoost_grid_1_AutoML_9_20260420_30127_model_3,hour_lag1,1.5679163168370724
2,2,0.3,XGBoost_grid_1_AutoML_9_20260420_30127_model_3,day_of_week_lag1,0.025447253915481215
2,2,0.3,XGBoost_grid_1_AutoML_9_20260420_30127_model_3,month_lag1,0.3581068705022335
2,2,0.3,XGBoost_grid_1_AutoML_9_20260420_30127_model_3,month_sin,0.352552542090416
2,2,0.3,XGBoost_grid_1_AutoML_9_20260420_30127_model_3,month_cos,0.16271476164460177
2,2,0.3,XGBoost_grid_1_AutoML_9_20260420_30127_model_3,year,0.14909746522083875
2,2,0.3,DRF_1_AutoML_9_20260420_30127,target_lag1,1.9020192334800958
2,2,0.3,DRF_1_AutoML_9_20260420_30127,target_lag2,0.6817400249838829
2,2,0.3,DRF_1_AutoML_9_20260420_30127,target_lag3,0.2356053904723376
2,2,0.3,DRF_1_AutoML_9_20260420_30127,target_lag4,0.18156622098293151
2,2,0.3,DRF_1_AutoML_9_20260420_30127,target_lag5,0.16933237287739758
2,2,0.3,DRF_1_AutoML_9_20260420_30127,target_lag6,0.20554143268615008
2,2,0.3,DRF_1_AutoML_9_20260420_30127,cov_HULL_lag1,0.12167167304083701
2,2,0.3,DRF_1_AutoML_9_20260420_30127,cov_MUFL_lag1,2.411473714709282
2,2,0.3,DRF_1_AutoML_9_20260420_30127,cov_MULL_lag1,0.11311584502458569
2,2,0.3,DRF_1_AutoML_9_20260420_30127,cov_LUFL_lag1,0.3217197436094284
2,2,0.3,DRF_1_AutoML_9_20260420_30127,cov_LULL_lag1,0.04390699843410399
2,2,0.3,DRF_1_AutoML_9_20260420_30127,cov_OT_lag1,0.13058609424158926
2,2,0.3,DRF_1_AutoML_9_20260420_30127,hour_lag1,1.2600939173996448
2,2,0.3,DRF_1_AutoML_9_20260420_30127,day_of_week_lag1,0.019639152893796523
2,2,0.3,DRF_1_AutoML_9_20260420_30127,month_lag1,0.15806934407446532
2,2,0.3,DRF_1_AutoML_9_20260420_30127,month_sin,0.20353072872851044
2,2,0.3,DRF_1_AutoML_9_20260420_30127,month_cos,0.08522848450869784
2,2,0.3,DRF_1_AutoML_9_20260420_30127,year,0.18782996194669974
2,2,0.3,GBM_grid_1_AutoML_9_20260420_30127_model_3,target_lag1,1.5034537351131438
2,2,0.3,GBM_grid_1_AutoML_9_20260420_30127_model_3,target_lag2,0.5756168670649641
2,2,0.3,GBM_grid_1_AutoML_9_20260420_30127_model_3,target_lag3,0.10870882458344563
2,2,0.3,GBM_grid_1_AutoML_9_20260420_30127_model_3,target_lag4,0.23740435641258956
2,2,0.3,GBM_grid_1_AutoML_9_20260420_30127_model_3,target_lag5,0.16330344185233112
2,2,0.3,GBM_grid_1_AutoML_9_20260420_30127_model_3,target_lag6,0.33177310923114417
2,2,0.3,GBM_grid_1_AutoML_9_20260420_30127_model_3,cov_HULL_lag1,0.13759878317912805
2,2,0.3,GBM_grid_1_AutoML_9_20260420_30127_model_3,cov_MUFL_lag1,2.177171504967846
2,2,0.3,GBM_grid_1_AutoML_9_20260420_30127_model_3,cov_MULL_lag1,0.20101420712657272
2,2,0.3,GBM_grid_1_AutoML_9_20260420_30127_model_3,cov_LUFL_lag1,0.3539667113870382
2,2,0.3,GBM_grid_1_AutoML_9_20260420_30127_model_3,cov_LULL_lag1,0.04992078164359551
2,2,0.3,GBM_grid_1_AutoML_9_20260420_30127_model_3,cov_OT_lag1,0.1766533191874623
2,2,0.3,GBM_grid_1_AutoML_9_20260420_30127_model_3,hour_lag1,1.308920400440693
2,2,0.3,GBM_grid_1_AutoML_9_20260420_30127_model_3,day_of_week_lag1,0.060901755269151134
2,2,0.3,GBM_grid_1_AutoML_9_20260420_30127_model_3,month_lag1,0.26483454103581605
2,2,0.3,GBM_grid_1_AutoML_9_20260420_30127_model_3,month_sin,0.17642988416133448
2,2,0.3,GBM_grid_1_AutoML_9_20260420_30127_model_3,month_cos,0.12445527387084436
2,2,0.3,GBM_grid_1_AutoML_9_20260420_30127_model_3,year,0.16980488701956348
2,2,0.3,XRT_1_AutoML_9_20260420_30127,target_lag1,104729.50644205659
2,2,0.3,XRT_1_AutoML_9_20260420_30127,target_lag2,2447524.7640793137
2,2,0.3,XRT_1_AutoML_9_20260420_30127,target_lag3,4850.843681821227
2,2,0.3,XRT_1_AutoML_9_20260420_30127,target_lag4,201161.06336372794
2,2,0.3,XRT_1_AutoML_9_20260420_30127,target_lag5,17295.35451877254
2,2,0.3,XRT_1_AutoML_9_20260420_30127,target_lag6,24212.48001300484
2,2,0.3,XRT_1_AutoML_9_20260420_30127,cov_HULL_lag1,290099.5174674559
2,2,0.3,XRT_1_AutoML_9_20260420_30127,cov_MUFL_lag1,1829099.8072631496
2,2,0.3,XRT_1_AutoML_9_20260420_30127,cov_MULL_lag1,165877.48538929553
2,2,0.3,XRT_1_AutoML_9_20260420_30127,cov_LUFL_lag1,14358175.45143371
2,2,0.3,XRT_1_AutoML_9_20260420_30127,cov_LULL_lag1,16022174995.291267
2,2,0.3,XRT_1_AutoML_9_20260420_30127,cov_OT_lag1,5225.029943872094
2,2,0.3,XRT_1_AutoML_9_20260420_30127,hour_lag1,32000675946.823223
2,2,0.3,XRT_1_AutoML_9_20260420_30127,day_of_week_lag1,1805299.8559830657
2,2,0.3,XRT_1_AutoML_9_20260420_30127,month_lag1,191851.8995940852
2,2,0.3,XRT_1_AutoML_9_20260420_30127,month_sin,464954.3166266557
2,2,0.3,XRT_1_AutoML_9_20260420_30127,month_cos,3374.940863645822
2,2,0.3,XRT_1_AutoML_9_20260420_30127,year,2676298.7861021846
2,2,0.3,XGBoost_grid_1_AutoML_9_20260420_30127_model_4,target_lag1,1.8763866314291955
2,2,0.3,XGBoost_grid_1_AutoML_9_20260420_30127_model_4,target_lag2,0.805051903501153
2,2,0.3,XGBoost_grid_1_AutoML_9_20260420_30127_model_4,target_lag3,0.1258813674468547
2,2,0.3,XGBoost_grid_1_AutoML_9_20260420_30127_model_4,target_lag4,0.11288008505478497
2,2,0.3,XGBoost_grid_1_AutoML_9_20260420_30127_model_4,target_lag5,0.10205304525792595
2,2,0.3,XGBoost_grid_1_AutoML_9_20260420_30127_model_4,target_lag6,0.11978101108223196
2,2,0.3,XGBoost_grid_1_AutoML_9_20260420_30127_model_4,cov_HULL_lag1,0.14615398260764775
2,2,0.3,XGBoost_grid_1_AutoML_9_20260420_30127_model_4,cov_MUFL_lag1,1.8788144089654089
2,2,0.3,XGBoost_grid_1_AutoML_9_20260420_30127_model_4,cov_MULL_lag1,0.12005532964831214
2,2,0.3,XGBoost_grid_1_AutoML_9_20260420_30127_model_4,cov_LUFL_lag1,0.4326751921325922
2,2,0.3,XGBoost_grid_1_AutoML_9_20260420_30127_model_4,cov_LULL_lag1,0.06476191526744511
2,2,0.3,XGBoost_grid_1_AutoML_9_20260420_30127_model_4,cov_OT_lag1,0.2602338540367782
2,2,0.3,XGBoost_grid_1_AutoML_9_20260420_30127_model_4,hour_lag1,1.9354980777204036
2,2,0.3,XGBoost_grid_1_AutoML_9_20260420_30127_model_4,day_of_week_lag1,0.05622817748226222
2,2,0.3,XGBoost_grid_1_AutoML_9_20260420_30127_model_4,month_lag1,0.33464925341308116
2,2,0.3,XGBoost_grid_1_AutoML_9_20260420_30127_model_4,month_sin,0.23305691592395303
2,2,0.3,XGBoost_grid_1_AutoML_9_20260420_30127_model_4,month_cos,0.1303823425294831
2,2,0.3,XGBoost_grid_1_AutoML_9_20260420_30127_model_4,year,0.2647952225478366
2,2,0.3,XGBoost_grid_1_AutoML_9_20260420_30127_model_2,target_lag1,1.8029990506917237
2,2,0.3,XGBoost_grid_1_AutoML_9_20260420_30127_model_2,target_lag2,0.5899232530221343
2,2,0.3,XGBoost_grid_1_AutoML_9_20260420_30127_model_2,target_lag3,0.14628815092146394
2,2,0.3,XGBoost_grid_1_AutoML_9_20260420_30127_model_2,target_lag4,0.10698349913582202
2,2,0.3,XGBoost_grid_1_AutoML_9_20260420_30127_model_2,target_lag5,0.12915237104520197
2,2,0.3,XGBoost_grid_1_AutoML_9_20260420_30127_model_2,target_lag6,0.2616612175904447
2,2,0.3,XGBoost_grid_1_AutoML_9_20260420_30127_model_2,cov_HULL_lag1,0.12310385303571816
2,2,0.3,XGBoost_grid_1_AutoML_9_20260420_30127_model_2,cov_MUFL_lag1,2.2220136335492136
2,2,0.3,XGBoost_grid_1_AutoML_9_20260420_30127_model_2,cov_MULL_lag1,0.2091326501360163
2,2,0.3,XGBoost_grid_1_AutoML_9_20260420_30127_model_2,cov_LUFL_lag1,0.41599995452241273
2,2,0.3,XGBoost_grid_1_AutoML_9_20260420_30127_model_2,cov_LULL_lag1,0.08292547060642388
2,2,0.3,XGBoost_grid_1_AutoML_9_20260420_30127_model_2,cov_OT_lag1,0.22575935087457766
2,2,0.3,XGBoost_grid_1_AutoML_9_20260420_30127_model_2,hour_lag1,1.7537117877230048
2,2,0.3,XGBoost_grid_1_AutoML_9_20260420_30127_model_2,day_of_week_lag1,0.04942244424833912
2,2,0.3,XGBoost_grid_1_AutoML_9_20260420_30127_model_2,month_lag1,0.27469268392771484
2,2,0.3,XGBoost_grid_1_AutoML_9_20260420_30127_model_2,month_sin,0.1903522245772183
2,2,0.3,XGBoost_grid_1_AutoML_9_20260420_30127_model_2,month_cos,0.07447973619375257
2,2,0.3,XGBoost_grid_1_AutoML_9_20260420_30127_model_2,year,0.29454611115157603
2,2,0.3,XGBoost_grid_1_AutoML_9_20260420_30127_model_5,target_lag1,2.7609115842380563
2,2,0.3,XGBoost_grid_1_AutoML_9_20260420_30127_model_5,target_lag2,0.15218674335163082
2,2,0.3,XGBoost_grid_1_AutoML_9_20260420_30127_model_5,target_lag3,0.08719006631989029
2,2,0.3,XGBoost_grid_1_AutoML_9_20260420_30127_model_5,target_lag4,0.3804600225389004
2,2,0.3,XGBoost_grid_1_AutoML_9_20260420_30127_model_5,target_lag5,0.10356647416949266
2,2,0.3,XGBoost_grid_1_AutoML_9_20260420_30127_model_5,target_lag6,0.30398376904428004
2,2,0.3,XGBoost_grid_1_AutoML_9_20260420_30127_model_5,cov_HULL_lag1,0.14096652217209335
2,2,0.3,XGBoost_grid_1_AutoML_9_20260420_30127_model_5,cov_MUFL_lag1,1.9031815426331014
2,2,0.3,XGBoost_grid_1_AutoML_9_20260420_30127_model_5,cov_MULL_lag1,0.1359866031259298
2,2,0.3,XGBoost_grid_1_AutoML_9_20260420_30127_model_5,cov_LUFL_lag1,0.3074367043771781
2,2,0.3,XGBoost_grid_1_AutoML_9_20260420_30127_model_5,cov_LULL_lag1,0.042496631806716284
2,2,0.3,XGBoost_grid_1_AutoML_9_20260420_30127_model_5,cov_OT_lag1,0.19315322510898114
2,2,0.3,XGBoost_grid_1_AutoML_9_20260420_30127_model_5,hour_lag1,1.418424200322479
2,2,0.3,XGBoost_grid_1_AutoML_9_20260420_30127_model_5,day_of_week_lag1,0.02143413077574219
2,2,0.3,XGBoost_grid_1_AutoML_9_20260420_30127_model_5,month_lag1,0.486755538135767
2,2,0.3,XGBoost_grid_1_AutoML_9_20260420_30127_model_5,month_sin,0.21745426323264838
2,2,0.3,XGBoost_grid_1_AutoML_9_20260420_30127_model_5,month_cos,0.1266926308535039
2,2,0.3,XGBoost_grid_1_AutoML_9_20260420_30127_model_5,year,0.22230494260787964
2,2,0.3,XGBoost_2_AutoML_9_20260420_30127,target_lag1,1.7603947132080793
2,2,0.3,XGBoost_2_AutoML_9_20260420_30127,target_lag2,0.5908207564800978
2,2,0.3,XGBoost_2_AutoML_9_20260420_30127,target_lag3,0.1959831506386399
2,2,0.3,XGBoost_2_AutoML_9_20260420_30127,target_lag4,0.2349151277076453
2,2,0.3,XGBoost_2_AutoML_9_20260420_30127,target_lag5,0.14722749174572525
2,2,0.3,XGBoost_2_AutoML_9_20260420_30127,target_lag6,0.3493175525031984
2,2,0.3,XGBoost_2_AutoML_9_20260420_30127,cov_HULL_lag1,0.16403449393692424
2,2,0.3,XGBoost_2_AutoML_9_20260420_30127,cov_MUFL_lag1,2.6697260096669195
2,2,0.3,XGBoost_2_AutoML_9_20260420_30127,cov_MULL_lag1,0.15927104847505685
2,2,0.3,XGBoost_2_AutoML_9_20260420_30127,cov_LUFL_lag1,0.2871358522679657
2,2,0.3,XGBoost_2_AutoML_9_20260420_30127,cov_LULL_lag1,0.10576079450562244
2,2,0.3,XGBoost_2_AutoML_9_20260420_30127,cov_OT_lag1,0.33132209107745436
2,2,0.3,XGBoost_2_AutoML_9_20260420_30127,hour_lag1,1.6611820719763637
2,2,0.3,XGBoost_2_AutoML_9_20260420_30127,day_of_week_lag1,0.04994429341517384
2,2,0.3,XGBoost_2_AutoML_9_20260420_30127,month_lag1,0.295660179015249
2,2,0.3,XGBoost_2_AutoML_9_20260420_30127,month_sin,0.27108664621133355
2,2,0.3,XGBoost_2_AutoML_9_20260420_30127,month_cos,0.07787542918696996
2,2,0.3,XGBoost_2_AutoML_9_20260420_30127,year,0.33973662815988065
2,2,0.3,GBM_grid_1_AutoML_9_20260420_30127_model_2,target_lag1,1.4777474461123348
2,2,0.3,GBM_grid_1_AutoML_9_20260420_30127_model_2,target_lag2,0.37884508397895844
2,2,0.3,GBM_grid_1_AutoML_9_20260420_30127_model_2,target_lag3,0.14311360811349
2,2,0.3,GBM_grid_1_AutoML_9_20260420_30127_model_2,target_lag4,0.18898243348812685
2,2,0.3,GBM_grid_1_AutoML_9_20260420_30127_model_2,target_lag5,0.06295925243422967
2,2,0.3,GBM_grid_1_AutoML_9_20260420_30127_model_2,target_lag6,0.806451704390347
2,2,0.3,GBM_grid_1_AutoML_9_20260420_30127_model_2,cov_HULL_lag1,0.1494126407196745
2,2,0.3,GBM_grid_1_AutoML_9_20260420_30127_model_2,cov_MUFL_lag1,1.9778755755210295
2,2,0.3,GBM_grid_1_AutoML_9_20260420_30127_model_2,cov_MULL_lag1,0.13714496366679665
2,2,0.3,GBM_grid_1_AutoML_9_20260420_30127_model_2,cov_LUFL_lag1,0.2783023697743192
2,2,0.3,GBM_grid_1_AutoML_9_20260420_30127_model_2,cov_LULL_lag1,0.1268090829858556
2,2,0.3,GBM_grid_1_AutoML_9_20260420_30127_model_2,cov_OT_lag1,0.15613955141976474
2,2,0.3,GBM_grid_1_AutoML_9_20260420_30127_model_2,hour_lag1,1.0259437517821788
2,2,0.3,GBM_grid_1_AutoML_9_20260420_30127_model_2,day_of_week_lag1,0.04894227124983439
2,2,0.3,GBM_grid_1_AutoML_9_20260420_30127_model_2,month_lag1,0.24740098998881876
2,2,0.3,GBM_grid_1_AutoML_9_20260420_30127_model_2,month_sin,0.21235610514413567
2,2,0.3,GBM_grid_1_AutoML_9_20260420_30127_model_2,month_cos,0.10958440121263262
2,2,0.3,GBM_grid_1_AutoML_9_20260420_30127_model_2,year,0.20017558561637996
2,2,0.3,XGBoost_1_AutoML_9_20260420_30127,target_lag1,2.1564542223513126
2,2,0.3,XGBoost_1_AutoML_9_20260420_30127,target_lag2,0.3277387821674347
2,2,0.3,XGBoost_1_AutoML_9_20260420_30127,target_lag3,0.18695822787471117
2,2,0.3,XGBoost_1_AutoML_9_20260420_30127,target_lag4,0.16918211594456806
2,2,0.3,XGBoost_1_AutoML_9_20260420_30127,target_lag5,0.1698646613070741
2,2,0.3,XGBoost_1_AutoML_9_20260420_30127,target_lag6,0.22533104421105235
2,2,0.3,XGBoost_1_AutoML_9_20260420_30127,cov_HULL_lag1,0.18565201946534216
2,2,0.3,XGBoost_1_AutoML_9_20260420_30127,cov_MUFL_lag1,2.4855631679296493
2,2,0.3,XGBoost_1_AutoML_9_20260420_30127,cov_MULL_lag1,0.1557244931044988
2,2,0.3,XGBoost_1_AutoML_9_20260420_30127,cov_LUFL_lag1,0.370920807980001
2,2,0.3,XGBoost_1_AutoML_9_20260420_30127,cov_LULL_lag1,0.09267203074414279
2,2,0.3,XGBoost_1_AutoML_9_20260420_30127,cov_OT_lag1,0.3945549347810447
2,2,0.3,XGBoost_1_AutoML_9_20260420_30127,hour_lag1,1.736058327080682
2,2,0.3,XGBoost_1_AutoML_9_20260420_30127,day_of_week_lag1,0.07572727149818088
2,2,0.3,XGBoost_1_AutoML_9_20260420_30127,month_lag1,0.16671878043562172
2,2,0.3,XGBoost_1_AutoML_9_20260420_30127,month_sin,0.3034504302032292
2,2,0.3,XGBoost_1_AutoML_9_20260420_30127,month_cos,0.12544342676177617
2,2,0.3,XGBoost_1_AutoML_9_20260420_30127,year,0.20621953511610627
2,2,0.3,XGBoost_grid_1_AutoML_9_20260420_30127_model_6,target_lag1,1.923422087682411
2,2,0.3,XGBoost_grid_1_AutoML_9_20260420_30127_model_6,target_lag2,0.2158758707344532
2,2,0.3,XGBoost_grid_1_AutoML_9_20260420_30127_model_6,target_lag3,0.2242203940358013
2,2,0.3,XGBoost_grid_1_AutoML_9_20260420_30127_model_6,target_lag4,0.18134625361301004
2,2,0.3,XGBoost_grid_1_AutoML_9_20260420_30127_model_6,target_lag5,0.17506727125495672
2,2,0.3,XGBoost_grid_1_AutoML_9_20260420_30127_model_6,target_lag6,0.41584344509989024
2,2,0.3,XGBoost_grid_1_AutoML_9_20260420_30127_model_6,cov_HULL_lag1,0.08648133102571588
2,2,0.3,XGBoost_grid_1_AutoML_9_20260420_30127_model_6,cov_MUFL_lag1,2.373758609034121
2,2,0.3,XGBoost_grid_1_AutoML_9_20260420_30127_model_6,cov_MULL_lag1,0.16119801837950942
2,2,0.3,XGBoost_grid_1_AutoML_9_20260420_30127_model_6,cov_LUFL_lag1,0.38671150656417014
2,2,0.3,XGBoost_grid_1_AutoML_9_20260420_30127_model_6,cov_LULL_lag1,0.10879721518373113
2,2,0.3,XGBoost_grid_1_AutoML_9_20260420_30127_model_6,cov_OT_lag1,0.26247942028567195
2,2,0.3,XGBoost_grid_1_AutoML_9_20260420_30127_model_6,hour_lag1,1.4746053913235664
2,2,0.3,XGBoost_grid_1_AutoML_9_20260420_30127_model_6,day_of_week_lag1,0.04929999196901914
2,2,0.3,XGBoost_grid_1_AutoML_9_20260420_30127_model_6,month_lag1,0.36462167103294635
2,2,0.3,XGBoost_grid_1_AutoML_9_20260420_30127_model_6,month_sin,0.1166924029961228
2,2,0.3,XGBoost_grid_1_AutoML_9_20260420_30127_model_6,month_cos,0.16175260241609063
2,2,0.3,XGBoost_grid_1_AutoML_9_20260420_30127_model_6,year,0.15240755388513205
