split_id,seed,eps,model,feature,global_importance
0,0,0.02,XRT_1_AutoML_16_20260420_195454,target_lag1,471.52413532435895
0,0,0.02,XRT_1_AutoML_16_20260420_195454,target_lag2,649.4170987701416
0,0,0.02,XRT_1_AutoML_16_20260420_195454,target_lag3,405.22551111221316
0,0,0.02,XRT_1_AutoML_16_20260420_195454,target_lag4,213.28278354644775
0,0,0.02,XRT_1_AutoML_16_20260420_195454,target_lag5,185.4215846967697
0,0,0.02,XRT_1_AutoML_16_20260420_195454,target_lag6,162.98772404193878
0,0,0.02,XRT_1_AutoML_16_20260420_195454,month_lag1,21.083218041788786
0,0,0.02,XRT_1_AutoML_16_20260420_195454,trend_lag1,55.612695121765135
0,0,0.02,XRT_1_AutoML_16_20260420_195454,month_sin,12.91552688986063
0,0,0.02,XRT_1_AutoML_16_20260420_195454,month_cos,36.17797899723053
0,0,0.02,XRT_1_AutoML_16_20260420_195454,year,89.69696342468262
0,0,0.05,XRT_1_AutoML_16_20260420_195454,target_lag1,471.52413532435895
0,0,0.05,XRT_1_AutoML_16_20260420_195454,target_lag2,649.4170987701416
0,0,0.05,XRT_1_AutoML_16_20260420_195454,target_lag3,405.22551111221316
0,0,0.05,XRT_1_AutoML_16_20260420_195454,target_lag4,213.28278354644775
0,0,0.05,XRT_1_AutoML_16_20260420_195454,target_lag5,185.4215846967697
0,0,0.05,XRT_1_AutoML_16_20260420_195454,target_lag6,162.98772404193878
0,0,0.05,XRT_1_AutoML_16_20260420_195454,month_lag1,21.083218041788786
0,0,0.05,XRT_1_AutoML_16_20260420_195454,trend_lag1,55.612695121765135
0,0,0.05,XRT_1_AutoML_16_20260420_195454,month_sin,12.91552688986063
0,0,0.05,XRT_1_AutoML_16_20260420_195454,month_cos,36.17797899723053
0,0,0.05,XRT_1_AutoML_16_20260420_195454,year,89.69696342468262
0,0,0.05,DRF_1_AutoML_16_20260420_195454,target_lag1,495.6095839333534
0,0,0.05,DRF_1_AutoML_16_20260420_195454,target_lag2,399.7200969749689
0,0,0.05,DRF_1_AutoML_16_20260420_195454,target_lag3,375.1365377044678
0,0,0.05,DRF_1_AutoML_16_20260420_195454,target_lag4,392.04291566371916
0,0,0.05,DRF_1_AutoML_16_20260420_195454,target_lag5,228.1897501564026
0,0,0.05,DRF_1_AutoML_16_20260420_195454,target_lag6,170.90992948532104
0,0,0.05,DRF_1_AutoML_16_20260420_195454,month_lag1,22.14800536632538
0,0,0.05,DRF_1_AutoML_16_20260420_195454,trend_lag1,57.29079625487328
0,0,0.05,DRF_1_AutoML_16_20260420_195454,month_sin,27.233471307754517
0,0,0.05,DRF_1_AutoML_16_20260420_195454,month_cos,41.988128858208654
0,0,0.05,DRF_1_AutoML_16_20260420_195454,year,20.048530831336976
0,0,0.1,XRT_1_AutoML_16_20260420_195454,target_lag1,471.52413532435895
0,0,0.1,XRT_1_AutoML_16_20260420_195454,target_lag2,649.4170987701416
0,0,0.1,XRT_1_AutoML_16_20260420_195454,target_lag3,405.22551111221316
0,0,0.1,XRT_1_AutoML_16_20260420_195454,target_lag4,213.28278354644775
0,0,0.1,XRT_1_AutoML_16_20260420_195454,target_lag5,185.4215846967697
0,0,0.1,XRT_1_AutoML_16_20260420_195454,target_lag6,162.98772404193878
0,0,0.1,XRT_1_AutoML_16_20260420_195454,month_lag1,21.083218041788786
0,0,0.1,XRT_1_AutoML_16_20260420_195454,trend_lag1,55.612695121765135
0,0,0.1,XRT_1_AutoML_16_20260420_195454,month_sin,12.91552688986063
0,0,0.1,XRT_1_AutoML_16_20260420_195454,month_cos,36.17797899723053
0,0,0.1,XRT_1_AutoML_16_20260420_195454,year,89.69696342468262
0,0,0.1,DRF_1_AutoML_16_20260420_195454,target_lag1,495.6095839333534
0,0,0.1,DRF_1_AutoML_16_20260420_195454,target_lag2,399.7200969749689
0,0,0.1,DRF_1_AutoML_16_20260420_195454,target_lag3,375.1365377044678
0,0,0.1,DRF_1_AutoML_16_20260420_195454,target_lag4,392.04291566371916
0,0,0.1,DRF_1_AutoML_16_20260420_195454,target_lag5,228.1897501564026
0,0,0.1,DRF_1_AutoML_16_20260420_195454,target_lag6,170.90992948532104
0,0,0.1,DRF_1_AutoML_16_20260420_195454,month_lag1,22.14800536632538
0,0,0.1,DRF_1_AutoML_16_20260420_195454,trend_lag1,57.29079625487328
0,0,0.1,DRF_1_AutoML_16_20260420_195454,month_sin,27.233471307754517
0,0,0.1,DRF_1_AutoML_16_20260420_195454,month_cos,41.988128858208654
0,0,0.1,DRF_1_AutoML_16_20260420_195454,year,20.048530831336976
0,0,0.1,GBM_5_AutoML_16_20260420_195454,target_lag1,1000.8871556472778
0,0,0.1,GBM_5_AutoML_16_20260420_195454,target_lag2,651.961280632019
0,0,0.1,GBM_5_AutoML_16_20260420_195454,target_lag3,377.5914617347717
0,0,0.1,GBM_5_AutoML_16_20260420_195454,target_lag4,188.76060106277467
0,0,0.1,GBM_5_AutoML_16_20260420_195454,target_lag5,67.86401523709297
0,0,0.1,GBM_5_AutoML_16_20260420_195454,target_lag6,91.91735998749733
0,0,0.1,GBM_5_AutoML_16_20260420_195454,month_lag1,21.956203303337098
0,0,0.1,GBM_5_AutoML_16_20260420_195454,trend_lag1,29.000745306015016
0,0,0.1,GBM_5_AutoML_16_20260420_195454,month_sin,10.241189974844456
0,0,0.1,GBM_5_AutoML_16_20260420_195454,month_cos,43.72163679122925
0,0,0.1,GBM_5_AutoML_16_20260420_195454,year,7.8260477072000505
0,0,0.2,XRT_1_AutoML_16_20260420_195454,target_lag1,471.52413532435895
0,0,0.2,XRT_1_AutoML_16_20260420_195454,target_lag2,649.4170987701416
0,0,0.2,XRT_1_AutoML_16_20260420_195454,target_lag3,405.22551111221316
0,0,0.2,XRT_1_AutoML_16_20260420_195454,target_lag4,213.28278354644775
0,0,0.2,XRT_1_AutoML_16_20260420_195454,target_lag5,185.4215846967697
0,0,0.2,XRT_1_AutoML_16_20260420_195454,target_lag6,162.98772404193878
0,0,0.2,XRT_1_AutoML_16_20260420_195454,month_lag1,21.083218041788786
0,0,0.2,XRT_1_AutoML_16_20260420_195454,trend_lag1,55.612695121765135
0,0,0.2,XRT_1_AutoML_16_20260420_195454,month_sin,12.91552688986063
0,0,0.2,XRT_1_AutoML_16_20260420_195454,month_cos,36.17797899723053
0,0,0.2,XRT_1_AutoML_16_20260420_195454,year,89.69696342468262
0,0,0.2,DRF_1_AutoML_16_20260420_195454,target_lag1,495.6095839333534
0,0,0.2,DRF_1_AutoML_16_20260420_195454,target_lag2,399.7200969749689
0,0,0.2,DRF_1_AutoML_16_20260420_195454,target_lag3,375.1365377044678
0,0,0.2,DRF_1_AutoML_16_20260420_195454,target_lag4,392.04291566371916
0,0,0.2,DRF_1_AutoML_16_20260420_195454,target_lag5,228.1897501564026
0,0,0.2,DRF_1_AutoML_16_20260420_195454,target_lag6,170.90992948532104
0,0,0.2,DRF_1_AutoML_16_20260420_195454,month_lag1,22.14800536632538
0,0,0.2,DRF_1_AutoML_16_20260420_195454,trend_lag1,57.29079625487328
0,0,0.2,DRF_1_AutoML_16_20260420_195454,month_sin,27.233471307754517
0,0,0.2,DRF_1_AutoML_16_20260420_195454,month_cos,41.988128858208654
0,0,0.2,DRF_1_AutoML_16_20260420_195454,year,20.048530831336976
0,0,0.2,GBM_5_AutoML_16_20260420_195454,target_lag1,1000.8871556472778
0,0,0.2,GBM_5_AutoML_16_20260420_195454,target_lag2,651.961280632019
0,0,0.2,GBM_5_AutoML_16_20260420_195454,target_lag3,377.5914617347717
0,0,0.2,GBM_5_AutoML_16_20260420_195454,target_lag4,188.76060106277467
0,0,0.2,GBM_5_AutoML_16_20260420_195454,target_lag5,67.86401523709297
0,0,0.2,GBM_5_AutoML_16_20260420_195454,target_lag6,91.91735998749733
0,0,0.2,GBM_5_AutoML_16_20260420_195454,month_lag1,21.956203303337098
0,0,0.2,GBM_5_AutoML_16_20260420_195454,trend_lag1,29.000745306015016
0,0,0.2,GBM_5_AutoML_16_20260420_195454,month_sin,10.241189974844456
0,0,0.2,GBM_5_AutoML_16_20260420_195454,month_cos,43.72163679122925
0,0,0.2,GBM_5_AutoML_16_20260420_195454,year,7.8260477072000505
0,0,0.2,GBM_grid_1_AutoML_16_20260420_195454_model_3,target_lag1,651.5073591613769
0,0,0.2,GBM_grid_1_AutoML_16_20260420_195454_model_3,target_lag2,802.2243795776367
0,0,0.2,GBM_grid_1_AutoML_16_20260420_195454_model_3,target_lag3,429.6690269398689
0,0,0.2,GBM_grid_1_AutoML_16_20260420_195454_model_3,target_lag4,211.29333768367766
0,0,0.2,GBM_grid_1_AutoML_16_20260420_195454_model_3,target_lag5,110.87394467830659
0,0,0.2,GBM_grid_1_AutoML_16_20260420_195454_model_3,target_lag6,196.08120422363282
0,0,0.2,GBM_grid_1_AutoML_16_20260420_195454_model_3,month_lag1,26.627904603481294
0,0,0.2,GBM_grid_1_AutoML_16_20260420_195454_model_3,trend_lag1,8.832204638421535
0,0,0.2,GBM_grid_1_AutoML_16_20260420_195454_model_3,month_sin,18.060513463020325
0,0,0.2,GBM_grid_1_AutoML_16_20260420_195454_model_3,month_cos,59.91464186668396
0,0,0.2,GBM_grid_1_AutoML_16_20260420_195454_model_3,year,7.998741298913956
0,0,0.2,GBM_3_AutoML_16_20260420_195454,target_lag1,787.8030470275879
0,0,0.2,GBM_3_AutoML_16_20260420_195454,target_lag2,797.3051551914215
0,0,0.2,GBM_3_AutoML_16_20260420_195454,target_lag3,293.46124576568604
0,0,0.2,GBM_3_AutoML_16_20260420_195454,target_lag4,363.1289102935791
0,0,0.2,GBM_3_AutoML_16_20260420_195454,target_lag5,71.31719413161278
0,0,0.2,GBM_3_AutoML_16_20260420_195454,target_lag6,100.93434269309044
0,0,0.2,GBM_3_AutoML_16_20260420_195454,month_lag1,18.897349077165128
0,0,0.2,GBM_3_AutoML_16_20260420_195454,trend_lag1,28.37458432674408
0,0,0.2,GBM_3_AutoML_16_20260420_195454,month_sin,14.315274776220322
0,0,0.2,GBM_3_AutoML_16_20260420_195454,month_cos,54.95505408287048
0,0,0.2,GBM_3_AutoML_16_20260420_195454,year,5.533223434090615
0,0,0.2,GBM_2_AutoML_16_20260420_195454,target_lag1,988.9439802551269
0,0,0.2,GBM_2_AutoML_16_20260420_195454,target_lag2,647.170001373291
0,0,0.2,GBM_2_AutoML_16_20260420_195454,target_lag3,187.8415362548828
0,0,0.2,GBM_2_AutoML_16_20260420_195454,target_lag4,357.62135082244873
0,0,0.2,GBM_2_AutoML_16_20260420_195454,target_lag5,122.11845848083496
0,0,0.2,GBM_2_AutoML_16_20260420_195454,target_lag6,100.65822188615799
0,0,0.2,GBM_2_AutoML_16_20260420_195454,month_lag1,23.172975882291794
0,0,0.2,GBM_2_AutoML_16_20260420_195454,trend_lag1,18.42374442189932
0,0,0.2,GBM_2_AutoML_16_20260420_195454,month_sin,14.148558331727981
0,0,0.2,GBM_2_AutoML_16_20260420_195454,month_cos,53.63022302150726
0,0,0.2,GBM_2_AutoML_16_20260420_195454,year,8.170651512742042
0,0,0.2,XGBoost_grid_1_AutoML_16_20260420_195454_model_2,target_lag1,666.1977311706543
0,0,0.2,XGBoost_grid_1_AutoML_16_20260420_195454_model_2,target_lag2,976.6363052368164
0,0,0.2,XGBoost_grid_1_AutoML_16_20260420_195454_model_2,target_lag3,124.82101189613343
0,0,0.2,XGBoost_grid_1_AutoML_16_20260420_195454_model_2,target_lag4,476.1759275054932
0,0,0.2,XGBoost_grid_1_AutoML_16_20260420_195454_model_2,target_lag5,55.37798807621002
0,0,0.2,XGBoost_grid_1_AutoML_16_20260420_195454_model_2,target_lag6,94.6378272485733
0,0,0.2,XGBoost_grid_1_AutoML_16_20260420_195454_model_2,month_lag1,23.834938588142396
0,0,0.2,XGBoost_grid_1_AutoML_16_20260420_195454_model_2,trend_lag1,30.601258311271668
0,0,0.2,XGBoost_grid_1_AutoML_16_20260420_195454_model_2,month_sin,18.97278324842453
0,0,0.2,XGBoost_grid_1_AutoML_16_20260420_195454_model_2,month_cos,63.27571569442749
0,0,0.2,XGBoost_grid_1_AutoML_16_20260420_195454_model_2,year,1.2140621733665466
0,0,0.2,XGBoost_grid_1_AutoML_16_20260420_195454_model_3,target_lag1,734.6676466369629
0,0,0.2,XGBoost_grid_1_AutoML_16_20260420_195454_model_3,target_lag2,468.7344880199432
0,0,0.2,XGBoost_grid_1_AutoML_16_20260420_195454_model_3,target_lag3,585.3997021484375
0,0,0.2,XGBoost_grid_1_AutoML_16_20260420_195454_model_3,target_lag4,152.14053511917592
0,0,0.2,XGBoost_grid_1_AutoML_16_20260420_195454_model_3,target_lag5,301.1755942869186
0,0,0.2,XGBoost_grid_1_AutoML_16_20260420_195454_model_3,target_lag6,188.950343170166
0,0,0.2,XGBoost_grid_1_AutoML_16_20260420_195454_model_3,month_lag1,33.8077524843812
0,0,0.2,XGBoost_grid_1_AutoML_16_20260420_195454_model_3,trend_lag1,18.66349247574806
0,0,0.2,XGBoost_grid_1_AutoML_16_20260420_195454_model_3,month_sin,14.058341242671013
0,0,0.2,XGBoost_grid_1_AutoML_16_20260420_195454_model_3,month_cos,57.217087609767916
0,0,0.2,XGBoost_grid_1_AutoML_16_20260420_195454_model_3,year,6.537595746517181
0,0,0.2,GBM_4_AutoML_16_20260420_195454,target_lag1,735.1780463218689
0,0,0.2,GBM_4_AutoML_16_20260420_195454,target_lag2,887.817310218811
0,0,0.2,GBM_4_AutoML_16_20260420_195454,target_lag3,247.76445298671723
0,0,0.2,GBM_4_AutoML_16_20260420_195454,target_lag4,398.3755163574219
0,0,0.2,GBM_4_AutoML_16_20260420_195454,target_lag5,91.93705078125
0,0,0.2,GBM_4_AutoML_16_20260420_195454,target_lag6,106.6663916683197
0,0,0.2,GBM_4_AutoML_16_20260420_195454,month_lag1,20.205270920097828
0,0,0.2,GBM_4_AutoML_16_20260420_195454,trend_lag1,22.22065087363124
0,0,0.2,GBM_4_AutoML_16_20260420_195454,month_sin,9.589282738566398
0,0,0.2,GBM_4_AutoML_16_20260420_195454,month_cos,46.169096355438235
0,0,0.2,GBM_4_AutoML_16_20260420_195454,year,9.932136117219924
0,0,0.2,XGBoost_grid_1_AutoML_16_20260420_195454_model_5,target_lag1,1008.3632689094543
0,0,0.2,XGBoost_grid_1_AutoML_16_20260420_195454_model_5,target_lag2,686.5970458984375
0,0,0.2,XGBoost_grid_1_AutoML_16_20260420_195454_model_5,target_lag3,126.9098312997818
0,0,0.2,XGBoost_grid_1_AutoML_16_20260420_195454_model_5,target_lag4,387.095754032135
0,0,0.2,XGBoost_grid_1_AutoML_16_20260420_195454_model_5,target_lag5,81.80631834983825
0,0,0.2,XGBoost_grid_1_AutoML_16_20260420_195454_model_5,target_lag6,125.6676915550232
0,0,0.2,XGBoost_grid_1_AutoML_16_20260420_195454_model_5,month_lag1,25.50699389755726
0,0,0.2,XGBoost_grid_1_AutoML_16_20260420_195454_model_5,trend_lag1,13.299569535255433
0,0,0.2,XGBoost_grid_1_AutoML_16_20260420_195454_model_5,month_sin,7.685264149010181
0,0,0.2,XGBoost_grid_1_AutoML_16_20260420_195454_model_5,month_cos,40.07665229797363
0,0,0.2,XGBoost_grid_1_AutoML_16_20260420_195454_model_5,year,0.913689055070281
0,0,0.2,XGBoost_grid_1_AutoML_16_20260420_195454_model_1,target_lag1,775.0503219604492
0,0,0.2,XGBoost_grid_1_AutoML_16_20260420_195454_model_1,target_lag2,954.0031237792969
0,0,0.2,XGBoost_grid_1_AutoML_16_20260420_195454_model_1,target_lag3,196.14927810668945
0,0,0.2,XGBoost_grid_1_AutoML_16_20260420_195454_model_1,target_lag4,353.02900177001953
0,0,0.2,XGBoost_grid_1_AutoML_16_20260420_195454_model_1,target_lag5,77.56182716399431
0,0,0.2,XGBoost_grid_1_AutoML_16_20260420_195454_model_1,target_lag6,129.31853306531906
0,0,0.2,XGBoost_grid_1_AutoML_16_20260420_195454_model_1,month_lag1,31.157938754558565
0,0,0.2,XGBoost_grid_1_AutoML_16_20260420_195454_model_1,trend_lag1,13.971913035511971
0,0,0.2,XGBoost_grid_1_AutoML_16_20260420_195454_model_1,month_sin,10.377538114786148
0,0,0.2,XGBoost_grid_1_AutoML_16_20260420_195454_model_1,month_cos,57.072031077146534
0,0,0.2,XGBoost_grid_1_AutoML_16_20260420_195454_model_1,year,0.0
0,0,0.3,XRT_1_AutoML_16_20260420_195454,target_lag1,471.52413532435895
0,0,0.3,XRT_1_AutoML_16_20260420_195454,target_lag2,649.4170987701416
0,0,0.3,XRT_1_AutoML_16_20260420_195454,target_lag3,405.22551111221316
0,0,0.3,XRT_1_AutoML_16_20260420_195454,target_lag4,213.28278354644775
0,0,0.3,XRT_1_AutoML_16_20260420_195454,target_lag5,185.4215846967697
0,0,0.3,XRT_1_AutoML_16_20260420_195454,target_lag6,162.98772404193878
0,0,0.3,XRT_1_AutoML_16_20260420_195454,month_lag1,21.083218041788786
0,0,0.3,XRT_1_AutoML_16_20260420_195454,trend_lag1,55.612695121765135
0,0,0.3,XRT_1_AutoML_16_20260420_195454,month_sin,12.91552688986063
0,0,0.3,XRT_1_AutoML_16_20260420_195454,month_cos,36.17797899723053
0,0,0.3,XRT_1_AutoML_16_20260420_195454,year,89.69696342468262
0,0,0.3,DRF_1_AutoML_16_20260420_195454,target_lag1,495.6095839333534
0,0,0.3,DRF_1_AutoML_16_20260420_195454,target_lag2,399.7200969749689
0,0,0.3,DRF_1_AutoML_16_20260420_195454,target_lag3,375.1365377044678
0,0,0.3,DRF_1_AutoML_16_20260420_195454,target_lag4,392.04291566371916
0,0,0.3,DRF_1_AutoML_16_20260420_195454,target_lag5,228.1897501564026
0,0,0.3,DRF_1_AutoML_16_20260420_195454,target_lag6,170.90992948532104
0,0,0.3,DRF_1_AutoML_16_20260420_195454,month_lag1,22.14800536632538
0,0,0.3,DRF_1_AutoML_16_20260420_195454,trend_lag1,57.29079625487328
0,0,0.3,DRF_1_AutoML_16_20260420_195454,month_sin,27.233471307754517
0,0,0.3,DRF_1_AutoML_16_20260420_195454,month_cos,41.988128858208654
0,0,0.3,DRF_1_AutoML_16_20260420_195454,year,20.048530831336976
0,0,0.3,GBM_5_AutoML_16_20260420_195454,target_lag1,1000.8871556472778
0,0,0.3,GBM_5_AutoML_16_20260420_195454,target_lag2,651.961280632019
0,0,0.3,GBM_5_AutoML_16_20260420_195454,target_lag3,377.5914617347717
0,0,0.3,GBM_5_AutoML_16_20260420_195454,target_lag4,188.76060106277467
0,0,0.3,GBM_5_AutoML_16_20260420_195454,target_lag5,67.86401523709297
0,0,0.3,GBM_5_AutoML_16_20260420_195454,target_lag6,91.91735998749733
0,0,0.3,GBM_5_AutoML_16_20260420_195454,month_lag1,21.956203303337098
0,0,0.3,GBM_5_AutoML_16_20260420_195454,trend_lag1,29.000745306015016
0,0,0.3,GBM_5_AutoML_16_20260420_195454,month_sin,10.241189974844456
0,0,0.3,GBM_5_AutoML_16_20260420_195454,month_cos,43.72163679122925
0,0,0.3,GBM_5_AutoML_16_20260420_195454,year,7.8260477072000505
0,0,0.3,GBM_grid_1_AutoML_16_20260420_195454_model_3,target_lag1,651.5073591613769
0,0,0.3,GBM_grid_1_AutoML_16_20260420_195454_model_3,target_lag2,802.2243795776367
0,0,0.3,GBM_grid_1_AutoML_16_20260420_195454_model_3,target_lag3,429.6690269398689
0,0,0.3,GBM_grid_1_AutoML_16_20260420_195454_model_3,target_lag4,211.29333768367766
0,0,0.3,GBM_grid_1_AutoML_16_20260420_195454_model_3,target_lag5,110.87394467830659
0,0,0.3,GBM_grid_1_AutoML_16_20260420_195454_model_3,target_lag6,196.08120422363282
0,0,0.3,GBM_grid_1_AutoML_16_20260420_195454_model_3,month_lag1,26.627904603481294
0,0,0.3,GBM_grid_1_AutoML_16_20260420_195454_model_3,trend_lag1,8.832204638421535
0,0,0.3,GBM_grid_1_AutoML_16_20260420_195454_model_3,month_sin,18.060513463020325
0,0,0.3,GBM_grid_1_AutoML_16_20260420_195454_model_3,month_cos,59.91464186668396
0,0,0.3,GBM_grid_1_AutoML_16_20260420_195454_model_3,year,7.998741298913956
0,0,0.3,GBM_3_AutoML_16_20260420_195454,target_lag1,787.8030470275879
0,0,0.3,GBM_3_AutoML_16_20260420_195454,target_lag2,797.3051551914215
0,0,0.3,GBM_3_AutoML_16_20260420_195454,target_lag3,293.46124576568604
0,0,0.3,GBM_3_AutoML_16_20260420_195454,target_lag4,363.1289102935791
0,0,0.3,GBM_3_AutoML_16_20260420_195454,target_lag5,71.31719413161278
0,0,0.3,GBM_3_AutoML_16_20260420_195454,target_lag6,100.93434269309044
0,0,0.3,GBM_3_AutoML_16_20260420_195454,month_lag1,18.897349077165128
0,0,0.3,GBM_3_AutoML_16_20260420_195454,trend_lag1,28.37458432674408
0,0,0.3,GBM_3_AutoML_16_20260420_195454,month_sin,14.315274776220322
0,0,0.3,GBM_3_AutoML_16_20260420_195454,month_cos,54.95505408287048
0,0,0.3,GBM_3_AutoML_16_20260420_195454,year,5.533223434090615
0,0,0.3,GBM_2_AutoML_16_20260420_195454,target_lag1,988.9439802551269
0,0,0.3,GBM_2_AutoML_16_20260420_195454,target_lag2,647.170001373291
0,0,0.3,GBM_2_AutoML_16_20260420_195454,target_lag3,187.8415362548828
0,0,0.3,GBM_2_AutoML_16_20260420_195454,target_lag4,357.62135082244873
0,0,0.3,GBM_2_AutoML_16_20260420_195454,target_lag5,122.11845848083496
0,0,0.3,GBM_2_AutoML_16_20260420_195454,target_lag6,100.65822188615799
0,0,0.3,GBM_2_AutoML_16_20260420_195454,month_lag1,23.172975882291794
0,0,0.3,GBM_2_AutoML_16_20260420_195454,trend_lag1,18.42374442189932
0,0,0.3,GBM_2_AutoML_16_20260420_195454,month_sin,14.148558331727981
0,0,0.3,GBM_2_AutoML_16_20260420_195454,month_cos,53.63022302150726
0,0,0.3,GBM_2_AutoML_16_20260420_195454,year,8.170651512742042
0,0,0.3,XGBoost_grid_1_AutoML_16_20260420_195454_model_2,target_lag1,666.1977311706543
0,0,0.3,XGBoost_grid_1_AutoML_16_20260420_195454_model_2,target_lag2,976.6363052368164
0,0,0.3,XGBoost_grid_1_AutoML_16_20260420_195454_model_2,target_lag3,124.82101189613343
0,0,0.3,XGBoost_grid_1_AutoML_16_20260420_195454_model_2,target_lag4,476.1759275054932
0,0,0.3,XGBoost_grid_1_AutoML_16_20260420_195454_model_2,target_lag5,55.37798807621002
0,0,0.3,XGBoost_grid_1_AutoML_16_20260420_195454_model_2,target_lag6,94.6378272485733
0,0,0.3,XGBoost_grid_1_AutoML_16_20260420_195454_model_2,month_lag1,23.834938588142396
0,0,0.3,XGBoost_grid_1_AutoML_16_20260420_195454_model_2,trend_lag1,30.601258311271668
0,0,0.3,XGBoost_grid_1_AutoML_16_20260420_195454_model_2,month_sin,18.97278324842453
0,0,0.3,XGBoost_grid_1_AutoML_16_20260420_195454_model_2,month_cos,63.27571569442749
0,0,0.3,XGBoost_grid_1_AutoML_16_20260420_195454_model_2,year,1.2140621733665466
0,0,0.3,XGBoost_grid_1_AutoML_16_20260420_195454_model_3,target_lag1,734.6676466369629
0,0,0.3,XGBoost_grid_1_AutoML_16_20260420_195454_model_3,target_lag2,468.7344880199432
0,0,0.3,XGBoost_grid_1_AutoML_16_20260420_195454_model_3,target_lag3,585.3997021484375
0,0,0.3,XGBoost_grid_1_AutoML_16_20260420_195454_model_3,target_lag4,152.14053511917592
0,0,0.3,XGBoost_grid_1_AutoML_16_20260420_195454_model_3,target_lag5,301.1755942869186
0,0,0.3,XGBoost_grid_1_AutoML_16_20260420_195454_model_3,target_lag6,188.950343170166
0,0,0.3,XGBoost_grid_1_AutoML_16_20260420_195454_model_3,month_lag1,33.8077524843812
0,0,0.3,XGBoost_grid_1_AutoML_16_20260420_195454_model_3,trend_lag1,18.66349247574806
0,0,0.3,XGBoost_grid_1_AutoML_16_20260420_195454_model_3,month_sin,14.058341242671013
0,0,0.3,XGBoost_grid_1_AutoML_16_20260420_195454_model_3,month_cos,57.217087609767916
0,0,0.3,XGBoost_grid_1_AutoML_16_20260420_195454_model_3,year,6.537595746517181
0,0,0.3,GBM_4_AutoML_16_20260420_195454,target_lag1,735.1780463218689
0,0,0.3,GBM_4_AutoML_16_20260420_195454,target_lag2,887.817310218811
0,0,0.3,GBM_4_AutoML_16_20260420_195454,target_lag3,247.76445298671723
0,0,0.3,GBM_4_AutoML_16_20260420_195454,target_lag4,398.3755163574219
0,0,0.3,GBM_4_AutoML_16_20260420_195454,target_lag5,91.93705078125
0,0,0.3,GBM_4_AutoML_16_20260420_195454,target_lag6,106.6663916683197
0,0,0.3,GBM_4_AutoML_16_20260420_195454,month_lag1,20.205270920097828
0,0,0.3,GBM_4_AutoML_16_20260420_195454,trend_lag1,22.22065087363124
0,0,0.3,GBM_4_AutoML_16_20260420_195454,month_sin,9.589282738566398
0,0,0.3,GBM_4_AutoML_16_20260420_195454,month_cos,46.169096355438235
0,0,0.3,GBM_4_AutoML_16_20260420_195454,year,9.932136117219924
0,0,0.3,XGBoost_grid_1_AutoML_16_20260420_195454_model_5,target_lag1,1008.3632689094543
0,0,0.3,XGBoost_grid_1_AutoML_16_20260420_195454_model_5,target_lag2,686.5970458984375
0,0,0.3,XGBoost_grid_1_AutoML_16_20260420_195454_model_5,target_lag3,126.9098312997818
0,0,0.3,XGBoost_grid_1_AutoML_16_20260420_195454_model_5,target_lag4,387.095754032135
0,0,0.3,XGBoost_grid_1_AutoML_16_20260420_195454_model_5,target_lag5,81.80631834983825
0,0,0.3,XGBoost_grid_1_AutoML_16_20260420_195454_model_5,target_lag6,125.6676915550232
0,0,0.3,XGBoost_grid_1_AutoML_16_20260420_195454_model_5,month_lag1,25.50699389755726
0,0,0.3,XGBoost_grid_1_AutoML_16_20260420_195454_model_5,trend_lag1,13.299569535255433
0,0,0.3,XGBoost_grid_1_AutoML_16_20260420_195454_model_5,month_sin,7.685264149010181
0,0,0.3,XGBoost_grid_1_AutoML_16_20260420_195454_model_5,month_cos,40.07665229797363
0,0,0.3,XGBoost_grid_1_AutoML_16_20260420_195454_model_5,year,0.913689055070281
0,0,0.3,XGBoost_grid_1_AutoML_16_20260420_195454_model_1,target_lag1,775.0503219604492
0,0,0.3,XGBoost_grid_1_AutoML_16_20260420_195454_model_1,target_lag2,954.0031237792969
0,0,0.3,XGBoost_grid_1_AutoML_16_20260420_195454_model_1,target_lag3,196.14927810668945
0,0,0.3,XGBoost_grid_1_AutoML_16_20260420_195454_model_1,target_lag4,353.02900177001953
0,0,0.3,XGBoost_grid_1_AutoML_16_20260420_195454_model_1,target_lag5,77.56182716399431
0,0,0.3,XGBoost_grid_1_AutoML_16_20260420_195454_model_1,target_lag6,129.31853306531906
0,0,0.3,XGBoost_grid_1_AutoML_16_20260420_195454_model_1,month_lag1,31.157938754558565
0,0,0.3,XGBoost_grid_1_AutoML_16_20260420_195454_model_1,trend_lag1,13.971913035511971
0,0,0.3,XGBoost_grid_1_AutoML_16_20260420_195454_model_1,month_sin,10.377538114786148
0,0,0.3,XGBoost_grid_1_AutoML_16_20260420_195454_model_1,month_cos,57.072031077146534
0,0,0.3,XGBoost_grid_1_AutoML_16_20260420_195454_model_1,year,0.0
0,0,0.3,XGBoost_3_AutoML_16_20260420_195454,target_lag1,693.1595924758911
0,0,0.3,XGBoost_3_AutoML_16_20260420_195454,target_lag2,963.0740455627441
0,0,0.3,XGBoost_3_AutoML_16_20260420_195454,target_lag3,268.0023138809204
0,0,0.3,XGBoost_3_AutoML_16_20260420_195454,target_lag4,293.90296617507937
0,0,0.3,XGBoost_3_AutoML_16_20260420_195454,target_lag5,54.435022373199466
0,0,0.3,XGBoost_3_AutoML_16_20260420_195454,target_lag6,153.84425213098527
0,0,0.3,XGBoost_3_AutoML_16_20260420_195454,month_lag1,33.411750301122666
0,0,0.3,XGBoost_3_AutoML_16_20260420_195454,trend_lag1,31.211447863578798
0,0,0.3,XGBoost_3_AutoML_16_20260420_195454,month_sin,21.867226622104646
0,0,0.3,XGBoost_3_AutoML_16_20260420_195454,month_cos,50.92208117485046
0,0,0.3,XGBoost_3_AutoML_16_20260420_195454,year,5.689942181706429
0,0,0.3,XGBoost_grid_1_AutoML_16_20260420_195454_model_4,target_lag1,1030.4835525512694
0,0,0.3,XGBoost_grid_1_AutoML_16_20260420_195454_model_4,target_lag2,815.0132293701172
0,0,0.3,XGBoost_grid_1_AutoML_16_20260420_195454_model_4,target_lag3,443.27042572021486
0,0,0.3,XGBoost_grid_1_AutoML_16_20260420_195454_model_4,target_lag4,214.6433296585083
0,0,0.3,XGBoost_grid_1_AutoML_16_20260420_195454_model_4,target_lag5,61.48271265029907
0,0,0.3,XGBoost_grid_1_AutoML_16_20260420_195454_model_4,target_lag6,63.863927631378175
0,0,0.3,XGBoost_grid_1_AutoML_16_20260420_195454_model_4,month_lag1,19.420167956352234
0,0,0.3,XGBoost_grid_1_AutoML_16_20260420_195454_model_4,trend_lag1,50.681862563937905
0,0,0.3,XGBoost_grid_1_AutoML_16_20260420_195454_model_4,month_sin,9.4324661642313
0,0,0.3,XGBoost_grid_1_AutoML_16_20260420_195454_model_4,month_cos,39.38682410292327
0,0,0.3,XGBoost_grid_1_AutoML_16_20260420_195454_model_4,year,2.75622053027153
0,0,0.3,XGBoost_2_AutoML_16_20260420_195454,target_lag1,894.8218536758422
0,0,0.3,XGBoost_2_AutoML_16_20260420_195454,target_lag2,713.3822994232178
0,0,0.3,XGBoost_2_AutoML_16_20260420_195454,target_lag3,107.40382325291634
0,0,0.3,XGBoost_2_AutoML_16_20260420_195454,target_lag4,590.4828067016601
0,0,0.3,XGBoost_2_AutoML_16_20260420_195454,target_lag5,118.29118825435638
0,0,0.3,XGBoost_2_AutoML_16_20260420_195454,target_lag6,104.18030829071999
0,0,0.3,XGBoost_2_AutoML_16_20260420_195454,month_lag1,36.03693864345551
0,0,0.3,XGBoost_2_AutoML_16_20260420_195454,trend_lag1,33.372477622032164
0,0,0.3,XGBoost_2_AutoML_16_20260420_195454,month_sin,20.973084018230438
0,0,0.3,XGBoost_2_AutoML_16_20260420_195454,month_cos,43.94313261270523
0,0,0.3,XGBoost_2_AutoML_16_20260420_195454,year,4.420592746734619
0,0,0.3,XGBoost_1_AutoML_16_20260420_195454,target_lag1,693.6990628051758
0,0,0.3,XGBoost_1_AutoML_16_20260420_195454,target_lag2,603.1954661941528
0,0,0.3,XGBoost_1_AutoML_16_20260420_195454,target_lag3,463.3644361114502
0,0,0.3,XGBoost_1_AutoML_16_20260420_195454,target_lag4,353.2390364551544
0,0,0.3,XGBoost_1_AutoML_16_20260420_195454,target_lag5,97.11381273269653
0,0,0.3,XGBoost_1_AutoML_16_20260420_195454,target_lag6,249.6160333633423
0,0,0.3,XGBoost_1_AutoML_16_20260420_195454,month_lag1,57.86814672470093
0,0,0.3,XGBoost_1_AutoML_16_20260420_195454,trend_lag1,17.70330893754959
0,0,0.3,XGBoost_1_AutoML_16_20260420_195454,month_sin,18.290084007680417
0,0,0.3,XGBoost_1_AutoML_16_20260420_195454,month_cos,24.78572322368622
0,0,0.3,XGBoost_1_AutoML_16_20260420_195454,year,33.773332071304324
1,0,0.02,XRT_1_AutoML_17_20260420_195518,target_lag1,586.6696256923675
1,0,0.02,XRT_1_AutoML_17_20260420_195518,target_lag2,627.7224118804932
1,0,0.02,XRT_1_AutoML_17_20260420_195518,target_lag3,349.9166315937042
1,0,0.02,XRT_1_AutoML_17_20260420_195518,target_lag4,278.9653717041016
1,0,0.02,XRT_1_AutoML_17_20260420_195518,target_lag5,196.41394891738892
1,0,0.02,XRT_1_AutoML_17_20260420_195518,target_lag6,180.36187002420425
1,0,0.02,XRT_1_AutoML_17_20260420_195518,month_lag1,26.900890728831293
1,0,0.02,XRT_1_AutoML_17_20260420_195518,trend_lag1,27.37790463447571
1,0,0.02,XRT_1_AutoML_17_20260420_195518,month_sin,9.012704193294049
1,0,0.02,XRT_1_AutoML_17_20260420_195518,month_cos,50.67117937728763
1,0,0.02,XRT_1_AutoML_17_20260420_195518,year,86.19173309326172
1,0,0.02,GBM_4_AutoML_17_20260420_195518,target_lag1,828.418151473999
1,0,0.02,GBM_4_AutoML_17_20260420_195518,target_lag2,651.191552734375
1,0,0.02,GBM_4_AutoML_17_20260420_195518,target_lag3,237.3946917295456
1,0,0.02,GBM_4_AutoML_17_20260420_195518,target_lag4,702.4067623901367
1,0,0.02,GBM_4_AutoML_17_20260420_195518,target_lag5,104.09377528190613
1,0,0.02,GBM_4_AutoML_17_20260420_195518,target_lag6,126.95138766288757
1,0,0.02,GBM_4_AutoML_17_20260420_195518,month_lag1,30.77325096666813
1,0,0.02,GBM_4_AutoML_17_20260420_195518,trend_lag1,13.182679907679558
1,0,0.02,GBM_4_AutoML_17_20260420_195518,month_sin,11.423658446073532
1,0,0.02,GBM_4_AutoML_17_20260420_195518,month_cos,49.5563102696836
1,0,0.02,GBM_4_AutoML_17_20260420_195518,year,5.3900541961193085
1,0,0.02,GBM_5_AutoML_17_20260420_195518,target_lag1,1101.4770944213867
1,0,0.02,GBM_5_AutoML_17_20260420_195518,target_lag2,592.5995831298828
1,0,0.02,GBM_5_AutoML_17_20260420_195518,target_lag3,247.27596071243286
1,0,0.02,GBM_5_AutoML_17_20260420_195518,target_lag4,380.93158081054685
1,0,0.02,GBM_5_AutoML_17_20260420_195518,target_lag5,70.44292070150375
1,0,0.02,GBM_5_AutoML_17_20260420_195518,target_lag6,158.88630855560302
1,0,0.02,GBM_5_AutoML_17_20260420_195518,month_lag1,28.996478035449982
1,0,0.02,GBM_5_AutoML_17_20260420_195518,trend_lag1,11.66089102730155
1,0,0.02,GBM_5_AutoML_17_20260420_195518,month_sin,9.526960863173008
1,0,0.02,GBM_5_AutoML_17_20260420_195518,month_cos,37.48415158748627
1,0,0.02,GBM_5_AutoML_17_20260420_195518,year,8.287025948166848
1,0,0.02,GBM_2_AutoML_17_20260420_195518,target_lag1,975.4285970306396
1,0,0.02,GBM_2_AutoML_17_20260420_195518,target_lag2,537.6511503982543
1,0,0.02,GBM_2_AutoML_17_20260420_195518,target_lag3,262.37656341552736
1,0,0.02,GBM_2_AutoML_17_20260420_195518,target_lag4,593.1736627197265
1,0,0.02,GBM_2_AutoML_17_20260420_195518,target_lag5,102.56964109420777
1,0,0.02,GBM_2_AutoML_17_20260420_195518,target_lag6,141.75192249298095
1,0,0.02,GBM_2_AutoML_17_20260420_195518,month_lag1,27.91785281389952
1,0,0.02,GBM_2_AutoML_17_20260420_195518,trend_lag1,11.4355075378716
1,0,0.02,GBM_2_AutoML_17_20260420_195518,month_sin,9.32927562892437
1,0,0.02,GBM_2_AutoML_17_20260420_195518,month_cos,51.11353078365326
1,0,0.02,GBM_2_AutoML_17_20260420_195518,year,8.010914647579193
1,0,0.05,XRT_1_AutoML_17_20260420_195518,target_lag1,586.6696256923675
1,0,0.05,XRT_1_AutoML_17_20260420_195518,target_lag2,627.7224118804932
1,0,0.05,XRT_1_AutoML_17_20260420_195518,target_lag3,349.9166315937042
1,0,0.05,XRT_1_AutoML_17_20260420_195518,target_lag4,278.9653717041016
1,0,0.05,XRT_1_AutoML_17_20260420_195518,target_lag5,196.41394891738892
1,0,0.05,XRT_1_AutoML_17_20260420_195518,target_lag6,180.36187002420425
1,0,0.05,XRT_1_AutoML_17_20260420_195518,month_lag1,26.900890728831293
1,0,0.05,XRT_1_AutoML_17_20260420_195518,trend_lag1,27.37790463447571
1,0,0.05,XRT_1_AutoML_17_20260420_195518,month_sin,9.012704193294049
1,0,0.05,XRT_1_AutoML_17_20260420_195518,month_cos,50.67117937728763
1,0,0.05,XRT_1_AutoML_17_20260420_195518,year,86.19173309326172
1,0,0.05,GBM_4_AutoML_17_20260420_195518,target_lag1,828.418151473999
1,0,0.05,GBM_4_AutoML_17_20260420_195518,target_lag2,651.191552734375
1,0,0.05,GBM_4_AutoML_17_20260420_195518,target_lag3,237.3946917295456
1,0,0.05,GBM_4_AutoML_17_20260420_195518,target_lag4,702.4067623901367
1,0,0.05,GBM_4_AutoML_17_20260420_195518,target_lag5,104.09377528190613
1,0,0.05,GBM_4_AutoML_17_20260420_195518,target_lag6,126.95138766288757
1,0,0.05,GBM_4_AutoML_17_20260420_195518,month_lag1,30.77325096666813
1,0,0.05,GBM_4_AutoML_17_20260420_195518,trend_lag1,13.182679907679558
1,0,0.05,GBM_4_AutoML_17_20260420_195518,month_sin,11.423658446073532
1,0,0.05,GBM_4_AutoML_17_20260420_195518,month_cos,49.5563102696836
1,0,0.05,GBM_4_AutoML_17_20260420_195518,year,5.3900541961193085
1,0,0.05,GBM_5_AutoML_17_20260420_195518,target_lag1,1101.4770944213867
1,0,0.05,GBM_5_AutoML_17_20260420_195518,target_lag2,592.5995831298828
1,0,0.05,GBM_5_AutoML_17_20260420_195518,target_lag3,247.27596071243286
1,0,0.05,GBM_5_AutoML_17_20260420_195518,target_lag4,380.93158081054685
1,0,0.05,GBM_5_AutoML_17_20260420_195518,target_lag5,70.44292070150375
1,0,0.05,GBM_5_AutoML_17_20260420_195518,target_lag6,158.88630855560302
1,0,0.05,GBM_5_AutoML_17_20260420_195518,month_lag1,28.996478035449982
1,0,0.05,GBM_5_AutoML_17_20260420_195518,trend_lag1,11.66089102730155
1,0,0.05,GBM_5_AutoML_17_20260420_195518,month_sin,9.526960863173008
1,0,0.05,GBM_5_AutoML_17_20260420_195518,month_cos,37.48415158748627
1,0,0.05,GBM_5_AutoML_17_20260420_195518,year,8.287025948166848
1,0,0.05,GBM_2_AutoML_17_20260420_195518,target_lag1,975.4285970306396
1,0,0.05,GBM_2_AutoML_17_20260420_195518,target_lag2,537.6511503982543
1,0,0.05,GBM_2_AutoML_17_20260420_195518,target_lag3,262.37656341552736
1,0,0.05,GBM_2_AutoML_17_20260420_195518,target_lag4,593.1736627197265
1,0,0.05,GBM_2_AutoML_17_20260420_195518,target_lag5,102.56964109420777
1,0,0.05,GBM_2_AutoML_17_20260420_195518,target_lag6,141.75192249298095
1,0,0.05,GBM_2_AutoML_17_20260420_195518,month_lag1,27.91785281389952
1,0,0.05,GBM_2_AutoML_17_20260420_195518,trend_lag1,11.4355075378716
1,0,0.05,GBM_2_AutoML_17_20260420_195518,month_sin,9.32927562892437
1,0,0.05,GBM_2_AutoML_17_20260420_195518,month_cos,51.11353078365326
1,0,0.05,GBM_2_AutoML_17_20260420_195518,year,8.010914647579193
1,0,0.05,XGBoost_grid_1_AutoML_17_20260420_195518_model_4,target_lag1,1449.1853033447267
1,0,0.05,XGBoost_grid_1_AutoML_17_20260420_195518_model_4,target_lag2,486.4889254760742
1,0,0.05,XGBoost_grid_1_AutoML_17_20260420_195518_model_4,target_lag3,162.6469556760788
1,0,0.05,XGBoost_grid_1_AutoML_17_20260420_195518_model_4,target_lag4,389.61650386810305
1,0,0.05,XGBoost_grid_1_AutoML_17_20260420_195518_model_4,target_lag5,49.575459728240965
1,0,0.05,XGBoost_grid_1_AutoML_17_20260420_195518_model_4,target_lag6,106.92184288859367
1,0,0.05,XGBoost_grid_1_AutoML_17_20260420_195518_model_4,month_lag1,45.672103650569916
1,0,0.05,XGBoost_grid_1_AutoML_17_20260420_195518_model_4,trend_lag1,26.5680433730036
1,0,0.05,XGBoost_grid_1_AutoML_17_20260420_195518_model_4,month_sin,9.214483379721642
1,0,0.05,XGBoost_grid_1_AutoML_17_20260420_195518_model_4,month_cos,25.996408770084383
1,0,0.05,XGBoost_grid_1_AutoML_17_20260420_195518_model_4,year,2.702080695480108
1,0,0.05,DRF_1_AutoML_17_20260420_195518,target_lag1,660.6127774953842
1,0,0.05,DRF_1_AutoML_17_20260420_195518,target_lag2,316.6778634762764
1,0,0.05,DRF_1_AutoML_17_20260420_195518,target_lag3,304.74028423309323
1,0,0.05,DRF_1_AutoML_17_20260420_195518,target_lag4,463.2388635253906
1,0,0.05,DRF_1_AutoML_17_20260420_195518,target_lag5,289.0695894050598
1,0,0.05,DRF_1_AutoML_17_20260420_195518,target_lag6,212.45070781707764
1,0,0.05,DRF_1_AutoML_17_20260420_195518,month_lag1,26.154052079319953
1,0,0.05,DRF_1_AutoML_17_20260420_195518,trend_lag1,23.346133975982667
1,0,0.05,DRF_1_AutoML_17_20260420_195518,month_sin,20.869280410036446
1,0,0.05,DRF_1_AutoML_17_20260420_195518,month_cos,34.031196937561035
1,0,0.05,DRF_1_AutoML_17_20260420_195518,year,27.719251499176025
1,0,0.05,GBM_3_AutoML_17_20260420_195518,target_lag1,911.0922085571289
1,0,0.05,GBM_3_AutoML_17_20260420_195518,target_lag2,629.3242501831055
1,0,0.05,GBM_3_AutoML_17_20260420_195518,target_lag3,419.50473185539244
1,0,0.05,GBM_3_AutoML_17_20260420_195518,target_lag4,394.7071255493164
1,0,0.05,GBM_3_AutoML_17_20260420_195518,target_lag5,90.28623938560486
1,0,0.05,GBM_3_AutoML_17_20260420_195518,target_lag6,116.61084822177887
1,0,0.05,GBM_3_AutoML_17_20260420_195518,month_lag1,31.718880494236945
1,0,0.05,GBM_3_AutoML_17_20260420_195518,trend_lag1,24.772515379190445
1,0,0.05,GBM_3_AutoML_17_20260420_195518,month_sin,13.174043810963632
1,0,0.05,GBM_3_AutoML_17_20260420_195518,month_cos,58.15284658074379
1,0,0.05,GBM_3_AutoML_17_20260420_195518,year,4.440356295108796
1,0,0.1,XRT_1_AutoML_17_20260420_195518,target_lag1,586.6696256923675
1,0,0.1,XRT_1_AutoML_17_20260420_195518,target_lag2,627.7224118804932
1,0,0.1,XRT_1_AutoML_17_20260420_195518,target_lag3,349.9166315937042
1,0,0.1,XRT_1_AutoML_17_20260420_195518,target_lag4,278.9653717041016
1,0,0.1,XRT_1_AutoML_17_20260420_195518,target_lag5,196.41394891738892
1,0,0.1,XRT_1_AutoML_17_20260420_195518,target_lag6,180.36187002420425
1,0,0.1,XRT_1_AutoML_17_20260420_195518,month_lag1,26.900890728831293
1,0,0.1,XRT_1_AutoML_17_20260420_195518,trend_lag1,27.37790463447571
1,0,0.1,XRT_1_AutoML_17_20260420_195518,month_sin,9.012704193294049
1,0,0.1,XRT_1_AutoML_17_20260420_195518,month_cos,50.67117937728763
1,0,0.1,XRT_1_AutoML_17_20260420_195518,year,86.19173309326172
1,0,0.1,GBM_4_AutoML_17_20260420_195518,target_lag1,828.418151473999
1,0,0.1,GBM_4_AutoML_17_20260420_195518,target_lag2,651.191552734375
1,0,0.1,GBM_4_AutoML_17_20260420_195518,target_lag3,237.3946917295456
1,0,0.1,GBM_4_AutoML_17_20260420_195518,target_lag4,702.4067623901367
1,0,0.1,GBM_4_AutoML_17_20260420_195518,target_lag5,104.09377528190613
1,0,0.1,GBM_4_AutoML_17_20260420_195518,target_lag6,126.95138766288757
1,0,0.1,GBM_4_AutoML_17_20260420_195518,month_lag1,30.77325096666813
1,0,0.1,GBM_4_AutoML_17_20260420_195518,trend_lag1,13.182679907679558
1,0,0.1,GBM_4_AutoML_17_20260420_195518,month_sin,11.423658446073532
1,0,0.1,GBM_4_AutoML_17_20260420_195518,month_cos,49.5563102696836
1,0,0.1,GBM_4_AutoML_17_20260420_195518,year,5.3900541961193085
1,0,0.1,GBM_5_AutoML_17_20260420_195518,target_lag1,1101.4770944213867
1,0,0.1,GBM_5_AutoML_17_20260420_195518,target_lag2,592.5995831298828
1,0,0.1,GBM_5_AutoML_17_20260420_195518,target_lag3,247.27596071243286
1,0,0.1,GBM_5_AutoML_17_20260420_195518,target_lag4,380.93158081054685
1,0,0.1,GBM_5_AutoML_17_20260420_195518,target_lag5,70.44292070150375
1,0,0.1,GBM_5_AutoML_17_20260420_195518,target_lag6,158.88630855560302
1,0,0.1,GBM_5_AutoML_17_20260420_195518,month_lag1,28.996478035449982
1,0,0.1,GBM_5_AutoML_17_20260420_195518,trend_lag1,11.66089102730155
1,0,0.1,GBM_5_AutoML_17_20260420_195518,month_sin,9.526960863173008
1,0,0.1,GBM_5_AutoML_17_20260420_195518,month_cos,37.48415158748627
1,0,0.1,GBM_5_AutoML_17_20260420_195518,year,8.287025948166848
1,0,0.1,GBM_2_AutoML_17_20260420_195518,target_lag1,975.4285970306396
1,0,0.1,GBM_2_AutoML_17_20260420_195518,target_lag2,537.6511503982543
1,0,0.1,GBM_2_AutoML_17_20260420_195518,target_lag3,262.37656341552736
1,0,0.1,GBM_2_AutoML_17_20260420_195518,target_lag4,593.1736627197265
1,0,0.1,GBM_2_AutoML_17_20260420_195518,target_lag5,102.56964109420777
1,0,0.1,GBM_2_AutoML_17_20260420_195518,target_lag6,141.75192249298095
1,0,0.1,GBM_2_AutoML_17_20260420_195518,month_lag1,27.91785281389952
1,0,0.1,GBM_2_AutoML_17_20260420_195518,trend_lag1,11.4355075378716
1,0,0.1,GBM_2_AutoML_17_20260420_195518,month_sin,9.32927562892437
1,0,0.1,GBM_2_AutoML_17_20260420_195518,month_cos,51.11353078365326
1,0,0.1,GBM_2_AutoML_17_20260420_195518,year,8.010914647579193
1,0,0.1,XGBoost_grid_1_AutoML_17_20260420_195518_model_4,target_lag1,1449.1853033447267
1,0,0.1,XGBoost_grid_1_AutoML_17_20260420_195518_model_4,target_lag2,486.4889254760742
1,0,0.1,XGBoost_grid_1_AutoML_17_20260420_195518_model_4,target_lag3,162.6469556760788
1,0,0.1,XGBoost_grid_1_AutoML_17_20260420_195518_model_4,target_lag4,389.61650386810305
1,0,0.1,XGBoost_grid_1_AutoML_17_20260420_195518_model_4,target_lag5,49.575459728240965
1,0,0.1,XGBoost_grid_1_AutoML_17_20260420_195518_model_4,target_lag6,106.92184288859367
1,0,0.1,XGBoost_grid_1_AutoML_17_20260420_195518_model_4,month_lag1,45.672103650569916
1,0,0.1,XGBoost_grid_1_AutoML_17_20260420_195518_model_4,trend_lag1,26.5680433730036
1,0,0.1,XGBoost_grid_1_AutoML_17_20260420_195518_model_4,month_sin,9.214483379721642
1,0,0.1,XGBoost_grid_1_AutoML_17_20260420_195518_model_4,month_cos,25.996408770084383
1,0,0.1,XGBoost_grid_1_AutoML_17_20260420_195518_model_4,year,2.702080695480108
1,0,0.1,DRF_1_AutoML_17_20260420_195518,target_lag1,660.6127774953842
1,0,0.1,DRF_1_AutoML_17_20260420_195518,target_lag2,316.6778634762764
1,0,0.1,DRF_1_AutoML_17_20260420_195518,target_lag3,304.74028423309323
1,0,0.1,DRF_1_AutoML_17_20260420_195518,target_lag4,463.2388635253906
1,0,0.1,DRF_1_AutoML_17_20260420_195518,target_lag5,289.0695894050598
1,0,0.1,DRF_1_AutoML_17_20260420_195518,target_lag6,212.45070781707764
1,0,0.1,DRF_1_AutoML_17_20260420_195518,month_lag1,26.154052079319953
1,0,0.1,DRF_1_AutoML_17_20260420_195518,trend_lag1,23.346133975982667
1,0,0.1,DRF_1_AutoML_17_20260420_195518,month_sin,20.869280410036446
1,0,0.1,DRF_1_AutoML_17_20260420_195518,month_cos,34.031196937561035
1,0,0.1,DRF_1_AutoML_17_20260420_195518,year,27.719251499176025
1,0,0.1,GBM_3_AutoML_17_20260420_195518,target_lag1,911.0922085571289
1,0,0.1,GBM_3_AutoML_17_20260420_195518,target_lag2,629.3242501831055
1,0,0.1,GBM_3_AutoML_17_20260420_195518,target_lag3,419.50473185539244
1,0,0.1,GBM_3_AutoML_17_20260420_195518,target_lag4,394.7071255493164
1,0,0.1,GBM_3_AutoML_17_20260420_195518,target_lag5,90.28623938560486
1,0,0.1,GBM_3_AutoML_17_20260420_195518,target_lag6,116.61084822177887
1,0,0.1,GBM_3_AutoML_17_20260420_195518,month_lag1,31.718880494236945
1,0,0.1,GBM_3_AutoML_17_20260420_195518,trend_lag1,24.772515379190445
1,0,0.1,GBM_3_AutoML_17_20260420_195518,month_sin,13.174043810963632
1,0,0.1,GBM_3_AutoML_17_20260420_195518,month_cos,58.15284658074379
1,0,0.1,GBM_3_AutoML_17_20260420_195518,year,4.440356295108796
1,0,0.1,GBM_grid_1_AutoML_17_20260420_195518_model_3,target_lag1,718.8774465942383
1,0,0.1,GBM_grid_1_AutoML_17_20260420_195518_model_3,target_lag2,848.5879113769531
1,0,0.1,GBM_grid_1_AutoML_17_20260420_195518_model_3,target_lag3,432.6990363311768
1,0,0.1,GBM_grid_1_AutoML_17_20260420_195518_model_3,target_lag4,271.0205135345459
1,0,0.1,GBM_grid_1_AutoML_17_20260420_195518_model_3,target_lag5,93.56868097543716
1,0,0.1,GBM_grid_1_AutoML_17_20260420_195518_model_3,target_lag6,183.28395795822144
1,0,0.1,GBM_grid_1_AutoML_17_20260420_195518_model_3,month_lag1,35.77258304595947
1,0,0.1,GBM_grid_1_AutoML_17_20260420_195518_model_3,trend_lag1,27.830955233573913
1,0,0.1,GBM_grid_1_AutoML_17_20260420_195518_model_3,month_sin,12.432082301676273
1,0,0.1,GBM_grid_1_AutoML_17_20260420_195518_model_3,month_cos,59.847248306274416
1,0,0.1,GBM_grid_1_AutoML_17_20260420_195518_model_3,year,9.299996073246001
1,0,0.1,XGBoost_2_AutoML_17_20260420_195518,target_lag1,895.3879162597656
1,0,0.1,XGBoost_2_AutoML_17_20260420_195518,target_lag2,485.1900768661499
1,0,0.1,XGBoost_2_AutoML_17_20260420_195518,target_lag3,58.275907802581784
1,0,0.1,XGBoost_2_AutoML_17_20260420_195518,target_lag4,868.0453051757812
1,0,0.1,XGBoost_2_AutoML_17_20260420_195518,target_lag5,78.4496588087082
1,0,0.1,XGBoost_2_AutoML_17_20260420_195518,target_lag6,265.60157723993063
1,0,0.1,XGBoost_2_AutoML_17_20260420_195518,month_lag1,71.19518341064453
1,0,0.1,XGBoost_2_AutoML_17_20260420_195518,trend_lag1,39.192775381803514
1,0,0.1,XGBoost_2_AutoML_17_20260420_195518,month_sin,24.03048104405403
1,0,0.1,XGBoost_2_AutoML_17_20260420_195518,month_cos,35.57226687431336
1,0,0.1,XGBoost_2_AutoML_17_20260420_195518,year,11.188077628612518
1,0,0.1,XGBoost_grid_1_AutoML_17_20260420_195518_model_2,target_lag1,615.3746547317505
1,0,0.1,XGBoost_grid_1_AutoML_17_20260420_195518_model_2,target_lag2,940.3209762382508
1,0,0.1,XGBoost_grid_1_AutoML_17_20260420_195518_model_2,target_lag3,208.4269168624282
1,0,0.1,XGBoost_grid_1_AutoML_17_20260420_195518_model_2,target_lag4,693.7601062011719
1,0,0.1,XGBoost_grid_1_AutoML_17_20260420_195518_model_2,target_lag5,66.0003870433569
1,0,0.1,XGBoost_grid_1_AutoML_17_20260420_195518_model_2,target_lag6,91.64531707286835
1,0,0.1,XGBoost_grid_1_AutoML_17_20260420_195518_model_2,month_lag1,40.63730737388134
1,0,0.1,XGBoost_grid_1_AutoML_17_20260420_195518_model_2,trend_lag1,18.98597326874733
1,0,0.1,XGBoost_grid_1_AutoML_17_20260420_195518_model_2,month_sin,12.818223111629486
1,0,0.1,XGBoost_grid_1_AutoML_17_20260420_195518_model_2,month_cos,61.964216129779814
1,0,0.1,XGBoost_grid_1_AutoML_17_20260420_195518_model_2,year,0.7917226135730744
1,0,0.1,XGBoost_grid_1_AutoML_17_20260420_195518_model_5,target_lag1,1374.9550609874725
1,0,0.1,XGBoost_grid_1_AutoML_17_20260420_195518_model_5,target_lag2,92.08728993177414
1,0,0.1,XGBoost_grid_1_AutoML_17_20260420_195518_model_5,target_lag3,341.8865999412537
1,0,0.1,XGBoost_grid_1_AutoML_17_20260420_195518_model_5,target_lag4,359.55868659973146
1,0,0.1,XGBoost_grid_1_AutoML_17_20260420_195518_model_5,target_lag5,195.8225252556801
1,0,0.1,XGBoost_grid_1_AutoML_17_20260420_195518_model_5,target_lag6,181.61650215148927
1,0,0.1,XGBoost_grid_1_AutoML_17_20260420_195518_model_5,month_lag1,24.384479051232336
1,0,0.1,XGBoost_grid_1_AutoML_17_20260420_195518_model_5,trend_lag1,24.766542568802834
1,0,0.1,XGBoost_grid_1_AutoML_17_20260420_195518_model_5,month_sin,23.844979734420775
1,0,0.1,XGBoost_grid_1_AutoML_17_20260420_195518_model_5,month_cos,57.088183879852295
1,0,0.1,XGBoost_grid_1_AutoML_17_20260420_195518_model_5,year,1.4826925324182958
1,0,0.1,XGBoost_grid_1_AutoML_17_20260420_195518_model_1,target_lag1,843.1327070903778
1,0,0.1,XGBoost_grid_1_AutoML_17_20260420_195518_model_1,target_lag2,596.0799008178711
1,0,0.1,XGBoost_grid_1_AutoML_17_20260420_195518_model_1,target_lag3,374.78085220336914
1,0,0.1,XGBoost_grid_1_AutoML_17_20260420_195518_model_1,target_lag4,707.2296713256836
1,0,0.1,XGBoost_grid_1_AutoML_17_20260420_195518_model_1,target_lag5,49.98371459007263
1,0,0.1,XGBoost_grid_1_AutoML_17_20260420_195518_model_1,target_lag6,106.22588151931762
1,0,0.1,XGBoost_grid_1_AutoML_17_20260420_195518_model_1,month_lag1,30.689419950246812
1,0,0.1,XGBoost_grid_1_AutoML_17_20260420_195518_model_1,trend_lag1,20.53932238817215
1,0,0.1,XGBoost_grid_1_AutoML_17_20260420_195518_model_1,month_sin,9.992521107792854
1,0,0.1,XGBoost_grid_1_AutoML_17_20260420_195518_model_1,month_cos,82.44746713876724
1,0,0.1,XGBoost_grid_1_AutoML_17_20260420_195518_model_1,year,0.0
1,0,0.2,XRT_1_AutoML_17_20260420_195518,target_lag1,586.6696256923675
1,0,0.2,XRT_1_AutoML_17_20260420_195518,target_lag2,627.7224118804932
1,0,0.2,XRT_1_AutoML_17_20260420_195518,target_lag3,349.9166315937042
1,0,0.2,XRT_1_AutoML_17_20260420_195518,target_lag4,278.9653717041016
1,0,0.2,XRT_1_AutoML_17_20260420_195518,target_lag5,196.41394891738892
1,0,0.2,XRT_1_AutoML_17_20260420_195518,target_lag6,180.36187002420425
1,0,0.2,XRT_1_AutoML_17_20260420_195518,month_lag1,26.900890728831293
1,0,0.2,XRT_1_AutoML_17_20260420_195518,trend_lag1,27.37790463447571
1,0,0.2,XRT_1_AutoML_17_20260420_195518,month_sin,9.012704193294049
1,0,0.2,XRT_1_AutoML_17_20260420_195518,month_cos,50.67117937728763
1,0,0.2,XRT_1_AutoML_17_20260420_195518,year,86.19173309326172
1,0,0.2,GBM_4_AutoML_17_20260420_195518,target_lag1,828.418151473999
1,0,0.2,GBM_4_AutoML_17_20260420_195518,target_lag2,651.191552734375
1,0,0.2,GBM_4_AutoML_17_20260420_195518,target_lag3,237.3946917295456
1,0,0.2,GBM_4_AutoML_17_20260420_195518,target_lag4,702.4067623901367
1,0,0.2,GBM_4_AutoML_17_20260420_195518,target_lag5,104.09377528190613
1,0,0.2,GBM_4_AutoML_17_20260420_195518,target_lag6,126.95138766288757
1,0,0.2,GBM_4_AutoML_17_20260420_195518,month_lag1,30.77325096666813
1,0,0.2,GBM_4_AutoML_17_20260420_195518,trend_lag1,13.182679907679558
1,0,0.2,GBM_4_AutoML_17_20260420_195518,month_sin,11.423658446073532
1,0,0.2,GBM_4_AutoML_17_20260420_195518,month_cos,49.5563102696836
1,0,0.2,GBM_4_AutoML_17_20260420_195518,year,5.3900541961193085
1,0,0.2,GBM_5_AutoML_17_20260420_195518,target_lag1,1101.4770944213867
1,0,0.2,GBM_5_AutoML_17_20260420_195518,target_lag2,592.5995831298828
1,0,0.2,GBM_5_AutoML_17_20260420_195518,target_lag3,247.27596071243286
1,0,0.2,GBM_5_AutoML_17_20260420_195518,target_lag4,380.93158081054685
1,0,0.2,GBM_5_AutoML_17_20260420_195518,target_lag5,70.44292070150375
1,0,0.2,GBM_5_AutoML_17_20260420_195518,target_lag6,158.88630855560302
1,0,0.2,GBM_5_AutoML_17_20260420_195518,month_lag1,28.996478035449982
1,0,0.2,GBM_5_AutoML_17_20260420_195518,trend_lag1,11.66089102730155
1,0,0.2,GBM_5_AutoML_17_20260420_195518,month_sin,9.526960863173008
1,0,0.2,GBM_5_AutoML_17_20260420_195518,month_cos,37.48415158748627
1,0,0.2,GBM_5_AutoML_17_20260420_195518,year,8.287025948166848
1,0,0.2,GBM_2_AutoML_17_20260420_195518,target_lag1,975.4285970306396
1,0,0.2,GBM_2_AutoML_17_20260420_195518,target_lag2,537.6511503982543
1,0,0.2,GBM_2_AutoML_17_20260420_195518,target_lag3,262.37656341552736
1,0,0.2,GBM_2_AutoML_17_20260420_195518,target_lag4,593.1736627197265
1,0,0.2,GBM_2_AutoML_17_20260420_195518,target_lag5,102.56964109420777
1,0,0.2,GBM_2_AutoML_17_20260420_195518,target_lag6,141.75192249298095
1,0,0.2,GBM_2_AutoML_17_20260420_195518,month_lag1,27.91785281389952
1,0,0.2,GBM_2_AutoML_17_20260420_195518,trend_lag1,11.4355075378716
1,0,0.2,GBM_2_AutoML_17_20260420_195518,month_sin,9.32927562892437
1,0,0.2,GBM_2_AutoML_17_20260420_195518,month_cos,51.11353078365326
1,0,0.2,GBM_2_AutoML_17_20260420_195518,year,8.010914647579193
1,0,0.2,XGBoost_grid_1_AutoML_17_20260420_195518_model_4,target_lag1,1449.1853033447267
1,0,0.2,XGBoost_grid_1_AutoML_17_20260420_195518_model_4,target_lag2,486.4889254760742
1,0,0.2,XGBoost_grid_1_AutoML_17_20260420_195518_model_4,target_lag3,162.6469556760788
1,0,0.2,XGBoost_grid_1_AutoML_17_20260420_195518_model_4,target_lag4,389.61650386810305
1,0,0.2,XGBoost_grid_1_AutoML_17_20260420_195518_model_4,target_lag5,49.575459728240965
1,0,0.2,XGBoost_grid_1_AutoML_17_20260420_195518_model_4,target_lag6,106.92184288859367
1,0,0.2,XGBoost_grid_1_AutoML_17_20260420_195518_model_4,month_lag1,45.672103650569916
1,0,0.2,XGBoost_grid_1_AutoML_17_20260420_195518_model_4,trend_lag1,26.5680433730036
1,0,0.2,XGBoost_grid_1_AutoML_17_20260420_195518_model_4,month_sin,9.214483379721642
1,0,0.2,XGBoost_grid_1_AutoML_17_20260420_195518_model_4,month_cos,25.996408770084383
1,0,0.2,XGBoost_grid_1_AutoML_17_20260420_195518_model_4,year,2.702080695480108
1,0,0.2,DRF_1_AutoML_17_20260420_195518,target_lag1,660.6127774953842
1,0,0.2,DRF_1_AutoML_17_20260420_195518,target_lag2,316.6778634762764
1,0,0.2,DRF_1_AutoML_17_20260420_195518,target_lag3,304.74028423309323
1,0,0.2,DRF_1_AutoML_17_20260420_195518,target_lag4,463.2388635253906
1,0,0.2,DRF_1_AutoML_17_20260420_195518,target_lag5,289.0695894050598
1,0,0.2,DRF_1_AutoML_17_20260420_195518,target_lag6,212.45070781707764
1,0,0.2,DRF_1_AutoML_17_20260420_195518,month_lag1,26.154052079319953
1,0,0.2,DRF_1_AutoML_17_20260420_195518,trend_lag1,23.346133975982667
1,0,0.2,DRF_1_AutoML_17_20260420_195518,month_sin,20.869280410036446
1,0,0.2,DRF_1_AutoML_17_20260420_195518,month_cos,34.031196937561035
1,0,0.2,DRF_1_AutoML_17_20260420_195518,year,27.719251499176025
1,0,0.2,GBM_3_AutoML_17_20260420_195518,target_lag1,911.0922085571289
1,0,0.2,GBM_3_AutoML_17_20260420_195518,target_lag2,629.3242501831055
1,0,0.2,GBM_3_AutoML_17_20260420_195518,target_lag3,419.50473185539244
1,0,0.2,GBM_3_AutoML_17_20260420_195518,target_lag4,394.7071255493164
1,0,0.2,GBM_3_AutoML_17_20260420_195518,target_lag5,90.28623938560486
1,0,0.2,GBM_3_AutoML_17_20260420_195518,target_lag6,116.61084822177887
1,0,0.2,GBM_3_AutoML_17_20260420_195518,month_lag1,31.718880494236945
1,0,0.2,GBM_3_AutoML_17_20260420_195518,trend_lag1,24.772515379190445
1,0,0.2,GBM_3_AutoML_17_20260420_195518,month_sin,13.174043810963632
1,0,0.2,GBM_3_AutoML_17_20260420_195518,month_cos,58.15284658074379
1,0,0.2,GBM_3_AutoML_17_20260420_195518,year,4.440356295108796
1,0,0.2,GBM_grid_1_AutoML_17_20260420_195518_model_3,target_lag1,718.8774465942383
1,0,0.2,GBM_grid_1_AutoML_17_20260420_195518_model_3,target_lag2,848.5879113769531
1,0,0.2,GBM_grid_1_AutoML_17_20260420_195518_model_3,target_lag3,432.6990363311768
1,0,0.2,GBM_grid_1_AutoML_17_20260420_195518_model_3,target_lag4,271.0205135345459
1,0,0.2,GBM_grid_1_AutoML_17_20260420_195518_model_3,target_lag5,93.56868097543716
1,0,0.2,GBM_grid_1_AutoML_17_20260420_195518_model_3,target_lag6,183.28395795822144
1,0,0.2,GBM_grid_1_AutoML_17_20260420_195518_model_3,month_lag1,35.77258304595947
1,0,0.2,GBM_grid_1_AutoML_17_20260420_195518_model_3,trend_lag1,27.830955233573913
1,0,0.2,GBM_grid_1_AutoML_17_20260420_195518_model_3,month_sin,12.432082301676273
1,0,0.2,GBM_grid_1_AutoML_17_20260420_195518_model_3,month_cos,59.847248306274416
1,0,0.2,GBM_grid_1_AutoML_17_20260420_195518_model_3,year,9.299996073246001
1,0,0.2,XGBoost_2_AutoML_17_20260420_195518,target_lag1,895.3879162597656
1,0,0.2,XGBoost_2_AutoML_17_20260420_195518,target_lag2,485.1900768661499
1,0,0.2,XGBoost_2_AutoML_17_20260420_195518,target_lag3,58.275907802581784
1,0,0.2,XGBoost_2_AutoML_17_20260420_195518,target_lag4,868.0453051757812
1,0,0.2,XGBoost_2_AutoML_17_20260420_195518,target_lag5,78.4496588087082
1,0,0.2,XGBoost_2_AutoML_17_20260420_195518,target_lag6,265.60157723993063
1,0,0.2,XGBoost_2_AutoML_17_20260420_195518,month_lag1,71.19518341064453
1,0,0.2,XGBoost_2_AutoML_17_20260420_195518,trend_lag1,39.192775381803514
1,0,0.2,XGBoost_2_AutoML_17_20260420_195518,month_sin,24.03048104405403
1,0,0.2,XGBoost_2_AutoML_17_20260420_195518,month_cos,35.57226687431336
1,0,0.2,XGBoost_2_AutoML_17_20260420_195518,year,11.188077628612518
1,0,0.2,XGBoost_grid_1_AutoML_17_20260420_195518_model_2,target_lag1,615.3746547317505
1,0,0.2,XGBoost_grid_1_AutoML_17_20260420_195518_model_2,target_lag2,940.3209762382508
1,0,0.2,XGBoost_grid_1_AutoML_17_20260420_195518_model_2,target_lag3,208.4269168624282
1,0,0.2,XGBoost_grid_1_AutoML_17_20260420_195518_model_2,target_lag4,693.7601062011719
1,0,0.2,XGBoost_grid_1_AutoML_17_20260420_195518_model_2,target_lag5,66.0003870433569
1,0,0.2,XGBoost_grid_1_AutoML_17_20260420_195518_model_2,target_lag6,91.64531707286835
1,0,0.2,XGBoost_grid_1_AutoML_17_20260420_195518_model_2,month_lag1,40.63730737388134
1,0,0.2,XGBoost_grid_1_AutoML_17_20260420_195518_model_2,trend_lag1,18.98597326874733
1,0,0.2,XGBoost_grid_1_AutoML_17_20260420_195518_model_2,month_sin,12.818223111629486
1,0,0.2,XGBoost_grid_1_AutoML_17_20260420_195518_model_2,month_cos,61.964216129779814
1,0,0.2,XGBoost_grid_1_AutoML_17_20260420_195518_model_2,year,0.7917226135730744
1,0,0.2,XGBoost_grid_1_AutoML_17_20260420_195518_model_5,target_lag1,1374.9550609874725
1,0,0.2,XGBoost_grid_1_AutoML_17_20260420_195518_model_5,target_lag2,92.08728993177414
1,0,0.2,XGBoost_grid_1_AutoML_17_20260420_195518_model_5,target_lag3,341.8865999412537
1,0,0.2,XGBoost_grid_1_AutoML_17_20260420_195518_model_5,target_lag4,359.55868659973146
1,0,0.2,XGBoost_grid_1_AutoML_17_20260420_195518_model_5,target_lag5,195.8225252556801
1,0,0.2,XGBoost_grid_1_AutoML_17_20260420_195518_model_5,target_lag6,181.61650215148927
1,0,0.2,XGBoost_grid_1_AutoML_17_20260420_195518_model_5,month_lag1,24.384479051232336
1,0,0.2,XGBoost_grid_1_AutoML_17_20260420_195518_model_5,trend_lag1,24.766542568802834
1,0,0.2,XGBoost_grid_1_AutoML_17_20260420_195518_model_5,month_sin,23.844979734420775
1,0,0.2,XGBoost_grid_1_AutoML_17_20260420_195518_model_5,month_cos,57.088183879852295
1,0,0.2,XGBoost_grid_1_AutoML_17_20260420_195518_model_5,year,1.4826925324182958
1,0,0.2,XGBoost_grid_1_AutoML_17_20260420_195518_model_1,target_lag1,843.1327070903778
1,0,0.2,XGBoost_grid_1_AutoML_17_20260420_195518_model_1,target_lag2,596.0799008178711
1,0,0.2,XGBoost_grid_1_AutoML_17_20260420_195518_model_1,target_lag3,374.78085220336914
1,0,0.2,XGBoost_grid_1_AutoML_17_20260420_195518_model_1,target_lag4,707.2296713256836
1,0,0.2,XGBoost_grid_1_AutoML_17_20260420_195518_model_1,target_lag5,49.98371459007263
1,0,0.2,XGBoost_grid_1_AutoML_17_20260420_195518_model_1,target_lag6,106.22588151931762
1,0,0.2,XGBoost_grid_1_AutoML_17_20260420_195518_model_1,month_lag1,30.689419950246812
1,0,0.2,XGBoost_grid_1_AutoML_17_20260420_195518_model_1,trend_lag1,20.53932238817215
1,0,0.2,XGBoost_grid_1_AutoML_17_20260420_195518_model_1,month_sin,9.992521107792854
1,0,0.2,XGBoost_grid_1_AutoML_17_20260420_195518_model_1,month_cos,82.44746713876724
1,0,0.2,XGBoost_grid_1_AutoML_17_20260420_195518_model_1,year,0.0
1,0,0.2,XGBoost_grid_1_AutoML_17_20260420_195518_model_3,target_lag1,768.589727063179
1,0,0.2,XGBoost_grid_1_AutoML_17_20260420_195518_model_3,target_lag2,546.4840415191651
1,0,0.2,XGBoost_grid_1_AutoML_17_20260420_195518_model_3,target_lag3,575.2196647644043
1,0,0.2,XGBoost_grid_1_AutoML_17_20260420_195518_model_3,target_lag4,195.2611068725586
1,0,0.2,XGBoost_grid_1_AutoML_17_20260420_195518_model_3,target_lag5,244.0785780566931
1,0,0.2,XGBoost_grid_1_AutoML_17_20260420_195518_model_3,target_lag6,169.53759459495544
1,0,0.2,XGBoost_grid_1_AutoML_17_20260420_195518_model_3,month_lag1,19.41971704483032
1,0,0.2,XGBoost_grid_1_AutoML_17_20260420_195518_model_3,trend_lag1,11.64904328674078
1,0,0.2,XGBoost_grid_1_AutoML_17_20260420_195518_model_3,month_sin,22.9772389626503
1,0,0.2,XGBoost_grid_1_AutoML_17_20260420_195518_model_3,month_cos,53.16242793560028
1,0,0.2,XGBoost_grid_1_AutoML_17_20260420_195518_model_3,year,2.782417211374268
1,0,0.2,XGBoost_3_AutoML_17_20260420_195518,target_lag1,849.205546875
1,0,0.2,XGBoost_3_AutoML_17_20260420_195518,target_lag2,742.1333474731446
1,0,0.2,XGBoost_3_AutoML_17_20260420_195518,target_lag3,225.22627241134643
1,0,0.2,XGBoost_3_AutoML_17_20260420_195518,target_lag4,459.8017171859741
1,0,0.2,XGBoost_3_AutoML_17_20260420_195518,target_lag5,97.63379910945892
1,0,0.2,XGBoost_3_AutoML_17_20260420_195518,target_lag6,183.73653611540794
1,0,0.2,XGBoost_3_AutoML_17_20260420_195518,month_lag1,23.411600800305607
1,0,0.2,XGBoost_3_AutoML_17_20260420_195518,trend_lag1,23.196458826065065
1,0,0.2,XGBoost_3_AutoML_17_20260420_195518,month_sin,9.301950302124023
1,0,0.2,XGBoost_3_AutoML_17_20260420_195518,month_cos,85.38108480751515
1,0,0.2,XGBoost_3_AutoML_17_20260420_195518,year,9.235005769729614
1,0,0.2,XGBoost_1_AutoML_17_20260420_195518,target_lag1,1129.9523306655883
1,0,0.2,XGBoost_1_AutoML_17_20260420_195518,target_lag2,471.7223931503296
1,0,0.2,XGBoost_1_AutoML_17_20260420_195518,target_lag3,376.3012391281128
1,0,0.2,XGBoost_1_AutoML_17_20260420_195518,target_lag4,309.30097404479983
1,0,0.2,XGBoost_1_AutoML_17_20260420_195518,target_lag5,190.97033617973327
1,0,0.2,XGBoost_1_AutoML_17_20260420_195518,target_lag6,138.87092499732972
1,0,0.2,XGBoost_1_AutoML_17_20260420_195518,month_lag1,28.17116737127304
1,0,0.2,XGBoost_1_AutoML_17_20260420_195518,trend_lag1,38.55168439388275
1,0,0.2,XGBoost_1_AutoML_17_20260420_195518,month_sin,30.467735958099365
1,0,0.2,XGBoost_1_AutoML_17_20260420_195518,month_cos,56.64831836700439
1,0,0.2,XGBoost_1_AutoML_17_20260420_195518,year,12.978198325634002
1,0,0.2,XGBoost_grid_1_AutoML_17_20260420_195518_model_6,target_lag1,650.5898788452148
1,0,0.2,XGBoost_grid_1_AutoML_17_20260420_195518_model_6,target_lag2,690.1669585418701
1,0,0.2,XGBoost_grid_1_AutoML_17_20260420_195518_model_6,target_lag3,327.5549663543701
1,0,0.2,XGBoost_grid_1_AutoML_17_20260420_195518_model_6,target_lag4,627.733685913086
1,0,0.2,XGBoost_grid_1_AutoML_17_20260420_195518_model_6,target_lag5,144.11390981674194
1,0,0.2,XGBoost_grid_1_AutoML_17_20260420_195518_model_6,target_lag6,190.7215491771698
1,0,0.2,XGBoost_grid_1_AutoML_17_20260420_195518_model_6,month_lag1,24.496136689186095
1,0,0.2,XGBoost_grid_1_AutoML_17_20260420_195518_model_6,trend_lag1,11.972643761634826
1,0,0.2,XGBoost_grid_1_AutoML_17_20260420_195518_model_6,month_sin,8.579632358551025
1,0,0.2,XGBoost_grid_1_AutoML_17_20260420_195518_model_6,month_cos,70.65125381469727
1,0,0.2,XGBoost_grid_1_AutoML_17_20260420_195518_model_6,year,0.0
1,0,0.3,XRT_1_AutoML_17_20260420_195518,target_lag1,586.6696256923675
1,0,0.3,XRT_1_AutoML_17_20260420_195518,target_lag2,627.7224118804932
1,0,0.3,XRT_1_AutoML_17_20260420_195518,target_lag3,349.9166315937042
1,0,0.3,XRT_1_AutoML_17_20260420_195518,target_lag4,278.9653717041016
1,0,0.3,XRT_1_AutoML_17_20260420_195518,target_lag5,196.41394891738892
1,0,0.3,XRT_1_AutoML_17_20260420_195518,target_lag6,180.36187002420425
1,0,0.3,XRT_1_AutoML_17_20260420_195518,month_lag1,26.900890728831293
1,0,0.3,XRT_1_AutoML_17_20260420_195518,trend_lag1,27.37790463447571
1,0,0.3,XRT_1_AutoML_17_20260420_195518,month_sin,9.012704193294049
1,0,0.3,XRT_1_AutoML_17_20260420_195518,month_cos,50.67117937728763
1,0,0.3,XRT_1_AutoML_17_20260420_195518,year,86.19173309326172
1,0,0.3,GBM_4_AutoML_17_20260420_195518,target_lag1,828.418151473999
1,0,0.3,GBM_4_AutoML_17_20260420_195518,target_lag2,651.191552734375
1,0,0.3,GBM_4_AutoML_17_20260420_195518,target_lag3,237.3946917295456
1,0,0.3,GBM_4_AutoML_17_20260420_195518,target_lag4,702.4067623901367
1,0,0.3,GBM_4_AutoML_17_20260420_195518,target_lag5,104.09377528190613
1,0,0.3,GBM_4_AutoML_17_20260420_195518,target_lag6,126.95138766288757
1,0,0.3,GBM_4_AutoML_17_20260420_195518,month_lag1,30.77325096666813
1,0,0.3,GBM_4_AutoML_17_20260420_195518,trend_lag1,13.182679907679558
1,0,0.3,GBM_4_AutoML_17_20260420_195518,month_sin,11.423658446073532
1,0,0.3,GBM_4_AutoML_17_20260420_195518,month_cos,49.5563102696836
1,0,0.3,GBM_4_AutoML_17_20260420_195518,year,5.3900541961193085
1,0,0.3,GBM_5_AutoML_17_20260420_195518,target_lag1,1101.4770944213867
1,0,0.3,GBM_5_AutoML_17_20260420_195518,target_lag2,592.5995831298828
1,0,0.3,GBM_5_AutoML_17_20260420_195518,target_lag3,247.27596071243286
1,0,0.3,GBM_5_AutoML_17_20260420_195518,target_lag4,380.93158081054685
1,0,0.3,GBM_5_AutoML_17_20260420_195518,target_lag5,70.44292070150375
1,0,0.3,GBM_5_AutoML_17_20260420_195518,target_lag6,158.88630855560302
1,0,0.3,GBM_5_AutoML_17_20260420_195518,month_lag1,28.996478035449982
1,0,0.3,GBM_5_AutoML_17_20260420_195518,trend_lag1,11.66089102730155
1,0,0.3,GBM_5_AutoML_17_20260420_195518,month_sin,9.526960863173008
1,0,0.3,GBM_5_AutoML_17_20260420_195518,month_cos,37.48415158748627
1,0,0.3,GBM_5_AutoML_17_20260420_195518,year,8.287025948166848
1,0,0.3,GBM_2_AutoML_17_20260420_195518,target_lag1,975.4285970306396
1,0,0.3,GBM_2_AutoML_17_20260420_195518,target_lag2,537.6511503982543
1,0,0.3,GBM_2_AutoML_17_20260420_195518,target_lag3,262.37656341552736
1,0,0.3,GBM_2_AutoML_17_20260420_195518,target_lag4,593.1736627197265
1,0,0.3,GBM_2_AutoML_17_20260420_195518,target_lag5,102.56964109420777
1,0,0.3,GBM_2_AutoML_17_20260420_195518,target_lag6,141.75192249298095
1,0,0.3,GBM_2_AutoML_17_20260420_195518,month_lag1,27.91785281389952
1,0,0.3,GBM_2_AutoML_17_20260420_195518,trend_lag1,11.4355075378716
1,0,0.3,GBM_2_AutoML_17_20260420_195518,month_sin,9.32927562892437
1,0,0.3,GBM_2_AutoML_17_20260420_195518,month_cos,51.11353078365326
1,0,0.3,GBM_2_AutoML_17_20260420_195518,year,8.010914647579193
1,0,0.3,XGBoost_grid_1_AutoML_17_20260420_195518_model_4,target_lag1,1449.1853033447267
1,0,0.3,XGBoost_grid_1_AutoML_17_20260420_195518_model_4,target_lag2,486.4889254760742
1,0,0.3,XGBoost_grid_1_AutoML_17_20260420_195518_model_4,target_lag3,162.6469556760788
1,0,0.3,XGBoost_grid_1_AutoML_17_20260420_195518_model_4,target_lag4,389.61650386810305
1,0,0.3,XGBoost_grid_1_AutoML_17_20260420_195518_model_4,target_lag5,49.575459728240965
1,0,0.3,XGBoost_grid_1_AutoML_17_20260420_195518_model_4,target_lag6,106.92184288859367
1,0,0.3,XGBoost_grid_1_AutoML_17_20260420_195518_model_4,month_lag1,45.672103650569916
1,0,0.3,XGBoost_grid_1_AutoML_17_20260420_195518_model_4,trend_lag1,26.5680433730036
1,0,0.3,XGBoost_grid_1_AutoML_17_20260420_195518_model_4,month_sin,9.214483379721642
1,0,0.3,XGBoost_grid_1_AutoML_17_20260420_195518_model_4,month_cos,25.996408770084383
1,0,0.3,XGBoost_grid_1_AutoML_17_20260420_195518_model_4,year,2.702080695480108
1,0,0.3,DRF_1_AutoML_17_20260420_195518,target_lag1,660.6127774953842
1,0,0.3,DRF_1_AutoML_17_20260420_195518,target_lag2,316.6778634762764
1,0,0.3,DRF_1_AutoML_17_20260420_195518,target_lag3,304.74028423309323
1,0,0.3,DRF_1_AutoML_17_20260420_195518,target_lag4,463.2388635253906
1,0,0.3,DRF_1_AutoML_17_20260420_195518,target_lag5,289.0695894050598
1,0,0.3,DRF_1_AutoML_17_20260420_195518,target_lag6,212.45070781707764
1,0,0.3,DRF_1_AutoML_17_20260420_195518,month_lag1,26.154052079319953
1,0,0.3,DRF_1_AutoML_17_20260420_195518,trend_lag1,23.346133975982667
1,0,0.3,DRF_1_AutoML_17_20260420_195518,month_sin,20.869280410036446
1,0,0.3,DRF_1_AutoML_17_20260420_195518,month_cos,34.031196937561035
1,0,0.3,DRF_1_AutoML_17_20260420_195518,year,27.719251499176025
1,0,0.3,GBM_3_AutoML_17_20260420_195518,target_lag1,911.0922085571289
1,0,0.3,GBM_3_AutoML_17_20260420_195518,target_lag2,629.3242501831055
1,0,0.3,GBM_3_AutoML_17_20260420_195518,target_lag3,419.50473185539244
1,0,0.3,GBM_3_AutoML_17_20260420_195518,target_lag4,394.7071255493164
1,0,0.3,GBM_3_AutoML_17_20260420_195518,target_lag5,90.28623938560486
1,0,0.3,GBM_3_AutoML_17_20260420_195518,target_lag6,116.61084822177887
1,0,0.3,GBM_3_AutoML_17_20260420_195518,month_lag1,31.718880494236945
1,0,0.3,GBM_3_AutoML_17_20260420_195518,trend_lag1,24.772515379190445
1,0,0.3,GBM_3_AutoML_17_20260420_195518,month_sin,13.174043810963632
1,0,0.3,GBM_3_AutoML_17_20260420_195518,month_cos,58.15284658074379
1,0,0.3,GBM_3_AutoML_17_20260420_195518,year,4.440356295108796
1,0,0.3,GBM_grid_1_AutoML_17_20260420_195518_model_3,target_lag1,718.8774465942383
1,0,0.3,GBM_grid_1_AutoML_17_20260420_195518_model_3,target_lag2,848.5879113769531
1,0,0.3,GBM_grid_1_AutoML_17_20260420_195518_model_3,target_lag3,432.6990363311768
1,0,0.3,GBM_grid_1_AutoML_17_20260420_195518_model_3,target_lag4,271.0205135345459
1,0,0.3,GBM_grid_1_AutoML_17_20260420_195518_model_3,target_lag5,93.56868097543716
1,0,0.3,GBM_grid_1_AutoML_17_20260420_195518_model_3,target_lag6,183.28395795822144
1,0,0.3,GBM_grid_1_AutoML_17_20260420_195518_model_3,month_lag1,35.77258304595947
1,0,0.3,GBM_grid_1_AutoML_17_20260420_195518_model_3,trend_lag1,27.830955233573913
1,0,0.3,GBM_grid_1_AutoML_17_20260420_195518_model_3,month_sin,12.432082301676273
1,0,0.3,GBM_grid_1_AutoML_17_20260420_195518_model_3,month_cos,59.847248306274416
1,0,0.3,GBM_grid_1_AutoML_17_20260420_195518_model_3,year,9.299996073246001
1,0,0.3,XGBoost_2_AutoML_17_20260420_195518,target_lag1,895.3879162597656
1,0,0.3,XGBoost_2_AutoML_17_20260420_195518,target_lag2,485.1900768661499
1,0,0.3,XGBoost_2_AutoML_17_20260420_195518,target_lag3,58.275907802581784
1,0,0.3,XGBoost_2_AutoML_17_20260420_195518,target_lag4,868.0453051757812
1,0,0.3,XGBoost_2_AutoML_17_20260420_195518,target_lag5,78.4496588087082
1,0,0.3,XGBoost_2_AutoML_17_20260420_195518,target_lag6,265.60157723993063
1,0,0.3,XGBoost_2_AutoML_17_20260420_195518,month_lag1,71.19518341064453
1,0,0.3,XGBoost_2_AutoML_17_20260420_195518,trend_lag1,39.192775381803514
1,0,0.3,XGBoost_2_AutoML_17_20260420_195518,month_sin,24.03048104405403
1,0,0.3,XGBoost_2_AutoML_17_20260420_195518,month_cos,35.57226687431336
1,0,0.3,XGBoost_2_AutoML_17_20260420_195518,year,11.188077628612518
1,0,0.3,XGBoost_grid_1_AutoML_17_20260420_195518_model_2,target_lag1,615.3746547317505
1,0,0.3,XGBoost_grid_1_AutoML_17_20260420_195518_model_2,target_lag2,940.3209762382508
1,0,0.3,XGBoost_grid_1_AutoML_17_20260420_195518_model_2,target_lag3,208.4269168624282
1,0,0.3,XGBoost_grid_1_AutoML_17_20260420_195518_model_2,target_lag4,693.7601062011719
1,0,0.3,XGBoost_grid_1_AutoML_17_20260420_195518_model_2,target_lag5,66.0003870433569
1,0,0.3,XGBoost_grid_1_AutoML_17_20260420_195518_model_2,target_lag6,91.64531707286835
1,0,0.3,XGBoost_grid_1_AutoML_17_20260420_195518_model_2,month_lag1,40.63730737388134
1,0,0.3,XGBoost_grid_1_AutoML_17_20260420_195518_model_2,trend_lag1,18.98597326874733
1,0,0.3,XGBoost_grid_1_AutoML_17_20260420_195518_model_2,month_sin,12.818223111629486
1,0,0.3,XGBoost_grid_1_AutoML_17_20260420_195518_model_2,month_cos,61.964216129779814
1,0,0.3,XGBoost_grid_1_AutoML_17_20260420_195518_model_2,year,0.7917226135730744
1,0,0.3,XGBoost_grid_1_AutoML_17_20260420_195518_model_5,target_lag1,1374.9550609874725
1,0,0.3,XGBoost_grid_1_AutoML_17_20260420_195518_model_5,target_lag2,92.08728993177414
1,0,0.3,XGBoost_grid_1_AutoML_17_20260420_195518_model_5,target_lag3,341.8865999412537
1,0,0.3,XGBoost_grid_1_AutoML_17_20260420_195518_model_5,target_lag4,359.55868659973146
1,0,0.3,XGBoost_grid_1_AutoML_17_20260420_195518_model_5,target_lag5,195.8225252556801
1,0,0.3,XGBoost_grid_1_AutoML_17_20260420_195518_model_5,target_lag6,181.61650215148927
1,0,0.3,XGBoost_grid_1_AutoML_17_20260420_195518_model_5,month_lag1,24.384479051232336
1,0,0.3,XGBoost_grid_1_AutoML_17_20260420_195518_model_5,trend_lag1,24.766542568802834
1,0,0.3,XGBoost_grid_1_AutoML_17_20260420_195518_model_5,month_sin,23.844979734420775
1,0,0.3,XGBoost_grid_1_AutoML_17_20260420_195518_model_5,month_cos,57.088183879852295
1,0,0.3,XGBoost_grid_1_AutoML_17_20260420_195518_model_5,year,1.4826925324182958
1,0,0.3,XGBoost_grid_1_AutoML_17_20260420_195518_model_1,target_lag1,843.1327070903778
1,0,0.3,XGBoost_grid_1_AutoML_17_20260420_195518_model_1,target_lag2,596.0799008178711
1,0,0.3,XGBoost_grid_1_AutoML_17_20260420_195518_model_1,target_lag3,374.78085220336914
1,0,0.3,XGBoost_grid_1_AutoML_17_20260420_195518_model_1,target_lag4,707.2296713256836
1,0,0.3,XGBoost_grid_1_AutoML_17_20260420_195518_model_1,target_lag5,49.98371459007263
1,0,0.3,XGBoost_grid_1_AutoML_17_20260420_195518_model_1,target_lag6,106.22588151931762
1,0,0.3,XGBoost_grid_1_AutoML_17_20260420_195518_model_1,month_lag1,30.689419950246812
1,0,0.3,XGBoost_grid_1_AutoML_17_20260420_195518_model_1,trend_lag1,20.53932238817215
1,0,0.3,XGBoost_grid_1_AutoML_17_20260420_195518_model_1,month_sin,9.992521107792854
1,0,0.3,XGBoost_grid_1_AutoML_17_20260420_195518_model_1,month_cos,82.44746713876724
1,0,0.3,XGBoost_grid_1_AutoML_17_20260420_195518_model_1,year,0.0
1,0,0.3,XGBoost_grid_1_AutoML_17_20260420_195518_model_3,target_lag1,768.589727063179
1,0,0.3,XGBoost_grid_1_AutoML_17_20260420_195518_model_3,target_lag2,546.4840415191651
1,0,0.3,XGBoost_grid_1_AutoML_17_20260420_195518_model_3,target_lag3,575.2196647644043
1,0,0.3,XGBoost_grid_1_AutoML_17_20260420_195518_model_3,target_lag4,195.2611068725586
1,0,0.3,XGBoost_grid_1_AutoML_17_20260420_195518_model_3,target_lag5,244.0785780566931
1,0,0.3,XGBoost_grid_1_AutoML_17_20260420_195518_model_3,target_lag6,169.53759459495544
1,0,0.3,XGBoost_grid_1_AutoML_17_20260420_195518_model_3,month_lag1,19.41971704483032
1,0,0.3,XGBoost_grid_1_AutoML_17_20260420_195518_model_3,trend_lag1,11.64904328674078
1,0,0.3,XGBoost_grid_1_AutoML_17_20260420_195518_model_3,month_sin,22.9772389626503
1,0,0.3,XGBoost_grid_1_AutoML_17_20260420_195518_model_3,month_cos,53.16242793560028
1,0,0.3,XGBoost_grid_1_AutoML_17_20260420_195518_model_3,year,2.782417211374268
1,0,0.3,XGBoost_3_AutoML_17_20260420_195518,target_lag1,849.205546875
1,0,0.3,XGBoost_3_AutoML_17_20260420_195518,target_lag2,742.1333474731446
1,0,0.3,XGBoost_3_AutoML_17_20260420_195518,target_lag3,225.22627241134643
1,0,0.3,XGBoost_3_AutoML_17_20260420_195518,target_lag4,459.8017171859741
1,0,0.3,XGBoost_3_AutoML_17_20260420_195518,target_lag5,97.63379910945892
1,0,0.3,XGBoost_3_AutoML_17_20260420_195518,target_lag6,183.73653611540794
1,0,0.3,XGBoost_3_AutoML_17_20260420_195518,month_lag1,23.411600800305607
1,0,0.3,XGBoost_3_AutoML_17_20260420_195518,trend_lag1,23.196458826065065
1,0,0.3,XGBoost_3_AutoML_17_20260420_195518,month_sin,9.301950302124023
1,0,0.3,XGBoost_3_AutoML_17_20260420_195518,month_cos,85.38108480751515
1,0,0.3,XGBoost_3_AutoML_17_20260420_195518,year,9.235005769729614
1,0,0.3,XGBoost_1_AutoML_17_20260420_195518,target_lag1,1129.9523306655883
1,0,0.3,XGBoost_1_AutoML_17_20260420_195518,target_lag2,471.7223931503296
1,0,0.3,XGBoost_1_AutoML_17_20260420_195518,target_lag3,376.3012391281128
1,0,0.3,XGBoost_1_AutoML_17_20260420_195518,target_lag4,309.30097404479983
1,0,0.3,XGBoost_1_AutoML_17_20260420_195518,target_lag5,190.97033617973327
1,0,0.3,XGBoost_1_AutoML_17_20260420_195518,target_lag6,138.87092499732972
1,0,0.3,XGBoost_1_AutoML_17_20260420_195518,month_lag1,28.17116737127304
1,0,0.3,XGBoost_1_AutoML_17_20260420_195518,trend_lag1,38.55168439388275
1,0,0.3,XGBoost_1_AutoML_17_20260420_195518,month_sin,30.467735958099365
1,0,0.3,XGBoost_1_AutoML_17_20260420_195518,month_cos,56.64831836700439
1,0,0.3,XGBoost_1_AutoML_17_20260420_195518,year,12.978198325634002
1,0,0.3,XGBoost_grid_1_AutoML_17_20260420_195518_model_6,target_lag1,650.5898788452148
1,0,0.3,XGBoost_grid_1_AutoML_17_20260420_195518_model_6,target_lag2,690.1669585418701
1,0,0.3,XGBoost_grid_1_AutoML_17_20260420_195518_model_6,target_lag3,327.5549663543701
1,0,0.3,XGBoost_grid_1_AutoML_17_20260420_195518_model_6,target_lag4,627.733685913086
1,0,0.3,XGBoost_grid_1_AutoML_17_20260420_195518_model_6,target_lag5,144.11390981674194
1,0,0.3,XGBoost_grid_1_AutoML_17_20260420_195518_model_6,target_lag6,190.7215491771698
1,0,0.3,XGBoost_grid_1_AutoML_17_20260420_195518_model_6,month_lag1,24.496136689186095
1,0,0.3,XGBoost_grid_1_AutoML_17_20260420_195518_model_6,trend_lag1,11.972643761634826
1,0,0.3,XGBoost_grid_1_AutoML_17_20260420_195518_model_6,month_sin,8.579632358551025
1,0,0.3,XGBoost_grid_1_AutoML_17_20260420_195518_model_6,month_cos,70.65125381469727
1,0,0.3,XGBoost_grid_1_AutoML_17_20260420_195518_model_6,year,0.0
0,1,0.02,XRT_1_AutoML_19_20260420_195545,target_lag1,521.5931334686279
0,1,0.02,XRT_1_AutoML_19_20260420_195545,target_lag2,493.9184754562378
0,1,0.02,XRT_1_AutoML_19_20260420_195545,target_lag3,250.8643988609314
0,1,0.02,XRT_1_AutoML_19_20260420_195545,target_lag4,279.15667741298677
0,1,0.02,XRT_1_AutoML_19_20260420_195545,target_lag5,433.09710372924803
0,1,0.02,XRT_1_AutoML_19_20260420_195545,target_lag6,166.67801908016204
0,1,0.02,XRT_1_AutoML_19_20260420_195545,month_lag1,10.712326877117157
0,1,0.02,XRT_1_AutoML_19_20260420_195545,trend_lag1,37.629272813796995
0,1,0.02,XRT_1_AutoML_19_20260420_195545,month_sin,10.960876665711403
0,1,0.02,XRT_1_AutoML_19_20260420_195545,month_cos,33.86758012294769
0,1,0.02,XRT_1_AutoML_19_20260420_195545,year,56.6433283996582
0,1,0.05,XRT_1_AutoML_19_20260420_195545,target_lag1,521.5931334686279
0,1,0.05,XRT_1_AutoML_19_20260420_195545,target_lag2,493.9184754562378
0,1,0.05,XRT_1_AutoML_19_20260420_195545,target_lag3,250.8643988609314
0,1,0.05,XRT_1_AutoML_19_20260420_195545,target_lag4,279.15667741298677
0,1,0.05,XRT_1_AutoML_19_20260420_195545,target_lag5,433.09710372924803
0,1,0.05,XRT_1_AutoML_19_20260420_195545,target_lag6,166.67801908016204
0,1,0.05,XRT_1_AutoML_19_20260420_195545,month_lag1,10.712326877117157
0,1,0.05,XRT_1_AutoML_19_20260420_195545,trend_lag1,37.629272813796995
0,1,0.05,XRT_1_AutoML_19_20260420_195545,month_sin,10.960876665711403
0,1,0.05,XRT_1_AutoML_19_20260420_195545,month_cos,33.86758012294769
0,1,0.05,XRT_1_AutoML_19_20260420_195545,year,56.6433283996582
0,1,0.05,GBM_grid_1_AutoML_19_20260420_195545_model_2,target_lag1,756.3314880371094
0,1,0.05,GBM_grid_1_AutoML_19_20260420_195545_model_2,target_lag2,666.9411245131492
0,1,0.05,GBM_grid_1_AutoML_19_20260420_195545_model_2,target_lag3,184.50672706604004
0,1,0.05,GBM_grid_1_AutoML_19_20260420_195545_model_2,target_lag4,484.89267669677736
0,1,0.05,GBM_grid_1_AutoML_19_20260420_195545_model_2,target_lag5,62.252705824375155
0,1,0.05,GBM_grid_1_AutoML_19_20260420_195545_model_2,target_lag6,204.76188875198363
0,1,0.05,GBM_grid_1_AutoML_19_20260420_195545_model_2,month_lag1,23.49698167771101
0,1,0.05,GBM_grid_1_AutoML_19_20260420_195545_model_2,trend_lag1,5.012502343654632
0,1,0.05,GBM_grid_1_AutoML_19_20260420_195545_model_2,month_sin,5.769707293510437
0,1,0.05,GBM_grid_1_AutoML_19_20260420_195545_model_2,month_cos,59.8083529663086
0,1,0.05,GBM_grid_1_AutoML_19_20260420_195545_model_2,year,3.349405128955841
0,1,0.05,DRF_1_AutoML_19_20260420_195545,target_lag1,408.4840305900574
0,1,0.05,DRF_1_AutoML_19_20260420_195545,target_lag2,653.4658324813843
0,1,0.05,DRF_1_AutoML_19_20260420_195545,target_lag3,335.0810450744629
0,1,0.05,DRF_1_AutoML_19_20260420_195545,target_lag4,244.15746498823165
0,1,0.05,DRF_1_AutoML_19_20260420_195545,target_lag5,332.7602246284485
0,1,0.05,DRF_1_AutoML_19_20260420_195545,target_lag6,134.99678277730942
0,1,0.05,DRF_1_AutoML_19_20260420_195545,month_lag1,29.309223906993864
0,1,0.05,DRF_1_AutoML_19_20260420_195545,trend_lag1,76.27609825134277
0,1,0.05,DRF_1_AutoML_19_20260420_195545,month_sin,11.159798048138619
0,1,0.05,DRF_1_AutoML_19_20260420_195545,month_cos,35.2140727853775
0,1,0.05,DRF_1_AutoML_19_20260420_195545,year,12.464286507964134
0,1,0.1,XRT_1_AutoML_19_20260420_195545,target_lag1,521.5931334686279
0,1,0.1,XRT_1_AutoML_19_20260420_195545,target_lag2,493.9184754562378
0,1,0.1,XRT_1_AutoML_19_20260420_195545,target_lag3,250.8643988609314
0,1,0.1,XRT_1_AutoML_19_20260420_195545,target_lag4,279.15667741298677
0,1,0.1,XRT_1_AutoML_19_20260420_195545,target_lag5,433.09710372924803
0,1,0.1,XRT_1_AutoML_19_20260420_195545,target_lag6,166.67801908016204
0,1,0.1,XRT_1_AutoML_19_20260420_195545,month_lag1,10.712326877117157
0,1,0.1,XRT_1_AutoML_19_20260420_195545,trend_lag1,37.629272813796995
0,1,0.1,XRT_1_AutoML_19_20260420_195545,month_sin,10.960876665711403
0,1,0.1,XRT_1_AutoML_19_20260420_195545,month_cos,33.86758012294769
0,1,0.1,XRT_1_AutoML_19_20260420_195545,year,56.6433283996582
0,1,0.1,GBM_grid_1_AutoML_19_20260420_195545_model_2,target_lag1,756.3314880371094
0,1,0.1,GBM_grid_1_AutoML_19_20260420_195545_model_2,target_lag2,666.9411245131492
0,1,0.1,GBM_grid_1_AutoML_19_20260420_195545_model_2,target_lag3,184.50672706604004
0,1,0.1,GBM_grid_1_AutoML_19_20260420_195545_model_2,target_lag4,484.89267669677736
0,1,0.1,GBM_grid_1_AutoML_19_20260420_195545_model_2,target_lag5,62.252705824375155
0,1,0.1,GBM_grid_1_AutoML_19_20260420_195545_model_2,target_lag6,204.76188875198363
0,1,0.1,GBM_grid_1_AutoML_19_20260420_195545_model_2,month_lag1,23.49698167771101
0,1,0.1,GBM_grid_1_AutoML_19_20260420_195545_model_2,trend_lag1,5.012502343654632
0,1,0.1,GBM_grid_1_AutoML_19_20260420_195545_model_2,month_sin,5.769707293510437
0,1,0.1,GBM_grid_1_AutoML_19_20260420_195545_model_2,month_cos,59.8083529663086
0,1,0.1,GBM_grid_1_AutoML_19_20260420_195545_model_2,year,3.349405128955841
0,1,0.1,DRF_1_AutoML_19_20260420_195545,target_lag1,408.4840305900574
0,1,0.1,DRF_1_AutoML_19_20260420_195545,target_lag2,653.4658324813843
0,1,0.1,DRF_1_AutoML_19_20260420_195545,target_lag3,335.0810450744629
0,1,0.1,DRF_1_AutoML_19_20260420_195545,target_lag4,244.15746498823165
0,1,0.1,DRF_1_AutoML_19_20260420_195545,target_lag5,332.7602246284485
0,1,0.1,DRF_1_AutoML_19_20260420_195545,target_lag6,134.99678277730942
0,1,0.1,DRF_1_AutoML_19_20260420_195545,month_lag1,29.309223906993864
0,1,0.1,DRF_1_AutoML_19_20260420_195545,trend_lag1,76.27609825134277
0,1,0.1,DRF_1_AutoML_19_20260420_195545,month_sin,11.159798048138619
0,1,0.1,DRF_1_AutoML_19_20260420_195545,month_cos,35.2140727853775
0,1,0.1,DRF_1_AutoML_19_20260420_195545,year,12.464286507964134
0,1,0.1,GBM_5_AutoML_19_20260420_195545,target_lag1,965.8460511732102
0,1,0.1,GBM_5_AutoML_19_20260420_195545,target_lag2,652.2634381389618
0,1,0.1,GBM_5_AutoML_19_20260420_195545,target_lag3,304.05953399658205
0,1,0.1,GBM_5_AutoML_19_20260420_195545,target_lag4,318.6077628707886
0,1,0.1,GBM_5_AutoML_19_20260420_195545,target_lag5,46.1670597743988
0,1,0.1,GBM_5_AutoML_19_20260420_195545,target_lag6,90.21383644580841
0,1,0.1,GBM_5_AutoML_19_20260420_195545,month_lag1,20.187487745285033
0,1,0.1,GBM_5_AutoML_19_20260420_195545,trend_lag1,28.56412583246827
0,1,0.1,GBM_5_AutoML_19_20260420_195545,month_sin,17.236536586284636
0,1,0.1,GBM_5_AutoML_19_20260420_195545,month_cos,43.022693029642106
0,1,0.1,GBM_5_AutoML_19_20260420_195545,year,9.89720153093338
0,1,0.1,XGBoost_grid_1_AutoML_19_20260420_195545_model_3,target_lag1,824.1317967224121
0,1,0.1,XGBoost_grid_1_AutoML_19_20260420_195545_model_3,target_lag2,1008.6512634277344
0,1,0.1,XGBoost_grid_1_AutoML_19_20260420_195545_model_3,target_lag3,252.00341724395753
0,1,0.1,XGBoost_grid_1_AutoML_19_20260420_195545_model_3,target_lag4,348.09281066894533
0,1,0.1,XGBoost_grid_1_AutoML_19_20260420_195545_model_3,target_lag5,90.34903993248939
0,1,0.1,XGBoost_grid_1_AutoML_19_20260420_195545_model_3,target_lag6,108.74297652244567
0,1,0.1,XGBoost_grid_1_AutoML_19_20260420_195545_model_3,month_lag1,29.789810614585875
0,1,0.1,XGBoost_grid_1_AutoML_19_20260420_195545_model_3,trend_lag1,35.929982051849365
0,1,0.1,XGBoost_grid_1_AutoML_19_20260420_195545_model_3,month_sin,27.37410165190697
0,1,0.1,XGBoost_grid_1_AutoML_19_20260420_195545_model_3,month_cos,54.29543148756027
0,1,0.1,XGBoost_grid_1_AutoML_19_20260420_195545_model_3,year,0.0
0,1,0.1,GBM_2_AutoML_19_20260420_195545,target_lag1,800.2265171051025
0,1,0.1,GBM_2_AutoML_19_20260420_195545,target_lag2,773.7001069641113
0,1,0.1,GBM_2_AutoML_19_20260420_195545,target_lag3,323.68588097572325
0,1,0.1,GBM_2_AutoML_19_20260420_195545,target_lag4,338.2316326904297
0,1,0.1,GBM_2_AutoML_19_20260420_195545,target_lag5,75.65563529014588
0,1,0.1,GBM_2_AutoML_19_20260420_195545,target_lag6,108.26511352062225
0,1,0.1,GBM_2_AutoML_19_20260420_195545,month_lag1,21.809816558361053
0,1,0.1,GBM_2_AutoML_19_20260420_195545,trend_lag1,24.686077510118484
0,1,0.1,GBM_2_AutoML_19_20260420_195545,month_sin,10.953888636827468
0,1,0.1,GBM_2_AutoML_19_20260420_195545,month_cos,48.252637544870375
0,1,0.1,GBM_2_AutoML_19_20260420_195545,year,4.9262946462631225
0,1,0.1,XGBoost_grid_1_AutoML_19_20260420_195545_model_2,target_lag1,714.6240773773193
0,1,0.1,XGBoost_grid_1_AutoML_19_20260420_195545_model_2,target_lag2,238.3544244337082
0,1,0.1,XGBoost_grid_1_AutoML_19_20260420_195545_model_2,target_lag3,960.7344573974609
0,1,0.1,XGBoost_grid_1_AutoML_19_20260420_195545_model_2,target_lag4,78.20104821324348
0,1,0.1,XGBoost_grid_1_AutoML_19_20260420_195545_model_2,target_lag5,246.50093561172486
0,1,0.1,XGBoost_grid_1_AutoML_19_20260420_195545_model_2,target_lag6,258.298414516449
0,1,0.1,XGBoost_grid_1_AutoML_19_20260420_195545_model_2,month_lag1,22.134072589576245
0,1,0.1,XGBoost_grid_1_AutoML_19_20260420_195545_model_2,trend_lag1,19.465813390761614
0,1,0.1,XGBoost_grid_1_AutoML_19_20260420_195545_model_2,month_sin,22.97325494647026
0,1,0.1,XGBoost_grid_1_AutoML_19_20260420_195545_model_2,month_cos,63.679839696288106
0,1,0.1,XGBoost_grid_1_AutoML_19_20260420_195545_model_2,year,4.489265372175724
0,1,0.1,GBM_3_AutoML_19_20260420_195545,target_lag1,676.0955056762696
0,1,0.1,GBM_3_AutoML_19_20260420_195545,target_lag2,941.176755142212
0,1,0.1,GBM_3_AutoML_19_20260420_195545,target_lag3,281.0513561415672
0,1,0.1,GBM_3_AutoML_19_20260420_195545,target_lag4,363.8911911201477
0,1,0.1,GBM_3_AutoML_19_20260420_195545,target_lag5,86.06960756301879
0,1,0.1,GBM_3_AutoML_19_20260420_195545,target_lag6,96.8920592546463
0,1,0.1,GBM_3_AutoML_19_20260420_195545,month_lag1,19.685630632638933
0,1,0.1,GBM_3_AutoML_19_20260420_195545,trend_lag1,20.598384263515474
0,1,0.1,GBM_3_AutoML_19_20260420_195545,month_sin,12.880827194452285
0,1,0.1,GBM_3_AutoML_19_20260420_195545,month_cos,47.28616555929184
0,1,0.1,GBM_3_AutoML_19_20260420_195545,year,4.277023729681969
0,1,0.1,GBM_4_AutoML_19_20260420_195545,target_lag1,716.5056001281738
0,1,0.1,GBM_4_AutoML_19_20260420_195545,target_lag2,945.2859075927735
0,1,0.1,GBM_4_AutoML_19_20260420_195545,target_lag3,222.69165649414063
0,1,0.1,GBM_4_AutoML_19_20260420_195545,target_lag4,377.940089302063
0,1,0.1,GBM_4_AutoML_19_20260420_195545,target_lag5,63.56556191444397
0,1,0.1,GBM_4_AutoML_19_20260420_195545,target_lag6,93.95962760925293
0,1,0.1,GBM_4_AutoML_19_20260420_195545,month_lag1,21.95645441651344
0,1,0.1,GBM_4_AutoML_19_20260420_195545,trend_lag1,18.758536643981934
0,1,0.1,GBM_4_AutoML_19_20260420_195545,month_sin,11.572186222076416
0,1,0.1,GBM_4_AutoML_19_20260420_195545,month_cos,51.488359920978546
0,1,0.1,GBM_4_AutoML_19_20260420_195545,year,7.419667121171951
0,1,0.2,XRT_1_AutoML_19_20260420_195545,target_lag1,521.5931334686279
0,1,0.2,XRT_1_AutoML_19_20260420_195545,target_lag2,493.9184754562378
0,1,0.2,XRT_1_AutoML_19_20260420_195545,target_lag3,250.8643988609314
0,1,0.2,XRT_1_AutoML_19_20260420_195545,target_lag4,279.15667741298677
0,1,0.2,XRT_1_AutoML_19_20260420_195545,target_lag5,433.09710372924803
0,1,0.2,XRT_1_AutoML_19_20260420_195545,target_lag6,166.67801908016204
0,1,0.2,XRT_1_AutoML_19_20260420_195545,month_lag1,10.712326877117157
0,1,0.2,XRT_1_AutoML_19_20260420_195545,trend_lag1,37.629272813796995
0,1,0.2,XRT_1_AutoML_19_20260420_195545,month_sin,10.960876665711403
0,1,0.2,XRT_1_AutoML_19_20260420_195545,month_cos,33.86758012294769
0,1,0.2,XRT_1_AutoML_19_20260420_195545,year,56.6433283996582
0,1,0.2,GBM_grid_1_AutoML_19_20260420_195545_model_2,target_lag1,756.3314880371094
0,1,0.2,GBM_grid_1_AutoML_19_20260420_195545_model_2,target_lag2,666.9411245131492
0,1,0.2,GBM_grid_1_AutoML_19_20260420_195545_model_2,target_lag3,184.50672706604004
0,1,0.2,GBM_grid_1_AutoML_19_20260420_195545_model_2,target_lag4,484.89267669677736
0,1,0.2,GBM_grid_1_AutoML_19_20260420_195545_model_2,target_lag5,62.252705824375155
0,1,0.2,GBM_grid_1_AutoML_19_20260420_195545_model_2,target_lag6,204.76188875198363
0,1,0.2,GBM_grid_1_AutoML_19_20260420_195545_model_2,month_lag1,23.49698167771101
0,1,0.2,GBM_grid_1_AutoML_19_20260420_195545_model_2,trend_lag1,5.012502343654632
0,1,0.2,GBM_grid_1_AutoML_19_20260420_195545_model_2,month_sin,5.769707293510437
0,1,0.2,GBM_grid_1_AutoML_19_20260420_195545_model_2,month_cos,59.8083529663086
0,1,0.2,GBM_grid_1_AutoML_19_20260420_195545_model_2,year,3.349405128955841
0,1,0.2,DRF_1_AutoML_19_20260420_195545,target_lag1,408.4840305900574
0,1,0.2,DRF_1_AutoML_19_20260420_195545,target_lag2,653.4658324813843
0,1,0.2,DRF_1_AutoML_19_20260420_195545,target_lag3,335.0810450744629
0,1,0.2,DRF_1_AutoML_19_20260420_195545,target_lag4,244.15746498823165
0,1,0.2,DRF_1_AutoML_19_20260420_195545,target_lag5,332.7602246284485
0,1,0.2,DRF_1_AutoML_19_20260420_195545,target_lag6,134.99678277730942
0,1,0.2,DRF_1_AutoML_19_20260420_195545,month_lag1,29.309223906993864
0,1,0.2,DRF_1_AutoML_19_20260420_195545,trend_lag1,76.27609825134277
0,1,0.2,DRF_1_AutoML_19_20260420_195545,month_sin,11.159798048138619
0,1,0.2,DRF_1_AutoML_19_20260420_195545,month_cos,35.2140727853775
0,1,0.2,DRF_1_AutoML_19_20260420_195545,year,12.464286507964134
0,1,0.2,GBM_5_AutoML_19_20260420_195545,target_lag1,965.8460511732102
0,1,0.2,GBM_5_AutoML_19_20260420_195545,target_lag2,652.2634381389618
0,1,0.2,GBM_5_AutoML_19_20260420_195545,target_lag3,304.05953399658205
0,1,0.2,GBM_5_AutoML_19_20260420_195545,target_lag4,318.6077628707886
0,1,0.2,GBM_5_AutoML_19_20260420_195545,target_lag5,46.1670597743988
0,1,0.2,GBM_5_AutoML_19_20260420_195545,target_lag6,90.21383644580841
0,1,0.2,GBM_5_AutoML_19_20260420_195545,month_lag1,20.187487745285033
0,1,0.2,GBM_5_AutoML_19_20260420_195545,trend_lag1,28.56412583246827
0,1,0.2,GBM_5_AutoML_19_20260420_195545,month_sin,17.236536586284636
0,1,0.2,GBM_5_AutoML_19_20260420_195545,month_cos,43.022693029642106
0,1,0.2,GBM_5_AutoML_19_20260420_195545,year,9.89720153093338
0,1,0.2,XGBoost_grid_1_AutoML_19_20260420_195545_model_3,target_lag1,824.1317967224121
0,1,0.2,XGBoost_grid_1_AutoML_19_20260420_195545_model_3,target_lag2,1008.6512634277344
0,1,0.2,XGBoost_grid_1_AutoML_19_20260420_195545_model_3,target_lag3,252.00341724395753
0,1,0.2,XGBoost_grid_1_AutoML_19_20260420_195545_model_3,target_lag4,348.09281066894533
0,1,0.2,XGBoost_grid_1_AutoML_19_20260420_195545_model_3,target_lag5,90.34903993248939
0,1,0.2,XGBoost_grid_1_AutoML_19_20260420_195545_model_3,target_lag6,108.74297652244567
0,1,0.2,XGBoost_grid_1_AutoML_19_20260420_195545_model_3,month_lag1,29.789810614585875
0,1,0.2,XGBoost_grid_1_AutoML_19_20260420_195545_model_3,trend_lag1,35.929982051849365
0,1,0.2,XGBoost_grid_1_AutoML_19_20260420_195545_model_3,month_sin,27.37410165190697
0,1,0.2,XGBoost_grid_1_AutoML_19_20260420_195545_model_3,month_cos,54.29543148756027
0,1,0.2,XGBoost_grid_1_AutoML_19_20260420_195545_model_3,year,0.0
0,1,0.2,GBM_2_AutoML_19_20260420_195545,target_lag1,800.2265171051025
0,1,0.2,GBM_2_AutoML_19_20260420_195545,target_lag2,773.7001069641113
0,1,0.2,GBM_2_AutoML_19_20260420_195545,target_lag3,323.68588097572325
0,1,0.2,GBM_2_AutoML_19_20260420_195545,target_lag4,338.2316326904297
0,1,0.2,GBM_2_AutoML_19_20260420_195545,target_lag5,75.65563529014588
0,1,0.2,GBM_2_AutoML_19_20260420_195545,target_lag6,108.26511352062225
0,1,0.2,GBM_2_AutoML_19_20260420_195545,month_lag1,21.809816558361053
0,1,0.2,GBM_2_AutoML_19_20260420_195545,trend_lag1,24.686077510118484
0,1,0.2,GBM_2_AutoML_19_20260420_195545,month_sin,10.953888636827468
0,1,0.2,GBM_2_AutoML_19_20260420_195545,month_cos,48.252637544870375
0,1,0.2,GBM_2_AutoML_19_20260420_195545,year,4.9262946462631225
0,1,0.2,XGBoost_grid_1_AutoML_19_20260420_195545_model_2,target_lag1,714.6240773773193
0,1,0.2,XGBoost_grid_1_AutoML_19_20260420_195545_model_2,target_lag2,238.3544244337082
0,1,0.2,XGBoost_grid_1_AutoML_19_20260420_195545_model_2,target_lag3,960.7344573974609
0,1,0.2,XGBoost_grid_1_AutoML_19_20260420_195545_model_2,target_lag4,78.20104821324348
0,1,0.2,XGBoost_grid_1_AutoML_19_20260420_195545_model_2,target_lag5,246.50093561172486
0,1,0.2,XGBoost_grid_1_AutoML_19_20260420_195545_model_2,target_lag6,258.298414516449
0,1,0.2,XGBoost_grid_1_AutoML_19_20260420_195545_model_2,month_lag1,22.134072589576245
0,1,0.2,XGBoost_grid_1_AutoML_19_20260420_195545_model_2,trend_lag1,19.465813390761614
0,1,0.2,XGBoost_grid_1_AutoML_19_20260420_195545_model_2,month_sin,22.97325494647026
0,1,0.2,XGBoost_grid_1_AutoML_19_20260420_195545_model_2,month_cos,63.679839696288106
0,1,0.2,XGBoost_grid_1_AutoML_19_20260420_195545_model_2,year,4.489265372175724
0,1,0.2,GBM_3_AutoML_19_20260420_195545,target_lag1,676.0955056762696
0,1,0.2,GBM_3_AutoML_19_20260420_195545,target_lag2,941.176755142212
0,1,0.2,GBM_3_AutoML_19_20260420_195545,target_lag3,281.0513561415672
0,1,0.2,GBM_3_AutoML_19_20260420_195545,target_lag4,363.8911911201477
0,1,0.2,GBM_3_AutoML_19_20260420_195545,target_lag5,86.06960756301879
0,1,0.2,GBM_3_AutoML_19_20260420_195545,target_lag6,96.8920592546463
0,1,0.2,GBM_3_AutoML_19_20260420_195545,month_lag1,19.685630632638933
0,1,0.2,GBM_3_AutoML_19_20260420_195545,trend_lag1,20.598384263515474
0,1,0.2,GBM_3_AutoML_19_20260420_195545,month_sin,12.880827194452285
0,1,0.2,GBM_3_AutoML_19_20260420_195545,month_cos,47.28616555929184
0,1,0.2,GBM_3_AutoML_19_20260420_195545,year,4.277023729681969
0,1,0.2,GBM_4_AutoML_19_20260420_195545,target_lag1,716.5056001281738
0,1,0.2,GBM_4_AutoML_19_20260420_195545,target_lag2,945.2859075927735
0,1,0.2,GBM_4_AutoML_19_20260420_195545,target_lag3,222.69165649414063
0,1,0.2,GBM_4_AutoML_19_20260420_195545,target_lag4,377.940089302063
0,1,0.2,GBM_4_AutoML_19_20260420_195545,target_lag5,63.56556191444397
0,1,0.2,GBM_4_AutoML_19_20260420_195545,target_lag6,93.95962760925293
0,1,0.2,GBM_4_AutoML_19_20260420_195545,month_lag1,21.95645441651344
0,1,0.2,GBM_4_AutoML_19_20260420_195545,trend_lag1,18.758536643981934
0,1,0.2,GBM_4_AutoML_19_20260420_195545,month_sin,11.572186222076416
0,1,0.2,GBM_4_AutoML_19_20260420_195545,month_cos,51.488359920978546
0,1,0.2,GBM_4_AutoML_19_20260420_195545,year,7.419667121171951
0,1,0.2,GBM_grid_1_AutoML_19_20260420_195545_model_3,target_lag1,499.0913465499878
0,1,0.2,GBM_grid_1_AutoML_19_20260420_195545_model_3,target_lag2,536.8530110168457
0,1,0.2,GBM_grid_1_AutoML_19_20260420_195545_model_3,target_lag3,583.8568449401855
0,1,0.2,GBM_grid_1_AutoML_19_20260420_195545_model_3,target_lag4,251.71154399871827
0,1,0.2,GBM_grid_1_AutoML_19_20260420_195545_model_3,target_lag5,210.406649017334
0,1,0.2,GBM_grid_1_AutoML_19_20260420_195545_model_3,target_lag6,184.33419863700865
0,1,0.2,GBM_grid_1_AutoML_19_20260420_195545_model_3,month_lag1,32.45701345682144
0,1,0.2,GBM_grid_1_AutoML_19_20260420_195545_model_3,trend_lag1,38.54840699911117
0,1,0.2,GBM_grid_1_AutoML_19_20260420_195545_model_3,month_sin,9.126238176822662
0,1,0.2,GBM_grid_1_AutoML_19_20260420_195545_model_3,month_cos,78.12019544243813
0,1,0.2,GBM_grid_1_AutoML_19_20260420_195545_model_3,year,6.422029974758625
0,1,0.2,XGBoost_grid_1_AutoML_19_20260420_195545_model_4,target_lag1,757.6874124145507
0,1,0.2,XGBoost_grid_1_AutoML_19_20260420_195545_model_4,target_lag2,922.7841888427735
0,1,0.2,XGBoost_grid_1_AutoML_19_20260420_195545_model_4,target_lag3,161.91589630126953
0,1,0.2,XGBoost_grid_1_AutoML_19_20260420_195545_model_4,target_lag4,495.69168910443784
0,1,0.2,XGBoost_grid_1_AutoML_19_20260420_195545_model_4,target_lag5,76.70743301272393
0,1,0.2,XGBoost_grid_1_AutoML_19_20260420_195545_model_4,target_lag6,109.85962039336562
0,1,0.2,XGBoost_grid_1_AutoML_19_20260420_195545_model_4,month_lag1,20.45029302954674
0,1,0.2,XGBoost_grid_1_AutoML_19_20260420_195545_model_4,trend_lag1,25.362791084051132
0,1,0.2,XGBoost_grid_1_AutoML_19_20260420_195545_model_4,month_sin,12.668206230551004
0,1,0.2,XGBoost_grid_1_AutoML_19_20260420_195545_model_4,month_cos,66.36134167194366
0,1,0.2,XGBoost_grid_1_AutoML_19_20260420_195545_model_4,year,5.603051225095987
0,1,0.2,GBM_grid_1_AutoML_19_20260420_195545_model_1,target_lag1,632.9341746455431
0,1,0.2,GBM_grid_1_AutoML_19_20260420_195545_model_1,target_lag2,457.3531371688843
0,1,0.2,GBM_grid_1_AutoML_19_20260420_195545_model_1,target_lag3,390.2018953704834
0,1,0.2,GBM_grid_1_AutoML_19_20260420_195545_model_1,target_lag4,274.8736077451706
0,1,0.2,GBM_grid_1_AutoML_19_20260420_195545_model_1,target_lag5,277.4787057065964
0,1,0.2,GBM_grid_1_AutoML_19_20260420_195545_model_1,target_lag6,228.30104614257812
0,1,0.2,GBM_grid_1_AutoML_19_20260420_195545_model_1,month_lag1,29.582628234922886
0,1,0.2,GBM_grid_1_AutoML_19_20260420_195545_model_1,trend_lag1,47.453533680438994
0,1,0.2,GBM_grid_1_AutoML_19_20260420_195545_model_1,month_sin,13.410159897208214
0,1,0.2,GBM_grid_1_AutoML_19_20260420_195545_model_1,month_cos,38.47173960506916
0,1,0.2,GBM_grid_1_AutoML_19_20260420_195545_model_1,year,11.624523587226868
0,1,0.2,XGBoost_1_AutoML_19_20260420_195545,target_lag1,824.2446693611145
0,1,0.2,XGBoost_1_AutoML_19_20260420_195545,target_lag2,276.94375535488126
0,1,0.2,XGBoost_1_AutoML_19_20260420_195545,target_lag3,528.9314318847656
0,1,0.2,XGBoost_1_AutoML_19_20260420_195545,target_lag4,485.57374769210816
0,1,0.2,XGBoost_1_AutoML_19_20260420_195545,target_lag5,117.37734033584594
0,1,0.2,XGBoost_1_AutoML_19_20260420_195545,target_lag6,138.8487754493952
0,1,0.2,XGBoost_1_AutoML_19_20260420_195545,month_lag1,35.723907766342165
0,1,0.2,XGBoost_1_AutoML_19_20260420_195545,trend_lag1,24.389124312400817
0,1,0.2,XGBoost_1_AutoML_19_20260420_195545,month_sin,14.080202087908983
0,1,0.2,XGBoost_1_AutoML_19_20260420_195545,month_cos,60.33966422080994
0,1,0.2,XGBoost_1_AutoML_19_20260420_195545,year,30.18699080467224
0,1,0.2,XGBoost_2_AutoML_19_20260420_195545,target_lag1,868.3386049652099
0,1,0.2,XGBoost_2_AutoML_19_20260420_195545,target_lag2,601.1758862876892
0,1,0.2,XGBoost_2_AutoML_19_20260420_195545,target_lag3,451.1271812438965
0,1,0.2,XGBoost_2_AutoML_19_20260420_195545,target_lag4,272.4227746248245
0,1,0.2,XGBoost_2_AutoML_19_20260420_195545,target_lag5,58.844998999238015
0,1,0.2,XGBoost_2_AutoML_19_20260420_195545,target_lag6,186.13451724827289
0,1,0.2,XGBoost_2_AutoML_19_20260420_195545,month_lag1,32.04019777417183
0,1,0.2,XGBoost_2_AutoML_19_20260420_195545,trend_lag1,48.044877104759216
0,1,0.2,XGBoost_2_AutoML_19_20260420_195545,month_sin,9.706870955079793
0,1,0.2,XGBoost_2_AutoML_19_20260420_195545,month_cos,66.89139568328858
0,1,0.2,XGBoost_2_AutoML_19_20260420_195545,year,8.168923049867153
0,1,0.2,XGBoost_3_AutoML_19_20260420_195545,target_lag1,989.5505027770996
0,1,0.2,XGBoost_3_AutoML_19_20260420_195545,target_lag2,639.1553755378723
0,1,0.2,XGBoost_3_AutoML_19_20260420_195545,target_lag3,63.72942445039749
0,1,0.2,XGBoost_3_AutoML_19_20260420_195545,target_lag4,482.66568664550783
0,1,0.2,XGBoost_3_AutoML_19_20260420_195545,target_lag5,96.22854691505432
0,1,0.2,XGBoost_3_AutoML_19_20260420_195545,target_lag6,142.49467025518416
0,1,0.2,XGBoost_3_AutoML_19_20260420_195545,month_lag1,41.31450440645218
0,1,0.2,XGBoost_3_AutoML_19_20260420_195545,trend_lag1,25.05709409713745
0,1,0.2,XGBoost_3_AutoML_19_20260420_195545,month_sin,11.073697496652603
0,1,0.2,XGBoost_3_AutoML_19_20260420_195545,month_cos,32.861648533344265
0,1,0.2,XGBoost_3_AutoML_19_20260420_195545,year,9.737563672065734
0,1,0.2,XGBoost_grid_1_AutoML_19_20260420_195545_model_1,target_lag1,362.1236120223999
0,1,0.2,XGBoost_grid_1_AutoML_19_20260420_195545_model_1,target_lag2,832.1876979064941
0,1,0.2,XGBoost_grid_1_AutoML_19_20260420_195545_model_1,target_lag3,530.2991868591308
0,1,0.2,XGBoost_grid_1_AutoML_19_20260420_195545_model_1,target_lag4,432.50514617919924
0,1,0.2,XGBoost_grid_1_AutoML_19_20260420_195545_model_1,target_lag5,83.70885880470276
0,1,0.2,XGBoost_grid_1_AutoML_19_20260420_195545_model_1,target_lag6,204.80517074108124
0,1,0.2,XGBoost_grid_1_AutoML_19_20260420_195545_model_1,month_lag1,38.25189287602902
0,1,0.2,XGBoost_grid_1_AutoML_19_20260420_195545_model_1,trend_lag1,45.012130110263826
0,1,0.2,XGBoost_grid_1_AutoML_19_20260420_195545_model_1,month_sin,14.13358127295971
0,1,0.2,XGBoost_grid_1_AutoML_19_20260420_195545_model_1,month_cos,56.07766762733459
0,1,0.2,XGBoost_grid_1_AutoML_19_20260420_195545_model_1,year,13.088924646377563
0,1,0.3,XRT_1_AutoML_19_20260420_195545,target_lag1,521.5931334686279
0,1,0.3,XRT_1_AutoML_19_20260420_195545,target_lag2,493.9184754562378
0,1,0.3,XRT_1_AutoML_19_20260420_195545,target_lag3,250.8643988609314
0,1,0.3,XRT_1_AutoML_19_20260420_195545,target_lag4,279.15667741298677
0,1,0.3,XRT_1_AutoML_19_20260420_195545,target_lag5,433.09710372924803
0,1,0.3,XRT_1_AutoML_19_20260420_195545,target_lag6,166.67801908016204
0,1,0.3,XRT_1_AutoML_19_20260420_195545,month_lag1,10.712326877117157
0,1,0.3,XRT_1_AutoML_19_20260420_195545,trend_lag1,37.629272813796995
0,1,0.3,XRT_1_AutoML_19_20260420_195545,month_sin,10.960876665711403
0,1,0.3,XRT_1_AutoML_19_20260420_195545,month_cos,33.86758012294769
0,1,0.3,XRT_1_AutoML_19_20260420_195545,year,56.6433283996582
0,1,0.3,GBM_grid_1_AutoML_19_20260420_195545_model_2,target_lag1,756.3314880371094
0,1,0.3,GBM_grid_1_AutoML_19_20260420_195545_model_2,target_lag2,666.9411245131492
0,1,0.3,GBM_grid_1_AutoML_19_20260420_195545_model_2,target_lag3,184.50672706604004
0,1,0.3,GBM_grid_1_AutoML_19_20260420_195545_model_2,target_lag4,484.89267669677736
0,1,0.3,GBM_grid_1_AutoML_19_20260420_195545_model_2,target_lag5,62.252705824375155
0,1,0.3,GBM_grid_1_AutoML_19_20260420_195545_model_2,target_lag6,204.76188875198363
0,1,0.3,GBM_grid_1_AutoML_19_20260420_195545_model_2,month_lag1,23.49698167771101
0,1,0.3,GBM_grid_1_AutoML_19_20260420_195545_model_2,trend_lag1,5.012502343654632
0,1,0.3,GBM_grid_1_AutoML_19_20260420_195545_model_2,month_sin,5.769707293510437
0,1,0.3,GBM_grid_1_AutoML_19_20260420_195545_model_2,month_cos,59.8083529663086
0,1,0.3,GBM_grid_1_AutoML_19_20260420_195545_model_2,year,3.349405128955841
0,1,0.3,DRF_1_AutoML_19_20260420_195545,target_lag1,408.4840305900574
0,1,0.3,DRF_1_AutoML_19_20260420_195545,target_lag2,653.4658324813843
0,1,0.3,DRF_1_AutoML_19_20260420_195545,target_lag3,335.0810450744629
0,1,0.3,DRF_1_AutoML_19_20260420_195545,target_lag4,244.15746498823165
0,1,0.3,DRF_1_AutoML_19_20260420_195545,target_lag5,332.7602246284485
0,1,0.3,DRF_1_AutoML_19_20260420_195545,target_lag6,134.99678277730942
0,1,0.3,DRF_1_AutoML_19_20260420_195545,month_lag1,29.309223906993864
0,1,0.3,DRF_1_AutoML_19_20260420_195545,trend_lag1,76.27609825134277
0,1,0.3,DRF_1_AutoML_19_20260420_195545,month_sin,11.159798048138619
0,1,0.3,DRF_1_AutoML_19_20260420_195545,month_cos,35.2140727853775
0,1,0.3,DRF_1_AutoML_19_20260420_195545,year,12.464286507964134
0,1,0.3,GBM_5_AutoML_19_20260420_195545,target_lag1,965.8460511732102
0,1,0.3,GBM_5_AutoML_19_20260420_195545,target_lag2,652.2634381389618
0,1,0.3,GBM_5_AutoML_19_20260420_195545,target_lag3,304.05953399658205
0,1,0.3,GBM_5_AutoML_19_20260420_195545,target_lag4,318.6077628707886
0,1,0.3,GBM_5_AutoML_19_20260420_195545,target_lag5,46.1670597743988
0,1,0.3,GBM_5_AutoML_19_20260420_195545,target_lag6,90.21383644580841
0,1,0.3,GBM_5_AutoML_19_20260420_195545,month_lag1,20.187487745285033
0,1,0.3,GBM_5_AutoML_19_20260420_195545,trend_lag1,28.56412583246827
0,1,0.3,GBM_5_AutoML_19_20260420_195545,month_sin,17.236536586284636
0,1,0.3,GBM_5_AutoML_19_20260420_195545,month_cos,43.022693029642106
0,1,0.3,GBM_5_AutoML_19_20260420_195545,year,9.89720153093338
0,1,0.3,XGBoost_grid_1_AutoML_19_20260420_195545_model_3,target_lag1,824.1317967224121
0,1,0.3,XGBoost_grid_1_AutoML_19_20260420_195545_model_3,target_lag2,1008.6512634277344
0,1,0.3,XGBoost_grid_1_AutoML_19_20260420_195545_model_3,target_lag3,252.00341724395753
0,1,0.3,XGBoost_grid_1_AutoML_19_20260420_195545_model_3,target_lag4,348.09281066894533
0,1,0.3,XGBoost_grid_1_AutoML_19_20260420_195545_model_3,target_lag5,90.34903993248939
0,1,0.3,XGBoost_grid_1_AutoML_19_20260420_195545_model_3,target_lag6,108.74297652244567
0,1,0.3,XGBoost_grid_1_AutoML_19_20260420_195545_model_3,month_lag1,29.789810614585875
0,1,0.3,XGBoost_grid_1_AutoML_19_20260420_195545_model_3,trend_lag1,35.929982051849365
0,1,0.3,XGBoost_grid_1_AutoML_19_20260420_195545_model_3,month_sin,27.37410165190697
0,1,0.3,XGBoost_grid_1_AutoML_19_20260420_195545_model_3,month_cos,54.29543148756027
0,1,0.3,XGBoost_grid_1_AutoML_19_20260420_195545_model_3,year,0.0
0,1,0.3,GBM_2_AutoML_19_20260420_195545,target_lag1,800.2265171051025
0,1,0.3,GBM_2_AutoML_19_20260420_195545,target_lag2,773.7001069641113
0,1,0.3,GBM_2_AutoML_19_20260420_195545,target_lag3,323.68588097572325
0,1,0.3,GBM_2_AutoML_19_20260420_195545,target_lag4,338.2316326904297
0,1,0.3,GBM_2_AutoML_19_20260420_195545,target_lag5,75.65563529014588
0,1,0.3,GBM_2_AutoML_19_20260420_195545,target_lag6,108.26511352062225
0,1,0.3,GBM_2_AutoML_19_20260420_195545,month_lag1,21.809816558361053
0,1,0.3,GBM_2_AutoML_19_20260420_195545,trend_lag1,24.686077510118484
0,1,0.3,GBM_2_AutoML_19_20260420_195545,month_sin,10.953888636827468
0,1,0.3,GBM_2_AutoML_19_20260420_195545,month_cos,48.252637544870375
0,1,0.3,GBM_2_AutoML_19_20260420_195545,year,4.9262946462631225
0,1,0.3,XGBoost_grid_1_AutoML_19_20260420_195545_model_2,target_lag1,714.6240773773193
0,1,0.3,XGBoost_grid_1_AutoML_19_20260420_195545_model_2,target_lag2,238.3544244337082
0,1,0.3,XGBoost_grid_1_AutoML_19_20260420_195545_model_2,target_lag3,960.7344573974609
0,1,0.3,XGBoost_grid_1_AutoML_19_20260420_195545_model_2,target_lag4,78.20104821324348
0,1,0.3,XGBoost_grid_1_AutoML_19_20260420_195545_model_2,target_lag5,246.50093561172486
0,1,0.3,XGBoost_grid_1_AutoML_19_20260420_195545_model_2,target_lag6,258.298414516449
0,1,0.3,XGBoost_grid_1_AutoML_19_20260420_195545_model_2,month_lag1,22.134072589576245
0,1,0.3,XGBoost_grid_1_AutoML_19_20260420_195545_model_2,trend_lag1,19.465813390761614
0,1,0.3,XGBoost_grid_1_AutoML_19_20260420_195545_model_2,month_sin,22.97325494647026
0,1,0.3,XGBoost_grid_1_AutoML_19_20260420_195545_model_2,month_cos,63.679839696288106
0,1,0.3,XGBoost_grid_1_AutoML_19_20260420_195545_model_2,year,4.489265372175724
0,1,0.3,GBM_3_AutoML_19_20260420_195545,target_lag1,676.0955056762696
0,1,0.3,GBM_3_AutoML_19_20260420_195545,target_lag2,941.176755142212
0,1,0.3,GBM_3_AutoML_19_20260420_195545,target_lag3,281.0513561415672
0,1,0.3,GBM_3_AutoML_19_20260420_195545,target_lag4,363.8911911201477
0,1,0.3,GBM_3_AutoML_19_20260420_195545,target_lag5,86.06960756301879
0,1,0.3,GBM_3_AutoML_19_20260420_195545,target_lag6,96.8920592546463
0,1,0.3,GBM_3_AutoML_19_20260420_195545,month_lag1,19.685630632638933
0,1,0.3,GBM_3_AutoML_19_20260420_195545,trend_lag1,20.598384263515474
0,1,0.3,GBM_3_AutoML_19_20260420_195545,month_sin,12.880827194452285
0,1,0.3,GBM_3_AutoML_19_20260420_195545,month_cos,47.28616555929184
0,1,0.3,GBM_3_AutoML_19_20260420_195545,year,4.277023729681969
0,1,0.3,GBM_4_AutoML_19_20260420_195545,target_lag1,716.5056001281738
0,1,0.3,GBM_4_AutoML_19_20260420_195545,target_lag2,945.2859075927735
0,1,0.3,GBM_4_AutoML_19_20260420_195545,target_lag3,222.69165649414063
0,1,0.3,GBM_4_AutoML_19_20260420_195545,target_lag4,377.940089302063
0,1,0.3,GBM_4_AutoML_19_20260420_195545,target_lag5,63.56556191444397
0,1,0.3,GBM_4_AutoML_19_20260420_195545,target_lag6,93.95962760925293
0,1,0.3,GBM_4_AutoML_19_20260420_195545,month_lag1,21.95645441651344
0,1,0.3,GBM_4_AutoML_19_20260420_195545,trend_lag1,18.758536643981934
0,1,0.3,GBM_4_AutoML_19_20260420_195545,month_sin,11.572186222076416
0,1,0.3,GBM_4_AutoML_19_20260420_195545,month_cos,51.488359920978546
0,1,0.3,GBM_4_AutoML_19_20260420_195545,year,7.419667121171951
0,1,0.3,GBM_grid_1_AutoML_19_20260420_195545_model_3,target_lag1,499.0913465499878
0,1,0.3,GBM_grid_1_AutoML_19_20260420_195545_model_3,target_lag2,536.8530110168457
0,1,0.3,GBM_grid_1_AutoML_19_20260420_195545_model_3,target_lag3,583.8568449401855
0,1,0.3,GBM_grid_1_AutoML_19_20260420_195545_model_3,target_lag4,251.71154399871827
0,1,0.3,GBM_grid_1_AutoML_19_20260420_195545_model_3,target_lag5,210.406649017334
0,1,0.3,GBM_grid_1_AutoML_19_20260420_195545_model_3,target_lag6,184.33419863700865
0,1,0.3,GBM_grid_1_AutoML_19_20260420_195545_model_3,month_lag1,32.45701345682144
0,1,0.3,GBM_grid_1_AutoML_19_20260420_195545_model_3,trend_lag1,38.54840699911117
0,1,0.3,GBM_grid_1_AutoML_19_20260420_195545_model_3,month_sin,9.126238176822662
0,1,0.3,GBM_grid_1_AutoML_19_20260420_195545_model_3,month_cos,78.12019544243813
0,1,0.3,GBM_grid_1_AutoML_19_20260420_195545_model_3,year,6.422029974758625
0,1,0.3,XGBoost_grid_1_AutoML_19_20260420_195545_model_4,target_lag1,757.6874124145507
0,1,0.3,XGBoost_grid_1_AutoML_19_20260420_195545_model_4,target_lag2,922.7841888427735
0,1,0.3,XGBoost_grid_1_AutoML_19_20260420_195545_model_4,target_lag3,161.91589630126953
0,1,0.3,XGBoost_grid_1_AutoML_19_20260420_195545_model_4,target_lag4,495.69168910443784
0,1,0.3,XGBoost_grid_1_AutoML_19_20260420_195545_model_4,target_lag5,76.70743301272393
0,1,0.3,XGBoost_grid_1_AutoML_19_20260420_195545_model_4,target_lag6,109.85962039336562
0,1,0.3,XGBoost_grid_1_AutoML_19_20260420_195545_model_4,month_lag1,20.45029302954674
0,1,0.3,XGBoost_grid_1_AutoML_19_20260420_195545_model_4,trend_lag1,25.362791084051132
0,1,0.3,XGBoost_grid_1_AutoML_19_20260420_195545_model_4,month_sin,12.668206230551004
0,1,0.3,XGBoost_grid_1_AutoML_19_20260420_195545_model_4,month_cos,66.36134167194366
0,1,0.3,XGBoost_grid_1_AutoML_19_20260420_195545_model_4,year,5.603051225095987
0,1,0.3,GBM_grid_1_AutoML_19_20260420_195545_model_1,target_lag1,632.9341746455431
0,1,0.3,GBM_grid_1_AutoML_19_20260420_195545_model_1,target_lag2,457.3531371688843
0,1,0.3,GBM_grid_1_AutoML_19_20260420_195545_model_1,target_lag3,390.2018953704834
0,1,0.3,GBM_grid_1_AutoML_19_20260420_195545_model_1,target_lag4,274.8736077451706
0,1,0.3,GBM_grid_1_AutoML_19_20260420_195545_model_1,target_lag5,277.4787057065964
0,1,0.3,GBM_grid_1_AutoML_19_20260420_195545_model_1,target_lag6,228.30104614257812
0,1,0.3,GBM_grid_1_AutoML_19_20260420_195545_model_1,month_lag1,29.582628234922886
0,1,0.3,GBM_grid_1_AutoML_19_20260420_195545_model_1,trend_lag1,47.453533680438994
0,1,0.3,GBM_grid_1_AutoML_19_20260420_195545_model_1,month_sin,13.410159897208214
0,1,0.3,GBM_grid_1_AutoML_19_20260420_195545_model_1,month_cos,38.47173960506916
0,1,0.3,GBM_grid_1_AutoML_19_20260420_195545_model_1,year,11.624523587226868
0,1,0.3,XGBoost_1_AutoML_19_20260420_195545,target_lag1,824.2446693611145
0,1,0.3,XGBoost_1_AutoML_19_20260420_195545,target_lag2,276.94375535488126
0,1,0.3,XGBoost_1_AutoML_19_20260420_195545,target_lag3,528.9314318847656
0,1,0.3,XGBoost_1_AutoML_19_20260420_195545,target_lag4,485.57374769210816
0,1,0.3,XGBoost_1_AutoML_19_20260420_195545,target_lag5,117.37734033584594
0,1,0.3,XGBoost_1_AutoML_19_20260420_195545,target_lag6,138.8487754493952
0,1,0.3,XGBoost_1_AutoML_19_20260420_195545,month_lag1,35.723907766342165
0,1,0.3,XGBoost_1_AutoML_19_20260420_195545,trend_lag1,24.389124312400817
0,1,0.3,XGBoost_1_AutoML_19_20260420_195545,month_sin,14.080202087908983
0,1,0.3,XGBoost_1_AutoML_19_20260420_195545,month_cos,60.33966422080994
0,1,0.3,XGBoost_1_AutoML_19_20260420_195545,year,30.18699080467224
0,1,0.3,XGBoost_2_AutoML_19_20260420_195545,target_lag1,868.3386049652099
0,1,0.3,XGBoost_2_AutoML_19_20260420_195545,target_lag2,601.1758862876892
0,1,0.3,XGBoost_2_AutoML_19_20260420_195545,target_lag3,451.1271812438965
0,1,0.3,XGBoost_2_AutoML_19_20260420_195545,target_lag4,272.4227746248245
0,1,0.3,XGBoost_2_AutoML_19_20260420_195545,target_lag5,58.844998999238015
0,1,0.3,XGBoost_2_AutoML_19_20260420_195545,target_lag6,186.13451724827289
0,1,0.3,XGBoost_2_AutoML_19_20260420_195545,month_lag1,32.04019777417183
0,1,0.3,XGBoost_2_AutoML_19_20260420_195545,trend_lag1,48.044877104759216
0,1,0.3,XGBoost_2_AutoML_19_20260420_195545,month_sin,9.706870955079793
0,1,0.3,XGBoost_2_AutoML_19_20260420_195545,month_cos,66.89139568328858
0,1,0.3,XGBoost_2_AutoML_19_20260420_195545,year,8.168923049867153
0,1,0.3,XGBoost_3_AutoML_19_20260420_195545,target_lag1,989.5505027770996
0,1,0.3,XGBoost_3_AutoML_19_20260420_195545,target_lag2,639.1553755378723
0,1,0.3,XGBoost_3_AutoML_19_20260420_195545,target_lag3,63.72942445039749
0,1,0.3,XGBoost_3_AutoML_19_20260420_195545,target_lag4,482.66568664550783
0,1,0.3,XGBoost_3_AutoML_19_20260420_195545,target_lag5,96.22854691505432
0,1,0.3,XGBoost_3_AutoML_19_20260420_195545,target_lag6,142.49467025518416
0,1,0.3,XGBoost_3_AutoML_19_20260420_195545,month_lag1,41.31450440645218
0,1,0.3,XGBoost_3_AutoML_19_20260420_195545,trend_lag1,25.05709409713745
0,1,0.3,XGBoost_3_AutoML_19_20260420_195545,month_sin,11.073697496652603
0,1,0.3,XGBoost_3_AutoML_19_20260420_195545,month_cos,32.861648533344265
0,1,0.3,XGBoost_3_AutoML_19_20260420_195545,year,9.737563672065734
0,1,0.3,XGBoost_grid_1_AutoML_19_20260420_195545_model_1,target_lag1,362.1236120223999
0,1,0.3,XGBoost_grid_1_AutoML_19_20260420_195545_model_1,target_lag2,832.1876979064941
0,1,0.3,XGBoost_grid_1_AutoML_19_20260420_195545_model_1,target_lag3,530.2991868591308
0,1,0.3,XGBoost_grid_1_AutoML_19_20260420_195545_model_1,target_lag4,432.50514617919924
0,1,0.3,XGBoost_grid_1_AutoML_19_20260420_195545_model_1,target_lag5,83.70885880470276
0,1,0.3,XGBoost_grid_1_AutoML_19_20260420_195545_model_1,target_lag6,204.80517074108124
0,1,0.3,XGBoost_grid_1_AutoML_19_20260420_195545_model_1,month_lag1,38.25189287602902
0,1,0.3,XGBoost_grid_1_AutoML_19_20260420_195545_model_1,trend_lag1,45.012130110263826
0,1,0.3,XGBoost_grid_1_AutoML_19_20260420_195545_model_1,month_sin,14.13358127295971
0,1,0.3,XGBoost_grid_1_AutoML_19_20260420_195545_model_1,month_cos,56.07766762733459
0,1,0.3,XGBoost_grid_1_AutoML_19_20260420_195545_model_1,year,13.088924646377563
0,1,0.3,XGBoost_grid_1_AutoML_19_20260420_195545_model_5,target_lag1,439.71058000564574
0,1,0.3,XGBoost_grid_1_AutoML_19_20260420_195545_model_5,target_lag2,595.1508261108398
0,1,0.3,XGBoost_grid_1_AutoML_19_20260420_195545_model_5,target_lag3,951.4426992797852
0,1,0.3,XGBoost_grid_1_AutoML_19_20260420_195545_model_5,target_lag4,236.67654237747192
0,1,0.3,XGBoost_grid_1_AutoML_19_20260420_195545_model_5,target_lag5,90.39672798395156
0,1,0.3,XGBoost_grid_1_AutoML_19_20260420_195545_model_5,target_lag6,189.8481180381775
0,1,0.3,XGBoost_grid_1_AutoML_19_20260420_195545_model_5,month_lag1,31.64480282872915
0,1,0.3,XGBoost_grid_1_AutoML_19_20260420_195545_model_5,trend_lag1,43.33315052941442
0,1,0.3,XGBoost_grid_1_AutoML_19_20260420_195545_model_5,month_sin,14.281435850262643
0,1,0.3,XGBoost_grid_1_AutoML_19_20260420_195545_model_5,month_cos,87.45115911483765
0,1,0.3,XGBoost_grid_1_AutoML_19_20260420_195545_model_5,year,12.61042271912098
0,1,0.3,XGBoost_grid_1_AutoML_19_20260420_195545_model_6,target_lag1,1407.6943182373047
0,1,0.3,XGBoost_grid_1_AutoML_19_20260420_195545_model_6,target_lag2,393.9887213897705
0,1,0.3,XGBoost_grid_1_AutoML_19_20260420_195545_model_6,target_lag3,337.67106475830076
0,1,0.3,XGBoost_grid_1_AutoML_19_20260420_195545_model_6,target_lag4,187.72364993095397
0,1,0.3,XGBoost_grid_1_AutoML_19_20260420_195545_model_6,target_lag5,131.25370639801025
0,1,0.3,XGBoost_grid_1_AutoML_19_20260420_195545_model_6,target_lag6,103.17708938598633
0,1,0.3,XGBoost_grid_1_AutoML_19_20260420_195545_model_6,month_lag1,29.722585220336914
0,1,0.3,XGBoost_grid_1_AutoML_19_20260420_195545_model_6,trend_lag1,95.20969388961792
0,1,0.3,XGBoost_grid_1_AutoML_19_20260420_195545_model_6,month_sin,26.324494285583498
0,1,0.3,XGBoost_grid_1_AutoML_19_20260420_195545_model_6,month_cos,56.41038076400757
0,1,0.3,XGBoost_grid_1_AutoML_19_20260420_195545_model_6,year,23.172289361953734
1,1,0.02,GBM_5_AutoML_20_20260420_195620,target_lag1,1031.1090182876587
1,1,0.02,GBM_5_AutoML_20_20260420_195620,target_lag2,628.8830787658692
1,1,0.02,GBM_5_AutoML_20_20260420_195620,target_lag3,187.7453317832947
1,1,0.02,GBM_5_AutoML_20_20260420_195620,target_lag4,515.4470982074738
1,1,0.02,GBM_5_AutoML_20_20260420_195620,target_lag5,55.62080534696579
1,1,0.02,GBM_5_AutoML_20_20260420_195620,target_lag6,121.55949162244796
1,1,0.02,GBM_5_AutoML_20_20260420_195620,month_lag1,35.293854246139524
1,1,0.02,GBM_5_AutoML_20_20260420_195620,trend_lag1,18.605497455596925
1,1,0.02,GBM_5_AutoML_20_20260420_195620,month_sin,15.06511236578226
1,1,0.02,GBM_5_AutoML_20_20260420_195620,month_cos,37.31396263599396
1,1,0.02,GBM_5_AutoML_20_20260420_195620,year,7.52102412879467
1,1,0.05,GBM_5_AutoML_20_20260420_195620,target_lag1,1031.1090182876587
1,1,0.05,GBM_5_AutoML_20_20260420_195620,target_lag2,628.8830787658692
1,1,0.05,GBM_5_AutoML_20_20260420_195620,target_lag3,187.7453317832947
1,1,0.05,GBM_5_AutoML_20_20260420_195620,target_lag4,515.4470982074738
1,1,0.05,GBM_5_AutoML_20_20260420_195620,target_lag5,55.62080534696579
1,1,0.05,GBM_5_AutoML_20_20260420_195620,target_lag6,121.55949162244796
1,1,0.05,GBM_5_AutoML_20_20260420_195620,month_lag1,35.293854246139524
1,1,0.05,GBM_5_AutoML_20_20260420_195620,trend_lag1,18.605497455596925
1,1,0.05,GBM_5_AutoML_20_20260420_195620,month_sin,15.06511236578226
1,1,0.05,GBM_5_AutoML_20_20260420_195620,month_cos,37.31396263599396
1,1,0.05,GBM_5_AutoML_20_20260420_195620,year,7.52102412879467
1,1,0.1,GBM_5_AutoML_20_20260420_195620,target_lag1,1031.1090182876587
1,1,0.1,GBM_5_AutoML_20_20260420_195620,target_lag2,628.8830787658692
1,1,0.1,GBM_5_AutoML_20_20260420_195620,target_lag3,187.7453317832947
1,1,0.1,GBM_5_AutoML_20_20260420_195620,target_lag4,515.4470982074738
1,1,0.1,GBM_5_AutoML_20_20260420_195620,target_lag5,55.62080534696579
1,1,0.1,GBM_5_AutoML_20_20260420_195620,target_lag6,121.55949162244796
1,1,0.1,GBM_5_AutoML_20_20260420_195620,month_lag1,35.293854246139524
1,1,0.1,GBM_5_AutoML_20_20260420_195620,trend_lag1,18.605497455596925
1,1,0.1,GBM_5_AutoML_20_20260420_195620,month_sin,15.06511236578226
1,1,0.1,GBM_5_AutoML_20_20260420_195620,month_cos,37.31396263599396
1,1,0.1,GBM_5_AutoML_20_20260420_195620,year,7.52102412879467
1,1,0.1,GBM_3_AutoML_20_20260420_195620,target_lag1,877.4806976318359
1,1,0.1,GBM_3_AutoML_20_20260420_195620,target_lag2,624.100846862793
1,1,0.1,GBM_3_AutoML_20_20260420_195620,target_lag3,221.24564348220827
1,1,0.1,GBM_3_AutoML_20_20260420_195620,target_lag4,723.6551876831055
1,1,0.1,GBM_3_AutoML_20_20260420_195620,target_lag5,79.96893888473511
1,1,0.1,GBM_3_AutoML_20_20260420_195620,target_lag6,118.37739503860473
1,1,0.1,GBM_3_AutoML_20_20260420_195620,month_lag1,26.196513639837505
1,1,0.1,GBM_3_AutoML_20_20260420_195620,trend_lag1,19.02009709358215
1,1,0.1,GBM_3_AutoML_20_20260420_195620,month_sin,10.12967039167881
1,1,0.1,GBM_3_AutoML_20_20260420_195620,month_cos,58.9800818502903
1,1,0.1,GBM_3_AutoML_20_20260420_195620,year,4.787457531094551
1,1,0.1,GBM_4_AutoML_20_20260420_195620,target_lag1,890.8103550720215
1,1,0.1,GBM_4_AutoML_20_20260420_195620,target_lag2,852.8733557128907
1,1,0.1,GBM_4_AutoML_20_20260420_195620,target_lag3,184.0775968170166
1,1,0.1,GBM_4_AutoML_20_20260420_195620,target_lag4,450.1387702178955
1,1,0.1,GBM_4_AutoML_20_20260420_195620,target_lag5,85.38647844552993
1,1,0.1,GBM_4_AutoML_20_20260420_195620,target_lag6,89.27601829409599
1,1,0.1,GBM_4_AutoML_20_20260420_195620,month_lag1,29.66526594147086
1,1,0.1,GBM_4_AutoML_20_20260420_195620,trend_lag1,12.111744681745767
1,1,0.1,GBM_4_AutoML_20_20260420_195620,month_sin,12.299259416460991
1,1,0.1,GBM_4_AutoML_20_20260420_195620,month_cos,55.27405937194824
1,1,0.1,GBM_4_AutoML_20_20260420_195620,year,5.722427771687507
1,1,0.1,GBM_2_AutoML_20_20260420_195620,target_lag1,950.5187850952149
1,1,0.1,GBM_2_AutoML_20_20260420_195620,target_lag2,648.3492556762695
1,1,0.1,GBM_2_AutoML_20_20260420_195620,target_lag3,333.57063883304596
1,1,0.1,GBM_2_AutoML_20_20260420_195620,target_lag4,446.70676391601563
1,1,0.1,GBM_2_AutoML_20_20260420_195620,target_lag5,72.02185510635375
1,1,0.1,GBM_2_AutoML_20_20260420_195620,target_lag6,109.944629778862
1,1,0.1,GBM_2_AutoML_20_20260420_195620,month_lag1,26.559008396267892
1,1,0.1,GBM_2_AutoML_20_20260420_195620,trend_lag1,17.539455150961874
1,1,0.1,GBM_2_AutoML_20_20260420_195620,month_sin,14.705663666725158
1,1,0.1,GBM_2_AutoML_20_20260420_195620,month_cos,61.67810160517693
1,1,0.1,GBM_2_AutoML_20_20260420_195620,year,6.277087375819683
1,1,0.1,DRF_1_AutoML_20_20260420_195620,target_lag1,455.7078535318375
1,1,0.1,DRF_1_AutoML_20_20260420_195620,target_lag2,661.4159617233277
1,1,0.1,DRF_1_AutoML_20_20260420_195620,target_lag3,281.59567874908447
1,1,0.1,DRF_1_AutoML_20_20260420_195620,target_lag4,348.5464122772217
1,1,0.1,DRF_1_AutoML_20_20260420_195620,target_lag5,320.4607325744629
1,1,0.1,DRF_1_AutoML_20_20260420_195620,target_lag6,182.9823265004158
1,1,0.1,DRF_1_AutoML_20_20260420_195620,month_lag1,25.096074364185334
1,1,0.1,DRF_1_AutoML_20_20260420_195620,trend_lag1,74.03438613891602
1,1,0.1,DRF_1_AutoML_20_20260420_195620,month_sin,7.644835374355316
1,1,0.1,DRF_1_AutoML_20_20260420_195620,month_cos,32.273573592603206
1,1,0.1,DRF_1_AutoML_20_20260420_195620,year,8.289910687506199
1,1,0.1,GBM_grid_1_AutoML_20_20260420_195620_model_2,target_lag1,869.0874923706054
1,1,0.1,GBM_grid_1_AutoML_20_20260420_195620_model_2,target_lag2,564.7451945495606
1,1,0.1,GBM_grid_1_AutoML_20_20260420_195620_model_2,target_lag3,373.0769832229614
1,1,0.1,GBM_grid_1_AutoML_20_20260420_195620_model_2,target_lag4,530.4334704589844
1,1,0.1,GBM_grid_1_AutoML_20_20260420_195620_model_2,target_lag5,70.58201160430909
1,1,0.1,GBM_grid_1_AutoML_20_20260420_195620_model_2,target_lag6,166.0423834657669
1,1,0.1,GBM_grid_1_AutoML_20_20260420_195620_model_2,month_lag1,27.348866670131684
1,1,0.1,GBM_grid_1_AutoML_20_20260420_195620_model_2,trend_lag1,16.35301541686058
1,1,0.1,GBM_grid_1_AutoML_20_20260420_195620_model_2,month_sin,20.738228530883788
1,1,0.1,GBM_grid_1_AutoML_20_20260420_195620_model_2,month_cos,48.84766202673316
1,1,0.1,GBM_grid_1_AutoML_20_20260420_195620_model_2,year,3.639079752266407
1,1,0.1,XGBoost_grid_1_AutoML_20_20260420_195620_model_3,target_lag1,1008.4765953826904
1,1,0.1,XGBoost_grid_1_AutoML_20_20260420_195620_model_3,target_lag2,767.2250402832032
1,1,0.1,XGBoost_grid_1_AutoML_20_20260420_195620_model_3,target_lag3,342.1899006175995
1,1,0.1,XGBoost_grid_1_AutoML_20_20260420_195620_model_3,target_lag4,324.0387094116211
1,1,0.1,XGBoost_grid_1_AutoML_20_20260420_195620_model_3,target_lag5,47.58721614833921
1,1,0.1,XGBoost_grid_1_AutoML_20_20260420_195620_model_3,target_lag6,119.82967889785766
1,1,0.1,XGBoost_grid_1_AutoML_20_20260420_195620_model_3,month_lag1,58.61305065870285
1,1,0.1,XGBoost_grid_1_AutoML_20_20260420_195620_model_3,trend_lag1,44.45124266386032
1,1,0.1,XGBoost_grid_1_AutoML_20_20260420_195620_model_3,month_sin,16.607526372671128
1,1,0.1,XGBoost_grid_1_AutoML_20_20260420_195620_model_3,month_cos,35.615575046539306
1,1,0.1,XGBoost_grid_1_AutoML_20_20260420_195620_model_3,year,0.0
1,1,0.2,GBM_5_AutoML_20_20260420_195620,target_lag1,1031.1090182876587
1,1,0.2,GBM_5_AutoML_20_20260420_195620,target_lag2,628.8830787658692
1,1,0.2,GBM_5_AutoML_20_20260420_195620,target_lag3,187.7453317832947
1,1,0.2,GBM_5_AutoML_20_20260420_195620,target_lag4,515.4470982074738
1,1,0.2,GBM_5_AutoML_20_20260420_195620,target_lag5,55.62080534696579
1,1,0.2,GBM_5_AutoML_20_20260420_195620,target_lag6,121.55949162244796
1,1,0.2,GBM_5_AutoML_20_20260420_195620,month_lag1,35.293854246139524
1,1,0.2,GBM_5_AutoML_20_20260420_195620,trend_lag1,18.605497455596925
1,1,0.2,GBM_5_AutoML_20_20260420_195620,month_sin,15.06511236578226
1,1,0.2,GBM_5_AutoML_20_20260420_195620,month_cos,37.31396263599396
1,1,0.2,GBM_5_AutoML_20_20260420_195620,year,7.52102412879467
1,1,0.2,GBM_3_AutoML_20_20260420_195620,target_lag1,877.4806976318359
1,1,0.2,GBM_3_AutoML_20_20260420_195620,target_lag2,624.100846862793
1,1,0.2,GBM_3_AutoML_20_20260420_195620,target_lag3,221.24564348220827
1,1,0.2,GBM_3_AutoML_20_20260420_195620,target_lag4,723.6551876831055
1,1,0.2,GBM_3_AutoML_20_20260420_195620,target_lag5,79.96893888473511
1,1,0.2,GBM_3_AutoML_20_20260420_195620,target_lag6,118.37739503860473
1,1,0.2,GBM_3_AutoML_20_20260420_195620,month_lag1,26.196513639837505
1,1,0.2,GBM_3_AutoML_20_20260420_195620,trend_lag1,19.02009709358215
1,1,0.2,GBM_3_AutoML_20_20260420_195620,month_sin,10.12967039167881
1,1,0.2,GBM_3_AutoML_20_20260420_195620,month_cos,58.9800818502903
1,1,0.2,GBM_3_AutoML_20_20260420_195620,year,4.787457531094551
1,1,0.2,GBM_4_AutoML_20_20260420_195620,target_lag1,890.8103550720215
1,1,0.2,GBM_4_AutoML_20_20260420_195620,target_lag2,852.8733557128907
1,1,0.2,GBM_4_AutoML_20_20260420_195620,target_lag3,184.0775968170166
1,1,0.2,GBM_4_AutoML_20_20260420_195620,target_lag4,450.1387702178955
1,1,0.2,GBM_4_AutoML_20_20260420_195620,target_lag5,85.38647844552993
1,1,0.2,GBM_4_AutoML_20_20260420_195620,target_lag6,89.27601829409599
1,1,0.2,GBM_4_AutoML_20_20260420_195620,month_lag1,29.66526594147086
1,1,0.2,GBM_4_AutoML_20_20260420_195620,trend_lag1,12.111744681745767
1,1,0.2,GBM_4_AutoML_20_20260420_195620,month_sin,12.299259416460991
1,1,0.2,GBM_4_AutoML_20_20260420_195620,month_cos,55.27405937194824
1,1,0.2,GBM_4_AutoML_20_20260420_195620,year,5.722427771687507
1,1,0.2,GBM_2_AutoML_20_20260420_195620,target_lag1,950.5187850952149
1,1,0.2,GBM_2_AutoML_20_20260420_195620,target_lag2,648.3492556762695
1,1,0.2,GBM_2_AutoML_20_20260420_195620,target_lag3,333.57063883304596
1,1,0.2,GBM_2_AutoML_20_20260420_195620,target_lag4,446.70676391601563
1,1,0.2,GBM_2_AutoML_20_20260420_195620,target_lag5,72.02185510635375
1,1,0.2,GBM_2_AutoML_20_20260420_195620,target_lag6,109.944629778862
1,1,0.2,GBM_2_AutoML_20_20260420_195620,month_lag1,26.559008396267892
1,1,0.2,GBM_2_AutoML_20_20260420_195620,trend_lag1,17.539455150961874
1,1,0.2,GBM_2_AutoML_20_20260420_195620,month_sin,14.705663666725158
1,1,0.2,GBM_2_AutoML_20_20260420_195620,month_cos,61.67810160517693
1,1,0.2,GBM_2_AutoML_20_20260420_195620,year,6.277087375819683
1,1,0.2,DRF_1_AutoML_20_20260420_195620,target_lag1,455.7078535318375
1,1,0.2,DRF_1_AutoML_20_20260420_195620,target_lag2,661.4159617233277
1,1,0.2,DRF_1_AutoML_20_20260420_195620,target_lag3,281.59567874908447
1,1,0.2,DRF_1_AutoML_20_20260420_195620,target_lag4,348.5464122772217
1,1,0.2,DRF_1_AutoML_20_20260420_195620,target_lag5,320.4607325744629
1,1,0.2,DRF_1_AutoML_20_20260420_195620,target_lag6,182.9823265004158
1,1,0.2,DRF_1_AutoML_20_20260420_195620,month_lag1,25.096074364185334
1,1,0.2,DRF_1_AutoML_20_20260420_195620,trend_lag1,74.03438613891602
1,1,0.2,DRF_1_AutoML_20_20260420_195620,month_sin,7.644835374355316
1,1,0.2,DRF_1_AutoML_20_20260420_195620,month_cos,32.273573592603206
1,1,0.2,DRF_1_AutoML_20_20260420_195620,year,8.289910687506199
1,1,0.2,GBM_grid_1_AutoML_20_20260420_195620_model_2,target_lag1,869.0874923706054
1,1,0.2,GBM_grid_1_AutoML_20_20260420_195620_model_2,target_lag2,564.7451945495606
1,1,0.2,GBM_grid_1_AutoML_20_20260420_195620_model_2,target_lag3,373.0769832229614
1,1,0.2,GBM_grid_1_AutoML_20_20260420_195620_model_2,target_lag4,530.4334704589844
1,1,0.2,GBM_grid_1_AutoML_20_20260420_195620_model_2,target_lag5,70.58201160430909
1,1,0.2,GBM_grid_1_AutoML_20_20260420_195620_model_2,target_lag6,166.0423834657669
1,1,0.2,GBM_grid_1_AutoML_20_20260420_195620_model_2,month_lag1,27.348866670131684
1,1,0.2,GBM_grid_1_AutoML_20_20260420_195620_model_2,trend_lag1,16.35301541686058
1,1,0.2,GBM_grid_1_AutoML_20_20260420_195620_model_2,month_sin,20.738228530883788
1,1,0.2,GBM_grid_1_AutoML_20_20260420_195620_model_2,month_cos,48.84766202673316
1,1,0.2,GBM_grid_1_AutoML_20_20260420_195620_model_2,year,3.639079752266407
1,1,0.2,XGBoost_grid_1_AutoML_20_20260420_195620_model_3,target_lag1,1008.4765953826904
1,1,0.2,XGBoost_grid_1_AutoML_20_20260420_195620_model_3,target_lag2,767.2250402832032
1,1,0.2,XGBoost_grid_1_AutoML_20_20260420_195620_model_3,target_lag3,342.1899006175995
1,1,0.2,XGBoost_grid_1_AutoML_20_20260420_195620_model_3,target_lag4,324.0387094116211
1,1,0.2,XGBoost_grid_1_AutoML_20_20260420_195620_model_3,target_lag5,47.58721614833921
1,1,0.2,XGBoost_grid_1_AutoML_20_20260420_195620_model_3,target_lag6,119.82967889785766
1,1,0.2,XGBoost_grid_1_AutoML_20_20260420_195620_model_3,month_lag1,58.61305065870285
1,1,0.2,XGBoost_grid_1_AutoML_20_20260420_195620_model_3,trend_lag1,44.45124266386032
1,1,0.2,XGBoost_grid_1_AutoML_20_20260420_195620_model_3,month_sin,16.607526372671128
1,1,0.2,XGBoost_grid_1_AutoML_20_20260420_195620_model_3,month_cos,35.615575046539306
1,1,0.2,XGBoost_grid_1_AutoML_20_20260420_195620_model_3,year,0.0
1,1,0.2,XRT_1_AutoML_20_20260420_195620,target_lag1,646.4833068299293
1,1,0.2,XRT_1_AutoML_20_20260420_195620,target_lag2,512.4179179763794
1,1,0.2,XRT_1_AutoML_20_20260420_195620,target_lag3,252.5174527692795
1,1,0.2,XRT_1_AutoML_20_20260420_195620,target_lag4,282.6483171844482
1,1,0.2,XRT_1_AutoML_20_20260420_195620,target_lag5,431.64168716430663
1,1,0.2,XRT_1_AutoML_20_20260420_195620,target_lag6,197.33043563365936
1,1,0.2,XRT_1_AutoML_20_20260420_195620,month_lag1,14.432546352744103
1,1,0.2,XRT_1_AutoML_20_20260420_195620,trend_lag1,34.36388398170471
1,1,0.2,XRT_1_AutoML_20_20260420_195620,month_sin,12.181692328453064
1,1,0.2,XRT_1_AutoML_20_20260420_195620,month_cos,28.929115159511568
1,1,0.2,XRT_1_AutoML_20_20260420_195620,year,64.55758069992065
1,1,0.2,XGBoost_grid_1_AutoML_20_20260420_195620_model_2,target_lag1,457.7242878293991
1,1,0.2,XGBoost_grid_1_AutoML_20_20260420_195620_model_2,target_lag2,287.9193070602417
1,1,0.2,XGBoost_grid_1_AutoML_20_20260420_195620_model_2,target_lag3,989.9221673583984
1,1,0.2,XGBoost_grid_1_AutoML_20_20260420_195620_model_2,target_lag4,461.92311401367186
1,1,0.2,XGBoost_grid_1_AutoML_20_20260420_195620_model_2,target_lag5,206.38701587438584
1,1,0.2,XGBoost_grid_1_AutoML_20_20260420_195620_model_2,target_lag6,184.97612916946412
1,1,0.2,XGBoost_grid_1_AutoML_20_20260420_195620_model_2,month_lag1,44.64167964816093
1,1,0.2,XGBoost_grid_1_AutoML_20_20260420_195620_model_2,trend_lag1,40.195025073885915
1,1,0.2,XGBoost_grid_1_AutoML_20_20260420_195620_model_2,month_sin,15.344420890808106
1,1,0.2,XGBoost_grid_1_AutoML_20_20260420_195620_model_2,month_cos,52.18462446212769
1,1,0.2,XGBoost_grid_1_AutoML_20_20260420_195620_model_2,year,7.963205486536026
1,1,0.2,GBM_grid_1_AutoML_20_20260420_195620_model_1,target_lag1,721.5019436645508
1,1,0.2,GBM_grid_1_AutoML_20_20260420_195620_model_1,target_lag2,474.412674793005
1,1,0.2,GBM_grid_1_AutoML_20_20260420_195620_model_1,target_lag3,372.2842977142334
1,1,0.2,GBM_grid_1_AutoML_20_20260420_195620_model_1,target_lag4,378.9118815612793
1,1,0.2,GBM_grid_1_AutoML_20_20260420_195620_model_1,target_lag5,361.76955523014067
1,1,0.2,GBM_grid_1_AutoML_20_20260420_195620_model_1,target_lag6,150.2661875987053
1,1,0.2,GBM_grid_1_AutoML_20_20260420_195620_model_1,month_lag1,34.95463769674301
1,1,0.2,GBM_grid_1_AutoML_20_20260420_195620_model_1,trend_lag1,31.890917469859122
1,1,0.2,GBM_grid_1_AutoML_20_20260420_195620_model_1,month_sin,13.553014328479767
1,1,0.2,GBM_grid_1_AutoML_20_20260420_195620_model_1,month_cos,45.02557648777962
1,1,0.2,GBM_grid_1_AutoML_20_20260420_195620_model_1,year,13.105386021733285
1,1,0.2,XGBoost_1_AutoML_20_20260420_195620,target_lag1,634.2121273040772
1,1,0.2,XGBoost_1_AutoML_20_20260420_195620,target_lag2,766.4268137359619
1,1,0.2,XGBoost_1_AutoML_20_20260420_195620,target_lag3,534.1406592941285
1,1,0.2,XGBoost_1_AutoML_20_20260420_195620,target_lag4,359.30228687286376
1,1,0.2,XGBoost_1_AutoML_20_20260420_195620,target_lag5,48.129714829921724
1,1,0.2,XGBoost_1_AutoML_20_20260420_195620,target_lag6,213.0572777915001
1,1,0.2,XGBoost_1_AutoML_20_20260420_195620,month_lag1,41.90839267969132
1,1,0.2,XGBoost_1_AutoML_20_20260420_195620,trend_lag1,27.974602141678332
1,1,0.2,XGBoost_1_AutoML_20_20260420_195620,month_sin,14.365759799778461
1,1,0.2,XGBoost_1_AutoML_20_20260420_195620,month_cos,59.83168378114701
1,1,0.2,XGBoost_1_AutoML_20_20260420_195620,year,9.00936260536313
1,1,0.2,XGBoost_2_AutoML_20_20260420_195620,target_lag1,893.8315925598145
1,1,0.2,XGBoost_2_AutoML_20_20260420_195620,target_lag2,251.97733656883238
1,1,0.2,XGBoost_2_AutoML_20_20260420_195620,target_lag3,606.3581319999695
1,1,0.2,XGBoost_2_AutoML_20_20260420_195620,target_lag4,376.3998107910156
1,1,0.2,XGBoost_2_AutoML_20_20260420_195620,target_lag5,60.61020784974098
1,1,0.2,XGBoost_2_AutoML_20_20260420_195620,target_lag6,315.6352224159241
1,1,0.2,XGBoost_2_AutoML_20_20260420_195620,month_lag1,37.73614630699158
1,1,0.2,XGBoost_2_AutoML_20_20260420_195620,trend_lag1,34.659380326271055
1,1,0.2,XGBoost_2_AutoML_20_20260420_195620,month_sin,9.356482023745775
1,1,0.2,XGBoost_2_AutoML_20_20260420_195620,month_cos,65.25021229982376
1,1,0.2,XGBoost_2_AutoML_20_20260420_195620,year,9.449409944266081
1,1,0.2,XGBoost_grid_1_AutoML_20_20260420_195620_model_4,target_lag1,731.128697347641
1,1,0.2,XGBoost_grid_1_AutoML_20_20260420_195620_model_4,target_lag2,979.1672039794922
1,1,0.2,XGBoost_grid_1_AutoML_20_20260420_195620_model_4,target_lag3,379.80205116271975
1,1,0.2,XGBoost_grid_1_AutoML_20_20260420_195620_model_4,target_lag4,387.6444944000244
1,1,0.2,XGBoost_grid_1_AutoML_20_20260420_195620_model_4,target_lag5,97.40993408203126
1,1,0.2,XGBoost_grid_1_AutoML_20_20260420_195620_model_4,target_lag6,127.5337678527832
1,1,0.2,XGBoost_grid_1_AutoML_20_20260420_195620_model_4,month_lag1,36.34885886371136
1,1,0.2,XGBoost_grid_1_AutoML_20_20260420_195620_model_4,trend_lag1,20.79936696767807
1,1,0.2,XGBoost_grid_1_AutoML_20_20260420_195620_model_4,month_sin,22.084430408477782
1,1,0.2,XGBoost_grid_1_AutoML_20_20260420_195620_model_4,month_cos,43.50705267429352
1,1,0.2,XGBoost_grid_1_AutoML_20_20260420_195620_model_4,year,6.520851775407791
1,1,0.2,XGBoost_grid_1_AutoML_20_20260420_195620_model_1,target_lag1,556.3025454711914
1,1,0.2,XGBoost_grid_1_AutoML_20_20260420_195620_model_1,target_lag2,552.9945297956467
1,1,0.2,XGBoost_grid_1_AutoML_20_20260420_195620_model_1,target_lag3,200.9246933746338
1,1,0.2,XGBoost_grid_1_AutoML_20_20260420_195620_model_1,target_lag4,803.6652127075196
1,1,0.2,XGBoost_grid_1_AutoML_20_20260420_195620_model_1,target_lag5,168.91631090164185
1,1,0.2,XGBoost_grid_1_AutoML_20_20260420_195620_model_1,target_lag6,264.64252542734147
1,1,0.2,XGBoost_grid_1_AutoML_20_20260420_195620_model_1,month_lag1,59.81803611040115
1,1,0.2,XGBoost_grid_1_AutoML_20_20260420_195620_model_1,trend_lag1,19.691127728521824
1,1,0.2,XGBoost_grid_1_AutoML_20_20260420_195620_model_1,month_sin,30.132005338668822
1,1,0.2,XGBoost_grid_1_AutoML_20_20260420_195620_model_1,month_cos,43.131185906529424
1,1,0.2,XGBoost_grid_1_AutoML_20_20260420_195620_model_1,year,14.923798878192901
1,1,0.2,GBM_grid_1_AutoML_20_20260420_195620_model_3,target_lag1,580.1144594192505
1,1,0.2,GBM_grid_1_AutoML_20_20260420_195620_model_3,target_lag2,526.0522060394287
1,1,0.2,GBM_grid_1_AutoML_20_20260420_195620_model_3,target_lag3,425.46697338104246
1,1,0.2,GBM_grid_1_AutoML_20_20260420_195620_model_3,target_lag4,364.444245480299
1,1,0.2,GBM_grid_1_AutoML_20_20260420_195620_model_3,target_lag5,287.75213401794434
1,1,0.2,GBM_grid_1_AutoML_20_20260420_195620_model_3,target_lag6,208.5637308883667
1,1,0.2,GBM_grid_1_AutoML_20_20260420_195620_model_3,month_lag1,17.627904863357543
1,1,0.2,GBM_grid_1_AutoML_20_20260420_195620_model_3,trend_lag1,40.31150323867798
1,1,0.2,GBM_grid_1_AutoML_20_20260420_195620_model_3,month_sin,10.83740960791707
1,1,0.2,GBM_grid_1_AutoML_20_20260420_195620_model_3,month_cos,62.909232919551435
1,1,0.2,GBM_grid_1_AutoML_20_20260420_195620_model_3,year,11.34667100161314
1,1,0.2,XGBoost_3_AutoML_20_20260420_195620,target_lag1,1079.4775509643555
1,1,0.2,XGBoost_3_AutoML_20_20260420_195620,target_lag2,376.77237533569337
1,1,0.2,XGBoost_3_AutoML_20_20260420_195620,target_lag3,444.3286930084229
1,1,0.2,XGBoost_3_AutoML_20_20260420_195620,target_lag4,324.01199920654295
1,1,0.2,XGBoost_3_AutoML_20_20260420_195620,target_lag5,151.61274879455567
1,1,0.2,XGBoost_3_AutoML_20_20260420_195620,target_lag6,211.44106497764588
1,1,0.2,XGBoost_3_AutoML_20_20260420_195620,month_lag1,50.66484660625458
1,1,0.2,XGBoost_3_AutoML_20_20260420_195620,trend_lag1,29.290585651397706
1,1,0.2,XGBoost_3_AutoML_20_20260420_195620,month_sin,15.750657618045807
1,1,0.2,XGBoost_3_AutoML_20_20260420_195620,month_cos,50.63475617408753
1,1,0.2,XGBoost_3_AutoML_20_20260420_195620,year,4.647547176480293
1,1,0.3,GBM_5_AutoML_20_20260420_195620,target_lag1,1031.1090182876587
1,1,0.3,GBM_5_AutoML_20_20260420_195620,target_lag2,628.8830787658692
1,1,0.3,GBM_5_AutoML_20_20260420_195620,target_lag3,187.7453317832947
1,1,0.3,GBM_5_AutoML_20_20260420_195620,target_lag4,515.4470982074738
1,1,0.3,GBM_5_AutoML_20_20260420_195620,target_lag5,55.62080534696579
1,1,0.3,GBM_5_AutoML_20_20260420_195620,target_lag6,121.55949162244796
1,1,0.3,GBM_5_AutoML_20_20260420_195620,month_lag1,35.293854246139524
1,1,0.3,GBM_5_AutoML_20_20260420_195620,trend_lag1,18.605497455596925
1,1,0.3,GBM_5_AutoML_20_20260420_195620,month_sin,15.06511236578226
1,1,0.3,GBM_5_AutoML_20_20260420_195620,month_cos,37.31396263599396
1,1,0.3,GBM_5_AutoML_20_20260420_195620,year,7.52102412879467
1,1,0.3,GBM_3_AutoML_20_20260420_195620,target_lag1,877.4806976318359
1,1,0.3,GBM_3_AutoML_20_20260420_195620,target_lag2,624.100846862793
1,1,0.3,GBM_3_AutoML_20_20260420_195620,target_lag3,221.24564348220827
1,1,0.3,GBM_3_AutoML_20_20260420_195620,target_lag4,723.6551876831055
1,1,0.3,GBM_3_AutoML_20_20260420_195620,target_lag5,79.96893888473511
1,1,0.3,GBM_3_AutoML_20_20260420_195620,target_lag6,118.37739503860473
1,1,0.3,GBM_3_AutoML_20_20260420_195620,month_lag1,26.196513639837505
1,1,0.3,GBM_3_AutoML_20_20260420_195620,trend_lag1,19.02009709358215
1,1,0.3,GBM_3_AutoML_20_20260420_195620,month_sin,10.12967039167881
1,1,0.3,GBM_3_AutoML_20_20260420_195620,month_cos,58.9800818502903
1,1,0.3,GBM_3_AutoML_20_20260420_195620,year,4.787457531094551
1,1,0.3,GBM_4_AutoML_20_20260420_195620,target_lag1,890.8103550720215
1,1,0.3,GBM_4_AutoML_20_20260420_195620,target_lag2,852.8733557128907
1,1,0.3,GBM_4_AutoML_20_20260420_195620,target_lag3,184.0775968170166
1,1,0.3,GBM_4_AutoML_20_20260420_195620,target_lag4,450.1387702178955
1,1,0.3,GBM_4_AutoML_20_20260420_195620,target_lag5,85.38647844552993
1,1,0.3,GBM_4_AutoML_20_20260420_195620,target_lag6,89.27601829409599
1,1,0.3,GBM_4_AutoML_20_20260420_195620,month_lag1,29.66526594147086
1,1,0.3,GBM_4_AutoML_20_20260420_195620,trend_lag1,12.111744681745767
1,1,0.3,GBM_4_AutoML_20_20260420_195620,month_sin,12.299259416460991
1,1,0.3,GBM_4_AutoML_20_20260420_195620,month_cos,55.27405937194824
1,1,0.3,GBM_4_AutoML_20_20260420_195620,year,5.722427771687507
1,1,0.3,GBM_2_AutoML_20_20260420_195620,target_lag1,950.5187850952149
1,1,0.3,GBM_2_AutoML_20_20260420_195620,target_lag2,648.3492556762695
1,1,0.3,GBM_2_AutoML_20_20260420_195620,target_lag3,333.57063883304596
1,1,0.3,GBM_2_AutoML_20_20260420_195620,target_lag4,446.70676391601563
1,1,0.3,GBM_2_AutoML_20_20260420_195620,target_lag5,72.02185510635375
1,1,0.3,GBM_2_AutoML_20_20260420_195620,target_lag6,109.944629778862
1,1,0.3,GBM_2_AutoML_20_20260420_195620,month_lag1,26.559008396267892
1,1,0.3,GBM_2_AutoML_20_20260420_195620,trend_lag1,17.539455150961874
1,1,0.3,GBM_2_AutoML_20_20260420_195620,month_sin,14.705663666725158
1,1,0.3,GBM_2_AutoML_20_20260420_195620,month_cos,61.67810160517693
1,1,0.3,GBM_2_AutoML_20_20260420_195620,year,6.277087375819683
1,1,0.3,DRF_1_AutoML_20_20260420_195620,target_lag1,455.7078535318375
1,1,0.3,DRF_1_AutoML_20_20260420_195620,target_lag2,661.4159617233277
1,1,0.3,DRF_1_AutoML_20_20260420_195620,target_lag3,281.59567874908447
1,1,0.3,DRF_1_AutoML_20_20260420_195620,target_lag4,348.5464122772217
1,1,0.3,DRF_1_AutoML_20_20260420_195620,target_lag5,320.4607325744629
1,1,0.3,DRF_1_AutoML_20_20260420_195620,target_lag6,182.9823265004158
1,1,0.3,DRF_1_AutoML_20_20260420_195620,month_lag1,25.096074364185334
1,1,0.3,DRF_1_AutoML_20_20260420_195620,trend_lag1,74.03438613891602
1,1,0.3,DRF_1_AutoML_20_20260420_195620,month_sin,7.644835374355316
1,1,0.3,DRF_1_AutoML_20_20260420_195620,month_cos,32.273573592603206
1,1,0.3,DRF_1_AutoML_20_20260420_195620,year,8.289910687506199
1,1,0.3,GBM_grid_1_AutoML_20_20260420_195620_model_2,target_lag1,869.0874923706054
1,1,0.3,GBM_grid_1_AutoML_20_20260420_195620_model_2,target_lag2,564.7451945495606
1,1,0.3,GBM_grid_1_AutoML_20_20260420_195620_model_2,target_lag3,373.0769832229614
1,1,0.3,GBM_grid_1_AutoML_20_20260420_195620_model_2,target_lag4,530.4334704589844
1,1,0.3,GBM_grid_1_AutoML_20_20260420_195620_model_2,target_lag5,70.58201160430909
1,1,0.3,GBM_grid_1_AutoML_20_20260420_195620_model_2,target_lag6,166.0423834657669
1,1,0.3,GBM_grid_1_AutoML_20_20260420_195620_model_2,month_lag1,27.348866670131684
1,1,0.3,GBM_grid_1_AutoML_20_20260420_195620_model_2,trend_lag1,16.35301541686058
1,1,0.3,GBM_grid_1_AutoML_20_20260420_195620_model_2,month_sin,20.738228530883788
1,1,0.3,GBM_grid_1_AutoML_20_20260420_195620_model_2,month_cos,48.84766202673316
1,1,0.3,GBM_grid_1_AutoML_20_20260420_195620_model_2,year,3.639079752266407
1,1,0.3,XGBoost_grid_1_AutoML_20_20260420_195620_model_3,target_lag1,1008.4765953826904
1,1,0.3,XGBoost_grid_1_AutoML_20_20260420_195620_model_3,target_lag2,767.2250402832032
1,1,0.3,XGBoost_grid_1_AutoML_20_20260420_195620_model_3,target_lag3,342.1899006175995
1,1,0.3,XGBoost_grid_1_AutoML_20_20260420_195620_model_3,target_lag4,324.0387094116211
1,1,0.3,XGBoost_grid_1_AutoML_20_20260420_195620_model_3,target_lag5,47.58721614833921
1,1,0.3,XGBoost_grid_1_AutoML_20_20260420_195620_model_3,target_lag6,119.82967889785766
1,1,0.3,XGBoost_grid_1_AutoML_20_20260420_195620_model_3,month_lag1,58.61305065870285
1,1,0.3,XGBoost_grid_1_AutoML_20_20260420_195620_model_3,trend_lag1,44.45124266386032
1,1,0.3,XGBoost_grid_1_AutoML_20_20260420_195620_model_3,month_sin,16.607526372671128
1,1,0.3,XGBoost_grid_1_AutoML_20_20260420_195620_model_3,month_cos,35.615575046539306
1,1,0.3,XGBoost_grid_1_AutoML_20_20260420_195620_model_3,year,0.0
1,1,0.3,XRT_1_AutoML_20_20260420_195620,target_lag1,646.4833068299293
1,1,0.3,XRT_1_AutoML_20_20260420_195620,target_lag2,512.4179179763794
1,1,0.3,XRT_1_AutoML_20_20260420_195620,target_lag3,252.5174527692795
1,1,0.3,XRT_1_AutoML_20_20260420_195620,target_lag4,282.6483171844482
1,1,0.3,XRT_1_AutoML_20_20260420_195620,target_lag5,431.64168716430663
1,1,0.3,XRT_1_AutoML_20_20260420_195620,target_lag6,197.33043563365936
1,1,0.3,XRT_1_AutoML_20_20260420_195620,month_lag1,14.432546352744103
1,1,0.3,XRT_1_AutoML_20_20260420_195620,trend_lag1,34.36388398170471
1,1,0.3,XRT_1_AutoML_20_20260420_195620,month_sin,12.181692328453064
1,1,0.3,XRT_1_AutoML_20_20260420_195620,month_cos,28.929115159511568
1,1,0.3,XRT_1_AutoML_20_20260420_195620,year,64.55758069992065
1,1,0.3,XGBoost_grid_1_AutoML_20_20260420_195620_model_2,target_lag1,457.7242878293991
1,1,0.3,XGBoost_grid_1_AutoML_20_20260420_195620_model_2,target_lag2,287.9193070602417
1,1,0.3,XGBoost_grid_1_AutoML_20_20260420_195620_model_2,target_lag3,989.9221673583984
1,1,0.3,XGBoost_grid_1_AutoML_20_20260420_195620_model_2,target_lag4,461.92311401367186
1,1,0.3,XGBoost_grid_1_AutoML_20_20260420_195620_model_2,target_lag5,206.38701587438584
1,1,0.3,XGBoost_grid_1_AutoML_20_20260420_195620_model_2,target_lag6,184.97612916946412
1,1,0.3,XGBoost_grid_1_AutoML_20_20260420_195620_model_2,month_lag1,44.64167964816093
1,1,0.3,XGBoost_grid_1_AutoML_20_20260420_195620_model_2,trend_lag1,40.195025073885915
1,1,0.3,XGBoost_grid_1_AutoML_20_20260420_195620_model_2,month_sin,15.344420890808106
1,1,0.3,XGBoost_grid_1_AutoML_20_20260420_195620_model_2,month_cos,52.18462446212769
1,1,0.3,XGBoost_grid_1_AutoML_20_20260420_195620_model_2,year,7.963205486536026
1,1,0.3,GBM_grid_1_AutoML_20_20260420_195620_model_1,target_lag1,721.5019436645508
1,1,0.3,GBM_grid_1_AutoML_20_20260420_195620_model_1,target_lag2,474.412674793005
1,1,0.3,GBM_grid_1_AutoML_20_20260420_195620_model_1,target_lag3,372.2842977142334
1,1,0.3,GBM_grid_1_AutoML_20_20260420_195620_model_1,target_lag4,378.9118815612793
1,1,0.3,GBM_grid_1_AutoML_20_20260420_195620_model_1,target_lag5,361.76955523014067
1,1,0.3,GBM_grid_1_AutoML_20_20260420_195620_model_1,target_lag6,150.2661875987053
1,1,0.3,GBM_grid_1_AutoML_20_20260420_195620_model_1,month_lag1,34.95463769674301
1,1,0.3,GBM_grid_1_AutoML_20_20260420_195620_model_1,trend_lag1,31.890917469859122
1,1,0.3,GBM_grid_1_AutoML_20_20260420_195620_model_1,month_sin,13.553014328479767
1,1,0.3,GBM_grid_1_AutoML_20_20260420_195620_model_1,month_cos,45.02557648777962
1,1,0.3,GBM_grid_1_AutoML_20_20260420_195620_model_1,year,13.105386021733285
1,1,0.3,XGBoost_1_AutoML_20_20260420_195620,target_lag1,634.2121273040772
1,1,0.3,XGBoost_1_AutoML_20_20260420_195620,target_lag2,766.4268137359619
1,1,0.3,XGBoost_1_AutoML_20_20260420_195620,target_lag3,534.1406592941285
1,1,0.3,XGBoost_1_AutoML_20_20260420_195620,target_lag4,359.30228687286376
1,1,0.3,XGBoost_1_AutoML_20_20260420_195620,target_lag5,48.129714829921724
1,1,0.3,XGBoost_1_AutoML_20_20260420_195620,target_lag6,213.0572777915001
1,1,0.3,XGBoost_1_AutoML_20_20260420_195620,month_lag1,41.90839267969132
1,1,0.3,XGBoost_1_AutoML_20_20260420_195620,trend_lag1,27.974602141678332
1,1,0.3,XGBoost_1_AutoML_20_20260420_195620,month_sin,14.365759799778461
1,1,0.3,XGBoost_1_AutoML_20_20260420_195620,month_cos,59.83168378114701
1,1,0.3,XGBoost_1_AutoML_20_20260420_195620,year,9.00936260536313
1,1,0.3,XGBoost_2_AutoML_20_20260420_195620,target_lag1,893.8315925598145
1,1,0.3,XGBoost_2_AutoML_20_20260420_195620,target_lag2,251.97733656883238
1,1,0.3,XGBoost_2_AutoML_20_20260420_195620,target_lag3,606.3581319999695
1,1,0.3,XGBoost_2_AutoML_20_20260420_195620,target_lag4,376.3998107910156
1,1,0.3,XGBoost_2_AutoML_20_20260420_195620,target_lag5,60.61020784974098
1,1,0.3,XGBoost_2_AutoML_20_20260420_195620,target_lag6,315.6352224159241
1,1,0.3,XGBoost_2_AutoML_20_20260420_195620,month_lag1,37.73614630699158
1,1,0.3,XGBoost_2_AutoML_20_20260420_195620,trend_lag1,34.659380326271055
1,1,0.3,XGBoost_2_AutoML_20_20260420_195620,month_sin,9.356482023745775
1,1,0.3,XGBoost_2_AutoML_20_20260420_195620,month_cos,65.25021229982376
1,1,0.3,XGBoost_2_AutoML_20_20260420_195620,year,9.449409944266081
1,1,0.3,XGBoost_grid_1_AutoML_20_20260420_195620_model_4,target_lag1,731.128697347641
1,1,0.3,XGBoost_grid_1_AutoML_20_20260420_195620_model_4,target_lag2,979.1672039794922
1,1,0.3,XGBoost_grid_1_AutoML_20_20260420_195620_model_4,target_lag3,379.80205116271975
1,1,0.3,XGBoost_grid_1_AutoML_20_20260420_195620_model_4,target_lag4,387.6444944000244
1,1,0.3,XGBoost_grid_1_AutoML_20_20260420_195620_model_4,target_lag5,97.40993408203126
1,1,0.3,XGBoost_grid_1_AutoML_20_20260420_195620_model_4,target_lag6,127.5337678527832
1,1,0.3,XGBoost_grid_1_AutoML_20_20260420_195620_model_4,month_lag1,36.34885886371136
1,1,0.3,XGBoost_grid_1_AutoML_20_20260420_195620_model_4,trend_lag1,20.79936696767807
1,1,0.3,XGBoost_grid_1_AutoML_20_20260420_195620_model_4,month_sin,22.084430408477782
1,1,0.3,XGBoost_grid_1_AutoML_20_20260420_195620_model_4,month_cos,43.50705267429352
1,1,0.3,XGBoost_grid_1_AutoML_20_20260420_195620_model_4,year,6.520851775407791
1,1,0.3,XGBoost_grid_1_AutoML_20_20260420_195620_model_1,target_lag1,556.3025454711914
1,1,0.3,XGBoost_grid_1_AutoML_20_20260420_195620_model_1,target_lag2,552.9945297956467
1,1,0.3,XGBoost_grid_1_AutoML_20_20260420_195620_model_1,target_lag3,200.9246933746338
1,1,0.3,XGBoost_grid_1_AutoML_20_20260420_195620_model_1,target_lag4,803.6652127075196
1,1,0.3,XGBoost_grid_1_AutoML_20_20260420_195620_model_1,target_lag5,168.91631090164185
1,1,0.3,XGBoost_grid_1_AutoML_20_20260420_195620_model_1,target_lag6,264.64252542734147
1,1,0.3,XGBoost_grid_1_AutoML_20_20260420_195620_model_1,month_lag1,59.81803611040115
1,1,0.3,XGBoost_grid_1_AutoML_20_20260420_195620_model_1,trend_lag1,19.691127728521824
1,1,0.3,XGBoost_grid_1_AutoML_20_20260420_195620_model_1,month_sin,30.132005338668822
1,1,0.3,XGBoost_grid_1_AutoML_20_20260420_195620_model_1,month_cos,43.131185906529424
1,1,0.3,XGBoost_grid_1_AutoML_20_20260420_195620_model_1,year,14.923798878192901
1,1,0.3,GBM_grid_1_AutoML_20_20260420_195620_model_3,target_lag1,580.1144594192505
1,1,0.3,GBM_grid_1_AutoML_20_20260420_195620_model_3,target_lag2,526.0522060394287
1,1,0.3,GBM_grid_1_AutoML_20_20260420_195620_model_3,target_lag3,425.46697338104246
1,1,0.3,GBM_grid_1_AutoML_20_20260420_195620_model_3,target_lag4,364.444245480299
1,1,0.3,GBM_grid_1_AutoML_20_20260420_195620_model_3,target_lag5,287.75213401794434
1,1,0.3,GBM_grid_1_AutoML_20_20260420_195620_model_3,target_lag6,208.5637308883667
1,1,0.3,GBM_grid_1_AutoML_20_20260420_195620_model_3,month_lag1,17.627904863357543
1,1,0.3,GBM_grid_1_AutoML_20_20260420_195620_model_3,trend_lag1,40.31150323867798
1,1,0.3,GBM_grid_1_AutoML_20_20260420_195620_model_3,month_sin,10.83740960791707
1,1,0.3,GBM_grid_1_AutoML_20_20260420_195620_model_3,month_cos,62.909232919551435
1,1,0.3,GBM_grid_1_AutoML_20_20260420_195620_model_3,year,11.34667100161314
1,1,0.3,XGBoost_3_AutoML_20_20260420_195620,target_lag1,1079.4775509643555
1,1,0.3,XGBoost_3_AutoML_20_20260420_195620,target_lag2,376.77237533569337
1,1,0.3,XGBoost_3_AutoML_20_20260420_195620,target_lag3,444.3286930084229
1,1,0.3,XGBoost_3_AutoML_20_20260420_195620,target_lag4,324.01199920654295
1,1,0.3,XGBoost_3_AutoML_20_20260420_195620,target_lag5,151.61274879455567
1,1,0.3,XGBoost_3_AutoML_20_20260420_195620,target_lag6,211.44106497764588
1,1,0.3,XGBoost_3_AutoML_20_20260420_195620,month_lag1,50.66484660625458
1,1,0.3,XGBoost_3_AutoML_20_20260420_195620,trend_lag1,29.290585651397706
1,1,0.3,XGBoost_3_AutoML_20_20260420_195620,month_sin,15.750657618045807
1,1,0.3,XGBoost_3_AutoML_20_20260420_195620,month_cos,50.63475617408753
1,1,0.3,XGBoost_3_AutoML_20_20260420_195620,year,4.647547176480293
1,1,0.3,XGBoost_grid_1_AutoML_20_20260420_195620_model_5,target_lag1,784.3689422607422
1,1,0.3,XGBoost_grid_1_AutoML_20_20260420_195620_model_5,target_lag2,275.0859970664978
1,1,0.3,XGBoost_grid_1_AutoML_20_20260420_195620_model_5,target_lag3,489.3750202178955
1,1,0.3,XGBoost_grid_1_AutoML_20_20260420_195620_model_5,target_lag4,301.39519870758056
1,1,0.3,XGBoost_grid_1_AutoML_20_20260420_195620_model_5,target_lag5,561.0965393066406
1,1,0.3,XGBoost_grid_1_AutoML_20_20260420_195620_model_5,target_lag6,182.76925649642945
1,1,0.3,XGBoost_grid_1_AutoML_20_20260420_195620_model_5,month_lag1,29.505318229198455
1,1,0.3,XGBoost_grid_1_AutoML_20_20260420_195620_model_5,trend_lag1,47.60816982984543
1,1,0.3,XGBoost_grid_1_AutoML_20_20260420_195620_model_5,month_sin,25.89631105661392
1,1,0.3,XGBoost_grid_1_AutoML_20_20260420_195620_model_5,month_cos,82.09593238472938
1,1,0.3,XGBoost_grid_1_AutoML_20_20260420_195620_model_5,year,7.632759352326393
1,1,0.3,XGBoost_grid_1_AutoML_20_20260420_195620_model_6,target_lag1,977.8640490341187
1,1,0.3,XGBoost_grid_1_AutoML_20_20260420_195620_model_6,target_lag2,814.4825280761719
1,1,0.3,XGBoost_grid_1_AutoML_20_20260420_195620_model_6,target_lag3,208.39932264328002
1,1,0.3,XGBoost_grid_1_AutoML_20_20260420_195620_model_6,target_lag4,219.8008102798462
1,1,0.3,XGBoost_grid_1_AutoML_20_20260420_195620_model_6,target_lag5,300.6166696166992
1,1,0.3,XGBoost_grid_1_AutoML_20_20260420_195620_model_6,target_lag6,94.58994674682617
1,1,0.3,XGBoost_grid_1_AutoML_20_20260420_195620_model_6,month_lag1,50.54392144680023
1,1,0.3,XGBoost_grid_1_AutoML_20_20260420_195620_model_6,trend_lag1,47.53091603279114
1,1,0.3,XGBoost_grid_1_AutoML_20_20260420_195620_model_6,month_sin,16.808955698013307
1,1,0.3,XGBoost_grid_1_AutoML_20_20260420_195620_model_6,month_cos,42.333884420394895
1,1,0.3,XGBoost_grid_1_AutoML_20_20260420_195620_model_6,year,31.02381652355194
0,2,0.02,XRT_1_AutoML_21_20260420_195710,target_lag1,542.0266398811341
0,2,0.02,XRT_1_AutoML_21_20260420_195710,target_lag2,519.2414267349243
0,2,0.02,XRT_1_AutoML_21_20260420_195710,target_lag3,291.0017198944092
0,2,0.02,XRT_1_AutoML_21_20260420_195710,target_lag4,296.735293340683
0,2,0.02,XRT_1_AutoML_21_20260420_195710,target_lag5,267.8484457349777
0,2,0.02,XRT_1_AutoML_21_20260420_195710,target_lag6,179.42003984451293
0,2,0.02,XRT_1_AutoML_21_20260420_195710,month_lag1,21.156329256296157
0,2,0.02,XRT_1_AutoML_21_20260420_195710,trend_lag1,47.900431781709194
0,2,0.02,XRT_1_AutoML_21_20260420_195710,month_sin,14.878542133569717
0,2,0.02,XRT_1_AutoML_21_20260420_195710,month_cos,48.45116819381714
0,2,0.02,XRT_1_AutoML_21_20260420_195710,year,176.4759501647949
0,2,0.05,XRT_1_AutoML_21_20260420_195710,target_lag1,542.0266398811341
0,2,0.05,XRT_1_AutoML_21_20260420_195710,target_lag2,519.2414267349243
0,2,0.05,XRT_1_AutoML_21_20260420_195710,target_lag3,291.0017198944092
0,2,0.05,XRT_1_AutoML_21_20260420_195710,target_lag4,296.735293340683
0,2,0.05,XRT_1_AutoML_21_20260420_195710,target_lag5,267.8484457349777
0,2,0.05,XRT_1_AutoML_21_20260420_195710,target_lag6,179.42003984451293
0,2,0.05,XRT_1_AutoML_21_20260420_195710,month_lag1,21.156329256296157
0,2,0.05,XRT_1_AutoML_21_20260420_195710,trend_lag1,47.900431781709194
0,2,0.05,XRT_1_AutoML_21_20260420_195710,month_sin,14.878542133569717
0,2,0.05,XRT_1_AutoML_21_20260420_195710,month_cos,48.45116819381714
0,2,0.05,XRT_1_AutoML_21_20260420_195710,year,176.4759501647949
0,2,0.1,XRT_1_AutoML_21_20260420_195710,target_lag1,542.0266398811341
0,2,0.1,XRT_1_AutoML_21_20260420_195710,target_lag2,519.2414267349243
0,2,0.1,XRT_1_AutoML_21_20260420_195710,target_lag3,291.0017198944092
0,2,0.1,XRT_1_AutoML_21_20260420_195710,target_lag4,296.735293340683
0,2,0.1,XRT_1_AutoML_21_20260420_195710,target_lag5,267.8484457349777
0,2,0.1,XRT_1_AutoML_21_20260420_195710,target_lag6,179.42003984451293
0,2,0.1,XRT_1_AutoML_21_20260420_195710,month_lag1,21.156329256296157
0,2,0.1,XRT_1_AutoML_21_20260420_195710,trend_lag1,47.900431781709194
0,2,0.1,XRT_1_AutoML_21_20260420_195710,month_sin,14.878542133569717
0,2,0.1,XRT_1_AutoML_21_20260420_195710,month_cos,48.45116819381714
0,2,0.1,XRT_1_AutoML_21_20260420_195710,year,176.4759501647949
0,2,0.1,GBM_5_AutoML_21_20260420_195710,target_lag1,1108.516209011078
0,2,0.1,GBM_5_AutoML_21_20260420_195710,target_lag2,777.1085355472565
0,2,0.1,GBM_5_AutoML_21_20260420_195710,target_lag3,194.72607414245604
0,2,0.1,GBM_5_AutoML_21_20260420_195710,target_lag4,136.43548162460328
0,2,0.1,GBM_5_AutoML_21_20260420_195710,target_lag5,41.30450700759888
0,2,0.1,GBM_5_AutoML_21_20260420_195710,target_lag6,124.5741324186325
0,2,0.1,GBM_5_AutoML_21_20260420_195710,month_lag1,17.137203790396452
0,2,0.1,GBM_5_AutoML_21_20260420_195710,trend_lag1,50.62514623641968
0,2,0.1,GBM_5_AutoML_21_20260420_195710,month_sin,11.682964218854904
0,2,0.1,GBM_5_AutoML_21_20260420_195710,month_cos,48.299248598217964
0,2,0.1,GBM_5_AutoML_21_20260420_195710,year,7.995587168931961
0,2,0.2,XRT_1_AutoML_21_20260420_195710,target_lag1,542.0266398811341
0,2,0.2,XRT_1_AutoML_21_20260420_195710,target_lag2,519.2414267349243
0,2,0.2,XRT_1_AutoML_21_20260420_195710,target_lag3,291.0017198944092
0,2,0.2,XRT_1_AutoML_21_20260420_195710,target_lag4,296.735293340683
0,2,0.2,XRT_1_AutoML_21_20260420_195710,target_lag5,267.8484457349777
0,2,0.2,XRT_1_AutoML_21_20260420_195710,target_lag6,179.42003984451293
0,2,0.2,XRT_1_AutoML_21_20260420_195710,month_lag1,21.156329256296157
0,2,0.2,XRT_1_AutoML_21_20260420_195710,trend_lag1,47.900431781709194
0,2,0.2,XRT_1_AutoML_21_20260420_195710,month_sin,14.878542133569717
0,2,0.2,XRT_1_AutoML_21_20260420_195710,month_cos,48.45116819381714
0,2,0.2,XRT_1_AutoML_21_20260420_195710,year,176.4759501647949
0,2,0.2,GBM_5_AutoML_21_20260420_195710,target_lag1,1108.516209011078
0,2,0.2,GBM_5_AutoML_21_20260420_195710,target_lag2,777.1085355472565
0,2,0.2,GBM_5_AutoML_21_20260420_195710,target_lag3,194.72607414245604
0,2,0.2,GBM_5_AutoML_21_20260420_195710,target_lag4,136.43548162460328
0,2,0.2,GBM_5_AutoML_21_20260420_195710,target_lag5,41.30450700759888
0,2,0.2,GBM_5_AutoML_21_20260420_195710,target_lag6,124.5741324186325
0,2,0.2,GBM_5_AutoML_21_20260420_195710,month_lag1,17.137203790396452
0,2,0.2,GBM_5_AutoML_21_20260420_195710,trend_lag1,50.62514623641968
0,2,0.2,GBM_5_AutoML_21_20260420_195710,month_sin,11.682964218854904
0,2,0.2,GBM_5_AutoML_21_20260420_195710,month_cos,48.299248598217964
0,2,0.2,GBM_5_AutoML_21_20260420_195710,year,7.995587168931961
0,2,0.2,GBM_grid_1_AutoML_21_20260420_195710_model_3,target_lag1,595.3506616020203
0,2,0.2,GBM_grid_1_AutoML_21_20260420_195710_model_3,target_lag2,711.7247684574127
0,2,0.2,GBM_grid_1_AutoML_21_20260420_195710_model_3,target_lag3,273.0424658298492
0,2,0.2,GBM_grid_1_AutoML_21_20260420_195710_model_3,target_lag4,372.78602358818057
0,2,0.2,GBM_grid_1_AutoML_21_20260420_195710_model_3,target_lag5,164.89016607284546
0,2,0.2,GBM_grid_1_AutoML_21_20260420_195710_model_3,target_lag6,175.24828536987306
0,2,0.2,GBM_grid_1_AutoML_21_20260420_195710_model_3,month_lag1,43.48607476711273
0,2,0.2,GBM_grid_1_AutoML_21_20260420_195710_model_3,trend_lag1,39.8477095413208
0,2,0.2,GBM_grid_1_AutoML_21_20260420_195710_model_3,month_sin,19.516140817403794
0,2,0.2,GBM_grid_1_AutoML_21_20260420_195710_model_3,month_cos,53.2598048350215
0,2,0.2,GBM_grid_1_AutoML_21_20260420_195710_model_3,year,17.980659551620484
0,2,0.2,GBM_4_AutoML_21_20260420_195710,target_lag1,793.6305059051514
0,2,0.2,GBM_4_AutoML_21_20260420_195710,target_lag2,645.6377696323394
0,2,0.2,GBM_4_AutoML_21_20260420_195710,target_lag3,399.90383178710937
0,2,0.2,GBM_4_AutoML_21_20260420_195710,target_lag4,416.6419325256348
0,2,0.2,GBM_4_AutoML_21_20260420_195710,target_lag5,73.7232636809349
0,2,0.2,GBM_4_AutoML_21_20260420_195710,target_lag6,115.00175340652466
0,2,0.2,GBM_4_AutoML_21_20260420_195710,month_lag1,21.588674949221314
0,2,0.2,GBM_4_AutoML_21_20260420_195710,trend_lag1,17.777822530269624
0,2,0.2,GBM_4_AutoML_21_20260420_195710,month_sin,13.033023253679275
0,2,0.2,GBM_4_AutoML_21_20260420_195710,month_cos,53.88269554078579
0,2,0.2,GBM_4_AutoML_21_20260420_195710,year,9.865110815167426
0,2,0.2,DRF_1_AutoML_21_20260420_195710,target_lag1,545.2619391822815
0,2,0.2,DRF_1_AutoML_21_20260420_195710,target_lag2,608.9648905086517
0,2,0.2,DRF_1_AutoML_21_20260420_195710,target_lag3,312.19945070266726
0,2,0.2,DRF_1_AutoML_21_20260420_195710,target_lag4,353.9094111442566
0,2,0.2,DRF_1_AutoML_21_20260420_195710,target_lag5,155.56480249881744
0,2,0.2,DRF_1_AutoML_21_20260420_195710,target_lag6,192.20979703068733
0,2,0.2,DRF_1_AutoML_21_20260420_195710,month_lag1,23.38926929831505
0,2,0.2,DRF_1_AutoML_21_20260420_195710,trend_lag1,153.0462567138672
0,2,0.2,DRF_1_AutoML_21_20260420_195710,month_sin,7.67066447313875
0,2,0.2,DRF_1_AutoML_21_20260420_195710,month_cos,20.82584254384041
0,2,0.2,DRF_1_AutoML_21_20260420_195710,year,18.477594108581542
0,2,0.2,XGBoost_3_AutoML_21_20260420_195710,target_lag1,843.9120974349976
0,2,0.2,XGBoost_3_AutoML_21_20260420_195710,target_lag2,558.643935623169
0,2,0.2,XGBoost_3_AutoML_21_20260420_195710,target_lag3,106.85844745635987
0,2,0.2,XGBoost_3_AutoML_21_20260420_195710,target_lag4,667.5819152832031
0,2,0.2,XGBoost_3_AutoML_21_20260420_195710,target_lag5,65.63945963978767
0,2,0.2,XGBoost_3_AutoML_21_20260420_195710,target_lag6,199.22598884820937
0,2,0.2,XGBoost_3_AutoML_21_20260420_195710,month_lag1,26.52612597078085
0,2,0.2,XGBoost_3_AutoML_21_20260420_195710,trend_lag1,22.502131080627443
0,2,0.2,XGBoost_3_AutoML_21_20260420_195710,month_sin,23.537733283042908
0,2,0.2,XGBoost_3_AutoML_21_20260420_195710,month_cos,58.77395861804485
0,2,0.2,XGBoost_3_AutoML_21_20260420_195710,year,5.422599496841431
0,2,0.2,GBM_3_AutoML_21_20260420_195710,target_lag1,795.915689163208
0,2,0.2,GBM_3_AutoML_21_20260420_195710,target_lag2,968.6972345733643
0,2,0.2,GBM_3_AutoML_21_20260420_195710,target_lag3,217.177813000679
0,2,0.2,GBM_3_AutoML_21_20260420_195710,target_lag4,263.3079474449158
0,2,0.2,GBM_3_AutoML_21_20260420_195710,target_lag5,83.83895374134183
0,2,0.2,GBM_3_AutoML_21_20260420_195710,target_lag6,98.09935973286629
0,2,0.2,GBM_3_AutoML_21_20260420_195710,month_lag1,20.42961735665798
0,2,0.2,GBM_3_AutoML_21_20260420_195710,trend_lag1,16.250651500225068
0,2,0.2,GBM_3_AutoML_21_20260420_195710,month_sin,9.815249481201171
0,2,0.2,GBM_3_AutoML_21_20260420_195710,month_cos,61.14006750702858
0,2,0.2,GBM_3_AutoML_21_20260420_195710,year,5.51235267996788
0,2,0.2,GBM_2_AutoML_21_20260420_195710,target_lag1,689.4935627365112
0,2,0.2,GBM_2_AutoML_21_20260420_195710,target_lag2,907.3243704509736
0,2,0.2,GBM_2_AutoML_21_20260420_195710,target_lag3,295.027765045166
0,2,0.2,GBM_2_AutoML_21_20260420_195710,target_lag4,359.10395908355713
0,2,0.2,GBM_2_AutoML_21_20260420_195710,target_lag5,98.78961132049561
0,2,0.2,GBM_2_AutoML_21_20260420_195710,target_lag6,103.1075454044342
0,2,0.2,GBM_2_AutoML_21_20260420_195710,month_lag1,24.32491406559944
0,2,0.2,GBM_2_AutoML_21_20260420_195710,trend_lag1,22.448430525660516
0,2,0.2,GBM_2_AutoML_21_20260420_195710,month_sin,9.867308623418213
0,2,0.2,GBM_2_AutoML_21_20260420_195710,month_cos,40.800700654536485
0,2,0.2,GBM_2_AutoML_21_20260420_195710,year,4.797829399704933
0,2,0.2,XGBoost_grid_1_AutoML_21_20260420_195710_model_4,target_lag1,988.594737086296
0,2,0.2,XGBoost_grid_1_AutoML_21_20260420_195710_model_4,target_lag2,668.0017401885987
0,2,0.2,XGBoost_grid_1_AutoML_21_20260420_195710_model_4,target_lag3,47.146784687042235
0,2,0.2,XGBoost_grid_1_AutoML_21_20260420_195710_model_4,target_lag4,372.06110023498536
0,2,0.2,XGBoost_grid_1_AutoML_21_20260420_195710_model_4,target_lag5,80.24302841186524
0,2,0.2,XGBoost_grid_1_AutoML_21_20260420_195710_model_4,target_lag6,224.47915864944457
0,2,0.2,XGBoost_grid_1_AutoML_21_20260420_195710_model_4,month_lag1,52.87407529592514
0,2,0.2,XGBoost_grid_1_AutoML_21_20260420_195710_model_4,trend_lag1,12.325967907309533
0,2,0.2,XGBoost_grid_1_AutoML_21_20260420_195710_model_4,month_sin,12.917077318429946
0,2,0.2,XGBoost_grid_1_AutoML_21_20260420_195710_model_4,month_cos,26.991100820600987
0,2,0.2,XGBoost_grid_1_AutoML_21_20260420_195710_model_4,year,3.6006502479314806
0,2,0.2,GBM_grid_1_AutoML_21_20260420_195710_model_1,target_lag1,386.08637481212617
0,2,0.2,GBM_grid_1_AutoML_21_20260420_195710_model_1,target_lag2,502.2143911361694
0,2,0.2,GBM_grid_1_AutoML_21_20260420_195710_model_1,target_lag3,464.5017579650879
0,2,0.2,GBM_grid_1_AutoML_21_20260420_195710_model_1,target_lag4,537.1234507751465
0,2,0.2,GBM_grid_1_AutoML_21_20260420_195710_model_1,target_lag5,203.80998510360718
0,2,0.2,GBM_grid_1_AutoML_21_20260420_195710_model_1,target_lag6,178.19034671783447
0,2,0.2,GBM_grid_1_AutoML_21_20260420_195710_model_1,month_lag1,20.15383757829666
0,2,0.2,GBM_grid_1_AutoML_21_20260420_195710_model_1,trend_lag1,26.73515146791935
0,2,0.2,GBM_grid_1_AutoML_21_20260420_195710_model_1,month_sin,14.602562071979046
0,2,0.2,GBM_grid_1_AutoML_21_20260420_195710_model_1,month_cos,78.23702379405499
0,2,0.2,GBM_grid_1_AutoML_21_20260420_195710_model_1,year,28.795248585641385
0,2,0.2,XGBoost_grid_1_AutoML_21_20260420_195710_model_3,target_lag1,572.888438835144
0,2,0.2,XGBoost_grid_1_AutoML_21_20260420_195710_model_3,target_lag2,460.07927350997926
0,2,0.2,XGBoost_grid_1_AutoML_21_20260420_195710_model_3,target_lag3,606.6697282409668
0,2,0.2,XGBoost_grid_1_AutoML_21_20260420_195710_model_3,target_lag4,159.9290692138672
0,2,0.2,XGBoost_grid_1_AutoML_21_20260420_195710_model_3,target_lag5,399.8905609893799
0,2,0.2,XGBoost_grid_1_AutoML_21_20260420_195710_model_3,target_lag6,236.43432998657227
0,2,0.2,XGBoost_grid_1_AutoML_21_20260420_195710_model_3,month_lag1,32.410600872039794
0,2,0.2,XGBoost_grid_1_AutoML_21_20260420_195710_model_3,trend_lag1,23.320135078430177
0,2,0.2,XGBoost_grid_1_AutoML_21_20260420_195710_model_3,month_sin,22.99749939441681
0,2,0.2,XGBoost_grid_1_AutoML_21_20260420_195710_model_3,month_cos,67.43949287414551
0,2,0.2,XGBoost_grid_1_AutoML_21_20260420_195710_model_3,year,4.033201146125793
0,2,0.3,XRT_1_AutoML_21_20260420_195710,target_lag1,542.0266398811341
0,2,0.3,XRT_1_AutoML_21_20260420_195710,target_lag2,519.2414267349243
0,2,0.3,XRT_1_AutoML_21_20260420_195710,target_lag3,291.0017198944092
0,2,0.3,XRT_1_AutoML_21_20260420_195710,target_lag4,296.735293340683
0,2,0.3,XRT_1_AutoML_21_20260420_195710,target_lag5,267.8484457349777
0,2,0.3,XRT_1_AutoML_21_20260420_195710,target_lag6,179.42003984451293
0,2,0.3,XRT_1_AutoML_21_20260420_195710,month_lag1,21.156329256296157
0,2,0.3,XRT_1_AutoML_21_20260420_195710,trend_lag1,47.900431781709194
0,2,0.3,XRT_1_AutoML_21_20260420_195710,month_sin,14.878542133569717
0,2,0.3,XRT_1_AutoML_21_20260420_195710,month_cos,48.45116819381714
0,2,0.3,XRT_1_AutoML_21_20260420_195710,year,176.4759501647949
0,2,0.3,GBM_5_AutoML_21_20260420_195710,target_lag1,1108.516209011078
0,2,0.3,GBM_5_AutoML_21_20260420_195710,target_lag2,777.1085355472565
0,2,0.3,GBM_5_AutoML_21_20260420_195710,target_lag3,194.72607414245604
0,2,0.3,GBM_5_AutoML_21_20260420_195710,target_lag4,136.43548162460328
0,2,0.3,GBM_5_AutoML_21_20260420_195710,target_lag5,41.30450700759888
0,2,0.3,GBM_5_AutoML_21_20260420_195710,target_lag6,124.5741324186325
0,2,0.3,GBM_5_AutoML_21_20260420_195710,month_lag1,17.137203790396452
0,2,0.3,GBM_5_AutoML_21_20260420_195710,trend_lag1,50.62514623641968
0,2,0.3,GBM_5_AutoML_21_20260420_195710,month_sin,11.682964218854904
0,2,0.3,GBM_5_AutoML_21_20260420_195710,month_cos,48.299248598217964
0,2,0.3,GBM_5_AutoML_21_20260420_195710,year,7.995587168931961
0,2,0.3,GBM_grid_1_AutoML_21_20260420_195710_model_3,target_lag1,595.3506616020203
0,2,0.3,GBM_grid_1_AutoML_21_20260420_195710_model_3,target_lag2,711.7247684574127
0,2,0.3,GBM_grid_1_AutoML_21_20260420_195710_model_3,target_lag3,273.0424658298492
0,2,0.3,GBM_grid_1_AutoML_21_20260420_195710_model_3,target_lag4,372.78602358818057
0,2,0.3,GBM_grid_1_AutoML_21_20260420_195710_model_3,target_lag5,164.89016607284546
0,2,0.3,GBM_grid_1_AutoML_21_20260420_195710_model_3,target_lag6,175.24828536987306
0,2,0.3,GBM_grid_1_AutoML_21_20260420_195710_model_3,month_lag1,43.48607476711273
0,2,0.3,GBM_grid_1_AutoML_21_20260420_195710_model_3,trend_lag1,39.8477095413208
0,2,0.3,GBM_grid_1_AutoML_21_20260420_195710_model_3,month_sin,19.516140817403794
0,2,0.3,GBM_grid_1_AutoML_21_20260420_195710_model_3,month_cos,53.2598048350215
0,2,0.3,GBM_grid_1_AutoML_21_20260420_195710_model_3,year,17.980659551620484
0,2,0.3,GBM_4_AutoML_21_20260420_195710,target_lag1,793.6305059051514
0,2,0.3,GBM_4_AutoML_21_20260420_195710,target_lag2,645.6377696323394
0,2,0.3,GBM_4_AutoML_21_20260420_195710,target_lag3,399.90383178710937
0,2,0.3,GBM_4_AutoML_21_20260420_195710,target_lag4,416.6419325256348
0,2,0.3,GBM_4_AutoML_21_20260420_195710,target_lag5,73.7232636809349
0,2,0.3,GBM_4_AutoML_21_20260420_195710,target_lag6,115.00175340652466
0,2,0.3,GBM_4_AutoML_21_20260420_195710,month_lag1,21.588674949221314
0,2,0.3,GBM_4_AutoML_21_20260420_195710,trend_lag1,17.777822530269624
0,2,0.3,GBM_4_AutoML_21_20260420_195710,month_sin,13.033023253679275
0,2,0.3,GBM_4_AutoML_21_20260420_195710,month_cos,53.88269554078579
0,2,0.3,GBM_4_AutoML_21_20260420_195710,year,9.865110815167426
0,2,0.3,DRF_1_AutoML_21_20260420_195710,target_lag1,545.2619391822815
0,2,0.3,DRF_1_AutoML_21_20260420_195710,target_lag2,608.9648905086517
0,2,0.3,DRF_1_AutoML_21_20260420_195710,target_lag3,312.19945070266726
0,2,0.3,DRF_1_AutoML_21_20260420_195710,target_lag4,353.9094111442566
0,2,0.3,DRF_1_AutoML_21_20260420_195710,target_lag5,155.56480249881744
0,2,0.3,DRF_1_AutoML_21_20260420_195710,target_lag6,192.20979703068733
0,2,0.3,DRF_1_AutoML_21_20260420_195710,month_lag1,23.38926929831505
0,2,0.3,DRF_1_AutoML_21_20260420_195710,trend_lag1,153.0462567138672
0,2,0.3,DRF_1_AutoML_21_20260420_195710,month_sin,7.67066447313875
0,2,0.3,DRF_1_AutoML_21_20260420_195710,month_cos,20.82584254384041
0,2,0.3,DRF_1_AutoML_21_20260420_195710,year,18.477594108581542
0,2,0.3,XGBoost_3_AutoML_21_20260420_195710,target_lag1,843.9120974349976
0,2,0.3,XGBoost_3_AutoML_21_20260420_195710,target_lag2,558.643935623169
0,2,0.3,XGBoost_3_AutoML_21_20260420_195710,target_lag3,106.85844745635987
0,2,0.3,XGBoost_3_AutoML_21_20260420_195710,target_lag4,667.5819152832031
0,2,0.3,XGBoost_3_AutoML_21_20260420_195710,target_lag5,65.63945963978767
0,2,0.3,XGBoost_3_AutoML_21_20260420_195710,target_lag6,199.22598884820937
0,2,0.3,XGBoost_3_AutoML_21_20260420_195710,month_lag1,26.52612597078085
0,2,0.3,XGBoost_3_AutoML_21_20260420_195710,trend_lag1,22.502131080627443
0,2,0.3,XGBoost_3_AutoML_21_20260420_195710,month_sin,23.537733283042908
0,2,0.3,XGBoost_3_AutoML_21_20260420_195710,month_cos,58.77395861804485
0,2,0.3,XGBoost_3_AutoML_21_20260420_195710,year,5.422599496841431
0,2,0.3,GBM_3_AutoML_21_20260420_195710,target_lag1,795.915689163208
0,2,0.3,GBM_3_AutoML_21_20260420_195710,target_lag2,968.6972345733643
0,2,0.3,GBM_3_AutoML_21_20260420_195710,target_lag3,217.177813000679
0,2,0.3,GBM_3_AutoML_21_20260420_195710,target_lag4,263.3079474449158
0,2,0.3,GBM_3_AutoML_21_20260420_195710,target_lag5,83.83895374134183
0,2,0.3,GBM_3_AutoML_21_20260420_195710,target_lag6,98.09935973286629
0,2,0.3,GBM_3_AutoML_21_20260420_195710,month_lag1,20.42961735665798
0,2,0.3,GBM_3_AutoML_21_20260420_195710,trend_lag1,16.250651500225068
0,2,0.3,GBM_3_AutoML_21_20260420_195710,month_sin,9.815249481201171
0,2,0.3,GBM_3_AutoML_21_20260420_195710,month_cos,61.14006750702858
0,2,0.3,GBM_3_AutoML_21_20260420_195710,year,5.51235267996788
0,2,0.3,GBM_2_AutoML_21_20260420_195710,target_lag1,689.4935627365112
0,2,0.3,GBM_2_AutoML_21_20260420_195710,target_lag2,907.3243704509736
0,2,0.3,GBM_2_AutoML_21_20260420_195710,target_lag3,295.027765045166
0,2,0.3,GBM_2_AutoML_21_20260420_195710,target_lag4,359.10395908355713
0,2,0.3,GBM_2_AutoML_21_20260420_195710,target_lag5,98.78961132049561
0,2,0.3,GBM_2_AutoML_21_20260420_195710,target_lag6,103.1075454044342
0,2,0.3,GBM_2_AutoML_21_20260420_195710,month_lag1,24.32491406559944
0,2,0.3,GBM_2_AutoML_21_20260420_195710,trend_lag1,22.448430525660516
0,2,0.3,GBM_2_AutoML_21_20260420_195710,month_sin,9.867308623418213
0,2,0.3,GBM_2_AutoML_21_20260420_195710,month_cos,40.800700654536485
0,2,0.3,GBM_2_AutoML_21_20260420_195710,year,4.797829399704933
0,2,0.3,XGBoost_grid_1_AutoML_21_20260420_195710_model_4,target_lag1,988.594737086296
0,2,0.3,XGBoost_grid_1_AutoML_21_20260420_195710_model_4,target_lag2,668.0017401885987
0,2,0.3,XGBoost_grid_1_AutoML_21_20260420_195710_model_4,target_lag3,47.146784687042235
0,2,0.3,XGBoost_grid_1_AutoML_21_20260420_195710_model_4,target_lag4,372.06110023498536
0,2,0.3,XGBoost_grid_1_AutoML_21_20260420_195710_model_4,target_lag5,80.24302841186524
0,2,0.3,XGBoost_grid_1_AutoML_21_20260420_195710_model_4,target_lag6,224.47915864944457
0,2,0.3,XGBoost_grid_1_AutoML_21_20260420_195710_model_4,month_lag1,52.87407529592514
0,2,0.3,XGBoost_grid_1_AutoML_21_20260420_195710_model_4,trend_lag1,12.325967907309533
0,2,0.3,XGBoost_grid_1_AutoML_21_20260420_195710_model_4,month_sin,12.917077318429946
0,2,0.3,XGBoost_grid_1_AutoML_21_20260420_195710_model_4,month_cos,26.991100820600987
0,2,0.3,XGBoost_grid_1_AutoML_21_20260420_195710_model_4,year,3.6006502479314806
0,2,0.3,GBM_grid_1_AutoML_21_20260420_195710_model_1,target_lag1,386.08637481212617
0,2,0.3,GBM_grid_1_AutoML_21_20260420_195710_model_1,target_lag2,502.2143911361694
0,2,0.3,GBM_grid_1_AutoML_21_20260420_195710_model_1,target_lag3,464.5017579650879
0,2,0.3,GBM_grid_1_AutoML_21_20260420_195710_model_1,target_lag4,537.1234507751465
0,2,0.3,GBM_grid_1_AutoML_21_20260420_195710_model_1,target_lag5,203.80998510360718
0,2,0.3,GBM_grid_1_AutoML_21_20260420_195710_model_1,target_lag6,178.19034671783447
0,2,0.3,GBM_grid_1_AutoML_21_20260420_195710_model_1,month_lag1,20.15383757829666
0,2,0.3,GBM_grid_1_AutoML_21_20260420_195710_model_1,trend_lag1,26.73515146791935
0,2,0.3,GBM_grid_1_AutoML_21_20260420_195710_model_1,month_sin,14.602562071979046
0,2,0.3,GBM_grid_1_AutoML_21_20260420_195710_model_1,month_cos,78.23702379405499
0,2,0.3,GBM_grid_1_AutoML_21_20260420_195710_model_1,year,28.795248585641385
0,2,0.3,XGBoost_grid_1_AutoML_21_20260420_195710_model_3,target_lag1,572.888438835144
0,2,0.3,XGBoost_grid_1_AutoML_21_20260420_195710_model_3,target_lag2,460.07927350997926
0,2,0.3,XGBoost_grid_1_AutoML_21_20260420_195710_model_3,target_lag3,606.6697282409668
0,2,0.3,XGBoost_grid_1_AutoML_21_20260420_195710_model_3,target_lag4,159.9290692138672
0,2,0.3,XGBoost_grid_1_AutoML_21_20260420_195710_model_3,target_lag5,399.8905609893799
0,2,0.3,XGBoost_grid_1_AutoML_21_20260420_195710_model_3,target_lag6,236.43432998657227
0,2,0.3,XGBoost_grid_1_AutoML_21_20260420_195710_model_3,month_lag1,32.410600872039794
0,2,0.3,XGBoost_grid_1_AutoML_21_20260420_195710_model_3,trend_lag1,23.320135078430177
0,2,0.3,XGBoost_grid_1_AutoML_21_20260420_195710_model_3,month_sin,22.99749939441681
0,2,0.3,XGBoost_grid_1_AutoML_21_20260420_195710_model_3,month_cos,67.43949287414551
0,2,0.3,XGBoost_grid_1_AutoML_21_20260420_195710_model_3,year,4.033201146125793
0,2,0.3,XGBoost_grid_1_AutoML_21_20260420_195710_model_6,target_lag1,444.6397795581818
0,2,0.3,XGBoost_grid_1_AutoML_21_20260420_195710_model_6,target_lag2,1175.4243831014633
0,2,0.3,XGBoost_grid_1_AutoML_21_20260420_195710_model_6,target_lag3,243.44984572410584
0,2,0.3,XGBoost_grid_1_AutoML_21_20260420_195710_model_6,target_lag4,218.22221519470216
0,2,0.3,XGBoost_grid_1_AutoML_21_20260420_195710_model_6,target_lag5,132.9278473329544
0,2,0.3,XGBoost_grid_1_AutoML_21_20260420_195710_model_6,target_lag6,246.7996559715271
0,2,0.3,XGBoost_grid_1_AutoML_21_20260420_195710_model_6,month_lag1,47.591590750217435
0,2,0.3,XGBoost_grid_1_AutoML_21_20260420_195710_model_6,trend_lag1,59.74204858064652
0,2,0.3,XGBoost_grid_1_AutoML_21_20260420_195710_model_6,month_sin,12.908283623456954
0,2,0.3,XGBoost_grid_1_AutoML_21_20260420_195710_model_6,month_cos,30.386241302490234
0,2,0.3,XGBoost_grid_1_AutoML_21_20260420_195710_model_6,year,23.398305442631244
0,2,0.3,XGBoost_grid_1_AutoML_21_20260420_195710_model_5,target_lag1,822.486994895935
0,2,0.3,XGBoost_grid_1_AutoML_21_20260420_195710_model_5,target_lag2,570.2002591705323
0,2,0.3,XGBoost_grid_1_AutoML_21_20260420_195710_model_5,target_lag3,571.8582403564453
0,2,0.3,XGBoost_grid_1_AutoML_21_20260420_195710_model_5,target_lag4,252.24584581375123
0,2,0.3,XGBoost_grid_1_AutoML_21_20260420_195710_model_5,target_lag5,28.501374278068543
0,2,0.3,XGBoost_grid_1_AutoML_21_20260420_195710_model_5,target_lag6,218.54965295791627
0,2,0.3,XGBoost_grid_1_AutoML_21_20260420_195710_model_5,month_lag1,21.150718648433685
0,2,0.3,XGBoost_grid_1_AutoML_21_20260420_195710_model_5,trend_lag1,11.691415214538575
0,2,0.3,XGBoost_grid_1_AutoML_21_20260420_195710_model_5,month_sin,19.93401070833206
0,2,0.3,XGBoost_grid_1_AutoML_21_20260420_195710_model_5,month_cos,88.92752724647522
0,2,0.3,XGBoost_grid_1_AutoML_21_20260420_195710_model_5,year,2.8149712753295897
0,2,0.3,XGBoost_2_AutoML_21_20260420_195710,target_lag1,678.7548559761047
0,2,0.3,XGBoost_2_AutoML_21_20260420_195710,target_lag2,727.4210705566406
0,2,0.3,XGBoost_2_AutoML_21_20260420_195710,target_lag3,559.8730908203125
0,2,0.3,XGBoost_2_AutoML_21_20260420_195710,target_lag4,249.10333526611328
0,2,0.3,XGBoost_2_AutoML_21_20260420_195710,target_lag5,44.18270069122315
0,2,0.3,XGBoost_2_AutoML_21_20260420_195710,target_lag6,213.6545571899414
0,2,0.3,XGBoost_2_AutoML_21_20260420_195710,month_lag1,30.064058783352376
0,2,0.3,XGBoost_2_AutoML_21_20260420_195710,trend_lag1,29.283544652462005
0,2,0.3,XGBoost_2_AutoML_21_20260420_195710,month_sin,8.469781838804483
0,2,0.3,XGBoost_2_AutoML_21_20260420_195710,month_cos,47.71095763206482
0,2,0.3,XGBoost_2_AutoML_21_20260420_195710,year,10.286043944209814
0,2,0.3,XGBoost_grid_1_AutoML_21_20260420_195710_model_2,target_lag1,1098.92902885437
0,2,0.3,XGBoost_grid_1_AutoML_21_20260420_195710_model_2,target_lag2,657.3085339355468
0,2,0.3,XGBoost_grid_1_AutoML_21_20260420_195710_model_2,target_lag3,245.80800194740294
0,2,0.3,XGBoost_grid_1_AutoML_21_20260420_195710_model_2,target_lag4,226.11803302764892
0,2,0.3,XGBoost_grid_1_AutoML_21_20260420_195710_model_2,target_lag5,91.22327259063721
0,2,0.3,XGBoost_grid_1_AutoML_21_20260420_195710_model_2,target_lag6,122.42665840625763
0,2,0.3,XGBoost_grid_1_AutoML_21_20260420_195710_model_2,month_lag1,27.968076181411742
0,2,0.3,XGBoost_grid_1_AutoML_21_20260420_195710_model_2,trend_lag1,46.37677504479885
0,2,0.3,XGBoost_grid_1_AutoML_21_20260420_195710_model_2,month_sin,13.26084086060524
0,2,0.3,XGBoost_grid_1_AutoML_21_20260420_195710_model_2,month_cos,60.29580516815186
0,2,0.3,XGBoost_grid_1_AutoML_21_20260420_195710_model_2,year,2.6751123639568686
0,2,0.3,GBM_grid_1_AutoML_21_20260420_195710_model_2,target_lag1,602.1197281074524
0,2,0.3,GBM_grid_1_AutoML_21_20260420_195710_model_2,target_lag2,380.099968957901
0,2,0.3,GBM_grid_1_AutoML_21_20260420_195710_model_2,target_lag3,686.5956039428711
0,2,0.3,GBM_grid_1_AutoML_21_20260420_195710_model_2,target_lag4,322.51992973327634
0,2,0.3,GBM_grid_1_AutoML_21_20260420_195710_model_2,target_lag5,141.2659617614746
0,2,0.3,GBM_grid_1_AutoML_21_20260420_195710_model_2,target_lag6,196.52729016065598
0,2,0.3,GBM_grid_1_AutoML_21_20260420_195710_model_2,month_lag1,25.695889881253244
0,2,0.3,GBM_grid_1_AutoML_21_20260420_195710_model_2,trend_lag1,51.536402759552004
0,2,0.3,GBM_grid_1_AutoML_21_20260420_195710_model_2,month_sin,12.670557687431574
0,2,0.3,GBM_grid_1_AutoML_21_20260420_195710_model_2,month_cos,49.71878118276596
0,2,0.3,GBM_grid_1_AutoML_21_20260420_195710_model_2,year,12.62556468963623
0,2,0.3,XGBoost_1_AutoML_21_20260420_195710,target_lag1,374.160038356781
0,2,0.3,XGBoost_1_AutoML_21_20260420_195710,target_lag2,882.232900390625
0,2,0.3,XGBoost_1_AutoML_21_20260420_195710,target_lag3,239.79450613975524
0,2,0.3,XGBoost_1_AutoML_21_20260420_195710,target_lag4,164.03338249206544
0,2,0.3,XGBoost_1_AutoML_21_20260420_195710,target_lag5,118.25572579860687
0,2,0.3,XGBoost_1_AutoML_21_20260420_195710,target_lag6,676.7643240356446
0,2,0.3,XGBoost_1_AutoML_21_20260420_195710,month_lag1,38.83356321454048
0,2,0.3,XGBoost_1_AutoML_21_20260420_195710,trend_lag1,69.54789853096008
0,2,0.3,XGBoost_1_AutoML_21_20260420_195710,month_sin,12.288736215680837
0,2,0.3,XGBoost_1_AutoML_21_20260420_195710,month_cos,51.515141801834105
0,2,0.3,XGBoost_1_AutoML_21_20260420_195710,year,4.081750126183033
0,2,0.3,XGBoost_grid_1_AutoML_21_20260420_195710_model_1,target_lag1,417.854306640625
0,2,0.3,XGBoost_grid_1_AutoML_21_20260420_195710_model_1,target_lag2,1056.1320874023438
0,2,0.3,XGBoost_grid_1_AutoML_21_20260420_195710_model_1,target_lag3,251.11552055358888
0,2,0.3,XGBoost_grid_1_AutoML_21_20260420_195710_model_1,target_lag4,160.89518669128418
0,2,0.3,XGBoost_grid_1_AutoML_21_20260420_195710_model_1,target_lag5,441.54149475097654
0,2,0.3,XGBoost_grid_1_AutoML_21_20260420_195710_model_1,target_lag6,216.31052726745605
0,2,0.3,XGBoost_grid_1_AutoML_21_20260420_195710_model_1,month_lag1,24.108586206436158
0,2,0.3,XGBoost_grid_1_AutoML_21_20260420_195710_model_1,trend_lag1,11.958540725708009
0,2,0.3,XGBoost_grid_1_AutoML_21_20260420_195710_model_1,month_sin,8.235747003555298
0,2,0.3,XGBoost_grid_1_AutoML_21_20260420_195710_model_1,month_cos,70.33569657325745
0,2,0.3,XGBoost_grid_1_AutoML_21_20260420_195710_model_1,year,0.0
1,2,0.02,GBM_5_AutoML_22_20260420_195739,target_lag1,1100.1293098258973
1,2,0.02,GBM_5_AutoML_22_20260420_195739,target_lag2,807.2903941345215
1,2,0.02,GBM_5_AutoML_22_20260420_195739,target_lag3,114.67478833675385
1,2,0.02,GBM_5_AutoML_22_20260420_195739,target_lag4,324.1948266971111
1,2,0.02,GBM_5_AutoML_22_20260420_195739,target_lag5,46.492318555116654
1,2,0.02,GBM_5_AutoML_22_20260420_195739,target_lag6,133.56597966909408
1,2,0.02,GBM_5_AutoML_22_20260420_195739,month_lag1,27.164677209854126
1,2,0.02,GBM_5_AutoML_22_20260420_195739,trend_lag1,19.250510833263398
1,2,0.02,GBM_5_AutoML_22_20260420_195739,month_sin,9.304626589417458
1,2,0.02,GBM_5_AutoML_22_20260420_195739,month_cos,48.15779797077179
1,2,0.02,GBM_5_AutoML_22_20260420_195739,year,6.588983273506164
1,2,0.02,XRT_1_AutoML_22_20260420_195739,target_lag1,632.9557639598846
1,2,0.02,XRT_1_AutoML_22_20260420_195739,target_lag2,521.4708643174172
1,2,0.02,XRT_1_AutoML_22_20260420_195739,target_lag3,269.63673761367795
1,2,0.02,XRT_1_AutoML_22_20260420_195739,target_lag4,339.74311527252195
1,2,0.02,XRT_1_AutoML_22_20260420_195739,target_lag5,274.2640203857422
1,2,0.02,XRT_1_AutoML_22_20260420_195739,target_lag6,196.70463293075562
1,2,0.02,XRT_1_AutoML_22_20260420_195739,month_lag1,26.44604021549225
1,2,0.02,XRT_1_AutoML_22_20260420_195739,trend_lag1,28.22794606924057
1,2,0.02,XRT_1_AutoML_22_20260420_195739,month_sin,12.16970151424408
1,2,0.02,XRT_1_AutoML_22_20260420_195739,month_cos,33.83297974586487
1,2,0.02,XRT_1_AutoML_22_20260420_195739,year,149.9230043029785
1,2,0.05,GBM_5_AutoML_22_20260420_195739,target_lag1,1100.1293098258973
1,2,0.05,GBM_5_AutoML_22_20260420_195739,target_lag2,807.2903941345215
1,2,0.05,GBM_5_AutoML_22_20260420_195739,target_lag3,114.67478833675385
1,2,0.05,GBM_5_AutoML_22_20260420_195739,target_lag4,324.1948266971111
1,2,0.05,GBM_5_AutoML_22_20260420_195739,target_lag5,46.492318555116654
1,2,0.05,GBM_5_AutoML_22_20260420_195739,target_lag6,133.56597966909408
1,2,0.05,GBM_5_AutoML_22_20260420_195739,month_lag1,27.164677209854126
1,2,0.05,GBM_5_AutoML_22_20260420_195739,trend_lag1,19.250510833263398
1,2,0.05,GBM_5_AutoML_22_20260420_195739,month_sin,9.304626589417458
1,2,0.05,GBM_5_AutoML_22_20260420_195739,month_cos,48.15779797077179
1,2,0.05,GBM_5_AutoML_22_20260420_195739,year,6.588983273506164
1,2,0.05,XRT_1_AutoML_22_20260420_195739,target_lag1,632.9557639598846
1,2,0.05,XRT_1_AutoML_22_20260420_195739,target_lag2,521.4708643174172
1,2,0.05,XRT_1_AutoML_22_20260420_195739,target_lag3,269.63673761367795
1,2,0.05,XRT_1_AutoML_22_20260420_195739,target_lag4,339.74311527252195
1,2,0.05,XRT_1_AutoML_22_20260420_195739,target_lag5,274.2640203857422
1,2,0.05,XRT_1_AutoML_22_20260420_195739,target_lag6,196.70463293075562
1,2,0.05,XRT_1_AutoML_22_20260420_195739,month_lag1,26.44604021549225
1,2,0.05,XRT_1_AutoML_22_20260420_195739,trend_lag1,28.22794606924057
1,2,0.05,XRT_1_AutoML_22_20260420_195739,month_sin,12.16970151424408
1,2,0.05,XRT_1_AutoML_22_20260420_195739,month_cos,33.83297974586487
1,2,0.05,XRT_1_AutoML_22_20260420_195739,year,149.9230043029785
1,2,0.05,GBM_3_AutoML_22_20260420_195739,target_lag1,885.4515205383301
1,2,0.05,GBM_3_AutoML_22_20260420_195739,target_lag2,788.4060293579101
1,2,0.05,GBM_3_AutoML_22_20260420_195739,target_lag3,264.27981704711914
1,2,0.05,GBM_3_AutoML_22_20260420_195739,target_lag4,394.58896728515623
1,2,0.05,GBM_3_AutoML_22_20260420_195739,target_lag5,84.78813052177429
1,2,0.05,GBM_3_AutoML_22_20260420_195739,target_lag6,115.44298246324063
1,2,0.05,GBM_3_AutoML_22_20260420_195739,month_lag1,29.516727257668972
1,2,0.05,GBM_3_AutoML_22_20260420_195739,trend_lag1,12.681710394769906
1,2,0.05,GBM_3_AutoML_22_20260420_195739,month_sin,12.625759634971619
1,2,0.05,GBM_3_AutoML_22_20260420_195739,month_cos,56.09293033599854
1,2,0.05,GBM_3_AutoML_22_20260420_195739,year,6.238608225882054
1,2,0.05,GBM_4_AutoML_22_20260420_195739,target_lag1,627.8914715862275
1,2,0.05,GBM_4_AutoML_22_20260420_195739,target_lag2,951.5353173828125
1,2,0.05,GBM_4_AutoML_22_20260420_195739,target_lag3,330.3038083648682
1,2,0.05,GBM_4_AutoML_22_20260420_195739,target_lag4,530.9923043823242
1,2,0.05,GBM_4_AutoML_22_20260420_195739,target_lag5,80.48760956764221
1,2,0.05,GBM_4_AutoML_22_20260420_195739,target_lag6,127.45738123893737
1,2,0.05,GBM_4_AutoML_22_20260420_195739,month_lag1,29.42412333071232
1,2,0.05,GBM_4_AutoML_22_20260420_195739,trend_lag1,11.935238949060441
1,2,0.05,GBM_4_AutoML_22_20260420_195739,month_sin,13.906867737323045
1,2,0.05,GBM_4_AutoML_22_20260420_195739,month_cos,57.50767510771752
1,2,0.05,GBM_4_AutoML_22_20260420_195739,year,7.547550168037414
1,2,0.05,GBM_grid_1_AutoML_22_20260420_195739_model_3,target_lag1,711.3824407958984
1,2,0.05,GBM_grid_1_AutoML_22_20260420_195739_model_3,target_lag2,708.6129782295227
1,2,0.05,GBM_grid_1_AutoML_22_20260420_195739_model_3,target_lag3,281.44323862075805
1,2,0.05,GBM_grid_1_AutoML_22_20260420_195739_model_3,target_lag4,417.5073629760742
1,2,0.05,GBM_grid_1_AutoML_22_20260420_195739_model_3,target_lag5,184.80015393257142
1,2,0.05,GBM_grid_1_AutoML_22_20260420_195739_model_3,target_lag6,171.7757872581482
1,2,0.05,GBM_grid_1_AutoML_22_20260420_195739_model_3,month_lag1,34.68846064738929
1,2,0.05,GBM_grid_1_AutoML_22_20260420_195739_model_3,trend_lag1,16.919267615079878
1,2,0.05,GBM_grid_1_AutoML_22_20260420_195739_model_3,month_sin,15.246425294578076
1,2,0.05,GBM_grid_1_AutoML_22_20260420_195739_model_3,month_cos,53.690445721149445
1,2,0.05,GBM_grid_1_AutoML_22_20260420_195739_model_3,year,30.156526222527027
1,2,0.05,DRF_1_AutoML_22_20260420_195739,target_lag1,636.5749208837748
1,2,0.05,DRF_1_AutoML_22_20260420_195739,target_lag2,553.4307394599914
1,2,0.05,DRF_1_AutoML_22_20260420_195739,target_lag3,319.59992230415344
1,2,0.05,DRF_1_AutoML_22_20260420_195739,target_lag4,323.14061637878416
1,2,0.05,DRF_1_AutoML_22_20260420_195739,target_lag5,129.67759042739868
1,2,0.05,DRF_1_AutoML_22_20260420_195739,target_lag6,244.4937512779236
1,2,0.05,DRF_1_AutoML_22_20260420_195739,month_lag1,23.956400804966687
1,2,0.05,DRF_1_AutoML_22_20260420_195739,trend_lag1,41.949526720047
1,2,0.05,DRF_1_AutoML_22_20260420_195739,month_sin,6.370729871410877
1,2,0.05,DRF_1_AutoML_22_20260420_195739,month_cos,37.87554491996765
1,2,0.05,DRF_1_AutoML_22_20260420_195739,year,23.074447641372682
1,2,0.05,GBM_2_AutoML_22_20260420_195739,target_lag1,898.030463104248
1,2,0.05,GBM_2_AutoML_22_20260420_195739,target_lag2,615.0819894409179
1,2,0.05,GBM_2_AutoML_22_20260420_195739,target_lag3,229.09897499084474
1,2,0.05,GBM_2_AutoML_22_20260420_195739,target_lag4,693.4171841430664
1,2,0.05,GBM_2_AutoML_22_20260420_195739,target_lag5,96.968229637146
1,2,0.05,GBM_2_AutoML_22_20260420_195739,target_lag6,116.6859401500225
1,2,0.05,GBM_2_AutoML_22_20260420_195739,month_lag1,24.795151855945587
1,2,0.05,GBM_2_AutoML_22_20260420_195739,trend_lag1,12.861570665240288
1,2,0.05,GBM_2_AutoML_22_20260420_195739,month_sin,10.462087195143104
1,2,0.05,GBM_2_AutoML_22_20260420_195739,month_cos,50.04884452104569
1,2,0.05,GBM_2_AutoML_22_20260420_195739,year,4.103760023117065
1,2,0.1,GBM_5_AutoML_22_20260420_195739,target_lag1,1100.1293098258973
1,2,0.1,GBM_5_AutoML_22_20260420_195739,target_lag2,807.2903941345215
1,2,0.1,GBM_5_AutoML_22_20260420_195739,target_lag3,114.67478833675385
1,2,0.1,GBM_5_AutoML_22_20260420_195739,target_lag4,324.1948266971111
1,2,0.1,GBM_5_AutoML_22_20260420_195739,target_lag5,46.492318555116654
1,2,0.1,GBM_5_AutoML_22_20260420_195739,target_lag6,133.56597966909408
1,2,0.1,GBM_5_AutoML_22_20260420_195739,month_lag1,27.164677209854126
1,2,0.1,GBM_5_AutoML_22_20260420_195739,trend_lag1,19.250510833263398
1,2,0.1,GBM_5_AutoML_22_20260420_195739,month_sin,9.304626589417458
1,2,0.1,GBM_5_AutoML_22_20260420_195739,month_cos,48.15779797077179
1,2,0.1,GBM_5_AutoML_22_20260420_195739,year,6.588983273506164
1,2,0.1,XRT_1_AutoML_22_20260420_195739,target_lag1,632.9557639598846
1,2,0.1,XRT_1_AutoML_22_20260420_195739,target_lag2,521.4708643174172
1,2,0.1,XRT_1_AutoML_22_20260420_195739,target_lag3,269.63673761367795
1,2,0.1,XRT_1_AutoML_22_20260420_195739,target_lag4,339.74311527252195
1,2,0.1,XRT_1_AutoML_22_20260420_195739,target_lag5,274.2640203857422
1,2,0.1,XRT_1_AutoML_22_20260420_195739,target_lag6,196.70463293075562
1,2,0.1,XRT_1_AutoML_22_20260420_195739,month_lag1,26.44604021549225
1,2,0.1,XRT_1_AutoML_22_20260420_195739,trend_lag1,28.22794606924057
1,2,0.1,XRT_1_AutoML_22_20260420_195739,month_sin,12.16970151424408
1,2,0.1,XRT_1_AutoML_22_20260420_195739,month_cos,33.83297974586487
1,2,0.1,XRT_1_AutoML_22_20260420_195739,year,149.9230043029785
1,2,0.1,GBM_3_AutoML_22_20260420_195739,target_lag1,885.4515205383301
1,2,0.1,GBM_3_AutoML_22_20260420_195739,target_lag2,788.4060293579101
1,2,0.1,GBM_3_AutoML_22_20260420_195739,target_lag3,264.27981704711914
1,2,0.1,GBM_3_AutoML_22_20260420_195739,target_lag4,394.58896728515623
1,2,0.1,GBM_3_AutoML_22_20260420_195739,target_lag5,84.78813052177429
1,2,0.1,GBM_3_AutoML_22_20260420_195739,target_lag6,115.44298246324063
1,2,0.1,GBM_3_AutoML_22_20260420_195739,month_lag1,29.516727257668972
1,2,0.1,GBM_3_AutoML_22_20260420_195739,trend_lag1,12.681710394769906
1,2,0.1,GBM_3_AutoML_22_20260420_195739,month_sin,12.625759634971619
1,2,0.1,GBM_3_AutoML_22_20260420_195739,month_cos,56.09293033599854
1,2,0.1,GBM_3_AutoML_22_20260420_195739,year,6.238608225882054
1,2,0.1,GBM_4_AutoML_22_20260420_195739,target_lag1,627.8914715862275
1,2,0.1,GBM_4_AutoML_22_20260420_195739,target_lag2,951.5353173828125
1,2,0.1,GBM_4_AutoML_22_20260420_195739,target_lag3,330.3038083648682
1,2,0.1,GBM_4_AutoML_22_20260420_195739,target_lag4,530.9923043823242
1,2,0.1,GBM_4_AutoML_22_20260420_195739,target_lag5,80.48760956764221
1,2,0.1,GBM_4_AutoML_22_20260420_195739,target_lag6,127.45738123893737
1,2,0.1,GBM_4_AutoML_22_20260420_195739,month_lag1,29.42412333071232
1,2,0.1,GBM_4_AutoML_22_20260420_195739,trend_lag1,11.935238949060441
1,2,0.1,GBM_4_AutoML_22_20260420_195739,month_sin,13.906867737323045
1,2,0.1,GBM_4_AutoML_22_20260420_195739,month_cos,57.50767510771752
1,2,0.1,GBM_4_AutoML_22_20260420_195739,year,7.547550168037414
1,2,0.1,GBM_grid_1_AutoML_22_20260420_195739_model_3,target_lag1,711.3824407958984
1,2,0.1,GBM_grid_1_AutoML_22_20260420_195739_model_3,target_lag2,708.6129782295227
1,2,0.1,GBM_grid_1_AutoML_22_20260420_195739_model_3,target_lag3,281.44323862075805
1,2,0.1,GBM_grid_1_AutoML_22_20260420_195739_model_3,target_lag4,417.5073629760742
1,2,0.1,GBM_grid_1_AutoML_22_20260420_195739_model_3,target_lag5,184.80015393257142
1,2,0.1,GBM_grid_1_AutoML_22_20260420_195739_model_3,target_lag6,171.7757872581482
1,2,0.1,GBM_grid_1_AutoML_22_20260420_195739_model_3,month_lag1,34.68846064738929
1,2,0.1,GBM_grid_1_AutoML_22_20260420_195739_model_3,trend_lag1,16.919267615079878
1,2,0.1,GBM_grid_1_AutoML_22_20260420_195739_model_3,month_sin,15.246425294578076
1,2,0.1,GBM_grid_1_AutoML_22_20260420_195739_model_3,month_cos,53.690445721149445
1,2,0.1,GBM_grid_1_AutoML_22_20260420_195739_model_3,year,30.156526222527027
1,2,0.1,DRF_1_AutoML_22_20260420_195739,target_lag1,636.5749208837748
1,2,0.1,DRF_1_AutoML_22_20260420_195739,target_lag2,553.4307394599914
1,2,0.1,DRF_1_AutoML_22_20260420_195739,target_lag3,319.59992230415344
1,2,0.1,DRF_1_AutoML_22_20260420_195739,target_lag4,323.14061637878416
1,2,0.1,DRF_1_AutoML_22_20260420_195739,target_lag5,129.67759042739868
1,2,0.1,DRF_1_AutoML_22_20260420_195739,target_lag6,244.4937512779236
1,2,0.1,DRF_1_AutoML_22_20260420_195739,month_lag1,23.956400804966687
1,2,0.1,DRF_1_AutoML_22_20260420_195739,trend_lag1,41.949526720047
1,2,0.1,DRF_1_AutoML_22_20260420_195739,month_sin,6.370729871410877
1,2,0.1,DRF_1_AutoML_22_20260420_195739,month_cos,37.87554491996765
1,2,0.1,DRF_1_AutoML_22_20260420_195739,year,23.074447641372682
1,2,0.1,GBM_2_AutoML_22_20260420_195739,target_lag1,898.030463104248
1,2,0.1,GBM_2_AutoML_22_20260420_195739,target_lag2,615.0819894409179
1,2,0.1,GBM_2_AutoML_22_20260420_195739,target_lag3,229.09897499084474
1,2,0.1,GBM_2_AutoML_22_20260420_195739,target_lag4,693.4171841430664
1,2,0.1,GBM_2_AutoML_22_20260420_195739,target_lag5,96.968229637146
1,2,0.1,GBM_2_AutoML_22_20260420_195739,target_lag6,116.6859401500225
1,2,0.1,GBM_2_AutoML_22_20260420_195739,month_lag1,24.795151855945587
1,2,0.1,GBM_2_AutoML_22_20260420_195739,trend_lag1,12.861570665240288
1,2,0.1,GBM_2_AutoML_22_20260420_195739,month_sin,10.462087195143104
1,2,0.1,GBM_2_AutoML_22_20260420_195739,month_cos,50.04884452104569
1,2,0.1,GBM_2_AutoML_22_20260420_195739,year,4.103760023117065
1,2,0.1,XGBoost_grid_1_AutoML_22_20260420_195739_model_2,target_lag1,982.9837999725341
1,2,0.1,XGBoost_grid_1_AutoML_22_20260420_195739_model_2,target_lag2,813.1158404541015
1,2,0.1,XGBoost_grid_1_AutoML_22_20260420_195739_model_2,target_lag3,320.5745153808594
1,2,0.1,XGBoost_grid_1_AutoML_22_20260420_195739_model_2,target_lag4,282.758028793335
1,2,0.1,XGBoost_grid_1_AutoML_22_20260420_195739_model_2,target_lag5,100.88979543685913
1,2,0.1,XGBoost_grid_1_AutoML_22_20260420_195739_model_2,target_lag6,136.49330518245696
1,2,0.1,XGBoost_grid_1_AutoML_22_20260420_195739_model_2,month_lag1,41.6443169939518
1,2,0.1,XGBoost_grid_1_AutoML_22_20260420_195739_model_2,trend_lag1,25.93386766910553
1,2,0.1,XGBoost_grid_1_AutoML_22_20260420_195739_model_2,month_sin,10.27415741443634
1,2,0.1,XGBoost_grid_1_AutoML_22_20260420_195739_model_2,month_cos,55.910277395248414
1,2,0.1,XGBoost_grid_1_AutoML_22_20260420_195739_model_2,year,4.990219258069992
1,2,0.1,XGBoost_grid_1_AutoML_22_20260420_195739_model_4,target_lag1,1005.1134817504883
1,2,0.1,XGBoost_grid_1_AutoML_22_20260420_195739_model_4,target_lag2,742.1991285896302
1,2,0.1,XGBoost_grid_1_AutoML_22_20260420_195739_model_4,target_lag3,103.67980969905854
1,2,0.1,XGBoost_grid_1_AutoML_22_20260420_195739_model_4,target_lag4,405.33458934783937
1,2,0.1,XGBoost_grid_1_AutoML_22_20260420_195739_model_4,target_lag5,103.67864498138428
1,2,0.1,XGBoost_grid_1_AutoML_22_20260420_195739_model_4,target_lag6,189.86253036856652
1,2,0.1,XGBoost_grid_1_AutoML_22_20260420_195739_model_4,month_lag1,46.19892927646637
1,2,0.1,XGBoost_grid_1_AutoML_22_20260420_195739_model_4,trend_lag1,21.420754930227996
1,2,0.1,XGBoost_grid_1_AutoML_22_20260420_195739_model_4,month_sin,9.129687565863133
1,2,0.1,XGBoost_grid_1_AutoML_22_20260420_195739_model_4,month_cos,44.16247430801391
1,2,0.1,XGBoost_grid_1_AutoML_22_20260420_195739_model_4,year,3.358598112091422
1,2,0.1,XGBoost_grid_1_AutoML_22_20260420_195739_model_3,target_lag1,874.2101712036133
1,2,0.1,XGBoost_grid_1_AutoML_22_20260420_195739_model_3,target_lag2,159.4904757130146
1,2,0.1,XGBoost_grid_1_AutoML_22_20260420_195739_model_3,target_lag3,293.5937901687622
1,2,0.1,XGBoost_grid_1_AutoML_22_20260420_195739_model_3,target_lag4,943.3285327148437
1,2,0.1,XGBoost_grid_1_AutoML_22_20260420_195739_model_3,target_lag5,133.8157222557068
1,2,0.1,XGBoost_grid_1_AutoML_22_20260420_195739_model_3,target_lag6,304.96858421325686
1,2,0.1,XGBoost_grid_1_AutoML_22_20260420_195739_model_3,month_lag1,15.114537606239319
1,2,0.1,XGBoost_grid_1_AutoML_22_20260420_195739_model_3,trend_lag1,10.654444425106048
1,2,0.1,XGBoost_grid_1_AutoML_22_20260420_195739_model_3,month_sin,22.36234622955322
1,2,0.1,XGBoost_grid_1_AutoML_22_20260420_195739_model_3,month_cos,68.74231678962707
1,2,0.1,XGBoost_grid_1_AutoML_22_20260420_195739_model_3,year,5.690948538780212
1,2,0.2,GBM_5_AutoML_22_20260420_195739,target_lag1,1100.1293098258973
1,2,0.2,GBM_5_AutoML_22_20260420_195739,target_lag2,807.2903941345215
1,2,0.2,GBM_5_AutoML_22_20260420_195739,target_lag3,114.67478833675385
1,2,0.2,GBM_5_AutoML_22_20260420_195739,target_lag4,324.1948266971111
1,2,0.2,GBM_5_AutoML_22_20260420_195739,target_lag5,46.492318555116654
1,2,0.2,GBM_5_AutoML_22_20260420_195739,target_lag6,133.56597966909408
1,2,0.2,GBM_5_AutoML_22_20260420_195739,month_lag1,27.164677209854126
1,2,0.2,GBM_5_AutoML_22_20260420_195739,trend_lag1,19.250510833263398
1,2,0.2,GBM_5_AutoML_22_20260420_195739,month_sin,9.304626589417458
1,2,0.2,GBM_5_AutoML_22_20260420_195739,month_cos,48.15779797077179
1,2,0.2,GBM_5_AutoML_22_20260420_195739,year,6.588983273506164
1,2,0.2,XRT_1_AutoML_22_20260420_195739,target_lag1,632.9557639598846
1,2,0.2,XRT_1_AutoML_22_20260420_195739,target_lag2,521.4708643174172
1,2,0.2,XRT_1_AutoML_22_20260420_195739,target_lag3,269.63673761367795
1,2,0.2,XRT_1_AutoML_22_20260420_195739,target_lag4,339.74311527252195
1,2,0.2,XRT_1_AutoML_22_20260420_195739,target_lag5,274.2640203857422
1,2,0.2,XRT_1_AutoML_22_20260420_195739,target_lag6,196.70463293075562
1,2,0.2,XRT_1_AutoML_22_20260420_195739,month_lag1,26.44604021549225
1,2,0.2,XRT_1_AutoML_22_20260420_195739,trend_lag1,28.22794606924057
1,2,0.2,XRT_1_AutoML_22_20260420_195739,month_sin,12.16970151424408
1,2,0.2,XRT_1_AutoML_22_20260420_195739,month_cos,33.83297974586487
1,2,0.2,XRT_1_AutoML_22_20260420_195739,year,149.9230043029785
1,2,0.2,GBM_3_AutoML_22_20260420_195739,target_lag1,885.4515205383301
1,2,0.2,GBM_3_AutoML_22_20260420_195739,target_lag2,788.4060293579101
1,2,0.2,GBM_3_AutoML_22_20260420_195739,target_lag3,264.27981704711914
1,2,0.2,GBM_3_AutoML_22_20260420_195739,target_lag4,394.58896728515623
1,2,0.2,GBM_3_AutoML_22_20260420_195739,target_lag5,84.78813052177429
1,2,0.2,GBM_3_AutoML_22_20260420_195739,target_lag6,115.44298246324063
1,2,0.2,GBM_3_AutoML_22_20260420_195739,month_lag1,29.516727257668972
1,2,0.2,GBM_3_AutoML_22_20260420_195739,trend_lag1,12.681710394769906
1,2,0.2,GBM_3_AutoML_22_20260420_195739,month_sin,12.625759634971619
1,2,0.2,GBM_3_AutoML_22_20260420_195739,month_cos,56.09293033599854
1,2,0.2,GBM_3_AutoML_22_20260420_195739,year,6.238608225882054
1,2,0.2,GBM_4_AutoML_22_20260420_195739,target_lag1,627.8914715862275
1,2,0.2,GBM_4_AutoML_22_20260420_195739,target_lag2,951.5353173828125
1,2,0.2,GBM_4_AutoML_22_20260420_195739,target_lag3,330.3038083648682
1,2,0.2,GBM_4_AutoML_22_20260420_195739,target_lag4,530.9923043823242
1,2,0.2,GBM_4_AutoML_22_20260420_195739,target_lag5,80.48760956764221
1,2,0.2,GBM_4_AutoML_22_20260420_195739,target_lag6,127.45738123893737
1,2,0.2,GBM_4_AutoML_22_20260420_195739,month_lag1,29.42412333071232
1,2,0.2,GBM_4_AutoML_22_20260420_195739,trend_lag1,11.935238949060441
1,2,0.2,GBM_4_AutoML_22_20260420_195739,month_sin,13.906867737323045
1,2,0.2,GBM_4_AutoML_22_20260420_195739,month_cos,57.50767510771752
1,2,0.2,GBM_4_AutoML_22_20260420_195739,year,7.547550168037414
1,2,0.2,GBM_grid_1_AutoML_22_20260420_195739_model_3,target_lag1,711.3824407958984
1,2,0.2,GBM_grid_1_AutoML_22_20260420_195739_model_3,target_lag2,708.6129782295227
1,2,0.2,GBM_grid_1_AutoML_22_20260420_195739_model_3,target_lag3,281.44323862075805
1,2,0.2,GBM_grid_1_AutoML_22_20260420_195739_model_3,target_lag4,417.5073629760742
1,2,0.2,GBM_grid_1_AutoML_22_20260420_195739_model_3,target_lag5,184.80015393257142
1,2,0.2,GBM_grid_1_AutoML_22_20260420_195739_model_3,target_lag6,171.7757872581482
1,2,0.2,GBM_grid_1_AutoML_22_20260420_195739_model_3,month_lag1,34.68846064738929
1,2,0.2,GBM_grid_1_AutoML_22_20260420_195739_model_3,trend_lag1,16.919267615079878
1,2,0.2,GBM_grid_1_AutoML_22_20260420_195739_model_3,month_sin,15.246425294578076
1,2,0.2,GBM_grid_1_AutoML_22_20260420_195739_model_3,month_cos,53.690445721149445
1,2,0.2,GBM_grid_1_AutoML_22_20260420_195739_model_3,year,30.156526222527027
1,2,0.2,DRF_1_AutoML_22_20260420_195739,target_lag1,636.5749208837748
1,2,0.2,DRF_1_AutoML_22_20260420_195739,target_lag2,553.4307394599914
1,2,0.2,DRF_1_AutoML_22_20260420_195739,target_lag3,319.59992230415344
1,2,0.2,DRF_1_AutoML_22_20260420_195739,target_lag4,323.14061637878416
1,2,0.2,DRF_1_AutoML_22_20260420_195739,target_lag5,129.67759042739868
1,2,0.2,DRF_1_AutoML_22_20260420_195739,target_lag6,244.4937512779236
1,2,0.2,DRF_1_AutoML_22_20260420_195739,month_lag1,23.956400804966687
1,2,0.2,DRF_1_AutoML_22_20260420_195739,trend_lag1,41.949526720047
1,2,0.2,DRF_1_AutoML_22_20260420_195739,month_sin,6.370729871410877
1,2,0.2,DRF_1_AutoML_22_20260420_195739,month_cos,37.87554491996765
1,2,0.2,DRF_1_AutoML_22_20260420_195739,year,23.074447641372682
1,2,0.2,GBM_2_AutoML_22_20260420_195739,target_lag1,898.030463104248
1,2,0.2,GBM_2_AutoML_22_20260420_195739,target_lag2,615.0819894409179
1,2,0.2,GBM_2_AutoML_22_20260420_195739,target_lag3,229.09897499084474
1,2,0.2,GBM_2_AutoML_22_20260420_195739,target_lag4,693.4171841430664
1,2,0.2,GBM_2_AutoML_22_20260420_195739,target_lag5,96.968229637146
1,2,0.2,GBM_2_AutoML_22_20260420_195739,target_lag6,116.6859401500225
1,2,0.2,GBM_2_AutoML_22_20260420_195739,month_lag1,24.795151855945587
1,2,0.2,GBM_2_AutoML_22_20260420_195739,trend_lag1,12.861570665240288
1,2,0.2,GBM_2_AutoML_22_20260420_195739,month_sin,10.462087195143104
1,2,0.2,GBM_2_AutoML_22_20260420_195739,month_cos,50.04884452104569
1,2,0.2,GBM_2_AutoML_22_20260420_195739,year,4.103760023117065
1,2,0.2,XGBoost_grid_1_AutoML_22_20260420_195739_model_2,target_lag1,982.9837999725341
1,2,0.2,XGBoost_grid_1_AutoML_22_20260420_195739_model_2,target_lag2,813.1158404541015
1,2,0.2,XGBoost_grid_1_AutoML_22_20260420_195739_model_2,target_lag3,320.5745153808594
1,2,0.2,XGBoost_grid_1_AutoML_22_20260420_195739_model_2,target_lag4,282.758028793335
1,2,0.2,XGBoost_grid_1_AutoML_22_20260420_195739_model_2,target_lag5,100.88979543685913
1,2,0.2,XGBoost_grid_1_AutoML_22_20260420_195739_model_2,target_lag6,136.49330518245696
1,2,0.2,XGBoost_grid_1_AutoML_22_20260420_195739_model_2,month_lag1,41.6443169939518
1,2,0.2,XGBoost_grid_1_AutoML_22_20260420_195739_model_2,trend_lag1,25.93386766910553
1,2,0.2,XGBoost_grid_1_AutoML_22_20260420_195739_model_2,month_sin,10.27415741443634
1,2,0.2,XGBoost_grid_1_AutoML_22_20260420_195739_model_2,month_cos,55.910277395248414
1,2,0.2,XGBoost_grid_1_AutoML_22_20260420_195739_model_2,year,4.990219258069992
1,2,0.2,XGBoost_grid_1_AutoML_22_20260420_195739_model_4,target_lag1,1005.1134817504883
1,2,0.2,XGBoost_grid_1_AutoML_22_20260420_195739_model_4,target_lag2,742.1991285896302
1,2,0.2,XGBoost_grid_1_AutoML_22_20260420_195739_model_4,target_lag3,103.67980969905854
1,2,0.2,XGBoost_grid_1_AutoML_22_20260420_195739_model_4,target_lag4,405.33458934783937
1,2,0.2,XGBoost_grid_1_AutoML_22_20260420_195739_model_4,target_lag5,103.67864498138428
1,2,0.2,XGBoost_grid_1_AutoML_22_20260420_195739_model_4,target_lag6,189.86253036856652
1,2,0.2,XGBoost_grid_1_AutoML_22_20260420_195739_model_4,month_lag1,46.19892927646637
1,2,0.2,XGBoost_grid_1_AutoML_22_20260420_195739_model_4,trend_lag1,21.420754930227996
1,2,0.2,XGBoost_grid_1_AutoML_22_20260420_195739_model_4,month_sin,9.129687565863133
1,2,0.2,XGBoost_grid_1_AutoML_22_20260420_195739_model_4,month_cos,44.16247430801391
1,2,0.2,XGBoost_grid_1_AutoML_22_20260420_195739_model_4,year,3.358598112091422
1,2,0.2,XGBoost_grid_1_AutoML_22_20260420_195739_model_3,target_lag1,874.2101712036133
1,2,0.2,XGBoost_grid_1_AutoML_22_20260420_195739_model_3,target_lag2,159.4904757130146
1,2,0.2,XGBoost_grid_1_AutoML_22_20260420_195739_model_3,target_lag3,293.5937901687622
1,2,0.2,XGBoost_grid_1_AutoML_22_20260420_195739_model_3,target_lag4,943.3285327148437
1,2,0.2,XGBoost_grid_1_AutoML_22_20260420_195739_model_3,target_lag5,133.8157222557068
1,2,0.2,XGBoost_grid_1_AutoML_22_20260420_195739_model_3,target_lag6,304.96858421325686
1,2,0.2,XGBoost_grid_1_AutoML_22_20260420_195739_model_3,month_lag1,15.114537606239319
1,2,0.2,XGBoost_grid_1_AutoML_22_20260420_195739_model_3,trend_lag1,10.654444425106048
1,2,0.2,XGBoost_grid_1_AutoML_22_20260420_195739_model_3,month_sin,22.36234622955322
1,2,0.2,XGBoost_grid_1_AutoML_22_20260420_195739_model_3,month_cos,68.74231678962707
1,2,0.2,XGBoost_grid_1_AutoML_22_20260420_195739_model_3,year,5.690948538780212
1,2,0.2,XGBoost_grid_1_AutoML_22_20260420_195739_model_5,target_lag1,933.7019630813598
1,2,0.2,XGBoost_grid_1_AutoML_22_20260420_195739_model_5,target_lag2,547.3164614868164
1,2,0.2,XGBoost_grid_1_AutoML_22_20260420_195739_model_5,target_lag3,165.1250180053711
1,2,0.2,XGBoost_grid_1_AutoML_22_20260420_195739_model_5,target_lag4,664.176058959961
1,2,0.2,XGBoost_grid_1_AutoML_22_20260420_195739_model_5,target_lag5,43.45822092533112
1,2,0.2,XGBoost_grid_1_AutoML_22_20260420_195739_model_5,target_lag6,227.2551441192627
1,2,0.2,XGBoost_grid_1_AutoML_22_20260420_195739_model_5,month_lag1,26.0077174949646
1,2,0.2,XGBoost_grid_1_AutoML_22_20260420_195739_model_5,trend_lag1,11.625282974243165
1,2,0.2,XGBoost_grid_1_AutoML_22_20260420_195739_model_5,month_sin,19.150134327411653
1,2,0.2,XGBoost_grid_1_AutoML_22_20260420_195739_model_5,month_cos,69.51111979722977
1,2,0.2,XGBoost_grid_1_AutoML_22_20260420_195739_model_5,year,0.0
1,2,0.2,GBM_grid_1_AutoML_22_20260420_195739_model_1,target_lag1,460.54007984161376
1,2,0.2,GBM_grid_1_AutoML_22_20260420_195739_model_1,target_lag2,568.4655761337281
1,2,0.2,GBM_grid_1_AutoML_22_20260420_195739_model_1,target_lag3,291.7853374862671
1,2,0.2,GBM_grid_1_AutoML_22_20260420_195739_model_1,target_lag4,649.8506814575195
1,2,0.2,GBM_grid_1_AutoML_22_20260420_195739_model_1,target_lag5,273.8193576049805
1,2,0.2,GBM_grid_1_AutoML_22_20260420_195739_model_1,target_lag6,213.25129899978637
1,2,0.2,GBM_grid_1_AutoML_22_20260420_195739_model_1,month_lag1,30.51387717485428
1,2,0.2,GBM_grid_1_AutoML_22_20260420_195739_model_1,trend_lag1,20.831601088047027
1,2,0.2,GBM_grid_1_AutoML_22_20260420_195739_model_1,month_sin,12.205377256274224
1,2,0.2,GBM_grid_1_AutoML_22_20260420_195739_model_1,month_cos,69.11821680307388
1,2,0.2,GBM_grid_1_AutoML_22_20260420_195739_model_1,year,24.26909828186035
1,2,0.2,XGBoost_2_AutoML_22_20260420_195739,target_lag1,868.302301979065
1,2,0.2,XGBoost_2_AutoML_22_20260420_195739,target_lag2,695.4652635192871
1,2,0.2,XGBoost_2_AutoML_22_20260420_195739,target_lag3,68.86415359020233
1,2,0.2,XGBoost_2_AutoML_22_20260420_195739,target_lag4,663.3559735107422
1,2,0.2,XGBoost_2_AutoML_22_20260420_195739,target_lag5,201.55985288619996
1,2,0.2,XGBoost_2_AutoML_22_20260420_195739,target_lag6,214.1101440048218
1,2,0.2,XGBoost_2_AutoML_22_20260420_195739,month_lag1,45.97395040035248
1,2,0.2,XGBoost_2_AutoML_22_20260420_195739,trend_lag1,26.157920269966127
1,2,0.2,XGBoost_2_AutoML_22_20260420_195739,month_sin,16.9221757209301
1,2,0.2,XGBoost_2_AutoML_22_20260420_195739,month_cos,84.14096265792847
1,2,0.2,XGBoost_2_AutoML_22_20260420_195739,year,6.560150326788426
1,2,0.2,GBM_grid_1_AutoML_22_20260420_195739_model_2,target_lag1,739.3024526453019
1,2,0.2,GBM_grid_1_AutoML_22_20260420_195739_model_2,target_lag2,347.4696926498413
1,2,0.2,GBM_grid_1_AutoML_22_20260420_195739_model_2,target_lag3,600.7752085876465
1,2,0.2,GBM_grid_1_AutoML_22_20260420_195739_model_2,target_lag4,302.32485443115235
1,2,0.2,GBM_grid_1_AutoML_22_20260420_195739_model_2,target_lag5,232.67233692646028
1,2,0.2,GBM_grid_1_AutoML_22_20260420_195739_model_2,target_lag6,183.98980398714542
1,2,0.2,GBM_grid_1_AutoML_22_20260420_195739_model_2,month_lag1,39.5744440472126
1,2,0.2,GBM_grid_1_AutoML_22_20260420_195739_model_2,trend_lag1,22.998412684500217
1,2,0.2,GBM_grid_1_AutoML_22_20260420_195739_model_2,month_sin,14.885070729702711
1,2,0.2,GBM_grid_1_AutoML_22_20260420_195739_model_2,month_cos,45.775985651016235
1,2,0.2,GBM_grid_1_AutoML_22_20260420_195739_model_2,year,18.95318503320217
1,2,0.2,XGBoost_3_AutoML_22_20260420_195739,target_lag1,1125.9082222747802
1,2,0.2,XGBoost_3_AutoML_22_20260420_195739,target_lag2,447.54877643585206
1,2,0.2,XGBoost_3_AutoML_22_20260420_195739,target_lag3,255.73444562911988
1,2,0.2,XGBoost_3_AutoML_22_20260420_195739,target_lag4,577.480361251831
1,2,0.2,XGBoost_3_AutoML_22_20260420_195739,target_lag5,69.04941024541854
1,2,0.2,XGBoost_3_AutoML_22_20260420_195739,target_lag6,127.48820747375488
1,2,0.2,XGBoost_3_AutoML_22_20260420_195739,month_lag1,51.95946175813675
1,2,0.2,XGBoost_3_AutoML_22_20260420_195739,trend_lag1,27.2910056078434
1,2,0.2,XGBoost_3_AutoML_22_20260420_195739,month_sin,15.653467803001403
1,2,0.2,XGBoost_3_AutoML_22_20260420_195739,month_cos,69.62832576751708
1,2,0.2,XGBoost_3_AutoML_22_20260420_195739,year,4.733178713321686
1,2,0.2,XGBoost_1_AutoML_22_20260420_195739,target_lag1,753.7492126274109
1,2,0.2,XGBoost_1_AutoML_22_20260420_195739,target_lag2,609.0904023742676
1,2,0.2,XGBoost_1_AutoML_22_20260420_195739,target_lag3,534.8234955406189
1,2,0.2,XGBoost_1_AutoML_22_20260420_195739,target_lag4,387.7567631530762
1,2,0.2,XGBoost_1_AutoML_22_20260420_195739,target_lag5,135.83649904251098
1,2,0.2,XGBoost_1_AutoML_22_20260420_195739,target_lag6,125.89614807844163
1,2,0.2,XGBoost_1_AutoML_22_20260420_195739,month_lag1,54.348063690662386
1,2,0.2,XGBoost_1_AutoML_22_20260420_195739,trend_lag1,27.470043916106224
1,2,0.2,XGBoost_1_AutoML_22_20260420_195739,month_sin,6.100085661411286
1,2,0.2,XGBoost_1_AutoML_22_20260420_195739,month_cos,41.890459451079366
1,2,0.2,XGBoost_1_AutoML_22_20260420_195739,year,8.713156237602234
1,2,0.2,XGBoost_grid_1_AutoML_22_20260420_195739_model_1,target_lag1,562.9251054573059
1,2,0.2,XGBoost_grid_1_AutoML_22_20260420_195739_model_1,target_lag2,586.5772085571289
1,2,0.2,XGBoost_grid_1_AutoML_22_20260420_195739_model_1,target_lag3,513.7061154174804
1,2,0.2,XGBoost_grid_1_AutoML_22_20260420_195739_model_1,target_lag4,292.79498165130616
1,2,0.2,XGBoost_grid_1_AutoML_22_20260420_195739_model_1,target_lag5,348.79530639648436
1,2,0.2,XGBoost_grid_1_AutoML_22_20260420_195739_model_1,target_lag6,219.45021175384522
1,2,0.2,XGBoost_grid_1_AutoML_22_20260420_195739_model_1,month_lag1,31.61409496307373
1,2,0.2,XGBoost_grid_1_AutoML_22_20260420_195739_model_1,trend_lag1,8.555626492500306
1,2,0.2,XGBoost_grid_1_AutoML_22_20260420_195739_model_1,month_sin,8.818884100019933
1,2,0.2,XGBoost_grid_1_AutoML_22_20260420_195739_model_1,month_cos,63.573676863908766
1,2,0.2,XGBoost_grid_1_AutoML_22_20260420_195739_model_1,year,9.675499162673951
1,2,0.3,GBM_5_AutoML_22_20260420_195739,target_lag1,1100.1293098258973
1,2,0.3,GBM_5_AutoML_22_20260420_195739,target_lag2,807.2903941345215
1,2,0.3,GBM_5_AutoML_22_20260420_195739,target_lag3,114.67478833675385
1,2,0.3,GBM_5_AutoML_22_20260420_195739,target_lag4,324.1948266971111
1,2,0.3,GBM_5_AutoML_22_20260420_195739,target_lag5,46.492318555116654
1,2,0.3,GBM_5_AutoML_22_20260420_195739,target_lag6,133.56597966909408
1,2,0.3,GBM_5_AutoML_22_20260420_195739,month_lag1,27.164677209854126
1,2,0.3,GBM_5_AutoML_22_20260420_195739,trend_lag1,19.250510833263398
1,2,0.3,GBM_5_AutoML_22_20260420_195739,month_sin,9.304626589417458
1,2,0.3,GBM_5_AutoML_22_20260420_195739,month_cos,48.15779797077179
1,2,0.3,GBM_5_AutoML_22_20260420_195739,year,6.588983273506164
1,2,0.3,XRT_1_AutoML_22_20260420_195739,target_lag1,632.9557639598846
1,2,0.3,XRT_1_AutoML_22_20260420_195739,target_lag2,521.4708643174172
1,2,0.3,XRT_1_AutoML_22_20260420_195739,target_lag3,269.63673761367795
1,2,0.3,XRT_1_AutoML_22_20260420_195739,target_lag4,339.74311527252195
1,2,0.3,XRT_1_AutoML_22_20260420_195739,target_lag5,274.2640203857422
1,2,0.3,XRT_1_AutoML_22_20260420_195739,target_lag6,196.70463293075562
1,2,0.3,XRT_1_AutoML_22_20260420_195739,month_lag1,26.44604021549225
1,2,0.3,XRT_1_AutoML_22_20260420_195739,trend_lag1,28.22794606924057
1,2,0.3,XRT_1_AutoML_22_20260420_195739,month_sin,12.16970151424408
1,2,0.3,XRT_1_AutoML_22_20260420_195739,month_cos,33.83297974586487
1,2,0.3,XRT_1_AutoML_22_20260420_195739,year,149.9230043029785
1,2,0.3,GBM_3_AutoML_22_20260420_195739,target_lag1,885.4515205383301
1,2,0.3,GBM_3_AutoML_22_20260420_195739,target_lag2,788.4060293579101
1,2,0.3,GBM_3_AutoML_22_20260420_195739,target_lag3,264.27981704711914
1,2,0.3,GBM_3_AutoML_22_20260420_195739,target_lag4,394.58896728515623
1,2,0.3,GBM_3_AutoML_22_20260420_195739,target_lag5,84.78813052177429
1,2,0.3,GBM_3_AutoML_22_20260420_195739,target_lag6,115.44298246324063
1,2,0.3,GBM_3_AutoML_22_20260420_195739,month_lag1,29.516727257668972
1,2,0.3,GBM_3_AutoML_22_20260420_195739,trend_lag1,12.681710394769906
1,2,0.3,GBM_3_AutoML_22_20260420_195739,month_sin,12.625759634971619
1,2,0.3,GBM_3_AutoML_22_20260420_195739,month_cos,56.09293033599854
1,2,0.3,GBM_3_AutoML_22_20260420_195739,year,6.238608225882054
1,2,0.3,GBM_4_AutoML_22_20260420_195739,target_lag1,627.8914715862275
1,2,0.3,GBM_4_AutoML_22_20260420_195739,target_lag2,951.5353173828125
1,2,0.3,GBM_4_AutoML_22_20260420_195739,target_lag3,330.3038083648682
1,2,0.3,GBM_4_AutoML_22_20260420_195739,target_lag4,530.9923043823242
1,2,0.3,GBM_4_AutoML_22_20260420_195739,target_lag5,80.48760956764221
1,2,0.3,GBM_4_AutoML_22_20260420_195739,target_lag6,127.45738123893737
1,2,0.3,GBM_4_AutoML_22_20260420_195739,month_lag1,29.42412333071232
1,2,0.3,GBM_4_AutoML_22_20260420_195739,trend_lag1,11.935238949060441
1,2,0.3,GBM_4_AutoML_22_20260420_195739,month_sin,13.906867737323045
1,2,0.3,GBM_4_AutoML_22_20260420_195739,month_cos,57.50767510771752
1,2,0.3,GBM_4_AutoML_22_20260420_195739,year,7.547550168037414
1,2,0.3,GBM_grid_1_AutoML_22_20260420_195739_model_3,target_lag1,711.3824407958984
1,2,0.3,GBM_grid_1_AutoML_22_20260420_195739_model_3,target_lag2,708.6129782295227
1,2,0.3,GBM_grid_1_AutoML_22_20260420_195739_model_3,target_lag3,281.44323862075805
1,2,0.3,GBM_grid_1_AutoML_22_20260420_195739_model_3,target_lag4,417.5073629760742
1,2,0.3,GBM_grid_1_AutoML_22_20260420_195739_model_3,target_lag5,184.80015393257142
1,2,0.3,GBM_grid_1_AutoML_22_20260420_195739_model_3,target_lag6,171.7757872581482
1,2,0.3,GBM_grid_1_AutoML_22_20260420_195739_model_3,month_lag1,34.68846064738929
1,2,0.3,GBM_grid_1_AutoML_22_20260420_195739_model_3,trend_lag1,16.919267615079878
1,2,0.3,GBM_grid_1_AutoML_22_20260420_195739_model_3,month_sin,15.246425294578076
1,2,0.3,GBM_grid_1_AutoML_22_20260420_195739_model_3,month_cos,53.690445721149445
1,2,0.3,GBM_grid_1_AutoML_22_20260420_195739_model_3,year,30.156526222527027
1,2,0.3,DRF_1_AutoML_22_20260420_195739,target_lag1,636.5749208837748
1,2,0.3,DRF_1_AutoML_22_20260420_195739,target_lag2,553.4307394599914
1,2,0.3,DRF_1_AutoML_22_20260420_195739,target_lag3,319.59992230415344
1,2,0.3,DRF_1_AutoML_22_20260420_195739,target_lag4,323.14061637878416
1,2,0.3,DRF_1_AutoML_22_20260420_195739,target_lag5,129.67759042739868
1,2,0.3,DRF_1_AutoML_22_20260420_195739,target_lag6,244.4937512779236
1,2,0.3,DRF_1_AutoML_22_20260420_195739,month_lag1,23.956400804966687
1,2,0.3,DRF_1_AutoML_22_20260420_195739,trend_lag1,41.949526720047
1,2,0.3,DRF_1_AutoML_22_20260420_195739,month_sin,6.370729871410877
1,2,0.3,DRF_1_AutoML_22_20260420_195739,month_cos,37.87554491996765
1,2,0.3,DRF_1_AutoML_22_20260420_195739,year,23.074447641372682
1,2,0.3,GBM_2_AutoML_22_20260420_195739,target_lag1,898.030463104248
1,2,0.3,GBM_2_AutoML_22_20260420_195739,target_lag2,615.0819894409179
1,2,0.3,GBM_2_AutoML_22_20260420_195739,target_lag3,229.09897499084474
1,2,0.3,GBM_2_AutoML_22_20260420_195739,target_lag4,693.4171841430664
1,2,0.3,GBM_2_AutoML_22_20260420_195739,target_lag5,96.968229637146
1,2,0.3,GBM_2_AutoML_22_20260420_195739,target_lag6,116.6859401500225
1,2,0.3,GBM_2_AutoML_22_20260420_195739,month_lag1,24.795151855945587
1,2,0.3,GBM_2_AutoML_22_20260420_195739,trend_lag1,12.861570665240288
1,2,0.3,GBM_2_AutoML_22_20260420_195739,month_sin,10.462087195143104
1,2,0.3,GBM_2_AutoML_22_20260420_195739,month_cos,50.04884452104569
1,2,0.3,GBM_2_AutoML_22_20260420_195739,year,4.103760023117065
1,2,0.3,XGBoost_grid_1_AutoML_22_20260420_195739_model_2,target_lag1,982.9837999725341
1,2,0.3,XGBoost_grid_1_AutoML_22_20260420_195739_model_2,target_lag2,813.1158404541015
1,2,0.3,XGBoost_grid_1_AutoML_22_20260420_195739_model_2,target_lag3,320.5745153808594
1,2,0.3,XGBoost_grid_1_AutoML_22_20260420_195739_model_2,target_lag4,282.758028793335
1,2,0.3,XGBoost_grid_1_AutoML_22_20260420_195739_model_2,target_lag5,100.88979543685913
1,2,0.3,XGBoost_grid_1_AutoML_22_20260420_195739_model_2,target_lag6,136.49330518245696
1,2,0.3,XGBoost_grid_1_AutoML_22_20260420_195739_model_2,month_lag1,41.6443169939518
1,2,0.3,XGBoost_grid_1_AutoML_22_20260420_195739_model_2,trend_lag1,25.93386766910553
1,2,0.3,XGBoost_grid_1_AutoML_22_20260420_195739_model_2,month_sin,10.27415741443634
1,2,0.3,XGBoost_grid_1_AutoML_22_20260420_195739_model_2,month_cos,55.910277395248414
1,2,0.3,XGBoost_grid_1_AutoML_22_20260420_195739_model_2,year,4.990219258069992
1,2,0.3,XGBoost_grid_1_AutoML_22_20260420_195739_model_4,target_lag1,1005.1134817504883
1,2,0.3,XGBoost_grid_1_AutoML_22_20260420_195739_model_4,target_lag2,742.1991285896302
1,2,0.3,XGBoost_grid_1_AutoML_22_20260420_195739_model_4,target_lag3,103.67980969905854
1,2,0.3,XGBoost_grid_1_AutoML_22_20260420_195739_model_4,target_lag4,405.33458934783937
1,2,0.3,XGBoost_grid_1_AutoML_22_20260420_195739_model_4,target_lag5,103.67864498138428
1,2,0.3,XGBoost_grid_1_AutoML_22_20260420_195739_model_4,target_lag6,189.86253036856652
1,2,0.3,XGBoost_grid_1_AutoML_22_20260420_195739_model_4,month_lag1,46.19892927646637
1,2,0.3,XGBoost_grid_1_AutoML_22_20260420_195739_model_4,trend_lag1,21.420754930227996
1,2,0.3,XGBoost_grid_1_AutoML_22_20260420_195739_model_4,month_sin,9.129687565863133
1,2,0.3,XGBoost_grid_1_AutoML_22_20260420_195739_model_4,month_cos,44.16247430801391
1,2,0.3,XGBoost_grid_1_AutoML_22_20260420_195739_model_4,year,3.358598112091422
1,2,0.3,XGBoost_grid_1_AutoML_22_20260420_195739_model_3,target_lag1,874.2101712036133
1,2,0.3,XGBoost_grid_1_AutoML_22_20260420_195739_model_3,target_lag2,159.4904757130146
1,2,0.3,XGBoost_grid_1_AutoML_22_20260420_195739_model_3,target_lag3,293.5937901687622
1,2,0.3,XGBoost_grid_1_AutoML_22_20260420_195739_model_3,target_lag4,943.3285327148437
1,2,0.3,XGBoost_grid_1_AutoML_22_20260420_195739_model_3,target_lag5,133.8157222557068
1,2,0.3,XGBoost_grid_1_AutoML_22_20260420_195739_model_3,target_lag6,304.96858421325686
1,2,0.3,XGBoost_grid_1_AutoML_22_20260420_195739_model_3,month_lag1,15.114537606239319
1,2,0.3,XGBoost_grid_1_AutoML_22_20260420_195739_model_3,trend_lag1,10.654444425106048
1,2,0.3,XGBoost_grid_1_AutoML_22_20260420_195739_model_3,month_sin,22.36234622955322
1,2,0.3,XGBoost_grid_1_AutoML_22_20260420_195739_model_3,month_cos,68.74231678962707
1,2,0.3,XGBoost_grid_1_AutoML_22_20260420_195739_model_3,year,5.690948538780212
1,2,0.3,XGBoost_grid_1_AutoML_22_20260420_195739_model_5,target_lag1,933.7019630813598
1,2,0.3,XGBoost_grid_1_AutoML_22_20260420_195739_model_5,target_lag2,547.3164614868164
1,2,0.3,XGBoost_grid_1_AutoML_22_20260420_195739_model_5,target_lag3,165.1250180053711
1,2,0.3,XGBoost_grid_1_AutoML_22_20260420_195739_model_5,target_lag4,664.176058959961
1,2,0.3,XGBoost_grid_1_AutoML_22_20260420_195739_model_5,target_lag5,43.45822092533112
1,2,0.3,XGBoost_grid_1_AutoML_22_20260420_195739_model_5,target_lag6,227.2551441192627
1,2,0.3,XGBoost_grid_1_AutoML_22_20260420_195739_model_5,month_lag1,26.0077174949646
1,2,0.3,XGBoost_grid_1_AutoML_22_20260420_195739_model_5,trend_lag1,11.625282974243165
1,2,0.3,XGBoost_grid_1_AutoML_22_20260420_195739_model_5,month_sin,19.150134327411653
1,2,0.3,XGBoost_grid_1_AutoML_22_20260420_195739_model_5,month_cos,69.51111979722977
1,2,0.3,XGBoost_grid_1_AutoML_22_20260420_195739_model_5,year,0.0
1,2,0.3,GBM_grid_1_AutoML_22_20260420_195739_model_1,target_lag1,460.54007984161376
1,2,0.3,GBM_grid_1_AutoML_22_20260420_195739_model_1,target_lag2,568.4655761337281
1,2,0.3,GBM_grid_1_AutoML_22_20260420_195739_model_1,target_lag3,291.7853374862671
1,2,0.3,GBM_grid_1_AutoML_22_20260420_195739_model_1,target_lag4,649.8506814575195
1,2,0.3,GBM_grid_1_AutoML_22_20260420_195739_model_1,target_lag5,273.8193576049805
1,2,0.3,GBM_grid_1_AutoML_22_20260420_195739_model_1,target_lag6,213.25129899978637
1,2,0.3,GBM_grid_1_AutoML_22_20260420_195739_model_1,month_lag1,30.51387717485428
1,2,0.3,GBM_grid_1_AutoML_22_20260420_195739_model_1,trend_lag1,20.831601088047027
1,2,0.3,GBM_grid_1_AutoML_22_20260420_195739_model_1,month_sin,12.205377256274224
1,2,0.3,GBM_grid_1_AutoML_22_20260420_195739_model_1,month_cos,69.11821680307388
1,2,0.3,GBM_grid_1_AutoML_22_20260420_195739_model_1,year,24.26909828186035
1,2,0.3,XGBoost_2_AutoML_22_20260420_195739,target_lag1,868.302301979065
1,2,0.3,XGBoost_2_AutoML_22_20260420_195739,target_lag2,695.4652635192871
1,2,0.3,XGBoost_2_AutoML_22_20260420_195739,target_lag3,68.86415359020233
1,2,0.3,XGBoost_2_AutoML_22_20260420_195739,target_lag4,663.3559735107422
1,2,0.3,XGBoost_2_AutoML_22_20260420_195739,target_lag5,201.55985288619996
1,2,0.3,XGBoost_2_AutoML_22_20260420_195739,target_lag6,214.1101440048218
1,2,0.3,XGBoost_2_AutoML_22_20260420_195739,month_lag1,45.97395040035248
1,2,0.3,XGBoost_2_AutoML_22_20260420_195739,trend_lag1,26.157920269966127
1,2,0.3,XGBoost_2_AutoML_22_20260420_195739,month_sin,16.9221757209301
1,2,0.3,XGBoost_2_AutoML_22_20260420_195739,month_cos,84.14096265792847
1,2,0.3,XGBoost_2_AutoML_22_20260420_195739,year,6.560150326788426
1,2,0.3,GBM_grid_1_AutoML_22_20260420_195739_model_2,target_lag1,739.3024526453019
1,2,0.3,GBM_grid_1_AutoML_22_20260420_195739_model_2,target_lag2,347.4696926498413
1,2,0.3,GBM_grid_1_AutoML_22_20260420_195739_model_2,target_lag3,600.7752085876465
1,2,0.3,GBM_grid_1_AutoML_22_20260420_195739_model_2,target_lag4,302.32485443115235
1,2,0.3,GBM_grid_1_AutoML_22_20260420_195739_model_2,target_lag5,232.67233692646028
1,2,0.3,GBM_grid_1_AutoML_22_20260420_195739_model_2,target_lag6,183.98980398714542
1,2,0.3,GBM_grid_1_AutoML_22_20260420_195739_model_2,month_lag1,39.5744440472126
1,2,0.3,GBM_grid_1_AutoML_22_20260420_195739_model_2,trend_lag1,22.998412684500217
1,2,0.3,GBM_grid_1_AutoML_22_20260420_195739_model_2,month_sin,14.885070729702711
1,2,0.3,GBM_grid_1_AutoML_22_20260420_195739_model_2,month_cos,45.775985651016235
1,2,0.3,GBM_grid_1_AutoML_22_20260420_195739_model_2,year,18.95318503320217
1,2,0.3,XGBoost_3_AutoML_22_20260420_195739,target_lag1,1125.9082222747802
1,2,0.3,XGBoost_3_AutoML_22_20260420_195739,target_lag2,447.54877643585206
1,2,0.3,XGBoost_3_AutoML_22_20260420_195739,target_lag3,255.73444562911988
1,2,0.3,XGBoost_3_AutoML_22_20260420_195739,target_lag4,577.480361251831
1,2,0.3,XGBoost_3_AutoML_22_20260420_195739,target_lag5,69.04941024541854
1,2,0.3,XGBoost_3_AutoML_22_20260420_195739,target_lag6,127.48820747375488
1,2,0.3,XGBoost_3_AutoML_22_20260420_195739,month_lag1,51.95946175813675
1,2,0.3,XGBoost_3_AutoML_22_20260420_195739,trend_lag1,27.2910056078434
1,2,0.3,XGBoost_3_AutoML_22_20260420_195739,month_sin,15.653467803001403
1,2,0.3,XGBoost_3_AutoML_22_20260420_195739,month_cos,69.62832576751708
1,2,0.3,XGBoost_3_AutoML_22_20260420_195739,year,4.733178713321686
1,2,0.3,XGBoost_1_AutoML_22_20260420_195739,target_lag1,753.7492126274109
1,2,0.3,XGBoost_1_AutoML_22_20260420_195739,target_lag2,609.0904023742676
1,2,0.3,XGBoost_1_AutoML_22_20260420_195739,target_lag3,534.8234955406189
1,2,0.3,XGBoost_1_AutoML_22_20260420_195739,target_lag4,387.7567631530762
1,2,0.3,XGBoost_1_AutoML_22_20260420_195739,target_lag5,135.83649904251098
1,2,0.3,XGBoost_1_AutoML_22_20260420_195739,target_lag6,125.89614807844163
1,2,0.3,XGBoost_1_AutoML_22_20260420_195739,month_lag1,54.348063690662386
1,2,0.3,XGBoost_1_AutoML_22_20260420_195739,trend_lag1,27.470043916106224
1,2,0.3,XGBoost_1_AutoML_22_20260420_195739,month_sin,6.100085661411286
1,2,0.3,XGBoost_1_AutoML_22_20260420_195739,month_cos,41.890459451079366
1,2,0.3,XGBoost_1_AutoML_22_20260420_195739,year,8.713156237602234
1,2,0.3,XGBoost_grid_1_AutoML_22_20260420_195739_model_1,target_lag1,562.9251054573059
1,2,0.3,XGBoost_grid_1_AutoML_22_20260420_195739_model_1,target_lag2,586.5772085571289
1,2,0.3,XGBoost_grid_1_AutoML_22_20260420_195739_model_1,target_lag3,513.7061154174804
1,2,0.3,XGBoost_grid_1_AutoML_22_20260420_195739_model_1,target_lag4,292.79498165130616
1,2,0.3,XGBoost_grid_1_AutoML_22_20260420_195739_model_1,target_lag5,348.79530639648436
1,2,0.3,XGBoost_grid_1_AutoML_22_20260420_195739_model_1,target_lag6,219.45021175384522
1,2,0.3,XGBoost_grid_1_AutoML_22_20260420_195739_model_1,month_lag1,31.61409496307373
1,2,0.3,XGBoost_grid_1_AutoML_22_20260420_195739_model_1,trend_lag1,8.555626492500306
1,2,0.3,XGBoost_grid_1_AutoML_22_20260420_195739_model_1,month_sin,8.818884100019933
1,2,0.3,XGBoost_grid_1_AutoML_22_20260420_195739_model_1,month_cos,63.573676863908766
1,2,0.3,XGBoost_grid_1_AutoML_22_20260420_195739_model_1,year,9.675499162673951
1,2,0.3,XGBoost_grid_1_AutoML_22_20260420_195739_model_6,target_lag1,497.3830469250679
1,2,0.3,XGBoost_grid_1_AutoML_22_20260420_195739_model_6,target_lag2,732.0191468048096
1,2,0.3,XGBoost_grid_1_AutoML_22_20260420_195739_model_6,target_lag3,310.0396393585205
1,2,0.3,XGBoost_grid_1_AutoML_22_20260420_195739_model_6,target_lag4,580.9578079223633
1,2,0.3,XGBoost_grid_1_AutoML_22_20260420_195739_model_6,target_lag5,236.27457145690917
1,2,0.3,XGBoost_grid_1_AutoML_22_20260420_195739_model_6,target_lag6,179.83180804252623
1,2,0.3,XGBoost_grid_1_AutoML_22_20260420_195739_model_6,month_lag1,48.139116039276125
1,2,0.3,XGBoost_grid_1_AutoML_22_20260420_195739_model_6,trend_lag1,36.55622314929962
1,2,0.3,XGBoost_grid_1_AutoML_22_20260420_195739_model_6,month_sin,10.027720383405686
1,2,0.3,XGBoost_grid_1_AutoML_22_20260420_195739_model_6,month_cos,30.785901575088502
1,2,0.3,XGBoost_grid_1_AutoML_22_20260420_195739_model_6,year,16.24100678756833
