split_id,seed,eps,model,feature,global_importance
0,0,0.02,LightGBMLarge_BAG_L1,item_id,0.0
0,0,0.02,LightGBMLarge_BAG_L1,target_lag1,6.750074576958979
0,0,0.02,LightGBMLarge_BAG_L1,target_lag2,0.841319757123357
0,0,0.02,LightGBMLarge_BAG_L1,target_lag3,0.633672346460295
0,0,0.02,LightGBMLarge_BAG_L1,target_lag4,0.7187680332747629
0,0,0.02,LightGBMLarge_BAG_L1,target_lag5,0.19546794631278122
0,0,0.02,LightGBMLarge_BAG_L1,target_lag6,0.15708910037868623
0,0,0.02,LightGBMLarge_BAG_L1,cov_HULL_lag1,0.11428171129881676
0,0,0.02,LightGBMLarge_BAG_L1,cov_MUFL_lag1,0.5320386356642614
0,0,0.02,LightGBMLarge_BAG_L1,cov_MULL_lag1,0.357836086078774
0,0,0.02,LightGBMLarge_BAG_L1,cov_LUFL_lag1,0.589645528544109
0,0,0.02,LightGBMLarge_BAG_L1,cov_LULL_lag1,0.28043270282247573
0,0,0.02,LightGBMLarge_BAG_L1,cov_OT_lag1,0.5622743374653569
0,0,0.02,LightGBMLarge_BAG_L1,hour_lag1,0.8828393513829665
0,0,0.02,LightGBMLarge_BAG_L1,day_of_week_lag1,0.06556779927477076
0,0,0.02,LightGBMLarge_BAG_L1,month_lag1,0.04321526482799557
0,0,0.02,LightGBMLarge_BAG_L1,month_sin,0.06515345764094645
0,0,0.02,LightGBMLarge_BAG_L1,month_cos,0.06096256683557253
0,0,0.02,LightGBMLarge_BAG_L1,year,0.0
0,0,0.05,LightGBMLarge_BAG_L1,item_id,0.0
0,0,0.05,LightGBMLarge_BAG_L1,target_lag1,6.750074576958979
0,0,0.05,LightGBMLarge_BAG_L1,target_lag2,0.841319757123357
0,0,0.05,LightGBMLarge_BAG_L1,target_lag3,0.633672346460295
0,0,0.05,LightGBMLarge_BAG_L1,target_lag4,0.7187680332747629
0,0,0.05,LightGBMLarge_BAG_L1,target_lag5,0.19546794631278122
0,0,0.05,LightGBMLarge_BAG_L1,target_lag6,0.15708910037868623
0,0,0.05,LightGBMLarge_BAG_L1,cov_HULL_lag1,0.11428171129881676
0,0,0.05,LightGBMLarge_BAG_L1,cov_MUFL_lag1,0.5320386356642614
0,0,0.05,LightGBMLarge_BAG_L1,cov_MULL_lag1,0.357836086078774
0,0,0.05,LightGBMLarge_BAG_L1,cov_LUFL_lag1,0.589645528544109
0,0,0.05,LightGBMLarge_BAG_L1,cov_LULL_lag1,0.28043270282247573
0,0,0.05,LightGBMLarge_BAG_L1,cov_OT_lag1,0.5622743374653569
0,0,0.05,LightGBMLarge_BAG_L1,hour_lag1,0.8828393513829665
0,0,0.05,LightGBMLarge_BAG_L1,day_of_week_lag1,0.06556779927477076
0,0,0.05,LightGBMLarge_BAG_L1,month_lag1,0.04321526482799557
0,0,0.05,LightGBMLarge_BAG_L1,month_sin,0.06515345764094645
0,0,0.05,LightGBMLarge_BAG_L1,month_cos,0.06096256683557253
0,0,0.05,LightGBMLarge_BAG_L1,year,0.0
0,0,0.1,LightGBMLarge_BAG_L1,item_id,0.0
0,0,0.1,LightGBMLarge_BAG_L1,target_lag1,6.750074576958979
0,0,0.1,LightGBMLarge_BAG_L1,target_lag2,0.841319757123357
0,0,0.1,LightGBMLarge_BAG_L1,target_lag3,0.633672346460295
0,0,0.1,LightGBMLarge_BAG_L1,target_lag4,0.7187680332747629
0,0,0.1,LightGBMLarge_BAG_L1,target_lag5,0.19546794631278122
0,0,0.1,LightGBMLarge_BAG_L1,target_lag6,0.15708910037868623
0,0,0.1,LightGBMLarge_BAG_L1,cov_HULL_lag1,0.11428171129881676
0,0,0.1,LightGBMLarge_BAG_L1,cov_MUFL_lag1,0.5320386356642614
0,0,0.1,LightGBMLarge_BAG_L1,cov_MULL_lag1,0.357836086078774
0,0,0.1,LightGBMLarge_BAG_L1,cov_LUFL_lag1,0.589645528544109
0,0,0.1,LightGBMLarge_BAG_L1,cov_LULL_lag1,0.28043270282247573
0,0,0.1,LightGBMLarge_BAG_L1,cov_OT_lag1,0.5622743374653569
0,0,0.1,LightGBMLarge_BAG_L1,hour_lag1,0.8828393513829665
0,0,0.1,LightGBMLarge_BAG_L1,day_of_week_lag1,0.06556779927477076
0,0,0.1,LightGBMLarge_BAG_L1,month_lag1,0.04321526482799557
0,0,0.1,LightGBMLarge_BAG_L1,month_sin,0.06515345764094645
0,0,0.1,LightGBMLarge_BAG_L1,month_cos,0.06096256683557253
0,0,0.1,LightGBMLarge_BAG_L1,year,0.0
0,0,0.2,LightGBMLarge_BAG_L1,item_id,0.0
0,0,0.2,LightGBMLarge_BAG_L1,target_lag1,6.750074576958979
0,0,0.2,LightGBMLarge_BAG_L1,target_lag2,0.841319757123357
0,0,0.2,LightGBMLarge_BAG_L1,target_lag3,0.633672346460295
0,0,0.2,LightGBMLarge_BAG_L1,target_lag4,0.7187680332747629
0,0,0.2,LightGBMLarge_BAG_L1,target_lag5,0.19546794631278122
0,0,0.2,LightGBMLarge_BAG_L1,target_lag6,0.15708910037868623
0,0,0.2,LightGBMLarge_BAG_L1,cov_HULL_lag1,0.11428171129881676
0,0,0.2,LightGBMLarge_BAG_L1,cov_MUFL_lag1,0.5320386356642614
0,0,0.2,LightGBMLarge_BAG_L1,cov_MULL_lag1,0.357836086078774
0,0,0.2,LightGBMLarge_BAG_L1,cov_LUFL_lag1,0.589645528544109
0,0,0.2,LightGBMLarge_BAG_L1,cov_LULL_lag1,0.28043270282247573
0,0,0.2,LightGBMLarge_BAG_L1,cov_OT_lag1,0.5622743374653569
0,0,0.2,LightGBMLarge_BAG_L1,hour_lag1,0.8828393513829665
0,0,0.2,LightGBMLarge_BAG_L1,day_of_week_lag1,0.06556779927477076
0,0,0.2,LightGBMLarge_BAG_L1,month_lag1,0.04321526482799557
0,0,0.2,LightGBMLarge_BAG_L1,month_sin,0.06515345764094645
0,0,0.2,LightGBMLarge_BAG_L1,month_cos,0.06096256683557253
0,0,0.2,LightGBMLarge_BAG_L1,year,0.0
0,0,0.2,ExtraTreesMSE_BAG_L1,item_id,0.0
0,0,0.2,ExtraTreesMSE_BAG_L1,target_lag1,4.509047500096572
0,0,0.2,ExtraTreesMSE_BAG_L1,target_lag2,1.3960995672773528
0,0,0.2,ExtraTreesMSE_BAG_L1,target_lag3,0.7276750287779086
0,0,0.2,ExtraTreesMSE_BAG_L1,target_lag4,0.46902028060169043
0,0,0.2,ExtraTreesMSE_BAG_L1,target_lag5,0.18655330019390196
0,0,0.2,ExtraTreesMSE_BAG_L1,target_lag6,0.08230037325974353
0,0,0.2,ExtraTreesMSE_BAG_L1,cov_HULL_lag1,0.25497749967941874
0,0,0.2,ExtraTreesMSE_BAG_L1,cov_MUFL_lag1,0.45735927224997625
0,0,0.2,ExtraTreesMSE_BAG_L1,cov_MULL_lag1,0.11238669971581344
0,0,0.2,ExtraTreesMSE_BAG_L1,cov_LUFL_lag1,0.5467519997038687
0,0,0.2,ExtraTreesMSE_BAG_L1,cov_LULL_lag1,0.23464058468184643
0,0,0.2,ExtraTreesMSE_BAG_L1,cov_OT_lag1,0.27687094136253815
0,0,0.2,ExtraTreesMSE_BAG_L1,hour_lag1,0.533180896122377
0,0,0.2,ExtraTreesMSE_BAG_L1,day_of_week_lag1,0.06205530608067139
0,0,0.2,ExtraTreesMSE_BAG_L1,month_lag1,0.037299500412731376
0,0,0.2,ExtraTreesMSE_BAG_L1,month_sin,0.06300867366057186
0,0,0.2,ExtraTreesMSE_BAG_L1,month_cos,0.05182243311588589
0,0,0.2,ExtraTreesMSE_BAG_L1,year,0.0
0,0,0.3,LightGBMLarge_BAG_L1,item_id,0.0
0,0,0.3,LightGBMLarge_BAG_L1,target_lag1,6.750074576958979
0,0,0.3,LightGBMLarge_BAG_L1,target_lag2,0.841319757123357
0,0,0.3,LightGBMLarge_BAG_L1,target_lag3,0.633672346460295
0,0,0.3,LightGBMLarge_BAG_L1,target_lag4,0.7187680332747629
0,0,0.3,LightGBMLarge_BAG_L1,target_lag5,0.19546794631278122
0,0,0.3,LightGBMLarge_BAG_L1,target_lag6,0.15708910037868623
0,0,0.3,LightGBMLarge_BAG_L1,cov_HULL_lag1,0.11428171129881676
0,0,0.3,LightGBMLarge_BAG_L1,cov_MUFL_lag1,0.5320386356642614
0,0,0.3,LightGBMLarge_BAG_L1,cov_MULL_lag1,0.357836086078774
0,0,0.3,LightGBMLarge_BAG_L1,cov_LUFL_lag1,0.589645528544109
0,0,0.3,LightGBMLarge_BAG_L1,cov_LULL_lag1,0.28043270282247573
0,0,0.3,LightGBMLarge_BAG_L1,cov_OT_lag1,0.5622743374653569
0,0,0.3,LightGBMLarge_BAG_L1,hour_lag1,0.8828393513829665
0,0,0.3,LightGBMLarge_BAG_L1,day_of_week_lag1,0.06556779927477076
0,0,0.3,LightGBMLarge_BAG_L1,month_lag1,0.04321526482799557
0,0,0.3,LightGBMLarge_BAG_L1,month_sin,0.06515345764094645
0,0,0.3,LightGBMLarge_BAG_L1,month_cos,0.06096256683557253
0,0,0.3,LightGBMLarge_BAG_L1,year,0.0
0,0,0.3,ExtraTreesMSE_BAG_L1,item_id,0.0
0,0,0.3,ExtraTreesMSE_BAG_L1,target_lag1,4.509047500096572
0,0,0.3,ExtraTreesMSE_BAG_L1,target_lag2,1.3960995672773528
0,0,0.3,ExtraTreesMSE_BAG_L1,target_lag3,0.7276750287779086
0,0,0.3,ExtraTreesMSE_BAG_L1,target_lag4,0.46902028060169043
0,0,0.3,ExtraTreesMSE_BAG_L1,target_lag5,0.18655330019390196
0,0,0.3,ExtraTreesMSE_BAG_L1,target_lag6,0.08230037325974353
0,0,0.3,ExtraTreesMSE_BAG_L1,cov_HULL_lag1,0.25497749967941874
0,0,0.3,ExtraTreesMSE_BAG_L1,cov_MUFL_lag1,0.45735927224997625
0,0,0.3,ExtraTreesMSE_BAG_L1,cov_MULL_lag1,0.11238669971581344
0,0,0.3,ExtraTreesMSE_BAG_L1,cov_LUFL_lag1,0.5467519997038687
0,0,0.3,ExtraTreesMSE_BAG_L1,cov_LULL_lag1,0.23464058468184643
0,0,0.3,ExtraTreesMSE_BAG_L1,cov_OT_lag1,0.27687094136253815
0,0,0.3,ExtraTreesMSE_BAG_L1,hour_lag1,0.533180896122377
0,0,0.3,ExtraTreesMSE_BAG_L1,day_of_week_lag1,0.06205530608067139
0,0,0.3,ExtraTreesMSE_BAG_L1,month_lag1,0.037299500412731376
0,0,0.3,ExtraTreesMSE_BAG_L1,month_sin,0.06300867366057186
0,0,0.3,ExtraTreesMSE_BAG_L1,month_cos,0.05182243311588589
0,0,0.3,ExtraTreesMSE_BAG_L1,year,0.0
0,0,0.3,RandomForestMSE_BAG_L1,item_id,0.0
0,0,0.3,RandomForestMSE_BAG_L1,target_lag1,6.9998945901603475
0,0,0.3,RandomForestMSE_BAG_L1,target_lag2,0.5213310704040004
0,0,0.3,RandomForestMSE_BAG_L1,target_lag3,0.42288935333660693
0,0,0.3,RandomForestMSE_BAG_L1,target_lag4,0.9726896966627665
0,0,0.3,RandomForestMSE_BAG_L1,target_lag5,0.14061634761474948
0,0,0.3,RandomForestMSE_BAG_L1,target_lag6,0.158336872621945
0,0,0.3,RandomForestMSE_BAG_L1,cov_HULL_lag1,0.11128341793778165
0,0,0.3,RandomForestMSE_BAG_L1,cov_MUFL_lag1,0.5818663929218776
0,0,0.3,RandomForestMSE_BAG_L1,cov_MULL_lag1,0.16674086002517544
0,0,0.3,RandomForestMSE_BAG_L1,cov_LUFL_lag1,0.35789124165288727
0,0,0.3,RandomForestMSE_BAG_L1,cov_LULL_lag1,0.01999481985909607
0,0,0.3,RandomForestMSE_BAG_L1,cov_OT_lag1,0.40217780975823864
0,0,0.3,RandomForestMSE_BAG_L1,hour_lag1,0.776256489093749
0,0,0.3,RandomForestMSE_BAG_L1,day_of_week_lag1,0.04477245088357188
0,0,0.3,RandomForestMSE_BAG_L1,month_lag1,0.04728243162370004
0,0,0.3,RandomForestMSE_BAG_L1,month_sin,0.05709261138465368
0,0,0.3,RandomForestMSE_BAG_L1,month_cos,0.043817220549007
0,0,0.3,RandomForestMSE_BAG_L1,year,0.0
1,0,0.02,LightGBMLarge_BAG_L1,item_id,0.0
1,0,0.02,LightGBMLarge_BAG_L1,target_lag1,7.407503985321308
1,0,0.02,LightGBMLarge_BAG_L1,target_lag2,1.3450469324943541
1,0,0.02,LightGBMLarge_BAG_L1,target_lag3,0.45125755424344755
1,0,0.02,LightGBMLarge_BAG_L1,target_lag4,0.563440844770922
1,0,0.02,LightGBMLarge_BAG_L1,target_lag5,0.2433533940499791
1,0,0.02,LightGBMLarge_BAG_L1,target_lag6,0.17515194951738594
1,0,0.02,LightGBMLarge_BAG_L1,cov_HULL_lag1,0.45014240710399306
1,0,0.02,LightGBMLarge_BAG_L1,cov_MUFL_lag1,0.3972255079925061
1,0,0.02,LightGBMLarge_BAG_L1,cov_MULL_lag1,0.3405738035626134
1,0,0.02,LightGBMLarge_BAG_L1,cov_LUFL_lag1,0.4463966754621037
1,0,0.02,LightGBMLarge_BAG_L1,cov_LULL_lag1,0.5189699332447865
1,0,0.02,LightGBMLarge_BAG_L1,cov_OT_lag1,0.3058759234085536
1,0,0.02,LightGBMLarge_BAG_L1,hour_lag1,1.254248488315653
1,0,0.02,LightGBMLarge_BAG_L1,day_of_week_lag1,0.08464552923693106
1,0,0.02,LightGBMLarge_BAG_L1,month_lag1,0.09876817141789251
1,0,0.02,LightGBMLarge_BAG_L1,month_sin,0.05300491994093532
1,0,0.02,LightGBMLarge_BAG_L1,month_cos,0.0377079266995765
1,0,0.02,LightGBMLarge_BAG_L1,year,0.28514648594669983
1,0,0.05,LightGBMLarge_BAG_L1,item_id,0.0
1,0,0.05,LightGBMLarge_BAG_L1,target_lag1,7.407503985321308
1,0,0.05,LightGBMLarge_BAG_L1,target_lag2,1.3450469324943541
1,0,0.05,LightGBMLarge_BAG_L1,target_lag3,0.45125755424344755
1,0,0.05,LightGBMLarge_BAG_L1,target_lag4,0.563440844770922
1,0,0.05,LightGBMLarge_BAG_L1,target_lag5,0.2433533940499791
1,0,0.05,LightGBMLarge_BAG_L1,target_lag6,0.17515194951738594
1,0,0.05,LightGBMLarge_BAG_L1,cov_HULL_lag1,0.45014240710399306
1,0,0.05,LightGBMLarge_BAG_L1,cov_MUFL_lag1,0.3972255079925061
1,0,0.05,LightGBMLarge_BAG_L1,cov_MULL_lag1,0.3405738035626134
1,0,0.05,LightGBMLarge_BAG_L1,cov_LUFL_lag1,0.4463966754621037
1,0,0.05,LightGBMLarge_BAG_L1,cov_LULL_lag1,0.5189699332447865
1,0,0.05,LightGBMLarge_BAG_L1,cov_OT_lag1,0.3058759234085536
1,0,0.05,LightGBMLarge_BAG_L1,hour_lag1,1.254248488315653
1,0,0.05,LightGBMLarge_BAG_L1,day_of_week_lag1,0.08464552923693106
1,0,0.05,LightGBMLarge_BAG_L1,month_lag1,0.09876817141789251
1,0,0.05,LightGBMLarge_BAG_L1,month_sin,0.05300491994093532
1,0,0.05,LightGBMLarge_BAG_L1,month_cos,0.0377079266995765
1,0,0.05,LightGBMLarge_BAG_L1,year,0.28514648594669983
1,0,0.05,RandomForestMSE_BAG_L1,item_id,0.0
1,0,0.05,RandomForestMSE_BAG_L1,target_lag1,8.109953727042907
1,0,0.05,RandomForestMSE_BAG_L1,target_lag2,1.0665284425918016
1,0,0.05,RandomForestMSE_BAG_L1,target_lag3,0.5618117494372223
1,0,0.05,RandomForestMSE_BAG_L1,target_lag4,0.5177785800071861
1,0,0.05,RandomForestMSE_BAG_L1,target_lag5,0.3956583094170461
1,0,0.05,RandomForestMSE_BAG_L1,target_lag6,0.23974533498149664
1,0,0.05,RandomForestMSE_BAG_L1,cov_HULL_lag1,0.3554727062858643
1,0,0.05,RandomForestMSE_BAG_L1,cov_MUFL_lag1,0.46141556607026324
1,0,0.05,RandomForestMSE_BAG_L1,cov_MULL_lag1,0.5606200018685882
1,0,0.05,RandomForestMSE_BAG_L1,cov_LUFL_lag1,0.2764728064131566
1,0,0.05,RandomForestMSE_BAG_L1,cov_LULL_lag1,0.44432215697719507
1,0,0.05,RandomForestMSE_BAG_L1,cov_OT_lag1,0.1465909861127632
1,0,0.05,RandomForestMSE_BAG_L1,hour_lag1,1.1437734446063639
1,0,0.05,RandomForestMSE_BAG_L1,day_of_week_lag1,0.03516226744428284
1,0,0.05,RandomForestMSE_BAG_L1,month_lag1,0.054624237234775795
1,0,0.05,RandomForestMSE_BAG_L1,month_sin,0.027561922871607823
1,0,0.05,RandomForestMSE_BAG_L1,month_cos,0.03455337629547484
1,0,0.05,RandomForestMSE_BAG_L1,year,0.048113070363264863
1,0,0.05,ExtraTreesMSE_BAG_L1,item_id,0.0
1,0,0.05,ExtraTreesMSE_BAG_L1,target_lag1,5.020141913355314
1,0,0.05,ExtraTreesMSE_BAG_L1,target_lag2,1.8277255264373933
1,0,0.05,ExtraTreesMSE_BAG_L1,target_lag3,0.9412177168130874
1,0,0.05,ExtraTreesMSE_BAG_L1,target_lag4,0.5987220032719469
1,0,0.05,ExtraTreesMSE_BAG_L1,target_lag5,0.3791186764689592
1,0,0.05,ExtraTreesMSE_BAG_L1,target_lag6,0.20296756890186907
1,0,0.05,ExtraTreesMSE_BAG_L1,cov_HULL_lag1,0.8814808893717259
1,0,0.05,ExtraTreesMSE_BAG_L1,cov_MUFL_lag1,0.06960996034053667
1,0,0.05,ExtraTreesMSE_BAG_L1,cov_MULL_lag1,0.33340973198230456
1,0,0.05,ExtraTreesMSE_BAG_L1,cov_LUFL_lag1,0.744489615062567
1,0,0.05,ExtraTreesMSE_BAG_L1,cov_LULL_lag1,0.06214461266994462
1,0,0.05,ExtraTreesMSE_BAG_L1,cov_OT_lag1,0.10359662916752033
1,0,0.05,ExtraTreesMSE_BAG_L1,hour_lag1,0.6833199530445614
1,0,0.05,ExtraTreesMSE_BAG_L1,day_of_week_lag1,0.040467674679022576
1,0,0.05,ExtraTreesMSE_BAG_L1,month_lag1,0.05965056361968708
1,0,0.05,ExtraTreesMSE_BAG_L1,month_sin,0.04410958151267109
1,0,0.05,ExtraTreesMSE_BAG_L1,month_cos,0.07285954501812264
1,0,0.05,ExtraTreesMSE_BAG_L1,year,0.43840077485763124
1,0,0.1,LightGBMLarge_BAG_L1,item_id,0.0
1,0,0.1,LightGBMLarge_BAG_L1,target_lag1,7.407503985321308
1,0,0.1,LightGBMLarge_BAG_L1,target_lag2,1.3450469324943541
1,0,0.1,LightGBMLarge_BAG_L1,target_lag3,0.45125755424344755
1,0,0.1,LightGBMLarge_BAG_L1,target_lag4,0.563440844770922
1,0,0.1,LightGBMLarge_BAG_L1,target_lag5,0.2433533940499791
1,0,0.1,LightGBMLarge_BAG_L1,target_lag6,0.17515194951738594
1,0,0.1,LightGBMLarge_BAG_L1,cov_HULL_lag1,0.45014240710399306
1,0,0.1,LightGBMLarge_BAG_L1,cov_MUFL_lag1,0.3972255079925061
1,0,0.1,LightGBMLarge_BAG_L1,cov_MULL_lag1,0.3405738035626134
1,0,0.1,LightGBMLarge_BAG_L1,cov_LUFL_lag1,0.4463966754621037
1,0,0.1,LightGBMLarge_BAG_L1,cov_LULL_lag1,0.5189699332447865
1,0,0.1,LightGBMLarge_BAG_L1,cov_OT_lag1,0.3058759234085536
1,0,0.1,LightGBMLarge_BAG_L1,hour_lag1,1.254248488315653
1,0,0.1,LightGBMLarge_BAG_L1,day_of_week_lag1,0.08464552923693106
1,0,0.1,LightGBMLarge_BAG_L1,month_lag1,0.09876817141789251
1,0,0.1,LightGBMLarge_BAG_L1,month_sin,0.05300491994093532
1,0,0.1,LightGBMLarge_BAG_L1,month_cos,0.0377079266995765
1,0,0.1,LightGBMLarge_BAG_L1,year,0.28514648594669983
1,0,0.1,RandomForestMSE_BAG_L1,item_id,0.0
1,0,0.1,RandomForestMSE_BAG_L1,target_lag1,8.109953727042907
1,0,0.1,RandomForestMSE_BAG_L1,target_lag2,1.0665284425918016
1,0,0.1,RandomForestMSE_BAG_L1,target_lag3,0.5618117494372223
1,0,0.1,RandomForestMSE_BAG_L1,target_lag4,0.5177785800071861
1,0,0.1,RandomForestMSE_BAG_L1,target_lag5,0.3956583094170461
1,0,0.1,RandomForestMSE_BAG_L1,target_lag6,0.23974533498149664
1,0,0.1,RandomForestMSE_BAG_L1,cov_HULL_lag1,0.3554727062858643
1,0,0.1,RandomForestMSE_BAG_L1,cov_MUFL_lag1,0.46141556607026324
1,0,0.1,RandomForestMSE_BAG_L1,cov_MULL_lag1,0.5606200018685882
1,0,0.1,RandomForestMSE_BAG_L1,cov_LUFL_lag1,0.2764728064131566
1,0,0.1,RandomForestMSE_BAG_L1,cov_LULL_lag1,0.44432215697719507
1,0,0.1,RandomForestMSE_BAG_L1,cov_OT_lag1,0.1465909861127632
1,0,0.1,RandomForestMSE_BAG_L1,hour_lag1,1.1437734446063639
1,0,0.1,RandomForestMSE_BAG_L1,day_of_week_lag1,0.03516226744428284
1,0,0.1,RandomForestMSE_BAG_L1,month_lag1,0.054624237234775795
1,0,0.1,RandomForestMSE_BAG_L1,month_sin,0.027561922871607823
1,0,0.1,RandomForestMSE_BAG_L1,month_cos,0.03455337629547484
1,0,0.1,RandomForestMSE_BAG_L1,year,0.048113070363264863
1,0,0.1,ExtraTreesMSE_BAG_L1,item_id,0.0
1,0,0.1,ExtraTreesMSE_BAG_L1,target_lag1,5.020141913355314
1,0,0.1,ExtraTreesMSE_BAG_L1,target_lag2,1.8277255264373933
1,0,0.1,ExtraTreesMSE_BAG_L1,target_lag3,0.9412177168130874
1,0,0.1,ExtraTreesMSE_BAG_L1,target_lag4,0.5987220032719469
1,0,0.1,ExtraTreesMSE_BAG_L1,target_lag5,0.3791186764689592
1,0,0.1,ExtraTreesMSE_BAG_L1,target_lag6,0.20296756890186907
1,0,0.1,ExtraTreesMSE_BAG_L1,cov_HULL_lag1,0.8814808893717259
1,0,0.1,ExtraTreesMSE_BAG_L1,cov_MUFL_lag1,0.06960996034053667
1,0,0.1,ExtraTreesMSE_BAG_L1,cov_MULL_lag1,0.33340973198230456
1,0,0.1,ExtraTreesMSE_BAG_L1,cov_LUFL_lag1,0.744489615062567
1,0,0.1,ExtraTreesMSE_BAG_L1,cov_LULL_lag1,0.06214461266994462
1,0,0.1,ExtraTreesMSE_BAG_L1,cov_OT_lag1,0.10359662916752033
1,0,0.1,ExtraTreesMSE_BAG_L1,hour_lag1,0.6833199530445614
1,0,0.1,ExtraTreesMSE_BAG_L1,day_of_week_lag1,0.040467674679022576
1,0,0.1,ExtraTreesMSE_BAG_L1,month_lag1,0.05965056361968708
1,0,0.1,ExtraTreesMSE_BAG_L1,month_sin,0.04410958151267109
1,0,0.1,ExtraTreesMSE_BAG_L1,month_cos,0.07285954501812264
1,0,0.1,ExtraTreesMSE_BAG_L1,year,0.43840077485763124
1,0,0.2,LightGBMLarge_BAG_L1,item_id,0.0
1,0,0.2,LightGBMLarge_BAG_L1,target_lag1,7.407503985321308
1,0,0.2,LightGBMLarge_BAG_L1,target_lag2,1.3450469324943541
1,0,0.2,LightGBMLarge_BAG_L1,target_lag3,0.45125755424344755
1,0,0.2,LightGBMLarge_BAG_L1,target_lag4,0.563440844770922
1,0,0.2,LightGBMLarge_BAG_L1,target_lag5,0.2433533940499791
1,0,0.2,LightGBMLarge_BAG_L1,target_lag6,0.17515194951738594
1,0,0.2,LightGBMLarge_BAG_L1,cov_HULL_lag1,0.45014240710399306
1,0,0.2,LightGBMLarge_BAG_L1,cov_MUFL_lag1,0.3972255079925061
1,0,0.2,LightGBMLarge_BAG_L1,cov_MULL_lag1,0.3405738035626134
1,0,0.2,LightGBMLarge_BAG_L1,cov_LUFL_lag1,0.4463966754621037
1,0,0.2,LightGBMLarge_BAG_L1,cov_LULL_lag1,0.5189699332447865
1,0,0.2,LightGBMLarge_BAG_L1,cov_OT_lag1,0.3058759234085536
1,0,0.2,LightGBMLarge_BAG_L1,hour_lag1,1.254248488315653
1,0,0.2,LightGBMLarge_BAG_L1,day_of_week_lag1,0.08464552923693106
1,0,0.2,LightGBMLarge_BAG_L1,month_lag1,0.09876817141789251
1,0,0.2,LightGBMLarge_BAG_L1,month_sin,0.05300491994093532
1,0,0.2,LightGBMLarge_BAG_L1,month_cos,0.0377079266995765
1,0,0.2,LightGBMLarge_BAG_L1,year,0.28514648594669983
1,0,0.2,RandomForestMSE_BAG_L1,item_id,0.0
1,0,0.2,RandomForestMSE_BAG_L1,target_lag1,8.109953727042907
1,0,0.2,RandomForestMSE_BAG_L1,target_lag2,1.0665284425918016
1,0,0.2,RandomForestMSE_BAG_L1,target_lag3,0.5618117494372223
1,0,0.2,RandomForestMSE_BAG_L1,target_lag4,0.5177785800071861
1,0,0.2,RandomForestMSE_BAG_L1,target_lag5,0.3956583094170461
1,0,0.2,RandomForestMSE_BAG_L1,target_lag6,0.23974533498149664
1,0,0.2,RandomForestMSE_BAG_L1,cov_HULL_lag1,0.3554727062858643
1,0,0.2,RandomForestMSE_BAG_L1,cov_MUFL_lag1,0.46141556607026324
1,0,0.2,RandomForestMSE_BAG_L1,cov_MULL_lag1,0.5606200018685882
1,0,0.2,RandomForestMSE_BAG_L1,cov_LUFL_lag1,0.2764728064131566
1,0,0.2,RandomForestMSE_BAG_L1,cov_LULL_lag1,0.44432215697719507
1,0,0.2,RandomForestMSE_BAG_L1,cov_OT_lag1,0.1465909861127632
1,0,0.2,RandomForestMSE_BAG_L1,hour_lag1,1.1437734446063639
1,0,0.2,RandomForestMSE_BAG_L1,day_of_week_lag1,0.03516226744428284
1,0,0.2,RandomForestMSE_BAG_L1,month_lag1,0.054624237234775795
1,0,0.2,RandomForestMSE_BAG_L1,month_sin,0.027561922871607823
1,0,0.2,RandomForestMSE_BAG_L1,month_cos,0.03455337629547484
1,0,0.2,RandomForestMSE_BAG_L1,year,0.048113070363264863
1,0,0.2,ExtraTreesMSE_BAG_L1,item_id,0.0
1,0,0.2,ExtraTreesMSE_BAG_L1,target_lag1,5.020141913355314
1,0,0.2,ExtraTreesMSE_BAG_L1,target_lag2,1.8277255264373933
1,0,0.2,ExtraTreesMSE_BAG_L1,target_lag3,0.9412177168130874
1,0,0.2,ExtraTreesMSE_BAG_L1,target_lag4,0.5987220032719469
1,0,0.2,ExtraTreesMSE_BAG_L1,target_lag5,0.3791186764689592
1,0,0.2,ExtraTreesMSE_BAG_L1,target_lag6,0.20296756890186907
1,0,0.2,ExtraTreesMSE_BAG_L1,cov_HULL_lag1,0.8814808893717259
1,0,0.2,ExtraTreesMSE_BAG_L1,cov_MUFL_lag1,0.06960996034053667
1,0,0.2,ExtraTreesMSE_BAG_L1,cov_MULL_lag1,0.33340973198230456
1,0,0.2,ExtraTreesMSE_BAG_L1,cov_LUFL_lag1,0.744489615062567
1,0,0.2,ExtraTreesMSE_BAG_L1,cov_LULL_lag1,0.06214461266994462
1,0,0.2,ExtraTreesMSE_BAG_L1,cov_OT_lag1,0.10359662916752033
1,0,0.2,ExtraTreesMSE_BAG_L1,hour_lag1,0.6833199530445614
1,0,0.2,ExtraTreesMSE_BAG_L1,day_of_week_lag1,0.040467674679022576
1,0,0.2,ExtraTreesMSE_BAG_L1,month_lag1,0.05965056361968708
1,0,0.2,ExtraTreesMSE_BAG_L1,month_sin,0.04410958151267109
1,0,0.2,ExtraTreesMSE_BAG_L1,month_cos,0.07285954501812264
1,0,0.2,ExtraTreesMSE_BAG_L1,year,0.43840077485763124
1,0,0.3,LightGBMLarge_BAG_L1,item_id,0.0
1,0,0.3,LightGBMLarge_BAG_L1,target_lag1,7.407503985321308
1,0,0.3,LightGBMLarge_BAG_L1,target_lag2,1.3450469324943541
1,0,0.3,LightGBMLarge_BAG_L1,target_lag3,0.45125755424344755
1,0,0.3,LightGBMLarge_BAG_L1,target_lag4,0.563440844770922
1,0,0.3,LightGBMLarge_BAG_L1,target_lag5,0.2433533940499791
1,0,0.3,LightGBMLarge_BAG_L1,target_lag6,0.17515194951738594
1,0,0.3,LightGBMLarge_BAG_L1,cov_HULL_lag1,0.45014240710399306
1,0,0.3,LightGBMLarge_BAG_L1,cov_MUFL_lag1,0.3972255079925061
1,0,0.3,LightGBMLarge_BAG_L1,cov_MULL_lag1,0.3405738035626134
1,0,0.3,LightGBMLarge_BAG_L1,cov_LUFL_lag1,0.4463966754621037
1,0,0.3,LightGBMLarge_BAG_L1,cov_LULL_lag1,0.5189699332447865
1,0,0.3,LightGBMLarge_BAG_L1,cov_OT_lag1,0.3058759234085536
1,0,0.3,LightGBMLarge_BAG_L1,hour_lag1,1.254248488315653
1,0,0.3,LightGBMLarge_BAG_L1,day_of_week_lag1,0.08464552923693106
1,0,0.3,LightGBMLarge_BAG_L1,month_lag1,0.09876817141789251
1,0,0.3,LightGBMLarge_BAG_L1,month_sin,0.05300491994093532
1,0,0.3,LightGBMLarge_BAG_L1,month_cos,0.0377079266995765
1,0,0.3,LightGBMLarge_BAG_L1,year,0.28514648594669983
1,0,0.3,RandomForestMSE_BAG_L1,item_id,0.0
1,0,0.3,RandomForestMSE_BAG_L1,target_lag1,8.109953727042907
1,0,0.3,RandomForestMSE_BAG_L1,target_lag2,1.0665284425918016
1,0,0.3,RandomForestMSE_BAG_L1,target_lag3,0.5618117494372223
1,0,0.3,RandomForestMSE_BAG_L1,target_lag4,0.5177785800071861
1,0,0.3,RandomForestMSE_BAG_L1,target_lag5,0.3956583094170461
1,0,0.3,RandomForestMSE_BAG_L1,target_lag6,0.23974533498149664
1,0,0.3,RandomForestMSE_BAG_L1,cov_HULL_lag1,0.3554727062858643
1,0,0.3,RandomForestMSE_BAG_L1,cov_MUFL_lag1,0.46141556607026324
1,0,0.3,RandomForestMSE_BAG_L1,cov_MULL_lag1,0.5606200018685882
1,0,0.3,RandomForestMSE_BAG_L1,cov_LUFL_lag1,0.2764728064131566
1,0,0.3,RandomForestMSE_BAG_L1,cov_LULL_lag1,0.44432215697719507
1,0,0.3,RandomForestMSE_BAG_L1,cov_OT_lag1,0.1465909861127632
1,0,0.3,RandomForestMSE_BAG_L1,hour_lag1,1.1437734446063639
1,0,0.3,RandomForestMSE_BAG_L1,day_of_week_lag1,0.03516226744428284
1,0,0.3,RandomForestMSE_BAG_L1,month_lag1,0.054624237234775795
1,0,0.3,RandomForestMSE_BAG_L1,month_sin,0.027561922871607823
1,0,0.3,RandomForestMSE_BAG_L1,month_cos,0.03455337629547484
1,0,0.3,RandomForestMSE_BAG_L1,year,0.048113070363264863
1,0,0.3,ExtraTreesMSE_BAG_L1,item_id,0.0
1,0,0.3,ExtraTreesMSE_BAG_L1,target_lag1,5.020141913355314
1,0,0.3,ExtraTreesMSE_BAG_L1,target_lag2,1.8277255264373933
1,0,0.3,ExtraTreesMSE_BAG_L1,target_lag3,0.9412177168130874
1,0,0.3,ExtraTreesMSE_BAG_L1,target_lag4,0.5987220032719469
1,0,0.3,ExtraTreesMSE_BAG_L1,target_lag5,0.3791186764689592
1,0,0.3,ExtraTreesMSE_BAG_L1,target_lag6,0.20296756890186907
1,0,0.3,ExtraTreesMSE_BAG_L1,cov_HULL_lag1,0.8814808893717259
1,0,0.3,ExtraTreesMSE_BAG_L1,cov_MUFL_lag1,0.06960996034053667
1,0,0.3,ExtraTreesMSE_BAG_L1,cov_MULL_lag1,0.33340973198230456
1,0,0.3,ExtraTreesMSE_BAG_L1,cov_LUFL_lag1,0.744489615062567
1,0,0.3,ExtraTreesMSE_BAG_L1,cov_LULL_lag1,0.06214461266994462
1,0,0.3,ExtraTreesMSE_BAG_L1,cov_OT_lag1,0.10359662916752033
1,0,0.3,ExtraTreesMSE_BAG_L1,hour_lag1,0.6833199530445614
1,0,0.3,ExtraTreesMSE_BAG_L1,day_of_week_lag1,0.040467674679022576
1,0,0.3,ExtraTreesMSE_BAG_L1,month_lag1,0.05965056361968708
1,0,0.3,ExtraTreesMSE_BAG_L1,month_sin,0.04410958151267109
1,0,0.3,ExtraTreesMSE_BAG_L1,month_cos,0.07285954501812264
1,0,0.3,ExtraTreesMSE_BAG_L1,year,0.43840077485763124
2,0,0.02,ExtraTreesMSE_BAG_L1,item_id,0.0
2,0,0.02,ExtraTreesMSE_BAG_L1,target_lag1,6.4693572413660005
2,0,0.02,ExtraTreesMSE_BAG_L1,target_lag2,2.1101505490527694
2,0,0.02,ExtraTreesMSE_BAG_L1,target_lag3,1.1639818684440397
2,0,0.02,ExtraTreesMSE_BAG_L1,target_lag4,0.700641289500319
2,0,0.02,ExtraTreesMSE_BAG_L1,target_lag5,0.3688597900282878
2,0,0.02,ExtraTreesMSE_BAG_L1,target_lag6,0.2475748361147367
2,0,0.02,ExtraTreesMSE_BAG_L1,cov_HULL_lag1,0.3755032105450447
2,0,0.02,ExtraTreesMSE_BAG_L1,cov_MUFL_lag1,0.1182018400508624
2,0,0.02,ExtraTreesMSE_BAG_L1,cov_MULL_lag1,0.10856616760148452
2,0,0.02,ExtraTreesMSE_BAG_L1,cov_LUFL_lag1,0.41021142689035484
2,0,0.02,ExtraTreesMSE_BAG_L1,cov_LULL_lag1,0.04968027074061907
2,0,0.02,ExtraTreesMSE_BAG_L1,cov_OT_lag1,0.19175774082312214
2,0,0.02,ExtraTreesMSE_BAG_L1,hour_lag1,0.7300196991633909
2,0,0.02,ExtraTreesMSE_BAG_L1,day_of_week_lag1,0.062064572924834076
2,0,0.02,ExtraTreesMSE_BAG_L1,month_lag1,0.02739838016033169
2,0,0.02,ExtraTreesMSE_BAG_L1,month_sin,0.062243952145026274
2,0,0.02,ExtraTreesMSE_BAG_L1,month_cos,0.025819900476015484
2,0,0.02,ExtraTreesMSE_BAG_L1,year,0.3381402190786142
2,0,0.02,LightGBMLarge_BAG_L1,item_id,0.0
2,0,0.02,LightGBMLarge_BAG_L1,target_lag1,9.45120942926155
2,0,0.02,LightGBMLarge_BAG_L1,target_lag2,1.5952969087276891
2,0,0.02,LightGBMLarge_BAG_L1,target_lag3,0.6467533365913593
2,0,0.02,LightGBMLarge_BAG_L1,target_lag4,0.4750119344718183
2,0,0.02,LightGBMLarge_BAG_L1,target_lag5,0.2097942603795
2,0,0.02,LightGBMLarge_BAG_L1,target_lag6,0.2053496628478133
2,0,0.02,LightGBMLarge_BAG_L1,cov_HULL_lag1,0.16149245660431102
2,0,0.02,LightGBMLarge_BAG_L1,cov_MUFL_lag1,0.7906205278007492
2,0,0.02,LightGBMLarge_BAG_L1,cov_MULL_lag1,0.21233019955035
2,0,0.02,LightGBMLarge_BAG_L1,cov_LUFL_lag1,0.3806289107970317
2,0,0.02,LightGBMLarge_BAG_L1,cov_LULL_lag1,0.2606064232804992
2,0,0.02,LightGBMLarge_BAG_L1,cov_OT_lag1,0.44638376925942624
2,0,0.02,LightGBMLarge_BAG_L1,hour_lag1,1.4065098854266507
2,0,0.02,LightGBMLarge_BAG_L1,day_of_week_lag1,0.0767423004278484
2,0,0.02,LightGBMLarge_BAG_L1,month_lag1,0.09851074590356314
2,0,0.02,LightGBMLarge_BAG_L1,month_sin,0.11051537432716442
2,0,0.02,LightGBMLarge_BAG_L1,month_cos,0.04105524072856647
2,0,0.02,LightGBMLarge_BAG_L1,year,0.12718451795526428
2,0,0.02,RandomForestMSE_BAG_L1,item_id,0.0
2,0,0.02,RandomForestMSE_BAG_L1,target_lag1,10.077889334929619
2,0,0.02,RandomForestMSE_BAG_L1,target_lag2,1.058145120502722
2,0,0.02,RandomForestMSE_BAG_L1,target_lag3,0.5999450487732312
2,0,0.02,RandomForestMSE_BAG_L1,target_lag4,0.3529544339355366
2,0,0.02,RandomForestMSE_BAG_L1,target_lag5,0.2966335623147968
2,0,0.02,RandomForestMSE_BAG_L1,target_lag6,0.2613270000643453
2,0,0.02,RandomForestMSE_BAG_L1,cov_HULL_lag1,0.07648187911327071
2,0,0.02,RandomForestMSE_BAG_L1,cov_MUFL_lag1,0.645770939806906
2,0,0.02,RandomForestMSE_BAG_L1,cov_MULL_lag1,0.08251236244548965
2,0,0.02,RandomForestMSE_BAG_L1,cov_LUFL_lag1,0.2137850040737826
2,0,0.02,RandomForestMSE_BAG_L1,cov_LULL_lag1,0.1859280123488261
2,0,0.02,RandomForestMSE_BAG_L1,cov_OT_lag1,0.2586168852153879
2,0,0.02,RandomForestMSE_BAG_L1,hour_lag1,1.2588514529139951
2,0,0.02,RandomForestMSE_BAG_L1,day_of_week_lag1,0.04953162041782186
2,0,0.02,RandomForestMSE_BAG_L1,month_lag1,0.05333886649820653
2,0,0.02,RandomForestMSE_BAG_L1,month_sin,0.045036628006971675
2,0,0.02,RandomForestMSE_BAG_L1,month_cos,0.018923523901001705
2,0,0.02,RandomForestMSE_BAG_L1,year,0.05261530657943616
2,0,0.05,ExtraTreesMSE_BAG_L1,item_id,0.0
2,0,0.05,ExtraTreesMSE_BAG_L1,target_lag1,6.4693572413660005
2,0,0.05,ExtraTreesMSE_BAG_L1,target_lag2,2.1101505490527694
2,0,0.05,ExtraTreesMSE_BAG_L1,target_lag3,1.1639818684440397
2,0,0.05,ExtraTreesMSE_BAG_L1,target_lag4,0.700641289500319
2,0,0.05,ExtraTreesMSE_BAG_L1,target_lag5,0.3688597900282878
2,0,0.05,ExtraTreesMSE_BAG_L1,target_lag6,0.2475748361147367
2,0,0.05,ExtraTreesMSE_BAG_L1,cov_HULL_lag1,0.3755032105450447
2,0,0.05,ExtraTreesMSE_BAG_L1,cov_MUFL_lag1,0.1182018400508624
2,0,0.05,ExtraTreesMSE_BAG_L1,cov_MULL_lag1,0.10856616760148452
2,0,0.05,ExtraTreesMSE_BAG_L1,cov_LUFL_lag1,0.41021142689035484
2,0,0.05,ExtraTreesMSE_BAG_L1,cov_LULL_lag1,0.04968027074061907
2,0,0.05,ExtraTreesMSE_BAG_L1,cov_OT_lag1,0.19175774082312214
2,0,0.05,ExtraTreesMSE_BAG_L1,hour_lag1,0.7300196991633909
2,0,0.05,ExtraTreesMSE_BAG_L1,day_of_week_lag1,0.062064572924834076
2,0,0.05,ExtraTreesMSE_BAG_L1,month_lag1,0.02739838016033169
2,0,0.05,ExtraTreesMSE_BAG_L1,month_sin,0.062243952145026274
2,0,0.05,ExtraTreesMSE_BAG_L1,month_cos,0.025819900476015484
2,0,0.05,ExtraTreesMSE_BAG_L1,year,0.3381402190786142
2,0,0.05,LightGBMLarge_BAG_L1,item_id,0.0
2,0,0.05,LightGBMLarge_BAG_L1,target_lag1,9.45120942926155
2,0,0.05,LightGBMLarge_BAG_L1,target_lag2,1.5952969087276891
2,0,0.05,LightGBMLarge_BAG_L1,target_lag3,0.6467533365913593
2,0,0.05,LightGBMLarge_BAG_L1,target_lag4,0.4750119344718183
2,0,0.05,LightGBMLarge_BAG_L1,target_lag5,0.2097942603795
2,0,0.05,LightGBMLarge_BAG_L1,target_lag6,0.2053496628478133
2,0,0.05,LightGBMLarge_BAG_L1,cov_HULL_lag1,0.16149245660431102
2,0,0.05,LightGBMLarge_BAG_L1,cov_MUFL_lag1,0.7906205278007492
2,0,0.05,LightGBMLarge_BAG_L1,cov_MULL_lag1,0.21233019955035
2,0,0.05,LightGBMLarge_BAG_L1,cov_LUFL_lag1,0.3806289107970317
2,0,0.05,LightGBMLarge_BAG_L1,cov_LULL_lag1,0.2606064232804992
2,0,0.05,LightGBMLarge_BAG_L1,cov_OT_lag1,0.44638376925942624
2,0,0.05,LightGBMLarge_BAG_L1,hour_lag1,1.4065098854266507
2,0,0.05,LightGBMLarge_BAG_L1,day_of_week_lag1,0.0767423004278484
2,0,0.05,LightGBMLarge_BAG_L1,month_lag1,0.09851074590356314
2,0,0.05,LightGBMLarge_BAG_L1,month_sin,0.11051537432716442
2,0,0.05,LightGBMLarge_BAG_L1,month_cos,0.04105524072856647
2,0,0.05,LightGBMLarge_BAG_L1,year,0.12718451795526428
2,0,0.05,RandomForestMSE_BAG_L1,item_id,0.0
2,0,0.05,RandomForestMSE_BAG_L1,target_lag1,10.077889334929619
2,0,0.05,RandomForestMSE_BAG_L1,target_lag2,1.058145120502722
2,0,0.05,RandomForestMSE_BAG_L1,target_lag3,0.5999450487732312
2,0,0.05,RandomForestMSE_BAG_L1,target_lag4,0.3529544339355366
2,0,0.05,RandomForestMSE_BAG_L1,target_lag5,0.2966335623147968
2,0,0.05,RandomForestMSE_BAG_L1,target_lag6,0.2613270000643453
2,0,0.05,RandomForestMSE_BAG_L1,cov_HULL_lag1,0.07648187911327071
2,0,0.05,RandomForestMSE_BAG_L1,cov_MUFL_lag1,0.645770939806906
2,0,0.05,RandomForestMSE_BAG_L1,cov_MULL_lag1,0.08251236244548965
2,0,0.05,RandomForestMSE_BAG_L1,cov_LUFL_lag1,0.2137850040737826
2,0,0.05,RandomForestMSE_BAG_L1,cov_LULL_lag1,0.1859280123488261
2,0,0.05,RandomForestMSE_BAG_L1,cov_OT_lag1,0.2586168852153879
2,0,0.05,RandomForestMSE_BAG_L1,hour_lag1,1.2588514529139951
2,0,0.05,RandomForestMSE_BAG_L1,day_of_week_lag1,0.04953162041782186
2,0,0.05,RandomForestMSE_BAG_L1,month_lag1,0.05333886649820653
2,0,0.05,RandomForestMSE_BAG_L1,month_sin,0.045036628006971675
2,0,0.05,RandomForestMSE_BAG_L1,month_cos,0.018923523901001705
2,0,0.05,RandomForestMSE_BAG_L1,year,0.05261530657943616
2,0,0.1,ExtraTreesMSE_BAG_L1,item_id,0.0
2,0,0.1,ExtraTreesMSE_BAG_L1,target_lag1,6.4693572413660005
2,0,0.1,ExtraTreesMSE_BAG_L1,target_lag2,2.1101505490527694
2,0,0.1,ExtraTreesMSE_BAG_L1,target_lag3,1.1639818684440397
2,0,0.1,ExtraTreesMSE_BAG_L1,target_lag4,0.700641289500319
2,0,0.1,ExtraTreesMSE_BAG_L1,target_lag5,0.3688597900282878
2,0,0.1,ExtraTreesMSE_BAG_L1,target_lag6,0.2475748361147367
2,0,0.1,ExtraTreesMSE_BAG_L1,cov_HULL_lag1,0.3755032105450447
2,0,0.1,ExtraTreesMSE_BAG_L1,cov_MUFL_lag1,0.1182018400508624
2,0,0.1,ExtraTreesMSE_BAG_L1,cov_MULL_lag1,0.10856616760148452
2,0,0.1,ExtraTreesMSE_BAG_L1,cov_LUFL_lag1,0.41021142689035484
2,0,0.1,ExtraTreesMSE_BAG_L1,cov_LULL_lag1,0.04968027074061907
2,0,0.1,ExtraTreesMSE_BAG_L1,cov_OT_lag1,0.19175774082312214
2,0,0.1,ExtraTreesMSE_BAG_L1,hour_lag1,0.7300196991633909
2,0,0.1,ExtraTreesMSE_BAG_L1,day_of_week_lag1,0.062064572924834076
2,0,0.1,ExtraTreesMSE_BAG_L1,month_lag1,0.02739838016033169
2,0,0.1,ExtraTreesMSE_BAG_L1,month_sin,0.062243952145026274
2,0,0.1,ExtraTreesMSE_BAG_L1,month_cos,0.025819900476015484
2,0,0.1,ExtraTreesMSE_BAG_L1,year,0.3381402190786142
2,0,0.1,LightGBMLarge_BAG_L1,item_id,0.0
2,0,0.1,LightGBMLarge_BAG_L1,target_lag1,9.45120942926155
2,0,0.1,LightGBMLarge_BAG_L1,target_lag2,1.5952969087276891
2,0,0.1,LightGBMLarge_BAG_L1,target_lag3,0.6467533365913593
2,0,0.1,LightGBMLarge_BAG_L1,target_lag4,0.4750119344718183
2,0,0.1,LightGBMLarge_BAG_L1,target_lag5,0.2097942603795
2,0,0.1,LightGBMLarge_BAG_L1,target_lag6,0.2053496628478133
2,0,0.1,LightGBMLarge_BAG_L1,cov_HULL_lag1,0.16149245660431102
2,0,0.1,LightGBMLarge_BAG_L1,cov_MUFL_lag1,0.7906205278007492
2,0,0.1,LightGBMLarge_BAG_L1,cov_MULL_lag1,0.21233019955035
2,0,0.1,LightGBMLarge_BAG_L1,cov_LUFL_lag1,0.3806289107970317
2,0,0.1,LightGBMLarge_BAG_L1,cov_LULL_lag1,0.2606064232804992
2,0,0.1,LightGBMLarge_BAG_L1,cov_OT_lag1,0.44638376925942624
2,0,0.1,LightGBMLarge_BAG_L1,hour_lag1,1.4065098854266507
2,0,0.1,LightGBMLarge_BAG_L1,day_of_week_lag1,0.0767423004278484
2,0,0.1,LightGBMLarge_BAG_L1,month_lag1,0.09851074590356314
2,0,0.1,LightGBMLarge_BAG_L1,month_sin,0.11051537432716442
2,0,0.1,LightGBMLarge_BAG_L1,month_cos,0.04105524072856647
2,0,0.1,LightGBMLarge_BAG_L1,year,0.12718451795526428
2,0,0.1,RandomForestMSE_BAG_L1,item_id,0.0
2,0,0.1,RandomForestMSE_BAG_L1,target_lag1,10.077889334929619
2,0,0.1,RandomForestMSE_BAG_L1,target_lag2,1.058145120502722
2,0,0.1,RandomForestMSE_BAG_L1,target_lag3,0.5999450487732312
2,0,0.1,RandomForestMSE_BAG_L1,target_lag4,0.3529544339355366
2,0,0.1,RandomForestMSE_BAG_L1,target_lag5,0.2966335623147968
2,0,0.1,RandomForestMSE_BAG_L1,target_lag6,0.2613270000643453
2,0,0.1,RandomForestMSE_BAG_L1,cov_HULL_lag1,0.07648187911327071
2,0,0.1,RandomForestMSE_BAG_L1,cov_MUFL_lag1,0.645770939806906
2,0,0.1,RandomForestMSE_BAG_L1,cov_MULL_lag1,0.08251236244548965
2,0,0.1,RandomForestMSE_BAG_L1,cov_LUFL_lag1,0.2137850040737826
2,0,0.1,RandomForestMSE_BAG_L1,cov_LULL_lag1,0.1859280123488261
2,0,0.1,RandomForestMSE_BAG_L1,cov_OT_lag1,0.2586168852153879
2,0,0.1,RandomForestMSE_BAG_L1,hour_lag1,1.2588514529139951
2,0,0.1,RandomForestMSE_BAG_L1,day_of_week_lag1,0.04953162041782186
2,0,0.1,RandomForestMSE_BAG_L1,month_lag1,0.05333886649820653
2,0,0.1,RandomForestMSE_BAG_L1,month_sin,0.045036628006971675
2,0,0.1,RandomForestMSE_BAG_L1,month_cos,0.018923523901001705
2,0,0.1,RandomForestMSE_BAG_L1,year,0.05261530657943616
2,0,0.2,ExtraTreesMSE_BAG_L1,item_id,0.0
2,0,0.2,ExtraTreesMSE_BAG_L1,target_lag1,6.4693572413660005
2,0,0.2,ExtraTreesMSE_BAG_L1,target_lag2,2.1101505490527694
2,0,0.2,ExtraTreesMSE_BAG_L1,target_lag3,1.1639818684440397
2,0,0.2,ExtraTreesMSE_BAG_L1,target_lag4,0.700641289500319
2,0,0.2,ExtraTreesMSE_BAG_L1,target_lag5,0.3688597900282878
2,0,0.2,ExtraTreesMSE_BAG_L1,target_lag6,0.2475748361147367
2,0,0.2,ExtraTreesMSE_BAG_L1,cov_HULL_lag1,0.3755032105450447
2,0,0.2,ExtraTreesMSE_BAG_L1,cov_MUFL_lag1,0.1182018400508624
2,0,0.2,ExtraTreesMSE_BAG_L1,cov_MULL_lag1,0.10856616760148452
2,0,0.2,ExtraTreesMSE_BAG_L1,cov_LUFL_lag1,0.41021142689035484
2,0,0.2,ExtraTreesMSE_BAG_L1,cov_LULL_lag1,0.04968027074061907
2,0,0.2,ExtraTreesMSE_BAG_L1,cov_OT_lag1,0.19175774082312214
2,0,0.2,ExtraTreesMSE_BAG_L1,hour_lag1,0.7300196991633909
2,0,0.2,ExtraTreesMSE_BAG_L1,day_of_week_lag1,0.062064572924834076
2,0,0.2,ExtraTreesMSE_BAG_L1,month_lag1,0.02739838016033169
2,0,0.2,ExtraTreesMSE_BAG_L1,month_sin,0.062243952145026274
2,0,0.2,ExtraTreesMSE_BAG_L1,month_cos,0.025819900476015484
2,0,0.2,ExtraTreesMSE_BAG_L1,year,0.3381402190786142
2,0,0.2,LightGBMLarge_BAG_L1,item_id,0.0
2,0,0.2,LightGBMLarge_BAG_L1,target_lag1,9.45120942926155
2,0,0.2,LightGBMLarge_BAG_L1,target_lag2,1.5952969087276891
2,0,0.2,LightGBMLarge_BAG_L1,target_lag3,0.6467533365913593
2,0,0.2,LightGBMLarge_BAG_L1,target_lag4,0.4750119344718183
2,0,0.2,LightGBMLarge_BAG_L1,target_lag5,0.2097942603795
2,0,0.2,LightGBMLarge_BAG_L1,target_lag6,0.2053496628478133
2,0,0.2,LightGBMLarge_BAG_L1,cov_HULL_lag1,0.16149245660431102
2,0,0.2,LightGBMLarge_BAG_L1,cov_MUFL_lag1,0.7906205278007492
2,0,0.2,LightGBMLarge_BAG_L1,cov_MULL_lag1,0.21233019955035
2,0,0.2,LightGBMLarge_BAG_L1,cov_LUFL_lag1,0.3806289107970317
2,0,0.2,LightGBMLarge_BAG_L1,cov_LULL_lag1,0.2606064232804992
2,0,0.2,LightGBMLarge_BAG_L1,cov_OT_lag1,0.44638376925942624
2,0,0.2,LightGBMLarge_BAG_L1,hour_lag1,1.4065098854266507
2,0,0.2,LightGBMLarge_BAG_L1,day_of_week_lag1,0.0767423004278484
2,0,0.2,LightGBMLarge_BAG_L1,month_lag1,0.09851074590356314
2,0,0.2,LightGBMLarge_BAG_L1,month_sin,0.11051537432716442
2,0,0.2,LightGBMLarge_BAG_L1,month_cos,0.04105524072856647
2,0,0.2,LightGBMLarge_BAG_L1,year,0.12718451795526428
2,0,0.2,RandomForestMSE_BAG_L1,item_id,0.0
2,0,0.2,RandomForestMSE_BAG_L1,target_lag1,10.077889334929619
2,0,0.2,RandomForestMSE_BAG_L1,target_lag2,1.058145120502722
2,0,0.2,RandomForestMSE_BAG_L1,target_lag3,0.5999450487732312
2,0,0.2,RandomForestMSE_BAG_L1,target_lag4,0.3529544339355366
2,0,0.2,RandomForestMSE_BAG_L1,target_lag5,0.2966335623147968
2,0,0.2,RandomForestMSE_BAG_L1,target_lag6,0.2613270000643453
2,0,0.2,RandomForestMSE_BAG_L1,cov_HULL_lag1,0.07648187911327071
2,0,0.2,RandomForestMSE_BAG_L1,cov_MUFL_lag1,0.645770939806906
2,0,0.2,RandomForestMSE_BAG_L1,cov_MULL_lag1,0.08251236244548965
2,0,0.2,RandomForestMSE_BAG_L1,cov_LUFL_lag1,0.2137850040737826
2,0,0.2,RandomForestMSE_BAG_L1,cov_LULL_lag1,0.1859280123488261
2,0,0.2,RandomForestMSE_BAG_L1,cov_OT_lag1,0.2586168852153879
2,0,0.2,RandomForestMSE_BAG_L1,hour_lag1,1.2588514529139951
2,0,0.2,RandomForestMSE_BAG_L1,day_of_week_lag1,0.04953162041782186
2,0,0.2,RandomForestMSE_BAG_L1,month_lag1,0.05333886649820653
2,0,0.2,RandomForestMSE_BAG_L1,month_sin,0.045036628006971675
2,0,0.2,RandomForestMSE_BAG_L1,month_cos,0.018923523901001705
2,0,0.2,RandomForestMSE_BAG_L1,year,0.05261530657943616
2,0,0.3,ExtraTreesMSE_BAG_L1,item_id,0.0
2,0,0.3,ExtraTreesMSE_BAG_L1,target_lag1,6.4693572413660005
2,0,0.3,ExtraTreesMSE_BAG_L1,target_lag2,2.1101505490527694
2,0,0.3,ExtraTreesMSE_BAG_L1,target_lag3,1.1639818684440397
2,0,0.3,ExtraTreesMSE_BAG_L1,target_lag4,0.700641289500319
2,0,0.3,ExtraTreesMSE_BAG_L1,target_lag5,0.3688597900282878
2,0,0.3,ExtraTreesMSE_BAG_L1,target_lag6,0.2475748361147367
2,0,0.3,ExtraTreesMSE_BAG_L1,cov_HULL_lag1,0.3755032105450447
2,0,0.3,ExtraTreesMSE_BAG_L1,cov_MUFL_lag1,0.1182018400508624
2,0,0.3,ExtraTreesMSE_BAG_L1,cov_MULL_lag1,0.10856616760148452
2,0,0.3,ExtraTreesMSE_BAG_L1,cov_LUFL_lag1,0.41021142689035484
2,0,0.3,ExtraTreesMSE_BAG_L1,cov_LULL_lag1,0.04968027074061907
2,0,0.3,ExtraTreesMSE_BAG_L1,cov_OT_lag1,0.19175774082312214
2,0,0.3,ExtraTreesMSE_BAG_L1,hour_lag1,0.7300196991633909
2,0,0.3,ExtraTreesMSE_BAG_L1,day_of_week_lag1,0.062064572924834076
2,0,0.3,ExtraTreesMSE_BAG_L1,month_lag1,0.02739838016033169
2,0,0.3,ExtraTreesMSE_BAG_L1,month_sin,0.062243952145026274
2,0,0.3,ExtraTreesMSE_BAG_L1,month_cos,0.025819900476015484
2,0,0.3,ExtraTreesMSE_BAG_L1,year,0.3381402190786142
2,0,0.3,LightGBMLarge_BAG_L1,item_id,0.0
2,0,0.3,LightGBMLarge_BAG_L1,target_lag1,9.45120942926155
2,0,0.3,LightGBMLarge_BAG_L1,target_lag2,1.5952969087276891
2,0,0.3,LightGBMLarge_BAG_L1,target_lag3,0.6467533365913593
2,0,0.3,LightGBMLarge_BAG_L1,target_lag4,0.4750119344718183
2,0,0.3,LightGBMLarge_BAG_L1,target_lag5,0.2097942603795
2,0,0.3,LightGBMLarge_BAG_L1,target_lag6,0.2053496628478133
2,0,0.3,LightGBMLarge_BAG_L1,cov_HULL_lag1,0.16149245660431102
2,0,0.3,LightGBMLarge_BAG_L1,cov_MUFL_lag1,0.7906205278007492
2,0,0.3,LightGBMLarge_BAG_L1,cov_MULL_lag1,0.21233019955035
2,0,0.3,LightGBMLarge_BAG_L1,cov_LUFL_lag1,0.3806289107970317
2,0,0.3,LightGBMLarge_BAG_L1,cov_LULL_lag1,0.2606064232804992
2,0,0.3,LightGBMLarge_BAG_L1,cov_OT_lag1,0.44638376925942624
2,0,0.3,LightGBMLarge_BAG_L1,hour_lag1,1.4065098854266507
2,0,0.3,LightGBMLarge_BAG_L1,day_of_week_lag1,0.0767423004278484
2,0,0.3,LightGBMLarge_BAG_L1,month_lag1,0.09851074590356314
2,0,0.3,LightGBMLarge_BAG_L1,month_sin,0.11051537432716442
2,0,0.3,LightGBMLarge_BAG_L1,month_cos,0.04105524072856647
2,0,0.3,LightGBMLarge_BAG_L1,year,0.12718451795526428
2,0,0.3,RandomForestMSE_BAG_L1,item_id,0.0
2,0,0.3,RandomForestMSE_BAG_L1,target_lag1,10.077889334929619
2,0,0.3,RandomForestMSE_BAG_L1,target_lag2,1.058145120502722
2,0,0.3,RandomForestMSE_BAG_L1,target_lag3,0.5999450487732312
2,0,0.3,RandomForestMSE_BAG_L1,target_lag4,0.3529544339355366
2,0,0.3,RandomForestMSE_BAG_L1,target_lag5,0.2966335623147968
2,0,0.3,RandomForestMSE_BAG_L1,target_lag6,0.2613270000643453
2,0,0.3,RandomForestMSE_BAG_L1,cov_HULL_lag1,0.07648187911327071
2,0,0.3,RandomForestMSE_BAG_L1,cov_MUFL_lag1,0.645770939806906
2,0,0.3,RandomForestMSE_BAG_L1,cov_MULL_lag1,0.08251236244548965
2,0,0.3,RandomForestMSE_BAG_L1,cov_LUFL_lag1,0.2137850040737826
2,0,0.3,RandomForestMSE_BAG_L1,cov_LULL_lag1,0.1859280123488261
2,0,0.3,RandomForestMSE_BAG_L1,cov_OT_lag1,0.2586168852153879
2,0,0.3,RandomForestMSE_BAG_L1,hour_lag1,1.2588514529139951
2,0,0.3,RandomForestMSE_BAG_L1,day_of_week_lag1,0.04953162041782186
2,0,0.3,RandomForestMSE_BAG_L1,month_lag1,0.05333886649820653
2,0,0.3,RandomForestMSE_BAG_L1,month_sin,0.045036628006971675
2,0,0.3,RandomForestMSE_BAG_L1,month_cos,0.018923523901001705
2,0,0.3,RandomForestMSE_BAG_L1,year,0.05261530657943616
0,1,0.02,LightGBMLarge_BAG_L1,item_id,0.0
0,1,0.02,LightGBMLarge_BAG_L1,target_lag1,6.758486995804223
0,1,0.02,LightGBMLarge_BAG_L1,target_lag2,0.8384395367358084
0,1,0.02,LightGBMLarge_BAG_L1,target_lag3,0.6220114615588398
0,1,0.02,LightGBMLarge_BAG_L1,target_lag4,0.7279153200425289
0,1,0.02,LightGBMLarge_BAG_L1,target_lag5,0.196072572995968
0,1,0.02,LightGBMLarge_BAG_L1,target_lag6,0.1600654018663442
0,1,0.02,LightGBMLarge_BAG_L1,cov_HULL_lag1,0.10916678804543954
0,1,0.02,LightGBMLarge_BAG_L1,cov_MUFL_lag1,0.5276382307502102
0,1,0.02,LightGBMLarge_BAG_L1,cov_MULL_lag1,0.35187382076525103
0,1,0.02,LightGBMLarge_BAG_L1,cov_LUFL_lag1,0.5850732695454465
0,1,0.02,LightGBMLarge_BAG_L1,cov_LULL_lag1,0.2752063078325693
0,1,0.02,LightGBMLarge_BAG_L1,cov_OT_lag1,0.5656741827451919
0,1,0.02,LightGBMLarge_BAG_L1,hour_lag1,0.8780247611200745
0,1,0.02,LightGBMLarge_BAG_L1,day_of_week_lag1,0.06387484234990662
0,1,0.02,LightGBMLarge_BAG_L1,month_lag1,0.04610336524703355
0,1,0.02,LightGBMLarge_BAG_L1,month_sin,0.0637072336991901
0,1,0.02,LightGBMLarge_BAG_L1,month_cos,0.06241145680435421
0,1,0.02,LightGBMLarge_BAG_L1,year,0.0
0,1,0.05,LightGBMLarge_BAG_L1,item_id,0.0
0,1,0.05,LightGBMLarge_BAG_L1,target_lag1,6.758486995804223
0,1,0.05,LightGBMLarge_BAG_L1,target_lag2,0.8384395367358084
0,1,0.05,LightGBMLarge_BAG_L1,target_lag3,0.6220114615588398
0,1,0.05,LightGBMLarge_BAG_L1,target_lag4,0.7279153200425289
0,1,0.05,LightGBMLarge_BAG_L1,target_lag5,0.196072572995968
0,1,0.05,LightGBMLarge_BAG_L1,target_lag6,0.1600654018663442
0,1,0.05,LightGBMLarge_BAG_L1,cov_HULL_lag1,0.10916678804543954
0,1,0.05,LightGBMLarge_BAG_L1,cov_MUFL_lag1,0.5276382307502102
0,1,0.05,LightGBMLarge_BAG_L1,cov_MULL_lag1,0.35187382076525103
0,1,0.05,LightGBMLarge_BAG_L1,cov_LUFL_lag1,0.5850732695454465
0,1,0.05,LightGBMLarge_BAG_L1,cov_LULL_lag1,0.2752063078325693
0,1,0.05,LightGBMLarge_BAG_L1,cov_OT_lag1,0.5656741827451919
0,1,0.05,LightGBMLarge_BAG_L1,hour_lag1,0.8780247611200745
0,1,0.05,LightGBMLarge_BAG_L1,day_of_week_lag1,0.06387484234990662
0,1,0.05,LightGBMLarge_BAG_L1,month_lag1,0.04610336524703355
0,1,0.05,LightGBMLarge_BAG_L1,month_sin,0.0637072336991901
0,1,0.05,LightGBMLarge_BAG_L1,month_cos,0.06241145680435421
0,1,0.05,LightGBMLarge_BAG_L1,year,0.0
0,1,0.1,LightGBMLarge_BAG_L1,item_id,0.0
0,1,0.1,LightGBMLarge_BAG_L1,target_lag1,6.758486995804223
0,1,0.1,LightGBMLarge_BAG_L1,target_lag2,0.8384395367358084
0,1,0.1,LightGBMLarge_BAG_L1,target_lag3,0.6220114615588398
0,1,0.1,LightGBMLarge_BAG_L1,target_lag4,0.7279153200425289
0,1,0.1,LightGBMLarge_BAG_L1,target_lag5,0.196072572995968
0,1,0.1,LightGBMLarge_BAG_L1,target_lag6,0.1600654018663442
0,1,0.1,LightGBMLarge_BAG_L1,cov_HULL_lag1,0.10916678804543954
0,1,0.1,LightGBMLarge_BAG_L1,cov_MUFL_lag1,0.5276382307502102
0,1,0.1,LightGBMLarge_BAG_L1,cov_MULL_lag1,0.35187382076525103
0,1,0.1,LightGBMLarge_BAG_L1,cov_LUFL_lag1,0.5850732695454465
0,1,0.1,LightGBMLarge_BAG_L1,cov_LULL_lag1,0.2752063078325693
0,1,0.1,LightGBMLarge_BAG_L1,cov_OT_lag1,0.5656741827451919
0,1,0.1,LightGBMLarge_BAG_L1,hour_lag1,0.8780247611200745
0,1,0.1,LightGBMLarge_BAG_L1,day_of_week_lag1,0.06387484234990662
0,1,0.1,LightGBMLarge_BAG_L1,month_lag1,0.04610336524703355
0,1,0.1,LightGBMLarge_BAG_L1,month_sin,0.0637072336991901
0,1,0.1,LightGBMLarge_BAG_L1,month_cos,0.06241145680435421
0,1,0.1,LightGBMLarge_BAG_L1,year,0.0
0,1,0.2,LightGBMLarge_BAG_L1,item_id,0.0
0,1,0.2,LightGBMLarge_BAG_L1,target_lag1,6.758486995804223
0,1,0.2,LightGBMLarge_BAG_L1,target_lag2,0.8384395367358084
0,1,0.2,LightGBMLarge_BAG_L1,target_lag3,0.6220114615588398
0,1,0.2,LightGBMLarge_BAG_L1,target_lag4,0.7279153200425289
0,1,0.2,LightGBMLarge_BAG_L1,target_lag5,0.196072572995968
0,1,0.2,LightGBMLarge_BAG_L1,target_lag6,0.1600654018663442
0,1,0.2,LightGBMLarge_BAG_L1,cov_HULL_lag1,0.10916678804543954
0,1,0.2,LightGBMLarge_BAG_L1,cov_MUFL_lag1,0.5276382307502102
0,1,0.2,LightGBMLarge_BAG_L1,cov_MULL_lag1,0.35187382076525103
0,1,0.2,LightGBMLarge_BAG_L1,cov_LUFL_lag1,0.5850732695454465
0,1,0.2,LightGBMLarge_BAG_L1,cov_LULL_lag1,0.2752063078325693
0,1,0.2,LightGBMLarge_BAG_L1,cov_OT_lag1,0.5656741827451919
0,1,0.2,LightGBMLarge_BAG_L1,hour_lag1,0.8780247611200745
0,1,0.2,LightGBMLarge_BAG_L1,day_of_week_lag1,0.06387484234990662
0,1,0.2,LightGBMLarge_BAG_L1,month_lag1,0.04610336524703355
0,1,0.2,LightGBMLarge_BAG_L1,month_sin,0.0637072336991901
0,1,0.2,LightGBMLarge_BAG_L1,month_cos,0.06241145680435421
0,1,0.2,LightGBMLarge_BAG_L1,year,0.0
0,1,0.2,ExtraTreesMSE_BAG_L1,item_id,0.0
0,1,0.2,ExtraTreesMSE_BAG_L1,target_lag1,4.5001399274474965
0,1,0.2,ExtraTreesMSE_BAG_L1,target_lag2,1.3868898722790097
0,1,0.2,ExtraTreesMSE_BAG_L1,target_lag3,0.717738857108944
0,1,0.2,ExtraTreesMSE_BAG_L1,target_lag4,0.4668601721742654
0,1,0.2,ExtraTreesMSE_BAG_L1,target_lag5,0.1967267536828806
0,1,0.2,ExtraTreesMSE_BAG_L1,target_lag6,0.08334705927083784
0,1,0.2,ExtraTreesMSE_BAG_L1,cov_HULL_lag1,0.2542413505302682
0,1,0.2,ExtraTreesMSE_BAG_L1,cov_MUFL_lag1,0.4748427331361142
0,1,0.2,ExtraTreesMSE_BAG_L1,cov_MULL_lag1,0.11130514264028137
0,1,0.2,ExtraTreesMSE_BAG_L1,cov_LUFL_lag1,0.548348896108093
0,1,0.2,ExtraTreesMSE_BAG_L1,cov_LULL_lag1,0.22461261177456002
0,1,0.2,ExtraTreesMSE_BAG_L1,cov_OT_lag1,0.27549257788396136
0,1,0.2,ExtraTreesMSE_BAG_L1,hour_lag1,0.530813711141754
0,1,0.2,ExtraTreesMSE_BAG_L1,day_of_week_lag1,0.06251712936726245
0,1,0.2,ExtraTreesMSE_BAG_L1,month_lag1,0.035542492815950434
0,1,0.2,ExtraTreesMSE_BAG_L1,month_sin,0.0632650172333141
0,1,0.2,ExtraTreesMSE_BAG_L1,month_cos,0.05154391725587321
0,1,0.2,ExtraTreesMSE_BAG_L1,year,0.0
0,1,0.3,LightGBMLarge_BAG_L1,item_id,0.0
0,1,0.3,LightGBMLarge_BAG_L1,target_lag1,6.758486995804223
0,1,0.3,LightGBMLarge_BAG_L1,target_lag2,0.8384395367358084
0,1,0.3,LightGBMLarge_BAG_L1,target_lag3,0.6220114615588398
0,1,0.3,LightGBMLarge_BAG_L1,target_lag4,0.7279153200425289
0,1,0.3,LightGBMLarge_BAG_L1,target_lag5,0.196072572995968
0,1,0.3,LightGBMLarge_BAG_L1,target_lag6,0.1600654018663442
0,1,0.3,LightGBMLarge_BAG_L1,cov_HULL_lag1,0.10916678804543954
0,1,0.3,LightGBMLarge_BAG_L1,cov_MUFL_lag1,0.5276382307502102
0,1,0.3,LightGBMLarge_BAG_L1,cov_MULL_lag1,0.35187382076525103
0,1,0.3,LightGBMLarge_BAG_L1,cov_LUFL_lag1,0.5850732695454465
0,1,0.3,LightGBMLarge_BAG_L1,cov_LULL_lag1,0.2752063078325693
0,1,0.3,LightGBMLarge_BAG_L1,cov_OT_lag1,0.5656741827451919
0,1,0.3,LightGBMLarge_BAG_L1,hour_lag1,0.8780247611200745
0,1,0.3,LightGBMLarge_BAG_L1,day_of_week_lag1,0.06387484234990662
0,1,0.3,LightGBMLarge_BAG_L1,month_lag1,0.04610336524703355
0,1,0.3,LightGBMLarge_BAG_L1,month_sin,0.0637072336991901
0,1,0.3,LightGBMLarge_BAG_L1,month_cos,0.06241145680435421
0,1,0.3,LightGBMLarge_BAG_L1,year,0.0
0,1,0.3,ExtraTreesMSE_BAG_L1,item_id,0.0
0,1,0.3,ExtraTreesMSE_BAG_L1,target_lag1,4.5001399274474965
0,1,0.3,ExtraTreesMSE_BAG_L1,target_lag2,1.3868898722790097
0,1,0.3,ExtraTreesMSE_BAG_L1,target_lag3,0.717738857108944
0,1,0.3,ExtraTreesMSE_BAG_L1,target_lag4,0.4668601721742654
0,1,0.3,ExtraTreesMSE_BAG_L1,target_lag5,0.1967267536828806
0,1,0.3,ExtraTreesMSE_BAG_L1,target_lag6,0.08334705927083784
0,1,0.3,ExtraTreesMSE_BAG_L1,cov_HULL_lag1,0.2542413505302682
0,1,0.3,ExtraTreesMSE_BAG_L1,cov_MUFL_lag1,0.4748427331361142
0,1,0.3,ExtraTreesMSE_BAG_L1,cov_MULL_lag1,0.11130514264028137
0,1,0.3,ExtraTreesMSE_BAG_L1,cov_LUFL_lag1,0.548348896108093
0,1,0.3,ExtraTreesMSE_BAG_L1,cov_LULL_lag1,0.22461261177456002
0,1,0.3,ExtraTreesMSE_BAG_L1,cov_OT_lag1,0.27549257788396136
0,1,0.3,ExtraTreesMSE_BAG_L1,hour_lag1,0.530813711141754
0,1,0.3,ExtraTreesMSE_BAG_L1,day_of_week_lag1,0.06251712936726245
0,1,0.3,ExtraTreesMSE_BAG_L1,month_lag1,0.035542492815950434
0,1,0.3,ExtraTreesMSE_BAG_L1,month_sin,0.0632650172333141
0,1,0.3,ExtraTreesMSE_BAG_L1,month_cos,0.05154391725587321
0,1,0.3,ExtraTreesMSE_BAG_L1,year,0.0
0,1,0.3,RandomForestMSE_BAG_L1,item_id,0.0
0,1,0.3,RandomForestMSE_BAG_L1,target_lag1,6.987836871914027
0,1,0.3,RandomForestMSE_BAG_L1,target_lag2,0.5110058306628531
0,1,0.3,RandomForestMSE_BAG_L1,target_lag3,0.42893798000262345
0,1,0.3,RandomForestMSE_BAG_L1,target_lag4,0.9892920236786644
0,1,0.3,RandomForestMSE_BAG_L1,target_lag5,0.14538860851617963
0,1,0.3,RandomForestMSE_BAG_L1,target_lag6,0.16744306017645108
0,1,0.3,RandomForestMSE_BAG_L1,cov_HULL_lag1,0.10762991539174366
0,1,0.3,RandomForestMSE_BAG_L1,cov_MUFL_lag1,0.5888276855663938
0,1,0.3,RandomForestMSE_BAG_L1,cov_MULL_lag1,0.16571615161162156
0,1,0.3,RandomForestMSE_BAG_L1,cov_LUFL_lag1,0.36614062451530316
0,1,0.3,RandomForestMSE_BAG_L1,cov_LULL_lag1,0.019448141116362436
0,1,0.3,RandomForestMSE_BAG_L1,cov_OT_lag1,0.3898875958257977
0,1,0.3,RandomForestMSE_BAG_L1,hour_lag1,0.7626182853827109
0,1,0.3,RandomForestMSE_BAG_L1,day_of_week_lag1,0.048700963342844676
0,1,0.3,RandomForestMSE_BAG_L1,month_lag1,0.04652440429912829
0,1,0.3,RandomForestMSE_BAG_L1,month_sin,0.059115445169773774
0,1,0.3,RandomForestMSE_BAG_L1,month_cos,0.0437753935648843
0,1,0.3,RandomForestMSE_BAG_L1,year,0.0
1,1,0.02,LightGBMLarge_BAG_L1,item_id,0.0
1,1,0.02,LightGBMLarge_BAG_L1,target_lag1,7.379311677152892
1,1,0.02,LightGBMLarge_BAG_L1,target_lag2,1.3358434728565123
1,1,0.02,LightGBMLarge_BAG_L1,target_lag3,0.45094370271698914
1,1,0.02,LightGBMLarge_BAG_L1,target_lag4,0.5806402738224857
1,1,0.02,LightGBMLarge_BAG_L1,target_lag5,0.23960222912058227
1,1,0.02,LightGBMLarge_BAG_L1,target_lag6,0.1789427576539465
1,1,0.02,LightGBMLarge_BAG_L1,cov_HULL_lag1,0.44008576976975
1,1,0.02,LightGBMLarge_BAG_L1,cov_MUFL_lag1,0.3981941867882242
1,1,0.02,LightGBMLarge_BAG_L1,cov_MULL_lag1,0.3392707242140976
1,1,0.02,LightGBMLarge_BAG_L1,cov_LUFL_lag1,0.45095235169644526
1,1,0.02,LightGBMLarge_BAG_L1,cov_LULL_lag1,0.526700809373556
1,1,0.02,LightGBMLarge_BAG_L1,cov_OT_lag1,0.31398746347133644
1,1,0.02,LightGBMLarge_BAG_L1,hour_lag1,1.2521057254322734
1,1,0.02,LightGBMLarge_BAG_L1,day_of_week_lag1,0.08563575442868915
1,1,0.02,LightGBMLarge_BAG_L1,month_lag1,0.09658545634869768
1,1,0.02,LightGBMLarge_BAG_L1,month_sin,0.054571993544740696
1,1,0.02,LightGBMLarge_BAG_L1,month_cos,0.037308546193460045
1,1,0.02,LightGBMLarge_BAG_L1,year,0.28634904314611953
1,1,0.05,LightGBMLarge_BAG_L1,item_id,0.0
1,1,0.05,LightGBMLarge_BAG_L1,target_lag1,7.379311677152892
1,1,0.05,LightGBMLarge_BAG_L1,target_lag2,1.3358434728565123
1,1,0.05,LightGBMLarge_BAG_L1,target_lag3,0.45094370271698914
1,1,0.05,LightGBMLarge_BAG_L1,target_lag4,0.5806402738224857
1,1,0.05,LightGBMLarge_BAG_L1,target_lag5,0.23960222912058227
1,1,0.05,LightGBMLarge_BAG_L1,target_lag6,0.1789427576539465
1,1,0.05,LightGBMLarge_BAG_L1,cov_HULL_lag1,0.44008576976975
1,1,0.05,LightGBMLarge_BAG_L1,cov_MUFL_lag1,0.3981941867882242
1,1,0.05,LightGBMLarge_BAG_L1,cov_MULL_lag1,0.3392707242140976
1,1,0.05,LightGBMLarge_BAG_L1,cov_LUFL_lag1,0.45095235169644526
1,1,0.05,LightGBMLarge_BAG_L1,cov_LULL_lag1,0.526700809373556
1,1,0.05,LightGBMLarge_BAG_L1,cov_OT_lag1,0.31398746347133644
1,1,0.05,LightGBMLarge_BAG_L1,hour_lag1,1.2521057254322734
1,1,0.05,LightGBMLarge_BAG_L1,day_of_week_lag1,0.08563575442868915
1,1,0.05,LightGBMLarge_BAG_L1,month_lag1,0.09658545634869768
1,1,0.05,LightGBMLarge_BAG_L1,month_sin,0.054571993544740696
1,1,0.05,LightGBMLarge_BAG_L1,month_cos,0.037308546193460045
1,1,0.05,LightGBMLarge_BAG_L1,year,0.28634904314611953
1,1,0.05,RandomForestMSE_BAG_L1,item_id,0.0
1,1,0.05,RandomForestMSE_BAG_L1,target_lag1,8.137988230790457
1,1,0.05,RandomForestMSE_BAG_L1,target_lag2,1.054627377703184
1,1,0.05,RandomForestMSE_BAG_L1,target_lag3,0.5771790779582584
1,1,0.05,RandomForestMSE_BAG_L1,target_lag4,0.5098436315956025
1,1,0.05,RandomForestMSE_BAG_L1,target_lag5,0.38846565497425883
1,1,0.05,RandomForestMSE_BAG_L1,target_lag6,0.24851835350325494
1,1,0.05,RandomForestMSE_BAG_L1,cov_HULL_lag1,0.3607397814468124
1,1,0.05,RandomForestMSE_BAG_L1,cov_MUFL_lag1,0.4586844143427337
1,1,0.05,RandomForestMSE_BAG_L1,cov_MULL_lag1,0.5585970116376305
1,1,0.05,RandomForestMSE_BAG_L1,cov_LUFL_lag1,0.2785113339768583
1,1,0.05,RandomForestMSE_BAG_L1,cov_LULL_lag1,0.4332753056605849
1,1,0.05,RandomForestMSE_BAG_L1,cov_OT_lag1,0.1416382971251241
1,1,0.05,RandomForestMSE_BAG_L1,hour_lag1,1.1507930086564562
1,1,0.05,RandomForestMSE_BAG_L1,day_of_week_lag1,0.03926478259895856
1,1,0.05,RandomForestMSE_BAG_L1,month_lag1,0.05383960055433769
1,1,0.05,RandomForestMSE_BAG_L1,month_sin,0.02744882129614176
1,1,0.05,RandomForestMSE_BAG_L1,month_cos,0.03397700003064595
1,1,0.05,RandomForestMSE_BAG_L1,year,0.04983243436079765
1,1,0.05,ExtraTreesMSE_BAG_L1,item_id,0.0
1,1,0.05,ExtraTreesMSE_BAG_L1,target_lag1,5.017997432599619
1,1,0.05,ExtraTreesMSE_BAG_L1,target_lag2,1.8350384327457498
1,1,0.05,ExtraTreesMSE_BAG_L1,target_lag3,0.949015613433031
1,1,0.05,ExtraTreesMSE_BAG_L1,target_lag4,0.6017130914568902
1,1,0.05,ExtraTreesMSE_BAG_L1,target_lag5,0.3614003929055655
1,1,0.05,ExtraTreesMSE_BAG_L1,target_lag6,0.20671860484068222
1,1,0.05,ExtraTreesMSE_BAG_L1,cov_HULL_lag1,0.9022861020711752
1,1,0.05,ExtraTreesMSE_BAG_L1,cov_MUFL_lag1,0.06949879942949011
1,1,0.05,ExtraTreesMSE_BAG_L1,cov_MULL_lag1,0.3273637325406076
1,1,0.05,ExtraTreesMSE_BAG_L1,cov_LUFL_lag1,0.7322283733092823
1,1,0.05,ExtraTreesMSE_BAG_L1,cov_LULL_lag1,0.06647869674609268
1,1,0.05,ExtraTreesMSE_BAG_L1,cov_OT_lag1,0.10505617817181812
1,1,0.05,ExtraTreesMSE_BAG_L1,hour_lag1,0.6800027642946975
1,1,0.05,ExtraTreesMSE_BAG_L1,day_of_week_lag1,0.042849679439801426
1,1,0.05,ExtraTreesMSE_BAG_L1,month_lag1,0.06228680803408993
1,1,0.05,ExtraTreesMSE_BAG_L1,month_sin,0.0414830158068584
1,1,0.05,ExtraTreesMSE_BAG_L1,month_cos,0.07791290090725965
1,1,0.05,ExtraTreesMSE_BAG_L1,year,0.4461234311534808
1,1,0.1,LightGBMLarge_BAG_L1,item_id,0.0
1,1,0.1,LightGBMLarge_BAG_L1,target_lag1,7.379311677152892
1,1,0.1,LightGBMLarge_BAG_L1,target_lag2,1.3358434728565123
1,1,0.1,LightGBMLarge_BAG_L1,target_lag3,0.45094370271698914
1,1,0.1,LightGBMLarge_BAG_L1,target_lag4,0.5806402738224857
1,1,0.1,LightGBMLarge_BAG_L1,target_lag5,0.23960222912058227
1,1,0.1,LightGBMLarge_BAG_L1,target_lag6,0.1789427576539465
1,1,0.1,LightGBMLarge_BAG_L1,cov_HULL_lag1,0.44008576976975
1,1,0.1,LightGBMLarge_BAG_L1,cov_MUFL_lag1,0.3981941867882242
1,1,0.1,LightGBMLarge_BAG_L1,cov_MULL_lag1,0.3392707242140976
1,1,0.1,LightGBMLarge_BAG_L1,cov_LUFL_lag1,0.45095235169644526
1,1,0.1,LightGBMLarge_BAG_L1,cov_LULL_lag1,0.526700809373556
1,1,0.1,LightGBMLarge_BAG_L1,cov_OT_lag1,0.31398746347133644
1,1,0.1,LightGBMLarge_BAG_L1,hour_lag1,1.2521057254322734
1,1,0.1,LightGBMLarge_BAG_L1,day_of_week_lag1,0.08563575442868915
1,1,0.1,LightGBMLarge_BAG_L1,month_lag1,0.09658545634869768
1,1,0.1,LightGBMLarge_BAG_L1,month_sin,0.054571993544740696
1,1,0.1,LightGBMLarge_BAG_L1,month_cos,0.037308546193460045
1,1,0.1,LightGBMLarge_BAG_L1,year,0.28634904314611953
1,1,0.1,RandomForestMSE_BAG_L1,item_id,0.0
1,1,0.1,RandomForestMSE_BAG_L1,target_lag1,8.137988230790457
1,1,0.1,RandomForestMSE_BAG_L1,target_lag2,1.054627377703184
1,1,0.1,RandomForestMSE_BAG_L1,target_lag3,0.5771790779582584
1,1,0.1,RandomForestMSE_BAG_L1,target_lag4,0.5098436315956025
1,1,0.1,RandomForestMSE_BAG_L1,target_lag5,0.38846565497425883
1,1,0.1,RandomForestMSE_BAG_L1,target_lag6,0.24851835350325494
1,1,0.1,RandomForestMSE_BAG_L1,cov_HULL_lag1,0.3607397814468124
1,1,0.1,RandomForestMSE_BAG_L1,cov_MUFL_lag1,0.4586844143427337
1,1,0.1,RandomForestMSE_BAG_L1,cov_MULL_lag1,0.5585970116376305
1,1,0.1,RandomForestMSE_BAG_L1,cov_LUFL_lag1,0.2785113339768583
1,1,0.1,RandomForestMSE_BAG_L1,cov_LULL_lag1,0.4332753056605849
1,1,0.1,RandomForestMSE_BAG_L1,cov_OT_lag1,0.1416382971251241
1,1,0.1,RandomForestMSE_BAG_L1,hour_lag1,1.1507930086564562
1,1,0.1,RandomForestMSE_BAG_L1,day_of_week_lag1,0.03926478259895856
1,1,0.1,RandomForestMSE_BAG_L1,month_lag1,0.05383960055433769
1,1,0.1,RandomForestMSE_BAG_L1,month_sin,0.02744882129614176
1,1,0.1,RandomForestMSE_BAG_L1,month_cos,0.03397700003064595
1,1,0.1,RandomForestMSE_BAG_L1,year,0.04983243436079765
1,1,0.1,ExtraTreesMSE_BAG_L1,item_id,0.0
1,1,0.1,ExtraTreesMSE_BAG_L1,target_lag1,5.017997432599619
1,1,0.1,ExtraTreesMSE_BAG_L1,target_lag2,1.8350384327457498
1,1,0.1,ExtraTreesMSE_BAG_L1,target_lag3,0.949015613433031
1,1,0.1,ExtraTreesMSE_BAG_L1,target_lag4,0.6017130914568902
1,1,0.1,ExtraTreesMSE_BAG_L1,target_lag5,0.3614003929055655
1,1,0.1,ExtraTreesMSE_BAG_L1,target_lag6,0.20671860484068222
1,1,0.1,ExtraTreesMSE_BAG_L1,cov_HULL_lag1,0.9022861020711752
1,1,0.1,ExtraTreesMSE_BAG_L1,cov_MUFL_lag1,0.06949879942949011
1,1,0.1,ExtraTreesMSE_BAG_L1,cov_MULL_lag1,0.3273637325406076
1,1,0.1,ExtraTreesMSE_BAG_L1,cov_LUFL_lag1,0.7322283733092823
1,1,0.1,ExtraTreesMSE_BAG_L1,cov_LULL_lag1,0.06647869674609268
1,1,0.1,ExtraTreesMSE_BAG_L1,cov_OT_lag1,0.10505617817181812
1,1,0.1,ExtraTreesMSE_BAG_L1,hour_lag1,0.6800027642946975
1,1,0.1,ExtraTreesMSE_BAG_L1,day_of_week_lag1,0.042849679439801426
1,1,0.1,ExtraTreesMSE_BAG_L1,month_lag1,0.06228680803408993
1,1,0.1,ExtraTreesMSE_BAG_L1,month_sin,0.0414830158068584
1,1,0.1,ExtraTreesMSE_BAG_L1,month_cos,0.07791290090725965
1,1,0.1,ExtraTreesMSE_BAG_L1,year,0.4461234311534808
1,1,0.2,LightGBMLarge_BAG_L1,item_id,0.0
1,1,0.2,LightGBMLarge_BAG_L1,target_lag1,7.379311677152892
1,1,0.2,LightGBMLarge_BAG_L1,target_lag2,1.3358434728565123
1,1,0.2,LightGBMLarge_BAG_L1,target_lag3,0.45094370271698914
1,1,0.2,LightGBMLarge_BAG_L1,target_lag4,0.5806402738224857
1,1,0.2,LightGBMLarge_BAG_L1,target_lag5,0.23960222912058227
1,1,0.2,LightGBMLarge_BAG_L1,target_lag6,0.1789427576539465
1,1,0.2,LightGBMLarge_BAG_L1,cov_HULL_lag1,0.44008576976975
1,1,0.2,LightGBMLarge_BAG_L1,cov_MUFL_lag1,0.3981941867882242
1,1,0.2,LightGBMLarge_BAG_L1,cov_MULL_lag1,0.3392707242140976
1,1,0.2,LightGBMLarge_BAG_L1,cov_LUFL_lag1,0.45095235169644526
1,1,0.2,LightGBMLarge_BAG_L1,cov_LULL_lag1,0.526700809373556
1,1,0.2,LightGBMLarge_BAG_L1,cov_OT_lag1,0.31398746347133644
1,1,0.2,LightGBMLarge_BAG_L1,hour_lag1,1.2521057254322734
1,1,0.2,LightGBMLarge_BAG_L1,day_of_week_lag1,0.08563575442868915
1,1,0.2,LightGBMLarge_BAG_L1,month_lag1,0.09658545634869768
1,1,0.2,LightGBMLarge_BAG_L1,month_sin,0.054571993544740696
1,1,0.2,LightGBMLarge_BAG_L1,month_cos,0.037308546193460045
1,1,0.2,LightGBMLarge_BAG_L1,year,0.28634904314611953
1,1,0.2,RandomForestMSE_BAG_L1,item_id,0.0
1,1,0.2,RandomForestMSE_BAG_L1,target_lag1,8.137988230790457
1,1,0.2,RandomForestMSE_BAG_L1,target_lag2,1.054627377703184
1,1,0.2,RandomForestMSE_BAG_L1,target_lag3,0.5771790779582584
1,1,0.2,RandomForestMSE_BAG_L1,target_lag4,0.5098436315956025
1,1,0.2,RandomForestMSE_BAG_L1,target_lag5,0.38846565497425883
1,1,0.2,RandomForestMSE_BAG_L1,target_lag6,0.24851835350325494
1,1,0.2,RandomForestMSE_BAG_L1,cov_HULL_lag1,0.3607397814468124
1,1,0.2,RandomForestMSE_BAG_L1,cov_MUFL_lag1,0.4586844143427337
1,1,0.2,RandomForestMSE_BAG_L1,cov_MULL_lag1,0.5585970116376305
1,1,0.2,RandomForestMSE_BAG_L1,cov_LUFL_lag1,0.2785113339768583
1,1,0.2,RandomForestMSE_BAG_L1,cov_LULL_lag1,0.4332753056605849
1,1,0.2,RandomForestMSE_BAG_L1,cov_OT_lag1,0.1416382971251241
1,1,0.2,RandomForestMSE_BAG_L1,hour_lag1,1.1507930086564562
1,1,0.2,RandomForestMSE_BAG_L1,day_of_week_lag1,0.03926478259895856
1,1,0.2,RandomForestMSE_BAG_L1,month_lag1,0.05383960055433769
1,1,0.2,RandomForestMSE_BAG_L1,month_sin,0.02744882129614176
1,1,0.2,RandomForestMSE_BAG_L1,month_cos,0.03397700003064595
1,1,0.2,RandomForestMSE_BAG_L1,year,0.04983243436079765
1,1,0.2,ExtraTreesMSE_BAG_L1,item_id,0.0
1,1,0.2,ExtraTreesMSE_BAG_L1,target_lag1,5.017997432599619
1,1,0.2,ExtraTreesMSE_BAG_L1,target_lag2,1.8350384327457498
1,1,0.2,ExtraTreesMSE_BAG_L1,target_lag3,0.949015613433031
1,1,0.2,ExtraTreesMSE_BAG_L1,target_lag4,0.6017130914568902
1,1,0.2,ExtraTreesMSE_BAG_L1,target_lag5,0.3614003929055655
1,1,0.2,ExtraTreesMSE_BAG_L1,target_lag6,0.20671860484068222
1,1,0.2,ExtraTreesMSE_BAG_L1,cov_HULL_lag1,0.9022861020711752
1,1,0.2,ExtraTreesMSE_BAG_L1,cov_MUFL_lag1,0.06949879942949011
1,1,0.2,ExtraTreesMSE_BAG_L1,cov_MULL_lag1,0.3273637325406076
1,1,0.2,ExtraTreesMSE_BAG_L1,cov_LUFL_lag1,0.7322283733092823
1,1,0.2,ExtraTreesMSE_BAG_L1,cov_LULL_lag1,0.06647869674609268
1,1,0.2,ExtraTreesMSE_BAG_L1,cov_OT_lag1,0.10505617817181812
1,1,0.2,ExtraTreesMSE_BAG_L1,hour_lag1,0.6800027642946975
1,1,0.2,ExtraTreesMSE_BAG_L1,day_of_week_lag1,0.042849679439801426
1,1,0.2,ExtraTreesMSE_BAG_L1,month_lag1,0.06228680803408993
1,1,0.2,ExtraTreesMSE_BAG_L1,month_sin,0.0414830158068584
1,1,0.2,ExtraTreesMSE_BAG_L1,month_cos,0.07791290090725965
1,1,0.2,ExtraTreesMSE_BAG_L1,year,0.4461234311534808
1,1,0.3,LightGBMLarge_BAG_L1,item_id,0.0
1,1,0.3,LightGBMLarge_BAG_L1,target_lag1,7.379311677152892
1,1,0.3,LightGBMLarge_BAG_L1,target_lag2,1.3358434728565123
1,1,0.3,LightGBMLarge_BAG_L1,target_lag3,0.45094370271698914
1,1,0.3,LightGBMLarge_BAG_L1,target_lag4,0.5806402738224857
1,1,0.3,LightGBMLarge_BAG_L1,target_lag5,0.23960222912058227
1,1,0.3,LightGBMLarge_BAG_L1,target_lag6,0.1789427576539465
1,1,0.3,LightGBMLarge_BAG_L1,cov_HULL_lag1,0.44008576976975
1,1,0.3,LightGBMLarge_BAG_L1,cov_MUFL_lag1,0.3981941867882242
1,1,0.3,LightGBMLarge_BAG_L1,cov_MULL_lag1,0.3392707242140976
1,1,0.3,LightGBMLarge_BAG_L1,cov_LUFL_lag1,0.45095235169644526
1,1,0.3,LightGBMLarge_BAG_L1,cov_LULL_lag1,0.526700809373556
1,1,0.3,LightGBMLarge_BAG_L1,cov_OT_lag1,0.31398746347133644
1,1,0.3,LightGBMLarge_BAG_L1,hour_lag1,1.2521057254322734
1,1,0.3,LightGBMLarge_BAG_L1,day_of_week_lag1,0.08563575442868915
1,1,0.3,LightGBMLarge_BAG_L1,month_lag1,0.09658545634869768
1,1,0.3,LightGBMLarge_BAG_L1,month_sin,0.054571993544740696
1,1,0.3,LightGBMLarge_BAG_L1,month_cos,0.037308546193460045
1,1,0.3,LightGBMLarge_BAG_L1,year,0.28634904314611953
1,1,0.3,RandomForestMSE_BAG_L1,item_id,0.0
1,1,0.3,RandomForestMSE_BAG_L1,target_lag1,8.137988230790457
1,1,0.3,RandomForestMSE_BAG_L1,target_lag2,1.054627377703184
1,1,0.3,RandomForestMSE_BAG_L1,target_lag3,0.5771790779582584
1,1,0.3,RandomForestMSE_BAG_L1,target_lag4,0.5098436315956025
1,1,0.3,RandomForestMSE_BAG_L1,target_lag5,0.38846565497425883
1,1,0.3,RandomForestMSE_BAG_L1,target_lag6,0.24851835350325494
1,1,0.3,RandomForestMSE_BAG_L1,cov_HULL_lag1,0.3607397814468124
1,1,0.3,RandomForestMSE_BAG_L1,cov_MUFL_lag1,0.4586844143427337
1,1,0.3,RandomForestMSE_BAG_L1,cov_MULL_lag1,0.5585970116376305
1,1,0.3,RandomForestMSE_BAG_L1,cov_LUFL_lag1,0.2785113339768583
1,1,0.3,RandomForestMSE_BAG_L1,cov_LULL_lag1,0.4332753056605849
1,1,0.3,RandomForestMSE_BAG_L1,cov_OT_lag1,0.1416382971251241
1,1,0.3,RandomForestMSE_BAG_L1,hour_lag1,1.1507930086564562
1,1,0.3,RandomForestMSE_BAG_L1,day_of_week_lag1,0.03926478259895856
1,1,0.3,RandomForestMSE_BAG_L1,month_lag1,0.05383960055433769
1,1,0.3,RandomForestMSE_BAG_L1,month_sin,0.02744882129614176
1,1,0.3,RandomForestMSE_BAG_L1,month_cos,0.03397700003064595
1,1,0.3,RandomForestMSE_BAG_L1,year,0.04983243436079765
1,1,0.3,ExtraTreesMSE_BAG_L1,item_id,0.0
1,1,0.3,ExtraTreesMSE_BAG_L1,target_lag1,5.017997432599619
1,1,0.3,ExtraTreesMSE_BAG_L1,target_lag2,1.8350384327457498
1,1,0.3,ExtraTreesMSE_BAG_L1,target_lag3,0.949015613433031
1,1,0.3,ExtraTreesMSE_BAG_L1,target_lag4,0.6017130914568902
1,1,0.3,ExtraTreesMSE_BAG_L1,target_lag5,0.3614003929055655
1,1,0.3,ExtraTreesMSE_BAG_L1,target_lag6,0.20671860484068222
1,1,0.3,ExtraTreesMSE_BAG_L1,cov_HULL_lag1,0.9022861020711752
1,1,0.3,ExtraTreesMSE_BAG_L1,cov_MUFL_lag1,0.06949879942949011
1,1,0.3,ExtraTreesMSE_BAG_L1,cov_MULL_lag1,0.3273637325406076
1,1,0.3,ExtraTreesMSE_BAG_L1,cov_LUFL_lag1,0.7322283733092823
1,1,0.3,ExtraTreesMSE_BAG_L1,cov_LULL_lag1,0.06647869674609268
1,1,0.3,ExtraTreesMSE_BAG_L1,cov_OT_lag1,0.10505617817181812
1,1,0.3,ExtraTreesMSE_BAG_L1,hour_lag1,0.6800027642946975
1,1,0.3,ExtraTreesMSE_BAG_L1,day_of_week_lag1,0.042849679439801426
1,1,0.3,ExtraTreesMSE_BAG_L1,month_lag1,0.06228680803408993
1,1,0.3,ExtraTreesMSE_BAG_L1,month_sin,0.0414830158068584
1,1,0.3,ExtraTreesMSE_BAG_L1,month_cos,0.07791290090725965
1,1,0.3,ExtraTreesMSE_BAG_L1,year,0.4461234311534808
2,1,0.02,ExtraTreesMSE_BAG_L1,item_id,0.0
2,1,0.02,ExtraTreesMSE_BAG_L1,target_lag1,6.473782134699823
2,1,0.02,ExtraTreesMSE_BAG_L1,target_lag2,2.121586660797321
2,1,0.02,ExtraTreesMSE_BAG_L1,target_lag3,1.1752311344447046
2,1,0.02,ExtraTreesMSE_BAG_L1,target_lag4,0.6736922160599096
2,1,0.02,ExtraTreesMSE_BAG_L1,target_lag5,0.3520787564573951
2,1,0.02,ExtraTreesMSE_BAG_L1,target_lag6,0.24844168361425395
2,1,0.02,ExtraTreesMSE_BAG_L1,cov_HULL_lag1,0.3858776926932426
2,1,0.02,ExtraTreesMSE_BAG_L1,cov_MUFL_lag1,0.11936536702112507
2,1,0.02,ExtraTreesMSE_BAG_L1,cov_MULL_lag1,0.10847718832578805
2,1,0.02,ExtraTreesMSE_BAG_L1,cov_LUFL_lag1,0.416654896851457
2,1,0.02,ExtraTreesMSE_BAG_L1,cov_LULL_lag1,0.04859967103577571
2,1,0.02,ExtraTreesMSE_BAG_L1,cov_OT_lag1,0.19333986474642387
2,1,0.02,ExtraTreesMSE_BAG_L1,hour_lag1,0.7211986046323411
2,1,0.02,ExtraTreesMSE_BAG_L1,day_of_week_lag1,0.06303310070330129
2,1,0.02,ExtraTreesMSE_BAG_L1,month_lag1,0.028546449684638275
2,1,0.02,ExtraTreesMSE_BAG_L1,month_sin,0.05968629581400979
2,1,0.02,ExtraTreesMSE_BAG_L1,month_cos,0.026218373340826818
2,1,0.02,ExtraTreesMSE_BAG_L1,year,0.32806631233961525
2,1,0.02,LightGBMLarge_BAG_L1,item_id,0.0
2,1,0.02,LightGBMLarge_BAG_L1,target_lag1,9.453190274648254
2,1,0.02,LightGBMLarge_BAG_L1,target_lag2,1.6250603253143914
2,1,0.02,LightGBMLarge_BAG_L1,target_lag3,0.6449433850389977
2,1,0.02,LightGBMLarge_BAG_L1,target_lag4,0.47596232846215925
2,1,0.02,LightGBMLarge_BAG_L1,target_lag5,0.21277501781428082
2,1,0.02,LightGBMLarge_BAG_L1,target_lag6,0.2134117833142097
2,1,0.02,LightGBMLarge_BAG_L1,cov_HULL_lag1,0.1634566643501705
2,1,0.02,LightGBMLarge_BAG_L1,cov_MUFL_lag1,0.7940765461813944
2,1,0.02,LightGBMLarge_BAG_L1,cov_MULL_lag1,0.21197309896074099
2,1,0.02,LightGBMLarge_BAG_L1,cov_LUFL_lag1,0.3788706412096149
2,1,0.02,LightGBMLarge_BAG_L1,cov_LULL_lag1,0.2503152544733138
2,1,0.02,LightGBMLarge_BAG_L1,cov_OT_lag1,0.44596618485860523
2,1,0.02,LightGBMLarge_BAG_L1,hour_lag1,1.3961836874559737
2,1,0.02,LightGBMLarge_BAG_L1,day_of_week_lag1,0.08208665592521415
2,1,0.02,LightGBMLarge_BAG_L1,month_lag1,0.09749264402042795
2,1,0.02,LightGBMLarge_BAG_L1,month_sin,0.10821266491352942
2,1,0.02,LightGBMLarge_BAG_L1,month_cos,0.04185345516866782
2,1,0.02,LightGBMLarge_BAG_L1,year,0.1298152297017093
2,1,0.02,RandomForestMSE_BAG_L1,item_id,0.0
2,1,0.02,RandomForestMSE_BAG_L1,target_lag1,10.095310145752359
2,1,0.02,RandomForestMSE_BAG_L1,target_lag2,1.0523977851812083
2,1,0.02,RandomForestMSE_BAG_L1,target_lag3,0.5976735543146159
2,1,0.02,RandomForestMSE_BAG_L1,target_lag4,0.3569500819945564
2,1,0.02,RandomForestMSE_BAG_L1,target_lag5,0.3005343376494945
2,1,0.02,RandomForestMSE_BAG_L1,target_lag6,0.2704087992927203
2,1,0.02,RandomForestMSE_BAG_L1,cov_HULL_lag1,0.07233649562872359
2,1,0.02,RandomForestMSE_BAG_L1,cov_MUFL_lag1,0.642063450392966
2,1,0.02,RandomForestMSE_BAG_L1,cov_MULL_lag1,0.08622495431212282
2,1,0.02,RandomForestMSE_BAG_L1,cov_LUFL_lag1,0.22428795861424158
2,1,0.02,RandomForestMSE_BAG_L1,cov_LULL_lag1,0.18282094118193928
2,1,0.02,RandomForestMSE_BAG_L1,cov_OT_lag1,0.2633926077195658
2,1,0.02,RandomForestMSE_BAG_L1,hour_lag1,1.2636687834253681
2,1,0.02,RandomForestMSE_BAG_L1,day_of_week_lag1,0.04867820167524313
2,1,0.02,RandomForestMSE_BAG_L1,month_lag1,0.05177468782032904
2,1,0.02,RandomForestMSE_BAG_L1,month_sin,0.04242587574078493
2,1,0.02,RandomForestMSE_BAG_L1,month_cos,0.019147761340783154
2,1,0.02,RandomForestMSE_BAG_L1,year,0.051910279798278454
2,1,0.05,ExtraTreesMSE_BAG_L1,item_id,0.0
2,1,0.05,ExtraTreesMSE_BAG_L1,target_lag1,6.473782134699823
2,1,0.05,ExtraTreesMSE_BAG_L1,target_lag2,2.121586660797321
2,1,0.05,ExtraTreesMSE_BAG_L1,target_lag3,1.1752311344447046
2,1,0.05,ExtraTreesMSE_BAG_L1,target_lag4,0.6736922160599096
2,1,0.05,ExtraTreesMSE_BAG_L1,target_lag5,0.3520787564573951
2,1,0.05,ExtraTreesMSE_BAG_L1,target_lag6,0.24844168361425395
2,1,0.05,ExtraTreesMSE_BAG_L1,cov_HULL_lag1,0.3858776926932426
2,1,0.05,ExtraTreesMSE_BAG_L1,cov_MUFL_lag1,0.11936536702112507
2,1,0.05,ExtraTreesMSE_BAG_L1,cov_MULL_lag1,0.10847718832578805
2,1,0.05,ExtraTreesMSE_BAG_L1,cov_LUFL_lag1,0.416654896851457
2,1,0.05,ExtraTreesMSE_BAG_L1,cov_LULL_lag1,0.04859967103577571
2,1,0.05,ExtraTreesMSE_BAG_L1,cov_OT_lag1,0.19333986474642387
2,1,0.05,ExtraTreesMSE_BAG_L1,hour_lag1,0.7211986046323411
2,1,0.05,ExtraTreesMSE_BAG_L1,day_of_week_lag1,0.06303310070330129
2,1,0.05,ExtraTreesMSE_BAG_L1,month_lag1,0.028546449684638275
2,1,0.05,ExtraTreesMSE_BAG_L1,month_sin,0.05968629581400979
2,1,0.05,ExtraTreesMSE_BAG_L1,month_cos,0.026218373340826818
2,1,0.05,ExtraTreesMSE_BAG_L1,year,0.32806631233961525
2,1,0.05,LightGBMLarge_BAG_L1,item_id,0.0
2,1,0.05,LightGBMLarge_BAG_L1,target_lag1,9.453190274648254
2,1,0.05,LightGBMLarge_BAG_L1,target_lag2,1.6250603253143914
2,1,0.05,LightGBMLarge_BAG_L1,target_lag3,0.6449433850389977
2,1,0.05,LightGBMLarge_BAG_L1,target_lag4,0.47596232846215925
2,1,0.05,LightGBMLarge_BAG_L1,target_lag5,0.21277501781428082
2,1,0.05,LightGBMLarge_BAG_L1,target_lag6,0.2134117833142097
2,1,0.05,LightGBMLarge_BAG_L1,cov_HULL_lag1,0.1634566643501705
2,1,0.05,LightGBMLarge_BAG_L1,cov_MUFL_lag1,0.7940765461813944
2,1,0.05,LightGBMLarge_BAG_L1,cov_MULL_lag1,0.21197309896074099
2,1,0.05,LightGBMLarge_BAG_L1,cov_LUFL_lag1,0.3788706412096149
2,1,0.05,LightGBMLarge_BAG_L1,cov_LULL_lag1,0.2503152544733138
2,1,0.05,LightGBMLarge_BAG_L1,cov_OT_lag1,0.44596618485860523
2,1,0.05,LightGBMLarge_BAG_L1,hour_lag1,1.3961836874559737
2,1,0.05,LightGBMLarge_BAG_L1,day_of_week_lag1,0.08208665592521415
2,1,0.05,LightGBMLarge_BAG_L1,month_lag1,0.09749264402042795
2,1,0.05,LightGBMLarge_BAG_L1,month_sin,0.10821266491352942
2,1,0.05,LightGBMLarge_BAG_L1,month_cos,0.04185345516866782
2,1,0.05,LightGBMLarge_BAG_L1,year,0.1298152297017093
2,1,0.05,RandomForestMSE_BAG_L1,item_id,0.0
2,1,0.05,RandomForestMSE_BAG_L1,target_lag1,10.095310145752359
2,1,0.05,RandomForestMSE_BAG_L1,target_lag2,1.0523977851812083
2,1,0.05,RandomForestMSE_BAG_L1,target_lag3,0.5976735543146159
2,1,0.05,RandomForestMSE_BAG_L1,target_lag4,0.3569500819945564
2,1,0.05,RandomForestMSE_BAG_L1,target_lag5,0.3005343376494945
2,1,0.05,RandomForestMSE_BAG_L1,target_lag6,0.2704087992927203
2,1,0.05,RandomForestMSE_BAG_L1,cov_HULL_lag1,0.07233649562872359
2,1,0.05,RandomForestMSE_BAG_L1,cov_MUFL_lag1,0.642063450392966
2,1,0.05,RandomForestMSE_BAG_L1,cov_MULL_lag1,0.08622495431212282
2,1,0.05,RandomForestMSE_BAG_L1,cov_LUFL_lag1,0.22428795861424158
2,1,0.05,RandomForestMSE_BAG_L1,cov_LULL_lag1,0.18282094118193928
2,1,0.05,RandomForestMSE_BAG_L1,cov_OT_lag1,0.2633926077195658
2,1,0.05,RandomForestMSE_BAG_L1,hour_lag1,1.2636687834253681
2,1,0.05,RandomForestMSE_BAG_L1,day_of_week_lag1,0.04867820167524313
2,1,0.05,RandomForestMSE_BAG_L1,month_lag1,0.05177468782032904
2,1,0.05,RandomForestMSE_BAG_L1,month_sin,0.04242587574078493
2,1,0.05,RandomForestMSE_BAG_L1,month_cos,0.019147761340783154
2,1,0.05,RandomForestMSE_BAG_L1,year,0.051910279798278454
2,1,0.1,ExtraTreesMSE_BAG_L1,item_id,0.0
2,1,0.1,ExtraTreesMSE_BAG_L1,target_lag1,6.473782134699823
2,1,0.1,ExtraTreesMSE_BAG_L1,target_lag2,2.121586660797321
2,1,0.1,ExtraTreesMSE_BAG_L1,target_lag3,1.1752311344447046
2,1,0.1,ExtraTreesMSE_BAG_L1,target_lag4,0.6736922160599096
2,1,0.1,ExtraTreesMSE_BAG_L1,target_lag5,0.3520787564573951
2,1,0.1,ExtraTreesMSE_BAG_L1,target_lag6,0.24844168361425395
2,1,0.1,ExtraTreesMSE_BAG_L1,cov_HULL_lag1,0.3858776926932426
2,1,0.1,ExtraTreesMSE_BAG_L1,cov_MUFL_lag1,0.11936536702112507
2,1,0.1,ExtraTreesMSE_BAG_L1,cov_MULL_lag1,0.10847718832578805
2,1,0.1,ExtraTreesMSE_BAG_L1,cov_LUFL_lag1,0.416654896851457
2,1,0.1,ExtraTreesMSE_BAG_L1,cov_LULL_lag1,0.04859967103577571
2,1,0.1,ExtraTreesMSE_BAG_L1,cov_OT_lag1,0.19333986474642387
2,1,0.1,ExtraTreesMSE_BAG_L1,hour_lag1,0.7211986046323411
2,1,0.1,ExtraTreesMSE_BAG_L1,day_of_week_lag1,0.06303310070330129
2,1,0.1,ExtraTreesMSE_BAG_L1,month_lag1,0.028546449684638275
2,1,0.1,ExtraTreesMSE_BAG_L1,month_sin,0.05968629581400979
2,1,0.1,ExtraTreesMSE_BAG_L1,month_cos,0.026218373340826818
2,1,0.1,ExtraTreesMSE_BAG_L1,year,0.32806631233961525
2,1,0.1,LightGBMLarge_BAG_L1,item_id,0.0
2,1,0.1,LightGBMLarge_BAG_L1,target_lag1,9.453190274648254
2,1,0.1,LightGBMLarge_BAG_L1,target_lag2,1.6250603253143914
2,1,0.1,LightGBMLarge_BAG_L1,target_lag3,0.6449433850389977
2,1,0.1,LightGBMLarge_BAG_L1,target_lag4,0.47596232846215925
2,1,0.1,LightGBMLarge_BAG_L1,target_lag5,0.21277501781428082
2,1,0.1,LightGBMLarge_BAG_L1,target_lag6,0.2134117833142097
2,1,0.1,LightGBMLarge_BAG_L1,cov_HULL_lag1,0.1634566643501705
2,1,0.1,LightGBMLarge_BAG_L1,cov_MUFL_lag1,0.7940765461813944
2,1,0.1,LightGBMLarge_BAG_L1,cov_MULL_lag1,0.21197309896074099
2,1,0.1,LightGBMLarge_BAG_L1,cov_LUFL_lag1,0.3788706412096149
2,1,0.1,LightGBMLarge_BAG_L1,cov_LULL_lag1,0.2503152544733138
2,1,0.1,LightGBMLarge_BAG_L1,cov_OT_lag1,0.44596618485860523
2,1,0.1,LightGBMLarge_BAG_L1,hour_lag1,1.3961836874559737
2,1,0.1,LightGBMLarge_BAG_L1,day_of_week_lag1,0.08208665592521415
2,1,0.1,LightGBMLarge_BAG_L1,month_lag1,0.09749264402042795
2,1,0.1,LightGBMLarge_BAG_L1,month_sin,0.10821266491352942
2,1,0.1,LightGBMLarge_BAG_L1,month_cos,0.04185345516866782
2,1,0.1,LightGBMLarge_BAG_L1,year,0.1298152297017093
2,1,0.1,RandomForestMSE_BAG_L1,item_id,0.0
2,1,0.1,RandomForestMSE_BAG_L1,target_lag1,10.095310145752359
2,1,0.1,RandomForestMSE_BAG_L1,target_lag2,1.0523977851812083
2,1,0.1,RandomForestMSE_BAG_L1,target_lag3,0.5976735543146159
2,1,0.1,RandomForestMSE_BAG_L1,target_lag4,0.3569500819945564
2,1,0.1,RandomForestMSE_BAG_L1,target_lag5,0.3005343376494945
2,1,0.1,RandomForestMSE_BAG_L1,target_lag6,0.2704087992927203
2,1,0.1,RandomForestMSE_BAG_L1,cov_HULL_lag1,0.07233649562872359
2,1,0.1,RandomForestMSE_BAG_L1,cov_MUFL_lag1,0.642063450392966
2,1,0.1,RandomForestMSE_BAG_L1,cov_MULL_lag1,0.08622495431212282
2,1,0.1,RandomForestMSE_BAG_L1,cov_LUFL_lag1,0.22428795861424158
2,1,0.1,RandomForestMSE_BAG_L1,cov_LULL_lag1,0.18282094118193928
2,1,0.1,RandomForestMSE_BAG_L1,cov_OT_lag1,0.2633926077195658
2,1,0.1,RandomForestMSE_BAG_L1,hour_lag1,1.2636687834253681
2,1,0.1,RandomForestMSE_BAG_L1,day_of_week_lag1,0.04867820167524313
2,1,0.1,RandomForestMSE_BAG_L1,month_lag1,0.05177468782032904
2,1,0.1,RandomForestMSE_BAG_L1,month_sin,0.04242587574078493
2,1,0.1,RandomForestMSE_BAG_L1,month_cos,0.019147761340783154
2,1,0.1,RandomForestMSE_BAG_L1,year,0.051910279798278454
2,1,0.2,ExtraTreesMSE_BAG_L1,item_id,0.0
2,1,0.2,ExtraTreesMSE_BAG_L1,target_lag1,6.473782134699823
2,1,0.2,ExtraTreesMSE_BAG_L1,target_lag2,2.121586660797321
2,1,0.2,ExtraTreesMSE_BAG_L1,target_lag3,1.1752311344447046
2,1,0.2,ExtraTreesMSE_BAG_L1,target_lag4,0.6736922160599096
2,1,0.2,ExtraTreesMSE_BAG_L1,target_lag5,0.3520787564573951
2,1,0.2,ExtraTreesMSE_BAG_L1,target_lag6,0.24844168361425395
2,1,0.2,ExtraTreesMSE_BAG_L1,cov_HULL_lag1,0.3858776926932426
2,1,0.2,ExtraTreesMSE_BAG_L1,cov_MUFL_lag1,0.11936536702112507
2,1,0.2,ExtraTreesMSE_BAG_L1,cov_MULL_lag1,0.10847718832578805
2,1,0.2,ExtraTreesMSE_BAG_L1,cov_LUFL_lag1,0.416654896851457
2,1,0.2,ExtraTreesMSE_BAG_L1,cov_LULL_lag1,0.04859967103577571
2,1,0.2,ExtraTreesMSE_BAG_L1,cov_OT_lag1,0.19333986474642387
2,1,0.2,ExtraTreesMSE_BAG_L1,hour_lag1,0.7211986046323411
2,1,0.2,ExtraTreesMSE_BAG_L1,day_of_week_lag1,0.06303310070330129
2,1,0.2,ExtraTreesMSE_BAG_L1,month_lag1,0.028546449684638275
2,1,0.2,ExtraTreesMSE_BAG_L1,month_sin,0.05968629581400979
2,1,0.2,ExtraTreesMSE_BAG_L1,month_cos,0.026218373340826818
2,1,0.2,ExtraTreesMSE_BAG_L1,year,0.32806631233961525
2,1,0.2,LightGBMLarge_BAG_L1,item_id,0.0
2,1,0.2,LightGBMLarge_BAG_L1,target_lag1,9.453190274648254
2,1,0.2,LightGBMLarge_BAG_L1,target_lag2,1.6250603253143914
2,1,0.2,LightGBMLarge_BAG_L1,target_lag3,0.6449433850389977
2,1,0.2,LightGBMLarge_BAG_L1,target_lag4,0.47596232846215925
2,1,0.2,LightGBMLarge_BAG_L1,target_lag5,0.21277501781428082
2,1,0.2,LightGBMLarge_BAG_L1,target_lag6,0.2134117833142097
2,1,0.2,LightGBMLarge_BAG_L1,cov_HULL_lag1,0.1634566643501705
2,1,0.2,LightGBMLarge_BAG_L1,cov_MUFL_lag1,0.7940765461813944
2,1,0.2,LightGBMLarge_BAG_L1,cov_MULL_lag1,0.21197309896074099
2,1,0.2,LightGBMLarge_BAG_L1,cov_LUFL_lag1,0.3788706412096149
2,1,0.2,LightGBMLarge_BAG_L1,cov_LULL_lag1,0.2503152544733138
2,1,0.2,LightGBMLarge_BAG_L1,cov_OT_lag1,0.44596618485860523
2,1,0.2,LightGBMLarge_BAG_L1,hour_lag1,1.3961836874559737
2,1,0.2,LightGBMLarge_BAG_L1,day_of_week_lag1,0.08208665592521415
2,1,0.2,LightGBMLarge_BAG_L1,month_lag1,0.09749264402042795
2,1,0.2,LightGBMLarge_BAG_L1,month_sin,0.10821266491352942
2,1,0.2,LightGBMLarge_BAG_L1,month_cos,0.04185345516866782
2,1,0.2,LightGBMLarge_BAG_L1,year,0.1298152297017093
2,1,0.2,RandomForestMSE_BAG_L1,item_id,0.0
2,1,0.2,RandomForestMSE_BAG_L1,target_lag1,10.095310145752359
2,1,0.2,RandomForestMSE_BAG_L1,target_lag2,1.0523977851812083
2,1,0.2,RandomForestMSE_BAG_L1,target_lag3,0.5976735543146159
2,1,0.2,RandomForestMSE_BAG_L1,target_lag4,0.3569500819945564
2,1,0.2,RandomForestMSE_BAG_L1,target_lag5,0.3005343376494945
2,1,0.2,RandomForestMSE_BAG_L1,target_lag6,0.2704087992927203
2,1,0.2,RandomForestMSE_BAG_L1,cov_HULL_lag1,0.07233649562872359
2,1,0.2,RandomForestMSE_BAG_L1,cov_MUFL_lag1,0.642063450392966
2,1,0.2,RandomForestMSE_BAG_L1,cov_MULL_lag1,0.08622495431212282
2,1,0.2,RandomForestMSE_BAG_L1,cov_LUFL_lag1,0.22428795861424158
2,1,0.2,RandomForestMSE_BAG_L1,cov_LULL_lag1,0.18282094118193928
2,1,0.2,RandomForestMSE_BAG_L1,cov_OT_lag1,0.2633926077195658
2,1,0.2,RandomForestMSE_BAG_L1,hour_lag1,1.2636687834253681
2,1,0.2,RandomForestMSE_BAG_L1,day_of_week_lag1,0.04867820167524313
2,1,0.2,RandomForestMSE_BAG_L1,month_lag1,0.05177468782032904
2,1,0.2,RandomForestMSE_BAG_L1,month_sin,0.04242587574078493
2,1,0.2,RandomForestMSE_BAG_L1,month_cos,0.019147761340783154
2,1,0.2,RandomForestMSE_BAG_L1,year,0.051910279798278454
2,1,0.3,ExtraTreesMSE_BAG_L1,item_id,0.0
2,1,0.3,ExtraTreesMSE_BAG_L1,target_lag1,6.473782134699823
2,1,0.3,ExtraTreesMSE_BAG_L1,target_lag2,2.121586660797321
2,1,0.3,ExtraTreesMSE_BAG_L1,target_lag3,1.1752311344447046
2,1,0.3,ExtraTreesMSE_BAG_L1,target_lag4,0.6736922160599096
2,1,0.3,ExtraTreesMSE_BAG_L1,target_lag5,0.3520787564573951
2,1,0.3,ExtraTreesMSE_BAG_L1,target_lag6,0.24844168361425395
2,1,0.3,ExtraTreesMSE_BAG_L1,cov_HULL_lag1,0.3858776926932426
2,1,0.3,ExtraTreesMSE_BAG_L1,cov_MUFL_lag1,0.11936536702112507
2,1,0.3,ExtraTreesMSE_BAG_L1,cov_MULL_lag1,0.10847718832578805
2,1,0.3,ExtraTreesMSE_BAG_L1,cov_LUFL_lag1,0.416654896851457
2,1,0.3,ExtraTreesMSE_BAG_L1,cov_LULL_lag1,0.04859967103577571
2,1,0.3,ExtraTreesMSE_BAG_L1,cov_OT_lag1,0.19333986474642387
2,1,0.3,ExtraTreesMSE_BAG_L1,hour_lag1,0.7211986046323411
2,1,0.3,ExtraTreesMSE_BAG_L1,day_of_week_lag1,0.06303310070330129
2,1,0.3,ExtraTreesMSE_BAG_L1,month_lag1,0.028546449684638275
2,1,0.3,ExtraTreesMSE_BAG_L1,month_sin,0.05968629581400979
2,1,0.3,ExtraTreesMSE_BAG_L1,month_cos,0.026218373340826818
2,1,0.3,ExtraTreesMSE_BAG_L1,year,0.32806631233961525
2,1,0.3,LightGBMLarge_BAG_L1,item_id,0.0
2,1,0.3,LightGBMLarge_BAG_L1,target_lag1,9.453190274648254
2,1,0.3,LightGBMLarge_BAG_L1,target_lag2,1.6250603253143914
2,1,0.3,LightGBMLarge_BAG_L1,target_lag3,0.6449433850389977
2,1,0.3,LightGBMLarge_BAG_L1,target_lag4,0.47596232846215925
2,1,0.3,LightGBMLarge_BAG_L1,target_lag5,0.21277501781428082
2,1,0.3,LightGBMLarge_BAG_L1,target_lag6,0.2134117833142097
2,1,0.3,LightGBMLarge_BAG_L1,cov_HULL_lag1,0.1634566643501705
2,1,0.3,LightGBMLarge_BAG_L1,cov_MUFL_lag1,0.7940765461813944
2,1,0.3,LightGBMLarge_BAG_L1,cov_MULL_lag1,0.21197309896074099
2,1,0.3,LightGBMLarge_BAG_L1,cov_LUFL_lag1,0.3788706412096149
2,1,0.3,LightGBMLarge_BAG_L1,cov_LULL_lag1,0.2503152544733138
2,1,0.3,LightGBMLarge_BAG_L1,cov_OT_lag1,0.44596618485860523
2,1,0.3,LightGBMLarge_BAG_L1,hour_lag1,1.3961836874559737
2,1,0.3,LightGBMLarge_BAG_L1,day_of_week_lag1,0.08208665592521415
2,1,0.3,LightGBMLarge_BAG_L1,month_lag1,0.09749264402042795
2,1,0.3,LightGBMLarge_BAG_L1,month_sin,0.10821266491352942
2,1,0.3,LightGBMLarge_BAG_L1,month_cos,0.04185345516866782
2,1,0.3,LightGBMLarge_BAG_L1,year,0.1298152297017093
2,1,0.3,RandomForestMSE_BAG_L1,item_id,0.0
2,1,0.3,RandomForestMSE_BAG_L1,target_lag1,10.095310145752359
2,1,0.3,RandomForestMSE_BAG_L1,target_lag2,1.0523977851812083
2,1,0.3,RandomForestMSE_BAG_L1,target_lag3,0.5976735543146159
2,1,0.3,RandomForestMSE_BAG_L1,target_lag4,0.3569500819945564
2,1,0.3,RandomForestMSE_BAG_L1,target_lag5,0.3005343376494945
2,1,0.3,RandomForestMSE_BAG_L1,target_lag6,0.2704087992927203
2,1,0.3,RandomForestMSE_BAG_L1,cov_HULL_lag1,0.07233649562872359
2,1,0.3,RandomForestMSE_BAG_L1,cov_MUFL_lag1,0.642063450392966
2,1,0.3,RandomForestMSE_BAG_L1,cov_MULL_lag1,0.08622495431212282
2,1,0.3,RandomForestMSE_BAG_L1,cov_LUFL_lag1,0.22428795861424158
2,1,0.3,RandomForestMSE_BAG_L1,cov_LULL_lag1,0.18282094118193928
2,1,0.3,RandomForestMSE_BAG_L1,cov_OT_lag1,0.2633926077195658
2,1,0.3,RandomForestMSE_BAG_L1,hour_lag1,1.2636687834253681
2,1,0.3,RandomForestMSE_BAG_L1,day_of_week_lag1,0.04867820167524313
2,1,0.3,RandomForestMSE_BAG_L1,month_lag1,0.05177468782032904
2,1,0.3,RandomForestMSE_BAG_L1,month_sin,0.04242587574078493
2,1,0.3,RandomForestMSE_BAG_L1,month_cos,0.019147761340783154
2,1,0.3,RandomForestMSE_BAG_L1,year,0.051910279798278454
0,2,0.02,LightGBMLarge_BAG_L1,item_id,0.0
0,2,0.02,LightGBMLarge_BAG_L1,target_lag1,6.742787912225889
0,2,0.02,LightGBMLarge_BAG_L1,target_lag2,0.8429396684632195
0,2,0.02,LightGBMLarge_BAG_L1,target_lag3,0.6249470370535667
0,2,0.02,LightGBMLarge_BAG_L1,target_lag4,0.7319544533725293
0,2,0.02,LightGBMLarge_BAG_L1,target_lag5,0.198346153271231
0,2,0.02,LightGBMLarge_BAG_L1,target_lag6,0.15996920910254941
0,2,0.02,LightGBMLarge_BAG_L1,cov_HULL_lag1,0.12743171456254776
0,2,0.02,LightGBMLarge_BAG_L1,cov_MUFL_lag1,0.5291914167634733
0,2,0.02,LightGBMLarge_BAG_L1,cov_MULL_lag1,0.36109701449684367
0,2,0.02,LightGBMLarge_BAG_L1,cov_LUFL_lag1,0.5884211377620697
0,2,0.02,LightGBMLarge_BAG_L1,cov_LULL_lag1,0.27442398035550836
0,2,0.02,LightGBMLarge_BAG_L1,cov_OT_lag1,0.5663870438620938
0,2,0.02,LightGBMLarge_BAG_L1,hour_lag1,0.8833101454590211
0,2,0.02,LightGBMLarge_BAG_L1,day_of_week_lag1,0.06498290122287283
0,2,0.02,LightGBMLarge_BAG_L1,month_lag1,0.045600524682035876
0,2,0.02,LightGBMLarge_BAG_L1,month_sin,0.06490867012143146
0,2,0.02,LightGBMLarge_BAG_L1,month_cos,0.0630533891366406
0,2,0.02,LightGBMLarge_BAG_L1,year,0.0
0,2,0.05,LightGBMLarge_BAG_L1,item_id,0.0
0,2,0.05,LightGBMLarge_BAG_L1,target_lag1,6.742787912225889
0,2,0.05,LightGBMLarge_BAG_L1,target_lag2,0.8429396684632195
0,2,0.05,LightGBMLarge_BAG_L1,target_lag3,0.6249470370535667
0,2,0.05,LightGBMLarge_BAG_L1,target_lag4,0.7319544533725293
0,2,0.05,LightGBMLarge_BAG_L1,target_lag5,0.198346153271231
0,2,0.05,LightGBMLarge_BAG_L1,target_lag6,0.15996920910254941
0,2,0.05,LightGBMLarge_BAG_L1,cov_HULL_lag1,0.12743171456254776
0,2,0.05,LightGBMLarge_BAG_L1,cov_MUFL_lag1,0.5291914167634733
0,2,0.05,LightGBMLarge_BAG_L1,cov_MULL_lag1,0.36109701449684367
0,2,0.05,LightGBMLarge_BAG_L1,cov_LUFL_lag1,0.5884211377620697
0,2,0.05,LightGBMLarge_BAG_L1,cov_LULL_lag1,0.27442398035550836
0,2,0.05,LightGBMLarge_BAG_L1,cov_OT_lag1,0.5663870438620938
0,2,0.05,LightGBMLarge_BAG_L1,hour_lag1,0.8833101454590211
0,2,0.05,LightGBMLarge_BAG_L1,day_of_week_lag1,0.06498290122287283
0,2,0.05,LightGBMLarge_BAG_L1,month_lag1,0.045600524682035876
0,2,0.05,LightGBMLarge_BAG_L1,month_sin,0.06490867012143146
0,2,0.05,LightGBMLarge_BAG_L1,month_cos,0.0630533891366406
0,2,0.05,LightGBMLarge_BAG_L1,year,0.0
0,2,0.1,LightGBMLarge_BAG_L1,item_id,0.0
0,2,0.1,LightGBMLarge_BAG_L1,target_lag1,6.742787912225889
0,2,0.1,LightGBMLarge_BAG_L1,target_lag2,0.8429396684632195
0,2,0.1,LightGBMLarge_BAG_L1,target_lag3,0.6249470370535667
0,2,0.1,LightGBMLarge_BAG_L1,target_lag4,0.7319544533725293
0,2,0.1,LightGBMLarge_BAG_L1,target_lag5,0.198346153271231
0,2,0.1,LightGBMLarge_BAG_L1,target_lag6,0.15996920910254941
0,2,0.1,LightGBMLarge_BAG_L1,cov_HULL_lag1,0.12743171456254776
0,2,0.1,LightGBMLarge_BAG_L1,cov_MUFL_lag1,0.5291914167634733
0,2,0.1,LightGBMLarge_BAG_L1,cov_MULL_lag1,0.36109701449684367
0,2,0.1,LightGBMLarge_BAG_L1,cov_LUFL_lag1,0.5884211377620697
0,2,0.1,LightGBMLarge_BAG_L1,cov_LULL_lag1,0.27442398035550836
0,2,0.1,LightGBMLarge_BAG_L1,cov_OT_lag1,0.5663870438620938
0,2,0.1,LightGBMLarge_BAG_L1,hour_lag1,0.8833101454590211
0,2,0.1,LightGBMLarge_BAG_L1,day_of_week_lag1,0.06498290122287283
0,2,0.1,LightGBMLarge_BAG_L1,month_lag1,0.045600524682035876
0,2,0.1,LightGBMLarge_BAG_L1,month_sin,0.06490867012143146
0,2,0.1,LightGBMLarge_BAG_L1,month_cos,0.0630533891366406
0,2,0.1,LightGBMLarge_BAG_L1,year,0.0
0,2,0.2,LightGBMLarge_BAG_L1,item_id,0.0
0,2,0.2,LightGBMLarge_BAG_L1,target_lag1,6.742787912225889
0,2,0.2,LightGBMLarge_BAG_L1,target_lag2,0.8429396684632195
0,2,0.2,LightGBMLarge_BAG_L1,target_lag3,0.6249470370535667
0,2,0.2,LightGBMLarge_BAG_L1,target_lag4,0.7319544533725293
0,2,0.2,LightGBMLarge_BAG_L1,target_lag5,0.198346153271231
0,2,0.2,LightGBMLarge_BAG_L1,target_lag6,0.15996920910254941
0,2,0.2,LightGBMLarge_BAG_L1,cov_HULL_lag1,0.12743171456254776
0,2,0.2,LightGBMLarge_BAG_L1,cov_MUFL_lag1,0.5291914167634733
0,2,0.2,LightGBMLarge_BAG_L1,cov_MULL_lag1,0.36109701449684367
0,2,0.2,LightGBMLarge_BAG_L1,cov_LUFL_lag1,0.5884211377620697
0,2,0.2,LightGBMLarge_BAG_L1,cov_LULL_lag1,0.27442398035550836
0,2,0.2,LightGBMLarge_BAG_L1,cov_OT_lag1,0.5663870438620938
0,2,0.2,LightGBMLarge_BAG_L1,hour_lag1,0.8833101454590211
0,2,0.2,LightGBMLarge_BAG_L1,day_of_week_lag1,0.06498290122287283
0,2,0.2,LightGBMLarge_BAG_L1,month_lag1,0.045600524682035876
0,2,0.2,LightGBMLarge_BAG_L1,month_sin,0.06490867012143146
0,2,0.2,LightGBMLarge_BAG_L1,month_cos,0.0630533891366406
0,2,0.2,LightGBMLarge_BAG_L1,year,0.0
0,2,0.2,ExtraTreesMSE_BAG_L1,item_id,0.0
0,2,0.2,ExtraTreesMSE_BAG_L1,target_lag1,4.504790546669017
0,2,0.2,ExtraTreesMSE_BAG_L1,target_lag2,1.3819977482203598
0,2,0.2,ExtraTreesMSE_BAG_L1,target_lag3,0.728897683951095
0,2,0.2,ExtraTreesMSE_BAG_L1,target_lag4,0.46621894118261864
0,2,0.2,ExtraTreesMSE_BAG_L1,target_lag5,0.19114244043931872
0,2,0.2,ExtraTreesMSE_BAG_L1,target_lag6,0.07778323226499025
0,2,0.2,ExtraTreesMSE_BAG_L1,cov_HULL_lag1,0.255049400630102
0,2,0.2,ExtraTreesMSE_BAG_L1,cov_MUFL_lag1,0.45473201450436973
0,2,0.2,ExtraTreesMSE_BAG_L1,cov_MULL_lag1,0.11022262703010018
0,2,0.2,ExtraTreesMSE_BAG_L1,cov_LUFL_lag1,0.5461612050431117
0,2,0.2,ExtraTreesMSE_BAG_L1,cov_LULL_lag1,0.22333524290886556
0,2,0.2,ExtraTreesMSE_BAG_L1,cov_OT_lag1,0.2729647827808675
0,2,0.2,ExtraTreesMSE_BAG_L1,hour_lag1,0.526979030416562
0,2,0.2,ExtraTreesMSE_BAG_L1,day_of_week_lag1,0.06521512931703205
0,2,0.2,ExtraTreesMSE_BAG_L1,month_lag1,0.036479492980307233
0,2,0.2,ExtraTreesMSE_BAG_L1,month_sin,0.06784269750720846
0,2,0.2,ExtraTreesMSE_BAG_L1,month_cos,0.0510210099953871
0,2,0.2,ExtraTreesMSE_BAG_L1,year,0.0
0,2,0.3,LightGBMLarge_BAG_L1,item_id,0.0
0,2,0.3,LightGBMLarge_BAG_L1,target_lag1,6.742787912225889
0,2,0.3,LightGBMLarge_BAG_L1,target_lag2,0.8429396684632195
0,2,0.3,LightGBMLarge_BAG_L1,target_lag3,0.6249470370535667
0,2,0.3,LightGBMLarge_BAG_L1,target_lag4,0.7319544533725293
0,2,0.3,LightGBMLarge_BAG_L1,target_lag5,0.198346153271231
0,2,0.3,LightGBMLarge_BAG_L1,target_lag6,0.15996920910254941
0,2,0.3,LightGBMLarge_BAG_L1,cov_HULL_lag1,0.12743171456254776
0,2,0.3,LightGBMLarge_BAG_L1,cov_MUFL_lag1,0.5291914167634733
0,2,0.3,LightGBMLarge_BAG_L1,cov_MULL_lag1,0.36109701449684367
0,2,0.3,LightGBMLarge_BAG_L1,cov_LUFL_lag1,0.5884211377620697
0,2,0.3,LightGBMLarge_BAG_L1,cov_LULL_lag1,0.27442398035550836
0,2,0.3,LightGBMLarge_BAG_L1,cov_OT_lag1,0.5663870438620938
0,2,0.3,LightGBMLarge_BAG_L1,hour_lag1,0.8833101454590211
0,2,0.3,LightGBMLarge_BAG_L1,day_of_week_lag1,0.06498290122287283
0,2,0.3,LightGBMLarge_BAG_L1,month_lag1,0.045600524682035876
0,2,0.3,LightGBMLarge_BAG_L1,month_sin,0.06490867012143146
0,2,0.3,LightGBMLarge_BAG_L1,month_cos,0.0630533891366406
0,2,0.3,LightGBMLarge_BAG_L1,year,0.0
0,2,0.3,ExtraTreesMSE_BAG_L1,item_id,0.0
0,2,0.3,ExtraTreesMSE_BAG_L1,target_lag1,4.504790546669017
0,2,0.3,ExtraTreesMSE_BAG_L1,target_lag2,1.3819977482203598
0,2,0.3,ExtraTreesMSE_BAG_L1,target_lag3,0.728897683951095
0,2,0.3,ExtraTreesMSE_BAG_L1,target_lag4,0.46621894118261864
0,2,0.3,ExtraTreesMSE_BAG_L1,target_lag5,0.19114244043931872
0,2,0.3,ExtraTreesMSE_BAG_L1,target_lag6,0.07778323226499025
0,2,0.3,ExtraTreesMSE_BAG_L1,cov_HULL_lag1,0.255049400630102
0,2,0.3,ExtraTreesMSE_BAG_L1,cov_MUFL_lag1,0.45473201450436973
0,2,0.3,ExtraTreesMSE_BAG_L1,cov_MULL_lag1,0.11022262703010018
0,2,0.3,ExtraTreesMSE_BAG_L1,cov_LUFL_lag1,0.5461612050431117
0,2,0.3,ExtraTreesMSE_BAG_L1,cov_LULL_lag1,0.22333524290886556
0,2,0.3,ExtraTreesMSE_BAG_L1,cov_OT_lag1,0.2729647827808675
0,2,0.3,ExtraTreesMSE_BAG_L1,hour_lag1,0.526979030416562
0,2,0.3,ExtraTreesMSE_BAG_L1,day_of_week_lag1,0.06521512931703205
0,2,0.3,ExtraTreesMSE_BAG_L1,month_lag1,0.036479492980307233
0,2,0.3,ExtraTreesMSE_BAG_L1,month_sin,0.06784269750720846
0,2,0.3,ExtraTreesMSE_BAG_L1,month_cos,0.0510210099953871
0,2,0.3,ExtraTreesMSE_BAG_L1,year,0.0
0,2,0.3,RandomForestMSE_BAG_L1,item_id,0.0
0,2,0.3,RandomForestMSE_BAG_L1,target_lag1,6.9932597341490315
0,2,0.3,RandomForestMSE_BAG_L1,target_lag2,0.5239036210160991
0,2,0.3,RandomForestMSE_BAG_L1,target_lag3,0.4284172285525355
0,2,0.3,RandomForestMSE_BAG_L1,target_lag4,0.9810842305822689
0,2,0.3,RandomForestMSE_BAG_L1,target_lag5,0.1454036807662839
0,2,0.3,RandomForestMSE_BAG_L1,target_lag6,0.15087751670957922
0,2,0.3,RandomForestMSE_BAG_L1,cov_HULL_lag1,0.11984677580712898
0,2,0.3,RandomForestMSE_BAG_L1,cov_MUFL_lag1,0.5908338317598614
0,2,0.3,RandomForestMSE_BAG_L1,cov_MULL_lag1,0.161444183061935
0,2,0.3,RandomForestMSE_BAG_L1,cov_LUFL_lag1,0.3678391442922449
0,2,0.3,RandomForestMSE_BAG_L1,cov_LULL_lag1,0.020182712797411212
0,2,0.3,RandomForestMSE_BAG_L1,cov_OT_lag1,0.4032432150667839
0,2,0.3,RandomForestMSE_BAG_L1,hour_lag1,0.7827337512793123
0,2,0.3,RandomForestMSE_BAG_L1,day_of_week_lag1,0.052660052503596184
0,2,0.3,RandomForestMSE_BAG_L1,month_lag1,0.04535316978038028
0,2,0.3,RandomForestMSE_BAG_L1,month_sin,0.06247847345111126
0,2,0.3,RandomForestMSE_BAG_L1,month_cos,0.0457881465458608
0,2,0.3,RandomForestMSE_BAG_L1,year,0.0
1,2,0.02,LightGBMLarge_BAG_L1,item_id,0.0
1,2,0.02,LightGBMLarge_BAG_L1,target_lag1,7.400981662530451
1,2,0.02,LightGBMLarge_BAG_L1,target_lag2,1.3308915966100416
1,2,0.02,LightGBMLarge_BAG_L1,target_lag3,0.4466898904308104
1,2,0.02,LightGBMLarge_BAG_L1,target_lag4,0.5775909328123194
1,2,0.02,LightGBMLarge_BAG_L1,target_lag5,0.2450784807174823
1,2,0.02,LightGBMLarge_BAG_L1,target_lag6,0.17614328382903563
1,2,0.02,LightGBMLarge_BAG_L1,cov_HULL_lag1,0.4446889178476367
1,2,0.02,LightGBMLarge_BAG_L1,cov_MUFL_lag1,0.3971531650481317
1,2,0.02,LightGBMLarge_BAG_L1,cov_MULL_lag1,0.33062617865654714
1,2,0.02,LightGBMLarge_BAG_L1,cov_LUFL_lag1,0.4525133170800426
1,2,0.02,LightGBMLarge_BAG_L1,cov_LULL_lag1,0.5226191795779536
1,2,0.02,LightGBMLarge_BAG_L1,cov_OT_lag1,0.30456606555242943
1,2,0.02,LightGBMLarge_BAG_L1,hour_lag1,1.2412860118852214
1,2,0.02,LightGBMLarge_BAG_L1,day_of_week_lag1,0.08787592695278038
1,2,0.02,LightGBMLarge_BAG_L1,month_lag1,0.09562367244029708
1,2,0.02,LightGBMLarge_BAG_L1,month_sin,0.05273923821380494
1,2,0.02,LightGBMLarge_BAG_L1,month_cos,0.03687849302607096
1,2,0.02,LightGBMLarge_BAG_L1,year,0.2895219058777275
1,2,0.05,LightGBMLarge_BAG_L1,item_id,0.0
1,2,0.05,LightGBMLarge_BAG_L1,target_lag1,7.400981662530451
1,2,0.05,LightGBMLarge_BAG_L1,target_lag2,1.3308915966100416
1,2,0.05,LightGBMLarge_BAG_L1,target_lag3,0.4466898904308104
1,2,0.05,LightGBMLarge_BAG_L1,target_lag4,0.5775909328123194
1,2,0.05,LightGBMLarge_BAG_L1,target_lag5,0.2450784807174823
1,2,0.05,LightGBMLarge_BAG_L1,target_lag6,0.17614328382903563
1,2,0.05,LightGBMLarge_BAG_L1,cov_HULL_lag1,0.4446889178476367
1,2,0.05,LightGBMLarge_BAG_L1,cov_MUFL_lag1,0.3971531650481317
1,2,0.05,LightGBMLarge_BAG_L1,cov_MULL_lag1,0.33062617865654714
1,2,0.05,LightGBMLarge_BAG_L1,cov_LUFL_lag1,0.4525133170800426
1,2,0.05,LightGBMLarge_BAG_L1,cov_LULL_lag1,0.5226191795779536
1,2,0.05,LightGBMLarge_BAG_L1,cov_OT_lag1,0.30456606555242943
1,2,0.05,LightGBMLarge_BAG_L1,hour_lag1,1.2412860118852214
1,2,0.05,LightGBMLarge_BAG_L1,day_of_week_lag1,0.08787592695278038
1,2,0.05,LightGBMLarge_BAG_L1,month_lag1,0.09562367244029708
1,2,0.05,LightGBMLarge_BAG_L1,month_sin,0.05273923821380494
1,2,0.05,LightGBMLarge_BAG_L1,month_cos,0.03687849302607096
1,2,0.05,LightGBMLarge_BAG_L1,year,0.2895219058777275
1,2,0.05,RandomForestMSE_BAG_L1,item_id,0.0
1,2,0.05,RandomForestMSE_BAG_L1,target_lag1,8.109096792205738
1,2,0.05,RandomForestMSE_BAG_L1,target_lag2,1.0620287506587232
1,2,0.05,RandomForestMSE_BAG_L1,target_lag3,0.5650483981535984
1,2,0.05,RandomForestMSE_BAG_L1,target_lag4,0.5134514806719929
1,2,0.05,RandomForestMSE_BAG_L1,target_lag5,0.39718683266043675
1,2,0.05,RandomForestMSE_BAG_L1,target_lag6,0.24156265810361288
1,2,0.05,RandomForestMSE_BAG_L1,cov_HULL_lag1,0.3563262399669452
1,2,0.05,RandomForestMSE_BAG_L1,cov_MUFL_lag1,0.45672961988449123
1,2,0.05,RandomForestMSE_BAG_L1,cov_MULL_lag1,0.5642323860699167
1,2,0.05,RandomForestMSE_BAG_L1,cov_LUFL_lag1,0.2814761623947955
1,2,0.05,RandomForestMSE_BAG_L1,cov_LULL_lag1,0.43696128431512776
1,2,0.05,RandomForestMSE_BAG_L1,cov_OT_lag1,0.14349938487691383
1,2,0.05,RandomForestMSE_BAG_L1,hour_lag1,1.1363325384241454
1,2,0.05,RandomForestMSE_BAG_L1,day_of_week_lag1,0.03548059469839703
1,2,0.05,RandomForestMSE_BAG_L1,month_lag1,0.054705525897328494
1,2,0.05,RandomForestMSE_BAG_L1,month_sin,0.02956599165636754
1,2,0.05,RandomForestMSE_BAG_L1,month_cos,0.03408372366611768
1,2,0.05,RandomForestMSE_BAG_L1,year,0.04935128790782052
1,2,0.05,ExtraTreesMSE_BAG_L1,item_id,0.0
1,2,0.05,ExtraTreesMSE_BAG_L1,target_lag1,5.017868914469388
1,2,0.05,ExtraTreesMSE_BAG_L1,target_lag2,1.8315972603614514
1,2,0.05,ExtraTreesMSE_BAG_L1,target_lag3,0.9145715398348294
1,2,0.05,ExtraTreesMSE_BAG_L1,target_lag4,0.6098566309626287
1,2,0.05,ExtraTreesMSE_BAG_L1,target_lag5,0.3762501038340423
1,2,0.05,ExtraTreesMSE_BAG_L1,target_lag6,0.20202784805206167
1,2,0.05,ExtraTreesMSE_BAG_L1,cov_HULL_lag1,0.9136359161092688
1,2,0.05,ExtraTreesMSE_BAG_L1,cov_MUFL_lag1,0.07040009164993587
1,2,0.05,ExtraTreesMSE_BAG_L1,cov_MULL_lag1,0.3359666973920969
1,2,0.05,ExtraTreesMSE_BAG_L1,cov_LUFL_lag1,0.7333120516025105
1,2,0.05,ExtraTreesMSE_BAG_L1,cov_LULL_lag1,0.06401913263155878
1,2,0.05,ExtraTreesMSE_BAG_L1,cov_OT_lag1,0.1041399877153912
1,2,0.05,ExtraTreesMSE_BAG_L1,hour_lag1,0.6971583358709629
1,2,0.05,ExtraTreesMSE_BAG_L1,day_of_week_lag1,0.04029740906953814
1,2,0.05,ExtraTreesMSE_BAG_L1,month_lag1,0.06407735395064716
1,2,0.05,ExtraTreesMSE_BAG_L1,month_sin,0.043738741008134935
1,2,0.05,ExtraTreesMSE_BAG_L1,month_cos,0.07386939581449198
1,2,0.05,ExtraTreesMSE_BAG_L1,year,0.4505002077726218
1,2,0.1,LightGBMLarge_BAG_L1,item_id,0.0
1,2,0.1,LightGBMLarge_BAG_L1,target_lag1,7.400981662530451
1,2,0.1,LightGBMLarge_BAG_L1,target_lag2,1.3308915966100416
1,2,0.1,LightGBMLarge_BAG_L1,target_lag3,0.4466898904308104
1,2,0.1,LightGBMLarge_BAG_L1,target_lag4,0.5775909328123194
1,2,0.1,LightGBMLarge_BAG_L1,target_lag5,0.2450784807174823
1,2,0.1,LightGBMLarge_BAG_L1,target_lag6,0.17614328382903563
1,2,0.1,LightGBMLarge_BAG_L1,cov_HULL_lag1,0.4446889178476367
1,2,0.1,LightGBMLarge_BAG_L1,cov_MUFL_lag1,0.3971531650481317
1,2,0.1,LightGBMLarge_BAG_L1,cov_MULL_lag1,0.33062617865654714
1,2,0.1,LightGBMLarge_BAG_L1,cov_LUFL_lag1,0.4525133170800426
1,2,0.1,LightGBMLarge_BAG_L1,cov_LULL_lag1,0.5226191795779536
1,2,0.1,LightGBMLarge_BAG_L1,cov_OT_lag1,0.30456606555242943
1,2,0.1,LightGBMLarge_BAG_L1,hour_lag1,1.2412860118852214
1,2,0.1,LightGBMLarge_BAG_L1,day_of_week_lag1,0.08787592695278038
1,2,0.1,LightGBMLarge_BAG_L1,month_lag1,0.09562367244029708
1,2,0.1,LightGBMLarge_BAG_L1,month_sin,0.05273923821380494
1,2,0.1,LightGBMLarge_BAG_L1,month_cos,0.03687849302607096
1,2,0.1,LightGBMLarge_BAG_L1,year,0.2895219058777275
1,2,0.1,RandomForestMSE_BAG_L1,item_id,0.0
1,2,0.1,RandomForestMSE_BAG_L1,target_lag1,8.109096792205738
1,2,0.1,RandomForestMSE_BAG_L1,target_lag2,1.0620287506587232
1,2,0.1,RandomForestMSE_BAG_L1,target_lag3,0.5650483981535984
1,2,0.1,RandomForestMSE_BAG_L1,target_lag4,0.5134514806719929
1,2,0.1,RandomForestMSE_BAG_L1,target_lag5,0.39718683266043675
1,2,0.1,RandomForestMSE_BAG_L1,target_lag6,0.24156265810361288
1,2,0.1,RandomForestMSE_BAG_L1,cov_HULL_lag1,0.3563262399669452
1,2,0.1,RandomForestMSE_BAG_L1,cov_MUFL_lag1,0.45672961988449123
1,2,0.1,RandomForestMSE_BAG_L1,cov_MULL_lag1,0.5642323860699167
1,2,0.1,RandomForestMSE_BAG_L1,cov_LUFL_lag1,0.2814761623947955
1,2,0.1,RandomForestMSE_BAG_L1,cov_LULL_lag1,0.43696128431512776
1,2,0.1,RandomForestMSE_BAG_L1,cov_OT_lag1,0.14349938487691383
1,2,0.1,RandomForestMSE_BAG_L1,hour_lag1,1.1363325384241454
1,2,0.1,RandomForestMSE_BAG_L1,day_of_week_lag1,0.03548059469839703
1,2,0.1,RandomForestMSE_BAG_L1,month_lag1,0.054705525897328494
1,2,0.1,RandomForestMSE_BAG_L1,month_sin,0.02956599165636754
1,2,0.1,RandomForestMSE_BAG_L1,month_cos,0.03408372366611768
1,2,0.1,RandomForestMSE_BAG_L1,year,0.04935128790782052
1,2,0.1,ExtraTreesMSE_BAG_L1,item_id,0.0
1,2,0.1,ExtraTreesMSE_BAG_L1,target_lag1,5.017868914469388
1,2,0.1,ExtraTreesMSE_BAG_L1,target_lag2,1.8315972603614514
1,2,0.1,ExtraTreesMSE_BAG_L1,target_lag3,0.9145715398348294
1,2,0.1,ExtraTreesMSE_BAG_L1,target_lag4,0.6098566309626287
1,2,0.1,ExtraTreesMSE_BAG_L1,target_lag5,0.3762501038340423
1,2,0.1,ExtraTreesMSE_BAG_L1,target_lag6,0.20202784805206167
1,2,0.1,ExtraTreesMSE_BAG_L1,cov_HULL_lag1,0.9136359161092688
1,2,0.1,ExtraTreesMSE_BAG_L1,cov_MUFL_lag1,0.07040009164993587
1,2,0.1,ExtraTreesMSE_BAG_L1,cov_MULL_lag1,0.3359666973920969
1,2,0.1,ExtraTreesMSE_BAG_L1,cov_LUFL_lag1,0.7333120516025105
1,2,0.1,ExtraTreesMSE_BAG_L1,cov_LULL_lag1,0.06401913263155878
1,2,0.1,ExtraTreesMSE_BAG_L1,cov_OT_lag1,0.1041399877153912
1,2,0.1,ExtraTreesMSE_BAG_L1,hour_lag1,0.6971583358709629
1,2,0.1,ExtraTreesMSE_BAG_L1,day_of_week_lag1,0.04029740906953814
1,2,0.1,ExtraTreesMSE_BAG_L1,month_lag1,0.06407735395064716
1,2,0.1,ExtraTreesMSE_BAG_L1,month_sin,0.043738741008134935
1,2,0.1,ExtraTreesMSE_BAG_L1,month_cos,0.07386939581449198
1,2,0.1,ExtraTreesMSE_BAG_L1,year,0.4505002077726218
1,2,0.2,LightGBMLarge_BAG_L1,item_id,0.0
1,2,0.2,LightGBMLarge_BAG_L1,target_lag1,7.400981662530451
1,2,0.2,LightGBMLarge_BAG_L1,target_lag2,1.3308915966100416
1,2,0.2,LightGBMLarge_BAG_L1,target_lag3,0.4466898904308104
1,2,0.2,LightGBMLarge_BAG_L1,target_lag4,0.5775909328123194
1,2,0.2,LightGBMLarge_BAG_L1,target_lag5,0.2450784807174823
1,2,0.2,LightGBMLarge_BAG_L1,target_lag6,0.17614328382903563
1,2,0.2,LightGBMLarge_BAG_L1,cov_HULL_lag1,0.4446889178476367
1,2,0.2,LightGBMLarge_BAG_L1,cov_MUFL_lag1,0.3971531650481317
1,2,0.2,LightGBMLarge_BAG_L1,cov_MULL_lag1,0.33062617865654714
1,2,0.2,LightGBMLarge_BAG_L1,cov_LUFL_lag1,0.4525133170800426
1,2,0.2,LightGBMLarge_BAG_L1,cov_LULL_lag1,0.5226191795779536
1,2,0.2,LightGBMLarge_BAG_L1,cov_OT_lag1,0.30456606555242943
1,2,0.2,LightGBMLarge_BAG_L1,hour_lag1,1.2412860118852214
1,2,0.2,LightGBMLarge_BAG_L1,day_of_week_lag1,0.08787592695278038
1,2,0.2,LightGBMLarge_BAG_L1,month_lag1,0.09562367244029708
1,2,0.2,LightGBMLarge_BAG_L1,month_sin,0.05273923821380494
1,2,0.2,LightGBMLarge_BAG_L1,month_cos,0.03687849302607096
1,2,0.2,LightGBMLarge_BAG_L1,year,0.2895219058777275
1,2,0.2,RandomForestMSE_BAG_L1,item_id,0.0
1,2,0.2,RandomForestMSE_BAG_L1,target_lag1,8.109096792205738
1,2,0.2,RandomForestMSE_BAG_L1,target_lag2,1.0620287506587232
1,2,0.2,RandomForestMSE_BAG_L1,target_lag3,0.5650483981535984
1,2,0.2,RandomForestMSE_BAG_L1,target_lag4,0.5134514806719929
1,2,0.2,RandomForestMSE_BAG_L1,target_lag5,0.39718683266043675
1,2,0.2,RandomForestMSE_BAG_L1,target_lag6,0.24156265810361288
1,2,0.2,RandomForestMSE_BAG_L1,cov_HULL_lag1,0.3563262399669452
1,2,0.2,RandomForestMSE_BAG_L1,cov_MUFL_lag1,0.45672961988449123
1,2,0.2,RandomForestMSE_BAG_L1,cov_MULL_lag1,0.5642323860699167
1,2,0.2,RandomForestMSE_BAG_L1,cov_LUFL_lag1,0.2814761623947955
1,2,0.2,RandomForestMSE_BAG_L1,cov_LULL_lag1,0.43696128431512776
1,2,0.2,RandomForestMSE_BAG_L1,cov_OT_lag1,0.14349938487691383
1,2,0.2,RandomForestMSE_BAG_L1,hour_lag1,1.1363325384241454
1,2,0.2,RandomForestMSE_BAG_L1,day_of_week_lag1,0.03548059469839703
1,2,0.2,RandomForestMSE_BAG_L1,month_lag1,0.054705525897328494
1,2,0.2,RandomForestMSE_BAG_L1,month_sin,0.02956599165636754
1,2,0.2,RandomForestMSE_BAG_L1,month_cos,0.03408372366611768
1,2,0.2,RandomForestMSE_BAG_L1,year,0.04935128790782052
1,2,0.2,ExtraTreesMSE_BAG_L1,item_id,0.0
1,2,0.2,ExtraTreesMSE_BAG_L1,target_lag1,5.017868914469388
1,2,0.2,ExtraTreesMSE_BAG_L1,target_lag2,1.8315972603614514
1,2,0.2,ExtraTreesMSE_BAG_L1,target_lag3,0.9145715398348294
1,2,0.2,ExtraTreesMSE_BAG_L1,target_lag4,0.6098566309626287
1,2,0.2,ExtraTreesMSE_BAG_L1,target_lag5,0.3762501038340423
1,2,0.2,ExtraTreesMSE_BAG_L1,target_lag6,0.20202784805206167
1,2,0.2,ExtraTreesMSE_BAG_L1,cov_HULL_lag1,0.9136359161092688
1,2,0.2,ExtraTreesMSE_BAG_L1,cov_MUFL_lag1,0.07040009164993587
1,2,0.2,ExtraTreesMSE_BAG_L1,cov_MULL_lag1,0.3359666973920969
1,2,0.2,ExtraTreesMSE_BAG_L1,cov_LUFL_lag1,0.7333120516025105
1,2,0.2,ExtraTreesMSE_BAG_L1,cov_LULL_lag1,0.06401913263155878
1,2,0.2,ExtraTreesMSE_BAG_L1,cov_OT_lag1,0.1041399877153912
1,2,0.2,ExtraTreesMSE_BAG_L1,hour_lag1,0.6971583358709629
1,2,0.2,ExtraTreesMSE_BAG_L1,day_of_week_lag1,0.04029740906953814
1,2,0.2,ExtraTreesMSE_BAG_L1,month_lag1,0.06407735395064716
1,2,0.2,ExtraTreesMSE_BAG_L1,month_sin,0.043738741008134935
1,2,0.2,ExtraTreesMSE_BAG_L1,month_cos,0.07386939581449198
1,2,0.2,ExtraTreesMSE_BAG_L1,year,0.4505002077726218
1,2,0.3,LightGBMLarge_BAG_L1,item_id,0.0
1,2,0.3,LightGBMLarge_BAG_L1,target_lag1,7.400981662530451
1,2,0.3,LightGBMLarge_BAG_L1,target_lag2,1.3308915966100416
1,2,0.3,LightGBMLarge_BAG_L1,target_lag3,0.4466898904308104
1,2,0.3,LightGBMLarge_BAG_L1,target_lag4,0.5775909328123194
1,2,0.3,LightGBMLarge_BAG_L1,target_lag5,0.2450784807174823
1,2,0.3,LightGBMLarge_BAG_L1,target_lag6,0.17614328382903563
1,2,0.3,LightGBMLarge_BAG_L1,cov_HULL_lag1,0.4446889178476367
1,2,0.3,LightGBMLarge_BAG_L1,cov_MUFL_lag1,0.3971531650481317
1,2,0.3,LightGBMLarge_BAG_L1,cov_MULL_lag1,0.33062617865654714
1,2,0.3,LightGBMLarge_BAG_L1,cov_LUFL_lag1,0.4525133170800426
1,2,0.3,LightGBMLarge_BAG_L1,cov_LULL_lag1,0.5226191795779536
1,2,0.3,LightGBMLarge_BAG_L1,cov_OT_lag1,0.30456606555242943
1,2,0.3,LightGBMLarge_BAG_L1,hour_lag1,1.2412860118852214
1,2,0.3,LightGBMLarge_BAG_L1,day_of_week_lag1,0.08787592695278038
1,2,0.3,LightGBMLarge_BAG_L1,month_lag1,0.09562367244029708
1,2,0.3,LightGBMLarge_BAG_L1,month_sin,0.05273923821380494
1,2,0.3,LightGBMLarge_BAG_L1,month_cos,0.03687849302607096
1,2,0.3,LightGBMLarge_BAG_L1,year,0.2895219058777275
1,2,0.3,RandomForestMSE_BAG_L1,item_id,0.0
1,2,0.3,RandomForestMSE_BAG_L1,target_lag1,8.109096792205738
1,2,0.3,RandomForestMSE_BAG_L1,target_lag2,1.0620287506587232
1,2,0.3,RandomForestMSE_BAG_L1,target_lag3,0.5650483981535984
1,2,0.3,RandomForestMSE_BAG_L1,target_lag4,0.5134514806719929
1,2,0.3,RandomForestMSE_BAG_L1,target_lag5,0.39718683266043675
1,2,0.3,RandomForestMSE_BAG_L1,target_lag6,0.24156265810361288
1,2,0.3,RandomForestMSE_BAG_L1,cov_HULL_lag1,0.3563262399669452
1,2,0.3,RandomForestMSE_BAG_L1,cov_MUFL_lag1,0.45672961988449123
1,2,0.3,RandomForestMSE_BAG_L1,cov_MULL_lag1,0.5642323860699167
1,2,0.3,RandomForestMSE_BAG_L1,cov_LUFL_lag1,0.2814761623947955
1,2,0.3,RandomForestMSE_BAG_L1,cov_LULL_lag1,0.43696128431512776
1,2,0.3,RandomForestMSE_BAG_L1,cov_OT_lag1,0.14349938487691383
1,2,0.3,RandomForestMSE_BAG_L1,hour_lag1,1.1363325384241454
1,2,0.3,RandomForestMSE_BAG_L1,day_of_week_lag1,0.03548059469839703
1,2,0.3,RandomForestMSE_BAG_L1,month_lag1,0.054705525897328494
1,2,0.3,RandomForestMSE_BAG_L1,month_sin,0.02956599165636754
1,2,0.3,RandomForestMSE_BAG_L1,month_cos,0.03408372366611768
1,2,0.3,RandomForestMSE_BAG_L1,year,0.04935128790782052
1,2,0.3,ExtraTreesMSE_BAG_L1,item_id,0.0
1,2,0.3,ExtraTreesMSE_BAG_L1,target_lag1,5.017868914469388
1,2,0.3,ExtraTreesMSE_BAG_L1,target_lag2,1.8315972603614514
1,2,0.3,ExtraTreesMSE_BAG_L1,target_lag3,0.9145715398348294
1,2,0.3,ExtraTreesMSE_BAG_L1,target_lag4,0.6098566309626287
1,2,0.3,ExtraTreesMSE_BAG_L1,target_lag5,0.3762501038340423
1,2,0.3,ExtraTreesMSE_BAG_L1,target_lag6,0.20202784805206167
1,2,0.3,ExtraTreesMSE_BAG_L1,cov_HULL_lag1,0.9136359161092688
1,2,0.3,ExtraTreesMSE_BAG_L1,cov_MUFL_lag1,0.07040009164993587
1,2,0.3,ExtraTreesMSE_BAG_L1,cov_MULL_lag1,0.3359666973920969
1,2,0.3,ExtraTreesMSE_BAG_L1,cov_LUFL_lag1,0.7333120516025105
1,2,0.3,ExtraTreesMSE_BAG_L1,cov_LULL_lag1,0.06401913263155878
1,2,0.3,ExtraTreesMSE_BAG_L1,cov_OT_lag1,0.1041399877153912
1,2,0.3,ExtraTreesMSE_BAG_L1,hour_lag1,0.6971583358709629
1,2,0.3,ExtraTreesMSE_BAG_L1,day_of_week_lag1,0.04029740906953814
1,2,0.3,ExtraTreesMSE_BAG_L1,month_lag1,0.06407735395064716
1,2,0.3,ExtraTreesMSE_BAG_L1,month_sin,0.043738741008134935
1,2,0.3,ExtraTreesMSE_BAG_L1,month_cos,0.07386939581449198
1,2,0.3,ExtraTreesMSE_BAG_L1,year,0.4505002077726218
2,2,0.02,ExtraTreesMSE_BAG_L1,item_id,0.0
2,2,0.02,ExtraTreesMSE_BAG_L1,target_lag1,6.4642339370980855
2,2,0.02,ExtraTreesMSE_BAG_L1,target_lag2,2.0957904418207125
2,2,0.02,ExtraTreesMSE_BAG_L1,target_lag3,1.175834425353144
2,2,0.02,ExtraTreesMSE_BAG_L1,target_lag4,0.6908899674025865
2,2,0.02,ExtraTreesMSE_BAG_L1,target_lag5,0.382645834975403
2,2,0.02,ExtraTreesMSE_BAG_L1,target_lag6,0.2503721249581531
2,2,0.02,ExtraTreesMSE_BAG_L1,cov_HULL_lag1,0.3787724755154207
2,2,0.02,ExtraTreesMSE_BAG_L1,cov_MUFL_lag1,0.12108293568875932
2,2,0.02,ExtraTreesMSE_BAG_L1,cov_MULL_lag1,0.10343130841610514
2,2,0.02,ExtraTreesMSE_BAG_L1,cov_LUFL_lag1,0.40159122039755957
2,2,0.02,ExtraTreesMSE_BAG_L1,cov_LULL_lag1,0.05139289087974111
2,2,0.02,ExtraTreesMSE_BAG_L1,cov_OT_lag1,0.19099800930733868
2,2,0.02,ExtraTreesMSE_BAG_L1,hour_lag1,0.7273549567213423
2,2,0.02,ExtraTreesMSE_BAG_L1,day_of_week_lag1,0.060980503348547634
2,2,0.02,ExtraTreesMSE_BAG_L1,month_lag1,0.030690250022021685
2,2,0.02,ExtraTreesMSE_BAG_L1,month_sin,0.05644348799133518
2,2,0.02,ExtraTreesMSE_BAG_L1,month_cos,0.02646707361661471
2,2,0.02,ExtraTreesMSE_BAG_L1,year,0.3254149687965901
2,2,0.02,LightGBMLarge_BAG_L1,item_id,0.0
2,2,0.02,LightGBMLarge_BAG_L1,target_lag1,9.447181051650716
2,2,0.02,LightGBMLarge_BAG_L1,target_lag2,1.6146220333381336
2,2,0.02,LightGBMLarge_BAG_L1,target_lag3,0.6455623290006933
2,2,0.02,LightGBMLarge_BAG_L1,target_lag4,0.48121190042871115
2,2,0.02,LightGBMLarge_BAG_L1,target_lag5,0.21544895740890724
2,2,0.02,LightGBMLarge_BAG_L1,target_lag6,0.21696061709740974
2,2,0.02,LightGBMLarge_BAG_L1,cov_HULL_lag1,0.159917109088829
2,2,0.02,LightGBMLarge_BAG_L1,cov_MUFL_lag1,0.7856158726388159
2,2,0.02,LightGBMLarge_BAG_L1,cov_MULL_lag1,0.2115138637365631
2,2,0.02,LightGBMLarge_BAG_L1,cov_LUFL_lag1,0.3768390397792035
2,2,0.02,LightGBMLarge_BAG_L1,cov_LULL_lag1,0.25382567783958065
2,2,0.02,LightGBMLarge_BAG_L1,cov_OT_lag1,0.4405305971941945
2,2,0.02,LightGBMLarge_BAG_L1,hour_lag1,1.3898847195382769
2,2,0.02,LightGBMLarge_BAG_L1,day_of_week_lag1,0.08208808670528234
2,2,0.02,LightGBMLarge_BAG_L1,month_lag1,0.09471527632749993
2,2,0.02,LightGBMLarge_BAG_L1,month_sin,0.11040265958329223
2,2,0.02,LightGBMLarge_BAG_L1,month_cos,0.04172825331558976
2,2,0.02,LightGBMLarge_BAG_L1,year,0.13092309795438958
2,2,0.02,RandomForestMSE_BAG_L1,item_id,0.0
2,2,0.02,RandomForestMSE_BAG_L1,target_lag1,10.083915031144652
2,2,0.02,RandomForestMSE_BAG_L1,target_lag2,1.0573073294582278
2,2,0.02,RandomForestMSE_BAG_L1,target_lag3,0.6070119029145978
2,2,0.02,RandomForestMSE_BAG_L1,target_lag4,0.33966787937701887
2,2,0.02,RandomForestMSE_BAG_L1,target_lag5,0.30060075474625036
2,2,0.02,RandomForestMSE_BAG_L1,target_lag6,0.26184632018002174
2,2,0.02,RandomForestMSE_BAG_L1,cov_HULL_lag1,0.07450691722814856
2,2,0.02,RandomForestMSE_BAG_L1,cov_MUFL_lag1,0.6421491143925258
2,2,0.02,RandomForestMSE_BAG_L1,cov_MULL_lag1,0.08082187780517235
2,2,0.02,RandomForestMSE_BAG_L1,cov_LUFL_lag1,0.2159558476052604
2,2,0.02,RandomForestMSE_BAG_L1,cov_LULL_lag1,0.1817345742462919
2,2,0.02,RandomForestMSE_BAG_L1,cov_OT_lag1,0.2531421075724064
2,2,0.02,RandomForestMSE_BAG_L1,hour_lag1,1.2735366933070695
2,2,0.02,RandomForestMSE_BAG_L1,day_of_week_lag1,0.04544125113773804
2,2,0.02,RandomForestMSE_BAG_L1,month_lag1,0.0530864861956581
2,2,0.02,RandomForestMSE_BAG_L1,month_sin,0.0438230213788839
2,2,0.02,RandomForestMSE_BAG_L1,month_cos,0.019255233834970388
2,2,0.02,RandomForestMSE_BAG_L1,year,0.050150726526345286
2,2,0.05,ExtraTreesMSE_BAG_L1,item_id,0.0
2,2,0.05,ExtraTreesMSE_BAG_L1,target_lag1,6.4642339370980855
2,2,0.05,ExtraTreesMSE_BAG_L1,target_lag2,2.0957904418207125
2,2,0.05,ExtraTreesMSE_BAG_L1,target_lag3,1.175834425353144
2,2,0.05,ExtraTreesMSE_BAG_L1,target_lag4,0.6908899674025865
2,2,0.05,ExtraTreesMSE_BAG_L1,target_lag5,0.382645834975403
2,2,0.05,ExtraTreesMSE_BAG_L1,target_lag6,0.2503721249581531
2,2,0.05,ExtraTreesMSE_BAG_L1,cov_HULL_lag1,0.3787724755154207
2,2,0.05,ExtraTreesMSE_BAG_L1,cov_MUFL_lag1,0.12108293568875932
2,2,0.05,ExtraTreesMSE_BAG_L1,cov_MULL_lag1,0.10343130841610514
2,2,0.05,ExtraTreesMSE_BAG_L1,cov_LUFL_lag1,0.40159122039755957
2,2,0.05,ExtraTreesMSE_BAG_L1,cov_LULL_lag1,0.05139289087974111
2,2,0.05,ExtraTreesMSE_BAG_L1,cov_OT_lag1,0.19099800930733868
2,2,0.05,ExtraTreesMSE_BAG_L1,hour_lag1,0.7273549567213423
2,2,0.05,ExtraTreesMSE_BAG_L1,day_of_week_lag1,0.060980503348547634
2,2,0.05,ExtraTreesMSE_BAG_L1,month_lag1,0.030690250022021685
2,2,0.05,ExtraTreesMSE_BAG_L1,month_sin,0.05644348799133518
2,2,0.05,ExtraTreesMSE_BAG_L1,month_cos,0.02646707361661471
2,2,0.05,ExtraTreesMSE_BAG_L1,year,0.3254149687965901
2,2,0.05,LightGBMLarge_BAG_L1,item_id,0.0
2,2,0.05,LightGBMLarge_BAG_L1,target_lag1,9.447181051650716
2,2,0.05,LightGBMLarge_BAG_L1,target_lag2,1.6146220333381336
2,2,0.05,LightGBMLarge_BAG_L1,target_lag3,0.6455623290006933
2,2,0.05,LightGBMLarge_BAG_L1,target_lag4,0.48121190042871115
2,2,0.05,LightGBMLarge_BAG_L1,target_lag5,0.21544895740890724
2,2,0.05,LightGBMLarge_BAG_L1,target_lag6,0.21696061709740974
2,2,0.05,LightGBMLarge_BAG_L1,cov_HULL_lag1,0.159917109088829
2,2,0.05,LightGBMLarge_BAG_L1,cov_MUFL_lag1,0.7856158726388159
2,2,0.05,LightGBMLarge_BAG_L1,cov_MULL_lag1,0.2115138637365631
2,2,0.05,LightGBMLarge_BAG_L1,cov_LUFL_lag1,0.3768390397792035
2,2,0.05,LightGBMLarge_BAG_L1,cov_LULL_lag1,0.25382567783958065
2,2,0.05,LightGBMLarge_BAG_L1,cov_OT_lag1,0.4405305971941945
2,2,0.05,LightGBMLarge_BAG_L1,hour_lag1,1.3898847195382769
2,2,0.05,LightGBMLarge_BAG_L1,day_of_week_lag1,0.08208808670528234
2,2,0.05,LightGBMLarge_BAG_L1,month_lag1,0.09471527632749993
2,2,0.05,LightGBMLarge_BAG_L1,month_sin,0.11040265958329223
2,2,0.05,LightGBMLarge_BAG_L1,month_cos,0.04172825331558976
2,2,0.05,LightGBMLarge_BAG_L1,year,0.13092309795438958
2,2,0.05,RandomForestMSE_BAG_L1,item_id,0.0
2,2,0.05,RandomForestMSE_BAG_L1,target_lag1,10.083915031144652
2,2,0.05,RandomForestMSE_BAG_L1,target_lag2,1.0573073294582278
2,2,0.05,RandomForestMSE_BAG_L1,target_lag3,0.6070119029145978
2,2,0.05,RandomForestMSE_BAG_L1,target_lag4,0.33966787937701887
2,2,0.05,RandomForestMSE_BAG_L1,target_lag5,0.30060075474625036
2,2,0.05,RandomForestMSE_BAG_L1,target_lag6,0.26184632018002174
2,2,0.05,RandomForestMSE_BAG_L1,cov_HULL_lag1,0.07450691722814856
2,2,0.05,RandomForestMSE_BAG_L1,cov_MUFL_lag1,0.6421491143925258
2,2,0.05,RandomForestMSE_BAG_L1,cov_MULL_lag1,0.08082187780517235
2,2,0.05,RandomForestMSE_BAG_L1,cov_LUFL_lag1,0.2159558476052604
2,2,0.05,RandomForestMSE_BAG_L1,cov_LULL_lag1,0.1817345742462919
2,2,0.05,RandomForestMSE_BAG_L1,cov_OT_lag1,0.2531421075724064
2,2,0.05,RandomForestMSE_BAG_L1,hour_lag1,1.2735366933070695
2,2,0.05,RandomForestMSE_BAG_L1,day_of_week_lag1,0.04544125113773804
2,2,0.05,RandomForestMSE_BAG_L1,month_lag1,0.0530864861956581
2,2,0.05,RandomForestMSE_BAG_L1,month_sin,0.0438230213788839
2,2,0.05,RandomForestMSE_BAG_L1,month_cos,0.019255233834970388
2,2,0.05,RandomForestMSE_BAG_L1,year,0.050150726526345286
2,2,0.1,ExtraTreesMSE_BAG_L1,item_id,0.0
2,2,0.1,ExtraTreesMSE_BAG_L1,target_lag1,6.4642339370980855
2,2,0.1,ExtraTreesMSE_BAG_L1,target_lag2,2.0957904418207125
2,2,0.1,ExtraTreesMSE_BAG_L1,target_lag3,1.175834425353144
2,2,0.1,ExtraTreesMSE_BAG_L1,target_lag4,0.6908899674025865
2,2,0.1,ExtraTreesMSE_BAG_L1,target_lag5,0.382645834975403
2,2,0.1,ExtraTreesMSE_BAG_L1,target_lag6,0.2503721249581531
2,2,0.1,ExtraTreesMSE_BAG_L1,cov_HULL_lag1,0.3787724755154207
2,2,0.1,ExtraTreesMSE_BAG_L1,cov_MUFL_lag1,0.12108293568875932
2,2,0.1,ExtraTreesMSE_BAG_L1,cov_MULL_lag1,0.10343130841610514
2,2,0.1,ExtraTreesMSE_BAG_L1,cov_LUFL_lag1,0.40159122039755957
2,2,0.1,ExtraTreesMSE_BAG_L1,cov_LULL_lag1,0.05139289087974111
2,2,0.1,ExtraTreesMSE_BAG_L1,cov_OT_lag1,0.19099800930733868
2,2,0.1,ExtraTreesMSE_BAG_L1,hour_lag1,0.7273549567213423
2,2,0.1,ExtraTreesMSE_BAG_L1,day_of_week_lag1,0.060980503348547634
2,2,0.1,ExtraTreesMSE_BAG_L1,month_lag1,0.030690250022021685
2,2,0.1,ExtraTreesMSE_BAG_L1,month_sin,0.05644348799133518
2,2,0.1,ExtraTreesMSE_BAG_L1,month_cos,0.02646707361661471
2,2,0.1,ExtraTreesMSE_BAG_L1,year,0.3254149687965901
2,2,0.1,LightGBMLarge_BAG_L1,item_id,0.0
2,2,0.1,LightGBMLarge_BAG_L1,target_lag1,9.447181051650716
2,2,0.1,LightGBMLarge_BAG_L1,target_lag2,1.6146220333381336
2,2,0.1,LightGBMLarge_BAG_L1,target_lag3,0.6455623290006933
2,2,0.1,LightGBMLarge_BAG_L1,target_lag4,0.48121190042871115
2,2,0.1,LightGBMLarge_BAG_L1,target_lag5,0.21544895740890724
2,2,0.1,LightGBMLarge_BAG_L1,target_lag6,0.21696061709740974
2,2,0.1,LightGBMLarge_BAG_L1,cov_HULL_lag1,0.159917109088829
2,2,0.1,LightGBMLarge_BAG_L1,cov_MUFL_lag1,0.7856158726388159
2,2,0.1,LightGBMLarge_BAG_L1,cov_MULL_lag1,0.2115138637365631
2,2,0.1,LightGBMLarge_BAG_L1,cov_LUFL_lag1,0.3768390397792035
2,2,0.1,LightGBMLarge_BAG_L1,cov_LULL_lag1,0.25382567783958065
2,2,0.1,LightGBMLarge_BAG_L1,cov_OT_lag1,0.4405305971941945
2,2,0.1,LightGBMLarge_BAG_L1,hour_lag1,1.3898847195382769
2,2,0.1,LightGBMLarge_BAG_L1,day_of_week_lag1,0.08208808670528234
2,2,0.1,LightGBMLarge_BAG_L1,month_lag1,0.09471527632749993
2,2,0.1,LightGBMLarge_BAG_L1,month_sin,0.11040265958329223
2,2,0.1,LightGBMLarge_BAG_L1,month_cos,0.04172825331558976
2,2,0.1,LightGBMLarge_BAG_L1,year,0.13092309795438958
2,2,0.1,RandomForestMSE_BAG_L1,item_id,0.0
2,2,0.1,RandomForestMSE_BAG_L1,target_lag1,10.083915031144652
2,2,0.1,RandomForestMSE_BAG_L1,target_lag2,1.0573073294582278
2,2,0.1,RandomForestMSE_BAG_L1,target_lag3,0.6070119029145978
2,2,0.1,RandomForestMSE_BAG_L1,target_lag4,0.33966787937701887
2,2,0.1,RandomForestMSE_BAG_L1,target_lag5,0.30060075474625036
2,2,0.1,RandomForestMSE_BAG_L1,target_lag6,0.26184632018002174
2,2,0.1,RandomForestMSE_BAG_L1,cov_HULL_lag1,0.07450691722814856
2,2,0.1,RandomForestMSE_BAG_L1,cov_MUFL_lag1,0.6421491143925258
2,2,0.1,RandomForestMSE_BAG_L1,cov_MULL_lag1,0.08082187780517235
2,2,0.1,RandomForestMSE_BAG_L1,cov_LUFL_lag1,0.2159558476052604
2,2,0.1,RandomForestMSE_BAG_L1,cov_LULL_lag1,0.1817345742462919
2,2,0.1,RandomForestMSE_BAG_L1,cov_OT_lag1,0.2531421075724064
2,2,0.1,RandomForestMSE_BAG_L1,hour_lag1,1.2735366933070695
2,2,0.1,RandomForestMSE_BAG_L1,day_of_week_lag1,0.04544125113773804
2,2,0.1,RandomForestMSE_BAG_L1,month_lag1,0.0530864861956581
2,2,0.1,RandomForestMSE_BAG_L1,month_sin,0.0438230213788839
2,2,0.1,RandomForestMSE_BAG_L1,month_cos,0.019255233834970388
2,2,0.1,RandomForestMSE_BAG_L1,year,0.050150726526345286
2,2,0.2,ExtraTreesMSE_BAG_L1,item_id,0.0
2,2,0.2,ExtraTreesMSE_BAG_L1,target_lag1,6.4642339370980855
2,2,0.2,ExtraTreesMSE_BAG_L1,target_lag2,2.0957904418207125
2,2,0.2,ExtraTreesMSE_BAG_L1,target_lag3,1.175834425353144
2,2,0.2,ExtraTreesMSE_BAG_L1,target_lag4,0.6908899674025865
2,2,0.2,ExtraTreesMSE_BAG_L1,target_lag5,0.382645834975403
2,2,0.2,ExtraTreesMSE_BAG_L1,target_lag6,0.2503721249581531
2,2,0.2,ExtraTreesMSE_BAG_L1,cov_HULL_lag1,0.3787724755154207
2,2,0.2,ExtraTreesMSE_BAG_L1,cov_MUFL_lag1,0.12108293568875932
2,2,0.2,ExtraTreesMSE_BAG_L1,cov_MULL_lag1,0.10343130841610514
2,2,0.2,ExtraTreesMSE_BAG_L1,cov_LUFL_lag1,0.40159122039755957
2,2,0.2,ExtraTreesMSE_BAG_L1,cov_LULL_lag1,0.05139289087974111
2,2,0.2,ExtraTreesMSE_BAG_L1,cov_OT_lag1,0.19099800930733868
2,2,0.2,ExtraTreesMSE_BAG_L1,hour_lag1,0.7273549567213423
2,2,0.2,ExtraTreesMSE_BAG_L1,day_of_week_lag1,0.060980503348547634
2,2,0.2,ExtraTreesMSE_BAG_L1,month_lag1,0.030690250022021685
2,2,0.2,ExtraTreesMSE_BAG_L1,month_sin,0.05644348799133518
2,2,0.2,ExtraTreesMSE_BAG_L1,month_cos,0.02646707361661471
2,2,0.2,ExtraTreesMSE_BAG_L1,year,0.3254149687965901
2,2,0.2,LightGBMLarge_BAG_L1,item_id,0.0
2,2,0.2,LightGBMLarge_BAG_L1,target_lag1,9.447181051650716
2,2,0.2,LightGBMLarge_BAG_L1,target_lag2,1.6146220333381336
2,2,0.2,LightGBMLarge_BAG_L1,target_lag3,0.6455623290006933
2,2,0.2,LightGBMLarge_BAG_L1,target_lag4,0.48121190042871115
2,2,0.2,LightGBMLarge_BAG_L1,target_lag5,0.21544895740890724
2,2,0.2,LightGBMLarge_BAG_L1,target_lag6,0.21696061709740974
2,2,0.2,LightGBMLarge_BAG_L1,cov_HULL_lag1,0.159917109088829
2,2,0.2,LightGBMLarge_BAG_L1,cov_MUFL_lag1,0.7856158726388159
2,2,0.2,LightGBMLarge_BAG_L1,cov_MULL_lag1,0.2115138637365631
2,2,0.2,LightGBMLarge_BAG_L1,cov_LUFL_lag1,0.3768390397792035
2,2,0.2,LightGBMLarge_BAG_L1,cov_LULL_lag1,0.25382567783958065
2,2,0.2,LightGBMLarge_BAG_L1,cov_OT_lag1,0.4405305971941945
2,2,0.2,LightGBMLarge_BAG_L1,hour_lag1,1.3898847195382769
2,2,0.2,LightGBMLarge_BAG_L1,day_of_week_lag1,0.08208808670528234
2,2,0.2,LightGBMLarge_BAG_L1,month_lag1,0.09471527632749993
2,2,0.2,LightGBMLarge_BAG_L1,month_sin,0.11040265958329223
2,2,0.2,LightGBMLarge_BAG_L1,month_cos,0.04172825331558976
2,2,0.2,LightGBMLarge_BAG_L1,year,0.13092309795438958
2,2,0.2,RandomForestMSE_BAG_L1,item_id,0.0
2,2,0.2,RandomForestMSE_BAG_L1,target_lag1,10.083915031144652
2,2,0.2,RandomForestMSE_BAG_L1,target_lag2,1.0573073294582278
2,2,0.2,RandomForestMSE_BAG_L1,target_lag3,0.6070119029145978
2,2,0.2,RandomForestMSE_BAG_L1,target_lag4,0.33966787937701887
2,2,0.2,RandomForestMSE_BAG_L1,target_lag5,0.30060075474625036
2,2,0.2,RandomForestMSE_BAG_L1,target_lag6,0.26184632018002174
2,2,0.2,RandomForestMSE_BAG_L1,cov_HULL_lag1,0.07450691722814856
2,2,0.2,RandomForestMSE_BAG_L1,cov_MUFL_lag1,0.6421491143925258
2,2,0.2,RandomForestMSE_BAG_L1,cov_MULL_lag1,0.08082187780517235
2,2,0.2,RandomForestMSE_BAG_L1,cov_LUFL_lag1,0.2159558476052604
2,2,0.2,RandomForestMSE_BAG_L1,cov_LULL_lag1,0.1817345742462919
2,2,0.2,RandomForestMSE_BAG_L1,cov_OT_lag1,0.2531421075724064
2,2,0.2,RandomForestMSE_BAG_L1,hour_lag1,1.2735366933070695
2,2,0.2,RandomForestMSE_BAG_L1,day_of_week_lag1,0.04544125113773804
2,2,0.2,RandomForestMSE_BAG_L1,month_lag1,0.0530864861956581
2,2,0.2,RandomForestMSE_BAG_L1,month_sin,0.0438230213788839
2,2,0.2,RandomForestMSE_BAG_L1,month_cos,0.019255233834970388
2,2,0.2,RandomForestMSE_BAG_L1,year,0.050150726526345286
2,2,0.3,ExtraTreesMSE_BAG_L1,item_id,0.0
2,2,0.3,ExtraTreesMSE_BAG_L1,target_lag1,6.4642339370980855
2,2,0.3,ExtraTreesMSE_BAG_L1,target_lag2,2.0957904418207125
2,2,0.3,ExtraTreesMSE_BAG_L1,target_lag3,1.175834425353144
2,2,0.3,ExtraTreesMSE_BAG_L1,target_lag4,0.6908899674025865
2,2,0.3,ExtraTreesMSE_BAG_L1,target_lag5,0.382645834975403
2,2,0.3,ExtraTreesMSE_BAG_L1,target_lag6,0.2503721249581531
2,2,0.3,ExtraTreesMSE_BAG_L1,cov_HULL_lag1,0.3787724755154207
2,2,0.3,ExtraTreesMSE_BAG_L1,cov_MUFL_lag1,0.12108293568875932
2,2,0.3,ExtraTreesMSE_BAG_L1,cov_MULL_lag1,0.10343130841610514
2,2,0.3,ExtraTreesMSE_BAG_L1,cov_LUFL_lag1,0.40159122039755957
2,2,0.3,ExtraTreesMSE_BAG_L1,cov_LULL_lag1,0.05139289087974111
2,2,0.3,ExtraTreesMSE_BAG_L1,cov_OT_lag1,0.19099800930733868
2,2,0.3,ExtraTreesMSE_BAG_L1,hour_lag1,0.7273549567213423
2,2,0.3,ExtraTreesMSE_BAG_L1,day_of_week_lag1,0.060980503348547634
2,2,0.3,ExtraTreesMSE_BAG_L1,month_lag1,0.030690250022021685
2,2,0.3,ExtraTreesMSE_BAG_L1,month_sin,0.05644348799133518
2,2,0.3,ExtraTreesMSE_BAG_L1,month_cos,0.02646707361661471
2,2,0.3,ExtraTreesMSE_BAG_L1,year,0.3254149687965901
2,2,0.3,LightGBMLarge_BAG_L1,item_id,0.0
2,2,0.3,LightGBMLarge_BAG_L1,target_lag1,9.447181051650716
2,2,0.3,LightGBMLarge_BAG_L1,target_lag2,1.6146220333381336
2,2,0.3,LightGBMLarge_BAG_L1,target_lag3,0.6455623290006933
2,2,0.3,LightGBMLarge_BAG_L1,target_lag4,0.48121190042871115
2,2,0.3,LightGBMLarge_BAG_L1,target_lag5,0.21544895740890724
2,2,0.3,LightGBMLarge_BAG_L1,target_lag6,0.21696061709740974
2,2,0.3,LightGBMLarge_BAG_L1,cov_HULL_lag1,0.159917109088829
2,2,0.3,LightGBMLarge_BAG_L1,cov_MUFL_lag1,0.7856158726388159
2,2,0.3,LightGBMLarge_BAG_L1,cov_MULL_lag1,0.2115138637365631
2,2,0.3,LightGBMLarge_BAG_L1,cov_LUFL_lag1,0.3768390397792035
2,2,0.3,LightGBMLarge_BAG_L1,cov_LULL_lag1,0.25382567783958065
2,2,0.3,LightGBMLarge_BAG_L1,cov_OT_lag1,0.4405305971941945
2,2,0.3,LightGBMLarge_BAG_L1,hour_lag1,1.3898847195382769
2,2,0.3,LightGBMLarge_BAG_L1,day_of_week_lag1,0.08208808670528234
2,2,0.3,LightGBMLarge_BAG_L1,month_lag1,0.09471527632749993
2,2,0.3,LightGBMLarge_BAG_L1,month_sin,0.11040265958329223
2,2,0.3,LightGBMLarge_BAG_L1,month_cos,0.04172825331558976
2,2,0.3,LightGBMLarge_BAG_L1,year,0.13092309795438958
2,2,0.3,RandomForestMSE_BAG_L1,item_id,0.0
2,2,0.3,RandomForestMSE_BAG_L1,target_lag1,10.083915031144652
2,2,0.3,RandomForestMSE_BAG_L1,target_lag2,1.0573073294582278
2,2,0.3,RandomForestMSE_BAG_L1,target_lag3,0.6070119029145978
2,2,0.3,RandomForestMSE_BAG_L1,target_lag4,0.33966787937701887
2,2,0.3,RandomForestMSE_BAG_L1,target_lag5,0.30060075474625036
2,2,0.3,RandomForestMSE_BAG_L1,target_lag6,0.26184632018002174
2,2,0.3,RandomForestMSE_BAG_L1,cov_HULL_lag1,0.07450691722814856
2,2,0.3,RandomForestMSE_BAG_L1,cov_MUFL_lag1,0.6421491143925258
2,2,0.3,RandomForestMSE_BAG_L1,cov_MULL_lag1,0.08082187780517235
2,2,0.3,RandomForestMSE_BAG_L1,cov_LUFL_lag1,0.2159558476052604
2,2,0.3,RandomForestMSE_BAG_L1,cov_LULL_lag1,0.1817345742462919
2,2,0.3,RandomForestMSE_BAG_L1,cov_OT_lag1,0.2531421075724064
2,2,0.3,RandomForestMSE_BAG_L1,hour_lag1,1.2735366933070695
2,2,0.3,RandomForestMSE_BAG_L1,day_of_week_lag1,0.04544125113773804
2,2,0.3,RandomForestMSE_BAG_L1,month_lag1,0.0530864861956581
2,2,0.3,RandomForestMSE_BAG_L1,month_sin,0.0438230213788839
2,2,0.3,RandomForestMSE_BAG_L1,month_cos,0.019255233834970388
2,2,0.3,RandomForestMSE_BAG_L1,year,0.050150726526345286
