split_id,seed,eps,model,feature,global_importance
0,0,0.02,LightGBMLarge_BAG_L1,item_id,0.0
0,0,0.02,LightGBMLarge_BAG_L1,target_lag1,1.7551132102907627
0,0,0.02,LightGBMLarge_BAG_L1,target_lag2,0.3718920631593094
0,0,0.02,LightGBMLarge_BAG_L1,target_lag3,0.2412558826089604
0,0,0.02,LightGBMLarge_BAG_L1,target_lag4,0.0999881248784019
0,0,0.02,LightGBMLarge_BAG_L1,target_lag5,0.09362397967725995
0,0,0.02,LightGBMLarge_BAG_L1,target_lag6,0.1581165236517554
0,0,0.02,LightGBMLarge_BAG_L1,cov_HULL_lag1,0.06093650284516625
0,0,0.02,LightGBMLarge_BAG_L1,cov_MUFL_lag1,0.8586878807078118
0,0,0.02,LightGBMLarge_BAG_L1,cov_MULL_lag1,0.07345280499265062
0,0,0.02,LightGBMLarge_BAG_L1,cov_LUFL_lag1,0.08126656455921476
0,0,0.02,LightGBMLarge_BAG_L1,cov_LULL_lag1,0.03474872560726944
0,0,0.02,LightGBMLarge_BAG_L1,cov_OT_lag1,0.12673516307601237
0,0,0.02,LightGBMLarge_BAG_L1,hour_lag1,0.6034087258077226
0,0,0.02,LightGBMLarge_BAG_L1,day_of_week_lag1,0.0333598339991178
0,0,0.02,LightGBMLarge_BAG_L1,month_lag1,0.08929498784083406
0,0,0.02,LightGBMLarge_BAG_L1,month_sin,0.025710448896069996
0,0,0.02,LightGBMLarge_BAG_L1,month_cos,0.01996851795457772
0,0,0.02,LightGBMLarge_BAG_L1,year,0.2904086302417795
0,0,0.05,LightGBMLarge_BAG_L1,item_id,0.0
0,0,0.05,LightGBMLarge_BAG_L1,target_lag1,1.7551132102907627
0,0,0.05,LightGBMLarge_BAG_L1,target_lag2,0.3718920631593094
0,0,0.05,LightGBMLarge_BAG_L1,target_lag3,0.2412558826089604
0,0,0.05,LightGBMLarge_BAG_L1,target_lag4,0.0999881248784019
0,0,0.05,LightGBMLarge_BAG_L1,target_lag5,0.09362397967725995
0,0,0.05,LightGBMLarge_BAG_L1,target_lag6,0.1581165236517554
0,0,0.05,LightGBMLarge_BAG_L1,cov_HULL_lag1,0.06093650284516625
0,0,0.05,LightGBMLarge_BAG_L1,cov_MUFL_lag1,0.8586878807078118
0,0,0.05,LightGBMLarge_BAG_L1,cov_MULL_lag1,0.07345280499265062
0,0,0.05,LightGBMLarge_BAG_L1,cov_LUFL_lag1,0.08126656455921476
0,0,0.05,LightGBMLarge_BAG_L1,cov_LULL_lag1,0.03474872560726944
0,0,0.05,LightGBMLarge_BAG_L1,cov_OT_lag1,0.12673516307601237
0,0,0.05,LightGBMLarge_BAG_L1,hour_lag1,0.6034087258077226
0,0,0.05,LightGBMLarge_BAG_L1,day_of_week_lag1,0.0333598339991178
0,0,0.05,LightGBMLarge_BAG_L1,month_lag1,0.08929498784083406
0,0,0.05,LightGBMLarge_BAG_L1,month_sin,0.025710448896069996
0,0,0.05,LightGBMLarge_BAG_L1,month_cos,0.01996851795457772
0,0,0.05,LightGBMLarge_BAG_L1,year,0.2904086302417795
0,0,0.1,LightGBMLarge_BAG_L1,item_id,0.0
0,0,0.1,LightGBMLarge_BAG_L1,target_lag1,1.7551132102907627
0,0,0.1,LightGBMLarge_BAG_L1,target_lag2,0.3718920631593094
0,0,0.1,LightGBMLarge_BAG_L1,target_lag3,0.2412558826089604
0,0,0.1,LightGBMLarge_BAG_L1,target_lag4,0.0999881248784019
0,0,0.1,LightGBMLarge_BAG_L1,target_lag5,0.09362397967725995
0,0,0.1,LightGBMLarge_BAG_L1,target_lag6,0.1581165236517554
0,0,0.1,LightGBMLarge_BAG_L1,cov_HULL_lag1,0.06093650284516625
0,0,0.1,LightGBMLarge_BAG_L1,cov_MUFL_lag1,0.8586878807078118
0,0,0.1,LightGBMLarge_BAG_L1,cov_MULL_lag1,0.07345280499265062
0,0,0.1,LightGBMLarge_BAG_L1,cov_LUFL_lag1,0.08126656455921476
0,0,0.1,LightGBMLarge_BAG_L1,cov_LULL_lag1,0.03474872560726944
0,0,0.1,LightGBMLarge_BAG_L1,cov_OT_lag1,0.12673516307601237
0,0,0.1,LightGBMLarge_BAG_L1,hour_lag1,0.6034087258077226
0,0,0.1,LightGBMLarge_BAG_L1,day_of_week_lag1,0.0333598339991178
0,0,0.1,LightGBMLarge_BAG_L1,month_lag1,0.08929498784083406
0,0,0.1,LightGBMLarge_BAG_L1,month_sin,0.025710448896069996
0,0,0.1,LightGBMLarge_BAG_L1,month_cos,0.01996851795457772
0,0,0.1,LightGBMLarge_BAG_L1,year,0.2904086302417795
0,0,0.2,LightGBMLarge_BAG_L1,item_id,0.0
0,0,0.2,LightGBMLarge_BAG_L1,target_lag1,1.7551132102907627
0,0,0.2,LightGBMLarge_BAG_L1,target_lag2,0.3718920631593094
0,0,0.2,LightGBMLarge_BAG_L1,target_lag3,0.2412558826089604
0,0,0.2,LightGBMLarge_BAG_L1,target_lag4,0.0999881248784019
0,0,0.2,LightGBMLarge_BAG_L1,target_lag5,0.09362397967725995
0,0,0.2,LightGBMLarge_BAG_L1,target_lag6,0.1581165236517554
0,0,0.2,LightGBMLarge_BAG_L1,cov_HULL_lag1,0.06093650284516625
0,0,0.2,LightGBMLarge_BAG_L1,cov_MUFL_lag1,0.8586878807078118
0,0,0.2,LightGBMLarge_BAG_L1,cov_MULL_lag1,0.07345280499265062
0,0,0.2,LightGBMLarge_BAG_L1,cov_LUFL_lag1,0.08126656455921476
0,0,0.2,LightGBMLarge_BAG_L1,cov_LULL_lag1,0.03474872560726944
0,0,0.2,LightGBMLarge_BAG_L1,cov_OT_lag1,0.12673516307601237
0,0,0.2,LightGBMLarge_BAG_L1,hour_lag1,0.6034087258077226
0,0,0.2,LightGBMLarge_BAG_L1,day_of_week_lag1,0.0333598339991178
0,0,0.2,LightGBMLarge_BAG_L1,month_lag1,0.08929498784083406
0,0,0.2,LightGBMLarge_BAG_L1,month_sin,0.025710448896069996
0,0,0.2,LightGBMLarge_BAG_L1,month_cos,0.01996851795457772
0,0,0.2,LightGBMLarge_BAG_L1,year,0.2904086302417795
0,0,0.3,LightGBMLarge_BAG_L1,item_id,0.0
0,0,0.3,LightGBMLarge_BAG_L1,target_lag1,1.7551132102907627
0,0,0.3,LightGBMLarge_BAG_L1,target_lag2,0.3718920631593094
0,0,0.3,LightGBMLarge_BAG_L1,target_lag3,0.2412558826089604
0,0,0.3,LightGBMLarge_BAG_L1,target_lag4,0.0999881248784019
0,0,0.3,LightGBMLarge_BAG_L1,target_lag5,0.09362397967725995
0,0,0.3,LightGBMLarge_BAG_L1,target_lag6,0.1581165236517554
0,0,0.3,LightGBMLarge_BAG_L1,cov_HULL_lag1,0.06093650284516625
0,0,0.3,LightGBMLarge_BAG_L1,cov_MUFL_lag1,0.8586878807078118
0,0,0.3,LightGBMLarge_BAG_L1,cov_MULL_lag1,0.07345280499265062
0,0,0.3,LightGBMLarge_BAG_L1,cov_LUFL_lag1,0.08126656455921476
0,0,0.3,LightGBMLarge_BAG_L1,cov_LULL_lag1,0.03474872560726944
0,0,0.3,LightGBMLarge_BAG_L1,cov_OT_lag1,0.12673516307601237
0,0,0.3,LightGBMLarge_BAG_L1,hour_lag1,0.6034087258077226
0,0,0.3,LightGBMLarge_BAG_L1,day_of_week_lag1,0.0333598339991178
0,0,0.3,LightGBMLarge_BAG_L1,month_lag1,0.08929498784083406
0,0,0.3,LightGBMLarge_BAG_L1,month_sin,0.025710448896069996
0,0,0.3,LightGBMLarge_BAG_L1,month_cos,0.01996851795457772
0,0,0.3,LightGBMLarge_BAG_L1,year,0.2904086302417795
1,0,0.02,RandomForestMSE_BAG_L1,item_id,0.0
1,0,0.02,RandomForestMSE_BAG_L1,target_lag1,2.5435544047897203
1,0,0.02,RandomForestMSE_BAG_L1,target_lag2,0.40859412778443654
1,0,0.02,RandomForestMSE_BAG_L1,target_lag3,0.11290333780752768
1,0,0.02,RandomForestMSE_BAG_L1,target_lag4,0.08098360508279363
1,0,0.02,RandomForestMSE_BAG_L1,target_lag5,0.07045024315355111
1,0,0.02,RandomForestMSE_BAG_L1,target_lag6,0.06774905907121723
1,0,0.02,RandomForestMSE_BAG_L1,cov_HULL_lag1,0.022877028250286847
1,0,0.02,RandomForestMSE_BAG_L1,cov_MUFL_lag1,1.1590850169845999
1,0,0.02,RandomForestMSE_BAG_L1,cov_MULL_lag1,0.018354165709670613
1,0,0.02,RandomForestMSE_BAG_L1,cov_LUFL_lag1,0.06519342694840169
1,0,0.02,RandomForestMSE_BAG_L1,cov_LULL_lag1,0.03032602853278508
1,0,0.02,RandomForestMSE_BAG_L1,cov_OT_lag1,0.03815114837750445
1,0,0.02,RandomForestMSE_BAG_L1,hour_lag1,0.42071481258142746
1,0,0.02,RandomForestMSE_BAG_L1,day_of_week_lag1,0.012164268755016727
1,0,0.02,RandomForestMSE_BAG_L1,month_lag1,0.024474798956280543
1,0,0.02,RandomForestMSE_BAG_L1,month_sin,0.00609120184407798
1,0,0.02,RandomForestMSE_BAG_L1,month_cos,0.009059978835820543
1,0,0.02,RandomForestMSE_BAG_L1,year,0.210904869190685
1,0,0.05,RandomForestMSE_BAG_L1,item_id,0.0
1,0,0.05,RandomForestMSE_BAG_L1,target_lag1,2.5435544047897203
1,0,0.05,RandomForestMSE_BAG_L1,target_lag2,0.40859412778443654
1,0,0.05,RandomForestMSE_BAG_L1,target_lag3,0.11290333780752768
1,0,0.05,RandomForestMSE_BAG_L1,target_lag4,0.08098360508279363
1,0,0.05,RandomForestMSE_BAG_L1,target_lag5,0.07045024315355111
1,0,0.05,RandomForestMSE_BAG_L1,target_lag6,0.06774905907121723
1,0,0.05,RandomForestMSE_BAG_L1,cov_HULL_lag1,0.022877028250286847
1,0,0.05,RandomForestMSE_BAG_L1,cov_MUFL_lag1,1.1590850169845999
1,0,0.05,RandomForestMSE_BAG_L1,cov_MULL_lag1,0.018354165709670613
1,0,0.05,RandomForestMSE_BAG_L1,cov_LUFL_lag1,0.06519342694840169
1,0,0.05,RandomForestMSE_BAG_L1,cov_LULL_lag1,0.03032602853278508
1,0,0.05,RandomForestMSE_BAG_L1,cov_OT_lag1,0.03815114837750445
1,0,0.05,RandomForestMSE_BAG_L1,hour_lag1,0.42071481258142746
1,0,0.05,RandomForestMSE_BAG_L1,day_of_week_lag1,0.012164268755016727
1,0,0.05,RandomForestMSE_BAG_L1,month_lag1,0.024474798956280543
1,0,0.05,RandomForestMSE_BAG_L1,month_sin,0.00609120184407798
1,0,0.05,RandomForestMSE_BAG_L1,month_cos,0.009059978835820543
1,0,0.05,RandomForestMSE_BAG_L1,year,0.210904869190685
1,0,0.05,ExtraTreesMSE_BAG_L1,item_id,0.0
1,0,0.05,ExtraTreesMSE_BAG_L1,target_lag1,1.8646853618097958
1,0,0.05,ExtraTreesMSE_BAG_L1,target_lag2,0.6514244195482111
1,0,0.05,ExtraTreesMSE_BAG_L1,target_lag3,0.2763228688210772
1,0,0.05,ExtraTreesMSE_BAG_L1,target_lag4,0.09859886971793605
1,0,0.05,ExtraTreesMSE_BAG_L1,target_lag5,0.07031979132157865
1,0,0.05,ExtraTreesMSE_BAG_L1,target_lag6,0.05996448492779744
1,0,0.05,ExtraTreesMSE_BAG_L1,cov_HULL_lag1,0.01298075935697416
1,0,0.05,ExtraTreesMSE_BAG_L1,cov_MUFL_lag1,1.3280608181432176
1,0,0.05,ExtraTreesMSE_BAG_L1,cov_MULL_lag1,0.01496753562975211
1,0,0.05,ExtraTreesMSE_BAG_L1,cov_LUFL_lag1,0.06523218231821667
1,0,0.05,ExtraTreesMSE_BAG_L1,cov_LULL_lag1,0.023470330491126564
1,0,0.05,ExtraTreesMSE_BAG_L1,cov_OT_lag1,0.029987798523670152
1,0,0.05,ExtraTreesMSE_BAG_L1,hour_lag1,0.41370130518420484
1,0,0.05,ExtraTreesMSE_BAG_L1,day_of_week_lag1,0.010956333863898169
1,0,0.05,ExtraTreesMSE_BAG_L1,month_lag1,0.029466530701570442
1,0,0.05,ExtraTreesMSE_BAG_L1,month_sin,0.01518784653786567
1,0,0.05,ExtraTreesMSE_BAG_L1,month_cos,0.008673600043589231
1,0,0.05,ExtraTreesMSE_BAG_L1,year,0.16714693305112888
1,0,0.1,RandomForestMSE_BAG_L1,item_id,0.0
1,0,0.1,RandomForestMSE_BAG_L1,target_lag1,2.5435544047897203
1,0,0.1,RandomForestMSE_BAG_L1,target_lag2,0.40859412778443654
1,0,0.1,RandomForestMSE_BAG_L1,target_lag3,0.11290333780752768
1,0,0.1,RandomForestMSE_BAG_L1,target_lag4,0.08098360508279363
1,0,0.1,RandomForestMSE_BAG_L1,target_lag5,0.07045024315355111
1,0,0.1,RandomForestMSE_BAG_L1,target_lag6,0.06774905907121723
1,0,0.1,RandomForestMSE_BAG_L1,cov_HULL_lag1,0.022877028250286847
1,0,0.1,RandomForestMSE_BAG_L1,cov_MUFL_lag1,1.1590850169845999
1,0,0.1,RandomForestMSE_BAG_L1,cov_MULL_lag1,0.018354165709670613
1,0,0.1,RandomForestMSE_BAG_L1,cov_LUFL_lag1,0.06519342694840169
1,0,0.1,RandomForestMSE_BAG_L1,cov_LULL_lag1,0.03032602853278508
1,0,0.1,RandomForestMSE_BAG_L1,cov_OT_lag1,0.03815114837750445
1,0,0.1,RandomForestMSE_BAG_L1,hour_lag1,0.42071481258142746
1,0,0.1,RandomForestMSE_BAG_L1,day_of_week_lag1,0.012164268755016727
1,0,0.1,RandomForestMSE_BAG_L1,month_lag1,0.024474798956280543
1,0,0.1,RandomForestMSE_BAG_L1,month_sin,0.00609120184407798
1,0,0.1,RandomForestMSE_BAG_L1,month_cos,0.009059978835820543
1,0,0.1,RandomForestMSE_BAG_L1,year,0.210904869190685
1,0,0.1,ExtraTreesMSE_BAG_L1,item_id,0.0
1,0,0.1,ExtraTreesMSE_BAG_L1,target_lag1,1.8646853618097958
1,0,0.1,ExtraTreesMSE_BAG_L1,target_lag2,0.6514244195482111
1,0,0.1,ExtraTreesMSE_BAG_L1,target_lag3,0.2763228688210772
1,0,0.1,ExtraTreesMSE_BAG_L1,target_lag4,0.09859886971793605
1,0,0.1,ExtraTreesMSE_BAG_L1,target_lag5,0.07031979132157865
1,0,0.1,ExtraTreesMSE_BAG_L1,target_lag6,0.05996448492779744
1,0,0.1,ExtraTreesMSE_BAG_L1,cov_HULL_lag1,0.01298075935697416
1,0,0.1,ExtraTreesMSE_BAG_L1,cov_MUFL_lag1,1.3280608181432176
1,0,0.1,ExtraTreesMSE_BAG_L1,cov_MULL_lag1,0.01496753562975211
1,0,0.1,ExtraTreesMSE_BAG_L1,cov_LUFL_lag1,0.06523218231821667
1,0,0.1,ExtraTreesMSE_BAG_L1,cov_LULL_lag1,0.023470330491126564
1,0,0.1,ExtraTreesMSE_BAG_L1,cov_OT_lag1,0.029987798523670152
1,0,0.1,ExtraTreesMSE_BAG_L1,hour_lag1,0.41370130518420484
1,0,0.1,ExtraTreesMSE_BAG_L1,day_of_week_lag1,0.010956333863898169
1,0,0.1,ExtraTreesMSE_BAG_L1,month_lag1,0.029466530701570442
1,0,0.1,ExtraTreesMSE_BAG_L1,month_sin,0.01518784653786567
1,0,0.1,ExtraTreesMSE_BAG_L1,month_cos,0.008673600043589231
1,0,0.1,ExtraTreesMSE_BAG_L1,year,0.16714693305112888
1,0,0.2,RandomForestMSE_BAG_L1,item_id,0.0
1,0,0.2,RandomForestMSE_BAG_L1,target_lag1,2.5435544047897203
1,0,0.2,RandomForestMSE_BAG_L1,target_lag2,0.40859412778443654
1,0,0.2,RandomForestMSE_BAG_L1,target_lag3,0.11290333780752768
1,0,0.2,RandomForestMSE_BAG_L1,target_lag4,0.08098360508279363
1,0,0.2,RandomForestMSE_BAG_L1,target_lag5,0.07045024315355111
1,0,0.2,RandomForestMSE_BAG_L1,target_lag6,0.06774905907121723
1,0,0.2,RandomForestMSE_BAG_L1,cov_HULL_lag1,0.022877028250286847
1,0,0.2,RandomForestMSE_BAG_L1,cov_MUFL_lag1,1.1590850169845999
1,0,0.2,RandomForestMSE_BAG_L1,cov_MULL_lag1,0.018354165709670613
1,0,0.2,RandomForestMSE_BAG_L1,cov_LUFL_lag1,0.06519342694840169
1,0,0.2,RandomForestMSE_BAG_L1,cov_LULL_lag1,0.03032602853278508
1,0,0.2,RandomForestMSE_BAG_L1,cov_OT_lag1,0.03815114837750445
1,0,0.2,RandomForestMSE_BAG_L1,hour_lag1,0.42071481258142746
1,0,0.2,RandomForestMSE_BAG_L1,day_of_week_lag1,0.012164268755016727
1,0,0.2,RandomForestMSE_BAG_L1,month_lag1,0.024474798956280543
1,0,0.2,RandomForestMSE_BAG_L1,month_sin,0.00609120184407798
1,0,0.2,RandomForestMSE_BAG_L1,month_cos,0.009059978835820543
1,0,0.2,RandomForestMSE_BAG_L1,year,0.210904869190685
1,0,0.2,ExtraTreesMSE_BAG_L1,item_id,0.0
1,0,0.2,ExtraTreesMSE_BAG_L1,target_lag1,1.8646853618097958
1,0,0.2,ExtraTreesMSE_BAG_L1,target_lag2,0.6514244195482111
1,0,0.2,ExtraTreesMSE_BAG_L1,target_lag3,0.2763228688210772
1,0,0.2,ExtraTreesMSE_BAG_L1,target_lag4,0.09859886971793605
1,0,0.2,ExtraTreesMSE_BAG_L1,target_lag5,0.07031979132157865
1,0,0.2,ExtraTreesMSE_BAG_L1,target_lag6,0.05996448492779744
1,0,0.2,ExtraTreesMSE_BAG_L1,cov_HULL_lag1,0.01298075935697416
1,0,0.2,ExtraTreesMSE_BAG_L1,cov_MUFL_lag1,1.3280608181432176
1,0,0.2,ExtraTreesMSE_BAG_L1,cov_MULL_lag1,0.01496753562975211
1,0,0.2,ExtraTreesMSE_BAG_L1,cov_LUFL_lag1,0.06523218231821667
1,0,0.2,ExtraTreesMSE_BAG_L1,cov_LULL_lag1,0.023470330491126564
1,0,0.2,ExtraTreesMSE_BAG_L1,cov_OT_lag1,0.029987798523670152
1,0,0.2,ExtraTreesMSE_BAG_L1,hour_lag1,0.41370130518420484
1,0,0.2,ExtraTreesMSE_BAG_L1,day_of_week_lag1,0.010956333863898169
1,0,0.2,ExtraTreesMSE_BAG_L1,month_lag1,0.029466530701570442
1,0,0.2,ExtraTreesMSE_BAG_L1,month_sin,0.01518784653786567
1,0,0.2,ExtraTreesMSE_BAG_L1,month_cos,0.008673600043589231
1,0,0.2,ExtraTreesMSE_BAG_L1,year,0.16714693305112888
1,0,0.2,LightGBM_BAG_L1,item_id,0.0
1,0,0.2,LightGBM_BAG_L1,target_lag1,1.5549399096804202
1,0,0.2,LightGBM_BAG_L1,target_lag2,0.6238970535521862
1,0,0.2,LightGBM_BAG_L1,target_lag3,0.31639474484510716
1,0,0.2,LightGBM_BAG_L1,target_lag4,0.20801534883859574
1,0,0.2,LightGBM_BAG_L1,target_lag5,0.17296189337451934
1,0,0.2,LightGBM_BAG_L1,target_lag6,0.1548211149250623
1,0,0.2,LightGBM_BAG_L1,cov_HULL_lag1,0.1367682178834453
1,0,0.2,LightGBM_BAG_L1,cov_MUFL_lag1,1.035020282120444
1,0,0.2,LightGBM_BAG_L1,cov_MULL_lag1,0.05296669588834048
1,0,0.2,LightGBM_BAG_L1,cov_LUFL_lag1,0.13765505261335062
1,0,0.2,LightGBM_BAG_L1,cov_LULL_lag1,0.08133440338093786
1,0,0.2,LightGBM_BAG_L1,cov_OT_lag1,0.12835915827532302
1,0,0.2,LightGBM_BAG_L1,hour_lag1,0.45961032755083886
1,0,0.2,LightGBM_BAG_L1,day_of_week_lag1,0.021590635317750285
1,0,0.2,LightGBM_BAG_L1,month_lag1,0.11236928940424695
1,0,0.2,LightGBM_BAG_L1,month_sin,0.024230662889382824
1,0,0.2,LightGBM_BAG_L1,month_cos,0.022363074826984648
1,0,0.2,LightGBM_BAG_L1,year,0.19423469385611825
1,0,0.3,RandomForestMSE_BAG_L1,item_id,0.0
1,0,0.3,RandomForestMSE_BAG_L1,target_lag1,2.5435544047897203
1,0,0.3,RandomForestMSE_BAG_L1,target_lag2,0.40859412778443654
1,0,0.3,RandomForestMSE_BAG_L1,target_lag3,0.11290333780752768
1,0,0.3,RandomForestMSE_BAG_L1,target_lag4,0.08098360508279363
1,0,0.3,RandomForestMSE_BAG_L1,target_lag5,0.07045024315355111
1,0,0.3,RandomForestMSE_BAG_L1,target_lag6,0.06774905907121723
1,0,0.3,RandomForestMSE_BAG_L1,cov_HULL_lag1,0.022877028250286847
1,0,0.3,RandomForestMSE_BAG_L1,cov_MUFL_lag1,1.1590850169845999
1,0,0.3,RandomForestMSE_BAG_L1,cov_MULL_lag1,0.018354165709670613
1,0,0.3,RandomForestMSE_BAG_L1,cov_LUFL_lag1,0.06519342694840169
1,0,0.3,RandomForestMSE_BAG_L1,cov_LULL_lag1,0.03032602853278508
1,0,0.3,RandomForestMSE_BAG_L1,cov_OT_lag1,0.03815114837750445
1,0,0.3,RandomForestMSE_BAG_L1,hour_lag1,0.42071481258142746
1,0,0.3,RandomForestMSE_BAG_L1,day_of_week_lag1,0.012164268755016727
1,0,0.3,RandomForestMSE_BAG_L1,month_lag1,0.024474798956280543
1,0,0.3,RandomForestMSE_BAG_L1,month_sin,0.00609120184407798
1,0,0.3,RandomForestMSE_BAG_L1,month_cos,0.009059978835820543
1,0,0.3,RandomForestMSE_BAG_L1,year,0.210904869190685
1,0,0.3,ExtraTreesMSE_BAG_L1,item_id,0.0
1,0,0.3,ExtraTreesMSE_BAG_L1,target_lag1,1.8646853618097958
1,0,0.3,ExtraTreesMSE_BAG_L1,target_lag2,0.6514244195482111
1,0,0.3,ExtraTreesMSE_BAG_L1,target_lag3,0.2763228688210772
1,0,0.3,ExtraTreesMSE_BAG_L1,target_lag4,0.09859886971793605
1,0,0.3,ExtraTreesMSE_BAG_L1,target_lag5,0.07031979132157865
1,0,0.3,ExtraTreesMSE_BAG_L1,target_lag6,0.05996448492779744
1,0,0.3,ExtraTreesMSE_BAG_L1,cov_HULL_lag1,0.01298075935697416
1,0,0.3,ExtraTreesMSE_BAG_L1,cov_MUFL_lag1,1.3280608181432176
1,0,0.3,ExtraTreesMSE_BAG_L1,cov_MULL_lag1,0.01496753562975211
1,0,0.3,ExtraTreesMSE_BAG_L1,cov_LUFL_lag1,0.06523218231821667
1,0,0.3,ExtraTreesMSE_BAG_L1,cov_LULL_lag1,0.023470330491126564
1,0,0.3,ExtraTreesMSE_BAG_L1,cov_OT_lag1,0.029987798523670152
1,0,0.3,ExtraTreesMSE_BAG_L1,hour_lag1,0.41370130518420484
1,0,0.3,ExtraTreesMSE_BAG_L1,day_of_week_lag1,0.010956333863898169
1,0,0.3,ExtraTreesMSE_BAG_L1,month_lag1,0.029466530701570442
1,0,0.3,ExtraTreesMSE_BAG_L1,month_sin,0.01518784653786567
1,0,0.3,ExtraTreesMSE_BAG_L1,month_cos,0.008673600043589231
1,0,0.3,ExtraTreesMSE_BAG_L1,year,0.16714693305112888
1,0,0.3,LightGBM_BAG_L1,item_id,0.0
1,0,0.3,LightGBM_BAG_L1,target_lag1,1.5549399096804202
1,0,0.3,LightGBM_BAG_L1,target_lag2,0.6238970535521862
1,0,0.3,LightGBM_BAG_L1,target_lag3,0.31639474484510716
1,0,0.3,LightGBM_BAG_L1,target_lag4,0.20801534883859574
1,0,0.3,LightGBM_BAG_L1,target_lag5,0.17296189337451934
1,0,0.3,LightGBM_BAG_L1,target_lag6,0.1548211149250623
1,0,0.3,LightGBM_BAG_L1,cov_HULL_lag1,0.1367682178834453
1,0,0.3,LightGBM_BAG_L1,cov_MUFL_lag1,1.035020282120444
1,0,0.3,LightGBM_BAG_L1,cov_MULL_lag1,0.05296669588834048
1,0,0.3,LightGBM_BAG_L1,cov_LUFL_lag1,0.13765505261335062
1,0,0.3,LightGBM_BAG_L1,cov_LULL_lag1,0.08133440338093786
1,0,0.3,LightGBM_BAG_L1,cov_OT_lag1,0.12835915827532302
1,0,0.3,LightGBM_BAG_L1,hour_lag1,0.45961032755083886
1,0,0.3,LightGBM_BAG_L1,day_of_week_lag1,0.021590635317750285
1,0,0.3,LightGBM_BAG_L1,month_lag1,0.11236928940424695
1,0,0.3,LightGBM_BAG_L1,month_sin,0.024230662889382824
1,0,0.3,LightGBM_BAG_L1,month_cos,0.022363074826984648
1,0,0.3,LightGBM_BAG_L1,year,0.19423469385611825
1,0,0.3,RandomForestMSE_BAG_L2,item_id,0.0
1,0,0.3,RandomForestMSE_BAG_L2,target_lag1,0.78205508081647
1,0,0.3,RandomForestMSE_BAG_L2,target_lag2,0.6063555621480743
1,0,0.3,RandomForestMSE_BAG_L2,target_lag3,0.4216078082619293
1,0,0.3,RandomForestMSE_BAG_L2,target_lag4,0.3278385038511304
1,0,0.3,RandomForestMSE_BAG_L2,target_lag5,0.1762896582642366
1,0,0.3,RandomForestMSE_BAG_L2,target_lag6,0.18854264641474872
1,0,0.3,RandomForestMSE_BAG_L2,cov_HULL_lag1,0.11853883632808572
1,0,0.3,RandomForestMSE_BAG_L2,cov_MUFL_lag1,1.378503211557574
1,0,0.3,RandomForestMSE_BAG_L2,cov_MULL_lag1,0.07679754732945003
1,0,0.3,RandomForestMSE_BAG_L2,cov_LUFL_lag1,0.23219189307871854
1,0,0.3,RandomForestMSE_BAG_L2,cov_LULL_lag1,0.0616899225580549
1,0,0.3,RandomForestMSE_BAG_L2,cov_OT_lag1,0.13884143618619416
1,0,0.3,RandomForestMSE_BAG_L2,hour_lag1,0.5372016874928959
1,0,0.3,RandomForestMSE_BAG_L2,day_of_week_lag1,0.07922317665744628
1,0,0.3,RandomForestMSE_BAG_L2,month_lag1,0.15770998831667238
1,0,0.3,RandomForestMSE_BAG_L2,month_sin,0.07622429337110664
1,0,0.3,RandomForestMSE_BAG_L2,month_cos,0.04827924291749366
1,0,0.3,RandomForestMSE_BAG_L2,year,0.26769057595001217
2,0,0.02,LightGBM_BAG_L1,item_id,0.0
2,0,0.02,LightGBM_BAG_L1,target_lag1,3.035500832676981
2,0,0.02,LightGBM_BAG_L1,target_lag2,1.0316462510548998
2,0,0.02,LightGBM_BAG_L1,target_lag3,0.2123726063791662
2,0,0.02,LightGBM_BAG_L1,target_lag4,0.352673945217207
2,0,0.02,LightGBM_BAG_L1,target_lag5,0.2713584504427389
2,0,0.02,LightGBM_BAG_L1,target_lag6,0.33029357284980365
2,0,0.02,LightGBM_BAG_L1,cov_HULL_lag1,0.18350284049271137
2,0,0.02,LightGBM_BAG_L1,cov_MUFL_lag1,2.2384730774655472
2,0,0.02,LightGBM_BAG_L1,cov_MULL_lag1,0.06686622611174237
2,0,0.02,LightGBM_BAG_L1,cov_LUFL_lag1,0.359330272331112
2,0,0.02,LightGBM_BAG_L1,cov_LULL_lag1,0.07686592409815642
2,0,0.02,LightGBM_BAG_L1,cov_OT_lag1,0.18324573337337935
2,0,0.02,LightGBM_BAG_L1,hour_lag1,0.9762963147406002
2,0,0.02,LightGBM_BAG_L1,day_of_week_lag1,0.041407536471076305
2,0,0.02,LightGBM_BAG_L1,month_lag1,0.06829773114635607
2,0,0.02,LightGBM_BAG_L1,month_sin,0.06263253649333492
2,0,0.02,LightGBM_BAG_L1,month_cos,0.03090846052119152
2,0,0.02,LightGBM_BAG_L1,year,0.354483165589394
2,0,0.05,LightGBM_BAG_L1,item_id,0.0
2,0,0.05,LightGBM_BAG_L1,target_lag1,3.035500832676981
2,0,0.05,LightGBM_BAG_L1,target_lag2,1.0316462510548998
2,0,0.05,LightGBM_BAG_L1,target_lag3,0.2123726063791662
2,0,0.05,LightGBM_BAG_L1,target_lag4,0.352673945217207
2,0,0.05,LightGBM_BAG_L1,target_lag5,0.2713584504427389
2,0,0.05,LightGBM_BAG_L1,target_lag6,0.33029357284980365
2,0,0.05,LightGBM_BAG_L1,cov_HULL_lag1,0.18350284049271137
2,0,0.05,LightGBM_BAG_L1,cov_MUFL_lag1,2.2384730774655472
2,0,0.05,LightGBM_BAG_L1,cov_MULL_lag1,0.06686622611174237
2,0,0.05,LightGBM_BAG_L1,cov_LUFL_lag1,0.359330272331112
2,0,0.05,LightGBM_BAG_L1,cov_LULL_lag1,0.07686592409815642
2,0,0.05,LightGBM_BAG_L1,cov_OT_lag1,0.18324573337337935
2,0,0.05,LightGBM_BAG_L1,hour_lag1,0.9762963147406002
2,0,0.05,LightGBM_BAG_L1,day_of_week_lag1,0.041407536471076305
2,0,0.05,LightGBM_BAG_L1,month_lag1,0.06829773114635607
2,0,0.05,LightGBM_BAG_L1,month_sin,0.06263253649333492
2,0,0.05,LightGBM_BAG_L1,month_cos,0.03090846052119152
2,0,0.05,LightGBM_BAG_L1,year,0.354483165589394
2,0,0.1,LightGBM_BAG_L1,item_id,0.0
2,0,0.1,LightGBM_BAG_L1,target_lag1,3.035500832676981
2,0,0.1,LightGBM_BAG_L1,target_lag2,1.0316462510548998
2,0,0.1,LightGBM_BAG_L1,target_lag3,0.2123726063791662
2,0,0.1,LightGBM_BAG_L1,target_lag4,0.352673945217207
2,0,0.1,LightGBM_BAG_L1,target_lag5,0.2713584504427389
2,0,0.1,LightGBM_BAG_L1,target_lag6,0.33029357284980365
2,0,0.1,LightGBM_BAG_L1,cov_HULL_lag1,0.18350284049271137
2,0,0.1,LightGBM_BAG_L1,cov_MUFL_lag1,2.2384730774655472
2,0,0.1,LightGBM_BAG_L1,cov_MULL_lag1,0.06686622611174237
2,0,0.1,LightGBM_BAG_L1,cov_LUFL_lag1,0.359330272331112
2,0,0.1,LightGBM_BAG_L1,cov_LULL_lag1,0.07686592409815642
2,0,0.1,LightGBM_BAG_L1,cov_OT_lag1,0.18324573337337935
2,0,0.1,LightGBM_BAG_L1,hour_lag1,0.9762963147406002
2,0,0.1,LightGBM_BAG_L1,day_of_week_lag1,0.041407536471076305
2,0,0.1,LightGBM_BAG_L1,month_lag1,0.06829773114635607
2,0,0.1,LightGBM_BAG_L1,month_sin,0.06263253649333492
2,0,0.1,LightGBM_BAG_L1,month_cos,0.03090846052119152
2,0,0.1,LightGBM_BAG_L1,year,0.354483165589394
2,0,0.1,RandomForestMSE_BAG_L1,item_id,0.0
2,0,0.1,RandomForestMSE_BAG_L1,target_lag1,4.387714391262393
2,0,0.1,RandomForestMSE_BAG_L1,target_lag2,0.4526672605601982
2,0,0.1,RandomForestMSE_BAG_L1,target_lag3,0.295942746107675
2,0,0.1,RandomForestMSE_BAG_L1,target_lag4,0.21301348594143057
2,0,0.1,RandomForestMSE_BAG_L1,target_lag5,0.2136099696264936
2,0,0.1,RandomForestMSE_BAG_L1,target_lag6,0.1067378088846555
2,0,0.1,RandomForestMSE_BAG_L1,cov_HULL_lag1,0.021836297858061116
2,0,0.1,RandomForestMSE_BAG_L1,cov_MUFL_lag1,2.9958228178282047
2,0,0.1,RandomForestMSE_BAG_L1,cov_MULL_lag1,0.024539224273891862
2,0,0.1,RandomForestMSE_BAG_L1,cov_LUFL_lag1,0.07967074706831338
2,0,0.1,RandomForestMSE_BAG_L1,cov_LULL_lag1,0.03557816493720744
2,0,0.1,RandomForestMSE_BAG_L1,cov_OT_lag1,0.04166879159810489
2,0,0.1,RandomForestMSE_BAG_L1,hour_lag1,0.6950191629640058
2,0,0.1,RandomForestMSE_BAG_L1,day_of_week_lag1,0.0115758315699757
2,0,0.1,RandomForestMSE_BAG_L1,month_lag1,0.014311348039870764
2,0,0.1,RandomForestMSE_BAG_L1,month_sin,0.02216160848495197
2,0,0.1,RandomForestMSE_BAG_L1,month_cos,0.007920311351791432
2,0,0.1,RandomForestMSE_BAG_L1,year,0.1807111520526857
2,0,0.2,LightGBM_BAG_L1,item_id,0.0
2,0,0.2,LightGBM_BAG_L1,target_lag1,3.035500832676981
2,0,0.2,LightGBM_BAG_L1,target_lag2,1.0316462510548998
2,0,0.2,LightGBM_BAG_L1,target_lag3,0.2123726063791662
2,0,0.2,LightGBM_BAG_L1,target_lag4,0.352673945217207
2,0,0.2,LightGBM_BAG_L1,target_lag5,0.2713584504427389
2,0,0.2,LightGBM_BAG_L1,target_lag6,0.33029357284980365
2,0,0.2,LightGBM_BAG_L1,cov_HULL_lag1,0.18350284049271137
2,0,0.2,LightGBM_BAG_L1,cov_MUFL_lag1,2.2384730774655472
2,0,0.2,LightGBM_BAG_L1,cov_MULL_lag1,0.06686622611174237
2,0,0.2,LightGBM_BAG_L1,cov_LUFL_lag1,0.359330272331112
2,0,0.2,LightGBM_BAG_L1,cov_LULL_lag1,0.07686592409815642
2,0,0.2,LightGBM_BAG_L1,cov_OT_lag1,0.18324573337337935
2,0,0.2,LightGBM_BAG_L1,hour_lag1,0.9762963147406002
2,0,0.2,LightGBM_BAG_L1,day_of_week_lag1,0.041407536471076305
2,0,0.2,LightGBM_BAG_L1,month_lag1,0.06829773114635607
2,0,0.2,LightGBM_BAG_L1,month_sin,0.06263253649333492
2,0,0.2,LightGBM_BAG_L1,month_cos,0.03090846052119152
2,0,0.2,LightGBM_BAG_L1,year,0.354483165589394
2,0,0.2,RandomForestMSE_BAG_L1,item_id,0.0
2,0,0.2,RandomForestMSE_BAG_L1,target_lag1,4.387714391262393
2,0,0.2,RandomForestMSE_BAG_L1,target_lag2,0.4526672605601982
2,0,0.2,RandomForestMSE_BAG_L1,target_lag3,0.295942746107675
2,0,0.2,RandomForestMSE_BAG_L1,target_lag4,0.21301348594143057
2,0,0.2,RandomForestMSE_BAG_L1,target_lag5,0.2136099696264936
2,0,0.2,RandomForestMSE_BAG_L1,target_lag6,0.1067378088846555
2,0,0.2,RandomForestMSE_BAG_L1,cov_HULL_lag1,0.021836297858061116
2,0,0.2,RandomForestMSE_BAG_L1,cov_MUFL_lag1,2.9958228178282047
2,0,0.2,RandomForestMSE_BAG_L1,cov_MULL_lag1,0.024539224273891862
2,0,0.2,RandomForestMSE_BAG_L1,cov_LUFL_lag1,0.07967074706831338
2,0,0.2,RandomForestMSE_BAG_L1,cov_LULL_lag1,0.03557816493720744
2,0,0.2,RandomForestMSE_BAG_L1,cov_OT_lag1,0.04166879159810489
2,0,0.2,RandomForestMSE_BAG_L1,hour_lag1,0.6950191629640058
2,0,0.2,RandomForestMSE_BAG_L1,day_of_week_lag1,0.0115758315699757
2,0,0.2,RandomForestMSE_BAG_L1,month_lag1,0.014311348039870764
2,0,0.2,RandomForestMSE_BAG_L1,month_sin,0.02216160848495197
2,0,0.2,RandomForestMSE_BAG_L1,month_cos,0.007920311351791432
2,0,0.2,RandomForestMSE_BAG_L1,year,0.1807111520526857
2,0,0.2,ExtraTreesMSE_BAG_L1,item_id,0.0
2,0,0.2,ExtraTreesMSE_BAG_L1,target_lag1,3.154192794016834
2,0,0.2,ExtraTreesMSE_BAG_L1,target_lag2,1.1866252247124134
2,0,0.2,ExtraTreesMSE_BAG_L1,target_lag3,0.6736397000177574
2,0,0.2,ExtraTreesMSE_BAG_L1,target_lag4,0.2980083860918361
2,0,0.2,ExtraTreesMSE_BAG_L1,target_lag5,0.19481594252009762
2,0,0.2,ExtraTreesMSE_BAG_L1,target_lag6,0.11449093430767672
2,0,0.2,ExtraTreesMSE_BAG_L1,cov_HULL_lag1,0.016118085133217455
2,0,0.2,ExtraTreesMSE_BAG_L1,cov_MUFL_lag1,2.5496215172497174
2,0,0.2,ExtraTreesMSE_BAG_L1,cov_MULL_lag1,0.021117191094017017
2,0,0.2,ExtraTreesMSE_BAG_L1,cov_LUFL_lag1,0.09755282707415466
2,0,0.2,ExtraTreesMSE_BAG_L1,cov_LULL_lag1,0.028230836599587944
2,0,0.2,ExtraTreesMSE_BAG_L1,cov_OT_lag1,0.030657619446705177
2,0,0.2,ExtraTreesMSE_BAG_L1,hour_lag1,0.6825620944206406
2,0,0.2,ExtraTreesMSE_BAG_L1,day_of_week_lag1,0.016675788699981053
2,0,0.2,ExtraTreesMSE_BAG_L1,month_lag1,0.031467501768103145
2,0,0.2,ExtraTreesMSE_BAG_L1,month_sin,0.01533568035579043
2,0,0.2,ExtraTreesMSE_BAG_L1,month_cos,0.015845574864988173
2,0,0.2,ExtraTreesMSE_BAG_L1,year,0.0745309018511238
2,0,0.3,LightGBM_BAG_L1,item_id,0.0
2,0,0.3,LightGBM_BAG_L1,target_lag1,3.035500832676981
2,0,0.3,LightGBM_BAG_L1,target_lag2,1.0316462510548998
2,0,0.3,LightGBM_BAG_L1,target_lag3,0.2123726063791662
2,0,0.3,LightGBM_BAG_L1,target_lag4,0.352673945217207
2,0,0.3,LightGBM_BAG_L1,target_lag5,0.2713584504427389
2,0,0.3,LightGBM_BAG_L1,target_lag6,0.33029357284980365
2,0,0.3,LightGBM_BAG_L1,cov_HULL_lag1,0.18350284049271137
2,0,0.3,LightGBM_BAG_L1,cov_MUFL_lag1,2.2384730774655472
2,0,0.3,LightGBM_BAG_L1,cov_MULL_lag1,0.06686622611174237
2,0,0.3,LightGBM_BAG_L1,cov_LUFL_lag1,0.359330272331112
2,0,0.3,LightGBM_BAG_L1,cov_LULL_lag1,0.07686592409815642
2,0,0.3,LightGBM_BAG_L1,cov_OT_lag1,0.18324573337337935
2,0,0.3,LightGBM_BAG_L1,hour_lag1,0.9762963147406002
2,0,0.3,LightGBM_BAG_L1,day_of_week_lag1,0.041407536471076305
2,0,0.3,LightGBM_BAG_L1,month_lag1,0.06829773114635607
2,0,0.3,LightGBM_BAG_L1,month_sin,0.06263253649333492
2,0,0.3,LightGBM_BAG_L1,month_cos,0.03090846052119152
2,0,0.3,LightGBM_BAG_L1,year,0.354483165589394
2,0,0.3,RandomForestMSE_BAG_L1,item_id,0.0
2,0,0.3,RandomForestMSE_BAG_L1,target_lag1,4.387714391262393
2,0,0.3,RandomForestMSE_BAG_L1,target_lag2,0.4526672605601982
2,0,0.3,RandomForestMSE_BAG_L1,target_lag3,0.295942746107675
2,0,0.3,RandomForestMSE_BAG_L1,target_lag4,0.21301348594143057
2,0,0.3,RandomForestMSE_BAG_L1,target_lag5,0.2136099696264936
2,0,0.3,RandomForestMSE_BAG_L1,target_lag6,0.1067378088846555
2,0,0.3,RandomForestMSE_BAG_L1,cov_HULL_lag1,0.021836297858061116
2,0,0.3,RandomForestMSE_BAG_L1,cov_MUFL_lag1,2.9958228178282047
2,0,0.3,RandomForestMSE_BAG_L1,cov_MULL_lag1,0.024539224273891862
2,0,0.3,RandomForestMSE_BAG_L1,cov_LUFL_lag1,0.07967074706831338
2,0,0.3,RandomForestMSE_BAG_L1,cov_LULL_lag1,0.03557816493720744
2,0,0.3,RandomForestMSE_BAG_L1,cov_OT_lag1,0.04166879159810489
2,0,0.3,RandomForestMSE_BAG_L1,hour_lag1,0.6950191629640058
2,0,0.3,RandomForestMSE_BAG_L1,day_of_week_lag1,0.0115758315699757
2,0,0.3,RandomForestMSE_BAG_L1,month_lag1,0.014311348039870764
2,0,0.3,RandomForestMSE_BAG_L1,month_sin,0.02216160848495197
2,0,0.3,RandomForestMSE_BAG_L1,month_cos,0.007920311351791432
2,0,0.3,RandomForestMSE_BAG_L1,year,0.1807111520526857
2,0,0.3,ExtraTreesMSE_BAG_L1,item_id,0.0
2,0,0.3,ExtraTreesMSE_BAG_L1,target_lag1,3.154192794016834
2,0,0.3,ExtraTreesMSE_BAG_L1,target_lag2,1.1866252247124134
2,0,0.3,ExtraTreesMSE_BAG_L1,target_lag3,0.6736397000177574
2,0,0.3,ExtraTreesMSE_BAG_L1,target_lag4,0.2980083860918361
2,0,0.3,ExtraTreesMSE_BAG_L1,target_lag5,0.19481594252009762
2,0,0.3,ExtraTreesMSE_BAG_L1,target_lag6,0.11449093430767672
2,0,0.3,ExtraTreesMSE_BAG_L1,cov_HULL_lag1,0.016118085133217455
2,0,0.3,ExtraTreesMSE_BAG_L1,cov_MUFL_lag1,2.5496215172497174
2,0,0.3,ExtraTreesMSE_BAG_L1,cov_MULL_lag1,0.021117191094017017
2,0,0.3,ExtraTreesMSE_BAG_L1,cov_LUFL_lag1,0.09755282707415466
2,0,0.3,ExtraTreesMSE_BAG_L1,cov_LULL_lag1,0.028230836599587944
2,0,0.3,ExtraTreesMSE_BAG_L1,cov_OT_lag1,0.030657619446705177
2,0,0.3,ExtraTreesMSE_BAG_L1,hour_lag1,0.6825620944206406
2,0,0.3,ExtraTreesMSE_BAG_L1,day_of_week_lag1,0.016675788699981053
2,0,0.3,ExtraTreesMSE_BAG_L1,month_lag1,0.031467501768103145
2,0,0.3,ExtraTreesMSE_BAG_L1,month_sin,0.01533568035579043
2,0,0.3,ExtraTreesMSE_BAG_L1,month_cos,0.015845574864988173
2,0,0.3,ExtraTreesMSE_BAG_L1,year,0.0745309018511238
0,1,0.02,LightGBM_BAG_L1,item_id,0.0
0,1,0.02,LightGBM_BAG_L1,target_lag1,1.267010663239006
0,1,0.02,LightGBM_BAG_L1,target_lag2,0.5261197260058483
0,1,0.02,LightGBM_BAG_L1,target_lag3,0.30733427216606213
0,1,0.02,LightGBM_BAG_L1,target_lag4,0.1251775017386768
0,1,0.02,LightGBM_BAG_L1,target_lag5,0.15216679196003816
0,1,0.02,LightGBM_BAG_L1,target_lag6,0.25389360856893467
0,1,0.02,LightGBM_BAG_L1,cov_HULL_lag1,0.0982275975078344
0,1,0.02,LightGBM_BAG_L1,cov_MUFL_lag1,0.9826401888758411
0,1,0.02,LightGBM_BAG_L1,cov_MULL_lag1,0.08337311384007333
0,1,0.02,LightGBM_BAG_L1,cov_LUFL_lag1,0.12039229470132849
0,1,0.02,LightGBM_BAG_L1,cov_LULL_lag1,0.04921278626662677
0,1,0.02,LightGBM_BAG_L1,cov_OT_lag1,0.1706752499676542
0,1,0.02,LightGBM_BAG_L1,hour_lag1,0.6511599621335045
0,1,0.02,LightGBM_BAG_L1,day_of_week_lag1,0.03358992100369644
0,1,0.02,LightGBM_BAG_L1,month_lag1,0.06781472076270725
0,1,0.02,LightGBM_BAG_L1,month_sin,0.0412032193515916
0,1,0.02,LightGBM_BAG_L1,month_cos,0.04209284512740559
0,1,0.02,LightGBM_BAG_L1,year,0.2544753793186974
0,1,0.05,LightGBM_BAG_L1,item_id,0.0
0,1,0.05,LightGBM_BAG_L1,target_lag1,1.267010663239006
0,1,0.05,LightGBM_BAG_L1,target_lag2,0.5261197260058483
0,1,0.05,LightGBM_BAG_L1,target_lag3,0.30733427216606213
0,1,0.05,LightGBM_BAG_L1,target_lag4,0.1251775017386768
0,1,0.05,LightGBM_BAG_L1,target_lag5,0.15216679196003816
0,1,0.05,LightGBM_BAG_L1,target_lag6,0.25389360856893467
0,1,0.05,LightGBM_BAG_L1,cov_HULL_lag1,0.0982275975078344
0,1,0.05,LightGBM_BAG_L1,cov_MUFL_lag1,0.9826401888758411
0,1,0.05,LightGBM_BAG_L1,cov_MULL_lag1,0.08337311384007333
0,1,0.05,LightGBM_BAG_L1,cov_LUFL_lag1,0.12039229470132849
0,1,0.05,LightGBM_BAG_L1,cov_LULL_lag1,0.04921278626662677
0,1,0.05,LightGBM_BAG_L1,cov_OT_lag1,0.1706752499676542
0,1,0.05,LightGBM_BAG_L1,hour_lag1,0.6511599621335045
0,1,0.05,LightGBM_BAG_L1,day_of_week_lag1,0.03358992100369644
0,1,0.05,LightGBM_BAG_L1,month_lag1,0.06781472076270725
0,1,0.05,LightGBM_BAG_L1,month_sin,0.0412032193515916
0,1,0.05,LightGBM_BAG_L1,month_cos,0.04209284512740559
0,1,0.05,LightGBM_BAG_L1,year,0.2544753793186974
0,1,0.1,LightGBM_BAG_L1,item_id,0.0
0,1,0.1,LightGBM_BAG_L1,target_lag1,1.267010663239006
0,1,0.1,LightGBM_BAG_L1,target_lag2,0.5261197260058483
0,1,0.1,LightGBM_BAG_L1,target_lag3,0.30733427216606213
0,1,0.1,LightGBM_BAG_L1,target_lag4,0.1251775017386768
0,1,0.1,LightGBM_BAG_L1,target_lag5,0.15216679196003816
0,1,0.1,LightGBM_BAG_L1,target_lag6,0.25389360856893467
0,1,0.1,LightGBM_BAG_L1,cov_HULL_lag1,0.0982275975078344
0,1,0.1,LightGBM_BAG_L1,cov_MUFL_lag1,0.9826401888758411
0,1,0.1,LightGBM_BAG_L1,cov_MULL_lag1,0.08337311384007333
0,1,0.1,LightGBM_BAG_L1,cov_LUFL_lag1,0.12039229470132849
0,1,0.1,LightGBM_BAG_L1,cov_LULL_lag1,0.04921278626662677
0,1,0.1,LightGBM_BAG_L1,cov_OT_lag1,0.1706752499676542
0,1,0.1,LightGBM_BAG_L1,hour_lag1,0.6511599621335045
0,1,0.1,LightGBM_BAG_L1,day_of_week_lag1,0.03358992100369644
0,1,0.1,LightGBM_BAG_L1,month_lag1,0.06781472076270725
0,1,0.1,LightGBM_BAG_L1,month_sin,0.0412032193515916
0,1,0.1,LightGBM_BAG_L1,month_cos,0.04209284512740559
0,1,0.1,LightGBM_BAG_L1,year,0.2544753793186974
0,1,0.2,LightGBM_BAG_L1,item_id,0.0
0,1,0.2,LightGBM_BAG_L1,target_lag1,1.267010663239006
0,1,0.2,LightGBM_BAG_L1,target_lag2,0.5261197260058483
0,1,0.2,LightGBM_BAG_L1,target_lag3,0.30733427216606213
0,1,0.2,LightGBM_BAG_L1,target_lag4,0.1251775017386768
0,1,0.2,LightGBM_BAG_L1,target_lag5,0.15216679196003816
0,1,0.2,LightGBM_BAG_L1,target_lag6,0.25389360856893467
0,1,0.2,LightGBM_BAG_L1,cov_HULL_lag1,0.0982275975078344
0,1,0.2,LightGBM_BAG_L1,cov_MUFL_lag1,0.9826401888758411
0,1,0.2,LightGBM_BAG_L1,cov_MULL_lag1,0.08337311384007333
0,1,0.2,LightGBM_BAG_L1,cov_LUFL_lag1,0.12039229470132849
0,1,0.2,LightGBM_BAG_L1,cov_LULL_lag1,0.04921278626662677
0,1,0.2,LightGBM_BAG_L1,cov_OT_lag1,0.1706752499676542
0,1,0.2,LightGBM_BAG_L1,hour_lag1,0.6511599621335045
0,1,0.2,LightGBM_BAG_L1,day_of_week_lag1,0.03358992100369644
0,1,0.2,LightGBM_BAG_L1,month_lag1,0.06781472076270725
0,1,0.2,LightGBM_BAG_L1,month_sin,0.0412032193515916
0,1,0.2,LightGBM_BAG_L1,month_cos,0.04209284512740559
0,1,0.2,LightGBM_BAG_L1,year,0.2544753793186974
0,1,0.2,RandomForestMSE_BAG_L1,item_id,0.0
0,1,0.2,RandomForestMSE_BAG_L1,target_lag1,2.4769430774611787
0,1,0.2,RandomForestMSE_BAG_L1,target_lag2,0.21596242798561707
0,1,0.2,RandomForestMSE_BAG_L1,target_lag3,0.09567616146764062
0,1,0.2,RandomForestMSE_BAG_L1,target_lag4,0.05114547581685766
0,1,0.2,RandomForestMSE_BAG_L1,target_lag5,0.054489224023386455
0,1,0.2,RandomForestMSE_BAG_L1,target_lag6,0.060415653103442324
0,1,0.2,RandomForestMSE_BAG_L1,cov_HULL_lag1,0.03527880025363408
0,1,0.2,RandomForestMSE_BAG_L1,cov_MUFL_lag1,1.03437709045464
0,1,0.2,RandomForestMSE_BAG_L1,cov_MULL_lag1,0.035502679304740756
0,1,0.2,RandomForestMSE_BAG_L1,cov_LUFL_lag1,0.049698139471867096
0,1,0.2,RandomForestMSE_BAG_L1,cov_LULL_lag1,0.019495520681082353
0,1,0.2,RandomForestMSE_BAG_L1,cov_OT_lag1,0.024939506759495217
0,1,0.2,RandomForestMSE_BAG_L1,hour_lag1,0.5278848295288752
0,1,0.2,RandomForestMSE_BAG_L1,day_of_week_lag1,0.009372346525961016
0,1,0.2,RandomForestMSE_BAG_L1,month_lag1,0.019448731606552565
0,1,0.2,RandomForestMSE_BAG_L1,month_sin,0.009251619011713839
0,1,0.2,RandomForestMSE_BAG_L1,month_cos,0.007008923612197371
0,1,0.2,RandomForestMSE_BAG_L1,year,0.27761997660179066
0,1,0.2,ExtraTreesMSE_BAG_L1,item_id,0.0
0,1,0.2,ExtraTreesMSE_BAG_L1,target_lag1,1.7108022260381488
0,1,0.2,ExtraTreesMSE_BAG_L1,target_lag2,0.49608634375445704
0,1,0.2,ExtraTreesMSE_BAG_L1,target_lag3,0.2418566507322481
0,1,0.2,ExtraTreesMSE_BAG_L1,target_lag4,0.0581840739348146
0,1,0.2,ExtraTreesMSE_BAG_L1,target_lag5,0.04335670569670325
0,1,0.2,ExtraTreesMSE_BAG_L1,target_lag6,0.0489655701442854
0,1,0.2,ExtraTreesMSE_BAG_L1,cov_HULL_lag1,0.026615454123675563
0,1,0.2,ExtraTreesMSE_BAG_L1,cov_MUFL_lag1,1.196023345482444
0,1,0.2,ExtraTreesMSE_BAG_L1,cov_MULL_lag1,0.02364271216823253
0,1,0.2,ExtraTreesMSE_BAG_L1,cov_LUFL_lag1,0.05126375206993251
0,1,0.2,ExtraTreesMSE_BAG_L1,cov_LULL_lag1,0.012644157601485531
0,1,0.2,ExtraTreesMSE_BAG_L1,cov_OT_lag1,0.022821957443495952
0,1,0.2,ExtraTreesMSE_BAG_L1,hour_lag1,0.43527860593051443
0,1,0.2,ExtraTreesMSE_BAG_L1,day_of_week_lag1,0.00634294350431013
0,1,0.2,ExtraTreesMSE_BAG_L1,month_lag1,0.0385830823071766
0,1,0.2,ExtraTreesMSE_BAG_L1,month_sin,0.010160406255110816
0,1,0.2,ExtraTreesMSE_BAG_L1,month_cos,0.011551909831009162
0,1,0.2,ExtraTreesMSE_BAG_L1,year,0.11213263672174945
0,1,0.3,LightGBM_BAG_L1,item_id,0.0
0,1,0.3,LightGBM_BAG_L1,target_lag1,1.267010663239006
0,1,0.3,LightGBM_BAG_L1,target_lag2,0.5261197260058483
0,1,0.3,LightGBM_BAG_L1,target_lag3,0.30733427216606213
0,1,0.3,LightGBM_BAG_L1,target_lag4,0.1251775017386768
0,1,0.3,LightGBM_BAG_L1,target_lag5,0.15216679196003816
0,1,0.3,LightGBM_BAG_L1,target_lag6,0.25389360856893467
0,1,0.3,LightGBM_BAG_L1,cov_HULL_lag1,0.0982275975078344
0,1,0.3,LightGBM_BAG_L1,cov_MUFL_lag1,0.9826401888758411
0,1,0.3,LightGBM_BAG_L1,cov_MULL_lag1,0.08337311384007333
0,1,0.3,LightGBM_BAG_L1,cov_LUFL_lag1,0.12039229470132849
0,1,0.3,LightGBM_BAG_L1,cov_LULL_lag1,0.04921278626662677
0,1,0.3,LightGBM_BAG_L1,cov_OT_lag1,0.1706752499676542
0,1,0.3,LightGBM_BAG_L1,hour_lag1,0.6511599621335045
0,1,0.3,LightGBM_BAG_L1,day_of_week_lag1,0.03358992100369644
0,1,0.3,LightGBM_BAG_L1,month_lag1,0.06781472076270725
0,1,0.3,LightGBM_BAG_L1,month_sin,0.0412032193515916
0,1,0.3,LightGBM_BAG_L1,month_cos,0.04209284512740559
0,1,0.3,LightGBM_BAG_L1,year,0.2544753793186974
0,1,0.3,RandomForestMSE_BAG_L1,item_id,0.0
0,1,0.3,RandomForestMSE_BAG_L1,target_lag1,2.4769430774611787
0,1,0.3,RandomForestMSE_BAG_L1,target_lag2,0.21596242798561707
0,1,0.3,RandomForestMSE_BAG_L1,target_lag3,0.09567616146764062
0,1,0.3,RandomForestMSE_BAG_L1,target_lag4,0.05114547581685766
0,1,0.3,RandomForestMSE_BAG_L1,target_lag5,0.054489224023386455
0,1,0.3,RandomForestMSE_BAG_L1,target_lag6,0.060415653103442324
0,1,0.3,RandomForestMSE_BAG_L1,cov_HULL_lag1,0.03527880025363408
0,1,0.3,RandomForestMSE_BAG_L1,cov_MUFL_lag1,1.03437709045464
0,1,0.3,RandomForestMSE_BAG_L1,cov_MULL_lag1,0.035502679304740756
0,1,0.3,RandomForestMSE_BAG_L1,cov_LUFL_lag1,0.049698139471867096
0,1,0.3,RandomForestMSE_BAG_L1,cov_LULL_lag1,0.019495520681082353
0,1,0.3,RandomForestMSE_BAG_L1,cov_OT_lag1,0.024939506759495217
0,1,0.3,RandomForestMSE_BAG_L1,hour_lag1,0.5278848295288752
0,1,0.3,RandomForestMSE_BAG_L1,day_of_week_lag1,0.009372346525961016
0,1,0.3,RandomForestMSE_BAG_L1,month_lag1,0.019448731606552565
0,1,0.3,RandomForestMSE_BAG_L1,month_sin,0.009251619011713839
0,1,0.3,RandomForestMSE_BAG_L1,month_cos,0.007008923612197371
0,1,0.3,RandomForestMSE_BAG_L1,year,0.27761997660179066
0,1,0.3,ExtraTreesMSE_BAG_L1,item_id,0.0
0,1,0.3,ExtraTreesMSE_BAG_L1,target_lag1,1.7108022260381488
0,1,0.3,ExtraTreesMSE_BAG_L1,target_lag2,0.49608634375445704
0,1,0.3,ExtraTreesMSE_BAG_L1,target_lag3,0.2418566507322481
0,1,0.3,ExtraTreesMSE_BAG_L1,target_lag4,0.0581840739348146
0,1,0.3,ExtraTreesMSE_BAG_L1,target_lag5,0.04335670569670325
0,1,0.3,ExtraTreesMSE_BAG_L1,target_lag6,0.0489655701442854
0,1,0.3,ExtraTreesMSE_BAG_L1,cov_HULL_lag1,0.026615454123675563
0,1,0.3,ExtraTreesMSE_BAG_L1,cov_MUFL_lag1,1.196023345482444
0,1,0.3,ExtraTreesMSE_BAG_L1,cov_MULL_lag1,0.02364271216823253
0,1,0.3,ExtraTreesMSE_BAG_L1,cov_LUFL_lag1,0.05126375206993251
0,1,0.3,ExtraTreesMSE_BAG_L1,cov_LULL_lag1,0.012644157601485531
0,1,0.3,ExtraTreesMSE_BAG_L1,cov_OT_lag1,0.022821957443495952
0,1,0.3,ExtraTreesMSE_BAG_L1,hour_lag1,0.43527860593051443
0,1,0.3,ExtraTreesMSE_BAG_L1,day_of_week_lag1,0.00634294350431013
0,1,0.3,ExtraTreesMSE_BAG_L1,month_lag1,0.0385830823071766
0,1,0.3,ExtraTreesMSE_BAG_L1,month_sin,0.010160406255110816
0,1,0.3,ExtraTreesMSE_BAG_L1,month_cos,0.011551909831009162
0,1,0.3,ExtraTreesMSE_BAG_L1,year,0.11213263672174945
0,1,0.3,XGBoost_BAG_L1,item_id,0.0
0,1,0.3,XGBoost_BAG_L1,target_lag1,1.169135105289193
0,1,0.3,XGBoost_BAG_L1,target_lag2,0.42781068944530565
0,1,0.3,XGBoost_BAG_L1,target_lag3,0.3086953322353541
0,1,0.3,XGBoost_BAG_L1,target_lag4,0.18100935905114754
0,1,0.3,XGBoost_BAG_L1,target_lag5,0.3304400039442349
0,1,0.3,XGBoost_BAG_L1,target_lag6,0.30060571789154783
0,1,0.3,XGBoost_BAG_L1,cov_HULL_lag1,0.12161783624151726
0,1,0.3,XGBoost_BAG_L1,cov_MUFL_lag1,1.056994969135709
0,1,0.3,XGBoost_BAG_L1,cov_MULL_lag1,0.07817012769039722
0,1,0.3,XGBoost_BAG_L1,cov_LUFL_lag1,0.16892402233360337
0,1,0.3,XGBoost_BAG_L1,cov_LULL_lag1,0.07384102451843218
0,1,0.3,XGBoost_BAG_L1,cov_OT_lag1,0.1907673942766153
0,1,0.3,XGBoost_BAG_L1,hour_lag1,0.6407783434147248
0,1,0.3,XGBoost_BAG_L1,day_of_week_lag1,0.06102624233127568
0,1,0.3,XGBoost_BAG_L1,month_lag1,0.10056035670475101
0,1,0.3,XGBoost_BAG_L1,month_sin,0.035626672607194584
0,1,0.3,XGBoost_BAG_L1,month_cos,0.02473270159885285
0,1,0.3,XGBoost_BAG_L1,year,0.27057666429104277
1,1,0.02,RandomForestMSE_BAG_L1,item_id,0.0
1,1,0.02,RandomForestMSE_BAG_L1,target_lag1,2.504192487475024
1,1,0.02,RandomForestMSE_BAG_L1,target_lag2,0.43028778717331584
1,1,0.02,RandomForestMSE_BAG_L1,target_lag3,0.11827927266369805
1,1,0.02,RandomForestMSE_BAG_L1,target_lag4,0.08512255897383433
1,1,0.02,RandomForestMSE_BAG_L1,target_lag5,0.07155428941436115
1,1,0.02,RandomForestMSE_BAG_L1,target_lag6,0.06354096537046715
1,1,0.02,RandomForestMSE_BAG_L1,cov_HULL_lag1,0.02106664435165581
1,1,0.02,RandomForestMSE_BAG_L1,cov_MUFL_lag1,1.1757912110153936
1,1,0.02,RandomForestMSE_BAG_L1,cov_MULL_lag1,0.018909373535553498
1,1,0.02,RandomForestMSE_BAG_L1,cov_LUFL_lag1,0.05532421655507354
1,1,0.02,RandomForestMSE_BAG_L1,cov_LULL_lag1,0.0361532027145744
1,1,0.02,RandomForestMSE_BAG_L1,cov_OT_lag1,0.038207838494276836
1,1,0.02,RandomForestMSE_BAG_L1,hour_lag1,0.434599949521922
1,1,0.02,RandomForestMSE_BAG_L1,day_of_week_lag1,0.009497150373413739
1,1,0.02,RandomForestMSE_BAG_L1,month_lag1,0.02118836286156149
1,1,0.02,RandomForestMSE_BAG_L1,month_sin,0.007230334979388885
1,1,0.02,RandomForestMSE_BAG_L1,month_cos,0.009932517765796393
1,1,0.02,RandomForestMSE_BAG_L1,year,0.19292029563823238
1,1,0.05,RandomForestMSE_BAG_L1,item_id,0.0
1,1,0.05,RandomForestMSE_BAG_L1,target_lag1,2.504192487475024
1,1,0.05,RandomForestMSE_BAG_L1,target_lag2,0.43028778717331584
1,1,0.05,RandomForestMSE_BAG_L1,target_lag3,0.11827927266369805
1,1,0.05,RandomForestMSE_BAG_L1,target_lag4,0.08512255897383433
1,1,0.05,RandomForestMSE_BAG_L1,target_lag5,0.07155428941436115
1,1,0.05,RandomForestMSE_BAG_L1,target_lag6,0.06354096537046715
1,1,0.05,RandomForestMSE_BAG_L1,cov_HULL_lag1,0.02106664435165581
1,1,0.05,RandomForestMSE_BAG_L1,cov_MUFL_lag1,1.1757912110153936
1,1,0.05,RandomForestMSE_BAG_L1,cov_MULL_lag1,0.018909373535553498
1,1,0.05,RandomForestMSE_BAG_L1,cov_LUFL_lag1,0.05532421655507354
1,1,0.05,RandomForestMSE_BAG_L1,cov_LULL_lag1,0.0361532027145744
1,1,0.05,RandomForestMSE_BAG_L1,cov_OT_lag1,0.038207838494276836
1,1,0.05,RandomForestMSE_BAG_L1,hour_lag1,0.434599949521922
1,1,0.05,RandomForestMSE_BAG_L1,day_of_week_lag1,0.009497150373413739
1,1,0.05,RandomForestMSE_BAG_L1,month_lag1,0.02118836286156149
1,1,0.05,RandomForestMSE_BAG_L1,month_sin,0.007230334979388885
1,1,0.05,RandomForestMSE_BAG_L1,month_cos,0.009932517765796393
1,1,0.05,RandomForestMSE_BAG_L1,year,0.19292029563823238
1,1,0.05,ExtraTreesMSE_BAG_L1,item_id,0.0
1,1,0.05,ExtraTreesMSE_BAG_L1,target_lag1,1.880435099414462
1,1,0.05,ExtraTreesMSE_BAG_L1,target_lag2,0.6258429843295393
1,1,0.05,ExtraTreesMSE_BAG_L1,target_lag3,0.2792111050351348
1,1,0.05,ExtraTreesMSE_BAG_L1,target_lag4,0.1027734252071241
1,1,0.05,ExtraTreesMSE_BAG_L1,target_lag5,0.07486225854860389
1,1,0.05,ExtraTreesMSE_BAG_L1,target_lag6,0.06092029154974735
1,1,0.05,ExtraTreesMSE_BAG_L1,cov_HULL_lag1,0.011459687574073911
1,1,0.05,ExtraTreesMSE_BAG_L1,cov_MUFL_lag1,1.3263864286517784
1,1,0.05,ExtraTreesMSE_BAG_L1,cov_MULL_lag1,0.017418194301933504
1,1,0.05,ExtraTreesMSE_BAG_L1,cov_LUFL_lag1,0.06479190706949516
1,1,0.05,ExtraTreesMSE_BAG_L1,cov_LULL_lag1,0.023835640584616954
1,1,0.05,ExtraTreesMSE_BAG_L1,cov_OT_lag1,0.03226036784144817
1,1,0.05,ExtraTreesMSE_BAG_L1,hour_lag1,0.41928418449740057
1,1,0.05,ExtraTreesMSE_BAG_L1,day_of_week_lag1,0.008012720305874238
1,1,0.05,ExtraTreesMSE_BAG_L1,month_lag1,0.027424802840559263
1,1,0.05,ExtraTreesMSE_BAG_L1,month_sin,0.013947451284853706
1,1,0.05,ExtraTreesMSE_BAG_L1,month_cos,0.009111442216433346
1,1,0.05,ExtraTreesMSE_BAG_L1,year,0.15279136886112685
1,1,0.1,RandomForestMSE_BAG_L1,item_id,0.0
1,1,0.1,RandomForestMSE_BAG_L1,target_lag1,2.504192487475024
1,1,0.1,RandomForestMSE_BAG_L1,target_lag2,0.43028778717331584
1,1,0.1,RandomForestMSE_BAG_L1,target_lag3,0.11827927266369805
1,1,0.1,RandomForestMSE_BAG_L1,target_lag4,0.08512255897383433
1,1,0.1,RandomForestMSE_BAG_L1,target_lag5,0.07155428941436115
1,1,0.1,RandomForestMSE_BAG_L1,target_lag6,0.06354096537046715
1,1,0.1,RandomForestMSE_BAG_L1,cov_HULL_lag1,0.02106664435165581
1,1,0.1,RandomForestMSE_BAG_L1,cov_MUFL_lag1,1.1757912110153936
1,1,0.1,RandomForestMSE_BAG_L1,cov_MULL_lag1,0.018909373535553498
1,1,0.1,RandomForestMSE_BAG_L1,cov_LUFL_lag1,0.05532421655507354
1,1,0.1,RandomForestMSE_BAG_L1,cov_LULL_lag1,0.0361532027145744
1,1,0.1,RandomForestMSE_BAG_L1,cov_OT_lag1,0.038207838494276836
1,1,0.1,RandomForestMSE_BAG_L1,hour_lag1,0.434599949521922
1,1,0.1,RandomForestMSE_BAG_L1,day_of_week_lag1,0.009497150373413739
1,1,0.1,RandomForestMSE_BAG_L1,month_lag1,0.02118836286156149
1,1,0.1,RandomForestMSE_BAG_L1,month_sin,0.007230334979388885
1,1,0.1,RandomForestMSE_BAG_L1,month_cos,0.009932517765796393
1,1,0.1,RandomForestMSE_BAG_L1,year,0.19292029563823238
1,1,0.1,ExtraTreesMSE_BAG_L1,item_id,0.0
1,1,0.1,ExtraTreesMSE_BAG_L1,target_lag1,1.880435099414462
1,1,0.1,ExtraTreesMSE_BAG_L1,target_lag2,0.6258429843295393
1,1,0.1,ExtraTreesMSE_BAG_L1,target_lag3,0.2792111050351348
1,1,0.1,ExtraTreesMSE_BAG_L1,target_lag4,0.1027734252071241
1,1,0.1,ExtraTreesMSE_BAG_L1,target_lag5,0.07486225854860389
1,1,0.1,ExtraTreesMSE_BAG_L1,target_lag6,0.06092029154974735
1,1,0.1,ExtraTreesMSE_BAG_L1,cov_HULL_lag1,0.011459687574073911
1,1,0.1,ExtraTreesMSE_BAG_L1,cov_MUFL_lag1,1.3263864286517784
1,1,0.1,ExtraTreesMSE_BAG_L1,cov_MULL_lag1,0.017418194301933504
1,1,0.1,ExtraTreesMSE_BAG_L1,cov_LUFL_lag1,0.06479190706949516
1,1,0.1,ExtraTreesMSE_BAG_L1,cov_LULL_lag1,0.023835640584616954
1,1,0.1,ExtraTreesMSE_BAG_L1,cov_OT_lag1,0.03226036784144817
1,1,0.1,ExtraTreesMSE_BAG_L1,hour_lag1,0.41928418449740057
1,1,0.1,ExtraTreesMSE_BAG_L1,day_of_week_lag1,0.008012720305874238
1,1,0.1,ExtraTreesMSE_BAG_L1,month_lag1,0.027424802840559263
1,1,0.1,ExtraTreesMSE_BAG_L1,month_sin,0.013947451284853706
1,1,0.1,ExtraTreesMSE_BAG_L1,month_cos,0.009111442216433346
1,1,0.1,ExtraTreesMSE_BAG_L1,year,0.15279136886112685
1,1,0.2,RandomForestMSE_BAG_L1,item_id,0.0
1,1,0.2,RandomForestMSE_BAG_L1,target_lag1,2.504192487475024
1,1,0.2,RandomForestMSE_BAG_L1,target_lag2,0.43028778717331584
1,1,0.2,RandomForestMSE_BAG_L1,target_lag3,0.11827927266369805
1,1,0.2,RandomForestMSE_BAG_L1,target_lag4,0.08512255897383433
1,1,0.2,RandomForestMSE_BAG_L1,target_lag5,0.07155428941436115
1,1,0.2,RandomForestMSE_BAG_L1,target_lag6,0.06354096537046715
1,1,0.2,RandomForestMSE_BAG_L1,cov_HULL_lag1,0.02106664435165581
1,1,0.2,RandomForestMSE_BAG_L1,cov_MUFL_lag1,1.1757912110153936
1,1,0.2,RandomForestMSE_BAG_L1,cov_MULL_lag1,0.018909373535553498
1,1,0.2,RandomForestMSE_BAG_L1,cov_LUFL_lag1,0.05532421655507354
1,1,0.2,RandomForestMSE_BAG_L1,cov_LULL_lag1,0.0361532027145744
1,1,0.2,RandomForestMSE_BAG_L1,cov_OT_lag1,0.038207838494276836
1,1,0.2,RandomForestMSE_BAG_L1,hour_lag1,0.434599949521922
1,1,0.2,RandomForestMSE_BAG_L1,day_of_week_lag1,0.009497150373413739
1,1,0.2,RandomForestMSE_BAG_L1,month_lag1,0.02118836286156149
1,1,0.2,RandomForestMSE_BAG_L1,month_sin,0.007230334979388885
1,1,0.2,RandomForestMSE_BAG_L1,month_cos,0.009932517765796393
1,1,0.2,RandomForestMSE_BAG_L1,year,0.19292029563823238
1,1,0.2,ExtraTreesMSE_BAG_L1,item_id,0.0
1,1,0.2,ExtraTreesMSE_BAG_L1,target_lag1,1.880435099414462
1,1,0.2,ExtraTreesMSE_BAG_L1,target_lag2,0.6258429843295393
1,1,0.2,ExtraTreesMSE_BAG_L1,target_lag3,0.2792111050351348
1,1,0.2,ExtraTreesMSE_BAG_L1,target_lag4,0.1027734252071241
1,1,0.2,ExtraTreesMSE_BAG_L1,target_lag5,0.07486225854860389
1,1,0.2,ExtraTreesMSE_BAG_L1,target_lag6,0.06092029154974735
1,1,0.2,ExtraTreesMSE_BAG_L1,cov_HULL_lag1,0.011459687574073911
1,1,0.2,ExtraTreesMSE_BAG_L1,cov_MUFL_lag1,1.3263864286517784
1,1,0.2,ExtraTreesMSE_BAG_L1,cov_MULL_lag1,0.017418194301933504
1,1,0.2,ExtraTreesMSE_BAG_L1,cov_LUFL_lag1,0.06479190706949516
1,1,0.2,ExtraTreesMSE_BAG_L1,cov_LULL_lag1,0.023835640584616954
1,1,0.2,ExtraTreesMSE_BAG_L1,cov_OT_lag1,0.03226036784144817
1,1,0.2,ExtraTreesMSE_BAG_L1,hour_lag1,0.41928418449740057
1,1,0.2,ExtraTreesMSE_BAG_L1,day_of_week_lag1,0.008012720305874238
1,1,0.2,ExtraTreesMSE_BAG_L1,month_lag1,0.027424802840559263
1,1,0.2,ExtraTreesMSE_BAG_L1,month_sin,0.013947451284853706
1,1,0.2,ExtraTreesMSE_BAG_L1,month_cos,0.009111442216433346
1,1,0.2,ExtraTreesMSE_BAG_L1,year,0.15279136886112685
1,1,0.2,LightGBM_BAG_L1,item_id,0.0
1,1,0.2,LightGBM_BAG_L1,target_lag1,1.5413774994855283
1,1,0.2,LightGBM_BAG_L1,target_lag2,0.6228317174362716
1,1,0.2,LightGBM_BAG_L1,target_lag3,0.345192516437918
1,1,0.2,LightGBM_BAG_L1,target_lag4,0.19499870047082662
1,1,0.2,LightGBM_BAG_L1,target_lag5,0.1730783285077429
1,1,0.2,LightGBM_BAG_L1,target_lag6,0.1653360264260788
1,1,0.2,LightGBM_BAG_L1,cov_HULL_lag1,0.13672664851276203
1,1,0.2,LightGBM_BAG_L1,cov_MUFL_lag1,1.021782815512689
1,1,0.2,LightGBM_BAG_L1,cov_MULL_lag1,0.06065254087478391
1,1,0.2,LightGBM_BAG_L1,cov_LUFL_lag1,0.15931974415229636
1,1,0.2,LightGBM_BAG_L1,cov_LULL_lag1,0.08508462757456588
1,1,0.2,LightGBM_BAG_L1,cov_OT_lag1,0.12715148055837497
1,1,0.2,LightGBM_BAG_L1,hour_lag1,0.43873899708911784
1,1,0.2,LightGBM_BAG_L1,day_of_week_lag1,0.02009593926579688
1,1,0.2,LightGBM_BAG_L1,month_lag1,0.1154553470082581
1,1,0.2,LightGBM_BAG_L1,month_sin,0.02556188240842895
1,1,0.2,LightGBM_BAG_L1,month_cos,0.019983679404831475
1,1,0.2,LightGBM_BAG_L1,year,0.18793539149025448
1,1,0.3,RandomForestMSE_BAG_L1,item_id,0.0
1,1,0.3,RandomForestMSE_BAG_L1,target_lag1,2.504192487475024
1,1,0.3,RandomForestMSE_BAG_L1,target_lag2,0.43028778717331584
1,1,0.3,RandomForestMSE_BAG_L1,target_lag3,0.11827927266369805
1,1,0.3,RandomForestMSE_BAG_L1,target_lag4,0.08512255897383433
1,1,0.3,RandomForestMSE_BAG_L1,target_lag5,0.07155428941436115
1,1,0.3,RandomForestMSE_BAG_L1,target_lag6,0.06354096537046715
1,1,0.3,RandomForestMSE_BAG_L1,cov_HULL_lag1,0.02106664435165581
1,1,0.3,RandomForestMSE_BAG_L1,cov_MUFL_lag1,1.1757912110153936
1,1,0.3,RandomForestMSE_BAG_L1,cov_MULL_lag1,0.018909373535553498
1,1,0.3,RandomForestMSE_BAG_L1,cov_LUFL_lag1,0.05532421655507354
1,1,0.3,RandomForestMSE_BAG_L1,cov_LULL_lag1,0.0361532027145744
1,1,0.3,RandomForestMSE_BAG_L1,cov_OT_lag1,0.038207838494276836
1,1,0.3,RandomForestMSE_BAG_L1,hour_lag1,0.434599949521922
1,1,0.3,RandomForestMSE_BAG_L1,day_of_week_lag1,0.009497150373413739
1,1,0.3,RandomForestMSE_BAG_L1,month_lag1,0.02118836286156149
1,1,0.3,RandomForestMSE_BAG_L1,month_sin,0.007230334979388885
1,1,0.3,RandomForestMSE_BAG_L1,month_cos,0.009932517765796393
1,1,0.3,RandomForestMSE_BAG_L1,year,0.19292029563823238
1,1,0.3,ExtraTreesMSE_BAG_L1,item_id,0.0
1,1,0.3,ExtraTreesMSE_BAG_L1,target_lag1,1.880435099414462
1,1,0.3,ExtraTreesMSE_BAG_L1,target_lag2,0.6258429843295393
1,1,0.3,ExtraTreesMSE_BAG_L1,target_lag3,0.2792111050351348
1,1,0.3,ExtraTreesMSE_BAG_L1,target_lag4,0.1027734252071241
1,1,0.3,ExtraTreesMSE_BAG_L1,target_lag5,0.07486225854860389
1,1,0.3,ExtraTreesMSE_BAG_L1,target_lag6,0.06092029154974735
1,1,0.3,ExtraTreesMSE_BAG_L1,cov_HULL_lag1,0.011459687574073911
1,1,0.3,ExtraTreesMSE_BAG_L1,cov_MUFL_lag1,1.3263864286517784
1,1,0.3,ExtraTreesMSE_BAG_L1,cov_MULL_lag1,0.017418194301933504
1,1,0.3,ExtraTreesMSE_BAG_L1,cov_LUFL_lag1,0.06479190706949516
1,1,0.3,ExtraTreesMSE_BAG_L1,cov_LULL_lag1,0.023835640584616954
1,1,0.3,ExtraTreesMSE_BAG_L1,cov_OT_lag1,0.03226036784144817
1,1,0.3,ExtraTreesMSE_BAG_L1,hour_lag1,0.41928418449740057
1,1,0.3,ExtraTreesMSE_BAG_L1,day_of_week_lag1,0.008012720305874238
1,1,0.3,ExtraTreesMSE_BAG_L1,month_lag1,0.027424802840559263
1,1,0.3,ExtraTreesMSE_BAG_L1,month_sin,0.013947451284853706
1,1,0.3,ExtraTreesMSE_BAG_L1,month_cos,0.009111442216433346
1,1,0.3,ExtraTreesMSE_BAG_L1,year,0.15279136886112685
1,1,0.3,LightGBM_BAG_L1,item_id,0.0
1,1,0.3,LightGBM_BAG_L1,target_lag1,1.5413774994855283
1,1,0.3,LightGBM_BAG_L1,target_lag2,0.6228317174362716
1,1,0.3,LightGBM_BAG_L1,target_lag3,0.345192516437918
1,1,0.3,LightGBM_BAG_L1,target_lag4,0.19499870047082662
1,1,0.3,LightGBM_BAG_L1,target_lag5,0.1730783285077429
1,1,0.3,LightGBM_BAG_L1,target_lag6,0.1653360264260788
1,1,0.3,LightGBM_BAG_L1,cov_HULL_lag1,0.13672664851276203
1,1,0.3,LightGBM_BAG_L1,cov_MUFL_lag1,1.021782815512689
1,1,0.3,LightGBM_BAG_L1,cov_MULL_lag1,0.06065254087478391
1,1,0.3,LightGBM_BAG_L1,cov_LUFL_lag1,0.15931974415229636
1,1,0.3,LightGBM_BAG_L1,cov_LULL_lag1,0.08508462757456588
1,1,0.3,LightGBM_BAG_L1,cov_OT_lag1,0.12715148055837497
1,1,0.3,LightGBM_BAG_L1,hour_lag1,0.43873899708911784
1,1,0.3,LightGBM_BAG_L1,day_of_week_lag1,0.02009593926579688
1,1,0.3,LightGBM_BAG_L1,month_lag1,0.1154553470082581
1,1,0.3,LightGBM_BAG_L1,month_sin,0.02556188240842895
1,1,0.3,LightGBM_BAG_L1,month_cos,0.019983679404831475
1,1,0.3,LightGBM_BAG_L1,year,0.18793539149025448
1,1,0.3,RandomForestMSE_BAG_L2,item_id,0.0
1,1,0.3,RandomForestMSE_BAG_L2,target_lag1,0.7967335922260128
1,1,0.3,RandomForestMSE_BAG_L2,target_lag2,0.6214171426782965
1,1,0.3,RandomForestMSE_BAG_L2,target_lag3,0.40267907921575236
1,1,0.3,RandomForestMSE_BAG_L2,target_lag4,0.3122494995029177
1,1,0.3,RandomForestMSE_BAG_L2,target_lag5,0.1816839845448819
1,1,0.3,RandomForestMSE_BAG_L2,target_lag6,0.18329875070101187
1,1,0.3,RandomForestMSE_BAG_L2,cov_HULL_lag1,0.10912189685341431
1,1,0.3,RandomForestMSE_BAG_L2,cov_MUFL_lag1,1.3796765265606306
1,1,0.3,RandomForestMSE_BAG_L2,cov_MULL_lag1,0.07824120939559288
1,1,0.3,RandomForestMSE_BAG_L2,cov_LUFL_lag1,0.22977068667105638
1,1,0.3,RandomForestMSE_BAG_L2,cov_LULL_lag1,0.06271545284044108
1,1,0.3,RandomForestMSE_BAG_L2,cov_OT_lag1,0.1436071283745346
1,1,0.3,RandomForestMSE_BAG_L2,hour_lag1,0.5526790679959163
1,1,0.3,RandomForestMSE_BAG_L2,day_of_week_lag1,0.07087722105928114
1,1,0.3,RandomForestMSE_BAG_L2,month_lag1,0.16313953415506405
1,1,0.3,RandomForestMSE_BAG_L2,month_sin,0.07269383532534884
1,1,0.3,RandomForestMSE_BAG_L2,month_cos,0.05053188486889998
1,1,0.3,RandomForestMSE_BAG_L2,year,0.2564926117298201
2,1,0.02,LightGBM_BAG_L1,item_id,0.0
2,1,0.02,LightGBM_BAG_L1,target_lag1,3.0124069914335148
2,1,0.02,LightGBM_BAG_L1,target_lag2,1.022250393396628
2,1,0.02,LightGBM_BAG_L1,target_lag3,0.23360963026904497
2,1,0.02,LightGBM_BAG_L1,target_lag4,0.38194697620153895
2,1,0.02,LightGBM_BAG_L1,target_lag5,0.32649972523418264
2,1,0.02,LightGBM_BAG_L1,target_lag6,0.3456584000463597
2,1,0.02,LightGBM_BAG_L1,cov_HULL_lag1,0.17599817269224446
2,1,0.02,LightGBM_BAG_L1,cov_MUFL_lag1,2.1971936052121688
2,1,0.02,LightGBM_BAG_L1,cov_MULL_lag1,0.05411329567814246
2,1,0.02,LightGBM_BAG_L1,cov_LUFL_lag1,0.3689009628797764
2,1,0.02,LightGBM_BAG_L1,cov_LULL_lag1,0.0745568317695521
2,1,0.02,LightGBM_BAG_L1,cov_OT_lag1,0.16770511372239563
2,1,0.02,LightGBM_BAG_L1,hour_lag1,0.9694260820363535
2,1,0.02,LightGBM_BAG_L1,day_of_week_lag1,0.04216633256959028
2,1,0.02,LightGBM_BAG_L1,month_lag1,0.06592942963852544
2,1,0.02,LightGBM_BAG_L1,month_sin,0.0664745872261701
2,1,0.02,LightGBM_BAG_L1,month_cos,0.02835514441998673
2,1,0.02,LightGBM_BAG_L1,year,0.3640826119816863
2,1,0.05,LightGBM_BAG_L1,item_id,0.0
2,1,0.05,LightGBM_BAG_L1,target_lag1,3.0124069914335148
2,1,0.05,LightGBM_BAG_L1,target_lag2,1.022250393396628
2,1,0.05,LightGBM_BAG_L1,target_lag3,0.23360963026904497
2,1,0.05,LightGBM_BAG_L1,target_lag4,0.38194697620153895
2,1,0.05,LightGBM_BAG_L1,target_lag5,0.32649972523418264
2,1,0.05,LightGBM_BAG_L1,target_lag6,0.3456584000463597
2,1,0.05,LightGBM_BAG_L1,cov_HULL_lag1,0.17599817269224446
2,1,0.05,LightGBM_BAG_L1,cov_MUFL_lag1,2.1971936052121688
2,1,0.05,LightGBM_BAG_L1,cov_MULL_lag1,0.05411329567814246
2,1,0.05,LightGBM_BAG_L1,cov_LUFL_lag1,0.3689009628797764
2,1,0.05,LightGBM_BAG_L1,cov_LULL_lag1,0.0745568317695521
2,1,0.05,LightGBM_BAG_L1,cov_OT_lag1,0.16770511372239563
2,1,0.05,LightGBM_BAG_L1,hour_lag1,0.9694260820363535
2,1,0.05,LightGBM_BAG_L1,day_of_week_lag1,0.04216633256959028
2,1,0.05,LightGBM_BAG_L1,month_lag1,0.06592942963852544
2,1,0.05,LightGBM_BAG_L1,month_sin,0.0664745872261701
2,1,0.05,LightGBM_BAG_L1,month_cos,0.02835514441998673
2,1,0.05,LightGBM_BAG_L1,year,0.3640826119816863
2,1,0.1,LightGBM_BAG_L1,item_id,0.0
2,1,0.1,LightGBM_BAG_L1,target_lag1,3.0124069914335148
2,1,0.1,LightGBM_BAG_L1,target_lag2,1.022250393396628
2,1,0.1,LightGBM_BAG_L1,target_lag3,0.23360963026904497
2,1,0.1,LightGBM_BAG_L1,target_lag4,0.38194697620153895
2,1,0.1,LightGBM_BAG_L1,target_lag5,0.32649972523418264
2,1,0.1,LightGBM_BAG_L1,target_lag6,0.3456584000463597
2,1,0.1,LightGBM_BAG_L1,cov_HULL_lag1,0.17599817269224446
2,1,0.1,LightGBM_BAG_L1,cov_MUFL_lag1,2.1971936052121688
2,1,0.1,LightGBM_BAG_L1,cov_MULL_lag1,0.05411329567814246
2,1,0.1,LightGBM_BAG_L1,cov_LUFL_lag1,0.3689009628797764
2,1,0.1,LightGBM_BAG_L1,cov_LULL_lag1,0.0745568317695521
2,1,0.1,LightGBM_BAG_L1,cov_OT_lag1,0.16770511372239563
2,1,0.1,LightGBM_BAG_L1,hour_lag1,0.9694260820363535
2,1,0.1,LightGBM_BAG_L1,day_of_week_lag1,0.04216633256959028
2,1,0.1,LightGBM_BAG_L1,month_lag1,0.06592942963852544
2,1,0.1,LightGBM_BAG_L1,month_sin,0.0664745872261701
2,1,0.1,LightGBM_BAG_L1,month_cos,0.02835514441998673
2,1,0.1,LightGBM_BAG_L1,year,0.3640826119816863
2,1,0.1,RandomForestMSE_BAG_L1,item_id,0.0
2,1,0.1,RandomForestMSE_BAG_L1,target_lag1,4.379304245555051
2,1,0.1,RandomForestMSE_BAG_L1,target_lag2,0.4600987383814354
2,1,0.1,RandomForestMSE_BAG_L1,target_lag3,0.33742524569265375
2,1,0.1,RandomForestMSE_BAG_L1,target_lag4,0.2410154601411545
2,1,0.1,RandomForestMSE_BAG_L1,target_lag5,0.23040224476179286
2,1,0.1,RandomForestMSE_BAG_L1,target_lag6,0.0955178200867056
2,1,0.1,RandomForestMSE_BAG_L1,cov_HULL_lag1,0.02068045058618881
2,1,0.1,RandomForestMSE_BAG_L1,cov_MUFL_lag1,2.9417498429258147
2,1,0.1,RandomForestMSE_BAG_L1,cov_MULL_lag1,0.02413110713625357
2,1,0.1,RandomForestMSE_BAG_L1,cov_LUFL_lag1,0.07780617395417246
2,1,0.1,RandomForestMSE_BAG_L1,cov_LULL_lag1,0.03412568176630451
2,1,0.1,RandomForestMSE_BAG_L1,cov_OT_lag1,0.0398461002167023
2,1,0.1,RandomForestMSE_BAG_L1,hour_lag1,0.6969211834444373
2,1,0.1,RandomForestMSE_BAG_L1,day_of_week_lag1,0.011067097980249699
2,1,0.1,RandomForestMSE_BAG_L1,month_lag1,0.012539583595562313
2,1,0.1,RandomForestMSE_BAG_L1,month_sin,0.020811405421578107
2,1,0.1,RandomForestMSE_BAG_L1,month_cos,0.009370742375172608
2,1,0.1,RandomForestMSE_BAG_L1,year,0.1873030321319441
2,1,0.2,LightGBM_BAG_L1,item_id,0.0
2,1,0.2,LightGBM_BAG_L1,target_lag1,3.0124069914335148
2,1,0.2,LightGBM_BAG_L1,target_lag2,1.022250393396628
2,1,0.2,LightGBM_BAG_L1,target_lag3,0.23360963026904497
2,1,0.2,LightGBM_BAG_L1,target_lag4,0.38194697620153895
2,1,0.2,LightGBM_BAG_L1,target_lag5,0.32649972523418264
2,1,0.2,LightGBM_BAG_L1,target_lag6,0.3456584000463597
2,1,0.2,LightGBM_BAG_L1,cov_HULL_lag1,0.17599817269224446
2,1,0.2,LightGBM_BAG_L1,cov_MUFL_lag1,2.1971936052121688
2,1,0.2,LightGBM_BAG_L1,cov_MULL_lag1,0.05411329567814246
2,1,0.2,LightGBM_BAG_L1,cov_LUFL_lag1,0.3689009628797764
2,1,0.2,LightGBM_BAG_L1,cov_LULL_lag1,0.0745568317695521
2,1,0.2,LightGBM_BAG_L1,cov_OT_lag1,0.16770511372239563
2,1,0.2,LightGBM_BAG_L1,hour_lag1,0.9694260820363535
2,1,0.2,LightGBM_BAG_L1,day_of_week_lag1,0.04216633256959028
2,1,0.2,LightGBM_BAG_L1,month_lag1,0.06592942963852544
2,1,0.2,LightGBM_BAG_L1,month_sin,0.0664745872261701
2,1,0.2,LightGBM_BAG_L1,month_cos,0.02835514441998673
2,1,0.2,LightGBM_BAG_L1,year,0.3640826119816863
2,1,0.2,RandomForestMSE_BAG_L1,item_id,0.0
2,1,0.2,RandomForestMSE_BAG_L1,target_lag1,4.379304245555051
2,1,0.2,RandomForestMSE_BAG_L1,target_lag2,0.4600987383814354
2,1,0.2,RandomForestMSE_BAG_L1,target_lag3,0.33742524569265375
2,1,0.2,RandomForestMSE_BAG_L1,target_lag4,0.2410154601411545
2,1,0.2,RandomForestMSE_BAG_L1,target_lag5,0.23040224476179286
2,1,0.2,RandomForestMSE_BAG_L1,target_lag6,0.0955178200867056
2,1,0.2,RandomForestMSE_BAG_L1,cov_HULL_lag1,0.02068045058618881
2,1,0.2,RandomForestMSE_BAG_L1,cov_MUFL_lag1,2.9417498429258147
2,1,0.2,RandomForestMSE_BAG_L1,cov_MULL_lag1,0.02413110713625357
2,1,0.2,RandomForestMSE_BAG_L1,cov_LUFL_lag1,0.07780617395417246
2,1,0.2,RandomForestMSE_BAG_L1,cov_LULL_lag1,0.03412568176630451
2,1,0.2,RandomForestMSE_BAG_L1,cov_OT_lag1,0.0398461002167023
2,1,0.2,RandomForestMSE_BAG_L1,hour_lag1,0.6969211834444373
2,1,0.2,RandomForestMSE_BAG_L1,day_of_week_lag1,0.011067097980249699
2,1,0.2,RandomForestMSE_BAG_L1,month_lag1,0.012539583595562313
2,1,0.2,RandomForestMSE_BAG_L1,month_sin,0.020811405421578107
2,1,0.2,RandomForestMSE_BAG_L1,month_cos,0.009370742375172608
2,1,0.2,RandomForestMSE_BAG_L1,year,0.1873030321319441
2,1,0.2,ExtraTreesMSE_BAG_L1,item_id,0.0
2,1,0.2,ExtraTreesMSE_BAG_L1,target_lag1,3.155813598185081
2,1,0.2,ExtraTreesMSE_BAG_L1,target_lag2,1.2161542665548157
2,1,0.2,ExtraTreesMSE_BAG_L1,target_lag3,0.6624595717725925
2,1,0.2,ExtraTreesMSE_BAG_L1,target_lag4,0.2960878101966711
2,1,0.2,ExtraTreesMSE_BAG_L1,target_lag5,0.16481547473937389
2,1,0.2,ExtraTreesMSE_BAG_L1,target_lag6,0.10708221709001801
2,1,0.2,ExtraTreesMSE_BAG_L1,cov_HULL_lag1,0.013193809769863157
2,1,0.2,ExtraTreesMSE_BAG_L1,cov_MUFL_lag1,2.5673561778311824
2,1,0.2,ExtraTreesMSE_BAG_L1,cov_MULL_lag1,0.018927588524098954
2,1,0.2,ExtraTreesMSE_BAG_L1,cov_LUFL_lag1,0.09055503463827776
2,1,0.2,ExtraTreesMSE_BAG_L1,cov_LULL_lag1,0.028151824996911486
2,1,0.2,ExtraTreesMSE_BAG_L1,cov_OT_lag1,0.026259187529823966
2,1,0.2,ExtraTreesMSE_BAG_L1,hour_lag1,0.6894070203869807
2,1,0.2,ExtraTreesMSE_BAG_L1,day_of_week_lag1,0.018903848345269224
2,1,0.2,ExtraTreesMSE_BAG_L1,month_lag1,0.02885452235144909
2,1,0.2,ExtraTreesMSE_BAG_L1,month_sin,0.02266523530190463
2,1,0.2,ExtraTreesMSE_BAG_L1,month_cos,0.016149878218330554
2,1,0.2,ExtraTreesMSE_BAG_L1,year,0.07540183643521052
2,1,0.3,LightGBM_BAG_L1,item_id,0.0
2,1,0.3,LightGBM_BAG_L1,target_lag1,3.0124069914335148
2,1,0.3,LightGBM_BAG_L1,target_lag2,1.022250393396628
2,1,0.3,LightGBM_BAG_L1,target_lag3,0.23360963026904497
2,1,0.3,LightGBM_BAG_L1,target_lag4,0.38194697620153895
2,1,0.3,LightGBM_BAG_L1,target_lag5,0.32649972523418264
2,1,0.3,LightGBM_BAG_L1,target_lag6,0.3456584000463597
2,1,0.3,LightGBM_BAG_L1,cov_HULL_lag1,0.17599817269224446
2,1,0.3,LightGBM_BAG_L1,cov_MUFL_lag1,2.1971936052121688
2,1,0.3,LightGBM_BAG_L1,cov_MULL_lag1,0.05411329567814246
2,1,0.3,LightGBM_BAG_L1,cov_LUFL_lag1,0.3689009628797764
2,1,0.3,LightGBM_BAG_L1,cov_LULL_lag1,0.0745568317695521
2,1,0.3,LightGBM_BAG_L1,cov_OT_lag1,0.16770511372239563
2,1,0.3,LightGBM_BAG_L1,hour_lag1,0.9694260820363535
2,1,0.3,LightGBM_BAG_L1,day_of_week_lag1,0.04216633256959028
2,1,0.3,LightGBM_BAG_L1,month_lag1,0.06592942963852544
2,1,0.3,LightGBM_BAG_L1,month_sin,0.0664745872261701
2,1,0.3,LightGBM_BAG_L1,month_cos,0.02835514441998673
2,1,0.3,LightGBM_BAG_L1,year,0.3640826119816863
2,1,0.3,RandomForestMSE_BAG_L1,item_id,0.0
2,1,0.3,RandomForestMSE_BAG_L1,target_lag1,4.379304245555051
2,1,0.3,RandomForestMSE_BAG_L1,target_lag2,0.4600987383814354
2,1,0.3,RandomForestMSE_BAG_L1,target_lag3,0.33742524569265375
2,1,0.3,RandomForestMSE_BAG_L1,target_lag4,0.2410154601411545
2,1,0.3,RandomForestMSE_BAG_L1,target_lag5,0.23040224476179286
2,1,0.3,RandomForestMSE_BAG_L1,target_lag6,0.0955178200867056
2,1,0.3,RandomForestMSE_BAG_L1,cov_HULL_lag1,0.02068045058618881
2,1,0.3,RandomForestMSE_BAG_L1,cov_MUFL_lag1,2.9417498429258147
2,1,0.3,RandomForestMSE_BAG_L1,cov_MULL_lag1,0.02413110713625357
2,1,0.3,RandomForestMSE_BAG_L1,cov_LUFL_lag1,0.07780617395417246
2,1,0.3,RandomForestMSE_BAG_L1,cov_LULL_lag1,0.03412568176630451
2,1,0.3,RandomForestMSE_BAG_L1,cov_OT_lag1,0.0398461002167023
2,1,0.3,RandomForestMSE_BAG_L1,hour_lag1,0.6969211834444373
2,1,0.3,RandomForestMSE_BAG_L1,day_of_week_lag1,0.011067097980249699
2,1,0.3,RandomForestMSE_BAG_L1,month_lag1,0.012539583595562313
2,1,0.3,RandomForestMSE_BAG_L1,month_sin,0.020811405421578107
2,1,0.3,RandomForestMSE_BAG_L1,month_cos,0.009370742375172608
2,1,0.3,RandomForestMSE_BAG_L1,year,0.1873030321319441
2,1,0.3,ExtraTreesMSE_BAG_L1,item_id,0.0
2,1,0.3,ExtraTreesMSE_BAG_L1,target_lag1,3.155813598185081
2,1,0.3,ExtraTreesMSE_BAG_L1,target_lag2,1.2161542665548157
2,1,0.3,ExtraTreesMSE_BAG_L1,target_lag3,0.6624595717725925
2,1,0.3,ExtraTreesMSE_BAG_L1,target_lag4,0.2960878101966711
2,1,0.3,ExtraTreesMSE_BAG_L1,target_lag5,0.16481547473937389
2,1,0.3,ExtraTreesMSE_BAG_L1,target_lag6,0.10708221709001801
2,1,0.3,ExtraTreesMSE_BAG_L1,cov_HULL_lag1,0.013193809769863157
2,1,0.3,ExtraTreesMSE_BAG_L1,cov_MUFL_lag1,2.5673561778311824
2,1,0.3,ExtraTreesMSE_BAG_L1,cov_MULL_lag1,0.018927588524098954
2,1,0.3,ExtraTreesMSE_BAG_L1,cov_LUFL_lag1,0.09055503463827776
2,1,0.3,ExtraTreesMSE_BAG_L1,cov_LULL_lag1,0.028151824996911486
2,1,0.3,ExtraTreesMSE_BAG_L1,cov_OT_lag1,0.026259187529823966
2,1,0.3,ExtraTreesMSE_BAG_L1,hour_lag1,0.6894070203869807
2,1,0.3,ExtraTreesMSE_BAG_L1,day_of_week_lag1,0.018903848345269224
2,1,0.3,ExtraTreesMSE_BAG_L1,month_lag1,0.02885452235144909
2,1,0.3,ExtraTreesMSE_BAG_L1,month_sin,0.02266523530190463
2,1,0.3,ExtraTreesMSE_BAG_L1,month_cos,0.016149878218330554
2,1,0.3,ExtraTreesMSE_BAG_L1,year,0.07540183643521052
0,2,0.02,LightGBM_BAG_L1,item_id,0.0
0,2,0.02,LightGBM_BAG_L1,target_lag1,1.248959529609699
0,2,0.02,LightGBM_BAG_L1,target_lag2,0.5249033965488897
0,2,0.02,LightGBM_BAG_L1,target_lag3,0.3044544467723928
0,2,0.02,LightGBM_BAG_L1,target_lag4,0.13142203119313345
0,2,0.02,LightGBM_BAG_L1,target_lag5,0.15428177621399516
0,2,0.02,LightGBM_BAG_L1,target_lag6,0.25043336325394916
0,2,0.02,LightGBM_BAG_L1,cov_HULL_lag1,0.09935807537965015
0,2,0.02,LightGBM_BAG_L1,cov_MUFL_lag1,0.9853539030578919
0,2,0.02,LightGBM_BAG_L1,cov_MULL_lag1,0.08070726145347583
0,2,0.02,LightGBM_BAG_L1,cov_LUFL_lag1,0.13269609264819887
0,2,0.02,LightGBM_BAG_L1,cov_LULL_lag1,0.050318144531268566
0,2,0.02,LightGBM_BAG_L1,cov_OT_lag1,0.16661645082770846
0,2,0.02,LightGBM_BAG_L1,hour_lag1,0.6414602717213335
0,2,0.02,LightGBM_BAG_L1,day_of_week_lag1,0.033591259712819
0,2,0.02,LightGBM_BAG_L1,month_lag1,0.06672525864979258
0,2,0.02,LightGBM_BAG_L1,month_sin,0.039323237249022334
0,2,0.02,LightGBM_BAG_L1,month_cos,0.04175054574189708
0,2,0.02,LightGBM_BAG_L1,year,0.26226576776835137
0,2,0.05,LightGBM_BAG_L1,item_id,0.0
0,2,0.05,LightGBM_BAG_L1,target_lag1,1.248959529609699
0,2,0.05,LightGBM_BAG_L1,target_lag2,0.5249033965488897
0,2,0.05,LightGBM_BAG_L1,target_lag3,0.3044544467723928
0,2,0.05,LightGBM_BAG_L1,target_lag4,0.13142203119313345
0,2,0.05,LightGBM_BAG_L1,target_lag5,0.15428177621399516
0,2,0.05,LightGBM_BAG_L1,target_lag6,0.25043336325394916
0,2,0.05,LightGBM_BAG_L1,cov_HULL_lag1,0.09935807537965015
0,2,0.05,LightGBM_BAG_L1,cov_MUFL_lag1,0.9853539030578919
0,2,0.05,LightGBM_BAG_L1,cov_MULL_lag1,0.08070726145347583
0,2,0.05,LightGBM_BAG_L1,cov_LUFL_lag1,0.13269609264819887
0,2,0.05,LightGBM_BAG_L1,cov_LULL_lag1,0.050318144531268566
0,2,0.05,LightGBM_BAG_L1,cov_OT_lag1,0.16661645082770846
0,2,0.05,LightGBM_BAG_L1,hour_lag1,0.6414602717213335
0,2,0.05,LightGBM_BAG_L1,day_of_week_lag1,0.033591259712819
0,2,0.05,LightGBM_BAG_L1,month_lag1,0.06672525864979258
0,2,0.05,LightGBM_BAG_L1,month_sin,0.039323237249022334
0,2,0.05,LightGBM_BAG_L1,month_cos,0.04175054574189708
0,2,0.05,LightGBM_BAG_L1,year,0.26226576776835137
0,2,0.1,LightGBM_BAG_L1,item_id,0.0
0,2,0.1,LightGBM_BAG_L1,target_lag1,1.248959529609699
0,2,0.1,LightGBM_BAG_L1,target_lag2,0.5249033965488897
0,2,0.1,LightGBM_BAG_L1,target_lag3,0.3044544467723928
0,2,0.1,LightGBM_BAG_L1,target_lag4,0.13142203119313345
0,2,0.1,LightGBM_BAG_L1,target_lag5,0.15428177621399516
0,2,0.1,LightGBM_BAG_L1,target_lag6,0.25043336325394916
0,2,0.1,LightGBM_BAG_L1,cov_HULL_lag1,0.09935807537965015
0,2,0.1,LightGBM_BAG_L1,cov_MUFL_lag1,0.9853539030578919
0,2,0.1,LightGBM_BAG_L1,cov_MULL_lag1,0.08070726145347583
0,2,0.1,LightGBM_BAG_L1,cov_LUFL_lag1,0.13269609264819887
0,2,0.1,LightGBM_BAG_L1,cov_LULL_lag1,0.050318144531268566
0,2,0.1,LightGBM_BAG_L1,cov_OT_lag1,0.16661645082770846
0,2,0.1,LightGBM_BAG_L1,hour_lag1,0.6414602717213335
0,2,0.1,LightGBM_BAG_L1,day_of_week_lag1,0.033591259712819
0,2,0.1,LightGBM_BAG_L1,month_lag1,0.06672525864979258
0,2,0.1,LightGBM_BAG_L1,month_sin,0.039323237249022334
0,2,0.1,LightGBM_BAG_L1,month_cos,0.04175054574189708
0,2,0.1,LightGBM_BAG_L1,year,0.26226576776835137
0,2,0.2,LightGBM_BAG_L1,item_id,0.0
0,2,0.2,LightGBM_BAG_L1,target_lag1,1.248959529609699
0,2,0.2,LightGBM_BAG_L1,target_lag2,0.5249033965488897
0,2,0.2,LightGBM_BAG_L1,target_lag3,0.3044544467723928
0,2,0.2,LightGBM_BAG_L1,target_lag4,0.13142203119313345
0,2,0.2,LightGBM_BAG_L1,target_lag5,0.15428177621399516
0,2,0.2,LightGBM_BAG_L1,target_lag6,0.25043336325394916
0,2,0.2,LightGBM_BAG_L1,cov_HULL_lag1,0.09935807537965015
0,2,0.2,LightGBM_BAG_L1,cov_MUFL_lag1,0.9853539030578919
0,2,0.2,LightGBM_BAG_L1,cov_MULL_lag1,0.08070726145347583
0,2,0.2,LightGBM_BAG_L1,cov_LUFL_lag1,0.13269609264819887
0,2,0.2,LightGBM_BAG_L1,cov_LULL_lag1,0.050318144531268566
0,2,0.2,LightGBM_BAG_L1,cov_OT_lag1,0.16661645082770846
0,2,0.2,LightGBM_BAG_L1,hour_lag1,0.6414602717213335
0,2,0.2,LightGBM_BAG_L1,day_of_week_lag1,0.033591259712819
0,2,0.2,LightGBM_BAG_L1,month_lag1,0.06672525864979258
0,2,0.2,LightGBM_BAG_L1,month_sin,0.039323237249022334
0,2,0.2,LightGBM_BAG_L1,month_cos,0.04175054574189708
0,2,0.2,LightGBM_BAG_L1,year,0.26226576776835137
0,2,0.2,RandomForestMSE_BAG_L1,item_id,0.0
0,2,0.2,RandomForestMSE_BAG_L1,target_lag1,2.5021575458364422
0,2,0.2,RandomForestMSE_BAG_L1,target_lag2,0.21597398908123136
0,2,0.2,RandomForestMSE_BAG_L1,target_lag3,0.09411595259403985
0,2,0.2,RandomForestMSE_BAG_L1,target_lag4,0.04535154185332651
0,2,0.2,RandomForestMSE_BAG_L1,target_lag5,0.05654336677614924
0,2,0.2,RandomForestMSE_BAG_L1,target_lag6,0.07089124211315066
0,2,0.2,RandomForestMSE_BAG_L1,cov_HULL_lag1,0.03820065591840826
0,2,0.2,RandomForestMSE_BAG_L1,cov_MUFL_lag1,1.025933202684093
0,2,0.2,RandomForestMSE_BAG_L1,cov_MULL_lag1,0.034988834069500444
0,2,0.2,RandomForestMSE_BAG_L1,cov_LUFL_lag1,0.05602762493754271
0,2,0.2,RandomForestMSE_BAG_L1,cov_LULL_lag1,0.02078224357487235
0,2,0.2,RandomForestMSE_BAG_L1,cov_OT_lag1,0.026228918812303652
0,2,0.2,RandomForestMSE_BAG_L1,hour_lag1,0.5338492167150636
0,2,0.2,RandomForestMSE_BAG_L1,day_of_week_lag1,0.009452417280412946
0,2,0.2,RandomForestMSE_BAG_L1,month_lag1,0.01905003165715606
0,2,0.2,RandomForestMSE_BAG_L1,month_sin,0.011345339274159134
0,2,0.2,RandomForestMSE_BAG_L1,month_cos,0.006709638849365028
0,2,0.2,RandomForestMSE_BAG_L1,year,0.2860523314867737
0,2,0.2,ExtraTreesMSE_BAG_L1,item_id,0.0
0,2,0.2,ExtraTreesMSE_BAG_L1,target_lag1,1.7169849351651965
0,2,0.2,ExtraTreesMSE_BAG_L1,target_lag2,0.5005155324723222
0,2,0.2,ExtraTreesMSE_BAG_L1,target_lag3,0.24156983278394684
0,2,0.2,ExtraTreesMSE_BAG_L1,target_lag4,0.05596930566058285
0,2,0.2,ExtraTreesMSE_BAG_L1,target_lag5,0.041127606073592296
0,2,0.2,ExtraTreesMSE_BAG_L1,target_lag6,0.05325310369590296
0,2,0.2,ExtraTreesMSE_BAG_L1,cov_HULL_lag1,0.026886210088848447
0,2,0.2,ExtraTreesMSE_BAG_L1,cov_MUFL_lag1,1.2096146991190542
0,2,0.2,ExtraTreesMSE_BAG_L1,cov_MULL_lag1,0.021797430368178182
0,2,0.2,ExtraTreesMSE_BAG_L1,cov_LUFL_lag1,0.051312124078146754
0,2,0.2,ExtraTreesMSE_BAG_L1,cov_LULL_lag1,0.01233082771935734
0,2,0.2,ExtraTreesMSE_BAG_L1,cov_OT_lag1,0.024630246320104954
0,2,0.2,ExtraTreesMSE_BAG_L1,hour_lag1,0.43559742906707105
0,2,0.2,ExtraTreesMSE_BAG_L1,day_of_week_lag1,0.007768653003378148
0,2,0.2,ExtraTreesMSE_BAG_L1,month_lag1,0.036707528963090166
0,2,0.2,ExtraTreesMSE_BAG_L1,month_sin,0.011224447626067599
0,2,0.2,ExtraTreesMSE_BAG_L1,month_cos,0.01317760616516469
0,2,0.2,ExtraTreesMSE_BAG_L1,year,0.11166986102902596
0,2,0.3,LightGBM_BAG_L1,item_id,0.0
0,2,0.3,LightGBM_BAG_L1,target_lag1,1.248959529609699
0,2,0.3,LightGBM_BAG_L1,target_lag2,0.5249033965488897
0,2,0.3,LightGBM_BAG_L1,target_lag3,0.3044544467723928
0,2,0.3,LightGBM_BAG_L1,target_lag4,0.13142203119313345
0,2,0.3,LightGBM_BAG_L1,target_lag5,0.15428177621399516
0,2,0.3,LightGBM_BAG_L1,target_lag6,0.25043336325394916
0,2,0.3,LightGBM_BAG_L1,cov_HULL_lag1,0.09935807537965015
0,2,0.3,LightGBM_BAG_L1,cov_MUFL_lag1,0.9853539030578919
0,2,0.3,LightGBM_BAG_L1,cov_MULL_lag1,0.08070726145347583
0,2,0.3,LightGBM_BAG_L1,cov_LUFL_lag1,0.13269609264819887
0,2,0.3,LightGBM_BAG_L1,cov_LULL_lag1,0.050318144531268566
0,2,0.3,LightGBM_BAG_L1,cov_OT_lag1,0.16661645082770846
0,2,0.3,LightGBM_BAG_L1,hour_lag1,0.6414602717213335
0,2,0.3,LightGBM_BAG_L1,day_of_week_lag1,0.033591259712819
0,2,0.3,LightGBM_BAG_L1,month_lag1,0.06672525864979258
0,2,0.3,LightGBM_BAG_L1,month_sin,0.039323237249022334
0,2,0.3,LightGBM_BAG_L1,month_cos,0.04175054574189708
0,2,0.3,LightGBM_BAG_L1,year,0.26226576776835137
0,2,0.3,RandomForestMSE_BAG_L1,item_id,0.0
0,2,0.3,RandomForestMSE_BAG_L1,target_lag1,2.5021575458364422
0,2,0.3,RandomForestMSE_BAG_L1,target_lag2,0.21597398908123136
0,2,0.3,RandomForestMSE_BAG_L1,target_lag3,0.09411595259403985
0,2,0.3,RandomForestMSE_BAG_L1,target_lag4,0.04535154185332651
0,2,0.3,RandomForestMSE_BAG_L1,target_lag5,0.05654336677614924
0,2,0.3,RandomForestMSE_BAG_L1,target_lag6,0.07089124211315066
0,2,0.3,RandomForestMSE_BAG_L1,cov_HULL_lag1,0.03820065591840826
0,2,0.3,RandomForestMSE_BAG_L1,cov_MUFL_lag1,1.025933202684093
0,2,0.3,RandomForestMSE_BAG_L1,cov_MULL_lag1,0.034988834069500444
0,2,0.3,RandomForestMSE_BAG_L1,cov_LUFL_lag1,0.05602762493754271
0,2,0.3,RandomForestMSE_BAG_L1,cov_LULL_lag1,0.02078224357487235
0,2,0.3,RandomForestMSE_BAG_L1,cov_OT_lag1,0.026228918812303652
0,2,0.3,RandomForestMSE_BAG_L1,hour_lag1,0.5338492167150636
0,2,0.3,RandomForestMSE_BAG_L1,day_of_week_lag1,0.009452417280412946
0,2,0.3,RandomForestMSE_BAG_L1,month_lag1,0.01905003165715606
0,2,0.3,RandomForestMSE_BAG_L1,month_sin,0.011345339274159134
0,2,0.3,RandomForestMSE_BAG_L1,month_cos,0.006709638849365028
0,2,0.3,RandomForestMSE_BAG_L1,year,0.2860523314867737
0,2,0.3,ExtraTreesMSE_BAG_L1,item_id,0.0
0,2,0.3,ExtraTreesMSE_BAG_L1,target_lag1,1.7169849351651965
0,2,0.3,ExtraTreesMSE_BAG_L1,target_lag2,0.5005155324723222
0,2,0.3,ExtraTreesMSE_BAG_L1,target_lag3,0.24156983278394684
0,2,0.3,ExtraTreesMSE_BAG_L1,target_lag4,0.05596930566058285
0,2,0.3,ExtraTreesMSE_BAG_L1,target_lag5,0.041127606073592296
0,2,0.3,ExtraTreesMSE_BAG_L1,target_lag6,0.05325310369590296
0,2,0.3,ExtraTreesMSE_BAG_L1,cov_HULL_lag1,0.026886210088848447
0,2,0.3,ExtraTreesMSE_BAG_L1,cov_MUFL_lag1,1.2096146991190542
0,2,0.3,ExtraTreesMSE_BAG_L1,cov_MULL_lag1,0.021797430368178182
0,2,0.3,ExtraTreesMSE_BAG_L1,cov_LUFL_lag1,0.051312124078146754
0,2,0.3,ExtraTreesMSE_BAG_L1,cov_LULL_lag1,0.01233082771935734
0,2,0.3,ExtraTreesMSE_BAG_L1,cov_OT_lag1,0.024630246320104954
0,2,0.3,ExtraTreesMSE_BAG_L1,hour_lag1,0.43559742906707105
0,2,0.3,ExtraTreesMSE_BAG_L1,day_of_week_lag1,0.007768653003378148
0,2,0.3,ExtraTreesMSE_BAG_L1,month_lag1,0.036707528963090166
0,2,0.3,ExtraTreesMSE_BAG_L1,month_sin,0.011224447626067599
0,2,0.3,ExtraTreesMSE_BAG_L1,month_cos,0.01317760616516469
0,2,0.3,ExtraTreesMSE_BAG_L1,year,0.11166986102902596
0,2,0.3,XGBoost_BAG_L1,item_id,0.0
0,2,0.3,XGBoost_BAG_L1,target_lag1,1.1692548629410566
0,2,0.3,XGBoost_BAG_L1,target_lag2,0.4134754644098227
0,2,0.3,XGBoost_BAG_L1,target_lag3,0.2923849615660962
0,2,0.3,XGBoost_BAG_L1,target_lag4,0.1723482673953287
0,2,0.3,XGBoost_BAG_L1,target_lag5,0.315945114299655
0,2,0.3,XGBoost_BAG_L1,target_lag6,0.29565991279650483
0,2,0.3,XGBoost_BAG_L1,cov_HULL_lag1,0.11714604771216398
0,2,0.3,XGBoost_BAG_L1,cov_MUFL_lag1,1.0444795869897119
0,2,0.3,XGBoost_BAG_L1,cov_MULL_lag1,0.08271043724967166
0,2,0.3,XGBoost_BAG_L1,cov_LUFL_lag1,0.1792488573706709
0,2,0.3,XGBoost_BAG_L1,cov_LULL_lag1,0.07366050524897876
0,2,0.3,XGBoost_BAG_L1,cov_OT_lag1,0.19156070900792246
0,2,0.3,XGBoost_BAG_L1,hour_lag1,0.6406580592833926
0,2,0.3,XGBoost_BAG_L1,day_of_week_lag1,0.06185843313853246
0,2,0.3,XGBoost_BAG_L1,month_lag1,0.10445524973203434
0,2,0.3,XGBoost_BAG_L1,month_sin,0.03768566421577702
0,2,0.3,XGBoost_BAG_L1,month_cos,0.02473890022090636
0,2,0.3,XGBoost_BAG_L1,year,0.27010527684898117
1,2,0.02,RandomForestMSE_BAG_L1,item_id,0.0
1,2,0.02,RandomForestMSE_BAG_L1,target_lag1,2.505265743598428
1,2,0.02,RandomForestMSE_BAG_L1,target_lag2,0.4331665941221873
1,2,0.02,RandomForestMSE_BAG_L1,target_lag3,0.12254937892484298
1,2,0.02,RandomForestMSE_BAG_L1,target_lag4,0.08828548801103601
1,2,0.02,RandomForestMSE_BAG_L1,target_lag5,0.06674419461257633
1,2,0.02,RandomForestMSE_BAG_L1,target_lag6,0.06925204051601465
1,2,0.02,RandomForestMSE_BAG_L1,cov_HULL_lag1,0.021170192044158754
1,2,0.02,RandomForestMSE_BAG_L1,cov_MUFL_lag1,1.1528067223154181
1,2,0.02,RandomForestMSE_BAG_L1,cov_MULL_lag1,0.016469907883251988
1,2,0.02,RandomForestMSE_BAG_L1,cov_LUFL_lag1,0.06041140466827199
1,2,0.02,RandomForestMSE_BAG_L1,cov_LULL_lag1,0.03797185402346363
1,2,0.02,RandomForestMSE_BAG_L1,cov_OT_lag1,0.03727467685134618
1,2,0.02,RandomForestMSE_BAG_L1,hour_lag1,0.44172714833058563
1,2,0.02,RandomForestMSE_BAG_L1,day_of_week_lag1,0.009519223675616417
1,2,0.02,RandomForestMSE_BAG_L1,month_lag1,0.02439075260140241
1,2,0.02,RandomForestMSE_BAG_L1,month_sin,0.006976381784321723
1,2,0.02,RandomForestMSE_BAG_L1,month_cos,0.008571185037400581
1,2,0.02,RandomForestMSE_BAG_L1,year,0.18856883328153565
1,2,0.05,RandomForestMSE_BAG_L1,item_id,0.0
1,2,0.05,RandomForestMSE_BAG_L1,target_lag1,2.505265743598428
1,2,0.05,RandomForestMSE_BAG_L1,target_lag2,0.4331665941221873
1,2,0.05,RandomForestMSE_BAG_L1,target_lag3,0.12254937892484298
1,2,0.05,RandomForestMSE_BAG_L1,target_lag4,0.08828548801103601
1,2,0.05,RandomForestMSE_BAG_L1,target_lag5,0.06674419461257633
1,2,0.05,RandomForestMSE_BAG_L1,target_lag6,0.06925204051601465
1,2,0.05,RandomForestMSE_BAG_L1,cov_HULL_lag1,0.021170192044158754
1,2,0.05,RandomForestMSE_BAG_L1,cov_MUFL_lag1,1.1528067223154181
1,2,0.05,RandomForestMSE_BAG_L1,cov_MULL_lag1,0.016469907883251988
1,2,0.05,RandomForestMSE_BAG_L1,cov_LUFL_lag1,0.06041140466827199
1,2,0.05,RandomForestMSE_BAG_L1,cov_LULL_lag1,0.03797185402346363
1,2,0.05,RandomForestMSE_BAG_L1,cov_OT_lag1,0.03727467685134618
1,2,0.05,RandomForestMSE_BAG_L1,hour_lag1,0.44172714833058563
1,2,0.05,RandomForestMSE_BAG_L1,day_of_week_lag1,0.009519223675616417
1,2,0.05,RandomForestMSE_BAG_L1,month_lag1,0.02439075260140241
1,2,0.05,RandomForestMSE_BAG_L1,month_sin,0.006976381784321723
1,2,0.05,RandomForestMSE_BAG_L1,month_cos,0.008571185037400581
1,2,0.05,RandomForestMSE_BAG_L1,year,0.18856883328153565
1,2,0.05,ExtraTreesMSE_BAG_L1,item_id,0.0
1,2,0.05,ExtraTreesMSE_BAG_L1,target_lag1,1.8929072832368083
1,2,0.05,ExtraTreesMSE_BAG_L1,target_lag2,0.6563199917084885
1,2,0.05,ExtraTreesMSE_BAG_L1,target_lag3,0.27029997340124673
1,2,0.05,ExtraTreesMSE_BAG_L1,target_lag4,0.09985060336331619
1,2,0.05,ExtraTreesMSE_BAG_L1,target_lag5,0.07875398212876167
1,2,0.05,ExtraTreesMSE_BAG_L1,target_lag6,0.06121818416172756
1,2,0.05,ExtraTreesMSE_BAG_L1,cov_HULL_lag1,0.013604518275521645
1,2,0.05,ExtraTreesMSE_BAG_L1,cov_MUFL_lag1,1.3153421675266843
1,2,0.05,ExtraTreesMSE_BAG_L1,cov_MULL_lag1,0.014349465599725908
1,2,0.05,ExtraTreesMSE_BAG_L1,cov_LUFL_lag1,0.06581665790865665
1,2,0.05,ExtraTreesMSE_BAG_L1,cov_LULL_lag1,0.021802415031642867
1,2,0.05,ExtraTreesMSE_BAG_L1,cov_OT_lag1,0.031177150829698085
1,2,0.05,ExtraTreesMSE_BAG_L1,hour_lag1,0.41460942206464824
1,2,0.05,ExtraTreesMSE_BAG_L1,day_of_week_lag1,0.008770710553540242
1,2,0.05,ExtraTreesMSE_BAG_L1,month_lag1,0.025047579849394982
1,2,0.05,ExtraTreesMSE_BAG_L1,month_sin,0.01584441246249487
1,2,0.05,ExtraTreesMSE_BAG_L1,month_cos,0.00894387243889175
1,2,0.05,ExtraTreesMSE_BAG_L1,year,0.15769294432355968
1,2,0.1,RandomForestMSE_BAG_L1,item_id,0.0
1,2,0.1,RandomForestMSE_BAG_L1,target_lag1,2.505265743598428
1,2,0.1,RandomForestMSE_BAG_L1,target_lag2,0.4331665941221873
1,2,0.1,RandomForestMSE_BAG_L1,target_lag3,0.12254937892484298
1,2,0.1,RandomForestMSE_BAG_L1,target_lag4,0.08828548801103601
1,2,0.1,RandomForestMSE_BAG_L1,target_lag5,0.06674419461257633
1,2,0.1,RandomForestMSE_BAG_L1,target_lag6,0.06925204051601465
1,2,0.1,RandomForestMSE_BAG_L1,cov_HULL_lag1,0.021170192044158754
1,2,0.1,RandomForestMSE_BAG_L1,cov_MUFL_lag1,1.1528067223154181
1,2,0.1,RandomForestMSE_BAG_L1,cov_MULL_lag1,0.016469907883251988
1,2,0.1,RandomForestMSE_BAG_L1,cov_LUFL_lag1,0.06041140466827199
1,2,0.1,RandomForestMSE_BAG_L1,cov_LULL_lag1,0.03797185402346363
1,2,0.1,RandomForestMSE_BAG_L1,cov_OT_lag1,0.03727467685134618
1,2,0.1,RandomForestMSE_BAG_L1,hour_lag1,0.44172714833058563
1,2,0.1,RandomForestMSE_BAG_L1,day_of_week_lag1,0.009519223675616417
1,2,0.1,RandomForestMSE_BAG_L1,month_lag1,0.02439075260140241
1,2,0.1,RandomForestMSE_BAG_L1,month_sin,0.006976381784321723
1,2,0.1,RandomForestMSE_BAG_L1,month_cos,0.008571185037400581
1,2,0.1,RandomForestMSE_BAG_L1,year,0.18856883328153565
1,2,0.1,ExtraTreesMSE_BAG_L1,item_id,0.0
1,2,0.1,ExtraTreesMSE_BAG_L1,target_lag1,1.8929072832368083
1,2,0.1,ExtraTreesMSE_BAG_L1,target_lag2,0.6563199917084885
1,2,0.1,ExtraTreesMSE_BAG_L1,target_lag3,0.27029997340124673
1,2,0.1,ExtraTreesMSE_BAG_L1,target_lag4,0.09985060336331619
1,2,0.1,ExtraTreesMSE_BAG_L1,target_lag5,0.07875398212876167
1,2,0.1,ExtraTreesMSE_BAG_L1,target_lag6,0.06121818416172756
1,2,0.1,ExtraTreesMSE_BAG_L1,cov_HULL_lag1,0.013604518275521645
1,2,0.1,ExtraTreesMSE_BAG_L1,cov_MUFL_lag1,1.3153421675266843
1,2,0.1,ExtraTreesMSE_BAG_L1,cov_MULL_lag1,0.014349465599725908
1,2,0.1,ExtraTreesMSE_BAG_L1,cov_LUFL_lag1,0.06581665790865665
1,2,0.1,ExtraTreesMSE_BAG_L1,cov_LULL_lag1,0.021802415031642867
1,2,0.1,ExtraTreesMSE_BAG_L1,cov_OT_lag1,0.031177150829698085
1,2,0.1,ExtraTreesMSE_BAG_L1,hour_lag1,0.41460942206464824
1,2,0.1,ExtraTreesMSE_BAG_L1,day_of_week_lag1,0.008770710553540242
1,2,0.1,ExtraTreesMSE_BAG_L1,month_lag1,0.025047579849394982
1,2,0.1,ExtraTreesMSE_BAG_L1,month_sin,0.01584441246249487
1,2,0.1,ExtraTreesMSE_BAG_L1,month_cos,0.00894387243889175
1,2,0.1,ExtraTreesMSE_BAG_L1,year,0.15769294432355968
1,2,0.2,RandomForestMSE_BAG_L1,item_id,0.0
1,2,0.2,RandomForestMSE_BAG_L1,target_lag1,2.505265743598428
1,2,0.2,RandomForestMSE_BAG_L1,target_lag2,0.4331665941221873
1,2,0.2,RandomForestMSE_BAG_L1,target_lag3,0.12254937892484298
1,2,0.2,RandomForestMSE_BAG_L1,target_lag4,0.08828548801103601
1,2,0.2,RandomForestMSE_BAG_L1,target_lag5,0.06674419461257633
1,2,0.2,RandomForestMSE_BAG_L1,target_lag6,0.06925204051601465
1,2,0.2,RandomForestMSE_BAG_L1,cov_HULL_lag1,0.021170192044158754
1,2,0.2,RandomForestMSE_BAG_L1,cov_MUFL_lag1,1.1528067223154181
1,2,0.2,RandomForestMSE_BAG_L1,cov_MULL_lag1,0.016469907883251988
1,2,0.2,RandomForestMSE_BAG_L1,cov_LUFL_lag1,0.06041140466827199
1,2,0.2,RandomForestMSE_BAG_L1,cov_LULL_lag1,0.03797185402346363
1,2,0.2,RandomForestMSE_BAG_L1,cov_OT_lag1,0.03727467685134618
1,2,0.2,RandomForestMSE_BAG_L1,hour_lag1,0.44172714833058563
1,2,0.2,RandomForestMSE_BAG_L1,day_of_week_lag1,0.009519223675616417
1,2,0.2,RandomForestMSE_BAG_L1,month_lag1,0.02439075260140241
1,2,0.2,RandomForestMSE_BAG_L1,month_sin,0.006976381784321723
1,2,0.2,RandomForestMSE_BAG_L1,month_cos,0.008571185037400581
1,2,0.2,RandomForestMSE_BAG_L1,year,0.18856883328153565
1,2,0.2,ExtraTreesMSE_BAG_L1,item_id,0.0
1,2,0.2,ExtraTreesMSE_BAG_L1,target_lag1,1.8929072832368083
1,2,0.2,ExtraTreesMSE_BAG_L1,target_lag2,0.6563199917084885
1,2,0.2,ExtraTreesMSE_BAG_L1,target_lag3,0.27029997340124673
1,2,0.2,ExtraTreesMSE_BAG_L1,target_lag4,0.09985060336331619
1,2,0.2,ExtraTreesMSE_BAG_L1,target_lag5,0.07875398212876167
1,2,0.2,ExtraTreesMSE_BAG_L1,target_lag6,0.06121818416172756
1,2,0.2,ExtraTreesMSE_BAG_L1,cov_HULL_lag1,0.013604518275521645
1,2,0.2,ExtraTreesMSE_BAG_L1,cov_MUFL_lag1,1.3153421675266843
1,2,0.2,ExtraTreesMSE_BAG_L1,cov_MULL_lag1,0.014349465599725908
1,2,0.2,ExtraTreesMSE_BAG_L1,cov_LUFL_lag1,0.06581665790865665
1,2,0.2,ExtraTreesMSE_BAG_L1,cov_LULL_lag1,0.021802415031642867
1,2,0.2,ExtraTreesMSE_BAG_L1,cov_OT_lag1,0.031177150829698085
1,2,0.2,ExtraTreesMSE_BAG_L1,hour_lag1,0.41460942206464824
1,2,0.2,ExtraTreesMSE_BAG_L1,day_of_week_lag1,0.008770710553540242
1,2,0.2,ExtraTreesMSE_BAG_L1,month_lag1,0.025047579849394982
1,2,0.2,ExtraTreesMSE_BAG_L1,month_sin,0.01584441246249487
1,2,0.2,ExtraTreesMSE_BAG_L1,month_cos,0.00894387243889175
1,2,0.2,ExtraTreesMSE_BAG_L1,year,0.15769294432355968
1,2,0.2,LightGBMLarge_BAG_L1,item_id,0.0
1,2,0.2,LightGBMLarge_BAG_L1,target_lag1,1.990400864397455
1,2,0.2,LightGBMLarge_BAG_L1,target_lag2,0.4890232793649658
1,2,0.2,LightGBMLarge_BAG_L1,target_lag3,0.18884607712021098
1,2,0.2,LightGBMLarge_BAG_L1,target_lag4,0.12328343675956135
1,2,0.2,LightGBMLarge_BAG_L1,target_lag5,0.12815623854915606
1,2,0.2,LightGBMLarge_BAG_L1,target_lag6,0.1516240029413719
1,2,0.2,LightGBMLarge_BAG_L1,cov_HULL_lag1,0.06312419230905361
1,2,0.2,LightGBMLarge_BAG_L1,cov_MUFL_lag1,1.0226089987331075
1,2,0.2,LightGBMLarge_BAG_L1,cov_MULL_lag1,0.06103912260429936
1,2,0.2,LightGBMLarge_BAG_L1,cov_LUFL_lag1,0.10579114752346651
1,2,0.2,LightGBMLarge_BAG_L1,cov_LULL_lag1,0.06855779059994967
1,2,0.2,LightGBMLarge_BAG_L1,cov_OT_lag1,0.12746446417011317
1,2,0.2,LightGBMLarge_BAG_L1,hour_lag1,0.4415251605571713
1,2,0.2,LightGBMLarge_BAG_L1,day_of_week_lag1,0.013761700502037994
1,2,0.2,LightGBMLarge_BAG_L1,month_lag1,0.08763741581188507
1,2,0.2,LightGBMLarge_BAG_L1,month_sin,0.02102982162088157
1,2,0.2,LightGBMLarge_BAG_L1,month_cos,0.01444377220198507
1,2,0.2,LightGBMLarge_BAG_L1,year,0.15225565758757292
1,2,0.2,LightGBM_BAG_L1,item_id,0.0
1,2,0.2,LightGBM_BAG_L1,target_lag1,1.5809460311478936
1,2,0.2,LightGBM_BAG_L1,target_lag2,0.605209168274328
1,2,0.2,LightGBM_BAG_L1,target_lag3,0.33468211363470174
1,2,0.2,LightGBM_BAG_L1,target_lag4,0.20427562623987908
1,2,0.2,LightGBM_BAG_L1,target_lag5,0.17460212953188464
1,2,0.2,LightGBM_BAG_L1,target_lag6,0.14390983939273275
1,2,0.2,LightGBM_BAG_L1,cov_HULL_lag1,0.1395098978088237
1,2,0.2,LightGBM_BAG_L1,cov_MUFL_lag1,1.0356219246406109
1,2,0.2,LightGBM_BAG_L1,cov_MULL_lag1,0.05806502415160649
1,2,0.2,LightGBM_BAG_L1,cov_LUFL_lag1,0.14429155091545545
1,2,0.2,LightGBM_BAG_L1,cov_LULL_lag1,0.08298156991107387
1,2,0.2,LightGBM_BAG_L1,cov_OT_lag1,0.1367158660783432
1,2,0.2,LightGBM_BAG_L1,hour_lag1,0.45849737326805473
1,2,0.2,LightGBM_BAG_L1,day_of_week_lag1,0.022730503007490202
1,2,0.2,LightGBM_BAG_L1,month_lag1,0.1132115356961031
1,2,0.2,LightGBM_BAG_L1,month_sin,0.022853458331269217
1,2,0.2,LightGBM_BAG_L1,month_cos,0.022469939015433153
1,2,0.2,LightGBM_BAG_L1,year,0.1896560073671862
1,2,0.3,RandomForestMSE_BAG_L1,item_id,0.0
1,2,0.3,RandomForestMSE_BAG_L1,target_lag1,2.505265743598428
1,2,0.3,RandomForestMSE_BAG_L1,target_lag2,0.4331665941221873
1,2,0.3,RandomForestMSE_BAG_L1,target_lag3,0.12254937892484298
1,2,0.3,RandomForestMSE_BAG_L1,target_lag4,0.08828548801103601
1,2,0.3,RandomForestMSE_BAG_L1,target_lag5,0.06674419461257633
1,2,0.3,RandomForestMSE_BAG_L1,target_lag6,0.06925204051601465
1,2,0.3,RandomForestMSE_BAG_L1,cov_HULL_lag1,0.021170192044158754
1,2,0.3,RandomForestMSE_BAG_L1,cov_MUFL_lag1,1.1528067223154181
1,2,0.3,RandomForestMSE_BAG_L1,cov_MULL_lag1,0.016469907883251988
1,2,0.3,RandomForestMSE_BAG_L1,cov_LUFL_lag1,0.06041140466827199
1,2,0.3,RandomForestMSE_BAG_L1,cov_LULL_lag1,0.03797185402346363
1,2,0.3,RandomForestMSE_BAG_L1,cov_OT_lag1,0.03727467685134618
1,2,0.3,RandomForestMSE_BAG_L1,hour_lag1,0.44172714833058563
1,2,0.3,RandomForestMSE_BAG_L1,day_of_week_lag1,0.009519223675616417
1,2,0.3,RandomForestMSE_BAG_L1,month_lag1,0.02439075260140241
1,2,0.3,RandomForestMSE_BAG_L1,month_sin,0.006976381784321723
1,2,0.3,RandomForestMSE_BAG_L1,month_cos,0.008571185037400581
1,2,0.3,RandomForestMSE_BAG_L1,year,0.18856883328153565
1,2,0.3,ExtraTreesMSE_BAG_L1,item_id,0.0
1,2,0.3,ExtraTreesMSE_BAG_L1,target_lag1,1.8929072832368083
1,2,0.3,ExtraTreesMSE_BAG_L1,target_lag2,0.6563199917084885
1,2,0.3,ExtraTreesMSE_BAG_L1,target_lag3,0.27029997340124673
1,2,0.3,ExtraTreesMSE_BAG_L1,target_lag4,0.09985060336331619
1,2,0.3,ExtraTreesMSE_BAG_L1,target_lag5,0.07875398212876167
1,2,0.3,ExtraTreesMSE_BAG_L1,target_lag6,0.06121818416172756
1,2,0.3,ExtraTreesMSE_BAG_L1,cov_HULL_lag1,0.013604518275521645
1,2,0.3,ExtraTreesMSE_BAG_L1,cov_MUFL_lag1,1.3153421675266843
1,2,0.3,ExtraTreesMSE_BAG_L1,cov_MULL_lag1,0.014349465599725908
1,2,0.3,ExtraTreesMSE_BAG_L1,cov_LUFL_lag1,0.06581665790865665
1,2,0.3,ExtraTreesMSE_BAG_L1,cov_LULL_lag1,0.021802415031642867
1,2,0.3,ExtraTreesMSE_BAG_L1,cov_OT_lag1,0.031177150829698085
1,2,0.3,ExtraTreesMSE_BAG_L1,hour_lag1,0.41460942206464824
1,2,0.3,ExtraTreesMSE_BAG_L1,day_of_week_lag1,0.008770710553540242
1,2,0.3,ExtraTreesMSE_BAG_L1,month_lag1,0.025047579849394982
1,2,0.3,ExtraTreesMSE_BAG_L1,month_sin,0.01584441246249487
1,2,0.3,ExtraTreesMSE_BAG_L1,month_cos,0.00894387243889175
1,2,0.3,ExtraTreesMSE_BAG_L1,year,0.15769294432355968
1,2,0.3,LightGBMLarge_BAG_L1,item_id,0.0
1,2,0.3,LightGBMLarge_BAG_L1,target_lag1,1.990400864397455
1,2,0.3,LightGBMLarge_BAG_L1,target_lag2,0.4890232793649658
1,2,0.3,LightGBMLarge_BAG_L1,target_lag3,0.18884607712021098
1,2,0.3,LightGBMLarge_BAG_L1,target_lag4,0.12328343675956135
1,2,0.3,LightGBMLarge_BAG_L1,target_lag5,0.12815623854915606
1,2,0.3,LightGBMLarge_BAG_L1,target_lag6,0.1516240029413719
1,2,0.3,LightGBMLarge_BAG_L1,cov_HULL_lag1,0.06312419230905361
1,2,0.3,LightGBMLarge_BAG_L1,cov_MUFL_lag1,1.0226089987331075
1,2,0.3,LightGBMLarge_BAG_L1,cov_MULL_lag1,0.06103912260429936
1,2,0.3,LightGBMLarge_BAG_L1,cov_LUFL_lag1,0.10579114752346651
1,2,0.3,LightGBMLarge_BAG_L1,cov_LULL_lag1,0.06855779059994967
1,2,0.3,LightGBMLarge_BAG_L1,cov_OT_lag1,0.12746446417011317
1,2,0.3,LightGBMLarge_BAG_L1,hour_lag1,0.4415251605571713
1,2,0.3,LightGBMLarge_BAG_L1,day_of_week_lag1,0.013761700502037994
1,2,0.3,LightGBMLarge_BAG_L1,month_lag1,0.08763741581188507
1,2,0.3,LightGBMLarge_BAG_L1,month_sin,0.02102982162088157
1,2,0.3,LightGBMLarge_BAG_L1,month_cos,0.01444377220198507
1,2,0.3,LightGBMLarge_BAG_L1,year,0.15225565758757292
1,2,0.3,LightGBM_BAG_L1,item_id,0.0
1,2,0.3,LightGBM_BAG_L1,target_lag1,1.5809460311478936
1,2,0.3,LightGBM_BAG_L1,target_lag2,0.605209168274328
1,2,0.3,LightGBM_BAG_L1,target_lag3,0.33468211363470174
1,2,0.3,LightGBM_BAG_L1,target_lag4,0.20427562623987908
1,2,0.3,LightGBM_BAG_L1,target_lag5,0.17460212953188464
1,2,0.3,LightGBM_BAG_L1,target_lag6,0.14390983939273275
1,2,0.3,LightGBM_BAG_L1,cov_HULL_lag1,0.1395098978088237
1,2,0.3,LightGBM_BAG_L1,cov_MUFL_lag1,1.0356219246406109
1,2,0.3,LightGBM_BAG_L1,cov_MULL_lag1,0.05806502415160649
1,2,0.3,LightGBM_BAG_L1,cov_LUFL_lag1,0.14429155091545545
1,2,0.3,LightGBM_BAG_L1,cov_LULL_lag1,0.08298156991107387
1,2,0.3,LightGBM_BAG_L1,cov_OT_lag1,0.1367158660783432
1,2,0.3,LightGBM_BAG_L1,hour_lag1,0.45849737326805473
1,2,0.3,LightGBM_BAG_L1,day_of_week_lag1,0.022730503007490202
1,2,0.3,LightGBM_BAG_L1,month_lag1,0.1132115356961031
1,2,0.3,LightGBM_BAG_L1,month_sin,0.022853458331269217
1,2,0.3,LightGBM_BAG_L1,month_cos,0.022469939015433153
1,2,0.3,LightGBM_BAG_L1,year,0.1896560073671862
1,2,0.3,CatBoost_r177_BAG_L2,item_id,0.0
1,2,0.3,CatBoost_r177_BAG_L2,target_lag1,1.2731292449206113
1,2,0.3,CatBoost_r177_BAG_L2,target_lag2,0.5444815419707915
1,2,0.3,CatBoost_r177_BAG_L2,target_lag3,0.3294182292389218
1,2,0.3,CatBoost_r177_BAG_L2,target_lag4,0.2497242650336585
1,2,0.3,CatBoost_r177_BAG_L2,target_lag5,0.1415579898107797
1,2,0.3,CatBoost_r177_BAG_L2,target_lag6,0.15919296987557327
1,2,0.3,CatBoost_r177_BAG_L2,cov_HULL_lag1,0.10035715913949543
1,2,0.3,CatBoost_r177_BAG_L2,cov_MUFL_lag1,1.337502353903954
1,2,0.3,CatBoost_r177_BAG_L2,cov_MULL_lag1,0.0561713216441683
1,2,0.3,CatBoost_r177_BAG_L2,cov_LUFL_lag1,0.16562413435271012
1,2,0.3,CatBoost_r177_BAG_L2,cov_LULL_lag1,0.057323733782151255
1,2,0.3,CatBoost_r177_BAG_L2,cov_OT_lag1,0.12052312692580741
1,2,0.3,CatBoost_r177_BAG_L2,hour_lag1,0.46314461857299316
1,2,0.3,CatBoost_r177_BAG_L2,day_of_week_lag1,0.044480443769355844
1,2,0.3,CatBoost_r177_BAG_L2,month_lag1,0.11287504381486216
1,2,0.3,CatBoost_r177_BAG_L2,month_sin,0.04206955424696206
1,2,0.3,CatBoost_r177_BAG_L2,month_cos,0.028352143994485976
1,2,0.3,CatBoost_r177_BAG_L2,year,0.2083312366059049
1,2,0.3,CatBoost_BAG_L2,item_id,0.0
1,2,0.3,CatBoost_BAG_L2,target_lag1,1.3131358831128102
1,2,0.3,CatBoost_BAG_L2,target_lag2,0.5796320771768223
1,2,0.3,CatBoost_BAG_L2,target_lag3,0.28413549183020365
1,2,0.3,CatBoost_BAG_L2,target_lag4,0.2262647366708726
1,2,0.3,CatBoost_BAG_L2,target_lag5,0.17249935516066617
1,2,0.3,CatBoost_BAG_L2,target_lag6,0.1509553595122881
1,2,0.3,CatBoost_BAG_L2,cov_HULL_lag1,0.09952770955590529
1,2,0.3,CatBoost_BAG_L2,cov_MUFL_lag1,1.2816001433954227
1,2,0.3,CatBoost_BAG_L2,cov_MULL_lag1,0.053644321408076186
1,2,0.3,CatBoost_BAG_L2,cov_LUFL_lag1,0.14430943500567225
1,2,0.3,CatBoost_BAG_L2,cov_LULL_lag1,0.05823398327575993
1,2,0.3,CatBoost_BAG_L2,cov_OT_lag1,0.10902243666928257
1,2,0.3,CatBoost_BAG_L2,hour_lag1,0.4579927960075439
1,2,0.3,CatBoost_BAG_L2,day_of_week_lag1,0.044396394488750913
1,2,0.3,CatBoost_BAG_L2,month_lag1,0.11525297099808231
1,2,0.3,CatBoost_BAG_L2,month_sin,0.03733761750683185
1,2,0.3,CatBoost_BAG_L2,month_cos,0.027445683533605183
1,2,0.3,CatBoost_BAG_L2,year,0.2013260326278046
2,2,0.02,LightGBM_BAG_L1,item_id,0.0
2,2,0.02,LightGBM_BAG_L1,target_lag1,2.958176449444471
2,2,0.02,LightGBM_BAG_L1,target_lag2,1.0453324008249676
2,2,0.02,LightGBM_BAG_L1,target_lag3,0.22079157027754706
2,2,0.02,LightGBM_BAG_L1,target_lag4,0.42341046433215956
2,2,0.02,LightGBM_BAG_L1,target_lag5,0.31178811364721054
2,2,0.02,LightGBM_BAG_L1,target_lag6,0.3160037101019174
2,2,0.02,LightGBM_BAG_L1,cov_HULL_lag1,0.17883658826655005
2,2,0.02,LightGBM_BAG_L1,cov_MUFL_lag1,2.22136653189559
2,2,0.02,LightGBM_BAG_L1,cov_MULL_lag1,0.06482668824088755
2,2,0.02,LightGBM_BAG_L1,cov_LUFL_lag1,0.3677598023088416
2,2,0.02,LightGBM_BAG_L1,cov_LULL_lag1,0.07926174678353122
2,2,0.02,LightGBM_BAG_L1,cov_OT_lag1,0.1774116430449765
2,2,0.02,LightGBM_BAG_L1,hour_lag1,0.9741577065712073
2,2,0.02,LightGBM_BAG_L1,day_of_week_lag1,0.038831995440647006
2,2,0.02,LightGBM_BAG_L1,month_lag1,0.06882161572969048
2,2,0.02,LightGBM_BAG_L1,month_sin,0.06430535156610417
2,2,0.02,LightGBM_BAG_L1,month_cos,0.02649123157477012
2,2,0.02,LightGBM_BAG_L1,year,0.3554585314862431
2,2,0.05,LightGBM_BAG_L1,item_id,0.0
2,2,0.05,LightGBM_BAG_L1,target_lag1,2.958176449444471
2,2,0.05,LightGBM_BAG_L1,target_lag2,1.0453324008249676
2,2,0.05,LightGBM_BAG_L1,target_lag3,0.22079157027754706
2,2,0.05,LightGBM_BAG_L1,target_lag4,0.42341046433215956
2,2,0.05,LightGBM_BAG_L1,target_lag5,0.31178811364721054
2,2,0.05,LightGBM_BAG_L1,target_lag6,0.3160037101019174
2,2,0.05,LightGBM_BAG_L1,cov_HULL_lag1,0.17883658826655005
2,2,0.05,LightGBM_BAG_L1,cov_MUFL_lag1,2.22136653189559
2,2,0.05,LightGBM_BAG_L1,cov_MULL_lag1,0.06482668824088755
2,2,0.05,LightGBM_BAG_L1,cov_LUFL_lag1,0.3677598023088416
2,2,0.05,LightGBM_BAG_L1,cov_LULL_lag1,0.07926174678353122
2,2,0.05,LightGBM_BAG_L1,cov_OT_lag1,0.1774116430449765
2,2,0.05,LightGBM_BAG_L1,hour_lag1,0.9741577065712073
2,2,0.05,LightGBM_BAG_L1,day_of_week_lag1,0.038831995440647006
2,2,0.05,LightGBM_BAG_L1,month_lag1,0.06882161572969048
2,2,0.05,LightGBM_BAG_L1,month_sin,0.06430535156610417
2,2,0.05,LightGBM_BAG_L1,month_cos,0.02649123157477012
2,2,0.05,LightGBM_BAG_L1,year,0.3554585314862431
2,2,0.1,LightGBM_BAG_L1,item_id,0.0
2,2,0.1,LightGBM_BAG_L1,target_lag1,2.958176449444471
2,2,0.1,LightGBM_BAG_L1,target_lag2,1.0453324008249676
2,2,0.1,LightGBM_BAG_L1,target_lag3,0.22079157027754706
2,2,0.1,LightGBM_BAG_L1,target_lag4,0.42341046433215956
2,2,0.1,LightGBM_BAG_L1,target_lag5,0.31178811364721054
2,2,0.1,LightGBM_BAG_L1,target_lag6,0.3160037101019174
2,2,0.1,LightGBM_BAG_L1,cov_HULL_lag1,0.17883658826655005
2,2,0.1,LightGBM_BAG_L1,cov_MUFL_lag1,2.22136653189559
2,2,0.1,LightGBM_BAG_L1,cov_MULL_lag1,0.06482668824088755
2,2,0.1,LightGBM_BAG_L1,cov_LUFL_lag1,0.3677598023088416
2,2,0.1,LightGBM_BAG_L1,cov_LULL_lag1,0.07926174678353122
2,2,0.1,LightGBM_BAG_L1,cov_OT_lag1,0.1774116430449765
2,2,0.1,LightGBM_BAG_L1,hour_lag1,0.9741577065712073
2,2,0.1,LightGBM_BAG_L1,day_of_week_lag1,0.038831995440647006
2,2,0.1,LightGBM_BAG_L1,month_lag1,0.06882161572969048
2,2,0.1,LightGBM_BAG_L1,month_sin,0.06430535156610417
2,2,0.1,LightGBM_BAG_L1,month_cos,0.02649123157477012
2,2,0.1,LightGBM_BAG_L1,year,0.3554585314862431
2,2,0.1,RandomForestMSE_BAG_L1,item_id,0.0
2,2,0.1,RandomForestMSE_BAG_L1,target_lag1,4.391799353372695
2,2,0.1,RandomForestMSE_BAG_L1,target_lag2,0.4562247695876111
2,2,0.1,RandomForestMSE_BAG_L1,target_lag3,0.32526491122287693
2,2,0.1,RandomForestMSE_BAG_L1,target_lag4,0.20704445977591238
2,2,0.1,RandomForestMSE_BAG_L1,target_lag5,0.22424214390864944
2,2,0.1,RandomForestMSE_BAG_L1,target_lag6,0.08001443780117842
2,2,0.1,RandomForestMSE_BAG_L1,cov_HULL_lag1,0.019605657873829483
2,2,0.1,RandomForestMSE_BAG_L1,cov_MUFL_lag1,2.9709840642544156
2,2,0.1,RandomForestMSE_BAG_L1,cov_MULL_lag1,0.020547012341750815
2,2,0.1,RandomForestMSE_BAG_L1,cov_LUFL_lag1,0.07509688749635242
2,2,0.1,RandomForestMSE_BAG_L1,cov_LULL_lag1,0.03227869265789051
2,2,0.1,RandomForestMSE_BAG_L1,cov_OT_lag1,0.04308715375791364
2,2,0.1,RandomForestMSE_BAG_L1,hour_lag1,0.7057594147295516
2,2,0.1,RandomForestMSE_BAG_L1,day_of_week_lag1,0.01042215051321546
2,2,0.1,RandomForestMSE_BAG_L1,month_lag1,0.013224679992438206
2,2,0.1,RandomForestMSE_BAG_L1,month_sin,0.026747373171430115
2,2,0.1,RandomForestMSE_BAG_L1,month_cos,0.009535982269818485
2,2,0.1,RandomForestMSE_BAG_L1,year,0.17128619105098042
2,2,0.2,LightGBM_BAG_L1,item_id,0.0
2,2,0.2,LightGBM_BAG_L1,target_lag1,2.958176449444471
2,2,0.2,LightGBM_BAG_L1,target_lag2,1.0453324008249676
2,2,0.2,LightGBM_BAG_L1,target_lag3,0.22079157027754706
2,2,0.2,LightGBM_BAG_L1,target_lag4,0.42341046433215956
2,2,0.2,LightGBM_BAG_L1,target_lag5,0.31178811364721054
2,2,0.2,LightGBM_BAG_L1,target_lag6,0.3160037101019174
2,2,0.2,LightGBM_BAG_L1,cov_HULL_lag1,0.17883658826655005
2,2,0.2,LightGBM_BAG_L1,cov_MUFL_lag1,2.22136653189559
2,2,0.2,LightGBM_BAG_L1,cov_MULL_lag1,0.06482668824088755
2,2,0.2,LightGBM_BAG_L1,cov_LUFL_lag1,0.3677598023088416
2,2,0.2,LightGBM_BAG_L1,cov_LULL_lag1,0.07926174678353122
2,2,0.2,LightGBM_BAG_L1,cov_OT_lag1,0.1774116430449765
2,2,0.2,LightGBM_BAG_L1,hour_lag1,0.9741577065712073
2,2,0.2,LightGBM_BAG_L1,day_of_week_lag1,0.038831995440647006
2,2,0.2,LightGBM_BAG_L1,month_lag1,0.06882161572969048
2,2,0.2,LightGBM_BAG_L1,month_sin,0.06430535156610417
2,2,0.2,LightGBM_BAG_L1,month_cos,0.02649123157477012
2,2,0.2,LightGBM_BAG_L1,year,0.3554585314862431
2,2,0.2,RandomForestMSE_BAG_L1,item_id,0.0
2,2,0.2,RandomForestMSE_BAG_L1,target_lag1,4.391799353372695
2,2,0.2,RandomForestMSE_BAG_L1,target_lag2,0.4562247695876111
2,2,0.2,RandomForestMSE_BAG_L1,target_lag3,0.32526491122287693
2,2,0.2,RandomForestMSE_BAG_L1,target_lag4,0.20704445977591238
2,2,0.2,RandomForestMSE_BAG_L1,target_lag5,0.22424214390864944
2,2,0.2,RandomForestMSE_BAG_L1,target_lag6,0.08001443780117842
2,2,0.2,RandomForestMSE_BAG_L1,cov_HULL_lag1,0.019605657873829483
2,2,0.2,RandomForestMSE_BAG_L1,cov_MUFL_lag1,2.9709840642544156
2,2,0.2,RandomForestMSE_BAG_L1,cov_MULL_lag1,0.020547012341750815
2,2,0.2,RandomForestMSE_BAG_L1,cov_LUFL_lag1,0.07509688749635242
2,2,0.2,RandomForestMSE_BAG_L1,cov_LULL_lag1,0.03227869265789051
2,2,0.2,RandomForestMSE_BAG_L1,cov_OT_lag1,0.04308715375791364
2,2,0.2,RandomForestMSE_BAG_L1,hour_lag1,0.7057594147295516
2,2,0.2,RandomForestMSE_BAG_L1,day_of_week_lag1,0.01042215051321546
2,2,0.2,RandomForestMSE_BAG_L1,month_lag1,0.013224679992438206
2,2,0.2,RandomForestMSE_BAG_L1,month_sin,0.026747373171430115
2,2,0.2,RandomForestMSE_BAG_L1,month_cos,0.009535982269818485
2,2,0.2,RandomForestMSE_BAG_L1,year,0.17128619105098042
2,2,0.2,ExtraTreesMSE_BAG_L1,item_id,0.0
2,2,0.2,ExtraTreesMSE_BAG_L1,target_lag1,3.1818694529909215
2,2,0.2,ExtraTreesMSE_BAG_L1,target_lag2,1.1815787845226462
2,2,0.2,ExtraTreesMSE_BAG_L1,target_lag3,0.6642743636293802
2,2,0.2,ExtraTreesMSE_BAG_L1,target_lag4,0.2831887557462134
2,2,0.2,ExtraTreesMSE_BAG_L1,target_lag5,0.18497009974394307
2,2,0.2,ExtraTreesMSE_BAG_L1,target_lag6,0.11030770861472412
2,2,0.2,ExtraTreesMSE_BAG_L1,cov_HULL_lag1,0.013786069334973571
2,2,0.2,ExtraTreesMSE_BAG_L1,cov_MUFL_lag1,2.5591385338177846
2,2,0.2,ExtraTreesMSE_BAG_L1,cov_MULL_lag1,0.016938370541110633
2,2,0.2,ExtraTreesMSE_BAG_L1,cov_LUFL_lag1,0.0942917346881092
2,2,0.2,ExtraTreesMSE_BAG_L1,cov_LULL_lag1,0.02845408671905027
2,2,0.2,ExtraTreesMSE_BAG_L1,cov_OT_lag1,0.02750236929767412
2,2,0.2,ExtraTreesMSE_BAG_L1,hour_lag1,0.6815238497777122
2,2,0.2,ExtraTreesMSE_BAG_L1,day_of_week_lag1,0.01830164091027983
2,2,0.2,ExtraTreesMSE_BAG_L1,month_lag1,0.02844040995476242
2,2,0.2,ExtraTreesMSE_BAG_L1,month_sin,0.01806315537403569
2,2,0.2,ExtraTreesMSE_BAG_L1,month_cos,0.015450081692825137
2,2,0.2,ExtraTreesMSE_BAG_L1,year,0.0725297799694701
2,2,0.3,LightGBM_BAG_L1,item_id,0.0
2,2,0.3,LightGBM_BAG_L1,target_lag1,2.958176449444471
2,2,0.3,LightGBM_BAG_L1,target_lag2,1.0453324008249676
2,2,0.3,LightGBM_BAG_L1,target_lag3,0.22079157027754706
2,2,0.3,LightGBM_BAG_L1,target_lag4,0.42341046433215956
2,2,0.3,LightGBM_BAG_L1,target_lag5,0.31178811364721054
2,2,0.3,LightGBM_BAG_L1,target_lag6,0.3160037101019174
2,2,0.3,LightGBM_BAG_L1,cov_HULL_lag1,0.17883658826655005
2,2,0.3,LightGBM_BAG_L1,cov_MUFL_lag1,2.22136653189559
2,2,0.3,LightGBM_BAG_L1,cov_MULL_lag1,0.06482668824088755
2,2,0.3,LightGBM_BAG_L1,cov_LUFL_lag1,0.3677598023088416
2,2,0.3,LightGBM_BAG_L1,cov_LULL_lag1,0.07926174678353122
2,2,0.3,LightGBM_BAG_L1,cov_OT_lag1,0.1774116430449765
2,2,0.3,LightGBM_BAG_L1,hour_lag1,0.9741577065712073
2,2,0.3,LightGBM_BAG_L1,day_of_week_lag1,0.038831995440647006
2,2,0.3,LightGBM_BAG_L1,month_lag1,0.06882161572969048
2,2,0.3,LightGBM_BAG_L1,month_sin,0.06430535156610417
2,2,0.3,LightGBM_BAG_L1,month_cos,0.02649123157477012
2,2,0.3,LightGBM_BAG_L1,year,0.3554585314862431
2,2,0.3,RandomForestMSE_BAG_L1,item_id,0.0
2,2,0.3,RandomForestMSE_BAG_L1,target_lag1,4.391799353372695
2,2,0.3,RandomForestMSE_BAG_L1,target_lag2,0.4562247695876111
2,2,0.3,RandomForestMSE_BAG_L1,target_lag3,0.32526491122287693
2,2,0.3,RandomForestMSE_BAG_L1,target_lag4,0.20704445977591238
2,2,0.3,RandomForestMSE_BAG_L1,target_lag5,0.22424214390864944
2,2,0.3,RandomForestMSE_BAG_L1,target_lag6,0.08001443780117842
2,2,0.3,RandomForestMSE_BAG_L1,cov_HULL_lag1,0.019605657873829483
2,2,0.3,RandomForestMSE_BAG_L1,cov_MUFL_lag1,2.9709840642544156
2,2,0.3,RandomForestMSE_BAG_L1,cov_MULL_lag1,0.020547012341750815
2,2,0.3,RandomForestMSE_BAG_L1,cov_LUFL_lag1,0.07509688749635242
2,2,0.3,RandomForestMSE_BAG_L1,cov_LULL_lag1,0.03227869265789051
2,2,0.3,RandomForestMSE_BAG_L1,cov_OT_lag1,0.04308715375791364
2,2,0.3,RandomForestMSE_BAG_L1,hour_lag1,0.7057594147295516
2,2,0.3,RandomForestMSE_BAG_L1,day_of_week_lag1,0.01042215051321546
2,2,0.3,RandomForestMSE_BAG_L1,month_lag1,0.013224679992438206
2,2,0.3,RandomForestMSE_BAG_L1,month_sin,0.026747373171430115
2,2,0.3,RandomForestMSE_BAG_L1,month_cos,0.009535982269818485
2,2,0.3,RandomForestMSE_BAG_L1,year,0.17128619105098042
2,2,0.3,ExtraTreesMSE_BAG_L1,item_id,0.0
2,2,0.3,ExtraTreesMSE_BAG_L1,target_lag1,3.1818694529909215
2,2,0.3,ExtraTreesMSE_BAG_L1,target_lag2,1.1815787845226462
2,2,0.3,ExtraTreesMSE_BAG_L1,target_lag3,0.6642743636293802
2,2,0.3,ExtraTreesMSE_BAG_L1,target_lag4,0.2831887557462134
2,2,0.3,ExtraTreesMSE_BAG_L1,target_lag5,0.18497009974394307
2,2,0.3,ExtraTreesMSE_BAG_L1,target_lag6,0.11030770861472412
2,2,0.3,ExtraTreesMSE_BAG_L1,cov_HULL_lag1,0.013786069334973571
2,2,0.3,ExtraTreesMSE_BAG_L1,cov_MUFL_lag1,2.5591385338177846
2,2,0.3,ExtraTreesMSE_BAG_L1,cov_MULL_lag1,0.016938370541110633
2,2,0.3,ExtraTreesMSE_BAG_L1,cov_LUFL_lag1,0.0942917346881092
2,2,0.3,ExtraTreesMSE_BAG_L1,cov_LULL_lag1,0.02845408671905027
2,2,0.3,ExtraTreesMSE_BAG_L1,cov_OT_lag1,0.02750236929767412
2,2,0.3,ExtraTreesMSE_BAG_L1,hour_lag1,0.6815238497777122
2,2,0.3,ExtraTreesMSE_BAG_L1,day_of_week_lag1,0.01830164091027983
2,2,0.3,ExtraTreesMSE_BAG_L1,month_lag1,0.02844040995476242
2,2,0.3,ExtraTreesMSE_BAG_L1,month_sin,0.01806315537403569
2,2,0.3,ExtraTreesMSE_BAG_L1,month_cos,0.015450081692825137
2,2,0.3,ExtraTreesMSE_BAG_L1,year,0.0725297799694701
