split_id,seed,eps,model,feature,global_importance
0,0,0.02,LightGBMXT_BAG_L2,item_id,4.296810181871639
0,0,0.02,LightGBMXT_BAG_L2,target_lag1,24.798803787605568
0,0,0.02,LightGBMXT_BAG_L2,target_lag2,5.039165104913991
0,0,0.02,LightGBMXT_BAG_L2,target_lag3,1.4124366773365764
0,0,0.02,LightGBMXT_BAG_L2,target_lag4,2.7532033654508807
0,0,0.02,LightGBMXT_BAG_L2,target_lag5,3.3513291104226766
0,0,0.02,LightGBMXT_BAG_L2,target_lag6,6.850671854546759
0,0,0.02,LightGBMXT_BAG_L2,hour_lag1,4.1382268020180835
0,0,0.02,LightGBMXT_BAG_L2,day_of_week_lag1,0.9265686272099067
0,0,0.02,LightGBMXT_BAG_L2,month_lag1,0.39848247986682706
0,0,0.02,LightGBMXT_BAG_L2,trend_lag1,1.081856436607893
0,0,0.02,LightGBMXT_BAG_L2,month_sin,0.16471634426856563
0,0,0.02,LightGBMXT_BAG_L2,month_cos,0.14728017342362298
0,0,0.02,LightGBMXT_BAG_L2,year,0.1562412886604042
0,0,0.02,WeightedEnsemble_L3,item_id,3.7981606637150436
0,0,0.02,WeightedEnsemble_L3,target_lag1,28.336150986452385
0,0,0.02,WeightedEnsemble_L3,target_lag2,4.163577755110087
0,0,0.02,WeightedEnsemble_L3,target_lag3,0.8791045057312508
0,0,0.02,WeightedEnsemble_L3,target_lag4,2.1513182578224557
0,0,0.02,WeightedEnsemble_L3,target_lag5,2.477946682223895
0,0,0.02,WeightedEnsemble_L3,target_lag6,5.871407959067891
0,0,0.02,WeightedEnsemble_L3,hour_lag1,3.9007347990345793
0,0,0.02,WeightedEnsemble_L3,day_of_week_lag1,0.7225073523926705
0,0,0.02,WeightedEnsemble_L3,month_lag1,0.39769451091796815
0,0,0.02,WeightedEnsemble_L3,trend_lag1,0.908341318620951
0,0,0.02,WeightedEnsemble_L3,month_sin,0.11115782419250612
0,0,0.02,WeightedEnsemble_L3,month_cos,0.13825988672995784
0,0,0.02,WeightedEnsemble_L3,year,0.11469914742881318
0,0,0.02,WeightedEnsemble_L2,item_id,3.4847731484820166
0,0,0.02,WeightedEnsemble_L2,target_lag1,30.251594807241695
0,0,0.02,WeightedEnsemble_L2,target_lag2,3.3045532201236347
0,0,0.02,WeightedEnsemble_L2,target_lag3,1.0070841213822521
0,0,0.02,WeightedEnsemble_L2,target_lag4,1.8075501932114815
0,0,0.02,WeightedEnsemble_L2,target_lag5,2.4811120309206407
0,0,0.02,WeightedEnsemble_L2,target_lag6,5.574747346703051
0,0,0.02,WeightedEnsemble_L2,hour_lag1,4.096996397313644
0,0,0.02,WeightedEnsemble_L2,day_of_week_lag1,0.8128959150245834
0,0,0.02,WeightedEnsemble_L2,month_lag1,0.45983899770974945
0,0,0.02,WeightedEnsemble_L2,trend_lag1,0.9222138183980713
0,0,0.02,WeightedEnsemble_L2,month_sin,0.09800543411780356
0,0,0.02,WeightedEnsemble_L2,month_cos,0.16380911085612
0,0,0.02,WeightedEnsemble_L2,year,0.09144255840035223
0,0,0.02,LightGBM_BAG_L1,item_id,2.9304344024777533
0,0,0.02,LightGBM_BAG_L1,target_lag1,32.598790628363886
0,0,0.02,LightGBM_BAG_L1,target_lag2,2.9692099140710972
0,0,0.02,LightGBM_BAG_L1,target_lag3,0.855363708372848
0,0,0.02,LightGBM_BAG_L1,target_lag4,1.327191295930088
0,0,0.02,LightGBM_BAG_L1,target_lag5,1.6355160311822545
0,0,0.02,LightGBM_BAG_L1,target_lag6,5.266069488645959
0,0,0.02,LightGBM_BAG_L1,hour_lag1,4.0289171973576305
0,0,0.02,LightGBM_BAG_L1,day_of_week_lag1,0.8393332644069254
0,0,0.02,LightGBM_BAG_L1,month_lag1,0.304864901037266
0,0,0.02,LightGBM_BAG_L1,trend_lag1,1.042867256680077
0,0,0.02,LightGBM_BAG_L1,month_sin,0.09335248779963425
0,0,0.02,LightGBM_BAG_L1,month_cos,0.04837048812858653
0,0,0.02,LightGBM_BAG_L1,year,0.031904093202047984
0,0,0.05,LightGBMXT_BAG_L2,item_id,4.296810181871639
0,0,0.05,LightGBMXT_BAG_L2,target_lag1,24.798803787605568
0,0,0.05,LightGBMXT_BAG_L2,target_lag2,5.039165104913991
0,0,0.05,LightGBMXT_BAG_L2,target_lag3,1.4124366773365764
0,0,0.05,LightGBMXT_BAG_L2,target_lag4,2.7532033654508807
0,0,0.05,LightGBMXT_BAG_L2,target_lag5,3.3513291104226766
0,0,0.05,LightGBMXT_BAG_L2,target_lag6,6.850671854546759
0,0,0.05,LightGBMXT_BAG_L2,hour_lag1,4.1382268020180835
0,0,0.05,LightGBMXT_BAG_L2,day_of_week_lag1,0.9265686272099067
0,0,0.05,LightGBMXT_BAG_L2,month_lag1,0.39848247986682706
0,0,0.05,LightGBMXT_BAG_L2,trend_lag1,1.081856436607893
0,0,0.05,LightGBMXT_BAG_L2,month_sin,0.16471634426856563
0,0,0.05,LightGBMXT_BAG_L2,month_cos,0.14728017342362298
0,0,0.05,LightGBMXT_BAG_L2,year,0.1562412886604042
0,0,0.05,WeightedEnsemble_L3,item_id,3.7981606637150436
0,0,0.05,WeightedEnsemble_L3,target_lag1,28.336150986452385
0,0,0.05,WeightedEnsemble_L3,target_lag2,4.163577755110087
0,0,0.05,WeightedEnsemble_L3,target_lag3,0.8791045057312508
0,0,0.05,WeightedEnsemble_L3,target_lag4,2.1513182578224557
0,0,0.05,WeightedEnsemble_L3,target_lag5,2.477946682223895
0,0,0.05,WeightedEnsemble_L3,target_lag6,5.871407959067891
0,0,0.05,WeightedEnsemble_L3,hour_lag1,3.9007347990345793
0,0,0.05,WeightedEnsemble_L3,day_of_week_lag1,0.7225073523926705
0,0,0.05,WeightedEnsemble_L3,month_lag1,0.39769451091796815
0,0,0.05,WeightedEnsemble_L3,trend_lag1,0.908341318620951
0,0,0.05,WeightedEnsemble_L3,month_sin,0.11115782419250612
0,0,0.05,WeightedEnsemble_L3,month_cos,0.13825988672995784
0,0,0.05,WeightedEnsemble_L3,year,0.11469914742881318
0,0,0.05,WeightedEnsemble_L2,item_id,3.4847731484820166
0,0,0.05,WeightedEnsemble_L2,target_lag1,30.251594807241695
0,0,0.05,WeightedEnsemble_L2,target_lag2,3.3045532201236347
0,0,0.05,WeightedEnsemble_L2,target_lag3,1.0070841213822521
0,0,0.05,WeightedEnsemble_L2,target_lag4,1.8075501932114815
0,0,0.05,WeightedEnsemble_L2,target_lag5,2.4811120309206407
0,0,0.05,WeightedEnsemble_L2,target_lag6,5.574747346703051
0,0,0.05,WeightedEnsemble_L2,hour_lag1,4.096996397313644
0,0,0.05,WeightedEnsemble_L2,day_of_week_lag1,0.8128959150245834
0,0,0.05,WeightedEnsemble_L2,month_lag1,0.45983899770974945
0,0,0.05,WeightedEnsemble_L2,trend_lag1,0.9222138183980713
0,0,0.05,WeightedEnsemble_L2,month_sin,0.09800543411780356
0,0,0.05,WeightedEnsemble_L2,month_cos,0.16380911085612
0,0,0.05,WeightedEnsemble_L2,year,0.09144255840035223
0,0,0.05,LightGBM_BAG_L1,item_id,2.9304344024777533
0,0,0.05,LightGBM_BAG_L1,target_lag1,32.598790628363886
0,0,0.05,LightGBM_BAG_L1,target_lag2,2.9692099140710972
0,0,0.05,LightGBM_BAG_L1,target_lag3,0.855363708372848
0,0,0.05,LightGBM_BAG_L1,target_lag4,1.327191295930088
0,0,0.05,LightGBM_BAG_L1,target_lag5,1.6355160311822545
0,0,0.05,LightGBM_BAG_L1,target_lag6,5.266069488645959
0,0,0.05,LightGBM_BAG_L1,hour_lag1,4.0289171973576305
0,0,0.05,LightGBM_BAG_L1,day_of_week_lag1,0.8393332644069254
0,0,0.05,LightGBM_BAG_L1,month_lag1,0.304864901037266
0,0,0.05,LightGBM_BAG_L1,trend_lag1,1.042867256680077
0,0,0.05,LightGBM_BAG_L1,month_sin,0.09335248779963425
0,0,0.05,LightGBM_BAG_L1,month_cos,0.04837048812858653
0,0,0.05,LightGBM_BAG_L1,year,0.031904093202047984
0,0,0.05,LightGBMXT_BAG_L1,item_id,4.421561493635546
0,0,0.05,LightGBMXT_BAG_L1,target_lag1,26.208078636731024
0,0,0.05,LightGBMXT_BAG_L1,target_lag2,4.1468758508756105
0,0,0.05,LightGBMXT_BAG_L1,target_lag3,1.171833597897785
0,0,0.05,LightGBMXT_BAG_L1,target_lag4,2.4898819476415515
0,0,0.05,LightGBMXT_BAG_L1,target_lag5,3.630097439417227
0,0,0.05,LightGBMXT_BAG_L1,target_lag6,6.370006334602484
0,0,0.05,LightGBMXT_BAG_L1,hour_lag1,3.9321305673155393
0,0,0.05,LightGBMXT_BAG_L1,day_of_week_lag1,0.7294098247566334
0,0,0.05,LightGBMXT_BAG_L1,month_lag1,0.5691815191583405
0,0,0.05,LightGBMXT_BAG_L1,trend_lag1,1.0358905836748888
0,0,0.05,LightGBMXT_BAG_L1,month_sin,0.2365511839966829
0,0,0.05,LightGBMXT_BAG_L1,month_cos,0.3150787494310837
0,0,0.05,LightGBMXT_BAG_L1,year,0.21693451857691026
0,0,0.1,LightGBMXT_BAG_L2,item_id,4.296810181871639
0,0,0.1,LightGBMXT_BAG_L2,target_lag1,24.798803787605568
0,0,0.1,LightGBMXT_BAG_L2,target_lag2,5.039165104913991
0,0,0.1,LightGBMXT_BAG_L2,target_lag3,1.4124366773365764
0,0,0.1,LightGBMXT_BAG_L2,target_lag4,2.7532033654508807
0,0,0.1,LightGBMXT_BAG_L2,target_lag5,3.3513291104226766
0,0,0.1,LightGBMXT_BAG_L2,target_lag6,6.850671854546759
0,0,0.1,LightGBMXT_BAG_L2,hour_lag1,4.1382268020180835
0,0,0.1,LightGBMXT_BAG_L2,day_of_week_lag1,0.9265686272099067
0,0,0.1,LightGBMXT_BAG_L2,month_lag1,0.39848247986682706
0,0,0.1,LightGBMXT_BAG_L2,trend_lag1,1.081856436607893
0,0,0.1,LightGBMXT_BAG_L2,month_sin,0.16471634426856563
0,0,0.1,LightGBMXT_BAG_L2,month_cos,0.14728017342362298
0,0,0.1,LightGBMXT_BAG_L2,year,0.1562412886604042
0,0,0.1,WeightedEnsemble_L3,item_id,3.7981606637150436
0,0,0.1,WeightedEnsemble_L3,target_lag1,28.336150986452385
0,0,0.1,WeightedEnsemble_L3,target_lag2,4.163577755110087
0,0,0.1,WeightedEnsemble_L3,target_lag3,0.8791045057312508
0,0,0.1,WeightedEnsemble_L3,target_lag4,2.1513182578224557
0,0,0.1,WeightedEnsemble_L3,target_lag5,2.477946682223895
0,0,0.1,WeightedEnsemble_L3,target_lag6,5.871407959067891
0,0,0.1,WeightedEnsemble_L3,hour_lag1,3.9007347990345793
0,0,0.1,WeightedEnsemble_L3,day_of_week_lag1,0.7225073523926705
0,0,0.1,WeightedEnsemble_L3,month_lag1,0.39769451091796815
0,0,0.1,WeightedEnsemble_L3,trend_lag1,0.908341318620951
0,0,0.1,WeightedEnsemble_L3,month_sin,0.11115782419250612
0,0,0.1,WeightedEnsemble_L3,month_cos,0.13825988672995784
0,0,0.1,WeightedEnsemble_L3,year,0.11469914742881318
0,0,0.1,WeightedEnsemble_L2,item_id,3.4847731484820166
0,0,0.1,WeightedEnsemble_L2,target_lag1,30.251594807241695
0,0,0.1,WeightedEnsemble_L2,target_lag2,3.3045532201236347
0,0,0.1,WeightedEnsemble_L2,target_lag3,1.0070841213822521
0,0,0.1,WeightedEnsemble_L2,target_lag4,1.8075501932114815
0,0,0.1,WeightedEnsemble_L2,target_lag5,2.4811120309206407
0,0,0.1,WeightedEnsemble_L2,target_lag6,5.574747346703051
0,0,0.1,WeightedEnsemble_L2,hour_lag1,4.096996397313644
0,0,0.1,WeightedEnsemble_L2,day_of_week_lag1,0.8128959150245834
0,0,0.1,WeightedEnsemble_L2,month_lag1,0.45983899770974945
0,0,0.1,WeightedEnsemble_L2,trend_lag1,0.9222138183980713
0,0,0.1,WeightedEnsemble_L2,month_sin,0.09800543411780356
0,0,0.1,WeightedEnsemble_L2,month_cos,0.16380911085612
0,0,0.1,WeightedEnsemble_L2,year,0.09144255840035223
0,0,0.1,LightGBM_BAG_L1,item_id,2.9304344024777533
0,0,0.1,LightGBM_BAG_L1,target_lag1,32.598790628363886
0,0,0.1,LightGBM_BAG_L1,target_lag2,2.9692099140710972
0,0,0.1,LightGBM_BAG_L1,target_lag3,0.855363708372848
0,0,0.1,LightGBM_BAG_L1,target_lag4,1.327191295930088
0,0,0.1,LightGBM_BAG_L1,target_lag5,1.6355160311822545
0,0,0.1,LightGBM_BAG_L1,target_lag6,5.266069488645959
0,0,0.1,LightGBM_BAG_L1,hour_lag1,4.0289171973576305
0,0,0.1,LightGBM_BAG_L1,day_of_week_lag1,0.8393332644069254
0,0,0.1,LightGBM_BAG_L1,month_lag1,0.304864901037266
0,0,0.1,LightGBM_BAG_L1,trend_lag1,1.042867256680077
0,0,0.1,LightGBM_BAG_L1,month_sin,0.09335248779963425
0,0,0.1,LightGBM_BAG_L1,month_cos,0.04837048812858653
0,0,0.1,LightGBM_BAG_L1,year,0.031904093202047984
0,0,0.1,LightGBMXT_BAG_L1,item_id,4.421561493635546
0,0,0.1,LightGBMXT_BAG_L1,target_lag1,26.208078636731024
0,0,0.1,LightGBMXT_BAG_L1,target_lag2,4.1468758508756105
0,0,0.1,LightGBMXT_BAG_L1,target_lag3,1.171833597897785
0,0,0.1,LightGBMXT_BAG_L1,target_lag4,2.4898819476415515
0,0,0.1,LightGBMXT_BAG_L1,target_lag5,3.630097439417227
0,0,0.1,LightGBMXT_BAG_L1,target_lag6,6.370006334602484
0,0,0.1,LightGBMXT_BAG_L1,hour_lag1,3.9321305673155393
0,0,0.1,LightGBMXT_BAG_L1,day_of_week_lag1,0.7294098247566334
0,0,0.1,LightGBMXT_BAG_L1,month_lag1,0.5691815191583405
0,0,0.1,LightGBMXT_BAG_L1,trend_lag1,1.0358905836748888
0,0,0.1,LightGBMXT_BAG_L1,month_sin,0.2365511839966829
0,0,0.1,LightGBMXT_BAG_L1,month_cos,0.3150787494310837
0,0,0.1,LightGBMXT_BAG_L1,year,0.21693451857691026
0,0,0.2,LightGBMXT_BAG_L2,item_id,4.296810181871639
0,0,0.2,LightGBMXT_BAG_L2,target_lag1,24.798803787605568
0,0,0.2,LightGBMXT_BAG_L2,target_lag2,5.039165104913991
0,0,0.2,LightGBMXT_BAG_L2,target_lag3,1.4124366773365764
0,0,0.2,LightGBMXT_BAG_L2,target_lag4,2.7532033654508807
0,0,0.2,LightGBMXT_BAG_L2,target_lag5,3.3513291104226766
0,0,0.2,LightGBMXT_BAG_L2,target_lag6,6.850671854546759
0,0,0.2,LightGBMXT_BAG_L2,hour_lag1,4.1382268020180835
0,0,0.2,LightGBMXT_BAG_L2,day_of_week_lag1,0.9265686272099067
0,0,0.2,LightGBMXT_BAG_L2,month_lag1,0.39848247986682706
0,0,0.2,LightGBMXT_BAG_L2,trend_lag1,1.081856436607893
0,0,0.2,LightGBMXT_BAG_L2,month_sin,0.16471634426856563
0,0,0.2,LightGBMXT_BAG_L2,month_cos,0.14728017342362298
0,0,0.2,LightGBMXT_BAG_L2,year,0.1562412886604042
0,0,0.2,WeightedEnsemble_L3,item_id,3.7981606637150436
0,0,0.2,WeightedEnsemble_L3,target_lag1,28.336150986452385
0,0,0.2,WeightedEnsemble_L3,target_lag2,4.163577755110087
0,0,0.2,WeightedEnsemble_L3,target_lag3,0.8791045057312508
0,0,0.2,WeightedEnsemble_L3,target_lag4,2.1513182578224557
0,0,0.2,WeightedEnsemble_L3,target_lag5,2.477946682223895
0,0,0.2,WeightedEnsemble_L3,target_lag6,5.871407959067891
0,0,0.2,WeightedEnsemble_L3,hour_lag1,3.9007347990345793
0,0,0.2,WeightedEnsemble_L3,day_of_week_lag1,0.7225073523926705
0,0,0.2,WeightedEnsemble_L3,month_lag1,0.39769451091796815
0,0,0.2,WeightedEnsemble_L3,trend_lag1,0.908341318620951
0,0,0.2,WeightedEnsemble_L3,month_sin,0.11115782419250612
0,0,0.2,WeightedEnsemble_L3,month_cos,0.13825988672995784
0,0,0.2,WeightedEnsemble_L3,year,0.11469914742881318
0,0,0.2,WeightedEnsemble_L2,item_id,3.4847731484820166
0,0,0.2,WeightedEnsemble_L2,target_lag1,30.251594807241695
0,0,0.2,WeightedEnsemble_L2,target_lag2,3.3045532201236347
0,0,0.2,WeightedEnsemble_L2,target_lag3,1.0070841213822521
0,0,0.2,WeightedEnsemble_L2,target_lag4,1.8075501932114815
0,0,0.2,WeightedEnsemble_L2,target_lag5,2.4811120309206407
0,0,0.2,WeightedEnsemble_L2,target_lag6,5.574747346703051
0,0,0.2,WeightedEnsemble_L2,hour_lag1,4.096996397313644
0,0,0.2,WeightedEnsemble_L2,day_of_week_lag1,0.8128959150245834
0,0,0.2,WeightedEnsemble_L2,month_lag1,0.45983899770974945
0,0,0.2,WeightedEnsemble_L2,trend_lag1,0.9222138183980713
0,0,0.2,WeightedEnsemble_L2,month_sin,0.09800543411780356
0,0,0.2,WeightedEnsemble_L2,month_cos,0.16380911085612
0,0,0.2,WeightedEnsemble_L2,year,0.09144255840035223
0,0,0.2,LightGBM_BAG_L1,item_id,2.9304344024777533
0,0,0.2,LightGBM_BAG_L1,target_lag1,32.598790628363886
0,0,0.2,LightGBM_BAG_L1,target_lag2,2.9692099140710972
0,0,0.2,LightGBM_BAG_L1,target_lag3,0.855363708372848
0,0,0.2,LightGBM_BAG_L1,target_lag4,1.327191295930088
0,0,0.2,LightGBM_BAG_L1,target_lag5,1.6355160311822545
0,0,0.2,LightGBM_BAG_L1,target_lag6,5.266069488645959
0,0,0.2,LightGBM_BAG_L1,hour_lag1,4.0289171973576305
0,0,0.2,LightGBM_BAG_L1,day_of_week_lag1,0.8393332644069254
0,0,0.2,LightGBM_BAG_L1,month_lag1,0.304864901037266
0,0,0.2,LightGBM_BAG_L1,trend_lag1,1.042867256680077
0,0,0.2,LightGBM_BAG_L1,month_sin,0.09335248779963425
0,0,0.2,LightGBM_BAG_L1,month_cos,0.04837048812858653
0,0,0.2,LightGBM_BAG_L1,year,0.031904093202047984
0,0,0.2,LightGBMXT_BAG_L1,item_id,4.421561493635546
0,0,0.2,LightGBMXT_BAG_L1,target_lag1,26.208078636731024
0,0,0.2,LightGBMXT_BAG_L1,target_lag2,4.1468758508756105
0,0,0.2,LightGBMXT_BAG_L1,target_lag3,1.171833597897785
0,0,0.2,LightGBMXT_BAG_L1,target_lag4,2.4898819476415515
0,0,0.2,LightGBMXT_BAG_L1,target_lag5,3.630097439417227
0,0,0.2,LightGBMXT_BAG_L1,target_lag6,6.370006334602484
0,0,0.2,LightGBMXT_BAG_L1,hour_lag1,3.9321305673155393
0,0,0.2,LightGBMXT_BAG_L1,day_of_week_lag1,0.7294098247566334
0,0,0.2,LightGBMXT_BAG_L1,month_lag1,0.5691815191583405
0,0,0.2,LightGBMXT_BAG_L1,trend_lag1,1.0358905836748888
0,0,0.2,LightGBMXT_BAG_L1,month_sin,0.2365511839966829
0,0,0.2,LightGBMXT_BAG_L1,month_cos,0.3150787494310837
0,0,0.2,LightGBMXT_BAG_L1,year,0.21693451857691026
0,0,0.3,LightGBMXT_BAG_L2,item_id,4.296810181871639
0,0,0.3,LightGBMXT_BAG_L2,target_lag1,24.798803787605568
0,0,0.3,LightGBMXT_BAG_L2,target_lag2,5.039165104913991
0,0,0.3,LightGBMXT_BAG_L2,target_lag3,1.4124366773365764
0,0,0.3,LightGBMXT_BAG_L2,target_lag4,2.7532033654508807
0,0,0.3,LightGBMXT_BAG_L2,target_lag5,3.3513291104226766
0,0,0.3,LightGBMXT_BAG_L2,target_lag6,6.850671854546759
0,0,0.3,LightGBMXT_BAG_L2,hour_lag1,4.1382268020180835
0,0,0.3,LightGBMXT_BAG_L2,day_of_week_lag1,0.9265686272099067
0,0,0.3,LightGBMXT_BAG_L2,month_lag1,0.39848247986682706
0,0,0.3,LightGBMXT_BAG_L2,trend_lag1,1.081856436607893
0,0,0.3,LightGBMXT_BAG_L2,month_sin,0.16471634426856563
0,0,0.3,LightGBMXT_BAG_L2,month_cos,0.14728017342362298
0,0,0.3,LightGBMXT_BAG_L2,year,0.1562412886604042
0,0,0.3,WeightedEnsemble_L3,item_id,3.7981606637150436
0,0,0.3,WeightedEnsemble_L3,target_lag1,28.336150986452385
0,0,0.3,WeightedEnsemble_L3,target_lag2,4.163577755110087
0,0,0.3,WeightedEnsemble_L3,target_lag3,0.8791045057312508
0,0,0.3,WeightedEnsemble_L3,target_lag4,2.1513182578224557
0,0,0.3,WeightedEnsemble_L3,target_lag5,2.477946682223895
0,0,0.3,WeightedEnsemble_L3,target_lag6,5.871407959067891
0,0,0.3,WeightedEnsemble_L3,hour_lag1,3.9007347990345793
0,0,0.3,WeightedEnsemble_L3,day_of_week_lag1,0.7225073523926705
0,0,0.3,WeightedEnsemble_L3,month_lag1,0.39769451091796815
0,0,0.3,WeightedEnsemble_L3,trend_lag1,0.908341318620951
0,0,0.3,WeightedEnsemble_L3,month_sin,0.11115782419250612
0,0,0.3,WeightedEnsemble_L3,month_cos,0.13825988672995784
0,0,0.3,WeightedEnsemble_L3,year,0.11469914742881318
0,0,0.3,WeightedEnsemble_L2,item_id,3.4847731484820166
0,0,0.3,WeightedEnsemble_L2,target_lag1,30.251594807241695
0,0,0.3,WeightedEnsemble_L2,target_lag2,3.3045532201236347
0,0,0.3,WeightedEnsemble_L2,target_lag3,1.0070841213822521
0,0,0.3,WeightedEnsemble_L2,target_lag4,1.8075501932114815
0,0,0.3,WeightedEnsemble_L2,target_lag5,2.4811120309206407
0,0,0.3,WeightedEnsemble_L2,target_lag6,5.574747346703051
0,0,0.3,WeightedEnsemble_L2,hour_lag1,4.096996397313644
0,0,0.3,WeightedEnsemble_L2,day_of_week_lag1,0.8128959150245834
0,0,0.3,WeightedEnsemble_L2,month_lag1,0.45983899770974945
0,0,0.3,WeightedEnsemble_L2,trend_lag1,0.9222138183980713
0,0,0.3,WeightedEnsemble_L2,month_sin,0.09800543411780356
0,0,0.3,WeightedEnsemble_L2,month_cos,0.16380911085612
0,0,0.3,WeightedEnsemble_L2,year,0.09144255840035223
0,0,0.3,LightGBM_BAG_L1,item_id,2.9304344024777533
0,0,0.3,LightGBM_BAG_L1,target_lag1,32.598790628363886
0,0,0.3,LightGBM_BAG_L1,target_lag2,2.9692099140710972
0,0,0.3,LightGBM_BAG_L1,target_lag3,0.855363708372848
0,0,0.3,LightGBM_BAG_L1,target_lag4,1.327191295930088
0,0,0.3,LightGBM_BAG_L1,target_lag5,1.6355160311822545
0,0,0.3,LightGBM_BAG_L1,target_lag6,5.266069488645959
0,0,0.3,LightGBM_BAG_L1,hour_lag1,4.0289171973576305
0,0,0.3,LightGBM_BAG_L1,day_of_week_lag1,0.8393332644069254
0,0,0.3,LightGBM_BAG_L1,month_lag1,0.304864901037266
0,0,0.3,LightGBM_BAG_L1,trend_lag1,1.042867256680077
0,0,0.3,LightGBM_BAG_L1,month_sin,0.09335248779963425
0,0,0.3,LightGBM_BAG_L1,month_cos,0.04837048812858653
0,0,0.3,LightGBM_BAG_L1,year,0.031904093202047984
0,0,0.3,LightGBMXT_BAG_L1,item_id,4.421561493635546
0,0,0.3,LightGBMXT_BAG_L1,target_lag1,26.208078636731024
0,0,0.3,LightGBMXT_BAG_L1,target_lag2,4.1468758508756105
0,0,0.3,LightGBMXT_BAG_L1,target_lag3,1.171833597897785
0,0,0.3,LightGBMXT_BAG_L1,target_lag4,2.4898819476415515
0,0,0.3,LightGBMXT_BAG_L1,target_lag5,3.630097439417227
0,0,0.3,LightGBMXT_BAG_L1,target_lag6,6.370006334602484
0,0,0.3,LightGBMXT_BAG_L1,hour_lag1,3.9321305673155393
0,0,0.3,LightGBMXT_BAG_L1,day_of_week_lag1,0.7294098247566334
0,0,0.3,LightGBMXT_BAG_L1,month_lag1,0.5691815191583405
0,0,0.3,LightGBMXT_BAG_L1,trend_lag1,1.0358905836748888
0,0,0.3,LightGBMXT_BAG_L1,month_sin,0.2365511839966829
0,0,0.3,LightGBMXT_BAG_L1,month_cos,0.3150787494310837
0,0,0.3,LightGBMXT_BAG_L1,year,0.21693451857691026
1,0,0.02,LightGBMXT_BAG_L1,item_id,3.6898086330716806
1,0,0.02,LightGBMXT_BAG_L1,target_lag1,28.29794966378585
1,0,0.02,LightGBMXT_BAG_L1,target_lag2,5.642394217691811
1,0,0.02,LightGBMXT_BAG_L1,target_lag3,2.3519852596066193
1,0,0.02,LightGBMXT_BAG_L1,target_lag4,3.5840117372807976
1,0,0.02,LightGBMXT_BAG_L1,target_lag5,4.4816060583764346
1,0,0.02,LightGBMXT_BAG_L1,target_lag6,11.090187525522625
1,0,0.02,LightGBMXT_BAG_L1,hour_lag1,3.759066122822657
1,0,0.02,LightGBMXT_BAG_L1,day_of_week_lag1,0.7755840013338599
1,0,0.02,LightGBMXT_BAG_L1,month_lag1,0.6964456427518361
1,0,0.02,LightGBMXT_BAG_L1,trend_lag1,2.2856886568483317
1,0,0.02,LightGBMXT_BAG_L1,month_sin,0.10621411902092733
1,0,0.02,LightGBMXT_BAG_L1,month_cos,0.23396017395018132
1,0,0.02,LightGBMXT_BAG_L1,year,0.9308415234505277
1,0,0.02,WeightedEnsemble_L2,item_id,3.4949681451101986
1,0,0.02,WeightedEnsemble_L2,target_lag1,29.819237555447227
1,0,0.02,WeightedEnsemble_L2,target_lag2,5.41473891954968
1,0,0.02,WeightedEnsemble_L2,target_lag3,1.952731246585356
1,0,0.02,WeightedEnsemble_L2,target_lag4,3.002088876166279
1,0,0.02,WeightedEnsemble_L2,target_lag5,3.96493040435668
1,0,0.02,WeightedEnsemble_L2,target_lag6,10.83972683085598
1,0,0.02,WeightedEnsemble_L2,hour_lag1,3.5671656075615124
1,0,0.02,WeightedEnsemble_L2,day_of_week_lag1,0.7142010820796912
1,0,0.02,WeightedEnsemble_L2,month_lag1,0.6319065972948256
1,0,0.02,WeightedEnsemble_L2,trend_lag1,2.046153705333068
1,0,0.02,WeightedEnsemble_L2,month_sin,0.13445529850106164
1,0,0.02,WeightedEnsemble_L2,month_cos,0.2240614431017501
1,0,0.02,WeightedEnsemble_L2,year,0.823284086927927
1,0,0.02,WeightedEnsemble_L3,item_id,3.433884219448655
1,0,0.02,WeightedEnsemble_L3,target_lag1,29.064189676850667
1,0,0.02,WeightedEnsemble_L3,target_lag2,6.014040229603027
1,0,0.02,WeightedEnsemble_L3,target_lag3,2.224203049975292
1,0,0.02,WeightedEnsemble_L3,target_lag4,3.073829297317212
1,0,0.02,WeightedEnsemble_L3,target_lag5,4.064814251535251
1,0,0.02,WeightedEnsemble_L3,target_lag6,10.973107677458376
1,0,0.02,WeightedEnsemble_L3,hour_lag1,3.738448958158215
1,0,0.02,WeightedEnsemble_L3,day_of_week_lag1,0.7513778342747444
1,0,0.02,WeightedEnsemble_L3,month_lag1,0.6492044877535496
1,0,0.02,WeightedEnsemble_L3,trend_lag1,2.329533141901775
1,0,0.02,WeightedEnsemble_L3,month_sin,0.17088110308118287
1,0,0.02,WeightedEnsemble_L3,month_cos,0.2259715377158039
1,0,0.02,WeightedEnsemble_L3,year,0.8984576776438813
1,0,0.02,LightGBMXT_BAG_L2,item_id,3.21938663792197
1,0,0.02,LightGBMXT_BAG_L2,target_lag1,26.795514415199516
1,0,0.02,LightGBMXT_BAG_L2,target_lag2,6.017637502358451
1,0,0.02,LightGBMXT_BAG_L2,target_lag3,2.672649329161078
1,0,0.02,LightGBMXT_BAG_L2,target_lag4,3.464055281753361
1,0,0.02,LightGBMXT_BAG_L2,target_lag5,4.494271099615338
1,0,0.02,LightGBMXT_BAG_L2,target_lag6,12.913679190288027
1,0,0.02,LightGBMXT_BAG_L2,hour_lag1,3.786956648342816
1,0,0.02,LightGBMXT_BAG_L2,day_of_week_lag1,0.6899642100239094
1,0,0.02,LightGBMXT_BAG_L2,month_lag1,0.6736465857051468
1,0,0.02,LightGBMXT_BAG_L2,trend_lag1,2.45579829379924
1,0,0.02,LightGBMXT_BAG_L2,month_sin,0.1462127725779621
1,0,0.02,LightGBMXT_BAG_L2,month_cos,0.2018419074738249
1,0,0.02,LightGBMXT_BAG_L2,year,0.7437542686209389
1,0,0.05,LightGBMXT_BAG_L1,item_id,3.6898086330716806
1,0,0.05,LightGBMXT_BAG_L1,target_lag1,28.29794966378585
1,0,0.05,LightGBMXT_BAG_L1,target_lag2,5.642394217691811
1,0,0.05,LightGBMXT_BAG_L1,target_lag3,2.3519852596066193
1,0,0.05,LightGBMXT_BAG_L1,target_lag4,3.5840117372807976
1,0,0.05,LightGBMXT_BAG_L1,target_lag5,4.4816060583764346
1,0,0.05,LightGBMXT_BAG_L1,target_lag6,11.090187525522625
1,0,0.05,LightGBMXT_BAG_L1,hour_lag1,3.759066122822657
1,0,0.05,LightGBMXT_BAG_L1,day_of_week_lag1,0.7755840013338599
1,0,0.05,LightGBMXT_BAG_L1,month_lag1,0.6964456427518361
1,0,0.05,LightGBMXT_BAG_L1,trend_lag1,2.2856886568483317
1,0,0.05,LightGBMXT_BAG_L1,month_sin,0.10621411902092733
1,0,0.05,LightGBMXT_BAG_L1,month_cos,0.23396017395018132
1,0,0.05,LightGBMXT_BAG_L1,year,0.9308415234505277
1,0,0.05,WeightedEnsemble_L2,item_id,3.4949681451101986
1,0,0.05,WeightedEnsemble_L2,target_lag1,29.819237555447227
1,0,0.05,WeightedEnsemble_L2,target_lag2,5.41473891954968
1,0,0.05,WeightedEnsemble_L2,target_lag3,1.952731246585356
1,0,0.05,WeightedEnsemble_L2,target_lag4,3.002088876166279
1,0,0.05,WeightedEnsemble_L2,target_lag5,3.96493040435668
1,0,0.05,WeightedEnsemble_L2,target_lag6,10.83972683085598
1,0,0.05,WeightedEnsemble_L2,hour_lag1,3.5671656075615124
1,0,0.05,WeightedEnsemble_L2,day_of_week_lag1,0.7142010820796912
1,0,0.05,WeightedEnsemble_L2,month_lag1,0.6319065972948256
1,0,0.05,WeightedEnsemble_L2,trend_lag1,2.046153705333068
1,0,0.05,WeightedEnsemble_L2,month_sin,0.13445529850106164
1,0,0.05,WeightedEnsemble_L2,month_cos,0.2240614431017501
1,0,0.05,WeightedEnsemble_L2,year,0.823284086927927
1,0,0.05,WeightedEnsemble_L3,item_id,3.433884219448655
1,0,0.05,WeightedEnsemble_L3,target_lag1,29.064189676850667
1,0,0.05,WeightedEnsemble_L3,target_lag2,6.014040229603027
1,0,0.05,WeightedEnsemble_L3,target_lag3,2.224203049975292
1,0,0.05,WeightedEnsemble_L3,target_lag4,3.073829297317212
1,0,0.05,WeightedEnsemble_L3,target_lag5,4.064814251535251
1,0,0.05,WeightedEnsemble_L3,target_lag6,10.973107677458376
1,0,0.05,WeightedEnsemble_L3,hour_lag1,3.738448958158215
1,0,0.05,WeightedEnsemble_L3,day_of_week_lag1,0.7513778342747444
1,0,0.05,WeightedEnsemble_L3,month_lag1,0.6492044877535496
1,0,0.05,WeightedEnsemble_L3,trend_lag1,2.329533141901775
1,0,0.05,WeightedEnsemble_L3,month_sin,0.17088110308118287
1,0,0.05,WeightedEnsemble_L3,month_cos,0.2259715377158039
1,0,0.05,WeightedEnsemble_L3,year,0.8984576776438813
1,0,0.05,LightGBMXT_BAG_L2,item_id,3.21938663792197
1,0,0.05,LightGBMXT_BAG_L2,target_lag1,26.795514415199516
1,0,0.05,LightGBMXT_BAG_L2,target_lag2,6.017637502358451
1,0,0.05,LightGBMXT_BAG_L2,target_lag3,2.672649329161078
1,0,0.05,LightGBMXT_BAG_L2,target_lag4,3.464055281753361
1,0,0.05,LightGBMXT_BAG_L2,target_lag5,4.494271099615338
1,0,0.05,LightGBMXT_BAG_L2,target_lag6,12.913679190288027
1,0,0.05,LightGBMXT_BAG_L2,hour_lag1,3.786956648342816
1,0,0.05,LightGBMXT_BAG_L2,day_of_week_lag1,0.6899642100239094
1,0,0.05,LightGBMXT_BAG_L2,month_lag1,0.6736465857051468
1,0,0.05,LightGBMXT_BAG_L2,trend_lag1,2.45579829379924
1,0,0.05,LightGBMXT_BAG_L2,month_sin,0.1462127725779621
1,0,0.05,LightGBMXT_BAG_L2,month_cos,0.2018419074738249
1,0,0.05,LightGBMXT_BAG_L2,year,0.7437542686209389
1,0,0.1,LightGBMXT_BAG_L1,item_id,3.6898086330716806
1,0,0.1,LightGBMXT_BAG_L1,target_lag1,28.29794966378585
1,0,0.1,LightGBMXT_BAG_L1,target_lag2,5.642394217691811
1,0,0.1,LightGBMXT_BAG_L1,target_lag3,2.3519852596066193
1,0,0.1,LightGBMXT_BAG_L1,target_lag4,3.5840117372807976
1,0,0.1,LightGBMXT_BAG_L1,target_lag5,4.4816060583764346
1,0,0.1,LightGBMXT_BAG_L1,target_lag6,11.090187525522625
1,0,0.1,LightGBMXT_BAG_L1,hour_lag1,3.759066122822657
1,0,0.1,LightGBMXT_BAG_L1,day_of_week_lag1,0.7755840013338599
1,0,0.1,LightGBMXT_BAG_L1,month_lag1,0.6964456427518361
1,0,0.1,LightGBMXT_BAG_L1,trend_lag1,2.2856886568483317
1,0,0.1,LightGBMXT_BAG_L1,month_sin,0.10621411902092733
1,0,0.1,LightGBMXT_BAG_L1,month_cos,0.23396017395018132
1,0,0.1,LightGBMXT_BAG_L1,year,0.9308415234505277
1,0,0.1,WeightedEnsemble_L2,item_id,3.4949681451101986
1,0,0.1,WeightedEnsemble_L2,target_lag1,29.819237555447227
1,0,0.1,WeightedEnsemble_L2,target_lag2,5.41473891954968
1,0,0.1,WeightedEnsemble_L2,target_lag3,1.952731246585356
1,0,0.1,WeightedEnsemble_L2,target_lag4,3.002088876166279
1,0,0.1,WeightedEnsemble_L2,target_lag5,3.96493040435668
1,0,0.1,WeightedEnsemble_L2,target_lag6,10.83972683085598
1,0,0.1,WeightedEnsemble_L2,hour_lag1,3.5671656075615124
1,0,0.1,WeightedEnsemble_L2,day_of_week_lag1,0.7142010820796912
1,0,0.1,WeightedEnsemble_L2,month_lag1,0.6319065972948256
1,0,0.1,WeightedEnsemble_L2,trend_lag1,2.046153705333068
1,0,0.1,WeightedEnsemble_L2,month_sin,0.13445529850106164
1,0,0.1,WeightedEnsemble_L2,month_cos,0.2240614431017501
1,0,0.1,WeightedEnsemble_L2,year,0.823284086927927
1,0,0.1,WeightedEnsemble_L3,item_id,3.433884219448655
1,0,0.1,WeightedEnsemble_L3,target_lag1,29.064189676850667
1,0,0.1,WeightedEnsemble_L3,target_lag2,6.014040229603027
1,0,0.1,WeightedEnsemble_L3,target_lag3,2.224203049975292
1,0,0.1,WeightedEnsemble_L3,target_lag4,3.073829297317212
1,0,0.1,WeightedEnsemble_L3,target_lag5,4.064814251535251
1,0,0.1,WeightedEnsemble_L3,target_lag6,10.973107677458376
1,0,0.1,WeightedEnsemble_L3,hour_lag1,3.738448958158215
1,0,0.1,WeightedEnsemble_L3,day_of_week_lag1,0.7513778342747444
1,0,0.1,WeightedEnsemble_L3,month_lag1,0.6492044877535496
1,0,0.1,WeightedEnsemble_L3,trend_lag1,2.329533141901775
1,0,0.1,WeightedEnsemble_L3,month_sin,0.17088110308118287
1,0,0.1,WeightedEnsemble_L3,month_cos,0.2259715377158039
1,0,0.1,WeightedEnsemble_L3,year,0.8984576776438813
1,0,0.1,LightGBMXT_BAG_L2,item_id,3.21938663792197
1,0,0.1,LightGBMXT_BAG_L2,target_lag1,26.795514415199516
1,0,0.1,LightGBMXT_BAG_L2,target_lag2,6.017637502358451
1,0,0.1,LightGBMXT_BAG_L2,target_lag3,2.672649329161078
1,0,0.1,LightGBMXT_BAG_L2,target_lag4,3.464055281753361
1,0,0.1,LightGBMXT_BAG_L2,target_lag5,4.494271099615338
1,0,0.1,LightGBMXT_BAG_L2,target_lag6,12.913679190288027
1,0,0.1,LightGBMXT_BAG_L2,hour_lag1,3.786956648342816
1,0,0.1,LightGBMXT_BAG_L2,day_of_week_lag1,0.6899642100239094
1,0,0.1,LightGBMXT_BAG_L2,month_lag1,0.6736465857051468
1,0,0.1,LightGBMXT_BAG_L2,trend_lag1,2.45579829379924
1,0,0.1,LightGBMXT_BAG_L2,month_sin,0.1462127725779621
1,0,0.1,LightGBMXT_BAG_L2,month_cos,0.2018419074738249
1,0,0.1,LightGBMXT_BAG_L2,year,0.7437542686209389
1,0,0.2,LightGBMXT_BAG_L1,item_id,3.6898086330716806
1,0,0.2,LightGBMXT_BAG_L1,target_lag1,28.29794966378585
1,0,0.2,LightGBMXT_BAG_L1,target_lag2,5.642394217691811
1,0,0.2,LightGBMXT_BAG_L1,target_lag3,2.3519852596066193
1,0,0.2,LightGBMXT_BAG_L1,target_lag4,3.5840117372807976
1,0,0.2,LightGBMXT_BAG_L1,target_lag5,4.4816060583764346
1,0,0.2,LightGBMXT_BAG_L1,target_lag6,11.090187525522625
1,0,0.2,LightGBMXT_BAG_L1,hour_lag1,3.759066122822657
1,0,0.2,LightGBMXT_BAG_L1,day_of_week_lag1,0.7755840013338599
1,0,0.2,LightGBMXT_BAG_L1,month_lag1,0.6964456427518361
1,0,0.2,LightGBMXT_BAG_L1,trend_lag1,2.2856886568483317
1,0,0.2,LightGBMXT_BAG_L1,month_sin,0.10621411902092733
1,0,0.2,LightGBMXT_BAG_L1,month_cos,0.23396017395018132
1,0,0.2,LightGBMXT_BAG_L1,year,0.9308415234505277
1,0,0.2,WeightedEnsemble_L2,item_id,3.4949681451101986
1,0,0.2,WeightedEnsemble_L2,target_lag1,29.819237555447227
1,0,0.2,WeightedEnsemble_L2,target_lag2,5.41473891954968
1,0,0.2,WeightedEnsemble_L2,target_lag3,1.952731246585356
1,0,0.2,WeightedEnsemble_L2,target_lag4,3.002088876166279
1,0,0.2,WeightedEnsemble_L2,target_lag5,3.96493040435668
1,0,0.2,WeightedEnsemble_L2,target_lag6,10.83972683085598
1,0,0.2,WeightedEnsemble_L2,hour_lag1,3.5671656075615124
1,0,0.2,WeightedEnsemble_L2,day_of_week_lag1,0.7142010820796912
1,0,0.2,WeightedEnsemble_L2,month_lag1,0.6319065972948256
1,0,0.2,WeightedEnsemble_L2,trend_lag1,2.046153705333068
1,0,0.2,WeightedEnsemble_L2,month_sin,0.13445529850106164
1,0,0.2,WeightedEnsemble_L2,month_cos,0.2240614431017501
1,0,0.2,WeightedEnsemble_L2,year,0.823284086927927
1,0,0.2,WeightedEnsemble_L3,item_id,3.433884219448655
1,0,0.2,WeightedEnsemble_L3,target_lag1,29.064189676850667
1,0,0.2,WeightedEnsemble_L3,target_lag2,6.014040229603027
1,0,0.2,WeightedEnsemble_L3,target_lag3,2.224203049975292
1,0,0.2,WeightedEnsemble_L3,target_lag4,3.073829297317212
1,0,0.2,WeightedEnsemble_L3,target_lag5,4.064814251535251
1,0,0.2,WeightedEnsemble_L3,target_lag6,10.973107677458376
1,0,0.2,WeightedEnsemble_L3,hour_lag1,3.738448958158215
1,0,0.2,WeightedEnsemble_L3,day_of_week_lag1,0.7513778342747444
1,0,0.2,WeightedEnsemble_L3,month_lag1,0.6492044877535496
1,0,0.2,WeightedEnsemble_L3,trend_lag1,2.329533141901775
1,0,0.2,WeightedEnsemble_L3,month_sin,0.17088110308118287
1,0,0.2,WeightedEnsemble_L3,month_cos,0.2259715377158039
1,0,0.2,WeightedEnsemble_L3,year,0.8984576776438813
1,0,0.2,LightGBMXT_BAG_L2,item_id,3.21938663792197
1,0,0.2,LightGBMXT_BAG_L2,target_lag1,26.795514415199516
1,0,0.2,LightGBMXT_BAG_L2,target_lag2,6.017637502358451
1,0,0.2,LightGBMXT_BAG_L2,target_lag3,2.672649329161078
1,0,0.2,LightGBMXT_BAG_L2,target_lag4,3.464055281753361
1,0,0.2,LightGBMXT_BAG_L2,target_lag5,4.494271099615338
1,0,0.2,LightGBMXT_BAG_L2,target_lag6,12.913679190288027
1,0,0.2,LightGBMXT_BAG_L2,hour_lag1,3.786956648342816
1,0,0.2,LightGBMXT_BAG_L2,day_of_week_lag1,0.6899642100239094
1,0,0.2,LightGBMXT_BAG_L2,month_lag1,0.6736465857051468
1,0,0.2,LightGBMXT_BAG_L2,trend_lag1,2.45579829379924
1,0,0.2,LightGBMXT_BAG_L2,month_sin,0.1462127725779621
1,0,0.2,LightGBMXT_BAG_L2,month_cos,0.2018419074738249
1,0,0.2,LightGBMXT_BAG_L2,year,0.7437542686209389
1,0,0.2,LightGBM_BAG_L1,item_id,1.1058794916692611
1,0,0.2,LightGBM_BAG_L1,target_lag1,44.75064822660465
1,0,0.2,LightGBM_BAG_L1,target_lag2,1.794900469843832
1,0,0.2,LightGBM_BAG_L1,target_lag3,1.4056963921961525
1,0,0.2,LightGBM_BAG_L1,target_lag4,0.2863773839132329
1,0,0.2,LightGBM_BAG_L1,target_lag5,1.0509663085672265
1,0,0.2,LightGBM_BAG_L1,target_lag6,9.125391240180468
1,0,0.2,LightGBM_BAG_L1,hour_lag1,2.439506229510744
1,0,0.2,LightGBM_BAG_L1,day_of_week_lag1,0.18628293343354002
1,0,0.2,LightGBM_BAG_L1,month_lag1,0.2786132816806203
1,0,0.2,LightGBM_BAG_L1,trend_lag1,0.8458138694659573
1,0,0.2,LightGBM_BAG_L1,month_sin,0.013595586152747339
1,0,0.2,LightGBM_BAG_L1,month_cos,0.004610435839121173
1,0,0.2,LightGBM_BAG_L1,year,0.001421725829442414
1,0,0.3,LightGBMXT_BAG_L1,item_id,3.6898086330716806
1,0,0.3,LightGBMXT_BAG_L1,target_lag1,28.29794966378585
1,0,0.3,LightGBMXT_BAG_L1,target_lag2,5.642394217691811
1,0,0.3,LightGBMXT_BAG_L1,target_lag3,2.3519852596066193
1,0,0.3,LightGBMXT_BAG_L1,target_lag4,3.5840117372807976
1,0,0.3,LightGBMXT_BAG_L1,target_lag5,4.4816060583764346
1,0,0.3,LightGBMXT_BAG_L1,target_lag6,11.090187525522625
1,0,0.3,LightGBMXT_BAG_L1,hour_lag1,3.759066122822657
1,0,0.3,LightGBMXT_BAG_L1,day_of_week_lag1,0.7755840013338599
1,0,0.3,LightGBMXT_BAG_L1,month_lag1,0.6964456427518361
1,0,0.3,LightGBMXT_BAG_L1,trend_lag1,2.2856886568483317
1,0,0.3,LightGBMXT_BAG_L1,month_sin,0.10621411902092733
1,0,0.3,LightGBMXT_BAG_L1,month_cos,0.23396017395018132
1,0,0.3,LightGBMXT_BAG_L1,year,0.9308415234505277
1,0,0.3,WeightedEnsemble_L2,item_id,3.4949681451101986
1,0,0.3,WeightedEnsemble_L2,target_lag1,29.819237555447227
1,0,0.3,WeightedEnsemble_L2,target_lag2,5.41473891954968
1,0,0.3,WeightedEnsemble_L2,target_lag3,1.952731246585356
1,0,0.3,WeightedEnsemble_L2,target_lag4,3.002088876166279
1,0,0.3,WeightedEnsemble_L2,target_lag5,3.96493040435668
1,0,0.3,WeightedEnsemble_L2,target_lag6,10.83972683085598
1,0,0.3,WeightedEnsemble_L2,hour_lag1,3.5671656075615124
1,0,0.3,WeightedEnsemble_L2,day_of_week_lag1,0.7142010820796912
1,0,0.3,WeightedEnsemble_L2,month_lag1,0.6319065972948256
1,0,0.3,WeightedEnsemble_L2,trend_lag1,2.046153705333068
1,0,0.3,WeightedEnsemble_L2,month_sin,0.13445529850106164
1,0,0.3,WeightedEnsemble_L2,month_cos,0.2240614431017501
1,0,0.3,WeightedEnsemble_L2,year,0.823284086927927
1,0,0.3,WeightedEnsemble_L3,item_id,3.433884219448655
1,0,0.3,WeightedEnsemble_L3,target_lag1,29.064189676850667
1,0,0.3,WeightedEnsemble_L3,target_lag2,6.014040229603027
1,0,0.3,WeightedEnsemble_L3,target_lag3,2.224203049975292
1,0,0.3,WeightedEnsemble_L3,target_lag4,3.073829297317212
1,0,0.3,WeightedEnsemble_L3,target_lag5,4.064814251535251
1,0,0.3,WeightedEnsemble_L3,target_lag6,10.973107677458376
1,0,0.3,WeightedEnsemble_L3,hour_lag1,3.738448958158215
1,0,0.3,WeightedEnsemble_L3,day_of_week_lag1,0.7513778342747444
1,0,0.3,WeightedEnsemble_L3,month_lag1,0.6492044877535496
1,0,0.3,WeightedEnsemble_L3,trend_lag1,2.329533141901775
1,0,0.3,WeightedEnsemble_L3,month_sin,0.17088110308118287
1,0,0.3,WeightedEnsemble_L3,month_cos,0.2259715377158039
1,0,0.3,WeightedEnsemble_L3,year,0.8984576776438813
1,0,0.3,LightGBMXT_BAG_L2,item_id,3.21938663792197
1,0,0.3,LightGBMXT_BAG_L2,target_lag1,26.795514415199516
1,0,0.3,LightGBMXT_BAG_L2,target_lag2,6.017637502358451
1,0,0.3,LightGBMXT_BAG_L2,target_lag3,2.672649329161078
1,0,0.3,LightGBMXT_BAG_L2,target_lag4,3.464055281753361
1,0,0.3,LightGBMXT_BAG_L2,target_lag5,4.494271099615338
1,0,0.3,LightGBMXT_BAG_L2,target_lag6,12.913679190288027
1,0,0.3,LightGBMXT_BAG_L2,hour_lag1,3.786956648342816
1,0,0.3,LightGBMXT_BAG_L2,day_of_week_lag1,0.6899642100239094
1,0,0.3,LightGBMXT_BAG_L2,month_lag1,0.6736465857051468
1,0,0.3,LightGBMXT_BAG_L2,trend_lag1,2.45579829379924
1,0,0.3,LightGBMXT_BAG_L2,month_sin,0.1462127725779621
1,0,0.3,LightGBMXT_BAG_L2,month_cos,0.2018419074738249
1,0,0.3,LightGBMXT_BAG_L2,year,0.7437542686209389
1,0,0.3,LightGBM_BAG_L1,item_id,1.1058794916692611
1,0,0.3,LightGBM_BAG_L1,target_lag1,44.75064822660465
1,0,0.3,LightGBM_BAG_L1,target_lag2,1.794900469843832
1,0,0.3,LightGBM_BAG_L1,target_lag3,1.4056963921961525
1,0,0.3,LightGBM_BAG_L1,target_lag4,0.2863773839132329
1,0,0.3,LightGBM_BAG_L1,target_lag5,1.0509663085672265
1,0,0.3,LightGBM_BAG_L1,target_lag6,9.125391240180468
1,0,0.3,LightGBM_BAG_L1,hour_lag1,2.439506229510744
1,0,0.3,LightGBM_BAG_L1,day_of_week_lag1,0.18628293343354002
1,0,0.3,LightGBM_BAG_L1,month_lag1,0.2786132816806203
1,0,0.3,LightGBM_BAG_L1,trend_lag1,0.8458138694659573
1,0,0.3,LightGBM_BAG_L1,month_sin,0.013595586152747339
1,0,0.3,LightGBM_BAG_L1,month_cos,0.004610435839121173
1,0,0.3,LightGBM_BAG_L1,year,0.001421725829442414
2,0,0.02,LightGBMXT_BAG_L1,item_id,2.7796401055583657
2,0,0.02,LightGBMXT_BAG_L1,target_lag1,24.893485809686613
2,0,0.02,LightGBMXT_BAG_L1,target_lag2,5.17403088282751
2,0,0.02,LightGBMXT_BAG_L1,target_lag3,2.02569893173237
2,0,0.02,LightGBMXT_BAG_L1,target_lag4,3.2172816311907178
2,0,0.02,LightGBMXT_BAG_L1,target_lag5,4.112007721956431
2,0,0.02,LightGBMXT_BAG_L1,target_lag6,10.882964081216466
2,0,0.02,LightGBMXT_BAG_L1,hour_lag1,5.314391645573351
2,0,0.02,LightGBMXT_BAG_L1,day_of_week_lag1,0.4092980572718667
2,0,0.02,LightGBMXT_BAG_L1,month_lag1,0.4605968147718039
2,0,0.02,LightGBMXT_BAG_L1,trend_lag1,1.3733054973920036
2,0,0.02,LightGBMXT_BAG_L1,month_sin,0.16581832980938838
2,0,0.02,LightGBMXT_BAG_L1,month_cos,0.33125642057942867
2,0,0.02,LightGBMXT_BAG_L1,year,0.6998887954011254
2,0,0.02,WeightedEnsemble_L2,item_id,3.090998667563002
2,0,0.02,WeightedEnsemble_L2,target_lag1,24.352247478790115
2,0,0.02,WeightedEnsemble_L2,target_lag2,5.357267133251222
2,0,0.02,WeightedEnsemble_L2,target_lag3,2.2470453500772125
2,0,0.02,WeightedEnsemble_L2,target_lag4,3.355520504509836
2,0,0.02,WeightedEnsemble_L2,target_lag5,4.334974666087034
2,0,0.02,WeightedEnsemble_L2,target_lag6,11.064196383670263
2,0,0.02,WeightedEnsemble_L2,hour_lag1,5.141619984942875
2,0,0.02,WeightedEnsemble_L2,day_of_week_lag1,0.4676160763104761
2,0,0.02,WeightedEnsemble_L2,month_lag1,0.4537952458549411
2,0,0.02,WeightedEnsemble_L2,trend_lag1,1.5297987508830464
2,0,0.02,WeightedEnsemble_L2,month_sin,0.16491604182525788
2,0,0.02,WeightedEnsemble_L2,month_cos,0.2649359732223673
2,0,0.02,WeightedEnsemble_L2,year,0.6926902739605667
2,0,0.02,WeightedEnsemble_L3,item_id,2.8462987817993466
2,0,0.02,WeightedEnsemble_L3,target_lag1,24.417867548166544
2,0,0.02,WeightedEnsemble_L3,target_lag2,5.356109448979842
2,0,0.02,WeightedEnsemble_L3,target_lag3,2.127232355277472
2,0,0.02,WeightedEnsemble_L3,target_lag4,3.2176559967823564
2,0,0.02,WeightedEnsemble_L3,target_lag5,4.171560844435812
2,0,0.02,WeightedEnsemble_L3,target_lag6,11.109357884250311
2,0,0.02,WeightedEnsemble_L3,hour_lag1,5.2318423124871325
2,0,0.02,WeightedEnsemble_L3,day_of_week_lag1,0.44950917288622144
2,0,0.02,WeightedEnsemble_L3,month_lag1,0.4917959572897139
2,0,0.02,WeightedEnsemble_L3,trend_lag1,1.385587763239513
2,0,0.02,WeightedEnsemble_L3,month_sin,0.19682806460904717
2,0,0.02,WeightedEnsemble_L3,month_cos,0.31384558929068396
2,0,0.02,WeightedEnsemble_L3,year,0.5313513432756682
2,0,0.05,LightGBMXT_BAG_L1,item_id,2.7796401055583657
2,0,0.05,LightGBMXT_BAG_L1,target_lag1,24.893485809686613
2,0,0.05,LightGBMXT_BAG_L1,target_lag2,5.17403088282751
2,0,0.05,LightGBMXT_BAG_L1,target_lag3,2.02569893173237
2,0,0.05,LightGBMXT_BAG_L1,target_lag4,3.2172816311907178
2,0,0.05,LightGBMXT_BAG_L1,target_lag5,4.112007721956431
2,0,0.05,LightGBMXT_BAG_L1,target_lag6,10.882964081216466
2,0,0.05,LightGBMXT_BAG_L1,hour_lag1,5.314391645573351
2,0,0.05,LightGBMXT_BAG_L1,day_of_week_lag1,0.4092980572718667
2,0,0.05,LightGBMXT_BAG_L1,month_lag1,0.4605968147718039
2,0,0.05,LightGBMXT_BAG_L1,trend_lag1,1.3733054973920036
2,0,0.05,LightGBMXT_BAG_L1,month_sin,0.16581832980938838
2,0,0.05,LightGBMXT_BAG_L1,month_cos,0.33125642057942867
2,0,0.05,LightGBMXT_BAG_L1,year,0.6998887954011254
2,0,0.05,WeightedEnsemble_L2,item_id,3.090998667563002
2,0,0.05,WeightedEnsemble_L2,target_lag1,24.352247478790115
2,0,0.05,WeightedEnsemble_L2,target_lag2,5.357267133251222
2,0,0.05,WeightedEnsemble_L2,target_lag3,2.2470453500772125
2,0,0.05,WeightedEnsemble_L2,target_lag4,3.355520504509836
2,0,0.05,WeightedEnsemble_L2,target_lag5,4.334974666087034
2,0,0.05,WeightedEnsemble_L2,target_lag6,11.064196383670263
2,0,0.05,WeightedEnsemble_L2,hour_lag1,5.141619984942875
2,0,0.05,WeightedEnsemble_L2,day_of_week_lag1,0.4676160763104761
2,0,0.05,WeightedEnsemble_L2,month_lag1,0.4537952458549411
2,0,0.05,WeightedEnsemble_L2,trend_lag1,1.5297987508830464
2,0,0.05,WeightedEnsemble_L2,month_sin,0.16491604182525788
2,0,0.05,WeightedEnsemble_L2,month_cos,0.2649359732223673
2,0,0.05,WeightedEnsemble_L2,year,0.6926902739605667
2,0,0.05,WeightedEnsemble_L3,item_id,2.8462987817993466
2,0,0.05,WeightedEnsemble_L3,target_lag1,24.417867548166544
2,0,0.05,WeightedEnsemble_L3,target_lag2,5.356109448979842
2,0,0.05,WeightedEnsemble_L3,target_lag3,2.127232355277472
2,0,0.05,WeightedEnsemble_L3,target_lag4,3.2176559967823564
2,0,0.05,WeightedEnsemble_L3,target_lag5,4.171560844435812
2,0,0.05,WeightedEnsemble_L3,target_lag6,11.109357884250311
2,0,0.05,WeightedEnsemble_L3,hour_lag1,5.2318423124871325
2,0,0.05,WeightedEnsemble_L3,day_of_week_lag1,0.44950917288622144
2,0,0.05,WeightedEnsemble_L3,month_lag1,0.4917959572897139
2,0,0.05,WeightedEnsemble_L3,trend_lag1,1.385587763239513
2,0,0.05,WeightedEnsemble_L3,month_sin,0.19682806460904717
2,0,0.05,WeightedEnsemble_L3,month_cos,0.31384558929068396
2,0,0.05,WeightedEnsemble_L3,year,0.5313513432756682
2,0,0.05,LightGBMXT_BAG_L2,item_id,2.3445440754568363
2,0,0.05,LightGBMXT_BAG_L2,target_lag1,23.49016188727483
2,0,0.05,LightGBMXT_BAG_L2,target_lag2,6.144528308507908
2,0,0.05,LightGBMXT_BAG_L2,target_lag3,2.0124073245654195
2,0,0.05,LightGBMXT_BAG_L2,target_lag4,3.194592359916501
2,0,0.05,LightGBMXT_BAG_L2,target_lag5,4.099375632223674
2,0,0.05,LightGBMXT_BAG_L2,target_lag6,11.183572194897181
2,0,0.05,LightGBMXT_BAG_L2,hour_lag1,5.488115523053023
2,0,0.05,LightGBMXT_BAG_L2,day_of_week_lag1,0.42071786224221164
2,0,0.05,LightGBMXT_BAG_L2,month_lag1,0.42429551722167547
2,0,0.05,LightGBMXT_BAG_L2,trend_lag1,1.3546101450219281
2,0,0.05,LightGBMXT_BAG_L2,month_sin,0.13410562105864876
2,0,0.05,LightGBMXT_BAG_L2,month_cos,0.23515902392139304
2,0,0.05,LightGBMXT_BAG_L2,year,0.5850074635574907
2,0,0.1,LightGBMXT_BAG_L1,item_id,2.7796401055583657
2,0,0.1,LightGBMXT_BAG_L1,target_lag1,24.893485809686613
2,0,0.1,LightGBMXT_BAG_L1,target_lag2,5.17403088282751
2,0,0.1,LightGBMXT_BAG_L1,target_lag3,2.02569893173237
2,0,0.1,LightGBMXT_BAG_L1,target_lag4,3.2172816311907178
2,0,0.1,LightGBMXT_BAG_L1,target_lag5,4.112007721956431
2,0,0.1,LightGBMXT_BAG_L1,target_lag6,10.882964081216466
2,0,0.1,LightGBMXT_BAG_L1,hour_lag1,5.314391645573351
2,0,0.1,LightGBMXT_BAG_L1,day_of_week_lag1,0.4092980572718667
2,0,0.1,LightGBMXT_BAG_L1,month_lag1,0.4605968147718039
2,0,0.1,LightGBMXT_BAG_L1,trend_lag1,1.3733054973920036
2,0,0.1,LightGBMXT_BAG_L1,month_sin,0.16581832980938838
2,0,0.1,LightGBMXT_BAG_L1,month_cos,0.33125642057942867
2,0,0.1,LightGBMXT_BAG_L1,year,0.6998887954011254
2,0,0.1,WeightedEnsemble_L2,item_id,3.090998667563002
2,0,0.1,WeightedEnsemble_L2,target_lag1,24.352247478790115
2,0,0.1,WeightedEnsemble_L2,target_lag2,5.357267133251222
2,0,0.1,WeightedEnsemble_L2,target_lag3,2.2470453500772125
2,0,0.1,WeightedEnsemble_L2,target_lag4,3.355520504509836
2,0,0.1,WeightedEnsemble_L2,target_lag5,4.334974666087034
2,0,0.1,WeightedEnsemble_L2,target_lag6,11.064196383670263
2,0,0.1,WeightedEnsemble_L2,hour_lag1,5.141619984942875
2,0,0.1,WeightedEnsemble_L2,day_of_week_lag1,0.4676160763104761
2,0,0.1,WeightedEnsemble_L2,month_lag1,0.4537952458549411
2,0,0.1,WeightedEnsemble_L2,trend_lag1,1.5297987508830464
2,0,0.1,WeightedEnsemble_L2,month_sin,0.16491604182525788
2,0,0.1,WeightedEnsemble_L2,month_cos,0.2649359732223673
2,0,0.1,WeightedEnsemble_L2,year,0.6926902739605667
2,0,0.1,WeightedEnsemble_L3,item_id,2.8462987817993466
2,0,0.1,WeightedEnsemble_L3,target_lag1,24.417867548166544
2,0,0.1,WeightedEnsemble_L3,target_lag2,5.356109448979842
2,0,0.1,WeightedEnsemble_L3,target_lag3,2.127232355277472
2,0,0.1,WeightedEnsemble_L3,target_lag4,3.2176559967823564
2,0,0.1,WeightedEnsemble_L3,target_lag5,4.171560844435812
2,0,0.1,WeightedEnsemble_L3,target_lag6,11.109357884250311
2,0,0.1,WeightedEnsemble_L3,hour_lag1,5.2318423124871325
2,0,0.1,WeightedEnsemble_L3,day_of_week_lag1,0.44950917288622144
2,0,0.1,WeightedEnsemble_L3,month_lag1,0.4917959572897139
2,0,0.1,WeightedEnsemble_L3,trend_lag1,1.385587763239513
2,0,0.1,WeightedEnsemble_L3,month_sin,0.19682806460904717
2,0,0.1,WeightedEnsemble_L3,month_cos,0.31384558929068396
2,0,0.1,WeightedEnsemble_L3,year,0.5313513432756682
2,0,0.1,LightGBMXT_BAG_L2,item_id,2.3445440754568363
2,0,0.1,LightGBMXT_BAG_L2,target_lag1,23.49016188727483
2,0,0.1,LightGBMXT_BAG_L2,target_lag2,6.144528308507908
2,0,0.1,LightGBMXT_BAG_L2,target_lag3,2.0124073245654195
2,0,0.1,LightGBMXT_BAG_L2,target_lag4,3.194592359916501
2,0,0.1,LightGBMXT_BAG_L2,target_lag5,4.099375632223674
2,0,0.1,LightGBMXT_BAG_L2,target_lag6,11.183572194897181
2,0,0.1,LightGBMXT_BAG_L2,hour_lag1,5.488115523053023
2,0,0.1,LightGBMXT_BAG_L2,day_of_week_lag1,0.42071786224221164
2,0,0.1,LightGBMXT_BAG_L2,month_lag1,0.42429551722167547
2,0,0.1,LightGBMXT_BAG_L2,trend_lag1,1.3546101450219281
2,0,0.1,LightGBMXT_BAG_L2,month_sin,0.13410562105864876
2,0,0.1,LightGBMXT_BAG_L2,month_cos,0.23515902392139304
2,0,0.1,LightGBMXT_BAG_L2,year,0.5850074635574907
2,0,0.2,LightGBMXT_BAG_L1,item_id,2.7796401055583657
2,0,0.2,LightGBMXT_BAG_L1,target_lag1,24.893485809686613
2,0,0.2,LightGBMXT_BAG_L1,target_lag2,5.17403088282751
2,0,0.2,LightGBMXT_BAG_L1,target_lag3,2.02569893173237
2,0,0.2,LightGBMXT_BAG_L1,target_lag4,3.2172816311907178
2,0,0.2,LightGBMXT_BAG_L1,target_lag5,4.112007721956431
2,0,0.2,LightGBMXT_BAG_L1,target_lag6,10.882964081216466
2,0,0.2,LightGBMXT_BAG_L1,hour_lag1,5.314391645573351
2,0,0.2,LightGBMXT_BAG_L1,day_of_week_lag1,0.4092980572718667
2,0,0.2,LightGBMXT_BAG_L1,month_lag1,0.4605968147718039
2,0,0.2,LightGBMXT_BAG_L1,trend_lag1,1.3733054973920036
2,0,0.2,LightGBMXT_BAG_L1,month_sin,0.16581832980938838
2,0,0.2,LightGBMXT_BAG_L1,month_cos,0.33125642057942867
2,0,0.2,LightGBMXT_BAG_L1,year,0.6998887954011254
2,0,0.2,WeightedEnsemble_L2,item_id,3.090998667563002
2,0,0.2,WeightedEnsemble_L2,target_lag1,24.352247478790115
2,0,0.2,WeightedEnsemble_L2,target_lag2,5.357267133251222
2,0,0.2,WeightedEnsemble_L2,target_lag3,2.2470453500772125
2,0,0.2,WeightedEnsemble_L2,target_lag4,3.355520504509836
2,0,0.2,WeightedEnsemble_L2,target_lag5,4.334974666087034
2,0,0.2,WeightedEnsemble_L2,target_lag6,11.064196383670263
2,0,0.2,WeightedEnsemble_L2,hour_lag1,5.141619984942875
2,0,0.2,WeightedEnsemble_L2,day_of_week_lag1,0.4676160763104761
2,0,0.2,WeightedEnsemble_L2,month_lag1,0.4537952458549411
2,0,0.2,WeightedEnsemble_L2,trend_lag1,1.5297987508830464
2,0,0.2,WeightedEnsemble_L2,month_sin,0.16491604182525788
2,0,0.2,WeightedEnsemble_L2,month_cos,0.2649359732223673
2,0,0.2,WeightedEnsemble_L2,year,0.6926902739605667
2,0,0.2,WeightedEnsemble_L3,item_id,2.8462987817993466
2,0,0.2,WeightedEnsemble_L3,target_lag1,24.417867548166544
2,0,0.2,WeightedEnsemble_L3,target_lag2,5.356109448979842
2,0,0.2,WeightedEnsemble_L3,target_lag3,2.127232355277472
2,0,0.2,WeightedEnsemble_L3,target_lag4,3.2176559967823564
2,0,0.2,WeightedEnsemble_L3,target_lag5,4.171560844435812
2,0,0.2,WeightedEnsemble_L3,target_lag6,11.109357884250311
2,0,0.2,WeightedEnsemble_L3,hour_lag1,5.2318423124871325
2,0,0.2,WeightedEnsemble_L3,day_of_week_lag1,0.44950917288622144
2,0,0.2,WeightedEnsemble_L3,month_lag1,0.4917959572897139
2,0,0.2,WeightedEnsemble_L3,trend_lag1,1.385587763239513
2,0,0.2,WeightedEnsemble_L3,month_sin,0.19682806460904717
2,0,0.2,WeightedEnsemble_L3,month_cos,0.31384558929068396
2,0,0.2,WeightedEnsemble_L3,year,0.5313513432756682
2,0,0.2,LightGBMXT_BAG_L2,item_id,2.3445440754568363
2,0,0.2,LightGBMXT_BAG_L2,target_lag1,23.49016188727483
2,0,0.2,LightGBMXT_BAG_L2,target_lag2,6.144528308507908
2,0,0.2,LightGBMXT_BAG_L2,target_lag3,2.0124073245654195
2,0,0.2,LightGBMXT_BAG_L2,target_lag4,3.194592359916501
2,0,0.2,LightGBMXT_BAG_L2,target_lag5,4.099375632223674
2,0,0.2,LightGBMXT_BAG_L2,target_lag6,11.183572194897181
2,0,0.2,LightGBMXT_BAG_L2,hour_lag1,5.488115523053023
2,0,0.2,LightGBMXT_BAG_L2,day_of_week_lag1,0.42071786224221164
2,0,0.2,LightGBMXT_BAG_L2,month_lag1,0.42429551722167547
2,0,0.2,LightGBMXT_BAG_L2,trend_lag1,1.3546101450219281
2,0,0.2,LightGBMXT_BAG_L2,month_sin,0.13410562105864876
2,0,0.2,LightGBMXT_BAG_L2,month_cos,0.23515902392139304
2,0,0.2,LightGBMXT_BAG_L2,year,0.5850074635574907
2,0,0.2,LightGBM_BAG_L1,item_id,0.6235898418774212
2,0,0.2,LightGBM_BAG_L1,target_lag1,44.21006367079913
2,0,0.2,LightGBM_BAG_L1,target_lag2,1.6624541080147026
2,0,0.2,LightGBM_BAG_L1,target_lag3,1.3707157247016828
2,0,0.2,LightGBM_BAG_L1,target_lag4,0.11234601206580816
2,0,0.2,LightGBM_BAG_L1,target_lag5,2.307718148072561
2,0,0.2,LightGBM_BAG_L1,target_lag6,3.9746763287633664
2,0,0.2,LightGBM_BAG_L1,hour_lag1,2.6101311098287496
2,0,0.2,LightGBM_BAG_L1,day_of_week_lag1,0.048748079439003694
2,0,0.2,LightGBM_BAG_L1,month_lag1,0.07113358887533286
2,0,0.2,LightGBM_BAG_L1,trend_lag1,0.02968187112112783
2,0,0.2,LightGBM_BAG_L1,month_sin,0.0005399842262268083
2,0,0.2,LightGBM_BAG_L1,month_cos,0.00023288750648493562
2,0,0.2,LightGBM_BAG_L1,year,1.2846628824873346e-05
2,0,0.3,LightGBMXT_BAG_L1,item_id,2.7796401055583657
2,0,0.3,LightGBMXT_BAG_L1,target_lag1,24.893485809686613
2,0,0.3,LightGBMXT_BAG_L1,target_lag2,5.17403088282751
2,0,0.3,LightGBMXT_BAG_L1,target_lag3,2.02569893173237
2,0,0.3,LightGBMXT_BAG_L1,target_lag4,3.2172816311907178
2,0,0.3,LightGBMXT_BAG_L1,target_lag5,4.112007721956431
2,0,0.3,LightGBMXT_BAG_L1,target_lag6,10.882964081216466
2,0,0.3,LightGBMXT_BAG_L1,hour_lag1,5.314391645573351
2,0,0.3,LightGBMXT_BAG_L1,day_of_week_lag1,0.4092980572718667
2,0,0.3,LightGBMXT_BAG_L1,month_lag1,0.4605968147718039
2,0,0.3,LightGBMXT_BAG_L1,trend_lag1,1.3733054973920036
2,0,0.3,LightGBMXT_BAG_L1,month_sin,0.16581832980938838
2,0,0.3,LightGBMXT_BAG_L1,month_cos,0.33125642057942867
2,0,0.3,LightGBMXT_BAG_L1,year,0.6998887954011254
2,0,0.3,WeightedEnsemble_L2,item_id,3.090998667563002
2,0,0.3,WeightedEnsemble_L2,target_lag1,24.352247478790115
2,0,0.3,WeightedEnsemble_L2,target_lag2,5.357267133251222
2,0,0.3,WeightedEnsemble_L2,target_lag3,2.2470453500772125
2,0,0.3,WeightedEnsemble_L2,target_lag4,3.355520504509836
2,0,0.3,WeightedEnsemble_L2,target_lag5,4.334974666087034
2,0,0.3,WeightedEnsemble_L2,target_lag6,11.064196383670263
2,0,0.3,WeightedEnsemble_L2,hour_lag1,5.141619984942875
2,0,0.3,WeightedEnsemble_L2,day_of_week_lag1,0.4676160763104761
2,0,0.3,WeightedEnsemble_L2,month_lag1,0.4537952458549411
2,0,0.3,WeightedEnsemble_L2,trend_lag1,1.5297987508830464
2,0,0.3,WeightedEnsemble_L2,month_sin,0.16491604182525788
2,0,0.3,WeightedEnsemble_L2,month_cos,0.2649359732223673
2,0,0.3,WeightedEnsemble_L2,year,0.6926902739605667
2,0,0.3,WeightedEnsemble_L3,item_id,2.8462987817993466
2,0,0.3,WeightedEnsemble_L3,target_lag1,24.417867548166544
2,0,0.3,WeightedEnsemble_L3,target_lag2,5.356109448979842
2,0,0.3,WeightedEnsemble_L3,target_lag3,2.127232355277472
2,0,0.3,WeightedEnsemble_L3,target_lag4,3.2176559967823564
2,0,0.3,WeightedEnsemble_L3,target_lag5,4.171560844435812
2,0,0.3,WeightedEnsemble_L3,target_lag6,11.109357884250311
2,0,0.3,WeightedEnsemble_L3,hour_lag1,5.2318423124871325
2,0,0.3,WeightedEnsemble_L3,day_of_week_lag1,0.44950917288622144
2,0,0.3,WeightedEnsemble_L3,month_lag1,0.4917959572897139
2,0,0.3,WeightedEnsemble_L3,trend_lag1,1.385587763239513
2,0,0.3,WeightedEnsemble_L3,month_sin,0.19682806460904717
2,0,0.3,WeightedEnsemble_L3,month_cos,0.31384558929068396
2,0,0.3,WeightedEnsemble_L3,year,0.5313513432756682
2,0,0.3,LightGBMXT_BAG_L2,item_id,2.3445440754568363
2,0,0.3,LightGBMXT_BAG_L2,target_lag1,23.49016188727483
2,0,0.3,LightGBMXT_BAG_L2,target_lag2,6.144528308507908
2,0,0.3,LightGBMXT_BAG_L2,target_lag3,2.0124073245654195
2,0,0.3,LightGBMXT_BAG_L2,target_lag4,3.194592359916501
2,0,0.3,LightGBMXT_BAG_L2,target_lag5,4.099375632223674
2,0,0.3,LightGBMXT_BAG_L2,target_lag6,11.183572194897181
2,0,0.3,LightGBMXT_BAG_L2,hour_lag1,5.488115523053023
2,0,0.3,LightGBMXT_BAG_L2,day_of_week_lag1,0.42071786224221164
2,0,0.3,LightGBMXT_BAG_L2,month_lag1,0.42429551722167547
2,0,0.3,LightGBMXT_BAG_L2,trend_lag1,1.3546101450219281
2,0,0.3,LightGBMXT_BAG_L2,month_sin,0.13410562105864876
2,0,0.3,LightGBMXT_BAG_L2,month_cos,0.23515902392139304
2,0,0.3,LightGBMXT_BAG_L2,year,0.5850074635574907
2,0,0.3,LightGBM_BAG_L1,item_id,0.6235898418774212
2,0,0.3,LightGBM_BAG_L1,target_lag1,44.21006367079913
2,0,0.3,LightGBM_BAG_L1,target_lag2,1.6624541080147026
2,0,0.3,LightGBM_BAG_L1,target_lag3,1.3707157247016828
2,0,0.3,LightGBM_BAG_L1,target_lag4,0.11234601206580816
2,0,0.3,LightGBM_BAG_L1,target_lag5,2.307718148072561
2,0,0.3,LightGBM_BAG_L1,target_lag6,3.9746763287633664
2,0,0.3,LightGBM_BAG_L1,hour_lag1,2.6101311098287496
2,0,0.3,LightGBM_BAG_L1,day_of_week_lag1,0.048748079439003694
2,0,0.3,LightGBM_BAG_L1,month_lag1,0.07113358887533286
2,0,0.3,LightGBM_BAG_L1,trend_lag1,0.02968187112112783
2,0,0.3,LightGBM_BAG_L1,month_sin,0.0005399842262268083
2,0,0.3,LightGBM_BAG_L1,month_cos,0.00023288750648493562
2,0,0.3,LightGBM_BAG_L1,year,1.2846628824873346e-05
0,1,0.02,LightGBMXT_BAG_L2,item_id,4.072062130468995
0,1,0.02,LightGBMXT_BAG_L2,target_lag1,24.53288533620577
0,1,0.02,LightGBMXT_BAG_L2,target_lag2,4.9686984522539035
0,1,0.02,LightGBMXT_BAG_L2,target_lag3,1.2162638668418124
0,1,0.02,LightGBMXT_BAG_L2,target_lag4,2.803446711323554
0,1,0.02,LightGBMXT_BAG_L2,target_lag5,3.568558331711742
0,1,0.02,LightGBMXT_BAG_L2,target_lag6,6.89358174831626
0,1,0.02,LightGBMXT_BAG_L2,hour_lag1,4.144035048037748
0,1,0.02,LightGBMXT_BAG_L2,day_of_week_lag1,0.845953618733911
0,1,0.02,LightGBMXT_BAG_L2,month_lag1,0.5309822047798857
0,1,0.02,LightGBMXT_BAG_L2,trend_lag1,0.6846734968837317
0,1,0.02,LightGBMXT_BAG_L2,month_sin,0.18351322589515884
0,1,0.02,LightGBMXT_BAG_L2,month_cos,0.22687966284559366
0,1,0.02,LightGBMXT_BAG_L2,year,0.14447412116297798
0,1,0.02,WeightedEnsemble_L3,item_id,3.8924006727715215
0,1,0.02,WeightedEnsemble_L3,target_lag1,28.006235676944915
0,1,0.02,WeightedEnsemble_L3,target_lag2,3.7787571898021364
0,1,0.02,WeightedEnsemble_L3,target_lag3,1.2650986906424408
0,1,0.02,WeightedEnsemble_L3,target_lag4,2.059869408704981
0,1,0.02,WeightedEnsemble_L3,target_lag5,3.37349640688466
0,1,0.02,WeightedEnsemble_L3,target_lag6,6.063809685323089
0,1,0.02,WeightedEnsemble_L3,hour_lag1,3.808283247237744
0,1,0.02,WeightedEnsemble_L3,day_of_week_lag1,0.7691824620800525
0,1,0.02,WeightedEnsemble_L3,month_lag1,0.47870917559046183
0,1,0.02,WeightedEnsemble_L3,trend_lag1,0.8508610542465563
0,1,0.02,WeightedEnsemble_L3,month_sin,0.1352380133113087
0,1,0.02,WeightedEnsemble_L3,month_cos,0.213375931354026
0,1,0.02,WeightedEnsemble_L3,year,0.14193516197486314
0,1,0.02,LightGBMXT_BAG_L1,item_id,4.430565464393664
0,1,0.02,LightGBMXT_BAG_L1,target_lag1,26.685211500379136
0,1,0.02,LightGBMXT_BAG_L1,target_lag2,3.8697415524916714
0,1,0.02,LightGBMXT_BAG_L1,target_lag3,1.4027007489230792
0,1,0.02,LightGBMXT_BAG_L1,target_lag4,2.3925549101463686
0,1,0.02,LightGBMXT_BAG_L1,target_lag5,3.7433824851555797
0,1,0.02,LightGBMXT_BAG_L1,target_lag6,6.178109553755864
0,1,0.02,LightGBMXT_BAG_L1,hour_lag1,4.058008284931061
0,1,0.02,LightGBMXT_BAG_L1,day_of_week_lag1,0.7642426768887277
0,1,0.02,LightGBMXT_BAG_L1,month_lag1,0.5992986124583981
0,1,0.02,LightGBMXT_BAG_L1,trend_lag1,0.9493228570860417
0,1,0.02,LightGBMXT_BAG_L1,month_sin,0.23553706083699052
0,1,0.02,LightGBMXT_BAG_L1,month_cos,0.36887975646107274
0,1,0.02,LightGBMXT_BAG_L1,year,0.20154157446146354
0,1,0.02,WeightedEnsemble_L2,item_id,3.6121123013636685
0,1,0.02,WeightedEnsemble_L2,target_lag1,30.562273405532597
0,1,0.02,WeightedEnsemble_L2,target_lag2,2.9420670731970744
0,1,0.02,WeightedEnsemble_L2,target_lag3,0.9590002095238889
0,1,0.02,WeightedEnsemble_L2,target_lag4,1.7971540587947625
0,1,0.02,WeightedEnsemble_L2,target_lag5,2.7941533848405626
0,1,0.02,WeightedEnsemble_L2,target_lag6,5.586273052507587
0,1,0.02,WeightedEnsemble_L2,hour_lag1,3.6493968677884467
0,1,0.02,WeightedEnsemble_L2,day_of_week_lag1,0.6815901140291631
0,1,0.02,WeightedEnsemble_L2,month_lag1,0.5048709601018055
0,1,0.02,WeightedEnsemble_L2,trend_lag1,0.8763053330416248
0,1,0.02,WeightedEnsemble_L2,month_sin,0.12721338919682118
0,1,0.02,WeightedEnsemble_L2,month_cos,0.2375813081458064
0,1,0.02,WeightedEnsemble_L2,year,0.13192431823706513
0,1,0.05,LightGBMXT_BAG_L2,item_id,4.072062130468995
0,1,0.05,LightGBMXT_BAG_L2,target_lag1,24.53288533620577
0,1,0.05,LightGBMXT_BAG_L2,target_lag2,4.9686984522539035
0,1,0.05,LightGBMXT_BAG_L2,target_lag3,1.2162638668418124
0,1,0.05,LightGBMXT_BAG_L2,target_lag4,2.803446711323554
0,1,0.05,LightGBMXT_BAG_L2,target_lag5,3.568558331711742
0,1,0.05,LightGBMXT_BAG_L2,target_lag6,6.89358174831626
0,1,0.05,LightGBMXT_BAG_L2,hour_lag1,4.144035048037748
0,1,0.05,LightGBMXT_BAG_L2,day_of_week_lag1,0.845953618733911
0,1,0.05,LightGBMXT_BAG_L2,month_lag1,0.5309822047798857
0,1,0.05,LightGBMXT_BAG_L2,trend_lag1,0.6846734968837317
0,1,0.05,LightGBMXT_BAG_L2,month_sin,0.18351322589515884
0,1,0.05,LightGBMXT_BAG_L2,month_cos,0.22687966284559366
0,1,0.05,LightGBMXT_BAG_L2,year,0.14447412116297798
0,1,0.05,WeightedEnsemble_L3,item_id,3.8924006727715215
0,1,0.05,WeightedEnsemble_L3,target_lag1,28.006235676944915
0,1,0.05,WeightedEnsemble_L3,target_lag2,3.7787571898021364
0,1,0.05,WeightedEnsemble_L3,target_lag3,1.2650986906424408
0,1,0.05,WeightedEnsemble_L3,target_lag4,2.059869408704981
0,1,0.05,WeightedEnsemble_L3,target_lag5,3.37349640688466
0,1,0.05,WeightedEnsemble_L3,target_lag6,6.063809685323089
0,1,0.05,WeightedEnsemble_L3,hour_lag1,3.808283247237744
0,1,0.05,WeightedEnsemble_L3,day_of_week_lag1,0.7691824620800525
0,1,0.05,WeightedEnsemble_L3,month_lag1,0.47870917559046183
0,1,0.05,WeightedEnsemble_L3,trend_lag1,0.8508610542465563
0,1,0.05,WeightedEnsemble_L3,month_sin,0.1352380133113087
0,1,0.05,WeightedEnsemble_L3,month_cos,0.213375931354026
0,1,0.05,WeightedEnsemble_L3,year,0.14193516197486314
0,1,0.05,LightGBMXT_BAG_L1,item_id,4.430565464393664
0,1,0.05,LightGBMXT_BAG_L1,target_lag1,26.685211500379136
0,1,0.05,LightGBMXT_BAG_L1,target_lag2,3.8697415524916714
0,1,0.05,LightGBMXT_BAG_L1,target_lag3,1.4027007489230792
0,1,0.05,LightGBMXT_BAG_L1,target_lag4,2.3925549101463686
0,1,0.05,LightGBMXT_BAG_L1,target_lag5,3.7433824851555797
0,1,0.05,LightGBMXT_BAG_L1,target_lag6,6.178109553755864
0,1,0.05,LightGBMXT_BAG_L1,hour_lag1,4.058008284931061
0,1,0.05,LightGBMXT_BAG_L1,day_of_week_lag1,0.7642426768887277
0,1,0.05,LightGBMXT_BAG_L1,month_lag1,0.5992986124583981
0,1,0.05,LightGBMXT_BAG_L1,trend_lag1,0.9493228570860417
0,1,0.05,LightGBMXT_BAG_L1,month_sin,0.23553706083699052
0,1,0.05,LightGBMXT_BAG_L1,month_cos,0.36887975646107274
0,1,0.05,LightGBMXT_BAG_L1,year,0.20154157446146354
0,1,0.05,WeightedEnsemble_L2,item_id,3.6121123013636685
0,1,0.05,WeightedEnsemble_L2,target_lag1,30.562273405532597
0,1,0.05,WeightedEnsemble_L2,target_lag2,2.9420670731970744
0,1,0.05,WeightedEnsemble_L2,target_lag3,0.9590002095238889
0,1,0.05,WeightedEnsemble_L2,target_lag4,1.7971540587947625
0,1,0.05,WeightedEnsemble_L2,target_lag5,2.7941533848405626
0,1,0.05,WeightedEnsemble_L2,target_lag6,5.586273052507587
0,1,0.05,WeightedEnsemble_L2,hour_lag1,3.6493968677884467
0,1,0.05,WeightedEnsemble_L2,day_of_week_lag1,0.6815901140291631
0,1,0.05,WeightedEnsemble_L2,month_lag1,0.5048709601018055
0,1,0.05,WeightedEnsemble_L2,trend_lag1,0.8763053330416248
0,1,0.05,WeightedEnsemble_L2,month_sin,0.12721338919682118
0,1,0.05,WeightedEnsemble_L2,month_cos,0.2375813081458064
0,1,0.05,WeightedEnsemble_L2,year,0.13192431823706513
0,1,0.05,LightGBM_BAG_L1,item_id,2.672231312664846
0,1,0.05,LightGBM_BAG_L1,target_lag1,35.96766787114801
0,1,0.05,LightGBM_BAG_L1,target_lag2,1.8799703962143788
0,1,0.05,LightGBM_BAG_L1,target_lag3,1.0351207272093357
0,1,0.05,LightGBM_BAG_L1,target_lag4,0.7411040835039071
0,1,0.05,LightGBM_BAG_L1,target_lag5,1.6003104265520818
0,1,0.05,LightGBM_BAG_L1,target_lag6,4.582595107901493
0,1,0.05,LightGBM_BAG_L1,hour_lag1,3.6462786558678153
0,1,0.05,LightGBM_BAG_L1,day_of_week_lag1,0.6430176405914099
0,1,0.05,LightGBM_BAG_L1,month_lag1,0.3337396765281058
0,1,0.05,LightGBM_BAG_L1,trend_lag1,0.6312737850774236
0,1,0.05,LightGBM_BAG_L1,month_sin,0.062159547469151546
0,1,0.05,LightGBM_BAG_L1,month_cos,0.04071978465005918
0,1,0.05,LightGBM_BAG_L1,year,0.016704032438846057
0,1,0.1,LightGBMXT_BAG_L2,item_id,4.072062130468995
0,1,0.1,LightGBMXT_BAG_L2,target_lag1,24.53288533620577
0,1,0.1,LightGBMXT_BAG_L2,target_lag2,4.9686984522539035
0,1,0.1,LightGBMXT_BAG_L2,target_lag3,1.2162638668418124
0,1,0.1,LightGBMXT_BAG_L2,target_lag4,2.803446711323554
0,1,0.1,LightGBMXT_BAG_L2,target_lag5,3.568558331711742
0,1,0.1,LightGBMXT_BAG_L2,target_lag6,6.89358174831626
0,1,0.1,LightGBMXT_BAG_L2,hour_lag1,4.144035048037748
0,1,0.1,LightGBMXT_BAG_L2,day_of_week_lag1,0.845953618733911
0,1,0.1,LightGBMXT_BAG_L2,month_lag1,0.5309822047798857
0,1,0.1,LightGBMXT_BAG_L2,trend_lag1,0.6846734968837317
0,1,0.1,LightGBMXT_BAG_L2,month_sin,0.18351322589515884
0,1,0.1,LightGBMXT_BAG_L2,month_cos,0.22687966284559366
0,1,0.1,LightGBMXT_BAG_L2,year,0.14447412116297798
0,1,0.1,WeightedEnsemble_L3,item_id,3.8924006727715215
0,1,0.1,WeightedEnsemble_L3,target_lag1,28.006235676944915
0,1,0.1,WeightedEnsemble_L3,target_lag2,3.7787571898021364
0,1,0.1,WeightedEnsemble_L3,target_lag3,1.2650986906424408
0,1,0.1,WeightedEnsemble_L3,target_lag4,2.059869408704981
0,1,0.1,WeightedEnsemble_L3,target_lag5,3.37349640688466
0,1,0.1,WeightedEnsemble_L3,target_lag6,6.063809685323089
0,1,0.1,WeightedEnsemble_L3,hour_lag1,3.808283247237744
0,1,0.1,WeightedEnsemble_L3,day_of_week_lag1,0.7691824620800525
0,1,0.1,WeightedEnsemble_L3,month_lag1,0.47870917559046183
0,1,0.1,WeightedEnsemble_L3,trend_lag1,0.8508610542465563
0,1,0.1,WeightedEnsemble_L3,month_sin,0.1352380133113087
0,1,0.1,WeightedEnsemble_L3,month_cos,0.213375931354026
0,1,0.1,WeightedEnsemble_L3,year,0.14193516197486314
0,1,0.1,LightGBMXT_BAG_L1,item_id,4.430565464393664
0,1,0.1,LightGBMXT_BAG_L1,target_lag1,26.685211500379136
0,1,0.1,LightGBMXT_BAG_L1,target_lag2,3.8697415524916714
0,1,0.1,LightGBMXT_BAG_L1,target_lag3,1.4027007489230792
0,1,0.1,LightGBMXT_BAG_L1,target_lag4,2.3925549101463686
0,1,0.1,LightGBMXT_BAG_L1,target_lag5,3.7433824851555797
0,1,0.1,LightGBMXT_BAG_L1,target_lag6,6.178109553755864
0,1,0.1,LightGBMXT_BAG_L1,hour_lag1,4.058008284931061
0,1,0.1,LightGBMXT_BAG_L1,day_of_week_lag1,0.7642426768887277
0,1,0.1,LightGBMXT_BAG_L1,month_lag1,0.5992986124583981
0,1,0.1,LightGBMXT_BAG_L1,trend_lag1,0.9493228570860417
0,1,0.1,LightGBMXT_BAG_L1,month_sin,0.23553706083699052
0,1,0.1,LightGBMXT_BAG_L1,month_cos,0.36887975646107274
0,1,0.1,LightGBMXT_BAG_L1,year,0.20154157446146354
0,1,0.1,WeightedEnsemble_L2,item_id,3.6121123013636685
0,1,0.1,WeightedEnsemble_L2,target_lag1,30.562273405532597
0,1,0.1,WeightedEnsemble_L2,target_lag2,2.9420670731970744
0,1,0.1,WeightedEnsemble_L2,target_lag3,0.9590002095238889
0,1,0.1,WeightedEnsemble_L2,target_lag4,1.7971540587947625
0,1,0.1,WeightedEnsemble_L2,target_lag5,2.7941533848405626
0,1,0.1,WeightedEnsemble_L2,target_lag6,5.586273052507587
0,1,0.1,WeightedEnsemble_L2,hour_lag1,3.6493968677884467
0,1,0.1,WeightedEnsemble_L2,day_of_week_lag1,0.6815901140291631
0,1,0.1,WeightedEnsemble_L2,month_lag1,0.5048709601018055
0,1,0.1,WeightedEnsemble_L2,trend_lag1,0.8763053330416248
0,1,0.1,WeightedEnsemble_L2,month_sin,0.12721338919682118
0,1,0.1,WeightedEnsemble_L2,month_cos,0.2375813081458064
0,1,0.1,WeightedEnsemble_L2,year,0.13192431823706513
0,1,0.1,LightGBM_BAG_L1,item_id,2.672231312664846
0,1,0.1,LightGBM_BAG_L1,target_lag1,35.96766787114801
0,1,0.1,LightGBM_BAG_L1,target_lag2,1.8799703962143788
0,1,0.1,LightGBM_BAG_L1,target_lag3,1.0351207272093357
0,1,0.1,LightGBM_BAG_L1,target_lag4,0.7411040835039071
0,1,0.1,LightGBM_BAG_L1,target_lag5,1.6003104265520818
0,1,0.1,LightGBM_BAG_L1,target_lag6,4.582595107901493
0,1,0.1,LightGBM_BAG_L1,hour_lag1,3.6462786558678153
0,1,0.1,LightGBM_BAG_L1,day_of_week_lag1,0.6430176405914099
0,1,0.1,LightGBM_BAG_L1,month_lag1,0.3337396765281058
0,1,0.1,LightGBM_BAG_L1,trend_lag1,0.6312737850774236
0,1,0.1,LightGBM_BAG_L1,month_sin,0.062159547469151546
0,1,0.1,LightGBM_BAG_L1,month_cos,0.04071978465005918
0,1,0.1,LightGBM_BAG_L1,year,0.016704032438846057
0,1,0.2,LightGBMXT_BAG_L2,item_id,4.072062130468995
0,1,0.2,LightGBMXT_BAG_L2,target_lag1,24.53288533620577
0,1,0.2,LightGBMXT_BAG_L2,target_lag2,4.9686984522539035
0,1,0.2,LightGBMXT_BAG_L2,target_lag3,1.2162638668418124
0,1,0.2,LightGBMXT_BAG_L2,target_lag4,2.803446711323554
0,1,0.2,LightGBMXT_BAG_L2,target_lag5,3.568558331711742
0,1,0.2,LightGBMXT_BAG_L2,target_lag6,6.89358174831626
0,1,0.2,LightGBMXT_BAG_L2,hour_lag1,4.144035048037748
0,1,0.2,LightGBMXT_BAG_L2,day_of_week_lag1,0.845953618733911
0,1,0.2,LightGBMXT_BAG_L2,month_lag1,0.5309822047798857
0,1,0.2,LightGBMXT_BAG_L2,trend_lag1,0.6846734968837317
0,1,0.2,LightGBMXT_BAG_L2,month_sin,0.18351322589515884
0,1,0.2,LightGBMXT_BAG_L2,month_cos,0.22687966284559366
0,1,0.2,LightGBMXT_BAG_L2,year,0.14447412116297798
0,1,0.2,WeightedEnsemble_L3,item_id,3.8924006727715215
0,1,0.2,WeightedEnsemble_L3,target_lag1,28.006235676944915
0,1,0.2,WeightedEnsemble_L3,target_lag2,3.7787571898021364
0,1,0.2,WeightedEnsemble_L3,target_lag3,1.2650986906424408
0,1,0.2,WeightedEnsemble_L3,target_lag4,2.059869408704981
0,1,0.2,WeightedEnsemble_L3,target_lag5,3.37349640688466
0,1,0.2,WeightedEnsemble_L3,target_lag6,6.063809685323089
0,1,0.2,WeightedEnsemble_L3,hour_lag1,3.808283247237744
0,1,0.2,WeightedEnsemble_L3,day_of_week_lag1,0.7691824620800525
0,1,0.2,WeightedEnsemble_L3,month_lag1,0.47870917559046183
0,1,0.2,WeightedEnsemble_L3,trend_lag1,0.8508610542465563
0,1,0.2,WeightedEnsemble_L3,month_sin,0.1352380133113087
0,1,0.2,WeightedEnsemble_L3,month_cos,0.213375931354026
0,1,0.2,WeightedEnsemble_L3,year,0.14193516197486314
0,1,0.2,LightGBMXT_BAG_L1,item_id,4.430565464393664
0,1,0.2,LightGBMXT_BAG_L1,target_lag1,26.685211500379136
0,1,0.2,LightGBMXT_BAG_L1,target_lag2,3.8697415524916714
0,1,0.2,LightGBMXT_BAG_L1,target_lag3,1.4027007489230792
0,1,0.2,LightGBMXT_BAG_L1,target_lag4,2.3925549101463686
0,1,0.2,LightGBMXT_BAG_L1,target_lag5,3.7433824851555797
0,1,0.2,LightGBMXT_BAG_L1,target_lag6,6.178109553755864
0,1,0.2,LightGBMXT_BAG_L1,hour_lag1,4.058008284931061
0,1,0.2,LightGBMXT_BAG_L1,day_of_week_lag1,0.7642426768887277
0,1,0.2,LightGBMXT_BAG_L1,month_lag1,0.5992986124583981
0,1,0.2,LightGBMXT_BAG_L1,trend_lag1,0.9493228570860417
0,1,0.2,LightGBMXT_BAG_L1,month_sin,0.23553706083699052
0,1,0.2,LightGBMXT_BAG_L1,month_cos,0.36887975646107274
0,1,0.2,LightGBMXT_BAG_L1,year,0.20154157446146354
0,1,0.2,WeightedEnsemble_L2,item_id,3.6121123013636685
0,1,0.2,WeightedEnsemble_L2,target_lag1,30.562273405532597
0,1,0.2,WeightedEnsemble_L2,target_lag2,2.9420670731970744
0,1,0.2,WeightedEnsemble_L2,target_lag3,0.9590002095238889
0,1,0.2,WeightedEnsemble_L2,target_lag4,1.7971540587947625
0,1,0.2,WeightedEnsemble_L2,target_lag5,2.7941533848405626
0,1,0.2,WeightedEnsemble_L2,target_lag6,5.586273052507587
0,1,0.2,WeightedEnsemble_L2,hour_lag1,3.6493968677884467
0,1,0.2,WeightedEnsemble_L2,day_of_week_lag1,0.6815901140291631
0,1,0.2,WeightedEnsemble_L2,month_lag1,0.5048709601018055
0,1,0.2,WeightedEnsemble_L2,trend_lag1,0.8763053330416248
0,1,0.2,WeightedEnsemble_L2,month_sin,0.12721338919682118
0,1,0.2,WeightedEnsemble_L2,month_cos,0.2375813081458064
0,1,0.2,WeightedEnsemble_L2,year,0.13192431823706513
0,1,0.2,LightGBM_BAG_L1,item_id,2.672231312664846
0,1,0.2,LightGBM_BAG_L1,target_lag1,35.96766787114801
0,1,0.2,LightGBM_BAG_L1,target_lag2,1.8799703962143788
0,1,0.2,LightGBM_BAG_L1,target_lag3,1.0351207272093357
0,1,0.2,LightGBM_BAG_L1,target_lag4,0.7411040835039071
0,1,0.2,LightGBM_BAG_L1,target_lag5,1.6003104265520818
0,1,0.2,LightGBM_BAG_L1,target_lag6,4.582595107901493
0,1,0.2,LightGBM_BAG_L1,hour_lag1,3.6462786558678153
0,1,0.2,LightGBM_BAG_L1,day_of_week_lag1,0.6430176405914099
0,1,0.2,LightGBM_BAG_L1,month_lag1,0.3337396765281058
0,1,0.2,LightGBM_BAG_L1,trend_lag1,0.6312737850774236
0,1,0.2,LightGBM_BAG_L1,month_sin,0.062159547469151546
0,1,0.2,LightGBM_BAG_L1,month_cos,0.04071978465005918
0,1,0.2,LightGBM_BAG_L1,year,0.016704032438846057
0,1,0.3,LightGBMXT_BAG_L2,item_id,4.072062130468995
0,1,0.3,LightGBMXT_BAG_L2,target_lag1,24.53288533620577
0,1,0.3,LightGBMXT_BAG_L2,target_lag2,4.9686984522539035
0,1,0.3,LightGBMXT_BAG_L2,target_lag3,1.2162638668418124
0,1,0.3,LightGBMXT_BAG_L2,target_lag4,2.803446711323554
0,1,0.3,LightGBMXT_BAG_L2,target_lag5,3.568558331711742
0,1,0.3,LightGBMXT_BAG_L2,target_lag6,6.89358174831626
0,1,0.3,LightGBMXT_BAG_L2,hour_lag1,4.144035048037748
0,1,0.3,LightGBMXT_BAG_L2,day_of_week_lag1,0.845953618733911
0,1,0.3,LightGBMXT_BAG_L2,month_lag1,0.5309822047798857
0,1,0.3,LightGBMXT_BAG_L2,trend_lag1,0.6846734968837317
0,1,0.3,LightGBMXT_BAG_L2,month_sin,0.18351322589515884
0,1,0.3,LightGBMXT_BAG_L2,month_cos,0.22687966284559366
0,1,0.3,LightGBMXT_BAG_L2,year,0.14447412116297798
0,1,0.3,WeightedEnsemble_L3,item_id,3.8924006727715215
0,1,0.3,WeightedEnsemble_L3,target_lag1,28.006235676944915
0,1,0.3,WeightedEnsemble_L3,target_lag2,3.7787571898021364
0,1,0.3,WeightedEnsemble_L3,target_lag3,1.2650986906424408
0,1,0.3,WeightedEnsemble_L3,target_lag4,2.059869408704981
0,1,0.3,WeightedEnsemble_L3,target_lag5,3.37349640688466
0,1,0.3,WeightedEnsemble_L3,target_lag6,6.063809685323089
0,1,0.3,WeightedEnsemble_L3,hour_lag1,3.808283247237744
0,1,0.3,WeightedEnsemble_L3,day_of_week_lag1,0.7691824620800525
0,1,0.3,WeightedEnsemble_L3,month_lag1,0.47870917559046183
0,1,0.3,WeightedEnsemble_L3,trend_lag1,0.8508610542465563
0,1,0.3,WeightedEnsemble_L3,month_sin,0.1352380133113087
0,1,0.3,WeightedEnsemble_L3,month_cos,0.213375931354026
0,1,0.3,WeightedEnsemble_L3,year,0.14193516197486314
0,1,0.3,LightGBMXT_BAG_L1,item_id,4.430565464393664
0,1,0.3,LightGBMXT_BAG_L1,target_lag1,26.685211500379136
0,1,0.3,LightGBMXT_BAG_L1,target_lag2,3.8697415524916714
0,1,0.3,LightGBMXT_BAG_L1,target_lag3,1.4027007489230792
0,1,0.3,LightGBMXT_BAG_L1,target_lag4,2.3925549101463686
0,1,0.3,LightGBMXT_BAG_L1,target_lag5,3.7433824851555797
0,1,0.3,LightGBMXT_BAG_L1,target_lag6,6.178109553755864
0,1,0.3,LightGBMXT_BAG_L1,hour_lag1,4.058008284931061
0,1,0.3,LightGBMXT_BAG_L1,day_of_week_lag1,0.7642426768887277
0,1,0.3,LightGBMXT_BAG_L1,month_lag1,0.5992986124583981
0,1,0.3,LightGBMXT_BAG_L1,trend_lag1,0.9493228570860417
0,1,0.3,LightGBMXT_BAG_L1,month_sin,0.23553706083699052
0,1,0.3,LightGBMXT_BAG_L1,month_cos,0.36887975646107274
0,1,0.3,LightGBMXT_BAG_L1,year,0.20154157446146354
0,1,0.3,WeightedEnsemble_L2,item_id,3.6121123013636685
0,1,0.3,WeightedEnsemble_L2,target_lag1,30.562273405532597
0,1,0.3,WeightedEnsemble_L2,target_lag2,2.9420670731970744
0,1,0.3,WeightedEnsemble_L2,target_lag3,0.9590002095238889
0,1,0.3,WeightedEnsemble_L2,target_lag4,1.7971540587947625
0,1,0.3,WeightedEnsemble_L2,target_lag5,2.7941533848405626
0,1,0.3,WeightedEnsemble_L2,target_lag6,5.586273052507587
0,1,0.3,WeightedEnsemble_L2,hour_lag1,3.6493968677884467
0,1,0.3,WeightedEnsemble_L2,day_of_week_lag1,0.6815901140291631
0,1,0.3,WeightedEnsemble_L2,month_lag1,0.5048709601018055
0,1,0.3,WeightedEnsemble_L2,trend_lag1,0.8763053330416248
0,1,0.3,WeightedEnsemble_L2,month_sin,0.12721338919682118
0,1,0.3,WeightedEnsemble_L2,month_cos,0.2375813081458064
0,1,0.3,WeightedEnsemble_L2,year,0.13192431823706513
0,1,0.3,LightGBM_BAG_L1,item_id,2.672231312664846
0,1,0.3,LightGBM_BAG_L1,target_lag1,35.96766787114801
0,1,0.3,LightGBM_BAG_L1,target_lag2,1.8799703962143788
0,1,0.3,LightGBM_BAG_L1,target_lag3,1.0351207272093357
0,1,0.3,LightGBM_BAG_L1,target_lag4,0.7411040835039071
0,1,0.3,LightGBM_BAG_L1,target_lag5,1.6003104265520818
0,1,0.3,LightGBM_BAG_L1,target_lag6,4.582595107901493
0,1,0.3,LightGBM_BAG_L1,hour_lag1,3.6462786558678153
0,1,0.3,LightGBM_BAG_L1,day_of_week_lag1,0.6430176405914099
0,1,0.3,LightGBM_BAG_L1,month_lag1,0.3337396765281058
0,1,0.3,LightGBM_BAG_L1,trend_lag1,0.6312737850774236
0,1,0.3,LightGBM_BAG_L1,month_sin,0.062159547469151546
0,1,0.3,LightGBM_BAG_L1,month_cos,0.04071978465005918
0,1,0.3,LightGBM_BAG_L1,year,0.016704032438846057
1,1,0.02,LightGBMXT_BAG_L1,item_id,3.7802010231875856
1,1,0.02,LightGBMXT_BAG_L1,target_lag1,28.31524053964131
1,1,0.02,LightGBMXT_BAG_L1,target_lag2,5.828673102943246
1,1,0.02,LightGBMXT_BAG_L1,target_lag3,2.416060256849509
1,1,0.02,LightGBMXT_BAG_L1,target_lag4,3.3845703525190083
1,1,0.02,LightGBMXT_BAG_L1,target_lag5,4.53304269461262
1,1,0.02,LightGBMXT_BAG_L1,target_lag6,11.416499841206454
1,1,0.02,LightGBMXT_BAG_L1,hour_lag1,3.7453611018045145
1,1,0.02,LightGBMXT_BAG_L1,day_of_week_lag1,0.6987295575723398
1,1,0.02,LightGBMXT_BAG_L1,month_lag1,0.6670529263671103
1,1,0.02,LightGBMXT_BAG_L1,trend_lag1,2.281118155410126
1,1,0.02,LightGBMXT_BAG_L1,month_sin,0.15814660405582953
1,1,0.02,LightGBMXT_BAG_L1,month_cos,0.20699983352127793
1,1,0.02,LightGBMXT_BAG_L1,year,0.9876815513669086
1,1,0.02,WeightedEnsemble_L3,item_id,3.0383906141757078
1,1,0.02,WeightedEnsemble_L3,target_lag1,30.599718113700114
1,1,0.02,WeightedEnsemble_L3,target_lag2,5.12972024215866
1,1,0.02,WeightedEnsemble_L3,target_lag3,2.4569080141275395
1,1,0.02,WeightedEnsemble_L3,target_lag4,2.487382187112661
1,1,0.02,WeightedEnsemble_L3,target_lag5,3.5338758889264916
1,1,0.02,WeightedEnsemble_L3,target_lag6,12.048717792326665
1,1,0.02,WeightedEnsemble_L3,hour_lag1,3.620372871885331
1,1,0.02,WeightedEnsemble_L3,day_of_week_lag1,0.6039443955426156
1,1,0.02,WeightedEnsemble_L3,month_lag1,0.6793579167242804
1,1,0.02,WeightedEnsemble_L3,trend_lag1,2.161620026192302
1,1,0.02,WeightedEnsemble_L3,month_sin,0.13357146271617445
1,1,0.02,WeightedEnsemble_L3,month_cos,0.17944788700977882
1,1,0.02,WeightedEnsemble_L3,year,0.7249410927969934
1,1,0.02,WeightedEnsemble_L2,item_id,3.198344339178313
1,1,0.02,WeightedEnsemble_L2,target_lag1,31.807568004355847
1,1,0.02,WeightedEnsemble_L2,target_lag2,4.631235139230014
1,1,0.02,WeightedEnsemble_L2,target_lag3,2.084591796013711
1,1,0.02,WeightedEnsemble_L2,target_lag4,2.3464083804893288
1,1,0.02,WeightedEnsemble_L2,target_lag5,3.4273594229585926
1,1,0.02,WeightedEnsemble_L2,target_lag6,11.498078749068927
1,1,0.02,WeightedEnsemble_L2,hour_lag1,3.553891592948937
1,1,0.02,WeightedEnsemble_L2,day_of_week_lag1,0.6818368798457569
1,1,0.02,WeightedEnsemble_L2,month_lag1,0.6089303695425421
1,1,0.02,WeightedEnsemble_L2,trend_lag1,2.083213912482907
1,1,0.02,WeightedEnsemble_L2,month_sin,0.10592169311202679
1,1,0.02,WeightedEnsemble_L2,month_cos,0.15856757187194756
1,1,0.02,WeightedEnsemble_L2,year,0.6307504008882578
1,1,0.02,LightGBMXT_BAG_L2,item_id,3.3027817367448775
1,1,0.02,LightGBMXT_BAG_L2,target_lag1,26.37921867839099
1,1,0.02,LightGBMXT_BAG_L2,target_lag2,6.666344344008441
1,1,0.02,LightGBMXT_BAG_L2,target_lag3,2.572521902255054
1,1,0.02,LightGBMXT_BAG_L2,target_lag4,3.293728872177502
1,1,0.02,LightGBMXT_BAG_L2,target_lag5,3.856895076523613
1,1,0.02,LightGBMXT_BAG_L2,target_lag6,13.394604534138926
1,1,0.02,LightGBMXT_BAG_L2,hour_lag1,3.9313816387547798
1,1,0.02,LightGBMXT_BAG_L2,day_of_week_lag1,0.840447777432234
1,1,0.02,LightGBMXT_BAG_L2,month_lag1,0.70076311680595
1,1,0.02,LightGBMXT_BAG_L2,trend_lag1,2.6836311594049915
1,1,0.02,LightGBMXT_BAG_L2,month_sin,0.11406788118889818
1,1,0.02,LightGBMXT_BAG_L2,month_cos,0.17767993330412257
1,1,0.02,LightGBMXT_BAG_L2,year,0.7214973926517219
1,1,0.05,LightGBMXT_BAG_L1,item_id,3.7802010231875856
1,1,0.05,LightGBMXT_BAG_L1,target_lag1,28.31524053964131
1,1,0.05,LightGBMXT_BAG_L1,target_lag2,5.828673102943246
1,1,0.05,LightGBMXT_BAG_L1,target_lag3,2.416060256849509
1,1,0.05,LightGBMXT_BAG_L1,target_lag4,3.3845703525190083
1,1,0.05,LightGBMXT_BAG_L1,target_lag5,4.53304269461262
1,1,0.05,LightGBMXT_BAG_L1,target_lag6,11.416499841206454
1,1,0.05,LightGBMXT_BAG_L1,hour_lag1,3.7453611018045145
1,1,0.05,LightGBMXT_BAG_L1,day_of_week_lag1,0.6987295575723398
1,1,0.05,LightGBMXT_BAG_L1,month_lag1,0.6670529263671103
1,1,0.05,LightGBMXT_BAG_L1,trend_lag1,2.281118155410126
1,1,0.05,LightGBMXT_BAG_L1,month_sin,0.15814660405582953
1,1,0.05,LightGBMXT_BAG_L1,month_cos,0.20699983352127793
1,1,0.05,LightGBMXT_BAG_L1,year,0.9876815513669086
1,1,0.05,WeightedEnsemble_L3,item_id,3.0383906141757078
1,1,0.05,WeightedEnsemble_L3,target_lag1,30.599718113700114
1,1,0.05,WeightedEnsemble_L3,target_lag2,5.12972024215866
1,1,0.05,WeightedEnsemble_L3,target_lag3,2.4569080141275395
1,1,0.05,WeightedEnsemble_L3,target_lag4,2.487382187112661
1,1,0.05,WeightedEnsemble_L3,target_lag5,3.5338758889264916
1,1,0.05,WeightedEnsemble_L3,target_lag6,12.048717792326665
1,1,0.05,WeightedEnsemble_L3,hour_lag1,3.620372871885331
1,1,0.05,WeightedEnsemble_L3,day_of_week_lag1,0.6039443955426156
1,1,0.05,WeightedEnsemble_L3,month_lag1,0.6793579167242804
1,1,0.05,WeightedEnsemble_L3,trend_lag1,2.161620026192302
1,1,0.05,WeightedEnsemble_L3,month_sin,0.13357146271617445
1,1,0.05,WeightedEnsemble_L3,month_cos,0.17944788700977882
1,1,0.05,WeightedEnsemble_L3,year,0.7249410927969934
1,1,0.05,WeightedEnsemble_L2,item_id,3.198344339178313
1,1,0.05,WeightedEnsemble_L2,target_lag1,31.807568004355847
1,1,0.05,WeightedEnsemble_L2,target_lag2,4.631235139230014
1,1,0.05,WeightedEnsemble_L2,target_lag3,2.084591796013711
1,1,0.05,WeightedEnsemble_L2,target_lag4,2.3464083804893288
1,1,0.05,WeightedEnsemble_L2,target_lag5,3.4273594229585926
1,1,0.05,WeightedEnsemble_L2,target_lag6,11.498078749068927
1,1,0.05,WeightedEnsemble_L2,hour_lag1,3.553891592948937
1,1,0.05,WeightedEnsemble_L2,day_of_week_lag1,0.6818368798457569
1,1,0.05,WeightedEnsemble_L2,month_lag1,0.6089303695425421
1,1,0.05,WeightedEnsemble_L2,trend_lag1,2.083213912482907
1,1,0.05,WeightedEnsemble_L2,month_sin,0.10592169311202679
1,1,0.05,WeightedEnsemble_L2,month_cos,0.15856757187194756
1,1,0.05,WeightedEnsemble_L2,year,0.6307504008882578
1,1,0.05,LightGBMXT_BAG_L2,item_id,3.3027817367448775
1,1,0.05,LightGBMXT_BAG_L2,target_lag1,26.37921867839099
1,1,0.05,LightGBMXT_BAG_L2,target_lag2,6.666344344008441
1,1,0.05,LightGBMXT_BAG_L2,target_lag3,2.572521902255054
1,1,0.05,LightGBMXT_BAG_L2,target_lag4,3.293728872177502
1,1,0.05,LightGBMXT_BAG_L2,target_lag5,3.856895076523613
1,1,0.05,LightGBMXT_BAG_L2,target_lag6,13.394604534138926
1,1,0.05,LightGBMXT_BAG_L2,hour_lag1,3.9313816387547798
1,1,0.05,LightGBMXT_BAG_L2,day_of_week_lag1,0.840447777432234
1,1,0.05,LightGBMXT_BAG_L2,month_lag1,0.70076311680595
1,1,0.05,LightGBMXT_BAG_L2,trend_lag1,2.6836311594049915
1,1,0.05,LightGBMXT_BAG_L2,month_sin,0.11406788118889818
1,1,0.05,LightGBMXT_BAG_L2,month_cos,0.17767993330412257
1,1,0.05,LightGBMXT_BAG_L2,year,0.7214973926517219
1,1,0.1,LightGBMXT_BAG_L1,item_id,3.7802010231875856
1,1,0.1,LightGBMXT_BAG_L1,target_lag1,28.31524053964131
1,1,0.1,LightGBMXT_BAG_L1,target_lag2,5.828673102943246
1,1,0.1,LightGBMXT_BAG_L1,target_lag3,2.416060256849509
1,1,0.1,LightGBMXT_BAG_L1,target_lag4,3.3845703525190083
1,1,0.1,LightGBMXT_BAG_L1,target_lag5,4.53304269461262
1,1,0.1,LightGBMXT_BAG_L1,target_lag6,11.416499841206454
1,1,0.1,LightGBMXT_BAG_L1,hour_lag1,3.7453611018045145
1,1,0.1,LightGBMXT_BAG_L1,day_of_week_lag1,0.6987295575723398
1,1,0.1,LightGBMXT_BAG_L1,month_lag1,0.6670529263671103
1,1,0.1,LightGBMXT_BAG_L1,trend_lag1,2.281118155410126
1,1,0.1,LightGBMXT_BAG_L1,month_sin,0.15814660405582953
1,1,0.1,LightGBMXT_BAG_L1,month_cos,0.20699983352127793
1,1,0.1,LightGBMXT_BAG_L1,year,0.9876815513669086
1,1,0.1,WeightedEnsemble_L3,item_id,3.0383906141757078
1,1,0.1,WeightedEnsemble_L3,target_lag1,30.599718113700114
1,1,0.1,WeightedEnsemble_L3,target_lag2,5.12972024215866
1,1,0.1,WeightedEnsemble_L3,target_lag3,2.4569080141275395
1,1,0.1,WeightedEnsemble_L3,target_lag4,2.487382187112661
1,1,0.1,WeightedEnsemble_L3,target_lag5,3.5338758889264916
1,1,0.1,WeightedEnsemble_L3,target_lag6,12.048717792326665
1,1,0.1,WeightedEnsemble_L3,hour_lag1,3.620372871885331
1,1,0.1,WeightedEnsemble_L3,day_of_week_lag1,0.6039443955426156
1,1,0.1,WeightedEnsemble_L3,month_lag1,0.6793579167242804
1,1,0.1,WeightedEnsemble_L3,trend_lag1,2.161620026192302
1,1,0.1,WeightedEnsemble_L3,month_sin,0.13357146271617445
1,1,0.1,WeightedEnsemble_L3,month_cos,0.17944788700977882
1,1,0.1,WeightedEnsemble_L3,year,0.7249410927969934
1,1,0.1,WeightedEnsemble_L2,item_id,3.198344339178313
1,1,0.1,WeightedEnsemble_L2,target_lag1,31.807568004355847
1,1,0.1,WeightedEnsemble_L2,target_lag2,4.631235139230014
1,1,0.1,WeightedEnsemble_L2,target_lag3,2.084591796013711
1,1,0.1,WeightedEnsemble_L2,target_lag4,2.3464083804893288
1,1,0.1,WeightedEnsemble_L2,target_lag5,3.4273594229585926
1,1,0.1,WeightedEnsemble_L2,target_lag6,11.498078749068927
1,1,0.1,WeightedEnsemble_L2,hour_lag1,3.553891592948937
1,1,0.1,WeightedEnsemble_L2,day_of_week_lag1,0.6818368798457569
1,1,0.1,WeightedEnsemble_L2,month_lag1,0.6089303695425421
1,1,0.1,WeightedEnsemble_L2,trend_lag1,2.083213912482907
1,1,0.1,WeightedEnsemble_L2,month_sin,0.10592169311202679
1,1,0.1,WeightedEnsemble_L2,month_cos,0.15856757187194756
1,1,0.1,WeightedEnsemble_L2,year,0.6307504008882578
1,1,0.1,LightGBMXT_BAG_L2,item_id,3.3027817367448775
1,1,0.1,LightGBMXT_BAG_L2,target_lag1,26.37921867839099
1,1,0.1,LightGBMXT_BAG_L2,target_lag2,6.666344344008441
1,1,0.1,LightGBMXT_BAG_L2,target_lag3,2.572521902255054
1,1,0.1,LightGBMXT_BAG_L2,target_lag4,3.293728872177502
1,1,0.1,LightGBMXT_BAG_L2,target_lag5,3.856895076523613
1,1,0.1,LightGBMXT_BAG_L2,target_lag6,13.394604534138926
1,1,0.1,LightGBMXT_BAG_L2,hour_lag1,3.9313816387547798
1,1,0.1,LightGBMXT_BAG_L2,day_of_week_lag1,0.840447777432234
1,1,0.1,LightGBMXT_BAG_L2,month_lag1,0.70076311680595
1,1,0.1,LightGBMXT_BAG_L2,trend_lag1,2.6836311594049915
1,1,0.1,LightGBMXT_BAG_L2,month_sin,0.11406788118889818
1,1,0.1,LightGBMXT_BAG_L2,month_cos,0.17767993330412257
1,1,0.1,LightGBMXT_BAG_L2,year,0.7214973926517219
1,1,0.1,LightGBM_BAG_L1,item_id,1.9157250330705042
1,1,0.1,LightGBM_BAG_L1,target_lag1,40.01702061420346
1,1,0.1,LightGBM_BAG_L1,target_lag2,2.4360041199237275
1,1,0.1,LightGBM_BAG_L1,target_lag3,1.788738727865935
1,1,0.1,LightGBM_BAG_L1,target_lag4,0.4024166084357619
1,1,0.1,LightGBM_BAG_L1,target_lag5,1.0095686687472818
1,1,0.1,LightGBM_BAG_L1,target_lag6,12.348432078190537
1,1,0.1,LightGBM_BAG_L1,hour_lag1,3.131815286162543
1,1,0.1,LightGBM_BAG_L1,day_of_week_lag1,0.3093037286562996
1,1,0.1,LightGBM_BAG_L1,month_lag1,0.42695906928138916
1,1,0.1,LightGBM_BAG_L1,trend_lag1,1.5485613811234171
1,1,0.1,LightGBM_BAG_L1,month_sin,0.057618224434399345
1,1,0.1,LightGBM_BAG_L1,month_cos,0.0323493324238034
1,1,0.1,LightGBM_BAG_L1,year,0.016251344006508617
1,1,0.2,LightGBMXT_BAG_L1,item_id,3.7802010231875856
1,1,0.2,LightGBMXT_BAG_L1,target_lag1,28.31524053964131
1,1,0.2,LightGBMXT_BAG_L1,target_lag2,5.828673102943246
1,1,0.2,LightGBMXT_BAG_L1,target_lag3,2.416060256849509
1,1,0.2,LightGBMXT_BAG_L1,target_lag4,3.3845703525190083
1,1,0.2,LightGBMXT_BAG_L1,target_lag5,4.53304269461262
1,1,0.2,LightGBMXT_BAG_L1,target_lag6,11.416499841206454
1,1,0.2,LightGBMXT_BAG_L1,hour_lag1,3.7453611018045145
1,1,0.2,LightGBMXT_BAG_L1,day_of_week_lag1,0.6987295575723398
1,1,0.2,LightGBMXT_BAG_L1,month_lag1,0.6670529263671103
1,1,0.2,LightGBMXT_BAG_L1,trend_lag1,2.281118155410126
1,1,0.2,LightGBMXT_BAG_L1,month_sin,0.15814660405582953
1,1,0.2,LightGBMXT_BAG_L1,month_cos,0.20699983352127793
1,1,0.2,LightGBMXT_BAG_L1,year,0.9876815513669086
1,1,0.2,WeightedEnsemble_L3,item_id,3.0383906141757078
1,1,0.2,WeightedEnsemble_L3,target_lag1,30.599718113700114
1,1,0.2,WeightedEnsemble_L3,target_lag2,5.12972024215866
1,1,0.2,WeightedEnsemble_L3,target_lag3,2.4569080141275395
1,1,0.2,WeightedEnsemble_L3,target_lag4,2.487382187112661
1,1,0.2,WeightedEnsemble_L3,target_lag5,3.5338758889264916
1,1,0.2,WeightedEnsemble_L3,target_lag6,12.048717792326665
1,1,0.2,WeightedEnsemble_L3,hour_lag1,3.620372871885331
1,1,0.2,WeightedEnsemble_L3,day_of_week_lag1,0.6039443955426156
1,1,0.2,WeightedEnsemble_L3,month_lag1,0.6793579167242804
1,1,0.2,WeightedEnsemble_L3,trend_lag1,2.161620026192302
1,1,0.2,WeightedEnsemble_L3,month_sin,0.13357146271617445
1,1,0.2,WeightedEnsemble_L3,month_cos,0.17944788700977882
1,1,0.2,WeightedEnsemble_L3,year,0.7249410927969934
1,1,0.2,WeightedEnsemble_L2,item_id,3.198344339178313
1,1,0.2,WeightedEnsemble_L2,target_lag1,31.807568004355847
1,1,0.2,WeightedEnsemble_L2,target_lag2,4.631235139230014
1,1,0.2,WeightedEnsemble_L2,target_lag3,2.084591796013711
1,1,0.2,WeightedEnsemble_L2,target_lag4,2.3464083804893288
1,1,0.2,WeightedEnsemble_L2,target_lag5,3.4273594229585926
1,1,0.2,WeightedEnsemble_L2,target_lag6,11.498078749068927
1,1,0.2,WeightedEnsemble_L2,hour_lag1,3.553891592948937
1,1,0.2,WeightedEnsemble_L2,day_of_week_lag1,0.6818368798457569
1,1,0.2,WeightedEnsemble_L2,month_lag1,0.6089303695425421
1,1,0.2,WeightedEnsemble_L2,trend_lag1,2.083213912482907
1,1,0.2,WeightedEnsemble_L2,month_sin,0.10592169311202679
1,1,0.2,WeightedEnsemble_L2,month_cos,0.15856757187194756
1,1,0.2,WeightedEnsemble_L2,year,0.6307504008882578
1,1,0.2,LightGBMXT_BAG_L2,item_id,3.3027817367448775
1,1,0.2,LightGBMXT_BAG_L2,target_lag1,26.37921867839099
1,1,0.2,LightGBMXT_BAG_L2,target_lag2,6.666344344008441
1,1,0.2,LightGBMXT_BAG_L2,target_lag3,2.572521902255054
1,1,0.2,LightGBMXT_BAG_L2,target_lag4,3.293728872177502
1,1,0.2,LightGBMXT_BAG_L2,target_lag5,3.856895076523613
1,1,0.2,LightGBMXT_BAG_L2,target_lag6,13.394604534138926
1,1,0.2,LightGBMXT_BAG_L2,hour_lag1,3.9313816387547798
1,1,0.2,LightGBMXT_BAG_L2,day_of_week_lag1,0.840447777432234
1,1,0.2,LightGBMXT_BAG_L2,month_lag1,0.70076311680595
1,1,0.2,LightGBMXT_BAG_L2,trend_lag1,2.6836311594049915
1,1,0.2,LightGBMXT_BAG_L2,month_sin,0.11406788118889818
1,1,0.2,LightGBMXT_BAG_L2,month_cos,0.17767993330412257
1,1,0.2,LightGBMXT_BAG_L2,year,0.7214973926517219
1,1,0.2,LightGBM_BAG_L1,item_id,1.9157250330705042
1,1,0.2,LightGBM_BAG_L1,target_lag1,40.01702061420346
1,1,0.2,LightGBM_BAG_L1,target_lag2,2.4360041199237275
1,1,0.2,LightGBM_BAG_L1,target_lag3,1.788738727865935
1,1,0.2,LightGBM_BAG_L1,target_lag4,0.4024166084357619
1,1,0.2,LightGBM_BAG_L1,target_lag5,1.0095686687472818
1,1,0.2,LightGBM_BAG_L1,target_lag6,12.348432078190537
1,1,0.2,LightGBM_BAG_L1,hour_lag1,3.131815286162543
1,1,0.2,LightGBM_BAG_L1,day_of_week_lag1,0.3093037286562996
1,1,0.2,LightGBM_BAG_L1,month_lag1,0.42695906928138916
1,1,0.2,LightGBM_BAG_L1,trend_lag1,1.5485613811234171
1,1,0.2,LightGBM_BAG_L1,month_sin,0.057618224434399345
1,1,0.2,LightGBM_BAG_L1,month_cos,0.0323493324238034
1,1,0.2,LightGBM_BAG_L1,year,0.016251344006508617
1,1,0.3,LightGBMXT_BAG_L1,item_id,3.7802010231875856
1,1,0.3,LightGBMXT_BAG_L1,target_lag1,28.31524053964131
1,1,0.3,LightGBMXT_BAG_L1,target_lag2,5.828673102943246
1,1,0.3,LightGBMXT_BAG_L1,target_lag3,2.416060256849509
1,1,0.3,LightGBMXT_BAG_L1,target_lag4,3.3845703525190083
1,1,0.3,LightGBMXT_BAG_L1,target_lag5,4.53304269461262
1,1,0.3,LightGBMXT_BAG_L1,target_lag6,11.416499841206454
1,1,0.3,LightGBMXT_BAG_L1,hour_lag1,3.7453611018045145
1,1,0.3,LightGBMXT_BAG_L1,day_of_week_lag1,0.6987295575723398
1,1,0.3,LightGBMXT_BAG_L1,month_lag1,0.6670529263671103
1,1,0.3,LightGBMXT_BAG_L1,trend_lag1,2.281118155410126
1,1,0.3,LightGBMXT_BAG_L1,month_sin,0.15814660405582953
1,1,0.3,LightGBMXT_BAG_L1,month_cos,0.20699983352127793
1,1,0.3,LightGBMXT_BAG_L1,year,0.9876815513669086
1,1,0.3,WeightedEnsemble_L3,item_id,3.0383906141757078
1,1,0.3,WeightedEnsemble_L3,target_lag1,30.599718113700114
1,1,0.3,WeightedEnsemble_L3,target_lag2,5.12972024215866
1,1,0.3,WeightedEnsemble_L3,target_lag3,2.4569080141275395
1,1,0.3,WeightedEnsemble_L3,target_lag4,2.487382187112661
1,1,0.3,WeightedEnsemble_L3,target_lag5,3.5338758889264916
1,1,0.3,WeightedEnsemble_L3,target_lag6,12.048717792326665
1,1,0.3,WeightedEnsemble_L3,hour_lag1,3.620372871885331
1,1,0.3,WeightedEnsemble_L3,day_of_week_lag1,0.6039443955426156
1,1,0.3,WeightedEnsemble_L3,month_lag1,0.6793579167242804
1,1,0.3,WeightedEnsemble_L3,trend_lag1,2.161620026192302
1,1,0.3,WeightedEnsemble_L3,month_sin,0.13357146271617445
1,1,0.3,WeightedEnsemble_L3,month_cos,0.17944788700977882
1,1,0.3,WeightedEnsemble_L3,year,0.7249410927969934
1,1,0.3,WeightedEnsemble_L2,item_id,3.198344339178313
1,1,0.3,WeightedEnsemble_L2,target_lag1,31.807568004355847
1,1,0.3,WeightedEnsemble_L2,target_lag2,4.631235139230014
1,1,0.3,WeightedEnsemble_L2,target_lag3,2.084591796013711
1,1,0.3,WeightedEnsemble_L2,target_lag4,2.3464083804893288
1,1,0.3,WeightedEnsemble_L2,target_lag5,3.4273594229585926
1,1,0.3,WeightedEnsemble_L2,target_lag6,11.498078749068927
1,1,0.3,WeightedEnsemble_L2,hour_lag1,3.553891592948937
1,1,0.3,WeightedEnsemble_L2,day_of_week_lag1,0.6818368798457569
1,1,0.3,WeightedEnsemble_L2,month_lag1,0.6089303695425421
1,1,0.3,WeightedEnsemble_L2,trend_lag1,2.083213912482907
1,1,0.3,WeightedEnsemble_L2,month_sin,0.10592169311202679
1,1,0.3,WeightedEnsemble_L2,month_cos,0.15856757187194756
1,1,0.3,WeightedEnsemble_L2,year,0.6307504008882578
1,1,0.3,LightGBMXT_BAG_L2,item_id,3.3027817367448775
1,1,0.3,LightGBMXT_BAG_L2,target_lag1,26.37921867839099
1,1,0.3,LightGBMXT_BAG_L2,target_lag2,6.666344344008441
1,1,0.3,LightGBMXT_BAG_L2,target_lag3,2.572521902255054
1,1,0.3,LightGBMXT_BAG_L2,target_lag4,3.293728872177502
1,1,0.3,LightGBMXT_BAG_L2,target_lag5,3.856895076523613
1,1,0.3,LightGBMXT_BAG_L2,target_lag6,13.394604534138926
1,1,0.3,LightGBMXT_BAG_L2,hour_lag1,3.9313816387547798
1,1,0.3,LightGBMXT_BAG_L2,day_of_week_lag1,0.840447777432234
1,1,0.3,LightGBMXT_BAG_L2,month_lag1,0.70076311680595
1,1,0.3,LightGBMXT_BAG_L2,trend_lag1,2.6836311594049915
1,1,0.3,LightGBMXT_BAG_L2,month_sin,0.11406788118889818
1,1,0.3,LightGBMXT_BAG_L2,month_cos,0.17767993330412257
1,1,0.3,LightGBMXT_BAG_L2,year,0.7214973926517219
1,1,0.3,LightGBM_BAG_L1,item_id,1.9157250330705042
1,1,0.3,LightGBM_BAG_L1,target_lag1,40.01702061420346
1,1,0.3,LightGBM_BAG_L1,target_lag2,2.4360041199237275
1,1,0.3,LightGBM_BAG_L1,target_lag3,1.788738727865935
1,1,0.3,LightGBM_BAG_L1,target_lag4,0.4024166084357619
1,1,0.3,LightGBM_BAG_L1,target_lag5,1.0095686687472818
1,1,0.3,LightGBM_BAG_L1,target_lag6,12.348432078190537
1,1,0.3,LightGBM_BAG_L1,hour_lag1,3.131815286162543
1,1,0.3,LightGBM_BAG_L1,day_of_week_lag1,0.3093037286562996
1,1,0.3,LightGBM_BAG_L1,month_lag1,0.42695906928138916
1,1,0.3,LightGBM_BAG_L1,trend_lag1,1.5485613811234171
1,1,0.3,LightGBM_BAG_L1,month_sin,0.057618224434399345
1,1,0.3,LightGBM_BAG_L1,month_cos,0.0323493324238034
1,1,0.3,LightGBM_BAG_L1,year,0.016251344006508617
2,1,0.02,LightGBMXT_BAG_L1,item_id,3.0936512677345123
2,1,0.02,LightGBMXT_BAG_L1,target_lag1,24.611691362269536
2,1,0.02,LightGBMXT_BAG_L1,target_lag2,5.217037706888592
2,1,0.02,LightGBMXT_BAG_L1,target_lag3,2.1582187067229928
2,1,0.02,LightGBMXT_BAG_L1,target_lag4,3.2723716172314012
2,1,0.02,LightGBMXT_BAG_L1,target_lag5,4.136128113773496
2,1,0.02,LightGBMXT_BAG_L1,target_lag6,10.994551281012594
2,1,0.02,LightGBMXT_BAG_L1,hour_lag1,5.2520208289342705
2,1,0.02,LightGBMXT_BAG_L1,day_of_week_lag1,0.4770882763316237
2,1,0.02,LightGBMXT_BAG_L1,month_lag1,0.5440593834539568
2,1,0.02,LightGBMXT_BAG_L1,trend_lag1,1.4070098978294998
2,1,0.02,LightGBMXT_BAG_L1,month_sin,0.21065256759555404
2,1,0.02,LightGBMXT_BAG_L1,month_cos,0.27232480541678794
2,1,0.02,LightGBMXT_BAG_L1,year,0.6294155402661616
2,1,0.02,WeightedEnsemble_L3,item_id,3.065877236709231
2,1,0.02,WeightedEnsemble_L3,target_lag1,23.656164932378296
2,1,0.02,WeightedEnsemble_L3,target_lag2,5.352442900471387
2,1,0.02,WeightedEnsemble_L3,target_lag3,2.077222885717638
2,1,0.02,WeightedEnsemble_L3,target_lag4,3.5100709387259554
2,1,0.02,WeightedEnsemble_L3,target_lag5,4.357801999977285
2,1,0.02,WeightedEnsemble_L3,target_lag6,11.179724950645507
2,1,0.02,WeightedEnsemble_L3,hour_lag1,5.354219727538682
2,1,0.02,WeightedEnsemble_L3,day_of_week_lag1,0.4716623339187346
2,1,0.02,WeightedEnsemble_L3,month_lag1,0.5531193154961025
2,1,0.02,WeightedEnsemble_L3,trend_lag1,1.5920011159051992
2,1,0.02,WeightedEnsemble_L3,month_sin,0.19883967984056355
2,1,0.02,WeightedEnsemble_L3,month_cos,0.33348658104178885
2,1,0.02,WeightedEnsemble_L3,year,0.7677493319536254
2,1,0.02,WeightedEnsemble_L2,item_id,3.2153977265510667
2,1,0.02,WeightedEnsemble_L2,target_lag1,24.203386554909716
2,1,0.02,WeightedEnsemble_L2,target_lag2,5.268786458593057
2,1,0.02,WeightedEnsemble_L2,target_lag3,2.251076143506682
2,1,0.02,WeightedEnsemble_L2,target_lag4,3.2234726882117486
2,1,0.02,WeightedEnsemble_L2,target_lag5,4.481646243828387
2,1,0.02,WeightedEnsemble_L2,target_lag6,11.047435698855903
2,1,0.02,WeightedEnsemble_L2,hour_lag1,5.164518673293604
2,1,0.02,WeightedEnsemble_L2,day_of_week_lag1,0.44016305110118453
2,1,0.02,WeightedEnsemble_L2,month_lag1,0.4781610925263188
2,1,0.02,WeightedEnsemble_L2,trend_lag1,1.4120063778354468
2,1,0.02,WeightedEnsemble_L2,month_sin,0.1622646160422205
2,1,0.02,WeightedEnsemble_L2,month_cos,0.24143134469329372
2,1,0.02,WeightedEnsemble_L2,year,0.5954569189509883
2,1,0.05,LightGBMXT_BAG_L1,item_id,3.0936512677345123
2,1,0.05,LightGBMXT_BAG_L1,target_lag1,24.611691362269536
2,1,0.05,LightGBMXT_BAG_L1,target_lag2,5.217037706888592
2,1,0.05,LightGBMXT_BAG_L1,target_lag3,2.1582187067229928
2,1,0.05,LightGBMXT_BAG_L1,target_lag4,3.2723716172314012
2,1,0.05,LightGBMXT_BAG_L1,target_lag5,4.136128113773496
2,1,0.05,LightGBMXT_BAG_L1,target_lag6,10.994551281012594
2,1,0.05,LightGBMXT_BAG_L1,hour_lag1,5.2520208289342705
2,1,0.05,LightGBMXT_BAG_L1,day_of_week_lag1,0.4770882763316237
2,1,0.05,LightGBMXT_BAG_L1,month_lag1,0.5440593834539568
2,1,0.05,LightGBMXT_BAG_L1,trend_lag1,1.4070098978294998
2,1,0.05,LightGBMXT_BAG_L1,month_sin,0.21065256759555404
2,1,0.05,LightGBMXT_BAG_L1,month_cos,0.27232480541678794
2,1,0.05,LightGBMXT_BAG_L1,year,0.6294155402661616
2,1,0.05,WeightedEnsemble_L3,item_id,3.065877236709231
2,1,0.05,WeightedEnsemble_L3,target_lag1,23.656164932378296
2,1,0.05,WeightedEnsemble_L3,target_lag2,5.352442900471387
2,1,0.05,WeightedEnsemble_L3,target_lag3,2.077222885717638
2,1,0.05,WeightedEnsemble_L3,target_lag4,3.5100709387259554
2,1,0.05,WeightedEnsemble_L3,target_lag5,4.357801999977285
2,1,0.05,WeightedEnsemble_L3,target_lag6,11.179724950645507
2,1,0.05,WeightedEnsemble_L3,hour_lag1,5.354219727538682
2,1,0.05,WeightedEnsemble_L3,day_of_week_lag1,0.4716623339187346
2,1,0.05,WeightedEnsemble_L3,month_lag1,0.5531193154961025
2,1,0.05,WeightedEnsemble_L3,trend_lag1,1.5920011159051992
2,1,0.05,WeightedEnsemble_L3,month_sin,0.19883967984056355
2,1,0.05,WeightedEnsemble_L3,month_cos,0.33348658104178885
2,1,0.05,WeightedEnsemble_L3,year,0.7677493319536254
2,1,0.05,WeightedEnsemble_L2,item_id,3.2153977265510667
2,1,0.05,WeightedEnsemble_L2,target_lag1,24.203386554909716
2,1,0.05,WeightedEnsemble_L2,target_lag2,5.268786458593057
2,1,0.05,WeightedEnsemble_L2,target_lag3,2.251076143506682
2,1,0.05,WeightedEnsemble_L2,target_lag4,3.2234726882117486
2,1,0.05,WeightedEnsemble_L2,target_lag5,4.481646243828387
2,1,0.05,WeightedEnsemble_L2,target_lag6,11.047435698855903
2,1,0.05,WeightedEnsemble_L2,hour_lag1,5.164518673293604
2,1,0.05,WeightedEnsemble_L2,day_of_week_lag1,0.44016305110118453
2,1,0.05,WeightedEnsemble_L2,month_lag1,0.4781610925263188
2,1,0.05,WeightedEnsemble_L2,trend_lag1,1.4120063778354468
2,1,0.05,WeightedEnsemble_L2,month_sin,0.1622646160422205
2,1,0.05,WeightedEnsemble_L2,month_cos,0.24143134469329372
2,1,0.05,WeightedEnsemble_L2,year,0.5954569189509883
2,1,0.05,LightGBMXT_BAG_L2,item_id,2.6178917828063324
2,1,0.05,LightGBMXT_BAG_L2,target_lag1,22.570787570298105
2,1,0.05,LightGBMXT_BAG_L2,target_lag2,5.620720287858431
2,1,0.05,LightGBMXT_BAG_L2,target_lag3,2.026057478869567
2,1,0.05,LightGBMXT_BAG_L2,target_lag4,3.2527678107051172
2,1,0.05,LightGBMXT_BAG_L2,target_lag5,4.471462827183926
2,1,0.05,LightGBMXT_BAG_L2,target_lag6,12.23680595378539
2,1,0.05,LightGBMXT_BAG_L2,hour_lag1,5.119704359237725
2,1,0.05,LightGBMXT_BAG_L2,day_of_week_lag1,0.4403294853499785
2,1,0.05,LightGBMXT_BAG_L2,month_lag1,0.4807036356395885
2,1,0.05,LightGBMXT_BAG_L2,trend_lag1,1.3015762184988717
2,1,0.05,LightGBMXT_BAG_L2,month_sin,0.14513750110403628
2,1,0.05,LightGBMXT_BAG_L2,month_cos,0.20089649965769274
2,1,0.05,LightGBMXT_BAG_L2,year,0.7279735677424666
2,1,0.1,LightGBMXT_BAG_L1,item_id,3.0936512677345123
2,1,0.1,LightGBMXT_BAG_L1,target_lag1,24.611691362269536
2,1,0.1,LightGBMXT_BAG_L1,target_lag2,5.217037706888592
2,1,0.1,LightGBMXT_BAG_L1,target_lag3,2.1582187067229928
2,1,0.1,LightGBMXT_BAG_L1,target_lag4,3.2723716172314012
2,1,0.1,LightGBMXT_BAG_L1,target_lag5,4.136128113773496
2,1,0.1,LightGBMXT_BAG_L1,target_lag6,10.994551281012594
2,1,0.1,LightGBMXT_BAG_L1,hour_lag1,5.2520208289342705
2,1,0.1,LightGBMXT_BAG_L1,day_of_week_lag1,0.4770882763316237
2,1,0.1,LightGBMXT_BAG_L1,month_lag1,0.5440593834539568
2,1,0.1,LightGBMXT_BAG_L1,trend_lag1,1.4070098978294998
2,1,0.1,LightGBMXT_BAG_L1,month_sin,0.21065256759555404
2,1,0.1,LightGBMXT_BAG_L1,month_cos,0.27232480541678794
2,1,0.1,LightGBMXT_BAG_L1,year,0.6294155402661616
2,1,0.1,WeightedEnsemble_L3,item_id,3.065877236709231
2,1,0.1,WeightedEnsemble_L3,target_lag1,23.656164932378296
2,1,0.1,WeightedEnsemble_L3,target_lag2,5.352442900471387
2,1,0.1,WeightedEnsemble_L3,target_lag3,2.077222885717638
2,1,0.1,WeightedEnsemble_L3,target_lag4,3.5100709387259554
2,1,0.1,WeightedEnsemble_L3,target_lag5,4.357801999977285
2,1,0.1,WeightedEnsemble_L3,target_lag6,11.179724950645507
2,1,0.1,WeightedEnsemble_L3,hour_lag1,5.354219727538682
2,1,0.1,WeightedEnsemble_L3,day_of_week_lag1,0.4716623339187346
2,1,0.1,WeightedEnsemble_L3,month_lag1,0.5531193154961025
2,1,0.1,WeightedEnsemble_L3,trend_lag1,1.5920011159051992
2,1,0.1,WeightedEnsemble_L3,month_sin,0.19883967984056355
2,1,0.1,WeightedEnsemble_L3,month_cos,0.33348658104178885
2,1,0.1,WeightedEnsemble_L3,year,0.7677493319536254
2,1,0.1,WeightedEnsemble_L2,item_id,3.2153977265510667
2,1,0.1,WeightedEnsemble_L2,target_lag1,24.203386554909716
2,1,0.1,WeightedEnsemble_L2,target_lag2,5.268786458593057
2,1,0.1,WeightedEnsemble_L2,target_lag3,2.251076143506682
2,1,0.1,WeightedEnsemble_L2,target_lag4,3.2234726882117486
2,1,0.1,WeightedEnsemble_L2,target_lag5,4.481646243828387
2,1,0.1,WeightedEnsemble_L2,target_lag6,11.047435698855903
2,1,0.1,WeightedEnsemble_L2,hour_lag1,5.164518673293604
2,1,0.1,WeightedEnsemble_L2,day_of_week_lag1,0.44016305110118453
2,1,0.1,WeightedEnsemble_L2,month_lag1,0.4781610925263188
2,1,0.1,WeightedEnsemble_L2,trend_lag1,1.4120063778354468
2,1,0.1,WeightedEnsemble_L2,month_sin,0.1622646160422205
2,1,0.1,WeightedEnsemble_L2,month_cos,0.24143134469329372
2,1,0.1,WeightedEnsemble_L2,year,0.5954569189509883
2,1,0.1,LightGBMXT_BAG_L2,item_id,2.6178917828063324
2,1,0.1,LightGBMXT_BAG_L2,target_lag1,22.570787570298105
2,1,0.1,LightGBMXT_BAG_L2,target_lag2,5.620720287858431
2,1,0.1,LightGBMXT_BAG_L2,target_lag3,2.026057478869567
2,1,0.1,LightGBMXT_BAG_L2,target_lag4,3.2527678107051172
2,1,0.1,LightGBMXT_BAG_L2,target_lag5,4.471462827183926
2,1,0.1,LightGBMXT_BAG_L2,target_lag6,12.23680595378539
2,1,0.1,LightGBMXT_BAG_L2,hour_lag1,5.119704359237725
2,1,0.1,LightGBMXT_BAG_L2,day_of_week_lag1,0.4403294853499785
2,1,0.1,LightGBMXT_BAG_L2,month_lag1,0.4807036356395885
2,1,0.1,LightGBMXT_BAG_L2,trend_lag1,1.3015762184988717
2,1,0.1,LightGBMXT_BAG_L2,month_sin,0.14513750110403628
2,1,0.1,LightGBMXT_BAG_L2,month_cos,0.20089649965769274
2,1,0.1,LightGBMXT_BAG_L2,year,0.7279735677424666
2,1,0.2,LightGBMXT_BAG_L1,item_id,3.0936512677345123
2,1,0.2,LightGBMXT_BAG_L1,target_lag1,24.611691362269536
2,1,0.2,LightGBMXT_BAG_L1,target_lag2,5.217037706888592
2,1,0.2,LightGBMXT_BAG_L1,target_lag3,2.1582187067229928
2,1,0.2,LightGBMXT_BAG_L1,target_lag4,3.2723716172314012
2,1,0.2,LightGBMXT_BAG_L1,target_lag5,4.136128113773496
2,1,0.2,LightGBMXT_BAG_L1,target_lag6,10.994551281012594
2,1,0.2,LightGBMXT_BAG_L1,hour_lag1,5.2520208289342705
2,1,0.2,LightGBMXT_BAG_L1,day_of_week_lag1,0.4770882763316237
2,1,0.2,LightGBMXT_BAG_L1,month_lag1,0.5440593834539568
2,1,0.2,LightGBMXT_BAG_L1,trend_lag1,1.4070098978294998
2,1,0.2,LightGBMXT_BAG_L1,month_sin,0.21065256759555404
2,1,0.2,LightGBMXT_BAG_L1,month_cos,0.27232480541678794
2,1,0.2,LightGBMXT_BAG_L1,year,0.6294155402661616
2,1,0.2,WeightedEnsemble_L3,item_id,3.065877236709231
2,1,0.2,WeightedEnsemble_L3,target_lag1,23.656164932378296
2,1,0.2,WeightedEnsemble_L3,target_lag2,5.352442900471387
2,1,0.2,WeightedEnsemble_L3,target_lag3,2.077222885717638
2,1,0.2,WeightedEnsemble_L3,target_lag4,3.5100709387259554
2,1,0.2,WeightedEnsemble_L3,target_lag5,4.357801999977285
2,1,0.2,WeightedEnsemble_L3,target_lag6,11.179724950645507
2,1,0.2,WeightedEnsemble_L3,hour_lag1,5.354219727538682
2,1,0.2,WeightedEnsemble_L3,day_of_week_lag1,0.4716623339187346
2,1,0.2,WeightedEnsemble_L3,month_lag1,0.5531193154961025
2,1,0.2,WeightedEnsemble_L3,trend_lag1,1.5920011159051992
2,1,0.2,WeightedEnsemble_L3,month_sin,0.19883967984056355
2,1,0.2,WeightedEnsemble_L3,month_cos,0.33348658104178885
2,1,0.2,WeightedEnsemble_L3,year,0.7677493319536254
2,1,0.2,WeightedEnsemble_L2,item_id,3.2153977265510667
2,1,0.2,WeightedEnsemble_L2,target_lag1,24.203386554909716
2,1,0.2,WeightedEnsemble_L2,target_lag2,5.268786458593057
2,1,0.2,WeightedEnsemble_L2,target_lag3,2.251076143506682
2,1,0.2,WeightedEnsemble_L2,target_lag4,3.2234726882117486
2,1,0.2,WeightedEnsemble_L2,target_lag5,4.481646243828387
2,1,0.2,WeightedEnsemble_L2,target_lag6,11.047435698855903
2,1,0.2,WeightedEnsemble_L2,hour_lag1,5.164518673293604
2,1,0.2,WeightedEnsemble_L2,day_of_week_lag1,0.44016305110118453
2,1,0.2,WeightedEnsemble_L2,month_lag1,0.4781610925263188
2,1,0.2,WeightedEnsemble_L2,trend_lag1,1.4120063778354468
2,1,0.2,WeightedEnsemble_L2,month_sin,0.1622646160422205
2,1,0.2,WeightedEnsemble_L2,month_cos,0.24143134469329372
2,1,0.2,WeightedEnsemble_L2,year,0.5954569189509883
2,1,0.2,LightGBMXT_BAG_L2,item_id,2.6178917828063324
2,1,0.2,LightGBMXT_BAG_L2,target_lag1,22.570787570298105
2,1,0.2,LightGBMXT_BAG_L2,target_lag2,5.620720287858431
2,1,0.2,LightGBMXT_BAG_L2,target_lag3,2.026057478869567
2,1,0.2,LightGBMXT_BAG_L2,target_lag4,3.2527678107051172
2,1,0.2,LightGBMXT_BAG_L2,target_lag5,4.471462827183926
2,1,0.2,LightGBMXT_BAG_L2,target_lag6,12.23680595378539
2,1,0.2,LightGBMXT_BAG_L2,hour_lag1,5.119704359237725
2,1,0.2,LightGBMXT_BAG_L2,day_of_week_lag1,0.4403294853499785
2,1,0.2,LightGBMXT_BAG_L2,month_lag1,0.4807036356395885
2,1,0.2,LightGBMXT_BAG_L2,trend_lag1,1.3015762184988717
2,1,0.2,LightGBMXT_BAG_L2,month_sin,0.14513750110403628
2,1,0.2,LightGBMXT_BAG_L2,month_cos,0.20089649965769274
2,1,0.2,LightGBMXT_BAG_L2,year,0.7279735677424666
2,1,0.2,LightGBM_BAG_L1,item_id,0.8448836535662412
2,1,0.2,LightGBM_BAG_L1,target_lag1,43.21552564534793
2,1,0.2,LightGBM_BAG_L1,target_lag2,1.730732584310075
2,1,0.2,LightGBM_BAG_L1,target_lag3,1.2878476091970996
2,1,0.2,LightGBM_BAG_L1,target_lag4,0.3869004820982613
2,1,0.2,LightGBM_BAG_L1,target_lag5,2.455122746388118
2,1,0.2,LightGBM_BAG_L1,target_lag6,5.183559157105783
2,1,0.2,LightGBM_BAG_L1,hour_lag1,2.9477289269045
2,1,0.2,LightGBM_BAG_L1,day_of_week_lag1,0.07145134811351753
2,1,0.2,LightGBM_BAG_L1,month_lag1,0.10855194191634654
2,1,0.2,LightGBM_BAG_L1,trend_lag1,0.061467307242254444
2,1,0.2,LightGBM_BAG_L1,month_sin,0.002797932306925488
2,1,0.2,LightGBM_BAG_L1,month_cos,0.0011952590942384174
2,1,0.2,LightGBM_BAG_L1,year,0.0001728032430010333
2,1,0.3,LightGBMXT_BAG_L1,item_id,3.0936512677345123
2,1,0.3,LightGBMXT_BAG_L1,target_lag1,24.611691362269536
2,1,0.3,LightGBMXT_BAG_L1,target_lag2,5.217037706888592
2,1,0.3,LightGBMXT_BAG_L1,target_lag3,2.1582187067229928
2,1,0.3,LightGBMXT_BAG_L1,target_lag4,3.2723716172314012
2,1,0.3,LightGBMXT_BAG_L1,target_lag5,4.136128113773496
2,1,0.3,LightGBMXT_BAG_L1,target_lag6,10.994551281012594
2,1,0.3,LightGBMXT_BAG_L1,hour_lag1,5.2520208289342705
2,1,0.3,LightGBMXT_BAG_L1,day_of_week_lag1,0.4770882763316237
2,1,0.3,LightGBMXT_BAG_L1,month_lag1,0.5440593834539568
2,1,0.3,LightGBMXT_BAG_L1,trend_lag1,1.4070098978294998
2,1,0.3,LightGBMXT_BAG_L1,month_sin,0.21065256759555404
2,1,0.3,LightGBMXT_BAG_L1,month_cos,0.27232480541678794
2,1,0.3,LightGBMXT_BAG_L1,year,0.6294155402661616
2,1,0.3,WeightedEnsemble_L3,item_id,3.065877236709231
2,1,0.3,WeightedEnsemble_L3,target_lag1,23.656164932378296
2,1,0.3,WeightedEnsemble_L3,target_lag2,5.352442900471387
2,1,0.3,WeightedEnsemble_L3,target_lag3,2.077222885717638
2,1,0.3,WeightedEnsemble_L3,target_lag4,3.5100709387259554
2,1,0.3,WeightedEnsemble_L3,target_lag5,4.357801999977285
2,1,0.3,WeightedEnsemble_L3,target_lag6,11.179724950645507
2,1,0.3,WeightedEnsemble_L3,hour_lag1,5.354219727538682
2,1,0.3,WeightedEnsemble_L3,day_of_week_lag1,0.4716623339187346
2,1,0.3,WeightedEnsemble_L3,month_lag1,0.5531193154961025
2,1,0.3,WeightedEnsemble_L3,trend_lag1,1.5920011159051992
2,1,0.3,WeightedEnsemble_L3,month_sin,0.19883967984056355
2,1,0.3,WeightedEnsemble_L3,month_cos,0.33348658104178885
2,1,0.3,WeightedEnsemble_L3,year,0.7677493319536254
2,1,0.3,WeightedEnsemble_L2,item_id,3.2153977265510667
2,1,0.3,WeightedEnsemble_L2,target_lag1,24.203386554909716
2,1,0.3,WeightedEnsemble_L2,target_lag2,5.268786458593057
2,1,0.3,WeightedEnsemble_L2,target_lag3,2.251076143506682
2,1,0.3,WeightedEnsemble_L2,target_lag4,3.2234726882117486
2,1,0.3,WeightedEnsemble_L2,target_lag5,4.481646243828387
2,1,0.3,WeightedEnsemble_L2,target_lag6,11.047435698855903
2,1,0.3,WeightedEnsemble_L2,hour_lag1,5.164518673293604
2,1,0.3,WeightedEnsemble_L2,day_of_week_lag1,0.44016305110118453
2,1,0.3,WeightedEnsemble_L2,month_lag1,0.4781610925263188
2,1,0.3,WeightedEnsemble_L2,trend_lag1,1.4120063778354468
2,1,0.3,WeightedEnsemble_L2,month_sin,0.1622646160422205
2,1,0.3,WeightedEnsemble_L2,month_cos,0.24143134469329372
2,1,0.3,WeightedEnsemble_L2,year,0.5954569189509883
2,1,0.3,LightGBMXT_BAG_L2,item_id,2.6178917828063324
2,1,0.3,LightGBMXT_BAG_L2,target_lag1,22.570787570298105
2,1,0.3,LightGBMXT_BAG_L2,target_lag2,5.620720287858431
2,1,0.3,LightGBMXT_BAG_L2,target_lag3,2.026057478869567
2,1,0.3,LightGBMXT_BAG_L2,target_lag4,3.2527678107051172
2,1,0.3,LightGBMXT_BAG_L2,target_lag5,4.471462827183926
2,1,0.3,LightGBMXT_BAG_L2,target_lag6,12.23680595378539
2,1,0.3,LightGBMXT_BAG_L2,hour_lag1,5.119704359237725
2,1,0.3,LightGBMXT_BAG_L2,day_of_week_lag1,0.4403294853499785
2,1,0.3,LightGBMXT_BAG_L2,month_lag1,0.4807036356395885
2,1,0.3,LightGBMXT_BAG_L2,trend_lag1,1.3015762184988717
2,1,0.3,LightGBMXT_BAG_L2,month_sin,0.14513750110403628
2,1,0.3,LightGBMXT_BAG_L2,month_cos,0.20089649965769274
2,1,0.3,LightGBMXT_BAG_L2,year,0.7279735677424666
2,1,0.3,LightGBM_BAG_L1,item_id,0.8448836535662412
2,1,0.3,LightGBM_BAG_L1,target_lag1,43.21552564534793
2,1,0.3,LightGBM_BAG_L1,target_lag2,1.730732584310075
2,1,0.3,LightGBM_BAG_L1,target_lag3,1.2878476091970996
2,1,0.3,LightGBM_BAG_L1,target_lag4,0.3869004820982613
2,1,0.3,LightGBM_BAG_L1,target_lag5,2.455122746388118
2,1,0.3,LightGBM_BAG_L1,target_lag6,5.183559157105783
2,1,0.3,LightGBM_BAG_L1,hour_lag1,2.9477289269045
2,1,0.3,LightGBM_BAG_L1,day_of_week_lag1,0.07145134811351753
2,1,0.3,LightGBM_BAG_L1,month_lag1,0.10855194191634654
2,1,0.3,LightGBM_BAG_L1,trend_lag1,0.061467307242254444
2,1,0.3,LightGBM_BAG_L1,month_sin,0.002797932306925488
2,1,0.3,LightGBM_BAG_L1,month_cos,0.0011952590942384174
2,1,0.3,LightGBM_BAG_L1,year,0.0001728032430010333
0,2,0.02,WeightedEnsemble_L3,item_id,3.8293457611291664
0,2,0.02,WeightedEnsemble_L3,target_lag1,27.659334903579015
0,2,0.02,WeightedEnsemble_L3,target_lag2,4.492878926859004
0,2,0.02,WeightedEnsemble_L3,target_lag3,1.0196607157822315
0,2,0.02,WeightedEnsemble_L3,target_lag4,2.022662350003536
0,2,0.02,WeightedEnsemble_L3,target_lag5,2.629195639463304
0,2,0.02,WeightedEnsemble_L3,target_lag6,5.987636708795224
0,2,0.02,WeightedEnsemble_L3,hour_lag1,4.271301708791832
0,2,0.02,WeightedEnsemble_L3,day_of_week_lag1,0.9589897485429978
0,2,0.02,WeightedEnsemble_L3,month_lag1,0.42294931922759826
0,2,0.02,WeightedEnsemble_L3,trend_lag1,1.103261377615072
0,2,0.02,WeightedEnsemble_L3,month_sin,0.13128956978605155
0,2,0.02,WeightedEnsemble_L3,month_cos,0.12708180644285538
0,2,0.02,WeightedEnsemble_L3,year,0.06741845742372446
0,2,0.02,LightGBMXT_BAG_L2,item_id,4.461207516707964
0,2,0.02,LightGBMXT_BAG_L2,target_lag1,23.88580025801922
0,2,0.02,LightGBMXT_BAG_L2,target_lag2,5.708599021003378
0,2,0.02,LightGBMXT_BAG_L2,target_lag3,1.231463444091147
0,2,0.02,LightGBMXT_BAG_L2,target_lag4,2.7772137444908296
0,2,0.02,LightGBMXT_BAG_L2,target_lag5,3.539286066633513
0,2,0.02,LightGBMXT_BAG_L2,target_lag6,6.8599425958865705
0,2,0.02,LightGBMXT_BAG_L2,hour_lag1,3.8346920605674875
0,2,0.02,LightGBMXT_BAG_L2,day_of_week_lag1,0.8886063620517966
0,2,0.02,LightGBMXT_BAG_L2,month_lag1,0.4886604244427096
0,2,0.02,LightGBMXT_BAG_L2,trend_lag1,1.122750595449668
0,2,0.02,LightGBMXT_BAG_L2,month_sin,0.16611805126400758
0,2,0.02,LightGBMXT_BAG_L2,month_cos,0.21864722931124053
0,2,0.02,LightGBMXT_BAG_L2,year,0.08945762489068619
0,2,0.02,LightGBM_BAG_L1,item_id,3.3717068661359177
0,2,0.02,LightGBM_BAG_L1,target_lag1,31.31759105109619
0,2,0.02,LightGBM_BAG_L1,target_lag2,3.5705870104277664
0,2,0.02,LightGBM_BAG_L1,target_lag3,0.9324852872013191
0,2,0.02,LightGBM_BAG_L1,target_lag4,1.5980061642586565
0,2,0.02,LightGBM_BAG_L1,target_lag5,1.7439207088889481
0,2,0.02,LightGBM_BAG_L1,target_lag6,5.2301836252137255
0,2,0.02,LightGBM_BAG_L1,hour_lag1,4.1705848307991795
0,2,0.02,LightGBM_BAG_L1,day_of_week_lag1,0.7847044780244664
0,2,0.02,LightGBM_BAG_L1,month_lag1,0.35082279640482733
0,2,0.02,LightGBM_BAG_L1,trend_lag1,1.192710546154218
0,2,0.02,LightGBM_BAG_L1,month_sin,0.11712980799340118
0,2,0.02,LightGBM_BAG_L1,month_cos,0.07269941700674867
0,2,0.02,LightGBM_BAG_L1,year,0.04065445672410227
0,2,0.02,WeightedEnsemble_L2,item_id,3.815016007364514
0,2,0.02,WeightedEnsemble_L2,target_lag1,29.74831216717981
0,2,0.02,WeightedEnsemble_L2,target_lag2,3.5107709749190166
0,2,0.02,WeightedEnsemble_L2,target_lag3,0.9956247768856699
0,2,0.02,WeightedEnsemble_L2,target_lag4,1.8872570770956365
0,2,0.02,WeightedEnsemble_L2,target_lag5,2.2602903384433986
0,2,0.02,WeightedEnsemble_L2,target_lag6,5.423795631627222
0,2,0.02,WeightedEnsemble_L2,hour_lag1,4.001305336200341
0,2,0.02,WeightedEnsemble_L2,day_of_week_lag1,0.7569438442012378
0,2,0.02,WeightedEnsemble_L2,month_lag1,0.40133422293589616
0,2,0.02,WeightedEnsemble_L2,trend_lag1,0.8438953168026447
0,2,0.02,WeightedEnsemble_L2,month_sin,0.09123286387082426
0,2,0.02,WeightedEnsemble_L2,month_cos,0.16926453541902167
0,2,0.02,WeightedEnsemble_L2,year,0.0759472117427214
0,2,0.05,WeightedEnsemble_L3,item_id,3.8293457611291664
0,2,0.05,WeightedEnsemble_L3,target_lag1,27.659334903579015
0,2,0.05,WeightedEnsemble_L3,target_lag2,4.492878926859004
0,2,0.05,WeightedEnsemble_L3,target_lag3,1.0196607157822315
0,2,0.05,WeightedEnsemble_L3,target_lag4,2.022662350003536
0,2,0.05,WeightedEnsemble_L3,target_lag5,2.629195639463304
0,2,0.05,WeightedEnsemble_L3,target_lag6,5.987636708795224
0,2,0.05,WeightedEnsemble_L3,hour_lag1,4.271301708791832
0,2,0.05,WeightedEnsemble_L3,day_of_week_lag1,0.9589897485429978
0,2,0.05,WeightedEnsemble_L3,month_lag1,0.42294931922759826
0,2,0.05,WeightedEnsemble_L3,trend_lag1,1.103261377615072
0,2,0.05,WeightedEnsemble_L3,month_sin,0.13128956978605155
0,2,0.05,WeightedEnsemble_L3,month_cos,0.12708180644285538
0,2,0.05,WeightedEnsemble_L3,year,0.06741845742372446
0,2,0.05,LightGBMXT_BAG_L2,item_id,4.461207516707964
0,2,0.05,LightGBMXT_BAG_L2,target_lag1,23.88580025801922
0,2,0.05,LightGBMXT_BAG_L2,target_lag2,5.708599021003378
0,2,0.05,LightGBMXT_BAG_L2,target_lag3,1.231463444091147
0,2,0.05,LightGBMXT_BAG_L2,target_lag4,2.7772137444908296
0,2,0.05,LightGBMXT_BAG_L2,target_lag5,3.539286066633513
0,2,0.05,LightGBMXT_BAG_L2,target_lag6,6.8599425958865705
0,2,0.05,LightGBMXT_BAG_L2,hour_lag1,3.8346920605674875
0,2,0.05,LightGBMXT_BAG_L2,day_of_week_lag1,0.8886063620517966
0,2,0.05,LightGBMXT_BAG_L2,month_lag1,0.4886604244427096
0,2,0.05,LightGBMXT_BAG_L2,trend_lag1,1.122750595449668
0,2,0.05,LightGBMXT_BAG_L2,month_sin,0.16611805126400758
0,2,0.05,LightGBMXT_BAG_L2,month_cos,0.21864722931124053
0,2,0.05,LightGBMXT_BAG_L2,year,0.08945762489068619
0,2,0.05,LightGBM_BAG_L1,item_id,3.3717068661359177
0,2,0.05,LightGBM_BAG_L1,target_lag1,31.31759105109619
0,2,0.05,LightGBM_BAG_L1,target_lag2,3.5705870104277664
0,2,0.05,LightGBM_BAG_L1,target_lag3,0.9324852872013191
0,2,0.05,LightGBM_BAG_L1,target_lag4,1.5980061642586565
0,2,0.05,LightGBM_BAG_L1,target_lag5,1.7439207088889481
0,2,0.05,LightGBM_BAG_L1,target_lag6,5.2301836252137255
0,2,0.05,LightGBM_BAG_L1,hour_lag1,4.1705848307991795
0,2,0.05,LightGBM_BAG_L1,day_of_week_lag1,0.7847044780244664
0,2,0.05,LightGBM_BAG_L1,month_lag1,0.35082279640482733
0,2,0.05,LightGBM_BAG_L1,trend_lag1,1.192710546154218
0,2,0.05,LightGBM_BAG_L1,month_sin,0.11712980799340118
0,2,0.05,LightGBM_BAG_L1,month_cos,0.07269941700674867
0,2,0.05,LightGBM_BAG_L1,year,0.04065445672410227
0,2,0.05,WeightedEnsemble_L2,item_id,3.815016007364514
0,2,0.05,WeightedEnsemble_L2,target_lag1,29.74831216717981
0,2,0.05,WeightedEnsemble_L2,target_lag2,3.5107709749190166
0,2,0.05,WeightedEnsemble_L2,target_lag3,0.9956247768856699
0,2,0.05,WeightedEnsemble_L2,target_lag4,1.8872570770956365
0,2,0.05,WeightedEnsemble_L2,target_lag5,2.2602903384433986
0,2,0.05,WeightedEnsemble_L2,target_lag6,5.423795631627222
0,2,0.05,WeightedEnsemble_L2,hour_lag1,4.001305336200341
0,2,0.05,WeightedEnsemble_L2,day_of_week_lag1,0.7569438442012378
0,2,0.05,WeightedEnsemble_L2,month_lag1,0.40133422293589616
0,2,0.05,WeightedEnsemble_L2,trend_lag1,0.8438953168026447
0,2,0.05,WeightedEnsemble_L2,month_sin,0.09123286387082426
0,2,0.05,WeightedEnsemble_L2,month_cos,0.16926453541902167
0,2,0.05,WeightedEnsemble_L2,year,0.0759472117427214
0,2,0.05,LightGBMXT_BAG_L1,item_id,4.413036921384103
0,2,0.05,LightGBMXT_BAG_L1,target_lag1,26.210707452751002
0,2,0.05,LightGBMXT_BAG_L1,target_lag2,3.858264920846249
0,2,0.05,LightGBMXT_BAG_L1,target_lag3,1.301338029059427
0,2,0.05,LightGBMXT_BAG_L1,target_lag4,2.3955642824077117
0,2,0.05,LightGBMXT_BAG_L1,target_lag5,3.935293057069358
0,2,0.05,LightGBMXT_BAG_L1,target_lag6,6.500465077170752
0,2,0.05,LightGBMXT_BAG_L1,hour_lag1,3.9720429348265553
0,2,0.05,LightGBMXT_BAG_L1,day_of_week_lag1,0.7137786280754759
0,2,0.05,LightGBMXT_BAG_L1,month_lag1,0.5625433761719615
0,2,0.05,LightGBMXT_BAG_L1,trend_lag1,1.0556439378393891
0,2,0.05,LightGBMXT_BAG_L1,month_sin,0.16596941989636937
0,2,0.05,LightGBMXT_BAG_L1,month_cos,0.3854522175691088
0,2,0.05,LightGBMXT_BAG_L1,year,0.2253373032595261
0,2,0.1,WeightedEnsemble_L3,item_id,3.8293457611291664
0,2,0.1,WeightedEnsemble_L3,target_lag1,27.659334903579015
0,2,0.1,WeightedEnsemble_L3,target_lag2,4.492878926859004
0,2,0.1,WeightedEnsemble_L3,target_lag3,1.0196607157822315
0,2,0.1,WeightedEnsemble_L3,target_lag4,2.022662350003536
0,2,0.1,WeightedEnsemble_L3,target_lag5,2.629195639463304
0,2,0.1,WeightedEnsemble_L3,target_lag6,5.987636708795224
0,2,0.1,WeightedEnsemble_L3,hour_lag1,4.271301708791832
0,2,0.1,WeightedEnsemble_L3,day_of_week_lag1,0.9589897485429978
0,2,0.1,WeightedEnsemble_L3,month_lag1,0.42294931922759826
0,2,0.1,WeightedEnsemble_L3,trend_lag1,1.103261377615072
0,2,0.1,WeightedEnsemble_L3,month_sin,0.13128956978605155
0,2,0.1,WeightedEnsemble_L3,month_cos,0.12708180644285538
0,2,0.1,WeightedEnsemble_L3,year,0.06741845742372446
0,2,0.1,LightGBMXT_BAG_L2,item_id,4.461207516707964
0,2,0.1,LightGBMXT_BAG_L2,target_lag1,23.88580025801922
0,2,0.1,LightGBMXT_BAG_L2,target_lag2,5.708599021003378
0,2,0.1,LightGBMXT_BAG_L2,target_lag3,1.231463444091147
0,2,0.1,LightGBMXT_BAG_L2,target_lag4,2.7772137444908296
0,2,0.1,LightGBMXT_BAG_L2,target_lag5,3.539286066633513
0,2,0.1,LightGBMXT_BAG_L2,target_lag6,6.8599425958865705
0,2,0.1,LightGBMXT_BAG_L2,hour_lag1,3.8346920605674875
0,2,0.1,LightGBMXT_BAG_L2,day_of_week_lag1,0.8886063620517966
0,2,0.1,LightGBMXT_BAG_L2,month_lag1,0.4886604244427096
0,2,0.1,LightGBMXT_BAG_L2,trend_lag1,1.122750595449668
0,2,0.1,LightGBMXT_BAG_L2,month_sin,0.16611805126400758
0,2,0.1,LightGBMXT_BAG_L2,month_cos,0.21864722931124053
0,2,0.1,LightGBMXT_BAG_L2,year,0.08945762489068619
0,2,0.1,LightGBM_BAG_L1,item_id,3.3717068661359177
0,2,0.1,LightGBM_BAG_L1,target_lag1,31.31759105109619
0,2,0.1,LightGBM_BAG_L1,target_lag2,3.5705870104277664
0,2,0.1,LightGBM_BAG_L1,target_lag3,0.9324852872013191
0,2,0.1,LightGBM_BAG_L1,target_lag4,1.5980061642586565
0,2,0.1,LightGBM_BAG_L1,target_lag5,1.7439207088889481
0,2,0.1,LightGBM_BAG_L1,target_lag6,5.2301836252137255
0,2,0.1,LightGBM_BAG_L1,hour_lag1,4.1705848307991795
0,2,0.1,LightGBM_BAG_L1,day_of_week_lag1,0.7847044780244664
0,2,0.1,LightGBM_BAG_L1,month_lag1,0.35082279640482733
0,2,0.1,LightGBM_BAG_L1,trend_lag1,1.192710546154218
0,2,0.1,LightGBM_BAG_L1,month_sin,0.11712980799340118
0,2,0.1,LightGBM_BAG_L1,month_cos,0.07269941700674867
0,2,0.1,LightGBM_BAG_L1,year,0.04065445672410227
0,2,0.1,WeightedEnsemble_L2,item_id,3.815016007364514
0,2,0.1,WeightedEnsemble_L2,target_lag1,29.74831216717981
0,2,0.1,WeightedEnsemble_L2,target_lag2,3.5107709749190166
0,2,0.1,WeightedEnsemble_L2,target_lag3,0.9956247768856699
0,2,0.1,WeightedEnsemble_L2,target_lag4,1.8872570770956365
0,2,0.1,WeightedEnsemble_L2,target_lag5,2.2602903384433986
0,2,0.1,WeightedEnsemble_L2,target_lag6,5.423795631627222
0,2,0.1,WeightedEnsemble_L2,hour_lag1,4.001305336200341
0,2,0.1,WeightedEnsemble_L2,day_of_week_lag1,0.7569438442012378
0,2,0.1,WeightedEnsemble_L2,month_lag1,0.40133422293589616
0,2,0.1,WeightedEnsemble_L2,trend_lag1,0.8438953168026447
0,2,0.1,WeightedEnsemble_L2,month_sin,0.09123286387082426
0,2,0.1,WeightedEnsemble_L2,month_cos,0.16926453541902167
0,2,0.1,WeightedEnsemble_L2,year,0.0759472117427214
0,2,0.1,LightGBMXT_BAG_L1,item_id,4.413036921384103
0,2,0.1,LightGBMXT_BAG_L1,target_lag1,26.210707452751002
0,2,0.1,LightGBMXT_BAG_L1,target_lag2,3.858264920846249
0,2,0.1,LightGBMXT_BAG_L1,target_lag3,1.301338029059427
0,2,0.1,LightGBMXT_BAG_L1,target_lag4,2.3955642824077117
0,2,0.1,LightGBMXT_BAG_L1,target_lag5,3.935293057069358
0,2,0.1,LightGBMXT_BAG_L1,target_lag6,6.500465077170752
0,2,0.1,LightGBMXT_BAG_L1,hour_lag1,3.9720429348265553
0,2,0.1,LightGBMXT_BAG_L1,day_of_week_lag1,0.7137786280754759
0,2,0.1,LightGBMXT_BAG_L1,month_lag1,0.5625433761719615
0,2,0.1,LightGBMXT_BAG_L1,trend_lag1,1.0556439378393891
0,2,0.1,LightGBMXT_BAG_L1,month_sin,0.16596941989636937
0,2,0.1,LightGBMXT_BAG_L1,month_cos,0.3854522175691088
0,2,0.1,LightGBMXT_BAG_L1,year,0.2253373032595261
0,2,0.2,WeightedEnsemble_L3,item_id,3.8293457611291664
0,2,0.2,WeightedEnsemble_L3,target_lag1,27.659334903579015
0,2,0.2,WeightedEnsemble_L3,target_lag2,4.492878926859004
0,2,0.2,WeightedEnsemble_L3,target_lag3,1.0196607157822315
0,2,0.2,WeightedEnsemble_L3,target_lag4,2.022662350003536
0,2,0.2,WeightedEnsemble_L3,target_lag5,2.629195639463304
0,2,0.2,WeightedEnsemble_L3,target_lag6,5.987636708795224
0,2,0.2,WeightedEnsemble_L3,hour_lag1,4.271301708791832
0,2,0.2,WeightedEnsemble_L3,day_of_week_lag1,0.9589897485429978
0,2,0.2,WeightedEnsemble_L3,month_lag1,0.42294931922759826
0,2,0.2,WeightedEnsemble_L3,trend_lag1,1.103261377615072
0,2,0.2,WeightedEnsemble_L3,month_sin,0.13128956978605155
0,2,0.2,WeightedEnsemble_L3,month_cos,0.12708180644285538
0,2,0.2,WeightedEnsemble_L3,year,0.06741845742372446
0,2,0.2,LightGBMXT_BAG_L2,item_id,4.461207516707964
0,2,0.2,LightGBMXT_BAG_L2,target_lag1,23.88580025801922
0,2,0.2,LightGBMXT_BAG_L2,target_lag2,5.708599021003378
0,2,0.2,LightGBMXT_BAG_L2,target_lag3,1.231463444091147
0,2,0.2,LightGBMXT_BAG_L2,target_lag4,2.7772137444908296
0,2,0.2,LightGBMXT_BAG_L2,target_lag5,3.539286066633513
0,2,0.2,LightGBMXT_BAG_L2,target_lag6,6.8599425958865705
0,2,0.2,LightGBMXT_BAG_L2,hour_lag1,3.8346920605674875
0,2,0.2,LightGBMXT_BAG_L2,day_of_week_lag1,0.8886063620517966
0,2,0.2,LightGBMXT_BAG_L2,month_lag1,0.4886604244427096
0,2,0.2,LightGBMXT_BAG_L2,trend_lag1,1.122750595449668
0,2,0.2,LightGBMXT_BAG_L2,month_sin,0.16611805126400758
0,2,0.2,LightGBMXT_BAG_L2,month_cos,0.21864722931124053
0,2,0.2,LightGBMXT_BAG_L2,year,0.08945762489068619
0,2,0.2,LightGBM_BAG_L1,item_id,3.3717068661359177
0,2,0.2,LightGBM_BAG_L1,target_lag1,31.31759105109619
0,2,0.2,LightGBM_BAG_L1,target_lag2,3.5705870104277664
0,2,0.2,LightGBM_BAG_L1,target_lag3,0.9324852872013191
0,2,0.2,LightGBM_BAG_L1,target_lag4,1.5980061642586565
0,2,0.2,LightGBM_BAG_L1,target_lag5,1.7439207088889481
0,2,0.2,LightGBM_BAG_L1,target_lag6,5.2301836252137255
0,2,0.2,LightGBM_BAG_L1,hour_lag1,4.1705848307991795
0,2,0.2,LightGBM_BAG_L1,day_of_week_lag1,0.7847044780244664
0,2,0.2,LightGBM_BAG_L1,month_lag1,0.35082279640482733
0,2,0.2,LightGBM_BAG_L1,trend_lag1,1.192710546154218
0,2,0.2,LightGBM_BAG_L1,month_sin,0.11712980799340118
0,2,0.2,LightGBM_BAG_L1,month_cos,0.07269941700674867
0,2,0.2,LightGBM_BAG_L1,year,0.04065445672410227
0,2,0.2,WeightedEnsemble_L2,item_id,3.815016007364514
0,2,0.2,WeightedEnsemble_L2,target_lag1,29.74831216717981
0,2,0.2,WeightedEnsemble_L2,target_lag2,3.5107709749190166
0,2,0.2,WeightedEnsemble_L2,target_lag3,0.9956247768856699
0,2,0.2,WeightedEnsemble_L2,target_lag4,1.8872570770956365
0,2,0.2,WeightedEnsemble_L2,target_lag5,2.2602903384433986
0,2,0.2,WeightedEnsemble_L2,target_lag6,5.423795631627222
0,2,0.2,WeightedEnsemble_L2,hour_lag1,4.001305336200341
0,2,0.2,WeightedEnsemble_L2,day_of_week_lag1,0.7569438442012378
0,2,0.2,WeightedEnsemble_L2,month_lag1,0.40133422293589616
0,2,0.2,WeightedEnsemble_L2,trend_lag1,0.8438953168026447
0,2,0.2,WeightedEnsemble_L2,month_sin,0.09123286387082426
0,2,0.2,WeightedEnsemble_L2,month_cos,0.16926453541902167
0,2,0.2,WeightedEnsemble_L2,year,0.0759472117427214
0,2,0.2,LightGBMXT_BAG_L1,item_id,4.413036921384103
0,2,0.2,LightGBMXT_BAG_L1,target_lag1,26.210707452751002
0,2,0.2,LightGBMXT_BAG_L1,target_lag2,3.858264920846249
0,2,0.2,LightGBMXT_BAG_L1,target_lag3,1.301338029059427
0,2,0.2,LightGBMXT_BAG_L1,target_lag4,2.3955642824077117
0,2,0.2,LightGBMXT_BAG_L1,target_lag5,3.935293057069358
0,2,0.2,LightGBMXT_BAG_L1,target_lag6,6.500465077170752
0,2,0.2,LightGBMXT_BAG_L1,hour_lag1,3.9720429348265553
0,2,0.2,LightGBMXT_BAG_L1,day_of_week_lag1,0.7137786280754759
0,2,0.2,LightGBMXT_BAG_L1,month_lag1,0.5625433761719615
0,2,0.2,LightGBMXT_BAG_L1,trend_lag1,1.0556439378393891
0,2,0.2,LightGBMXT_BAG_L1,month_sin,0.16596941989636937
0,2,0.2,LightGBMXT_BAG_L1,month_cos,0.3854522175691088
0,2,0.2,LightGBMXT_BAG_L1,year,0.2253373032595261
0,2,0.3,WeightedEnsemble_L3,item_id,3.8293457611291664
0,2,0.3,WeightedEnsemble_L3,target_lag1,27.659334903579015
0,2,0.3,WeightedEnsemble_L3,target_lag2,4.492878926859004
0,2,0.3,WeightedEnsemble_L3,target_lag3,1.0196607157822315
0,2,0.3,WeightedEnsemble_L3,target_lag4,2.022662350003536
0,2,0.3,WeightedEnsemble_L3,target_lag5,2.629195639463304
0,2,0.3,WeightedEnsemble_L3,target_lag6,5.987636708795224
0,2,0.3,WeightedEnsemble_L3,hour_lag1,4.271301708791832
0,2,0.3,WeightedEnsemble_L3,day_of_week_lag1,0.9589897485429978
0,2,0.3,WeightedEnsemble_L3,month_lag1,0.42294931922759826
0,2,0.3,WeightedEnsemble_L3,trend_lag1,1.103261377615072
0,2,0.3,WeightedEnsemble_L3,month_sin,0.13128956978605155
0,2,0.3,WeightedEnsemble_L3,month_cos,0.12708180644285538
0,2,0.3,WeightedEnsemble_L3,year,0.06741845742372446
0,2,0.3,LightGBMXT_BAG_L2,item_id,4.461207516707964
0,2,0.3,LightGBMXT_BAG_L2,target_lag1,23.88580025801922
0,2,0.3,LightGBMXT_BAG_L2,target_lag2,5.708599021003378
0,2,0.3,LightGBMXT_BAG_L2,target_lag3,1.231463444091147
0,2,0.3,LightGBMXT_BAG_L2,target_lag4,2.7772137444908296
0,2,0.3,LightGBMXT_BAG_L2,target_lag5,3.539286066633513
0,2,0.3,LightGBMXT_BAG_L2,target_lag6,6.8599425958865705
0,2,0.3,LightGBMXT_BAG_L2,hour_lag1,3.8346920605674875
0,2,0.3,LightGBMXT_BAG_L2,day_of_week_lag1,0.8886063620517966
0,2,0.3,LightGBMXT_BAG_L2,month_lag1,0.4886604244427096
0,2,0.3,LightGBMXT_BAG_L2,trend_lag1,1.122750595449668
0,2,0.3,LightGBMXT_BAG_L2,month_sin,0.16611805126400758
0,2,0.3,LightGBMXT_BAG_L2,month_cos,0.21864722931124053
0,2,0.3,LightGBMXT_BAG_L2,year,0.08945762489068619
0,2,0.3,LightGBM_BAG_L1,item_id,3.3717068661359177
0,2,0.3,LightGBM_BAG_L1,target_lag1,31.31759105109619
0,2,0.3,LightGBM_BAG_L1,target_lag2,3.5705870104277664
0,2,0.3,LightGBM_BAG_L1,target_lag3,0.9324852872013191
0,2,0.3,LightGBM_BAG_L1,target_lag4,1.5980061642586565
0,2,0.3,LightGBM_BAG_L1,target_lag5,1.7439207088889481
0,2,0.3,LightGBM_BAG_L1,target_lag6,5.2301836252137255
0,2,0.3,LightGBM_BAG_L1,hour_lag1,4.1705848307991795
0,2,0.3,LightGBM_BAG_L1,day_of_week_lag1,0.7847044780244664
0,2,0.3,LightGBM_BAG_L1,month_lag1,0.35082279640482733
0,2,0.3,LightGBM_BAG_L1,trend_lag1,1.192710546154218
0,2,0.3,LightGBM_BAG_L1,month_sin,0.11712980799340118
0,2,0.3,LightGBM_BAG_L1,month_cos,0.07269941700674867
0,2,0.3,LightGBM_BAG_L1,year,0.04065445672410227
0,2,0.3,WeightedEnsemble_L2,item_id,3.815016007364514
0,2,0.3,WeightedEnsemble_L2,target_lag1,29.74831216717981
0,2,0.3,WeightedEnsemble_L2,target_lag2,3.5107709749190166
0,2,0.3,WeightedEnsemble_L2,target_lag3,0.9956247768856699
0,2,0.3,WeightedEnsemble_L2,target_lag4,1.8872570770956365
0,2,0.3,WeightedEnsemble_L2,target_lag5,2.2602903384433986
0,2,0.3,WeightedEnsemble_L2,target_lag6,5.423795631627222
0,2,0.3,WeightedEnsemble_L2,hour_lag1,4.001305336200341
0,2,0.3,WeightedEnsemble_L2,day_of_week_lag1,0.7569438442012378
0,2,0.3,WeightedEnsemble_L2,month_lag1,0.40133422293589616
0,2,0.3,WeightedEnsemble_L2,trend_lag1,0.8438953168026447
0,2,0.3,WeightedEnsemble_L2,month_sin,0.09123286387082426
0,2,0.3,WeightedEnsemble_L2,month_cos,0.16926453541902167
0,2,0.3,WeightedEnsemble_L2,year,0.0759472117427214
0,2,0.3,LightGBMXT_BAG_L1,item_id,4.413036921384103
0,2,0.3,LightGBMXT_BAG_L1,target_lag1,26.210707452751002
0,2,0.3,LightGBMXT_BAG_L1,target_lag2,3.858264920846249
0,2,0.3,LightGBMXT_BAG_L1,target_lag3,1.301338029059427
0,2,0.3,LightGBMXT_BAG_L1,target_lag4,2.3955642824077117
0,2,0.3,LightGBMXT_BAG_L1,target_lag5,3.935293057069358
0,2,0.3,LightGBMXT_BAG_L1,target_lag6,6.500465077170752
0,2,0.3,LightGBMXT_BAG_L1,hour_lag1,3.9720429348265553
0,2,0.3,LightGBMXT_BAG_L1,day_of_week_lag1,0.7137786280754759
0,2,0.3,LightGBMXT_BAG_L1,month_lag1,0.5625433761719615
0,2,0.3,LightGBMXT_BAG_L1,trend_lag1,1.0556439378393891
0,2,0.3,LightGBMXT_BAG_L1,month_sin,0.16596941989636937
0,2,0.3,LightGBMXT_BAG_L1,month_cos,0.3854522175691088
0,2,0.3,LightGBMXT_BAG_L1,year,0.2253373032595261
1,2,0.02,LightGBMXT_BAG_L1,item_id,3.502750779464919
1,2,0.02,LightGBMXT_BAG_L1,target_lag1,27.960227872602566
1,2,0.02,LightGBMXT_BAG_L1,target_lag2,5.913754507331954
1,2,0.02,LightGBMXT_BAG_L1,target_lag3,2.24525776243823
1,2,0.02,LightGBMXT_BAG_L1,target_lag4,3.184428696314609
1,2,0.02,LightGBMXT_BAG_L1,target_lag5,4.213314306272389
1,2,0.02,LightGBMXT_BAG_L1,target_lag6,11.248070028426358
1,2,0.02,LightGBMXT_BAG_L1,hour_lag1,3.7413073138568436
1,2,0.02,LightGBMXT_BAG_L1,day_of_week_lag1,0.6863203621722249
1,2,0.02,LightGBMXT_BAG_L1,month_lag1,0.760508072362223
1,2,0.02,LightGBMXT_BAG_L1,trend_lag1,2.3092901341141943
1,2,0.02,LightGBMXT_BAG_L1,month_sin,0.1674593381160719
1,2,0.02,LightGBMXT_BAG_L1,month_cos,0.2786586440631266
1,2,0.02,LightGBMXT_BAG_L1,year,0.9874350512982739
1,2,0.02,WeightedEnsemble_L3,item_id,3.189215371818558
1,2,0.02,WeightedEnsemble_L3,target_lag1,30.35221494678102
1,2,0.02,WeightedEnsemble_L3,target_lag2,5.324300480572022
1,2,0.02,WeightedEnsemble_L3,target_lag3,2.040035782985681
1,2,0.02,WeightedEnsemble_L3,target_lag4,2.392277482971104
1,2,0.02,WeightedEnsemble_L3,target_lag5,3.5118176792735127
1,2,0.02,WeightedEnsemble_L3,target_lag6,11.717450186858906
1,2,0.02,WeightedEnsemble_L3,hour_lag1,3.682926335754125
1,2,0.02,WeightedEnsemble_L3,day_of_week_lag1,0.6299639618644817
1,2,0.02,WeightedEnsemble_L3,month_lag1,0.6775495147506012
1,2,0.02,WeightedEnsemble_L3,trend_lag1,2.209302295363004
1,2,0.02,WeightedEnsemble_L3,month_sin,0.10115919186601596
1,2,0.02,WeightedEnsemble_L3,month_cos,0.15722098261031317
1,2,0.02,WeightedEnsemble_L3,year,0.6886373103123569
1,2,0.02,WeightedEnsemble_L2,item_id,3.032100533506335
1,2,0.02,WeightedEnsemble_L2,target_lag1,32.081273715133996
1,2,0.02,WeightedEnsemble_L2,target_lag2,4.761373921101862
1,2,0.02,WeightedEnsemble_L2,target_lag3,2.0797136388681197
1,2,0.02,WeightedEnsemble_L2,target_lag4,2.436496082903287
1,2,0.02,WeightedEnsemble_L2,target_lag5,3.36917361161622
1,2,0.02,WeightedEnsemble_L2,target_lag6,11.36876429956384
1,2,0.02,WeightedEnsemble_L2,hour_lag1,3.5936339943578934
1,2,0.02,WeightedEnsemble_L2,day_of_week_lag1,0.5741492800388566
1,2,0.02,WeightedEnsemble_L2,month_lag1,0.6631717597431953
1,2,0.02,WeightedEnsemble_L2,trend_lag1,1.97855343526967
1,2,0.02,WeightedEnsemble_L2,month_sin,0.11235782734815498
1,2,0.02,WeightedEnsemble_L2,month_cos,0.1792520501413794
1,2,0.02,WeightedEnsemble_L2,year,0.689853114222167
1,2,0.02,LightGBMXT_BAG_L2,item_id,3.4283507416742127
1,2,0.02,LightGBMXT_BAG_L2,target_lag1,27.137070553999997
1,2,0.02,LightGBMXT_BAG_L2,target_lag2,6.615243362175048
1,2,0.02,LightGBMXT_BAG_L2,target_lag3,2.1982918920009396
1,2,0.02,LightGBMXT_BAG_L2,target_lag4,2.794401047501403
1,2,0.02,LightGBMXT_BAG_L2,target_lag5,3.8911764235020767
1,2,0.02,LightGBMXT_BAG_L2,target_lag6,12.559859147129076
1,2,0.02,LightGBMXT_BAG_L2,hour_lag1,3.8420843348724505
1,2,0.02,LightGBMXT_BAG_L2,day_of_week_lag1,0.8227354681393289
1,2,0.02,LightGBMXT_BAG_L2,month_lag1,0.7323476104056946
1,2,0.02,LightGBMXT_BAG_L2,trend_lag1,2.4537744225752545
1,2,0.02,LightGBMXT_BAG_L2,month_sin,0.12776880598986917
1,2,0.02,LightGBMXT_BAG_L2,month_cos,0.18179781311550583
1,2,0.02,LightGBMXT_BAG_L2,year,0.7611483653706572
1,2,0.05,LightGBMXT_BAG_L1,item_id,3.502750779464919
1,2,0.05,LightGBMXT_BAG_L1,target_lag1,27.960227872602566
1,2,0.05,LightGBMXT_BAG_L1,target_lag2,5.913754507331954
1,2,0.05,LightGBMXT_BAG_L1,target_lag3,2.24525776243823
1,2,0.05,LightGBMXT_BAG_L1,target_lag4,3.184428696314609
1,2,0.05,LightGBMXT_BAG_L1,target_lag5,4.213314306272389
1,2,0.05,LightGBMXT_BAG_L1,target_lag6,11.248070028426358
1,2,0.05,LightGBMXT_BAG_L1,hour_lag1,3.7413073138568436
1,2,0.05,LightGBMXT_BAG_L1,day_of_week_lag1,0.6863203621722249
1,2,0.05,LightGBMXT_BAG_L1,month_lag1,0.760508072362223
1,2,0.05,LightGBMXT_BAG_L1,trend_lag1,2.3092901341141943
1,2,0.05,LightGBMXT_BAG_L1,month_sin,0.1674593381160719
1,2,0.05,LightGBMXT_BAG_L1,month_cos,0.2786586440631266
1,2,0.05,LightGBMXT_BAG_L1,year,0.9874350512982739
1,2,0.05,WeightedEnsemble_L3,item_id,3.189215371818558
1,2,0.05,WeightedEnsemble_L3,target_lag1,30.35221494678102
1,2,0.05,WeightedEnsemble_L3,target_lag2,5.324300480572022
1,2,0.05,WeightedEnsemble_L3,target_lag3,2.040035782985681
1,2,0.05,WeightedEnsemble_L3,target_lag4,2.392277482971104
1,2,0.05,WeightedEnsemble_L3,target_lag5,3.5118176792735127
1,2,0.05,WeightedEnsemble_L3,target_lag6,11.717450186858906
1,2,0.05,WeightedEnsemble_L3,hour_lag1,3.682926335754125
1,2,0.05,WeightedEnsemble_L3,day_of_week_lag1,0.6299639618644817
1,2,0.05,WeightedEnsemble_L3,month_lag1,0.6775495147506012
1,2,0.05,WeightedEnsemble_L3,trend_lag1,2.209302295363004
1,2,0.05,WeightedEnsemble_L3,month_sin,0.10115919186601596
1,2,0.05,WeightedEnsemble_L3,month_cos,0.15722098261031317
1,2,0.05,WeightedEnsemble_L3,year,0.6886373103123569
1,2,0.05,WeightedEnsemble_L2,item_id,3.032100533506335
1,2,0.05,WeightedEnsemble_L2,target_lag1,32.081273715133996
1,2,0.05,WeightedEnsemble_L2,target_lag2,4.761373921101862
1,2,0.05,WeightedEnsemble_L2,target_lag3,2.0797136388681197
1,2,0.05,WeightedEnsemble_L2,target_lag4,2.436496082903287
1,2,0.05,WeightedEnsemble_L2,target_lag5,3.36917361161622
1,2,0.05,WeightedEnsemble_L2,target_lag6,11.36876429956384
1,2,0.05,WeightedEnsemble_L2,hour_lag1,3.5936339943578934
1,2,0.05,WeightedEnsemble_L2,day_of_week_lag1,0.5741492800388566
1,2,0.05,WeightedEnsemble_L2,month_lag1,0.6631717597431953
1,2,0.05,WeightedEnsemble_L2,trend_lag1,1.97855343526967
1,2,0.05,WeightedEnsemble_L2,month_sin,0.11235782734815498
1,2,0.05,WeightedEnsemble_L2,month_cos,0.1792520501413794
1,2,0.05,WeightedEnsemble_L2,year,0.689853114222167
1,2,0.05,LightGBMXT_BAG_L2,item_id,3.4283507416742127
1,2,0.05,LightGBMXT_BAG_L2,target_lag1,27.137070553999997
1,2,0.05,LightGBMXT_BAG_L2,target_lag2,6.615243362175048
1,2,0.05,LightGBMXT_BAG_L2,target_lag3,2.1982918920009396
1,2,0.05,LightGBMXT_BAG_L2,target_lag4,2.794401047501403
1,2,0.05,LightGBMXT_BAG_L2,target_lag5,3.8911764235020767
1,2,0.05,LightGBMXT_BAG_L2,target_lag6,12.559859147129076
1,2,0.05,LightGBMXT_BAG_L2,hour_lag1,3.8420843348724505
1,2,0.05,LightGBMXT_BAG_L2,day_of_week_lag1,0.8227354681393289
1,2,0.05,LightGBMXT_BAG_L2,month_lag1,0.7323476104056946
1,2,0.05,LightGBMXT_BAG_L2,trend_lag1,2.4537744225752545
1,2,0.05,LightGBMXT_BAG_L2,month_sin,0.12776880598986917
1,2,0.05,LightGBMXT_BAG_L2,month_cos,0.18179781311550583
1,2,0.05,LightGBMXT_BAG_L2,year,0.7611483653706572
1,2,0.1,LightGBMXT_BAG_L1,item_id,3.502750779464919
1,2,0.1,LightGBMXT_BAG_L1,target_lag1,27.960227872602566
1,2,0.1,LightGBMXT_BAG_L1,target_lag2,5.913754507331954
1,2,0.1,LightGBMXT_BAG_L1,target_lag3,2.24525776243823
1,2,0.1,LightGBMXT_BAG_L1,target_lag4,3.184428696314609
1,2,0.1,LightGBMXT_BAG_L1,target_lag5,4.213314306272389
1,2,0.1,LightGBMXT_BAG_L1,target_lag6,11.248070028426358
1,2,0.1,LightGBMXT_BAG_L1,hour_lag1,3.7413073138568436
1,2,0.1,LightGBMXT_BAG_L1,day_of_week_lag1,0.6863203621722249
1,2,0.1,LightGBMXT_BAG_L1,month_lag1,0.760508072362223
1,2,0.1,LightGBMXT_BAG_L1,trend_lag1,2.3092901341141943
1,2,0.1,LightGBMXT_BAG_L1,month_sin,0.1674593381160719
1,2,0.1,LightGBMXT_BAG_L1,month_cos,0.2786586440631266
1,2,0.1,LightGBMXT_BAG_L1,year,0.9874350512982739
1,2,0.1,WeightedEnsemble_L3,item_id,3.189215371818558
1,2,0.1,WeightedEnsemble_L3,target_lag1,30.35221494678102
1,2,0.1,WeightedEnsemble_L3,target_lag2,5.324300480572022
1,2,0.1,WeightedEnsemble_L3,target_lag3,2.040035782985681
1,2,0.1,WeightedEnsemble_L3,target_lag4,2.392277482971104
1,2,0.1,WeightedEnsemble_L3,target_lag5,3.5118176792735127
1,2,0.1,WeightedEnsemble_L3,target_lag6,11.717450186858906
1,2,0.1,WeightedEnsemble_L3,hour_lag1,3.682926335754125
1,2,0.1,WeightedEnsemble_L3,day_of_week_lag1,0.6299639618644817
1,2,0.1,WeightedEnsemble_L3,month_lag1,0.6775495147506012
1,2,0.1,WeightedEnsemble_L3,trend_lag1,2.209302295363004
1,2,0.1,WeightedEnsemble_L3,month_sin,0.10115919186601596
1,2,0.1,WeightedEnsemble_L3,month_cos,0.15722098261031317
1,2,0.1,WeightedEnsemble_L3,year,0.6886373103123569
1,2,0.1,WeightedEnsemble_L2,item_id,3.032100533506335
1,2,0.1,WeightedEnsemble_L2,target_lag1,32.081273715133996
1,2,0.1,WeightedEnsemble_L2,target_lag2,4.761373921101862
1,2,0.1,WeightedEnsemble_L2,target_lag3,2.0797136388681197
1,2,0.1,WeightedEnsemble_L2,target_lag4,2.436496082903287
1,2,0.1,WeightedEnsemble_L2,target_lag5,3.36917361161622
1,2,0.1,WeightedEnsemble_L2,target_lag6,11.36876429956384
1,2,0.1,WeightedEnsemble_L2,hour_lag1,3.5936339943578934
1,2,0.1,WeightedEnsemble_L2,day_of_week_lag1,0.5741492800388566
1,2,0.1,WeightedEnsemble_L2,month_lag1,0.6631717597431953
1,2,0.1,WeightedEnsemble_L2,trend_lag1,1.97855343526967
1,2,0.1,WeightedEnsemble_L2,month_sin,0.11235782734815498
1,2,0.1,WeightedEnsemble_L2,month_cos,0.1792520501413794
1,2,0.1,WeightedEnsemble_L2,year,0.689853114222167
1,2,0.1,LightGBMXT_BAG_L2,item_id,3.4283507416742127
1,2,0.1,LightGBMXT_BAG_L2,target_lag1,27.137070553999997
1,2,0.1,LightGBMXT_BAG_L2,target_lag2,6.615243362175048
1,2,0.1,LightGBMXT_BAG_L2,target_lag3,2.1982918920009396
1,2,0.1,LightGBMXT_BAG_L2,target_lag4,2.794401047501403
1,2,0.1,LightGBMXT_BAG_L2,target_lag5,3.8911764235020767
1,2,0.1,LightGBMXT_BAG_L2,target_lag6,12.559859147129076
1,2,0.1,LightGBMXT_BAG_L2,hour_lag1,3.8420843348724505
1,2,0.1,LightGBMXT_BAG_L2,day_of_week_lag1,0.8227354681393289
1,2,0.1,LightGBMXT_BAG_L2,month_lag1,0.7323476104056946
1,2,0.1,LightGBMXT_BAG_L2,trend_lag1,2.4537744225752545
1,2,0.1,LightGBMXT_BAG_L2,month_sin,0.12776880598986917
1,2,0.1,LightGBMXT_BAG_L2,month_cos,0.18179781311550583
1,2,0.1,LightGBMXT_BAG_L2,year,0.7611483653706572
1,2,0.1,LightGBM_BAG_L1,item_id,1.7310533515705029
1,2,0.1,LightGBM_BAG_L1,target_lag1,40.58302372894049
1,2,0.1,LightGBM_BAG_L1,target_lag2,2.184125452446441
1,2,0.1,LightGBM_BAG_L1,target_lag3,1.6077486332729172
1,2,0.1,LightGBM_BAG_L1,target_lag4,0.34047409848977406
1,2,0.1,LightGBM_BAG_L1,target_lag5,0.9683717963849965
1,2,0.1,LightGBM_BAG_L1,target_lag6,12.060292471892279
1,2,0.1,LightGBM_BAG_L1,hour_lag1,3.001940682943755
1,2,0.1,LightGBM_BAG_L1,day_of_week_lag1,0.37533801110833914
1,2,0.1,LightGBM_BAG_L1,month_lag1,0.4109950059514957
1,2,0.1,LightGBM_BAG_L1,trend_lag1,1.5715814431233934
1,2,0.1,LightGBM_BAG_L1,month_sin,0.04258672683511351
1,2,0.1,LightGBM_BAG_L1,month_cos,0.03577988890566253
1,2,0.1,LightGBM_BAG_L1,year,0.013279798130194528
1,2,0.2,LightGBMXT_BAG_L1,item_id,3.502750779464919
1,2,0.2,LightGBMXT_BAG_L1,target_lag1,27.960227872602566
1,2,0.2,LightGBMXT_BAG_L1,target_lag2,5.913754507331954
1,2,0.2,LightGBMXT_BAG_L1,target_lag3,2.24525776243823
1,2,0.2,LightGBMXT_BAG_L1,target_lag4,3.184428696314609
1,2,0.2,LightGBMXT_BAG_L1,target_lag5,4.213314306272389
1,2,0.2,LightGBMXT_BAG_L1,target_lag6,11.248070028426358
1,2,0.2,LightGBMXT_BAG_L1,hour_lag1,3.7413073138568436
1,2,0.2,LightGBMXT_BAG_L1,day_of_week_lag1,0.6863203621722249
1,2,0.2,LightGBMXT_BAG_L1,month_lag1,0.760508072362223
1,2,0.2,LightGBMXT_BAG_L1,trend_lag1,2.3092901341141943
1,2,0.2,LightGBMXT_BAG_L1,month_sin,0.1674593381160719
1,2,0.2,LightGBMXT_BAG_L1,month_cos,0.2786586440631266
1,2,0.2,LightGBMXT_BAG_L1,year,0.9874350512982739
1,2,0.2,WeightedEnsemble_L3,item_id,3.189215371818558
1,2,0.2,WeightedEnsemble_L3,target_lag1,30.35221494678102
1,2,0.2,WeightedEnsemble_L3,target_lag2,5.324300480572022
1,2,0.2,WeightedEnsemble_L3,target_lag3,2.040035782985681
1,2,0.2,WeightedEnsemble_L3,target_lag4,2.392277482971104
1,2,0.2,WeightedEnsemble_L3,target_lag5,3.5118176792735127
1,2,0.2,WeightedEnsemble_L3,target_lag6,11.717450186858906
1,2,0.2,WeightedEnsemble_L3,hour_lag1,3.682926335754125
1,2,0.2,WeightedEnsemble_L3,day_of_week_lag1,0.6299639618644817
1,2,0.2,WeightedEnsemble_L3,month_lag1,0.6775495147506012
1,2,0.2,WeightedEnsemble_L3,trend_lag1,2.209302295363004
1,2,0.2,WeightedEnsemble_L3,month_sin,0.10115919186601596
1,2,0.2,WeightedEnsemble_L3,month_cos,0.15722098261031317
1,2,0.2,WeightedEnsemble_L3,year,0.6886373103123569
1,2,0.2,WeightedEnsemble_L2,item_id,3.032100533506335
1,2,0.2,WeightedEnsemble_L2,target_lag1,32.081273715133996
1,2,0.2,WeightedEnsemble_L2,target_lag2,4.761373921101862
1,2,0.2,WeightedEnsemble_L2,target_lag3,2.0797136388681197
1,2,0.2,WeightedEnsemble_L2,target_lag4,2.436496082903287
1,2,0.2,WeightedEnsemble_L2,target_lag5,3.36917361161622
1,2,0.2,WeightedEnsemble_L2,target_lag6,11.36876429956384
1,2,0.2,WeightedEnsemble_L2,hour_lag1,3.5936339943578934
1,2,0.2,WeightedEnsemble_L2,day_of_week_lag1,0.5741492800388566
1,2,0.2,WeightedEnsemble_L2,month_lag1,0.6631717597431953
1,2,0.2,WeightedEnsemble_L2,trend_lag1,1.97855343526967
1,2,0.2,WeightedEnsemble_L2,month_sin,0.11235782734815498
1,2,0.2,WeightedEnsemble_L2,month_cos,0.1792520501413794
1,2,0.2,WeightedEnsemble_L2,year,0.689853114222167
1,2,0.2,LightGBMXT_BAG_L2,item_id,3.4283507416742127
1,2,0.2,LightGBMXT_BAG_L2,target_lag1,27.137070553999997
1,2,0.2,LightGBMXT_BAG_L2,target_lag2,6.615243362175048
1,2,0.2,LightGBMXT_BAG_L2,target_lag3,2.1982918920009396
1,2,0.2,LightGBMXT_BAG_L2,target_lag4,2.794401047501403
1,2,0.2,LightGBMXT_BAG_L2,target_lag5,3.8911764235020767
1,2,0.2,LightGBMXT_BAG_L2,target_lag6,12.559859147129076
1,2,0.2,LightGBMXT_BAG_L2,hour_lag1,3.8420843348724505
1,2,0.2,LightGBMXT_BAG_L2,day_of_week_lag1,0.8227354681393289
1,2,0.2,LightGBMXT_BAG_L2,month_lag1,0.7323476104056946
1,2,0.2,LightGBMXT_BAG_L2,trend_lag1,2.4537744225752545
1,2,0.2,LightGBMXT_BAG_L2,month_sin,0.12776880598986917
1,2,0.2,LightGBMXT_BAG_L2,month_cos,0.18179781311550583
1,2,0.2,LightGBMXT_BAG_L2,year,0.7611483653706572
1,2,0.2,LightGBM_BAG_L1,item_id,1.7310533515705029
1,2,0.2,LightGBM_BAG_L1,target_lag1,40.58302372894049
1,2,0.2,LightGBM_BAG_L1,target_lag2,2.184125452446441
1,2,0.2,LightGBM_BAG_L1,target_lag3,1.6077486332729172
1,2,0.2,LightGBM_BAG_L1,target_lag4,0.34047409848977406
1,2,0.2,LightGBM_BAG_L1,target_lag5,0.9683717963849965
1,2,0.2,LightGBM_BAG_L1,target_lag6,12.060292471892279
1,2,0.2,LightGBM_BAG_L1,hour_lag1,3.001940682943755
1,2,0.2,LightGBM_BAG_L1,day_of_week_lag1,0.37533801110833914
1,2,0.2,LightGBM_BAG_L1,month_lag1,0.4109950059514957
1,2,0.2,LightGBM_BAG_L1,trend_lag1,1.5715814431233934
1,2,0.2,LightGBM_BAG_L1,month_sin,0.04258672683511351
1,2,0.2,LightGBM_BAG_L1,month_cos,0.03577988890566253
1,2,0.2,LightGBM_BAG_L1,year,0.013279798130194528
1,2,0.3,LightGBMXT_BAG_L1,item_id,3.502750779464919
1,2,0.3,LightGBMXT_BAG_L1,target_lag1,27.960227872602566
1,2,0.3,LightGBMXT_BAG_L1,target_lag2,5.913754507331954
1,2,0.3,LightGBMXT_BAG_L1,target_lag3,2.24525776243823
1,2,0.3,LightGBMXT_BAG_L1,target_lag4,3.184428696314609
1,2,0.3,LightGBMXT_BAG_L1,target_lag5,4.213314306272389
1,2,0.3,LightGBMXT_BAG_L1,target_lag6,11.248070028426358
1,2,0.3,LightGBMXT_BAG_L1,hour_lag1,3.7413073138568436
1,2,0.3,LightGBMXT_BAG_L1,day_of_week_lag1,0.6863203621722249
1,2,0.3,LightGBMXT_BAG_L1,month_lag1,0.760508072362223
1,2,0.3,LightGBMXT_BAG_L1,trend_lag1,2.3092901341141943
1,2,0.3,LightGBMXT_BAG_L1,month_sin,0.1674593381160719
1,2,0.3,LightGBMXT_BAG_L1,month_cos,0.2786586440631266
1,2,0.3,LightGBMXT_BAG_L1,year,0.9874350512982739
1,2,0.3,WeightedEnsemble_L3,item_id,3.189215371818558
1,2,0.3,WeightedEnsemble_L3,target_lag1,30.35221494678102
1,2,0.3,WeightedEnsemble_L3,target_lag2,5.324300480572022
1,2,0.3,WeightedEnsemble_L3,target_lag3,2.040035782985681
1,2,0.3,WeightedEnsemble_L3,target_lag4,2.392277482971104
1,2,0.3,WeightedEnsemble_L3,target_lag5,3.5118176792735127
1,2,0.3,WeightedEnsemble_L3,target_lag6,11.717450186858906
1,2,0.3,WeightedEnsemble_L3,hour_lag1,3.682926335754125
1,2,0.3,WeightedEnsemble_L3,day_of_week_lag1,0.6299639618644817
1,2,0.3,WeightedEnsemble_L3,month_lag1,0.6775495147506012
1,2,0.3,WeightedEnsemble_L3,trend_lag1,2.209302295363004
1,2,0.3,WeightedEnsemble_L3,month_sin,0.10115919186601596
1,2,0.3,WeightedEnsemble_L3,month_cos,0.15722098261031317
1,2,0.3,WeightedEnsemble_L3,year,0.6886373103123569
1,2,0.3,WeightedEnsemble_L2,item_id,3.032100533506335
1,2,0.3,WeightedEnsemble_L2,target_lag1,32.081273715133996
1,2,0.3,WeightedEnsemble_L2,target_lag2,4.761373921101862
1,2,0.3,WeightedEnsemble_L2,target_lag3,2.0797136388681197
1,2,0.3,WeightedEnsemble_L2,target_lag4,2.436496082903287
1,2,0.3,WeightedEnsemble_L2,target_lag5,3.36917361161622
1,2,0.3,WeightedEnsemble_L2,target_lag6,11.36876429956384
1,2,0.3,WeightedEnsemble_L2,hour_lag1,3.5936339943578934
1,2,0.3,WeightedEnsemble_L2,day_of_week_lag1,0.5741492800388566
1,2,0.3,WeightedEnsemble_L2,month_lag1,0.6631717597431953
1,2,0.3,WeightedEnsemble_L2,trend_lag1,1.97855343526967
1,2,0.3,WeightedEnsemble_L2,month_sin,0.11235782734815498
1,2,0.3,WeightedEnsemble_L2,month_cos,0.1792520501413794
1,2,0.3,WeightedEnsemble_L2,year,0.689853114222167
1,2,0.3,LightGBMXT_BAG_L2,item_id,3.4283507416742127
1,2,0.3,LightGBMXT_BAG_L2,target_lag1,27.137070553999997
1,2,0.3,LightGBMXT_BAG_L2,target_lag2,6.615243362175048
1,2,0.3,LightGBMXT_BAG_L2,target_lag3,2.1982918920009396
1,2,0.3,LightGBMXT_BAG_L2,target_lag4,2.794401047501403
1,2,0.3,LightGBMXT_BAG_L2,target_lag5,3.8911764235020767
1,2,0.3,LightGBMXT_BAG_L2,target_lag6,12.559859147129076
1,2,0.3,LightGBMXT_BAG_L2,hour_lag1,3.8420843348724505
1,2,0.3,LightGBMXT_BAG_L2,day_of_week_lag1,0.8227354681393289
1,2,0.3,LightGBMXT_BAG_L2,month_lag1,0.7323476104056946
1,2,0.3,LightGBMXT_BAG_L2,trend_lag1,2.4537744225752545
1,2,0.3,LightGBMXT_BAG_L2,month_sin,0.12776880598986917
1,2,0.3,LightGBMXT_BAG_L2,month_cos,0.18179781311550583
1,2,0.3,LightGBMXT_BAG_L2,year,0.7611483653706572
1,2,0.3,LightGBM_BAG_L1,item_id,1.7310533515705029
1,2,0.3,LightGBM_BAG_L1,target_lag1,40.58302372894049
1,2,0.3,LightGBM_BAG_L1,target_lag2,2.184125452446441
1,2,0.3,LightGBM_BAG_L1,target_lag3,1.6077486332729172
1,2,0.3,LightGBM_BAG_L1,target_lag4,0.34047409848977406
1,2,0.3,LightGBM_BAG_L1,target_lag5,0.9683717963849965
1,2,0.3,LightGBM_BAG_L1,target_lag6,12.060292471892279
1,2,0.3,LightGBM_BAG_L1,hour_lag1,3.001940682943755
1,2,0.3,LightGBM_BAG_L1,day_of_week_lag1,0.37533801110833914
1,2,0.3,LightGBM_BAG_L1,month_lag1,0.4109950059514957
1,2,0.3,LightGBM_BAG_L1,trend_lag1,1.5715814431233934
1,2,0.3,LightGBM_BAG_L1,month_sin,0.04258672683511351
1,2,0.3,LightGBM_BAG_L1,month_cos,0.03577988890566253
1,2,0.3,LightGBM_BAG_L1,year,0.013279798130194528
2,2,0.02,LightGBMXT_BAG_L1,item_id,2.8286917970790526
2,2,0.02,LightGBMXT_BAG_L1,target_lag1,24.05478749588706
2,2,0.02,LightGBMXT_BAG_L1,target_lag2,5.156001776959437
2,2,0.02,LightGBMXT_BAG_L1,target_lag3,2.1038893988242693
2,2,0.02,LightGBMXT_BAG_L1,target_lag4,3.4734912076544324
2,2,0.02,LightGBMXT_BAG_L1,target_lag5,4.3958081352065
2,2,0.02,LightGBMXT_BAG_L1,target_lag6,11.279221473630361
2,2,0.02,LightGBMXT_BAG_L1,hour_lag1,5.412869730559177
2,2,0.02,LightGBMXT_BAG_L1,day_of_week_lag1,0.46198718766961316
2,2,0.02,LightGBMXT_BAG_L1,month_lag1,0.48407357764430364
2,2,0.02,LightGBMXT_BAG_L1,trend_lag1,1.4109556715350284
2,2,0.02,LightGBMXT_BAG_L1,month_sin,0.24544738845449615
2,2,0.02,LightGBMXT_BAG_L1,month_cos,0.26742230062341976
2,2,0.02,LightGBMXT_BAG_L1,year,0.6483111813607003
2,2,0.02,WeightedEnsemble_L3,item_id,2.9052196353917625
2,2,0.02,WeightedEnsemble_L3,target_lag1,23.97090861535569
2,2,0.02,WeightedEnsemble_L3,target_lag2,4.996999874321278
2,2,0.02,WeightedEnsemble_L3,target_lag3,2.237185402033229
2,2,0.02,WeightedEnsemble_L3,target_lag4,3.3645194496436353
2,2,0.02,WeightedEnsemble_L3,target_lag5,4.535223314223811
2,2,0.02,WeightedEnsemble_L3,target_lag6,11.368831770892953
2,2,0.02,WeightedEnsemble_L3,hour_lag1,5.269245330580122
2,2,0.02,WeightedEnsemble_L3,day_of_week_lag1,0.40150522313251463
2,2,0.02,WeightedEnsemble_L3,month_lag1,0.5781615967699324
2,2,0.02,WeightedEnsemble_L3,trend_lag1,1.4536238149652887
2,2,0.02,WeightedEnsemble_L3,month_sin,0.20706967334682114
2,2,0.02,WeightedEnsemble_L3,month_cos,0.25885103615218175
2,2,0.02,WeightedEnsemble_L3,year,0.5477533623335574
2,2,0.02,WeightedEnsemble_L2,item_id,3.0188642563602577
2,2,0.02,WeightedEnsemble_L2,target_lag1,24.899258325257737
2,2,0.02,WeightedEnsemble_L2,target_lag2,5.24907421461469
2,2,0.02,WeightedEnsemble_L2,target_lag3,1.833705596356619
2,2,0.02,WeightedEnsemble_L2,target_lag4,3.175336545271022
2,2,0.02,WeightedEnsemble_L2,target_lag5,4.093698378544456
2,2,0.02,WeightedEnsemble_L2,target_lag6,10.95320864995492
2,2,0.02,WeightedEnsemble_L2,hour_lag1,5.3754033350131945
2,2,0.02,WeightedEnsemble_L2,day_of_week_lag1,0.3890286711170049
2,2,0.02,WeightedEnsemble_L2,month_lag1,0.4195269466044074
2,2,0.02,WeightedEnsemble_L2,trend_lag1,1.3583615454831166
2,2,0.02,WeightedEnsemble_L2,month_sin,0.17913917702576182
2,2,0.02,WeightedEnsemble_L2,month_cos,0.2622072126852192
2,2,0.02,WeightedEnsemble_L2,year,0.6141268198428012
2,2,0.05,LightGBMXT_BAG_L1,item_id,2.8286917970790526
2,2,0.05,LightGBMXT_BAG_L1,target_lag1,24.05478749588706
2,2,0.05,LightGBMXT_BAG_L1,target_lag2,5.156001776959437
2,2,0.05,LightGBMXT_BAG_L1,target_lag3,2.1038893988242693
2,2,0.05,LightGBMXT_BAG_L1,target_lag4,3.4734912076544324
2,2,0.05,LightGBMXT_BAG_L1,target_lag5,4.3958081352065
2,2,0.05,LightGBMXT_BAG_L1,target_lag6,11.279221473630361
2,2,0.05,LightGBMXT_BAG_L1,hour_lag1,5.412869730559177
2,2,0.05,LightGBMXT_BAG_L1,day_of_week_lag1,0.46198718766961316
2,2,0.05,LightGBMXT_BAG_L1,month_lag1,0.48407357764430364
2,2,0.05,LightGBMXT_BAG_L1,trend_lag1,1.4109556715350284
2,2,0.05,LightGBMXT_BAG_L1,month_sin,0.24544738845449615
2,2,0.05,LightGBMXT_BAG_L1,month_cos,0.26742230062341976
2,2,0.05,LightGBMXT_BAG_L1,year,0.6483111813607003
2,2,0.05,WeightedEnsemble_L3,item_id,2.9052196353917625
2,2,0.05,WeightedEnsemble_L3,target_lag1,23.97090861535569
2,2,0.05,WeightedEnsemble_L3,target_lag2,4.996999874321278
2,2,0.05,WeightedEnsemble_L3,target_lag3,2.237185402033229
2,2,0.05,WeightedEnsemble_L3,target_lag4,3.3645194496436353
2,2,0.05,WeightedEnsemble_L3,target_lag5,4.535223314223811
2,2,0.05,WeightedEnsemble_L3,target_lag6,11.368831770892953
2,2,0.05,WeightedEnsemble_L3,hour_lag1,5.269245330580122
2,2,0.05,WeightedEnsemble_L3,day_of_week_lag1,0.40150522313251463
2,2,0.05,WeightedEnsemble_L3,month_lag1,0.5781615967699324
2,2,0.05,WeightedEnsemble_L3,trend_lag1,1.4536238149652887
2,2,0.05,WeightedEnsemble_L3,month_sin,0.20706967334682114
2,2,0.05,WeightedEnsemble_L3,month_cos,0.25885103615218175
2,2,0.05,WeightedEnsemble_L3,year,0.5477533623335574
2,2,0.05,WeightedEnsemble_L2,item_id,3.0188642563602577
2,2,0.05,WeightedEnsemble_L2,target_lag1,24.899258325257737
2,2,0.05,WeightedEnsemble_L2,target_lag2,5.24907421461469
2,2,0.05,WeightedEnsemble_L2,target_lag3,1.833705596356619
2,2,0.05,WeightedEnsemble_L2,target_lag4,3.175336545271022
2,2,0.05,WeightedEnsemble_L2,target_lag5,4.093698378544456
2,2,0.05,WeightedEnsemble_L2,target_lag6,10.95320864995492
2,2,0.05,WeightedEnsemble_L2,hour_lag1,5.3754033350131945
2,2,0.05,WeightedEnsemble_L2,day_of_week_lag1,0.3890286711170049
2,2,0.05,WeightedEnsemble_L2,month_lag1,0.4195269466044074
2,2,0.05,WeightedEnsemble_L2,trend_lag1,1.3583615454831166
2,2,0.05,WeightedEnsemble_L2,month_sin,0.17913917702576182
2,2,0.05,WeightedEnsemble_L2,month_cos,0.2622072126852192
2,2,0.05,WeightedEnsemble_L2,year,0.6141268198428012
2,2,0.05,LightGBMXT_BAG_L2,item_id,2.5666452812527623
2,2,0.05,LightGBMXT_BAG_L2,target_lag1,22.920452102880773
2,2,0.05,LightGBMXT_BAG_L2,target_lag2,5.88734337380707
2,2,0.05,LightGBMXT_BAG_L2,target_lag3,2.5402948475567007
2,2,0.05,LightGBMXT_BAG_L2,target_lag4,3.2760226609018472
2,2,0.05,LightGBMXT_BAG_L2,target_lag5,4.675845438247547
2,2,0.05,LightGBMXT_BAG_L2,target_lag6,11.358651639799433
2,2,0.05,LightGBMXT_BAG_L2,hour_lag1,5.4639956210859415
2,2,0.05,LightGBMXT_BAG_L2,day_of_week_lag1,0.4547786221737815
2,2,0.05,LightGBMXT_BAG_L2,month_lag1,0.4270966363563204
2,2,0.05,LightGBMXT_BAG_L2,trend_lag1,1.3963960670925053
2,2,0.05,LightGBMXT_BAG_L2,month_sin,0.09705818836825608
2,2,0.05,LightGBMXT_BAG_L2,month_cos,0.26833729252211463
2,2,0.05,LightGBMXT_BAG_L2,year,0.5698031088470792
2,2,0.1,LightGBMXT_BAG_L1,item_id,2.8286917970790526
2,2,0.1,LightGBMXT_BAG_L1,target_lag1,24.05478749588706
2,2,0.1,LightGBMXT_BAG_L1,target_lag2,5.156001776959437
2,2,0.1,LightGBMXT_BAG_L1,target_lag3,2.1038893988242693
2,2,0.1,LightGBMXT_BAG_L1,target_lag4,3.4734912076544324
2,2,0.1,LightGBMXT_BAG_L1,target_lag5,4.3958081352065
2,2,0.1,LightGBMXT_BAG_L1,target_lag6,11.279221473630361
2,2,0.1,LightGBMXT_BAG_L1,hour_lag1,5.412869730559177
2,2,0.1,LightGBMXT_BAG_L1,day_of_week_lag1,0.46198718766961316
2,2,0.1,LightGBMXT_BAG_L1,month_lag1,0.48407357764430364
2,2,0.1,LightGBMXT_BAG_L1,trend_lag1,1.4109556715350284
2,2,0.1,LightGBMXT_BAG_L1,month_sin,0.24544738845449615
2,2,0.1,LightGBMXT_BAG_L1,month_cos,0.26742230062341976
2,2,0.1,LightGBMXT_BAG_L1,year,0.6483111813607003
2,2,0.1,WeightedEnsemble_L3,item_id,2.9052196353917625
2,2,0.1,WeightedEnsemble_L3,target_lag1,23.97090861535569
2,2,0.1,WeightedEnsemble_L3,target_lag2,4.996999874321278
2,2,0.1,WeightedEnsemble_L3,target_lag3,2.237185402033229
2,2,0.1,WeightedEnsemble_L3,target_lag4,3.3645194496436353
2,2,0.1,WeightedEnsemble_L3,target_lag5,4.535223314223811
2,2,0.1,WeightedEnsemble_L3,target_lag6,11.368831770892953
2,2,0.1,WeightedEnsemble_L3,hour_lag1,5.269245330580122
2,2,0.1,WeightedEnsemble_L3,day_of_week_lag1,0.40150522313251463
2,2,0.1,WeightedEnsemble_L3,month_lag1,0.5781615967699324
2,2,0.1,WeightedEnsemble_L3,trend_lag1,1.4536238149652887
2,2,0.1,WeightedEnsemble_L3,month_sin,0.20706967334682114
2,2,0.1,WeightedEnsemble_L3,month_cos,0.25885103615218175
2,2,0.1,WeightedEnsemble_L3,year,0.5477533623335574
2,2,0.1,WeightedEnsemble_L2,item_id,3.0188642563602577
2,2,0.1,WeightedEnsemble_L2,target_lag1,24.899258325257737
2,2,0.1,WeightedEnsemble_L2,target_lag2,5.24907421461469
2,2,0.1,WeightedEnsemble_L2,target_lag3,1.833705596356619
2,2,0.1,WeightedEnsemble_L2,target_lag4,3.175336545271022
2,2,0.1,WeightedEnsemble_L2,target_lag5,4.093698378544456
2,2,0.1,WeightedEnsemble_L2,target_lag6,10.95320864995492
2,2,0.1,WeightedEnsemble_L2,hour_lag1,5.3754033350131945
2,2,0.1,WeightedEnsemble_L2,day_of_week_lag1,0.3890286711170049
2,2,0.1,WeightedEnsemble_L2,month_lag1,0.4195269466044074
2,2,0.1,WeightedEnsemble_L2,trend_lag1,1.3583615454831166
2,2,0.1,WeightedEnsemble_L2,month_sin,0.17913917702576182
2,2,0.1,WeightedEnsemble_L2,month_cos,0.2622072126852192
2,2,0.1,WeightedEnsemble_L2,year,0.6141268198428012
2,2,0.1,LightGBMXT_BAG_L2,item_id,2.5666452812527623
2,2,0.1,LightGBMXT_BAG_L2,target_lag1,22.920452102880773
2,2,0.1,LightGBMXT_BAG_L2,target_lag2,5.88734337380707
2,2,0.1,LightGBMXT_BAG_L2,target_lag3,2.5402948475567007
2,2,0.1,LightGBMXT_BAG_L2,target_lag4,3.2760226609018472
2,2,0.1,LightGBMXT_BAG_L2,target_lag5,4.675845438247547
2,2,0.1,LightGBMXT_BAG_L2,target_lag6,11.358651639799433
2,2,0.1,LightGBMXT_BAG_L2,hour_lag1,5.4639956210859415
2,2,0.1,LightGBMXT_BAG_L2,day_of_week_lag1,0.4547786221737815
2,2,0.1,LightGBMXT_BAG_L2,month_lag1,0.4270966363563204
2,2,0.1,LightGBMXT_BAG_L2,trend_lag1,1.3963960670925053
2,2,0.1,LightGBMXT_BAG_L2,month_sin,0.09705818836825608
2,2,0.1,LightGBMXT_BAG_L2,month_cos,0.26833729252211463
2,2,0.1,LightGBMXT_BAG_L2,year,0.5698031088470792
2,2,0.2,LightGBMXT_BAG_L1,item_id,2.8286917970790526
2,2,0.2,LightGBMXT_BAG_L1,target_lag1,24.05478749588706
2,2,0.2,LightGBMXT_BAG_L1,target_lag2,5.156001776959437
2,2,0.2,LightGBMXT_BAG_L1,target_lag3,2.1038893988242693
2,2,0.2,LightGBMXT_BAG_L1,target_lag4,3.4734912076544324
2,2,0.2,LightGBMXT_BAG_L1,target_lag5,4.3958081352065
2,2,0.2,LightGBMXT_BAG_L1,target_lag6,11.279221473630361
2,2,0.2,LightGBMXT_BAG_L1,hour_lag1,5.412869730559177
2,2,0.2,LightGBMXT_BAG_L1,day_of_week_lag1,0.46198718766961316
2,2,0.2,LightGBMXT_BAG_L1,month_lag1,0.48407357764430364
2,2,0.2,LightGBMXT_BAG_L1,trend_lag1,1.4109556715350284
2,2,0.2,LightGBMXT_BAG_L1,month_sin,0.24544738845449615
2,2,0.2,LightGBMXT_BAG_L1,month_cos,0.26742230062341976
2,2,0.2,LightGBMXT_BAG_L1,year,0.6483111813607003
2,2,0.2,WeightedEnsemble_L3,item_id,2.9052196353917625
2,2,0.2,WeightedEnsemble_L3,target_lag1,23.97090861535569
2,2,0.2,WeightedEnsemble_L3,target_lag2,4.996999874321278
2,2,0.2,WeightedEnsemble_L3,target_lag3,2.237185402033229
2,2,0.2,WeightedEnsemble_L3,target_lag4,3.3645194496436353
2,2,0.2,WeightedEnsemble_L3,target_lag5,4.535223314223811
2,2,0.2,WeightedEnsemble_L3,target_lag6,11.368831770892953
2,2,0.2,WeightedEnsemble_L3,hour_lag1,5.269245330580122
2,2,0.2,WeightedEnsemble_L3,day_of_week_lag1,0.40150522313251463
2,2,0.2,WeightedEnsemble_L3,month_lag1,0.5781615967699324
2,2,0.2,WeightedEnsemble_L3,trend_lag1,1.4536238149652887
2,2,0.2,WeightedEnsemble_L3,month_sin,0.20706967334682114
2,2,0.2,WeightedEnsemble_L3,month_cos,0.25885103615218175
2,2,0.2,WeightedEnsemble_L3,year,0.5477533623335574
2,2,0.2,WeightedEnsemble_L2,item_id,3.0188642563602577
2,2,0.2,WeightedEnsemble_L2,target_lag1,24.899258325257737
2,2,0.2,WeightedEnsemble_L2,target_lag2,5.24907421461469
2,2,0.2,WeightedEnsemble_L2,target_lag3,1.833705596356619
2,2,0.2,WeightedEnsemble_L2,target_lag4,3.175336545271022
2,2,0.2,WeightedEnsemble_L2,target_lag5,4.093698378544456
2,2,0.2,WeightedEnsemble_L2,target_lag6,10.95320864995492
2,2,0.2,WeightedEnsemble_L2,hour_lag1,5.3754033350131945
2,2,0.2,WeightedEnsemble_L2,day_of_week_lag1,0.3890286711170049
2,2,0.2,WeightedEnsemble_L2,month_lag1,0.4195269466044074
2,2,0.2,WeightedEnsemble_L2,trend_lag1,1.3583615454831166
2,2,0.2,WeightedEnsemble_L2,month_sin,0.17913917702576182
2,2,0.2,WeightedEnsemble_L2,month_cos,0.2622072126852192
2,2,0.2,WeightedEnsemble_L2,year,0.6141268198428012
2,2,0.2,LightGBMXT_BAG_L2,item_id,2.5666452812527623
2,2,0.2,LightGBMXT_BAG_L2,target_lag1,22.920452102880773
2,2,0.2,LightGBMXT_BAG_L2,target_lag2,5.88734337380707
2,2,0.2,LightGBMXT_BAG_L2,target_lag3,2.5402948475567007
2,2,0.2,LightGBMXT_BAG_L2,target_lag4,3.2760226609018472
2,2,0.2,LightGBMXT_BAG_L2,target_lag5,4.675845438247547
2,2,0.2,LightGBMXT_BAG_L2,target_lag6,11.358651639799433
2,2,0.2,LightGBMXT_BAG_L2,hour_lag1,5.4639956210859415
2,2,0.2,LightGBMXT_BAG_L2,day_of_week_lag1,0.4547786221737815
2,2,0.2,LightGBMXT_BAG_L2,month_lag1,0.4270966363563204
2,2,0.2,LightGBMXT_BAG_L2,trend_lag1,1.3963960670925053
2,2,0.2,LightGBMXT_BAG_L2,month_sin,0.09705818836825608
2,2,0.2,LightGBMXT_BAG_L2,month_cos,0.26833729252211463
2,2,0.2,LightGBMXT_BAG_L2,year,0.5698031088470792
2,2,0.2,LightGBM_BAG_L1,item_id,0.8275548812796671
2,2,0.2,LightGBM_BAG_L1,target_lag1,42.62898881518654
2,2,0.2,LightGBM_BAG_L1,target_lag2,1.8183364657896253
2,2,0.2,LightGBM_BAG_L1,target_lag3,1.688473407472794
2,2,0.2,LightGBM_BAG_L1,target_lag4,0.550328895289451
2,2,0.2,LightGBM_BAG_L1,target_lag5,2.6646206925027065
2,2,0.2,LightGBM_BAG_L1,target_lag6,6.126132816284275
2,2,0.2,LightGBM_BAG_L1,hour_lag1,3.25771636061805
2,2,0.2,LightGBM_BAG_L1,day_of_week_lag1,0.07685933895533313
2,2,0.2,LightGBM_BAG_L1,month_lag1,0.11787962220236674
2,2,0.2,LightGBM_BAG_L1,trend_lag1,0.16057252757996346
2,2,0.2,LightGBM_BAG_L1,month_sin,0.0026885267098748795
2,2,0.2,LightGBM_BAG_L1,month_cos,0.0027495168447488156
2,2,0.2,LightGBM_BAG_L1,year,0.00048641014099131866
2,2,0.3,LightGBMXT_BAG_L1,item_id,2.8286917970790526
2,2,0.3,LightGBMXT_BAG_L1,target_lag1,24.05478749588706
2,2,0.3,LightGBMXT_BAG_L1,target_lag2,5.156001776959437
2,2,0.3,LightGBMXT_BAG_L1,target_lag3,2.1038893988242693
2,2,0.3,LightGBMXT_BAG_L1,target_lag4,3.4734912076544324
2,2,0.3,LightGBMXT_BAG_L1,target_lag5,4.3958081352065
2,2,0.3,LightGBMXT_BAG_L1,target_lag6,11.279221473630361
2,2,0.3,LightGBMXT_BAG_L1,hour_lag1,5.412869730559177
2,2,0.3,LightGBMXT_BAG_L1,day_of_week_lag1,0.46198718766961316
2,2,0.3,LightGBMXT_BAG_L1,month_lag1,0.48407357764430364
2,2,0.3,LightGBMXT_BAG_L1,trend_lag1,1.4109556715350284
2,2,0.3,LightGBMXT_BAG_L1,month_sin,0.24544738845449615
2,2,0.3,LightGBMXT_BAG_L1,month_cos,0.26742230062341976
2,2,0.3,LightGBMXT_BAG_L1,year,0.6483111813607003
2,2,0.3,WeightedEnsemble_L3,item_id,2.9052196353917625
2,2,0.3,WeightedEnsemble_L3,target_lag1,23.97090861535569
2,2,0.3,WeightedEnsemble_L3,target_lag2,4.996999874321278
2,2,0.3,WeightedEnsemble_L3,target_lag3,2.237185402033229
2,2,0.3,WeightedEnsemble_L3,target_lag4,3.3645194496436353
2,2,0.3,WeightedEnsemble_L3,target_lag5,4.535223314223811
2,2,0.3,WeightedEnsemble_L3,target_lag6,11.368831770892953
2,2,0.3,WeightedEnsemble_L3,hour_lag1,5.269245330580122
2,2,0.3,WeightedEnsemble_L3,day_of_week_lag1,0.40150522313251463
2,2,0.3,WeightedEnsemble_L3,month_lag1,0.5781615967699324
2,2,0.3,WeightedEnsemble_L3,trend_lag1,1.4536238149652887
2,2,0.3,WeightedEnsemble_L3,month_sin,0.20706967334682114
2,2,0.3,WeightedEnsemble_L3,month_cos,0.25885103615218175
2,2,0.3,WeightedEnsemble_L3,year,0.5477533623335574
2,2,0.3,WeightedEnsemble_L2,item_id,3.0188642563602577
2,2,0.3,WeightedEnsemble_L2,target_lag1,24.899258325257737
2,2,0.3,WeightedEnsemble_L2,target_lag2,5.24907421461469
2,2,0.3,WeightedEnsemble_L2,target_lag3,1.833705596356619
2,2,0.3,WeightedEnsemble_L2,target_lag4,3.175336545271022
2,2,0.3,WeightedEnsemble_L2,target_lag5,4.093698378544456
2,2,0.3,WeightedEnsemble_L2,target_lag6,10.95320864995492
2,2,0.3,WeightedEnsemble_L2,hour_lag1,5.3754033350131945
2,2,0.3,WeightedEnsemble_L2,day_of_week_lag1,0.3890286711170049
2,2,0.3,WeightedEnsemble_L2,month_lag1,0.4195269466044074
2,2,0.3,WeightedEnsemble_L2,trend_lag1,1.3583615454831166
2,2,0.3,WeightedEnsemble_L2,month_sin,0.17913917702576182
2,2,0.3,WeightedEnsemble_L2,month_cos,0.2622072126852192
2,2,0.3,WeightedEnsemble_L2,year,0.6141268198428012
2,2,0.3,LightGBMXT_BAG_L2,item_id,2.5666452812527623
2,2,0.3,LightGBMXT_BAG_L2,target_lag1,22.920452102880773
2,2,0.3,LightGBMXT_BAG_L2,target_lag2,5.88734337380707
2,2,0.3,LightGBMXT_BAG_L2,target_lag3,2.5402948475567007
2,2,0.3,LightGBMXT_BAG_L2,target_lag4,3.2760226609018472
2,2,0.3,LightGBMXT_BAG_L2,target_lag5,4.675845438247547
2,2,0.3,LightGBMXT_BAG_L2,target_lag6,11.358651639799433
2,2,0.3,LightGBMXT_BAG_L2,hour_lag1,5.4639956210859415
2,2,0.3,LightGBMXT_BAG_L2,day_of_week_lag1,0.4547786221737815
2,2,0.3,LightGBMXT_BAG_L2,month_lag1,0.4270966363563204
2,2,0.3,LightGBMXT_BAG_L2,trend_lag1,1.3963960670925053
2,2,0.3,LightGBMXT_BAG_L2,month_sin,0.09705818836825608
2,2,0.3,LightGBMXT_BAG_L2,month_cos,0.26833729252211463
2,2,0.3,LightGBMXT_BAG_L2,year,0.5698031088470792
2,2,0.3,LightGBM_BAG_L1,item_id,0.8275548812796671
2,2,0.3,LightGBM_BAG_L1,target_lag1,42.62898881518654
2,2,0.3,LightGBM_BAG_L1,target_lag2,1.8183364657896253
2,2,0.3,LightGBM_BAG_L1,target_lag3,1.688473407472794
2,2,0.3,LightGBM_BAG_L1,target_lag4,0.550328895289451
2,2,0.3,LightGBM_BAG_L1,target_lag5,2.6646206925027065
2,2,0.3,LightGBM_BAG_L1,target_lag6,6.126132816284275
2,2,0.3,LightGBM_BAG_L1,hour_lag1,3.25771636061805
2,2,0.3,LightGBM_BAG_L1,day_of_week_lag1,0.07685933895533313
2,2,0.3,LightGBM_BAG_L1,month_lag1,0.11787962220236674
2,2,0.3,LightGBM_BAG_L1,trend_lag1,0.16057252757996346
2,2,0.3,LightGBM_BAG_L1,month_sin,0.0026885267098748795
2,2,0.3,LightGBM_BAG_L1,month_cos,0.0027495168447488156
2,2,0.3,LightGBM_BAG_L1,year,0.00048641014099131866
