split_id,seed,eps,model,feature,global_importance
0,0,0.02,GBM_1_AutoML_1_20260603_184935,target_lag1,34.18714382171631
0,0,0.02,GBM_1_AutoML_1_20260603_184935,target_lag2,16.77368024110794
0,0,0.02,GBM_1_AutoML_1_20260603_184935,target_lag3,3.981722854524851
0,0,0.02,GBM_1_AutoML_1_20260603_184935,target_lag4,1.24299296555575
0,0,0.02,GBM_1_AutoML_1_20260603_184935,target_lag5,0.5002960942871869
0,0,0.02,GBM_1_AutoML_1_20260603_184935,target_lag6,1.2441911113634705
0,0,0.02,GBM_1_AutoML_1_20260603_184935,hour_lag1,3.208821335490793
0,0,0.02,GBM_1_AutoML_1_20260603_184935,day_of_week_lag1,0.3721706118667498
0,0,0.02,GBM_1_AutoML_1_20260603_184935,month_lag1,0.23330437401309606
0,0,0.02,GBM_1_AutoML_1_20260603_184935,trend_lag1,0.4624558225274086
0,0,0.02,GBM_1_AutoML_1_20260603_184935,month_sin,0.10870464687584896
0,0,0.02,GBM_1_AutoML_1_20260603_184935,month_cos,0.06040081026265394
0,0,0.02,GBM_1_AutoML_1_20260603_184935,year,0.16499799802899356
0,0,0.02,GBM_4_AutoML_1_20260603_184935,target_lag1,37.88087198257446
0,0,0.02,GBM_4_AutoML_1_20260603_184935,target_lag2,9.183617343157529
0,0,0.02,GBM_4_AutoML_1_20260603_184935,target_lag3,6.132721443176269
0,0,0.02,GBM_4_AutoML_1_20260603_184935,target_lag4,1.5599406810104848
0,0,0.02,GBM_4_AutoML_1_20260603_184935,target_lag5,1.639880057638511
0,0,0.02,GBM_4_AutoML_1_20260603_184935,target_lag6,2.5117821645364167
0,0,0.02,GBM_4_AutoML_1_20260603_184935,hour_lag1,3.3625196786224842
0,0,0.02,GBM_4_AutoML_1_20260603_184935,day_of_week_lag1,0.36829257786273956
0,0,0.02,GBM_4_AutoML_1_20260603_184935,month_lag1,0.3446204143972136
0,0,0.02,GBM_4_AutoML_1_20260603_184935,trend_lag1,0.704245608523488
0,0,0.02,GBM_4_AutoML_1_20260603_184935,month_sin,0.08201695081777867
0,0,0.02,GBM_4_AutoML_1_20260603_184935,month_cos,0.07322530056117099
0,0,0.02,GBM_4_AutoML_1_20260603_184935,year,0.14287251524161546
0,0,0.02,GBM_grid_1_AutoML_1_20260603_184935_model_3,target_lag1,27.23762417793274
0,0,0.02,GBM_grid_1_AutoML_1_20260603_184935_model_3,target_lag2,16.504364117085935
0,0,0.02,GBM_grid_1_AutoML_1_20260603_184935_model_3,target_lag3,4.606585591435432
0,0,0.02,GBM_grid_1_AutoML_1_20260603_184935_model_3,target_lag4,3.5718886971473696
0,0,0.02,GBM_grid_1_AutoML_1_20260603_184935_model_3,target_lag5,1.8360165324434639
0,0,0.02,GBM_grid_1_AutoML_1_20260603_184935_model_3,target_lag6,5.0837675304710865
0,0,0.02,GBM_grid_1_AutoML_1_20260603_184935_model_3,hour_lag1,3.380759272277355
0,0,0.02,GBM_grid_1_AutoML_1_20260603_184935_model_3,day_of_week_lag1,0.3186886353977025
0,0,0.02,GBM_grid_1_AutoML_1_20260603_184935_model_3,month_lag1,0.25668792821466924
0,0,0.02,GBM_grid_1_AutoML_1_20260603_184935_model_3,trend_lag1,0.4499598248302937
0,0,0.02,GBM_grid_1_AutoML_1_20260603_184935_model_3,month_sin,0.05397916736139446
0,0,0.02,GBM_grid_1_AutoML_1_20260603_184935_model_3,month_cos,0.046807072971714624
0,0,0.02,GBM_grid_1_AutoML_1_20260603_184935_model_3,year,0.36084645681083205
0,0,0.02,GBM_3_AutoML_1_20260603_184935,target_lag1,41.28329791545868
0,0,0.02,GBM_3_AutoML_1_20260603_184935,target_lag2,7.8864373159408565
0,0,0.02,GBM_3_AutoML_1_20260603_184935,target_lag3,4.03452109625563
0,0,0.02,GBM_3_AutoML_1_20260603_184935,target_lag4,2.0356745278835295
0,0,0.02,GBM_3_AutoML_1_20260603_184935,target_lag5,1.052646281735506
0,0,0.02,GBM_3_AutoML_1_20260603_184935,target_lag6,2.3770515610650182
0,0,0.02,GBM_3_AutoML_1_20260603_184935,hour_lag1,3.012829228639603
0,0,0.02,GBM_3_AutoML_1_20260603_184935,day_of_week_lag1,0.2582800815813243
0,0,0.02,GBM_3_AutoML_1_20260603_184935,month_lag1,0.22370591090992092
0,0,0.02,GBM_3_AutoML_1_20260603_184935,trend_lag1,0.4703598321974278
0,0,0.02,GBM_3_AutoML_1_20260603_184935,month_sin,0.052746834605932186
0,0,0.02,GBM_3_AutoML_1_20260603_184935,month_cos,0.05441295550670471
0,0,0.02,GBM_3_AutoML_1_20260603_184935,year,0.19581529289484023
0,0,0.02,GBM_grid_1_AutoML_1_20260603_184935_model_2,target_lag1,54.761654209047556
0,0,0.02,GBM_grid_1_AutoML_1_20260603_184935_model_2,target_lag2,0.7097175308130681
0,0,0.02,GBM_grid_1_AutoML_1_20260603_184935_model_2,target_lag3,1.2965266178920865
0,0,0.02,GBM_grid_1_AutoML_1_20260603_184935_model_2,target_lag4,0.31158108860719946
0,0,0.02,GBM_grid_1_AutoML_1_20260603_184935_model_2,target_lag5,0.6918935440480709
0,0,0.02,GBM_grid_1_AutoML_1_20260603_184935_model_2,target_lag6,1.897638037353754
0,0,0.02,GBM_grid_1_AutoML_1_20260603_184935_model_2,hour_lag1,3.1621427067928014
0,0,0.02,GBM_grid_1_AutoML_1_20260603_184935_model_2,day_of_week_lag1,0.2938348033814691
0,0,0.02,GBM_grid_1_AutoML_1_20260603_184935_model_2,month_lag1,0.17103748907335098
0,0,0.02,GBM_grid_1_AutoML_1_20260603_184935_model_2,trend_lag1,0.48078312799334527
0,0,0.02,GBM_grid_1_AutoML_1_20260603_184935_model_2,month_sin,0.03525652552831157
0,0,0.02,GBM_grid_1_AutoML_1_20260603_184935_model_2,month_cos,0.030040693085484196
0,0,0.02,GBM_grid_1_AutoML_1_20260603_184935_model_2,year,0.03351234051136994
0,0,0.02,GBM_2_AutoML_1_20260603_184935,target_lag1,33.11998675346374
0,0,0.02,GBM_2_AutoML_1_20260603_184935,target_lag2,18.62361359834671
0,0,0.02,GBM_2_AutoML_1_20260603_184935,target_lag3,3.2414195899665357
0,0,0.02,GBM_2_AutoML_1_20260603_184935,target_lag4,0.5727562844892964
0,0,0.02,GBM_2_AutoML_1_20260603_184935,target_lag5,0.9539431189373135
0,0,0.02,GBM_2_AutoML_1_20260603_184935,target_lag6,2.0060146013647318
0,0,0.02,GBM_2_AutoML_1_20260603_184935,hour_lag1,3.0730136546120046
0,0,0.02,GBM_2_AutoML_1_20260603_184935,day_of_week_lag1,0.20005450883938466
0,0,0.02,GBM_2_AutoML_1_20260603_184935,month_lag1,0.18316510519711296
0,0,0.02,GBM_2_AutoML_1_20260603_184935,trend_lag1,0.5722234586346895
0,0,0.02,GBM_2_AutoML_1_20260603_184935,month_sin,0.030037317218957426
0,0,0.02,GBM_2_AutoML_1_20260603_184935,month_cos,0.041371466485325026
0,0,0.02,GBM_2_AutoML_1_20260603_184935,year,0.20791479483246803
0,0,0.02,XGBoost_grid_1_AutoML_1_20260603_184935_model_5,target_lag1,52.94106154561043
0,0,0.02,XGBoost_grid_1_AutoML_1_20260603_184935_model_5,target_lag2,2.056804458424449
0,0,0.02,XGBoost_grid_1_AutoML_1_20260603_184935_model_5,target_lag3,1.1464429534226657
0,0,0.02,XGBoost_grid_1_AutoML_1_20260603_184935_model_5,target_lag4,0.4581746031716466
0,0,0.02,XGBoost_grid_1_AutoML_1_20260603_184935_model_5,target_lag5,0.49006436463445424
0,0,0.02,XGBoost_grid_1_AutoML_1_20260603_184935_model_5,target_lag6,1.8300683388113976
0,0,0.02,XGBoost_grid_1_AutoML_1_20260603_184935_model_5,hour_lag1,3.7707749243825672
0,0,0.02,XGBoost_grid_1_AutoML_1_20260603_184935_model_5,day_of_week_lag1,0.33452079048380257
0,0,0.02,XGBoost_grid_1_AutoML_1_20260603_184935_model_5,month_lag1,0.20507728716591372
0,0,0.02,XGBoost_grid_1_AutoML_1_20260603_184935_model_5,trend_lag1,0.4041183960768103
0,0,0.02,XGBoost_grid_1_AutoML_1_20260603_184935_model_5,month_sin,0.05633217995113224
0,0,0.02,XGBoost_grid_1_AutoML_1_20260603_184935_model_5,month_cos,0.06545320559293027
0,0,0.02,XGBoost_grid_1_AutoML_1_20260603_184935_model_5,year,0.04422926036058922
0,0,0.02,GBM_grid_1_AutoML_1_20260603_184935_model_1,target_lag1,23.432958017662166
0,0,0.02,GBM_grid_1_AutoML_1_20260603_184935_model_1,target_lag2,16.08960516422987
0,0,0.02,GBM_grid_1_AutoML_1_20260603_184935_model_1,target_lag3,7.122040532380343
0,0,0.02,GBM_grid_1_AutoML_1_20260603_184935_model_1,target_lag4,2.6720973537303507
0,0,0.02,GBM_grid_1_AutoML_1_20260603_184935_model_1,target_lag5,7.496114786863327
0,0,0.02,GBM_grid_1_AutoML_1_20260603_184935_model_1,target_lag6,0.8501881565665826
0,0,0.02,GBM_grid_1_AutoML_1_20260603_184935_model_1,hour_lag1,3.2257602292299272
0,0,0.02,GBM_grid_1_AutoML_1_20260603_184935_model_1,day_of_week_lag1,0.32570707991719244
0,0,0.02,GBM_grid_1_AutoML_1_20260603_184935_model_1,month_lag1,0.34679792830720546
0,0,0.02,GBM_grid_1_AutoML_1_20260603_184935_model_1,trend_lag1,0.42666729912161827
0,0,0.02,GBM_grid_1_AutoML_1_20260603_184935_model_1,month_sin,0.0938106994098052
0,0,0.02,GBM_grid_1_AutoML_1_20260603_184935_model_1,month_cos,0.12347573452163484
0,0,0.02,GBM_grid_1_AutoML_1_20260603_184935_model_1,year,0.21391328871948645
0,0,0.02,DRF_1_AutoML_1_20260603_184935,target_lag1,24.19368999481201
0,0,0.02,DRF_1_AutoML_1_20260603_184935,target_lag2,9.574833514988422
0,0,0.02,DRF_1_AutoML_1_20260603_184935,target_lag3,7.744251906946301
0,0,0.02,DRF_1_AutoML_1_20260603_184935,target_lag4,5.398649015165866
0,0,0.02,DRF_1_AutoML_1_20260603_184935,target_lag5,4.067245729789138
0,0,0.02,DRF_1_AutoML_1_20260603_184935,target_lag6,4.052432176619768
0,0,0.02,DRF_1_AutoML_1_20260603_184935,hour_lag1,2.59459353171289
0,0,0.02,DRF_1_AutoML_1_20260603_184935,day_of_week_lag1,0.3806837946549058
0,0,0.02,DRF_1_AutoML_1_20260603_184935,month_lag1,0.16358008290873838
0,0,0.02,DRF_1_AutoML_1_20260603_184935,trend_lag1,0.49618496239185333
0,0,0.02,DRF_1_AutoML_1_20260603_184935,month_sin,0.06647184873465445
0,0,0.02,DRF_1_AutoML_1_20260603_184935,month_cos,0.09950151742668818
0,0,0.02,DRF_1_AutoML_1_20260603_184935,year,0.19607179079204798
0,0,0.05,GBM_1_AutoML_1_20260603_184935,target_lag1,34.18714382171631
0,0,0.05,GBM_1_AutoML_1_20260603_184935,target_lag2,16.77368024110794
0,0,0.05,GBM_1_AutoML_1_20260603_184935,target_lag3,3.981722854524851
0,0,0.05,GBM_1_AutoML_1_20260603_184935,target_lag4,1.24299296555575
0,0,0.05,GBM_1_AutoML_1_20260603_184935,target_lag5,0.5002960942871869
0,0,0.05,GBM_1_AutoML_1_20260603_184935,target_lag6,1.2441911113634705
0,0,0.05,GBM_1_AutoML_1_20260603_184935,hour_lag1,3.208821335490793
0,0,0.05,GBM_1_AutoML_1_20260603_184935,day_of_week_lag1,0.3721706118667498
0,0,0.05,GBM_1_AutoML_1_20260603_184935,month_lag1,0.23330437401309606
0,0,0.05,GBM_1_AutoML_1_20260603_184935,trend_lag1,0.4624558225274086
0,0,0.05,GBM_1_AutoML_1_20260603_184935,month_sin,0.10870464687584896
0,0,0.05,GBM_1_AutoML_1_20260603_184935,month_cos,0.06040081026265394
0,0,0.05,GBM_1_AutoML_1_20260603_184935,year,0.16499799802899356
0,0,0.05,GBM_4_AutoML_1_20260603_184935,target_lag1,37.88087198257446
0,0,0.05,GBM_4_AutoML_1_20260603_184935,target_lag2,9.183617343157529
0,0,0.05,GBM_4_AutoML_1_20260603_184935,target_lag3,6.132721443176269
0,0,0.05,GBM_4_AutoML_1_20260603_184935,target_lag4,1.5599406810104848
0,0,0.05,GBM_4_AutoML_1_20260603_184935,target_lag5,1.639880057638511
0,0,0.05,GBM_4_AutoML_1_20260603_184935,target_lag6,2.5117821645364167
0,0,0.05,GBM_4_AutoML_1_20260603_184935,hour_lag1,3.3625196786224842
0,0,0.05,GBM_4_AutoML_1_20260603_184935,day_of_week_lag1,0.36829257786273956
0,0,0.05,GBM_4_AutoML_1_20260603_184935,month_lag1,0.3446204143972136
0,0,0.05,GBM_4_AutoML_1_20260603_184935,trend_lag1,0.704245608523488
0,0,0.05,GBM_4_AutoML_1_20260603_184935,month_sin,0.08201695081777867
0,0,0.05,GBM_4_AutoML_1_20260603_184935,month_cos,0.07322530056117099
0,0,0.05,GBM_4_AutoML_1_20260603_184935,year,0.14287251524161546
0,0,0.05,GBM_grid_1_AutoML_1_20260603_184935_model_3,target_lag1,27.23762417793274
0,0,0.05,GBM_grid_1_AutoML_1_20260603_184935_model_3,target_lag2,16.504364117085935
0,0,0.05,GBM_grid_1_AutoML_1_20260603_184935_model_3,target_lag3,4.606585591435432
0,0,0.05,GBM_grid_1_AutoML_1_20260603_184935_model_3,target_lag4,3.5718886971473696
0,0,0.05,GBM_grid_1_AutoML_1_20260603_184935_model_3,target_lag5,1.8360165324434639
0,0,0.05,GBM_grid_1_AutoML_1_20260603_184935_model_3,target_lag6,5.0837675304710865
0,0,0.05,GBM_grid_1_AutoML_1_20260603_184935_model_3,hour_lag1,3.380759272277355
0,0,0.05,GBM_grid_1_AutoML_1_20260603_184935_model_3,day_of_week_lag1,0.3186886353977025
0,0,0.05,GBM_grid_1_AutoML_1_20260603_184935_model_3,month_lag1,0.25668792821466924
0,0,0.05,GBM_grid_1_AutoML_1_20260603_184935_model_3,trend_lag1,0.4499598248302937
0,0,0.05,GBM_grid_1_AutoML_1_20260603_184935_model_3,month_sin,0.05397916736139446
0,0,0.05,GBM_grid_1_AutoML_1_20260603_184935_model_3,month_cos,0.046807072971714624
0,0,0.05,GBM_grid_1_AutoML_1_20260603_184935_model_3,year,0.36084645681083205
0,0,0.05,GBM_3_AutoML_1_20260603_184935,target_lag1,41.28329791545868
0,0,0.05,GBM_3_AutoML_1_20260603_184935,target_lag2,7.8864373159408565
0,0,0.05,GBM_3_AutoML_1_20260603_184935,target_lag3,4.03452109625563
0,0,0.05,GBM_3_AutoML_1_20260603_184935,target_lag4,2.0356745278835295
0,0,0.05,GBM_3_AutoML_1_20260603_184935,target_lag5,1.052646281735506
0,0,0.05,GBM_3_AutoML_1_20260603_184935,target_lag6,2.3770515610650182
0,0,0.05,GBM_3_AutoML_1_20260603_184935,hour_lag1,3.012829228639603
0,0,0.05,GBM_3_AutoML_1_20260603_184935,day_of_week_lag1,0.2582800815813243
0,0,0.05,GBM_3_AutoML_1_20260603_184935,month_lag1,0.22370591090992092
0,0,0.05,GBM_3_AutoML_1_20260603_184935,trend_lag1,0.4703598321974278
0,0,0.05,GBM_3_AutoML_1_20260603_184935,month_sin,0.052746834605932186
0,0,0.05,GBM_3_AutoML_1_20260603_184935,month_cos,0.05441295550670471
0,0,0.05,GBM_3_AutoML_1_20260603_184935,year,0.19581529289484023
0,0,0.05,GBM_grid_1_AutoML_1_20260603_184935_model_2,target_lag1,54.761654209047556
0,0,0.05,GBM_grid_1_AutoML_1_20260603_184935_model_2,target_lag2,0.7097175308130681
0,0,0.05,GBM_grid_1_AutoML_1_20260603_184935_model_2,target_lag3,1.2965266178920865
0,0,0.05,GBM_grid_1_AutoML_1_20260603_184935_model_2,target_lag4,0.31158108860719946
0,0,0.05,GBM_grid_1_AutoML_1_20260603_184935_model_2,target_lag5,0.6918935440480709
0,0,0.05,GBM_grid_1_AutoML_1_20260603_184935_model_2,target_lag6,1.897638037353754
0,0,0.05,GBM_grid_1_AutoML_1_20260603_184935_model_2,hour_lag1,3.1621427067928014
0,0,0.05,GBM_grid_1_AutoML_1_20260603_184935_model_2,day_of_week_lag1,0.2938348033814691
0,0,0.05,GBM_grid_1_AutoML_1_20260603_184935_model_2,month_lag1,0.17103748907335098
0,0,0.05,GBM_grid_1_AutoML_1_20260603_184935_model_2,trend_lag1,0.48078312799334527
0,0,0.05,GBM_grid_1_AutoML_1_20260603_184935_model_2,month_sin,0.03525652552831157
0,0,0.05,GBM_grid_1_AutoML_1_20260603_184935_model_2,month_cos,0.030040693085484196
0,0,0.05,GBM_grid_1_AutoML_1_20260603_184935_model_2,year,0.03351234051136994
0,0,0.05,GBM_2_AutoML_1_20260603_184935,target_lag1,33.11998675346374
0,0,0.05,GBM_2_AutoML_1_20260603_184935,target_lag2,18.62361359834671
0,0,0.05,GBM_2_AutoML_1_20260603_184935,target_lag3,3.2414195899665357
0,0,0.05,GBM_2_AutoML_1_20260603_184935,target_lag4,0.5727562844892964
0,0,0.05,GBM_2_AutoML_1_20260603_184935,target_lag5,0.9539431189373135
0,0,0.05,GBM_2_AutoML_1_20260603_184935,target_lag6,2.0060146013647318
0,0,0.05,GBM_2_AutoML_1_20260603_184935,hour_lag1,3.0730136546120046
0,0,0.05,GBM_2_AutoML_1_20260603_184935,day_of_week_lag1,0.20005450883938466
0,0,0.05,GBM_2_AutoML_1_20260603_184935,month_lag1,0.18316510519711296
0,0,0.05,GBM_2_AutoML_1_20260603_184935,trend_lag1,0.5722234586346895
0,0,0.05,GBM_2_AutoML_1_20260603_184935,month_sin,0.030037317218957426
0,0,0.05,GBM_2_AutoML_1_20260603_184935,month_cos,0.041371466485325026
0,0,0.05,GBM_2_AutoML_1_20260603_184935,year,0.20791479483246803
0,0,0.05,XGBoost_grid_1_AutoML_1_20260603_184935_model_5,target_lag1,52.94106154561043
0,0,0.05,XGBoost_grid_1_AutoML_1_20260603_184935_model_5,target_lag2,2.056804458424449
0,0,0.05,XGBoost_grid_1_AutoML_1_20260603_184935_model_5,target_lag3,1.1464429534226657
0,0,0.05,XGBoost_grid_1_AutoML_1_20260603_184935_model_5,target_lag4,0.4581746031716466
0,0,0.05,XGBoost_grid_1_AutoML_1_20260603_184935_model_5,target_lag5,0.49006436463445424
0,0,0.05,XGBoost_grid_1_AutoML_1_20260603_184935_model_5,target_lag6,1.8300683388113976
0,0,0.05,XGBoost_grid_1_AutoML_1_20260603_184935_model_5,hour_lag1,3.7707749243825672
0,0,0.05,XGBoost_grid_1_AutoML_1_20260603_184935_model_5,day_of_week_lag1,0.33452079048380257
0,0,0.05,XGBoost_grid_1_AutoML_1_20260603_184935_model_5,month_lag1,0.20507728716591372
0,0,0.05,XGBoost_grid_1_AutoML_1_20260603_184935_model_5,trend_lag1,0.4041183960768103
0,0,0.05,XGBoost_grid_1_AutoML_1_20260603_184935_model_5,month_sin,0.05633217995113224
0,0,0.05,XGBoost_grid_1_AutoML_1_20260603_184935_model_5,month_cos,0.06545320559293027
0,0,0.05,XGBoost_grid_1_AutoML_1_20260603_184935_model_5,year,0.04422926036058922
0,0,0.05,GBM_grid_1_AutoML_1_20260603_184935_model_1,target_lag1,23.432958017662166
0,0,0.05,GBM_grid_1_AutoML_1_20260603_184935_model_1,target_lag2,16.08960516422987
0,0,0.05,GBM_grid_1_AutoML_1_20260603_184935_model_1,target_lag3,7.122040532380343
0,0,0.05,GBM_grid_1_AutoML_1_20260603_184935_model_1,target_lag4,2.6720973537303507
0,0,0.05,GBM_grid_1_AutoML_1_20260603_184935_model_1,target_lag5,7.496114786863327
0,0,0.05,GBM_grid_1_AutoML_1_20260603_184935_model_1,target_lag6,0.8501881565665826
0,0,0.05,GBM_grid_1_AutoML_1_20260603_184935_model_1,hour_lag1,3.2257602292299272
0,0,0.05,GBM_grid_1_AutoML_1_20260603_184935_model_1,day_of_week_lag1,0.32570707991719244
0,0,0.05,GBM_grid_1_AutoML_1_20260603_184935_model_1,month_lag1,0.34679792830720546
0,0,0.05,GBM_grid_1_AutoML_1_20260603_184935_model_1,trend_lag1,0.42666729912161827
0,0,0.05,GBM_grid_1_AutoML_1_20260603_184935_model_1,month_sin,0.0938106994098052
0,0,0.05,GBM_grid_1_AutoML_1_20260603_184935_model_1,month_cos,0.12347573452163484
0,0,0.05,GBM_grid_1_AutoML_1_20260603_184935_model_1,year,0.21391328871948645
0,0,0.05,DRF_1_AutoML_1_20260603_184935,target_lag1,24.19368999481201
0,0,0.05,DRF_1_AutoML_1_20260603_184935,target_lag2,9.574833514988422
0,0,0.05,DRF_1_AutoML_1_20260603_184935,target_lag3,7.744251906946301
0,0,0.05,DRF_1_AutoML_1_20260603_184935,target_lag4,5.398649015165866
0,0,0.05,DRF_1_AutoML_1_20260603_184935,target_lag5,4.067245729789138
0,0,0.05,DRF_1_AutoML_1_20260603_184935,target_lag6,4.052432176619768
0,0,0.05,DRF_1_AutoML_1_20260603_184935,hour_lag1,2.59459353171289
0,0,0.05,DRF_1_AutoML_1_20260603_184935,day_of_week_lag1,0.3806837946549058
0,0,0.05,DRF_1_AutoML_1_20260603_184935,month_lag1,0.16358008290873838
0,0,0.05,DRF_1_AutoML_1_20260603_184935,trend_lag1,0.49618496239185333
0,0,0.05,DRF_1_AutoML_1_20260603_184935,month_sin,0.06647184873465445
0,0,0.05,DRF_1_AutoML_1_20260603_184935,month_cos,0.09950151742668818
0,0,0.05,DRF_1_AutoML_1_20260603_184935,year,0.19607179079204798
0,0,0.05,GBM_5_AutoML_1_20260603_184935,target_lag1,27.32837913811207
0,0,0.05,GBM_5_AutoML_1_20260603_184935,target_lag2,18.36134432375431
0,0,0.05,GBM_5_AutoML_1_20260603_184935,target_lag3,6.633274792283774
0,0,0.05,GBM_5_AutoML_1_20260603_184935,target_lag4,0.7621553994715213
0,0,0.05,GBM_5_AutoML_1_20260603_184935,target_lag5,2.796781534552574
0,0,0.05,GBM_5_AutoML_1_20260603_184935,target_lag6,2.074153720885515
0,0,0.05,GBM_5_AutoML_1_20260603_184935,hour_lag1,3.2553418673574925
0,0,0.05,GBM_5_AutoML_1_20260603_184935,day_of_week_lag1,0.17989259924273937
0,0,0.05,GBM_5_AutoML_1_20260603_184935,month_lag1,0.339712935204152
0,0,0.05,GBM_5_AutoML_1_20260603_184935,trend_lag1,0.5206310709007085
0,0,0.05,GBM_5_AutoML_1_20260603_184935,month_sin,0.01617927853716532
0,0,0.05,GBM_5_AutoML_1_20260603_184935,month_cos,0.03193218420958142
0,0,0.05,GBM_5_AutoML_1_20260603_184935,year,0.40016104503534733
0,0,0.05,XRT_1_AutoML_1_20260603_184935,target_lag1,30137.84911105752
0,0,0.05,XRT_1_AutoML_1_20260603_184935,target_lag2,96.04592363119126
0,0,0.05,XRT_1_AutoML_1_20260603_184935,target_lag3,57.892587202340366
0,0,0.05,XRT_1_AutoML_1_20260603_184935,target_lag4,18.320969660282135
0,0,0.05,XRT_1_AutoML_1_20260603_184935,target_lag5,193694.9336278294
0,0,0.05,XRT_1_AutoML_1_20260603_184935,target_lag6,95.46864357575774
0,0,0.05,XRT_1_AutoML_1_20260603_184935,hour_lag1,22.828335713148117
0,0,0.05,XRT_1_AutoML_1_20260603_184935,day_of_week_lag1,21.09267421040684
0,0,0.05,XRT_1_AutoML_1_20260603_184935,month_lag1,35.017332431208345
0,0,0.05,XRT_1_AutoML_1_20260603_184935,trend_lag1,7.4425416240468625
0,0,0.05,XRT_1_AutoML_1_20260603_184935,month_sin,219.48973100297152
0,0,0.05,XRT_1_AutoML_1_20260603_184935,month_cos,5462.25434958309
0,0,0.05,XRT_1_AutoML_1_20260603_184935,year,37.56824927602429
0,0,0.05,XGBoost_grid_1_AutoML_1_20260603_184935_model_2,target_lag1,35.117203359603884
0,0,0.05,XGBoost_grid_1_AutoML_1_20260603_184935_model_2,target_lag2,20.539642344117166
0,0,0.05,XGBoost_grid_1_AutoML_1_20260603_184935_model_2,target_lag3,1.1399793852120639
0,0,0.05,XGBoost_grid_1_AutoML_1_20260603_184935_model_2,target_lag4,0.5086001077666878
0,0,0.05,XGBoost_grid_1_AutoML_1_20260603_184935_model_2,target_lag5,0.8075854022800922
0,0,0.05,XGBoost_grid_1_AutoML_1_20260603_184935_model_2,target_lag6,2.7560302400495855
0,0,0.05,XGBoost_grid_1_AutoML_1_20260603_184935_model_2,hour_lag1,3.5741968414187433
0,0,0.05,XGBoost_grid_1_AutoML_1_20260603_184935_model_2,day_of_week_lag1,0.4461125733423978
0,0,0.05,XGBoost_grid_1_AutoML_1_20260603_184935_model_2,month_lag1,0.18540613189921715
0,0,0.05,XGBoost_grid_1_AutoML_1_20260603_184935_model_2,trend_lag1,1.1565954231470823
0,0,0.05,XGBoost_grid_1_AutoML_1_20260603_184935_model_2,month_sin,0.05784440882154737
0,0,0.05,XGBoost_grid_1_AutoML_1_20260603_184935_model_2,month_cos,0.04653972289059308
0,0,0.05,XGBoost_grid_1_AutoML_1_20260603_184935_model_2,year,0.11702281635254617
0,0,0.05,XGBoost_grid_1_AutoML_1_20260603_184935_model_3,target_lag1,21.874549927711488
0,0,0.05,XGBoost_grid_1_AutoML_1_20260603_184935_model_3,target_lag2,16.08881444275379
0,0,0.05,XGBoost_grid_1_AutoML_1_20260603_184935_model_3,target_lag3,12.255054386258125
0,0,0.05,XGBoost_grid_1_AutoML_1_20260603_184935_model_3,target_lag4,1.184986584931612
0,0,0.05,XGBoost_grid_1_AutoML_1_20260603_184935_model_3,target_lag5,1.48474219892174
0,0,0.05,XGBoost_grid_1_AutoML_1_20260603_184935_model_3,target_lag6,6.819028802216053
0,0,0.05,XGBoost_grid_1_AutoML_1_20260603_184935_model_3,hour_lag1,3.752971514649689
0,0,0.05,XGBoost_grid_1_AutoML_1_20260603_184935_model_3,day_of_week_lag1,0.2925073433946818
0,0,0.05,XGBoost_grid_1_AutoML_1_20260603_184935_model_3,month_lag1,0.18555299608036877
0,0,0.05,XGBoost_grid_1_AutoML_1_20260603_184935_model_3,trend_lag1,0.6980410888791084
0,0,0.05,XGBoost_grid_1_AutoML_1_20260603_184935_model_3,month_sin,0.033946553192799864
0,0,0.05,XGBoost_grid_1_AutoML_1_20260603_184935_model_3,month_cos,0.05233738555281884
0,0,0.05,XGBoost_grid_1_AutoML_1_20260603_184935_model_3,year,0.7080082546174526
0,0,0.05,XGBoost_3_AutoML_1_20260603_184935,target_lag1,52.28645342826843
0,0,0.05,XGBoost_3_AutoML_1_20260603_184935,target_lag2,2.825822160243988
0,0,0.05,XGBoost_3_AutoML_1_20260603_184935,target_lag3,1.3022946998849512
0,0,0.05,XGBoost_3_AutoML_1_20260603_184935,target_lag4,0.7299267729744315
0,0,0.05,XGBoost_3_AutoML_1_20260603_184935,target_lag5,1.4585668563842773
0,0,0.05,XGBoost_3_AutoML_1_20260603_184935,target_lag6,3.3614699751930313
0,0,0.05,XGBoost_3_AutoML_1_20260603_184935,hour_lag1,3.4258400715887545
0,0,0.05,XGBoost_3_AutoML_1_20260603_184935,day_of_week_lag1,0.16468336334917694
0,0,0.05,XGBoost_3_AutoML_1_20260603_184935,month_lag1,0.1496019767527468
0,0,0.05,XGBoost_3_AutoML_1_20260603_184935,trend_lag1,0.21652270277962085
0,0,0.05,XGBoost_3_AutoML_1_20260603_184935,month_sin,0.004768517517950341
0,0,0.05,XGBoost_3_AutoML_1_20260603_184935,month_cos,0.004088149172021032
0,0,0.05,XGBoost_3_AutoML_1_20260603_184935,year,0.12343797623645511
0,0,0.1,GBM_1_AutoML_1_20260603_184935,target_lag1,34.18714382171631
0,0,0.1,GBM_1_AutoML_1_20260603_184935,target_lag2,16.77368024110794
0,0,0.1,GBM_1_AutoML_1_20260603_184935,target_lag3,3.981722854524851
0,0,0.1,GBM_1_AutoML_1_20260603_184935,target_lag4,1.24299296555575
0,0,0.1,GBM_1_AutoML_1_20260603_184935,target_lag5,0.5002960942871869
0,0,0.1,GBM_1_AutoML_1_20260603_184935,target_lag6,1.2441911113634705
0,0,0.1,GBM_1_AutoML_1_20260603_184935,hour_lag1,3.208821335490793
0,0,0.1,GBM_1_AutoML_1_20260603_184935,day_of_week_lag1,0.3721706118667498
0,0,0.1,GBM_1_AutoML_1_20260603_184935,month_lag1,0.23330437401309606
0,0,0.1,GBM_1_AutoML_1_20260603_184935,trend_lag1,0.4624558225274086
0,0,0.1,GBM_1_AutoML_1_20260603_184935,month_sin,0.10870464687584896
0,0,0.1,GBM_1_AutoML_1_20260603_184935,month_cos,0.06040081026265394
0,0,0.1,GBM_1_AutoML_1_20260603_184935,year,0.16499799802899356
0,0,0.1,GBM_4_AutoML_1_20260603_184935,target_lag1,37.88087198257446
0,0,0.1,GBM_4_AutoML_1_20260603_184935,target_lag2,9.183617343157529
0,0,0.1,GBM_4_AutoML_1_20260603_184935,target_lag3,6.132721443176269
0,0,0.1,GBM_4_AutoML_1_20260603_184935,target_lag4,1.5599406810104848
0,0,0.1,GBM_4_AutoML_1_20260603_184935,target_lag5,1.639880057638511
0,0,0.1,GBM_4_AutoML_1_20260603_184935,target_lag6,2.5117821645364167
0,0,0.1,GBM_4_AutoML_1_20260603_184935,hour_lag1,3.3625196786224842
0,0,0.1,GBM_4_AutoML_1_20260603_184935,day_of_week_lag1,0.36829257786273956
0,0,0.1,GBM_4_AutoML_1_20260603_184935,month_lag1,0.3446204143972136
0,0,0.1,GBM_4_AutoML_1_20260603_184935,trend_lag1,0.704245608523488
0,0,0.1,GBM_4_AutoML_1_20260603_184935,month_sin,0.08201695081777867
0,0,0.1,GBM_4_AutoML_1_20260603_184935,month_cos,0.07322530056117099
0,0,0.1,GBM_4_AutoML_1_20260603_184935,year,0.14287251524161546
0,0,0.1,GBM_grid_1_AutoML_1_20260603_184935_model_3,target_lag1,27.23762417793274
0,0,0.1,GBM_grid_1_AutoML_1_20260603_184935_model_3,target_lag2,16.504364117085935
0,0,0.1,GBM_grid_1_AutoML_1_20260603_184935_model_3,target_lag3,4.606585591435432
0,0,0.1,GBM_grid_1_AutoML_1_20260603_184935_model_3,target_lag4,3.5718886971473696
0,0,0.1,GBM_grid_1_AutoML_1_20260603_184935_model_3,target_lag5,1.8360165324434639
0,0,0.1,GBM_grid_1_AutoML_1_20260603_184935_model_3,target_lag6,5.0837675304710865
0,0,0.1,GBM_grid_1_AutoML_1_20260603_184935_model_3,hour_lag1,3.380759272277355
0,0,0.1,GBM_grid_1_AutoML_1_20260603_184935_model_3,day_of_week_lag1,0.3186886353977025
0,0,0.1,GBM_grid_1_AutoML_1_20260603_184935_model_3,month_lag1,0.25668792821466924
0,0,0.1,GBM_grid_1_AutoML_1_20260603_184935_model_3,trend_lag1,0.4499598248302937
0,0,0.1,GBM_grid_1_AutoML_1_20260603_184935_model_3,month_sin,0.05397916736139446
0,0,0.1,GBM_grid_1_AutoML_1_20260603_184935_model_3,month_cos,0.046807072971714624
0,0,0.1,GBM_grid_1_AutoML_1_20260603_184935_model_3,year,0.36084645681083205
0,0,0.1,GBM_3_AutoML_1_20260603_184935,target_lag1,41.28329791545868
0,0,0.1,GBM_3_AutoML_1_20260603_184935,target_lag2,7.8864373159408565
0,0,0.1,GBM_3_AutoML_1_20260603_184935,target_lag3,4.03452109625563
0,0,0.1,GBM_3_AutoML_1_20260603_184935,target_lag4,2.0356745278835295
0,0,0.1,GBM_3_AutoML_1_20260603_184935,target_lag5,1.052646281735506
0,0,0.1,GBM_3_AutoML_1_20260603_184935,target_lag6,2.3770515610650182
0,0,0.1,GBM_3_AutoML_1_20260603_184935,hour_lag1,3.012829228639603
0,0,0.1,GBM_3_AutoML_1_20260603_184935,day_of_week_lag1,0.2582800815813243
0,0,0.1,GBM_3_AutoML_1_20260603_184935,month_lag1,0.22370591090992092
0,0,0.1,GBM_3_AutoML_1_20260603_184935,trend_lag1,0.4703598321974278
0,0,0.1,GBM_3_AutoML_1_20260603_184935,month_sin,0.052746834605932186
0,0,0.1,GBM_3_AutoML_1_20260603_184935,month_cos,0.05441295550670471
0,0,0.1,GBM_3_AutoML_1_20260603_184935,year,0.19581529289484023
0,0,0.1,GBM_grid_1_AutoML_1_20260603_184935_model_2,target_lag1,54.761654209047556
0,0,0.1,GBM_grid_1_AutoML_1_20260603_184935_model_2,target_lag2,0.7097175308130681
0,0,0.1,GBM_grid_1_AutoML_1_20260603_184935_model_2,target_lag3,1.2965266178920865
0,0,0.1,GBM_grid_1_AutoML_1_20260603_184935_model_2,target_lag4,0.31158108860719946
0,0,0.1,GBM_grid_1_AutoML_1_20260603_184935_model_2,target_lag5,0.6918935440480709
0,0,0.1,GBM_grid_1_AutoML_1_20260603_184935_model_2,target_lag6,1.897638037353754
0,0,0.1,GBM_grid_1_AutoML_1_20260603_184935_model_2,hour_lag1,3.1621427067928014
0,0,0.1,GBM_grid_1_AutoML_1_20260603_184935_model_2,day_of_week_lag1,0.2938348033814691
0,0,0.1,GBM_grid_1_AutoML_1_20260603_184935_model_2,month_lag1,0.17103748907335098
0,0,0.1,GBM_grid_1_AutoML_1_20260603_184935_model_2,trend_lag1,0.48078312799334527
0,0,0.1,GBM_grid_1_AutoML_1_20260603_184935_model_2,month_sin,0.03525652552831157
0,0,0.1,GBM_grid_1_AutoML_1_20260603_184935_model_2,month_cos,0.030040693085484196
0,0,0.1,GBM_grid_1_AutoML_1_20260603_184935_model_2,year,0.03351234051136994
0,0,0.1,GBM_2_AutoML_1_20260603_184935,target_lag1,33.11998675346374
0,0,0.1,GBM_2_AutoML_1_20260603_184935,target_lag2,18.62361359834671
0,0,0.1,GBM_2_AutoML_1_20260603_184935,target_lag3,3.2414195899665357
0,0,0.1,GBM_2_AutoML_1_20260603_184935,target_lag4,0.5727562844892964
0,0,0.1,GBM_2_AutoML_1_20260603_184935,target_lag5,0.9539431189373135
0,0,0.1,GBM_2_AutoML_1_20260603_184935,target_lag6,2.0060146013647318
0,0,0.1,GBM_2_AutoML_1_20260603_184935,hour_lag1,3.0730136546120046
0,0,0.1,GBM_2_AutoML_1_20260603_184935,day_of_week_lag1,0.20005450883938466
0,0,0.1,GBM_2_AutoML_1_20260603_184935,month_lag1,0.18316510519711296
0,0,0.1,GBM_2_AutoML_1_20260603_184935,trend_lag1,0.5722234586346895
0,0,0.1,GBM_2_AutoML_1_20260603_184935,month_sin,0.030037317218957426
0,0,0.1,GBM_2_AutoML_1_20260603_184935,month_cos,0.041371466485325026
0,0,0.1,GBM_2_AutoML_1_20260603_184935,year,0.20791479483246803
0,0,0.1,XGBoost_grid_1_AutoML_1_20260603_184935_model_5,target_lag1,52.94106154561043
0,0,0.1,XGBoost_grid_1_AutoML_1_20260603_184935_model_5,target_lag2,2.056804458424449
0,0,0.1,XGBoost_grid_1_AutoML_1_20260603_184935_model_5,target_lag3,1.1464429534226657
0,0,0.1,XGBoost_grid_1_AutoML_1_20260603_184935_model_5,target_lag4,0.4581746031716466
0,0,0.1,XGBoost_grid_1_AutoML_1_20260603_184935_model_5,target_lag5,0.49006436463445424
0,0,0.1,XGBoost_grid_1_AutoML_1_20260603_184935_model_5,target_lag6,1.8300683388113976
0,0,0.1,XGBoost_grid_1_AutoML_1_20260603_184935_model_5,hour_lag1,3.7707749243825672
0,0,0.1,XGBoost_grid_1_AutoML_1_20260603_184935_model_5,day_of_week_lag1,0.33452079048380257
0,0,0.1,XGBoost_grid_1_AutoML_1_20260603_184935_model_5,month_lag1,0.20507728716591372
0,0,0.1,XGBoost_grid_1_AutoML_1_20260603_184935_model_5,trend_lag1,0.4041183960768103
0,0,0.1,XGBoost_grid_1_AutoML_1_20260603_184935_model_5,month_sin,0.05633217995113224
0,0,0.1,XGBoost_grid_1_AutoML_1_20260603_184935_model_5,month_cos,0.06545320559293027
0,0,0.1,XGBoost_grid_1_AutoML_1_20260603_184935_model_5,year,0.04422926036058922
0,0,0.1,GBM_grid_1_AutoML_1_20260603_184935_model_1,target_lag1,23.432958017662166
0,0,0.1,GBM_grid_1_AutoML_1_20260603_184935_model_1,target_lag2,16.08960516422987
0,0,0.1,GBM_grid_1_AutoML_1_20260603_184935_model_1,target_lag3,7.122040532380343
0,0,0.1,GBM_grid_1_AutoML_1_20260603_184935_model_1,target_lag4,2.6720973537303507
0,0,0.1,GBM_grid_1_AutoML_1_20260603_184935_model_1,target_lag5,7.496114786863327
0,0,0.1,GBM_grid_1_AutoML_1_20260603_184935_model_1,target_lag6,0.8501881565665826
0,0,0.1,GBM_grid_1_AutoML_1_20260603_184935_model_1,hour_lag1,3.2257602292299272
0,0,0.1,GBM_grid_1_AutoML_1_20260603_184935_model_1,day_of_week_lag1,0.32570707991719244
0,0,0.1,GBM_grid_1_AutoML_1_20260603_184935_model_1,month_lag1,0.34679792830720546
0,0,0.1,GBM_grid_1_AutoML_1_20260603_184935_model_1,trend_lag1,0.42666729912161827
0,0,0.1,GBM_grid_1_AutoML_1_20260603_184935_model_1,month_sin,0.0938106994098052
0,0,0.1,GBM_grid_1_AutoML_1_20260603_184935_model_1,month_cos,0.12347573452163484
0,0,0.1,GBM_grid_1_AutoML_1_20260603_184935_model_1,year,0.21391328871948645
0,0,0.1,DRF_1_AutoML_1_20260603_184935,target_lag1,24.19368999481201
0,0,0.1,DRF_1_AutoML_1_20260603_184935,target_lag2,9.574833514988422
0,0,0.1,DRF_1_AutoML_1_20260603_184935,target_lag3,7.744251906946301
0,0,0.1,DRF_1_AutoML_1_20260603_184935,target_lag4,5.398649015165866
0,0,0.1,DRF_1_AutoML_1_20260603_184935,target_lag5,4.067245729789138
0,0,0.1,DRF_1_AutoML_1_20260603_184935,target_lag6,4.052432176619768
0,0,0.1,DRF_1_AutoML_1_20260603_184935,hour_lag1,2.59459353171289
0,0,0.1,DRF_1_AutoML_1_20260603_184935,day_of_week_lag1,0.3806837946549058
0,0,0.1,DRF_1_AutoML_1_20260603_184935,month_lag1,0.16358008290873838
0,0,0.1,DRF_1_AutoML_1_20260603_184935,trend_lag1,0.49618496239185333
0,0,0.1,DRF_1_AutoML_1_20260603_184935,month_sin,0.06647184873465445
0,0,0.1,DRF_1_AutoML_1_20260603_184935,month_cos,0.09950151742668818
0,0,0.1,DRF_1_AutoML_1_20260603_184935,year,0.19607179079204798
0,0,0.1,GBM_5_AutoML_1_20260603_184935,target_lag1,27.32837913811207
0,0,0.1,GBM_5_AutoML_1_20260603_184935,target_lag2,18.36134432375431
0,0,0.1,GBM_5_AutoML_1_20260603_184935,target_lag3,6.633274792283774
0,0,0.1,GBM_5_AutoML_1_20260603_184935,target_lag4,0.7621553994715213
0,0,0.1,GBM_5_AutoML_1_20260603_184935,target_lag5,2.796781534552574
0,0,0.1,GBM_5_AutoML_1_20260603_184935,target_lag6,2.074153720885515
0,0,0.1,GBM_5_AutoML_1_20260603_184935,hour_lag1,3.2553418673574925
0,0,0.1,GBM_5_AutoML_1_20260603_184935,day_of_week_lag1,0.17989259924273937
0,0,0.1,GBM_5_AutoML_1_20260603_184935,month_lag1,0.339712935204152
0,0,0.1,GBM_5_AutoML_1_20260603_184935,trend_lag1,0.5206310709007085
0,0,0.1,GBM_5_AutoML_1_20260603_184935,month_sin,0.01617927853716532
0,0,0.1,GBM_5_AutoML_1_20260603_184935,month_cos,0.03193218420958142
0,0,0.1,GBM_5_AutoML_1_20260603_184935,year,0.40016104503534733
0,0,0.1,XRT_1_AutoML_1_20260603_184935,target_lag1,30137.84911105752
0,0,0.1,XRT_1_AutoML_1_20260603_184935,target_lag2,96.04592363119126
0,0,0.1,XRT_1_AutoML_1_20260603_184935,target_lag3,57.892587202340366
0,0,0.1,XRT_1_AutoML_1_20260603_184935,target_lag4,18.320969660282135
0,0,0.1,XRT_1_AutoML_1_20260603_184935,target_lag5,193694.9336278294
0,0,0.1,XRT_1_AutoML_1_20260603_184935,target_lag6,95.46864357575774
0,0,0.1,XRT_1_AutoML_1_20260603_184935,hour_lag1,22.828335713148117
0,0,0.1,XRT_1_AutoML_1_20260603_184935,day_of_week_lag1,21.09267421040684
0,0,0.1,XRT_1_AutoML_1_20260603_184935,month_lag1,35.017332431208345
0,0,0.1,XRT_1_AutoML_1_20260603_184935,trend_lag1,7.4425416240468625
0,0,0.1,XRT_1_AutoML_1_20260603_184935,month_sin,219.48973100297152
0,0,0.1,XRT_1_AutoML_1_20260603_184935,month_cos,5462.25434958309
0,0,0.1,XRT_1_AutoML_1_20260603_184935,year,37.56824927602429
0,0,0.1,XGBoost_grid_1_AutoML_1_20260603_184935_model_2,target_lag1,35.117203359603884
0,0,0.1,XGBoost_grid_1_AutoML_1_20260603_184935_model_2,target_lag2,20.539642344117166
0,0,0.1,XGBoost_grid_1_AutoML_1_20260603_184935_model_2,target_lag3,1.1399793852120639
0,0,0.1,XGBoost_grid_1_AutoML_1_20260603_184935_model_2,target_lag4,0.5086001077666878
0,0,0.1,XGBoost_grid_1_AutoML_1_20260603_184935_model_2,target_lag5,0.8075854022800922
0,0,0.1,XGBoost_grid_1_AutoML_1_20260603_184935_model_2,target_lag6,2.7560302400495855
0,0,0.1,XGBoost_grid_1_AutoML_1_20260603_184935_model_2,hour_lag1,3.5741968414187433
0,0,0.1,XGBoost_grid_1_AutoML_1_20260603_184935_model_2,day_of_week_lag1,0.4461125733423978
0,0,0.1,XGBoost_grid_1_AutoML_1_20260603_184935_model_2,month_lag1,0.18540613189921715
0,0,0.1,XGBoost_grid_1_AutoML_1_20260603_184935_model_2,trend_lag1,1.1565954231470823
0,0,0.1,XGBoost_grid_1_AutoML_1_20260603_184935_model_2,month_sin,0.05784440882154737
0,0,0.1,XGBoost_grid_1_AutoML_1_20260603_184935_model_2,month_cos,0.04653972289059308
0,0,0.1,XGBoost_grid_1_AutoML_1_20260603_184935_model_2,year,0.11702281635254617
0,0,0.1,XGBoost_grid_1_AutoML_1_20260603_184935_model_3,target_lag1,21.874549927711488
0,0,0.1,XGBoost_grid_1_AutoML_1_20260603_184935_model_3,target_lag2,16.08881444275379
0,0,0.1,XGBoost_grid_1_AutoML_1_20260603_184935_model_3,target_lag3,12.255054386258125
0,0,0.1,XGBoost_grid_1_AutoML_1_20260603_184935_model_3,target_lag4,1.184986584931612
0,0,0.1,XGBoost_grid_1_AutoML_1_20260603_184935_model_3,target_lag5,1.48474219892174
0,0,0.1,XGBoost_grid_1_AutoML_1_20260603_184935_model_3,target_lag6,6.819028802216053
0,0,0.1,XGBoost_grid_1_AutoML_1_20260603_184935_model_3,hour_lag1,3.752971514649689
0,0,0.1,XGBoost_grid_1_AutoML_1_20260603_184935_model_3,day_of_week_lag1,0.2925073433946818
0,0,0.1,XGBoost_grid_1_AutoML_1_20260603_184935_model_3,month_lag1,0.18555299608036877
0,0,0.1,XGBoost_grid_1_AutoML_1_20260603_184935_model_3,trend_lag1,0.6980410888791084
0,0,0.1,XGBoost_grid_1_AutoML_1_20260603_184935_model_3,month_sin,0.033946553192799864
0,0,0.1,XGBoost_grid_1_AutoML_1_20260603_184935_model_3,month_cos,0.05233738555281884
0,0,0.1,XGBoost_grid_1_AutoML_1_20260603_184935_model_3,year,0.7080082546174526
0,0,0.1,XGBoost_3_AutoML_1_20260603_184935,target_lag1,52.28645342826843
0,0,0.1,XGBoost_3_AutoML_1_20260603_184935,target_lag2,2.825822160243988
0,0,0.1,XGBoost_3_AutoML_1_20260603_184935,target_lag3,1.3022946998849512
0,0,0.1,XGBoost_3_AutoML_1_20260603_184935,target_lag4,0.7299267729744315
0,0,0.1,XGBoost_3_AutoML_1_20260603_184935,target_lag5,1.4585668563842773
0,0,0.1,XGBoost_3_AutoML_1_20260603_184935,target_lag6,3.3614699751930313
0,0,0.1,XGBoost_3_AutoML_1_20260603_184935,hour_lag1,3.4258400715887545
0,0,0.1,XGBoost_3_AutoML_1_20260603_184935,day_of_week_lag1,0.16468336334917694
0,0,0.1,XGBoost_3_AutoML_1_20260603_184935,month_lag1,0.1496019767527468
0,0,0.1,XGBoost_3_AutoML_1_20260603_184935,trend_lag1,0.21652270277962085
0,0,0.1,XGBoost_3_AutoML_1_20260603_184935,month_sin,0.004768517517950341
0,0,0.1,XGBoost_3_AutoML_1_20260603_184935,month_cos,0.004088149172021032
0,0,0.1,XGBoost_3_AutoML_1_20260603_184935,year,0.12343797623645511
0,0,0.1,XGBoost_2_AutoML_1_20260603_184935,target_lag1,36.12470531463623
0,0,0.1,XGBoost_2_AutoML_1_20260603_184935,target_lag2,14.382450954914093
0,0,0.1,XGBoost_2_AutoML_1_20260603_184935,target_lag3,3.801786675453186
0,0,0.1,XGBoost_2_AutoML_1_20260603_184935,target_lag4,0.889874408589676
0,0,0.1,XGBoost_2_AutoML_1_20260603_184935,target_lag5,1.22240206155926
0,0,0.1,XGBoost_2_AutoML_1_20260603_184935,target_lag6,3.732687098532915
0,0,0.1,XGBoost_2_AutoML_1_20260603_184935,hour_lag1,3.4640032690763474
0,0,0.1,XGBoost_2_AutoML_1_20260603_184935,day_of_week_lag1,0.4035245988611132
0,0,0.1,XGBoost_2_AutoML_1_20260603_184935,month_lag1,0.38487985205603764
0,0,0.1,XGBoost_2_AutoML_1_20260603_184935,trend_lag1,0.8186341137997806
0,0,0.1,XGBoost_2_AutoML_1_20260603_184935,month_sin,0.09419862380716948
0,0,0.1,XGBoost_2_AutoML_1_20260603_184935,month_cos,0.16993243064731356
0,0,0.1,XGBoost_2_AutoML_1_20260603_184935,year,0.14912466149777173
0,0,0.1,XGBoost_grid_1_AutoML_1_20260603_184935_model_6,target_lag1,43.15640933990478
0,0,0.1,XGBoost_grid_1_AutoML_1_20260603_184935_model_6,target_lag2,7.855363682731986
0,0,0.1,XGBoost_grid_1_AutoML_1_20260603_184935_model_6,target_lag3,2.4231844672560694
0,0,0.1,XGBoost_grid_1_AutoML_1_20260603_184935_model_6,target_lag4,1.5242590962350369
0,0,0.1,XGBoost_grid_1_AutoML_1_20260603_184935_model_6,target_lag5,5.212025885134936
0,0,0.1,XGBoost_grid_1_AutoML_1_20260603_184935_model_6,target_lag6,2.5463952247798445
0,0,0.1,XGBoost_grid_1_AutoML_1_20260603_184935_model_6,hour_lag1,3.4066253415029495
0,0,0.1,XGBoost_grid_1_AutoML_1_20260603_184935_model_6,day_of_week_lag1,0.18943792019039393
0,0,0.1,XGBoost_grid_1_AutoML_1_20260603_184935_model_6,month_lag1,0.17998572248965503
0,0,0.1,XGBoost_grid_1_AutoML_1_20260603_184935_model_6,trend_lag1,0.4780457858741283
0,0,0.1,XGBoost_grid_1_AutoML_1_20260603_184935_model_6,month_sin,0.014663944412022789
0,0,0.1,XGBoost_grid_1_AutoML_1_20260603_184935_model_6,month_cos,0.0051331779547035186
0,0,0.1,XGBoost_grid_1_AutoML_1_20260603_184935_model_6,year,0.14907910746755074
0,0,0.1,XGBoost_grid_1_AutoML_1_20260603_184935_model_1,target_lag1,54.46555473327637
0,0,0.1,XGBoost_grid_1_AutoML_1_20260603_184935_model_1,target_lag2,1.7838228231668471
0,0,0.1,XGBoost_grid_1_AutoML_1_20260603_184935_model_1,target_lag3,1.3752054456993938
0,0,0.1,XGBoost_grid_1_AutoML_1_20260603_184935_model_1,target_lag4,0.6572774590551853
0,0,0.1,XGBoost_grid_1_AutoML_1_20260603_184935_model_1,target_lag5,1.0389918692596256
0,0,0.1,XGBoost_grid_1_AutoML_1_20260603_184935_model_1,target_lag6,1.5589542600885034
0,0,0.1,XGBoost_grid_1_AutoML_1_20260603_184935_model_1,hour_lag1,3.7094130131602285
0,0,0.1,XGBoost_grid_1_AutoML_1_20260603_184935_model_1,day_of_week_lag1,0.3958112215902656
0,0,0.1,XGBoost_grid_1_AutoML_1_20260603_184935_model_1,month_lag1,0.2638958225026727
0,0,0.1,XGBoost_grid_1_AutoML_1_20260603_184935_model_1,trend_lag1,0.97012770248577
0,0,0.1,XGBoost_grid_1_AutoML_1_20260603_184935_model_1,month_sin,0.09961660117493007
0,0,0.1,XGBoost_grid_1_AutoML_1_20260603_184935_model_1,month_cos,0.15747826427454126
0,0,0.1,XGBoost_grid_1_AutoML_1_20260603_184935_model_1,year,0.0
0,0,0.1,XGBoost_1_AutoML_1_20260603_184935,target_lag1,45.52491987466812
0,0,0.1,XGBoost_1_AutoML_1_20260603_184935,target_lag2,2.1585869362950323
0,0,0.1,XGBoost_1_AutoML_1_20260603_184935,target_lag3,9.290752127170563
0,0,0.1,XGBoost_1_AutoML_1_20260603_184935,target_lag4,1.19093592107296
0,0,0.1,XGBoost_1_AutoML_1_20260603_184935,target_lag5,1.4719278934039175
0,0,0.1,XGBoost_1_AutoML_1_20260603_184935,target_lag6,1.6279636666644364
0,0,0.1,XGBoost_1_AutoML_1_20260603_184935,hour_lag1,3.7204764814674856
0,0,0.1,XGBoost_1_AutoML_1_20260603_184935,day_of_week_lag1,0.4051079503260553
0,0,0.1,XGBoost_1_AutoML_1_20260603_184935,month_lag1,0.3952451196499169
0,0,0.1,XGBoost_1_AutoML_1_20260603_184935,trend_lag1,1.3727450128644705
0,0,0.1,XGBoost_1_AutoML_1_20260603_184935,month_sin,0.11909363151062276
0,0,0.1,XGBoost_1_AutoML_1_20260603_184935,month_cos,0.13685817222110924
0,0,0.1,XGBoost_1_AutoML_1_20260603_184935,year,0.1894574351608753
0,0,0.2,GBM_1_AutoML_1_20260603_184935,target_lag1,34.18714382171631
0,0,0.2,GBM_1_AutoML_1_20260603_184935,target_lag2,16.77368024110794
0,0,0.2,GBM_1_AutoML_1_20260603_184935,target_lag3,3.981722854524851
0,0,0.2,GBM_1_AutoML_1_20260603_184935,target_lag4,1.24299296555575
0,0,0.2,GBM_1_AutoML_1_20260603_184935,target_lag5,0.5002960942871869
0,0,0.2,GBM_1_AutoML_1_20260603_184935,target_lag6,1.2441911113634705
0,0,0.2,GBM_1_AutoML_1_20260603_184935,hour_lag1,3.208821335490793
0,0,0.2,GBM_1_AutoML_1_20260603_184935,day_of_week_lag1,0.3721706118667498
0,0,0.2,GBM_1_AutoML_1_20260603_184935,month_lag1,0.23330437401309606
0,0,0.2,GBM_1_AutoML_1_20260603_184935,trend_lag1,0.4624558225274086
0,0,0.2,GBM_1_AutoML_1_20260603_184935,month_sin,0.10870464687584896
0,0,0.2,GBM_1_AutoML_1_20260603_184935,month_cos,0.06040081026265394
0,0,0.2,GBM_1_AutoML_1_20260603_184935,year,0.16499799802899356
0,0,0.2,GBM_4_AutoML_1_20260603_184935,target_lag1,37.88087198257446
0,0,0.2,GBM_4_AutoML_1_20260603_184935,target_lag2,9.183617343157529
0,0,0.2,GBM_4_AutoML_1_20260603_184935,target_lag3,6.132721443176269
0,0,0.2,GBM_4_AutoML_1_20260603_184935,target_lag4,1.5599406810104848
0,0,0.2,GBM_4_AutoML_1_20260603_184935,target_lag5,1.639880057638511
0,0,0.2,GBM_4_AutoML_1_20260603_184935,target_lag6,2.5117821645364167
0,0,0.2,GBM_4_AutoML_1_20260603_184935,hour_lag1,3.3625196786224842
0,0,0.2,GBM_4_AutoML_1_20260603_184935,day_of_week_lag1,0.36829257786273956
0,0,0.2,GBM_4_AutoML_1_20260603_184935,month_lag1,0.3446204143972136
0,0,0.2,GBM_4_AutoML_1_20260603_184935,trend_lag1,0.704245608523488
0,0,0.2,GBM_4_AutoML_1_20260603_184935,month_sin,0.08201695081777867
0,0,0.2,GBM_4_AutoML_1_20260603_184935,month_cos,0.07322530056117099
0,0,0.2,GBM_4_AutoML_1_20260603_184935,year,0.14287251524161546
0,0,0.2,GBM_grid_1_AutoML_1_20260603_184935_model_3,target_lag1,27.23762417793274
0,0,0.2,GBM_grid_1_AutoML_1_20260603_184935_model_3,target_lag2,16.504364117085935
0,0,0.2,GBM_grid_1_AutoML_1_20260603_184935_model_3,target_lag3,4.606585591435432
0,0,0.2,GBM_grid_1_AutoML_1_20260603_184935_model_3,target_lag4,3.5718886971473696
0,0,0.2,GBM_grid_1_AutoML_1_20260603_184935_model_3,target_lag5,1.8360165324434639
0,0,0.2,GBM_grid_1_AutoML_1_20260603_184935_model_3,target_lag6,5.0837675304710865
0,0,0.2,GBM_grid_1_AutoML_1_20260603_184935_model_3,hour_lag1,3.380759272277355
0,0,0.2,GBM_grid_1_AutoML_1_20260603_184935_model_3,day_of_week_lag1,0.3186886353977025
0,0,0.2,GBM_grid_1_AutoML_1_20260603_184935_model_3,month_lag1,0.25668792821466924
0,0,0.2,GBM_grid_1_AutoML_1_20260603_184935_model_3,trend_lag1,0.4499598248302937
0,0,0.2,GBM_grid_1_AutoML_1_20260603_184935_model_3,month_sin,0.05397916736139446
0,0,0.2,GBM_grid_1_AutoML_1_20260603_184935_model_3,month_cos,0.046807072971714624
0,0,0.2,GBM_grid_1_AutoML_1_20260603_184935_model_3,year,0.36084645681083205
0,0,0.2,GBM_3_AutoML_1_20260603_184935,target_lag1,41.28329791545868
0,0,0.2,GBM_3_AutoML_1_20260603_184935,target_lag2,7.8864373159408565
0,0,0.2,GBM_3_AutoML_1_20260603_184935,target_lag3,4.03452109625563
0,0,0.2,GBM_3_AutoML_1_20260603_184935,target_lag4,2.0356745278835295
0,0,0.2,GBM_3_AutoML_1_20260603_184935,target_lag5,1.052646281735506
0,0,0.2,GBM_3_AutoML_1_20260603_184935,target_lag6,2.3770515610650182
0,0,0.2,GBM_3_AutoML_1_20260603_184935,hour_lag1,3.012829228639603
0,0,0.2,GBM_3_AutoML_1_20260603_184935,day_of_week_lag1,0.2582800815813243
0,0,0.2,GBM_3_AutoML_1_20260603_184935,month_lag1,0.22370591090992092
0,0,0.2,GBM_3_AutoML_1_20260603_184935,trend_lag1,0.4703598321974278
0,0,0.2,GBM_3_AutoML_1_20260603_184935,month_sin,0.052746834605932186
0,0,0.2,GBM_3_AutoML_1_20260603_184935,month_cos,0.05441295550670471
0,0,0.2,GBM_3_AutoML_1_20260603_184935,year,0.19581529289484023
0,0,0.2,GBM_grid_1_AutoML_1_20260603_184935_model_2,target_lag1,54.761654209047556
0,0,0.2,GBM_grid_1_AutoML_1_20260603_184935_model_2,target_lag2,0.7097175308130681
0,0,0.2,GBM_grid_1_AutoML_1_20260603_184935_model_2,target_lag3,1.2965266178920865
0,0,0.2,GBM_grid_1_AutoML_1_20260603_184935_model_2,target_lag4,0.31158108860719946
0,0,0.2,GBM_grid_1_AutoML_1_20260603_184935_model_2,target_lag5,0.6918935440480709
0,0,0.2,GBM_grid_1_AutoML_1_20260603_184935_model_2,target_lag6,1.897638037353754
0,0,0.2,GBM_grid_1_AutoML_1_20260603_184935_model_2,hour_lag1,3.1621427067928014
0,0,0.2,GBM_grid_1_AutoML_1_20260603_184935_model_2,day_of_week_lag1,0.2938348033814691
0,0,0.2,GBM_grid_1_AutoML_1_20260603_184935_model_2,month_lag1,0.17103748907335098
0,0,0.2,GBM_grid_1_AutoML_1_20260603_184935_model_2,trend_lag1,0.48078312799334527
0,0,0.2,GBM_grid_1_AutoML_1_20260603_184935_model_2,month_sin,0.03525652552831157
0,0,0.2,GBM_grid_1_AutoML_1_20260603_184935_model_2,month_cos,0.030040693085484196
0,0,0.2,GBM_grid_1_AutoML_1_20260603_184935_model_2,year,0.03351234051136994
0,0,0.2,GBM_2_AutoML_1_20260603_184935,target_lag1,33.11998675346374
0,0,0.2,GBM_2_AutoML_1_20260603_184935,target_lag2,18.62361359834671
0,0,0.2,GBM_2_AutoML_1_20260603_184935,target_lag3,3.2414195899665357
0,0,0.2,GBM_2_AutoML_1_20260603_184935,target_lag4,0.5727562844892964
0,0,0.2,GBM_2_AutoML_1_20260603_184935,target_lag5,0.9539431189373135
0,0,0.2,GBM_2_AutoML_1_20260603_184935,target_lag6,2.0060146013647318
0,0,0.2,GBM_2_AutoML_1_20260603_184935,hour_lag1,3.0730136546120046
0,0,0.2,GBM_2_AutoML_1_20260603_184935,day_of_week_lag1,0.20005450883938466
0,0,0.2,GBM_2_AutoML_1_20260603_184935,month_lag1,0.18316510519711296
0,0,0.2,GBM_2_AutoML_1_20260603_184935,trend_lag1,0.5722234586346895
0,0,0.2,GBM_2_AutoML_1_20260603_184935,month_sin,0.030037317218957426
0,0,0.2,GBM_2_AutoML_1_20260603_184935,month_cos,0.041371466485325026
0,0,0.2,GBM_2_AutoML_1_20260603_184935,year,0.20791479483246803
0,0,0.2,XGBoost_grid_1_AutoML_1_20260603_184935_model_5,target_lag1,52.94106154561043
0,0,0.2,XGBoost_grid_1_AutoML_1_20260603_184935_model_5,target_lag2,2.056804458424449
0,0,0.2,XGBoost_grid_1_AutoML_1_20260603_184935_model_5,target_lag3,1.1464429534226657
0,0,0.2,XGBoost_grid_1_AutoML_1_20260603_184935_model_5,target_lag4,0.4581746031716466
0,0,0.2,XGBoost_grid_1_AutoML_1_20260603_184935_model_5,target_lag5,0.49006436463445424
0,0,0.2,XGBoost_grid_1_AutoML_1_20260603_184935_model_5,target_lag6,1.8300683388113976
0,0,0.2,XGBoost_grid_1_AutoML_1_20260603_184935_model_5,hour_lag1,3.7707749243825672
0,0,0.2,XGBoost_grid_1_AutoML_1_20260603_184935_model_5,day_of_week_lag1,0.33452079048380257
0,0,0.2,XGBoost_grid_1_AutoML_1_20260603_184935_model_5,month_lag1,0.20507728716591372
0,0,0.2,XGBoost_grid_1_AutoML_1_20260603_184935_model_5,trend_lag1,0.4041183960768103
0,0,0.2,XGBoost_grid_1_AutoML_1_20260603_184935_model_5,month_sin,0.05633217995113224
0,0,0.2,XGBoost_grid_1_AutoML_1_20260603_184935_model_5,month_cos,0.06545320559293027
0,0,0.2,XGBoost_grid_1_AutoML_1_20260603_184935_model_5,year,0.04422926036058922
0,0,0.2,GBM_grid_1_AutoML_1_20260603_184935_model_1,target_lag1,23.432958017662166
0,0,0.2,GBM_grid_1_AutoML_1_20260603_184935_model_1,target_lag2,16.08960516422987
0,0,0.2,GBM_grid_1_AutoML_1_20260603_184935_model_1,target_lag3,7.122040532380343
0,0,0.2,GBM_grid_1_AutoML_1_20260603_184935_model_1,target_lag4,2.6720973537303507
0,0,0.2,GBM_grid_1_AutoML_1_20260603_184935_model_1,target_lag5,7.496114786863327
0,0,0.2,GBM_grid_1_AutoML_1_20260603_184935_model_1,target_lag6,0.8501881565665826
0,0,0.2,GBM_grid_1_AutoML_1_20260603_184935_model_1,hour_lag1,3.2257602292299272
0,0,0.2,GBM_grid_1_AutoML_1_20260603_184935_model_1,day_of_week_lag1,0.32570707991719244
0,0,0.2,GBM_grid_1_AutoML_1_20260603_184935_model_1,month_lag1,0.34679792830720546
0,0,0.2,GBM_grid_1_AutoML_1_20260603_184935_model_1,trend_lag1,0.42666729912161827
0,0,0.2,GBM_grid_1_AutoML_1_20260603_184935_model_1,month_sin,0.0938106994098052
0,0,0.2,GBM_grid_1_AutoML_1_20260603_184935_model_1,month_cos,0.12347573452163484
0,0,0.2,GBM_grid_1_AutoML_1_20260603_184935_model_1,year,0.21391328871948645
0,0,0.2,DRF_1_AutoML_1_20260603_184935,target_lag1,24.19368999481201
0,0,0.2,DRF_1_AutoML_1_20260603_184935,target_lag2,9.574833514988422
0,0,0.2,DRF_1_AutoML_1_20260603_184935,target_lag3,7.744251906946301
0,0,0.2,DRF_1_AutoML_1_20260603_184935,target_lag4,5.398649015165866
0,0,0.2,DRF_1_AutoML_1_20260603_184935,target_lag5,4.067245729789138
0,0,0.2,DRF_1_AutoML_1_20260603_184935,target_lag6,4.052432176619768
0,0,0.2,DRF_1_AutoML_1_20260603_184935,hour_lag1,2.59459353171289
0,0,0.2,DRF_1_AutoML_1_20260603_184935,day_of_week_lag1,0.3806837946549058
0,0,0.2,DRF_1_AutoML_1_20260603_184935,month_lag1,0.16358008290873838
0,0,0.2,DRF_1_AutoML_1_20260603_184935,trend_lag1,0.49618496239185333
0,0,0.2,DRF_1_AutoML_1_20260603_184935,month_sin,0.06647184873465445
0,0,0.2,DRF_1_AutoML_1_20260603_184935,month_cos,0.09950151742668818
0,0,0.2,DRF_1_AutoML_1_20260603_184935,year,0.19607179079204798
0,0,0.2,GBM_5_AutoML_1_20260603_184935,target_lag1,27.32837913811207
0,0,0.2,GBM_5_AutoML_1_20260603_184935,target_lag2,18.36134432375431
0,0,0.2,GBM_5_AutoML_1_20260603_184935,target_lag3,6.633274792283774
0,0,0.2,GBM_5_AutoML_1_20260603_184935,target_lag4,0.7621553994715213
0,0,0.2,GBM_5_AutoML_1_20260603_184935,target_lag5,2.796781534552574
0,0,0.2,GBM_5_AutoML_1_20260603_184935,target_lag6,2.074153720885515
0,0,0.2,GBM_5_AutoML_1_20260603_184935,hour_lag1,3.2553418673574925
0,0,0.2,GBM_5_AutoML_1_20260603_184935,day_of_week_lag1,0.17989259924273937
0,0,0.2,GBM_5_AutoML_1_20260603_184935,month_lag1,0.339712935204152
0,0,0.2,GBM_5_AutoML_1_20260603_184935,trend_lag1,0.5206310709007085
0,0,0.2,GBM_5_AutoML_1_20260603_184935,month_sin,0.01617927853716532
0,0,0.2,GBM_5_AutoML_1_20260603_184935,month_cos,0.03193218420958142
0,0,0.2,GBM_5_AutoML_1_20260603_184935,year,0.40016104503534733
0,0,0.2,XRT_1_AutoML_1_20260603_184935,target_lag1,30137.84911105752
0,0,0.2,XRT_1_AutoML_1_20260603_184935,target_lag2,96.04592363119126
0,0,0.2,XRT_1_AutoML_1_20260603_184935,target_lag3,57.892587202340366
0,0,0.2,XRT_1_AutoML_1_20260603_184935,target_lag4,18.320969660282135
0,0,0.2,XRT_1_AutoML_1_20260603_184935,target_lag5,193694.9336278294
0,0,0.2,XRT_1_AutoML_1_20260603_184935,target_lag6,95.46864357575774
0,0,0.2,XRT_1_AutoML_1_20260603_184935,hour_lag1,22.828335713148117
0,0,0.2,XRT_1_AutoML_1_20260603_184935,day_of_week_lag1,21.09267421040684
0,0,0.2,XRT_1_AutoML_1_20260603_184935,month_lag1,35.017332431208345
0,0,0.2,XRT_1_AutoML_1_20260603_184935,trend_lag1,7.4425416240468625
0,0,0.2,XRT_1_AutoML_1_20260603_184935,month_sin,219.48973100297152
0,0,0.2,XRT_1_AutoML_1_20260603_184935,month_cos,5462.25434958309
0,0,0.2,XRT_1_AutoML_1_20260603_184935,year,37.56824927602429
0,0,0.2,XGBoost_grid_1_AutoML_1_20260603_184935_model_2,target_lag1,35.117203359603884
0,0,0.2,XGBoost_grid_1_AutoML_1_20260603_184935_model_2,target_lag2,20.539642344117166
0,0,0.2,XGBoost_grid_1_AutoML_1_20260603_184935_model_2,target_lag3,1.1399793852120639
0,0,0.2,XGBoost_grid_1_AutoML_1_20260603_184935_model_2,target_lag4,0.5086001077666878
0,0,0.2,XGBoost_grid_1_AutoML_1_20260603_184935_model_2,target_lag5,0.8075854022800922
0,0,0.2,XGBoost_grid_1_AutoML_1_20260603_184935_model_2,target_lag6,2.7560302400495855
0,0,0.2,XGBoost_grid_1_AutoML_1_20260603_184935_model_2,hour_lag1,3.5741968414187433
0,0,0.2,XGBoost_grid_1_AutoML_1_20260603_184935_model_2,day_of_week_lag1,0.4461125733423978
0,0,0.2,XGBoost_grid_1_AutoML_1_20260603_184935_model_2,month_lag1,0.18540613189921715
0,0,0.2,XGBoost_grid_1_AutoML_1_20260603_184935_model_2,trend_lag1,1.1565954231470823
0,0,0.2,XGBoost_grid_1_AutoML_1_20260603_184935_model_2,month_sin,0.05784440882154737
0,0,0.2,XGBoost_grid_1_AutoML_1_20260603_184935_model_2,month_cos,0.04653972289059308
0,0,0.2,XGBoost_grid_1_AutoML_1_20260603_184935_model_2,year,0.11702281635254617
0,0,0.2,XGBoost_grid_1_AutoML_1_20260603_184935_model_3,target_lag1,21.874549927711488
0,0,0.2,XGBoost_grid_1_AutoML_1_20260603_184935_model_3,target_lag2,16.08881444275379
0,0,0.2,XGBoost_grid_1_AutoML_1_20260603_184935_model_3,target_lag3,12.255054386258125
0,0,0.2,XGBoost_grid_1_AutoML_1_20260603_184935_model_3,target_lag4,1.184986584931612
0,0,0.2,XGBoost_grid_1_AutoML_1_20260603_184935_model_3,target_lag5,1.48474219892174
0,0,0.2,XGBoost_grid_1_AutoML_1_20260603_184935_model_3,target_lag6,6.819028802216053
0,0,0.2,XGBoost_grid_1_AutoML_1_20260603_184935_model_3,hour_lag1,3.752971514649689
0,0,0.2,XGBoost_grid_1_AutoML_1_20260603_184935_model_3,day_of_week_lag1,0.2925073433946818
0,0,0.2,XGBoost_grid_1_AutoML_1_20260603_184935_model_3,month_lag1,0.18555299608036877
0,0,0.2,XGBoost_grid_1_AutoML_1_20260603_184935_model_3,trend_lag1,0.6980410888791084
0,0,0.2,XGBoost_grid_1_AutoML_1_20260603_184935_model_3,month_sin,0.033946553192799864
0,0,0.2,XGBoost_grid_1_AutoML_1_20260603_184935_model_3,month_cos,0.05233738555281884
0,0,0.2,XGBoost_grid_1_AutoML_1_20260603_184935_model_3,year,0.7080082546174526
0,0,0.2,XGBoost_3_AutoML_1_20260603_184935,target_lag1,52.28645342826843
0,0,0.2,XGBoost_3_AutoML_1_20260603_184935,target_lag2,2.825822160243988
0,0,0.2,XGBoost_3_AutoML_1_20260603_184935,target_lag3,1.3022946998849512
0,0,0.2,XGBoost_3_AutoML_1_20260603_184935,target_lag4,0.7299267729744315
0,0,0.2,XGBoost_3_AutoML_1_20260603_184935,target_lag5,1.4585668563842773
0,0,0.2,XGBoost_3_AutoML_1_20260603_184935,target_lag6,3.3614699751930313
0,0,0.2,XGBoost_3_AutoML_1_20260603_184935,hour_lag1,3.4258400715887545
0,0,0.2,XGBoost_3_AutoML_1_20260603_184935,day_of_week_lag1,0.16468336334917694
0,0,0.2,XGBoost_3_AutoML_1_20260603_184935,month_lag1,0.1496019767527468
0,0,0.2,XGBoost_3_AutoML_1_20260603_184935,trend_lag1,0.21652270277962085
0,0,0.2,XGBoost_3_AutoML_1_20260603_184935,month_sin,0.004768517517950341
0,0,0.2,XGBoost_3_AutoML_1_20260603_184935,month_cos,0.004088149172021032
0,0,0.2,XGBoost_3_AutoML_1_20260603_184935,year,0.12343797623645511
0,0,0.2,XGBoost_2_AutoML_1_20260603_184935,target_lag1,36.12470531463623
0,0,0.2,XGBoost_2_AutoML_1_20260603_184935,target_lag2,14.382450954914093
0,0,0.2,XGBoost_2_AutoML_1_20260603_184935,target_lag3,3.801786675453186
0,0,0.2,XGBoost_2_AutoML_1_20260603_184935,target_lag4,0.889874408589676
0,0,0.2,XGBoost_2_AutoML_1_20260603_184935,target_lag5,1.22240206155926
0,0,0.2,XGBoost_2_AutoML_1_20260603_184935,target_lag6,3.732687098532915
0,0,0.2,XGBoost_2_AutoML_1_20260603_184935,hour_lag1,3.4640032690763474
0,0,0.2,XGBoost_2_AutoML_1_20260603_184935,day_of_week_lag1,0.4035245988611132
0,0,0.2,XGBoost_2_AutoML_1_20260603_184935,month_lag1,0.38487985205603764
0,0,0.2,XGBoost_2_AutoML_1_20260603_184935,trend_lag1,0.8186341137997806
0,0,0.2,XGBoost_2_AutoML_1_20260603_184935,month_sin,0.09419862380716948
0,0,0.2,XGBoost_2_AutoML_1_20260603_184935,month_cos,0.16993243064731356
0,0,0.2,XGBoost_2_AutoML_1_20260603_184935,year,0.14912466149777173
0,0,0.2,XGBoost_grid_1_AutoML_1_20260603_184935_model_6,target_lag1,43.15640933990478
0,0,0.2,XGBoost_grid_1_AutoML_1_20260603_184935_model_6,target_lag2,7.855363682731986
0,0,0.2,XGBoost_grid_1_AutoML_1_20260603_184935_model_6,target_lag3,2.4231844672560694
0,0,0.2,XGBoost_grid_1_AutoML_1_20260603_184935_model_6,target_lag4,1.5242590962350369
0,0,0.2,XGBoost_grid_1_AutoML_1_20260603_184935_model_6,target_lag5,5.212025885134936
0,0,0.2,XGBoost_grid_1_AutoML_1_20260603_184935_model_6,target_lag6,2.5463952247798445
0,0,0.2,XGBoost_grid_1_AutoML_1_20260603_184935_model_6,hour_lag1,3.4066253415029495
0,0,0.2,XGBoost_grid_1_AutoML_1_20260603_184935_model_6,day_of_week_lag1,0.18943792019039393
0,0,0.2,XGBoost_grid_1_AutoML_1_20260603_184935_model_6,month_lag1,0.17998572248965503
0,0,0.2,XGBoost_grid_1_AutoML_1_20260603_184935_model_6,trend_lag1,0.4780457858741283
0,0,0.2,XGBoost_grid_1_AutoML_1_20260603_184935_model_6,month_sin,0.014663944412022789
0,0,0.2,XGBoost_grid_1_AutoML_1_20260603_184935_model_6,month_cos,0.0051331779547035186
0,0,0.2,XGBoost_grid_1_AutoML_1_20260603_184935_model_6,year,0.14907910746755074
0,0,0.2,XGBoost_grid_1_AutoML_1_20260603_184935_model_1,target_lag1,54.46555473327637
0,0,0.2,XGBoost_grid_1_AutoML_1_20260603_184935_model_1,target_lag2,1.7838228231668471
0,0,0.2,XGBoost_grid_1_AutoML_1_20260603_184935_model_1,target_lag3,1.3752054456993938
0,0,0.2,XGBoost_grid_1_AutoML_1_20260603_184935_model_1,target_lag4,0.6572774590551853
0,0,0.2,XGBoost_grid_1_AutoML_1_20260603_184935_model_1,target_lag5,1.0389918692596256
0,0,0.2,XGBoost_grid_1_AutoML_1_20260603_184935_model_1,target_lag6,1.5589542600885034
0,0,0.2,XGBoost_grid_1_AutoML_1_20260603_184935_model_1,hour_lag1,3.7094130131602285
0,0,0.2,XGBoost_grid_1_AutoML_1_20260603_184935_model_1,day_of_week_lag1,0.3958112215902656
0,0,0.2,XGBoost_grid_1_AutoML_1_20260603_184935_model_1,month_lag1,0.2638958225026727
0,0,0.2,XGBoost_grid_1_AutoML_1_20260603_184935_model_1,trend_lag1,0.97012770248577
0,0,0.2,XGBoost_grid_1_AutoML_1_20260603_184935_model_1,month_sin,0.09961660117493007
0,0,0.2,XGBoost_grid_1_AutoML_1_20260603_184935_model_1,month_cos,0.15747826427454126
0,0,0.2,XGBoost_grid_1_AutoML_1_20260603_184935_model_1,year,0.0
0,0,0.2,XGBoost_1_AutoML_1_20260603_184935,target_lag1,45.52491987466812
0,0,0.2,XGBoost_1_AutoML_1_20260603_184935,target_lag2,2.1585869362950323
0,0,0.2,XGBoost_1_AutoML_1_20260603_184935,target_lag3,9.290752127170563
0,0,0.2,XGBoost_1_AutoML_1_20260603_184935,target_lag4,1.19093592107296
0,0,0.2,XGBoost_1_AutoML_1_20260603_184935,target_lag5,1.4719278934039175
0,0,0.2,XGBoost_1_AutoML_1_20260603_184935,target_lag6,1.6279636666644364
0,0,0.2,XGBoost_1_AutoML_1_20260603_184935,hour_lag1,3.7204764814674856
0,0,0.2,XGBoost_1_AutoML_1_20260603_184935,day_of_week_lag1,0.4051079503260553
0,0,0.2,XGBoost_1_AutoML_1_20260603_184935,month_lag1,0.3952451196499169
0,0,0.2,XGBoost_1_AutoML_1_20260603_184935,trend_lag1,1.3727450128644705
0,0,0.2,XGBoost_1_AutoML_1_20260603_184935,month_sin,0.11909363151062276
0,0,0.2,XGBoost_1_AutoML_1_20260603_184935,month_cos,0.13685817222110924
0,0,0.2,XGBoost_1_AutoML_1_20260603_184935,year,0.1894574351608753
0,0,0.2,GLM_1_AutoML_1_20260603_184935,target_lag1,40.92149192375231
0,0,0.2,GLM_1_AutoML_1_20260603_184935,target_lag2,13.904683240022967
0,0,0.2,GLM_1_AutoML_1_20260603_184935,target_lag3,4.6606181140992655
0,0,0.2,GLM_1_AutoML_1_20260603_184935,target_lag4,0.877128890229017
0,0,0.2,GLM_1_AutoML_1_20260603_184935,target_lag5,1.0519125509050622
0,0,0.2,GLM_1_AutoML_1_20260603_184935,target_lag6,2.667014206778766
0,0,0.2,GLM_1_AutoML_1_20260603_184935,hour_lag1,0.11628973214169655
0,0,0.2,GLM_1_AutoML_1_20260603_184935,day_of_week_lag1,0.054162589213466186
0,0,0.2,GLM_1_AutoML_1_20260603_184935,month_lag1,0.05293269928540311
0,0,0.2,GLM_1_AutoML_1_20260603_184935,trend_lag1,0.012250057055334409
0,0,0.2,GLM_1_AutoML_1_20260603_184935,month_sin,0.01031103336307052
0,0,0.2,GLM_1_AutoML_1_20260603_184935,month_cos,0.012531120685194746
0,0,0.2,GLM_1_AutoML_1_20260603_184935,year,0.1573058857008177
0,0,0.3,GBM_1_AutoML_1_20260603_184935,target_lag1,34.18714382171631
0,0,0.3,GBM_1_AutoML_1_20260603_184935,target_lag2,16.77368024110794
0,0,0.3,GBM_1_AutoML_1_20260603_184935,target_lag3,3.981722854524851
0,0,0.3,GBM_1_AutoML_1_20260603_184935,target_lag4,1.24299296555575
0,0,0.3,GBM_1_AutoML_1_20260603_184935,target_lag5,0.5002960942871869
0,0,0.3,GBM_1_AutoML_1_20260603_184935,target_lag6,1.2441911113634705
0,0,0.3,GBM_1_AutoML_1_20260603_184935,hour_lag1,3.208821335490793
0,0,0.3,GBM_1_AutoML_1_20260603_184935,day_of_week_lag1,0.3721706118667498
0,0,0.3,GBM_1_AutoML_1_20260603_184935,month_lag1,0.23330437401309606
0,0,0.3,GBM_1_AutoML_1_20260603_184935,trend_lag1,0.4624558225274086
0,0,0.3,GBM_1_AutoML_1_20260603_184935,month_sin,0.10870464687584896
0,0,0.3,GBM_1_AutoML_1_20260603_184935,month_cos,0.06040081026265394
0,0,0.3,GBM_1_AutoML_1_20260603_184935,year,0.16499799802899356
0,0,0.3,GBM_4_AutoML_1_20260603_184935,target_lag1,37.88087198257446
0,0,0.3,GBM_4_AutoML_1_20260603_184935,target_lag2,9.183617343157529
0,0,0.3,GBM_4_AutoML_1_20260603_184935,target_lag3,6.132721443176269
0,0,0.3,GBM_4_AutoML_1_20260603_184935,target_lag4,1.5599406810104848
0,0,0.3,GBM_4_AutoML_1_20260603_184935,target_lag5,1.639880057638511
0,0,0.3,GBM_4_AutoML_1_20260603_184935,target_lag6,2.5117821645364167
0,0,0.3,GBM_4_AutoML_1_20260603_184935,hour_lag1,3.3625196786224842
0,0,0.3,GBM_4_AutoML_1_20260603_184935,day_of_week_lag1,0.36829257786273956
0,0,0.3,GBM_4_AutoML_1_20260603_184935,month_lag1,0.3446204143972136
0,0,0.3,GBM_4_AutoML_1_20260603_184935,trend_lag1,0.704245608523488
0,0,0.3,GBM_4_AutoML_1_20260603_184935,month_sin,0.08201695081777867
0,0,0.3,GBM_4_AutoML_1_20260603_184935,month_cos,0.07322530056117099
0,0,0.3,GBM_4_AutoML_1_20260603_184935,year,0.14287251524161546
0,0,0.3,GBM_grid_1_AutoML_1_20260603_184935_model_3,target_lag1,27.23762417793274
0,0,0.3,GBM_grid_1_AutoML_1_20260603_184935_model_3,target_lag2,16.504364117085935
0,0,0.3,GBM_grid_1_AutoML_1_20260603_184935_model_3,target_lag3,4.606585591435432
0,0,0.3,GBM_grid_1_AutoML_1_20260603_184935_model_3,target_lag4,3.5718886971473696
0,0,0.3,GBM_grid_1_AutoML_1_20260603_184935_model_3,target_lag5,1.8360165324434639
0,0,0.3,GBM_grid_1_AutoML_1_20260603_184935_model_3,target_lag6,5.0837675304710865
0,0,0.3,GBM_grid_1_AutoML_1_20260603_184935_model_3,hour_lag1,3.380759272277355
0,0,0.3,GBM_grid_1_AutoML_1_20260603_184935_model_3,day_of_week_lag1,0.3186886353977025
0,0,0.3,GBM_grid_1_AutoML_1_20260603_184935_model_3,month_lag1,0.25668792821466924
0,0,0.3,GBM_grid_1_AutoML_1_20260603_184935_model_3,trend_lag1,0.4499598248302937
0,0,0.3,GBM_grid_1_AutoML_1_20260603_184935_model_3,month_sin,0.05397916736139446
0,0,0.3,GBM_grid_1_AutoML_1_20260603_184935_model_3,month_cos,0.046807072971714624
0,0,0.3,GBM_grid_1_AutoML_1_20260603_184935_model_3,year,0.36084645681083205
0,0,0.3,GBM_3_AutoML_1_20260603_184935,target_lag1,41.28329791545868
0,0,0.3,GBM_3_AutoML_1_20260603_184935,target_lag2,7.8864373159408565
0,0,0.3,GBM_3_AutoML_1_20260603_184935,target_lag3,4.03452109625563
0,0,0.3,GBM_3_AutoML_1_20260603_184935,target_lag4,2.0356745278835295
0,0,0.3,GBM_3_AutoML_1_20260603_184935,target_lag5,1.052646281735506
0,0,0.3,GBM_3_AutoML_1_20260603_184935,target_lag6,2.3770515610650182
0,0,0.3,GBM_3_AutoML_1_20260603_184935,hour_lag1,3.012829228639603
0,0,0.3,GBM_3_AutoML_1_20260603_184935,day_of_week_lag1,0.2582800815813243
0,0,0.3,GBM_3_AutoML_1_20260603_184935,month_lag1,0.22370591090992092
0,0,0.3,GBM_3_AutoML_1_20260603_184935,trend_lag1,0.4703598321974278
0,0,0.3,GBM_3_AutoML_1_20260603_184935,month_sin,0.052746834605932186
0,0,0.3,GBM_3_AutoML_1_20260603_184935,month_cos,0.05441295550670471
0,0,0.3,GBM_3_AutoML_1_20260603_184935,year,0.19581529289484023
0,0,0.3,GBM_grid_1_AutoML_1_20260603_184935_model_2,target_lag1,54.761654209047556
0,0,0.3,GBM_grid_1_AutoML_1_20260603_184935_model_2,target_lag2,0.7097175308130681
0,0,0.3,GBM_grid_1_AutoML_1_20260603_184935_model_2,target_lag3,1.2965266178920865
0,0,0.3,GBM_grid_1_AutoML_1_20260603_184935_model_2,target_lag4,0.31158108860719946
0,0,0.3,GBM_grid_1_AutoML_1_20260603_184935_model_2,target_lag5,0.6918935440480709
0,0,0.3,GBM_grid_1_AutoML_1_20260603_184935_model_2,target_lag6,1.897638037353754
0,0,0.3,GBM_grid_1_AutoML_1_20260603_184935_model_2,hour_lag1,3.1621427067928014
0,0,0.3,GBM_grid_1_AutoML_1_20260603_184935_model_2,day_of_week_lag1,0.2938348033814691
0,0,0.3,GBM_grid_1_AutoML_1_20260603_184935_model_2,month_lag1,0.17103748907335098
0,0,0.3,GBM_grid_1_AutoML_1_20260603_184935_model_2,trend_lag1,0.48078312799334527
0,0,0.3,GBM_grid_1_AutoML_1_20260603_184935_model_2,month_sin,0.03525652552831157
0,0,0.3,GBM_grid_1_AutoML_1_20260603_184935_model_2,month_cos,0.030040693085484196
0,0,0.3,GBM_grid_1_AutoML_1_20260603_184935_model_2,year,0.03351234051136994
0,0,0.3,GBM_2_AutoML_1_20260603_184935,target_lag1,33.11998675346374
0,0,0.3,GBM_2_AutoML_1_20260603_184935,target_lag2,18.62361359834671
0,0,0.3,GBM_2_AutoML_1_20260603_184935,target_lag3,3.2414195899665357
0,0,0.3,GBM_2_AutoML_1_20260603_184935,target_lag4,0.5727562844892964
0,0,0.3,GBM_2_AutoML_1_20260603_184935,target_lag5,0.9539431189373135
0,0,0.3,GBM_2_AutoML_1_20260603_184935,target_lag6,2.0060146013647318
0,0,0.3,GBM_2_AutoML_1_20260603_184935,hour_lag1,3.0730136546120046
0,0,0.3,GBM_2_AutoML_1_20260603_184935,day_of_week_lag1,0.20005450883938466
0,0,0.3,GBM_2_AutoML_1_20260603_184935,month_lag1,0.18316510519711296
0,0,0.3,GBM_2_AutoML_1_20260603_184935,trend_lag1,0.5722234586346895
0,0,0.3,GBM_2_AutoML_1_20260603_184935,month_sin,0.030037317218957426
0,0,0.3,GBM_2_AutoML_1_20260603_184935,month_cos,0.041371466485325026
0,0,0.3,GBM_2_AutoML_1_20260603_184935,year,0.20791479483246803
0,0,0.3,XGBoost_grid_1_AutoML_1_20260603_184935_model_5,target_lag1,52.94106154561043
0,0,0.3,XGBoost_grid_1_AutoML_1_20260603_184935_model_5,target_lag2,2.056804458424449
0,0,0.3,XGBoost_grid_1_AutoML_1_20260603_184935_model_5,target_lag3,1.1464429534226657
0,0,0.3,XGBoost_grid_1_AutoML_1_20260603_184935_model_5,target_lag4,0.4581746031716466
0,0,0.3,XGBoost_grid_1_AutoML_1_20260603_184935_model_5,target_lag5,0.49006436463445424
0,0,0.3,XGBoost_grid_1_AutoML_1_20260603_184935_model_5,target_lag6,1.8300683388113976
0,0,0.3,XGBoost_grid_1_AutoML_1_20260603_184935_model_5,hour_lag1,3.7707749243825672
0,0,0.3,XGBoost_grid_1_AutoML_1_20260603_184935_model_5,day_of_week_lag1,0.33452079048380257
0,0,0.3,XGBoost_grid_1_AutoML_1_20260603_184935_model_5,month_lag1,0.20507728716591372
0,0,0.3,XGBoost_grid_1_AutoML_1_20260603_184935_model_5,trend_lag1,0.4041183960768103
0,0,0.3,XGBoost_grid_1_AutoML_1_20260603_184935_model_5,month_sin,0.05633217995113224
0,0,0.3,XGBoost_grid_1_AutoML_1_20260603_184935_model_5,month_cos,0.06545320559293027
0,0,0.3,XGBoost_grid_1_AutoML_1_20260603_184935_model_5,year,0.04422926036058922
0,0,0.3,GBM_grid_1_AutoML_1_20260603_184935_model_1,target_lag1,23.432958017662166
0,0,0.3,GBM_grid_1_AutoML_1_20260603_184935_model_1,target_lag2,16.08960516422987
0,0,0.3,GBM_grid_1_AutoML_1_20260603_184935_model_1,target_lag3,7.122040532380343
0,0,0.3,GBM_grid_1_AutoML_1_20260603_184935_model_1,target_lag4,2.6720973537303507
0,0,0.3,GBM_grid_1_AutoML_1_20260603_184935_model_1,target_lag5,7.496114786863327
0,0,0.3,GBM_grid_1_AutoML_1_20260603_184935_model_1,target_lag6,0.8501881565665826
0,0,0.3,GBM_grid_1_AutoML_1_20260603_184935_model_1,hour_lag1,3.2257602292299272
0,0,0.3,GBM_grid_1_AutoML_1_20260603_184935_model_1,day_of_week_lag1,0.32570707991719244
0,0,0.3,GBM_grid_1_AutoML_1_20260603_184935_model_1,month_lag1,0.34679792830720546
0,0,0.3,GBM_grid_1_AutoML_1_20260603_184935_model_1,trend_lag1,0.42666729912161827
0,0,0.3,GBM_grid_1_AutoML_1_20260603_184935_model_1,month_sin,0.0938106994098052
0,0,0.3,GBM_grid_1_AutoML_1_20260603_184935_model_1,month_cos,0.12347573452163484
0,0,0.3,GBM_grid_1_AutoML_1_20260603_184935_model_1,year,0.21391328871948645
0,0,0.3,DRF_1_AutoML_1_20260603_184935,target_lag1,24.19368999481201
0,0,0.3,DRF_1_AutoML_1_20260603_184935,target_lag2,9.574833514988422
0,0,0.3,DRF_1_AutoML_1_20260603_184935,target_lag3,7.744251906946301
0,0,0.3,DRF_1_AutoML_1_20260603_184935,target_lag4,5.398649015165866
0,0,0.3,DRF_1_AutoML_1_20260603_184935,target_lag5,4.067245729789138
0,0,0.3,DRF_1_AutoML_1_20260603_184935,target_lag6,4.052432176619768
0,0,0.3,DRF_1_AutoML_1_20260603_184935,hour_lag1,2.59459353171289
0,0,0.3,DRF_1_AutoML_1_20260603_184935,day_of_week_lag1,0.3806837946549058
0,0,0.3,DRF_1_AutoML_1_20260603_184935,month_lag1,0.16358008290873838
0,0,0.3,DRF_1_AutoML_1_20260603_184935,trend_lag1,0.49618496239185333
0,0,0.3,DRF_1_AutoML_1_20260603_184935,month_sin,0.06647184873465445
0,0,0.3,DRF_1_AutoML_1_20260603_184935,month_cos,0.09950151742668818
0,0,0.3,DRF_1_AutoML_1_20260603_184935,year,0.19607179079204798
0,0,0.3,GBM_5_AutoML_1_20260603_184935,target_lag1,27.32837913811207
0,0,0.3,GBM_5_AutoML_1_20260603_184935,target_lag2,18.36134432375431
0,0,0.3,GBM_5_AutoML_1_20260603_184935,target_lag3,6.633274792283774
0,0,0.3,GBM_5_AutoML_1_20260603_184935,target_lag4,0.7621553994715213
0,0,0.3,GBM_5_AutoML_1_20260603_184935,target_lag5,2.796781534552574
0,0,0.3,GBM_5_AutoML_1_20260603_184935,target_lag6,2.074153720885515
0,0,0.3,GBM_5_AutoML_1_20260603_184935,hour_lag1,3.2553418673574925
0,0,0.3,GBM_5_AutoML_1_20260603_184935,day_of_week_lag1,0.17989259924273937
0,0,0.3,GBM_5_AutoML_1_20260603_184935,month_lag1,0.339712935204152
0,0,0.3,GBM_5_AutoML_1_20260603_184935,trend_lag1,0.5206310709007085
0,0,0.3,GBM_5_AutoML_1_20260603_184935,month_sin,0.01617927853716532
0,0,0.3,GBM_5_AutoML_1_20260603_184935,month_cos,0.03193218420958142
0,0,0.3,GBM_5_AutoML_1_20260603_184935,year,0.40016104503534733
0,0,0.3,XRT_1_AutoML_1_20260603_184935,target_lag1,30137.84911105752
0,0,0.3,XRT_1_AutoML_1_20260603_184935,target_lag2,96.04592363119126
0,0,0.3,XRT_1_AutoML_1_20260603_184935,target_lag3,57.892587202340366
0,0,0.3,XRT_1_AutoML_1_20260603_184935,target_lag4,18.320969660282135
0,0,0.3,XRT_1_AutoML_1_20260603_184935,target_lag5,193694.9336278294
0,0,0.3,XRT_1_AutoML_1_20260603_184935,target_lag6,95.46864357575774
0,0,0.3,XRT_1_AutoML_1_20260603_184935,hour_lag1,22.828335713148117
0,0,0.3,XRT_1_AutoML_1_20260603_184935,day_of_week_lag1,21.09267421040684
0,0,0.3,XRT_1_AutoML_1_20260603_184935,month_lag1,35.017332431208345
0,0,0.3,XRT_1_AutoML_1_20260603_184935,trend_lag1,7.4425416240468625
0,0,0.3,XRT_1_AutoML_1_20260603_184935,month_sin,219.48973100297152
0,0,0.3,XRT_1_AutoML_1_20260603_184935,month_cos,5462.25434958309
0,0,0.3,XRT_1_AutoML_1_20260603_184935,year,37.56824927602429
0,0,0.3,XGBoost_grid_1_AutoML_1_20260603_184935_model_2,target_lag1,35.117203359603884
0,0,0.3,XGBoost_grid_1_AutoML_1_20260603_184935_model_2,target_lag2,20.539642344117166
0,0,0.3,XGBoost_grid_1_AutoML_1_20260603_184935_model_2,target_lag3,1.1399793852120639
0,0,0.3,XGBoost_grid_1_AutoML_1_20260603_184935_model_2,target_lag4,0.5086001077666878
0,0,0.3,XGBoost_grid_1_AutoML_1_20260603_184935_model_2,target_lag5,0.8075854022800922
0,0,0.3,XGBoost_grid_1_AutoML_1_20260603_184935_model_2,target_lag6,2.7560302400495855
0,0,0.3,XGBoost_grid_1_AutoML_1_20260603_184935_model_2,hour_lag1,3.5741968414187433
0,0,0.3,XGBoost_grid_1_AutoML_1_20260603_184935_model_2,day_of_week_lag1,0.4461125733423978
0,0,0.3,XGBoost_grid_1_AutoML_1_20260603_184935_model_2,month_lag1,0.18540613189921715
0,0,0.3,XGBoost_grid_1_AutoML_1_20260603_184935_model_2,trend_lag1,1.1565954231470823
0,0,0.3,XGBoost_grid_1_AutoML_1_20260603_184935_model_2,month_sin,0.05784440882154737
0,0,0.3,XGBoost_grid_1_AutoML_1_20260603_184935_model_2,month_cos,0.04653972289059308
0,0,0.3,XGBoost_grid_1_AutoML_1_20260603_184935_model_2,year,0.11702281635254617
0,0,0.3,XGBoost_grid_1_AutoML_1_20260603_184935_model_3,target_lag1,21.874549927711488
0,0,0.3,XGBoost_grid_1_AutoML_1_20260603_184935_model_3,target_lag2,16.08881444275379
0,0,0.3,XGBoost_grid_1_AutoML_1_20260603_184935_model_3,target_lag3,12.255054386258125
0,0,0.3,XGBoost_grid_1_AutoML_1_20260603_184935_model_3,target_lag4,1.184986584931612
0,0,0.3,XGBoost_grid_1_AutoML_1_20260603_184935_model_3,target_lag5,1.48474219892174
0,0,0.3,XGBoost_grid_1_AutoML_1_20260603_184935_model_3,target_lag6,6.819028802216053
0,0,0.3,XGBoost_grid_1_AutoML_1_20260603_184935_model_3,hour_lag1,3.752971514649689
0,0,0.3,XGBoost_grid_1_AutoML_1_20260603_184935_model_3,day_of_week_lag1,0.2925073433946818
0,0,0.3,XGBoost_grid_1_AutoML_1_20260603_184935_model_3,month_lag1,0.18555299608036877
0,0,0.3,XGBoost_grid_1_AutoML_1_20260603_184935_model_3,trend_lag1,0.6980410888791084
0,0,0.3,XGBoost_grid_1_AutoML_1_20260603_184935_model_3,month_sin,0.033946553192799864
0,0,0.3,XGBoost_grid_1_AutoML_1_20260603_184935_model_3,month_cos,0.05233738555281884
0,0,0.3,XGBoost_grid_1_AutoML_1_20260603_184935_model_3,year,0.7080082546174526
0,0,0.3,XGBoost_3_AutoML_1_20260603_184935,target_lag1,52.28645342826843
0,0,0.3,XGBoost_3_AutoML_1_20260603_184935,target_lag2,2.825822160243988
0,0,0.3,XGBoost_3_AutoML_1_20260603_184935,target_lag3,1.3022946998849512
0,0,0.3,XGBoost_3_AutoML_1_20260603_184935,target_lag4,0.7299267729744315
0,0,0.3,XGBoost_3_AutoML_1_20260603_184935,target_lag5,1.4585668563842773
0,0,0.3,XGBoost_3_AutoML_1_20260603_184935,target_lag6,3.3614699751930313
0,0,0.3,XGBoost_3_AutoML_1_20260603_184935,hour_lag1,3.4258400715887545
0,0,0.3,XGBoost_3_AutoML_1_20260603_184935,day_of_week_lag1,0.16468336334917694
0,0,0.3,XGBoost_3_AutoML_1_20260603_184935,month_lag1,0.1496019767527468
0,0,0.3,XGBoost_3_AutoML_1_20260603_184935,trend_lag1,0.21652270277962085
0,0,0.3,XGBoost_3_AutoML_1_20260603_184935,month_sin,0.004768517517950341
0,0,0.3,XGBoost_3_AutoML_1_20260603_184935,month_cos,0.004088149172021032
0,0,0.3,XGBoost_3_AutoML_1_20260603_184935,year,0.12343797623645511
0,0,0.3,XGBoost_2_AutoML_1_20260603_184935,target_lag1,36.12470531463623
0,0,0.3,XGBoost_2_AutoML_1_20260603_184935,target_lag2,14.382450954914093
0,0,0.3,XGBoost_2_AutoML_1_20260603_184935,target_lag3,3.801786675453186
0,0,0.3,XGBoost_2_AutoML_1_20260603_184935,target_lag4,0.889874408589676
0,0,0.3,XGBoost_2_AutoML_1_20260603_184935,target_lag5,1.22240206155926
0,0,0.3,XGBoost_2_AutoML_1_20260603_184935,target_lag6,3.732687098532915
0,0,0.3,XGBoost_2_AutoML_1_20260603_184935,hour_lag1,3.4640032690763474
0,0,0.3,XGBoost_2_AutoML_1_20260603_184935,day_of_week_lag1,0.4035245988611132
0,0,0.3,XGBoost_2_AutoML_1_20260603_184935,month_lag1,0.38487985205603764
0,0,0.3,XGBoost_2_AutoML_1_20260603_184935,trend_lag1,0.8186341137997806
0,0,0.3,XGBoost_2_AutoML_1_20260603_184935,month_sin,0.09419862380716948
0,0,0.3,XGBoost_2_AutoML_1_20260603_184935,month_cos,0.16993243064731356
0,0,0.3,XGBoost_2_AutoML_1_20260603_184935,year,0.14912466149777173
0,0,0.3,XGBoost_grid_1_AutoML_1_20260603_184935_model_6,target_lag1,43.15640933990478
0,0,0.3,XGBoost_grid_1_AutoML_1_20260603_184935_model_6,target_lag2,7.855363682731986
0,0,0.3,XGBoost_grid_1_AutoML_1_20260603_184935_model_6,target_lag3,2.4231844672560694
0,0,0.3,XGBoost_grid_1_AutoML_1_20260603_184935_model_6,target_lag4,1.5242590962350369
0,0,0.3,XGBoost_grid_1_AutoML_1_20260603_184935_model_6,target_lag5,5.212025885134936
0,0,0.3,XGBoost_grid_1_AutoML_1_20260603_184935_model_6,target_lag6,2.5463952247798445
0,0,0.3,XGBoost_grid_1_AutoML_1_20260603_184935_model_6,hour_lag1,3.4066253415029495
0,0,0.3,XGBoost_grid_1_AutoML_1_20260603_184935_model_6,day_of_week_lag1,0.18943792019039393
0,0,0.3,XGBoost_grid_1_AutoML_1_20260603_184935_model_6,month_lag1,0.17998572248965503
0,0,0.3,XGBoost_grid_1_AutoML_1_20260603_184935_model_6,trend_lag1,0.4780457858741283
0,0,0.3,XGBoost_grid_1_AutoML_1_20260603_184935_model_6,month_sin,0.014663944412022789
0,0,0.3,XGBoost_grid_1_AutoML_1_20260603_184935_model_6,month_cos,0.0051331779547035186
0,0,0.3,XGBoost_grid_1_AutoML_1_20260603_184935_model_6,year,0.14907910746755074
0,0,0.3,XGBoost_grid_1_AutoML_1_20260603_184935_model_1,target_lag1,54.46555473327637
0,0,0.3,XGBoost_grid_1_AutoML_1_20260603_184935_model_1,target_lag2,1.7838228231668471
0,0,0.3,XGBoost_grid_1_AutoML_1_20260603_184935_model_1,target_lag3,1.3752054456993938
0,0,0.3,XGBoost_grid_1_AutoML_1_20260603_184935_model_1,target_lag4,0.6572774590551853
0,0,0.3,XGBoost_grid_1_AutoML_1_20260603_184935_model_1,target_lag5,1.0389918692596256
0,0,0.3,XGBoost_grid_1_AutoML_1_20260603_184935_model_1,target_lag6,1.5589542600885034
0,0,0.3,XGBoost_grid_1_AutoML_1_20260603_184935_model_1,hour_lag1,3.7094130131602285
0,0,0.3,XGBoost_grid_1_AutoML_1_20260603_184935_model_1,day_of_week_lag1,0.3958112215902656
0,0,0.3,XGBoost_grid_1_AutoML_1_20260603_184935_model_1,month_lag1,0.2638958225026727
0,0,0.3,XGBoost_grid_1_AutoML_1_20260603_184935_model_1,trend_lag1,0.97012770248577
0,0,0.3,XGBoost_grid_1_AutoML_1_20260603_184935_model_1,month_sin,0.09961660117493007
0,0,0.3,XGBoost_grid_1_AutoML_1_20260603_184935_model_1,month_cos,0.15747826427454126
0,0,0.3,XGBoost_grid_1_AutoML_1_20260603_184935_model_1,year,0.0
0,0,0.3,XGBoost_1_AutoML_1_20260603_184935,target_lag1,45.52491987466812
0,0,0.3,XGBoost_1_AutoML_1_20260603_184935,target_lag2,2.1585869362950323
0,0,0.3,XGBoost_1_AutoML_1_20260603_184935,target_lag3,9.290752127170563
0,0,0.3,XGBoost_1_AutoML_1_20260603_184935,target_lag4,1.19093592107296
0,0,0.3,XGBoost_1_AutoML_1_20260603_184935,target_lag5,1.4719278934039175
0,0,0.3,XGBoost_1_AutoML_1_20260603_184935,target_lag6,1.6279636666644364
0,0,0.3,XGBoost_1_AutoML_1_20260603_184935,hour_lag1,3.7204764814674856
0,0,0.3,XGBoost_1_AutoML_1_20260603_184935,day_of_week_lag1,0.4051079503260553
0,0,0.3,XGBoost_1_AutoML_1_20260603_184935,month_lag1,0.3952451196499169
0,0,0.3,XGBoost_1_AutoML_1_20260603_184935,trend_lag1,1.3727450128644705
0,0,0.3,XGBoost_1_AutoML_1_20260603_184935,month_sin,0.11909363151062276
0,0,0.3,XGBoost_1_AutoML_1_20260603_184935,month_cos,0.13685817222110924
0,0,0.3,XGBoost_1_AutoML_1_20260603_184935,year,0.1894574351608753
0,0,0.3,GLM_1_AutoML_1_20260603_184935,target_lag1,40.92149192375231
0,0,0.3,GLM_1_AutoML_1_20260603_184935,target_lag2,13.904683240022967
0,0,0.3,GLM_1_AutoML_1_20260603_184935,target_lag3,4.6606181140992655
0,0,0.3,GLM_1_AutoML_1_20260603_184935,target_lag4,0.877128890229017
0,0,0.3,GLM_1_AutoML_1_20260603_184935,target_lag5,1.0519125509050622
0,0,0.3,GLM_1_AutoML_1_20260603_184935,target_lag6,2.667014206778766
0,0,0.3,GLM_1_AutoML_1_20260603_184935,hour_lag1,0.11628973214169655
0,0,0.3,GLM_1_AutoML_1_20260603_184935,day_of_week_lag1,0.054162589213466186
0,0,0.3,GLM_1_AutoML_1_20260603_184935,month_lag1,0.05293269928540311
0,0,0.3,GLM_1_AutoML_1_20260603_184935,trend_lag1,0.012250057055334409
0,0,0.3,GLM_1_AutoML_1_20260603_184935,month_sin,0.01031103336307052
0,0,0.3,GLM_1_AutoML_1_20260603_184935,month_cos,0.012531120685194746
0,0,0.3,GLM_1_AutoML_1_20260603_184935,year,0.1573058857008177
0,0,0.3,XGBoost_grid_1_AutoML_1_20260603_184935_model_4,target_lag1,52.342268514633176
0,0,0.3,XGBoost_grid_1_AutoML_1_20260603_184935_model_4,target_lag2,1.6268347792699933
0,0,0.3,XGBoost_grid_1_AutoML_1_20260603_184935_model_4,target_lag3,1.895309614459984
0,0,0.3,XGBoost_grid_1_AutoML_1_20260603_184935_model_4,target_lag4,0.9823336290102452
0,0,0.3,XGBoost_grid_1_AutoML_1_20260603_184935_model_4,target_lag5,1.5623968349397181
0,0,0.3,XGBoost_grid_1_AutoML_1_20260603_184935_model_4,target_lag6,2.470937913432717
0,0,0.3,XGBoost_grid_1_AutoML_1_20260603_184935_model_4,hour_lag1,3.3117395122349262
0,0,0.3,XGBoost_grid_1_AutoML_1_20260603_184935_model_4,day_of_week_lag1,0.4689602039195597
0,0,0.3,XGBoost_grid_1_AutoML_1_20260603_184935_model_4,month_lag1,0.3415066387504339
0,0,0.3,XGBoost_grid_1_AutoML_1_20260603_184935_model_4,trend_lag1,1.9725963446497916
0,0,0.3,XGBoost_grid_1_AutoML_1_20260603_184935_model_4,month_sin,0.15299176388580235
0,0,0.3,XGBoost_grid_1_AutoML_1_20260603_184935_model_4,month_cos,0.16118492030189369
0,0,0.3,XGBoost_grid_1_AutoML_1_20260603_184935_model_4,year,0.16261426455399483
1,0,0.02,GBM_1_AutoML_2_20260603_191221,target_lag1,35.316374126076695
1,0,0.02,GBM_1_AutoML_2_20260603_191221,target_lag2,17.93743946790695
1,0,0.02,GBM_1_AutoML_2_20260603_191221,target_lag3,3.917998081892729
1,0,0.02,GBM_1_AutoML_2_20260603_191221,target_lag4,1.9570754605531693
1,0,0.02,GBM_1_AutoML_2_20260603_191221,target_lag5,0.92608011264354
1,0,0.02,GBM_1_AutoML_2_20260603_191221,target_lag6,1.7614632901921867
1,0,0.02,GBM_1_AutoML_2_20260603_191221,hour_lag1,2.8157187792658807
1,0,0.02,GBM_1_AutoML_2_20260603_191221,day_of_week_lag1,0.2664623562898487
1,0,0.02,GBM_1_AutoML_2_20260603_191221,month_lag1,0.33175827397964897
1,0,0.02,GBM_1_AutoML_2_20260603_191221,trend_lag1,0.33099861405789854
1,0,0.02,GBM_1_AutoML_2_20260603_191221,month_sin,0.10705705721047704
1,0,0.02,GBM_1_AutoML_2_20260603_191221,month_cos,0.12379673577379431
1,0,0.02,GBM_1_AutoML_2_20260603_191221,year,0.17001008461229503
1,0,0.02,GBM_grid_1_AutoML_2_20260603_191221_model_2,target_lag1,58.10855115890503
1,0,0.02,GBM_grid_1_AutoML_2_20260603_191221_model_2,target_lag2,0.7164104276150465
1,0,0.02,GBM_grid_1_AutoML_2_20260603_191221_model_2,target_lag3,0.9318069935590029
1,0,0.02,GBM_grid_1_AutoML_2_20260603_191221_model_2,target_lag4,0.4032851684058551
1,0,0.02,GBM_grid_1_AutoML_2_20260603_191221_model_2,target_lag5,1.0393604008480906
1,0,0.02,GBM_grid_1_AutoML_2_20260603_191221_model_2,target_lag6,2.1961675156652927
1,0,0.02,GBM_grid_1_AutoML_2_20260603_191221_model_2,hour_lag1,2.951708509325981
1,0,0.02,GBM_grid_1_AutoML_2_20260603_191221_model_2,day_of_week_lag1,0.21322495322921894
1,0,0.02,GBM_grid_1_AutoML_2_20260603_191221_model_2,month_lag1,0.3806779692322016
1,0,0.02,GBM_grid_1_AutoML_2_20260603_191221_model_2,trend_lag1,0.34079749867785725
1,0,0.02,GBM_grid_1_AutoML_2_20260603_191221_model_2,month_sin,0.03569202151615169
1,0,0.02,GBM_grid_1_AutoML_2_20260603_191221_model_2,month_cos,0.05856210868805642
1,0,0.02,GBM_grid_1_AutoML_2_20260603_191221_model_2,year,0.10711158752441402
1,0,0.02,GBM_4_AutoML_2_20260603_191221,target_lag1,38.28135364770889
1,0,0.02,GBM_4_AutoML_2_20260603_191221,target_lag2,10.484108366966247
1,0,0.02,GBM_4_AutoML_2_20260603_191221,target_lag3,7.008414618968963
1,0,0.02,GBM_4_AutoML_2_20260603_191221,target_lag4,1.457527774721384
1,0,0.02,GBM_4_AutoML_2_20260603_191221,target_lag5,1.9377210407238454
1,0,0.02,GBM_4_AutoML_2_20260603_191221,target_lag6,2.86525313436985
1,0,0.02,GBM_4_AutoML_2_20260603_191221,hour_lag1,3.083508629798889
1,0,0.02,GBM_4_AutoML_2_20260603_191221,day_of_week_lag1,0.32056685704737903
1,0,0.02,GBM_4_AutoML_2_20260603_191221,month_lag1,0.3700535551831126
1,0,0.02,GBM_4_AutoML_2_20260603_191221,trend_lag1,0.3592327485792339
1,0,0.02,GBM_4_AutoML_2_20260603_191221,month_sin,0.08357159030652835
1,0,0.02,GBM_4_AutoML_2_20260603_191221,month_cos,0.08132946715690192
1,0,0.02,GBM_4_AutoML_2_20260603_191221,year,0.18081979930400846
1,0,0.02,GBM_grid_1_AutoML_2_20260603_191221_model_3,target_lag1,27.377408536076544
1,0,0.02,GBM_grid_1_AutoML_2_20260603_191221_model_3,target_lag2,19.126422033309936
1,0,0.02,GBM_grid_1_AutoML_2_20260603_191221_model_3,target_lag3,4.0049535411596295
1,0,0.02,GBM_grid_1_AutoML_2_20260603_191221_model_3,target_lag4,4.3862439942359925
1,0,0.02,GBM_grid_1_AutoML_2_20260603_191221_model_3,target_lag5,2.2608374867774548
1,0,0.02,GBM_grid_1_AutoML_2_20260603_191221_model_3,target_lag6,5.742893911302089
1,0,0.02,GBM_grid_1_AutoML_2_20260603_191221_model_3,hour_lag1,3.0122564095258713
1,0,0.02,GBM_grid_1_AutoML_2_20260603_191221_model_3,day_of_week_lag1,0.31153018877725114
1,0,0.02,GBM_grid_1_AutoML_2_20260603_191221_model_3,month_lag1,0.3741431454196572
1,0,0.02,GBM_grid_1_AutoML_2_20260603_191221_model_3,trend_lag1,0.36650448814034464
1,0,0.02,GBM_grid_1_AutoML_2_20260603_191221_model_3,month_sin,0.05697829218930561
1,0,0.02,GBM_grid_1_AutoML_2_20260603_191221_model_3,month_cos,0.07775370708666739
1,0,0.02,GBM_grid_1_AutoML_2_20260603_191221_model_3,year,0.2501478878594935
1,0,0.02,GBM_2_AutoML_2_20260603_191221,target_lag1,33.417051525115966
1,0,0.02,GBM_2_AutoML_2_20260603_191221,target_lag2,21.23383509159088
1,0,0.02,GBM_2_AutoML_2_20260603_191221,target_lag3,3.3091207587718965
1,0,0.02,GBM_2_AutoML_2_20260603_191221,target_lag4,0.3527478335984051
1,0,0.02,GBM_2_AutoML_2_20260603_191221,target_lag5,1.5259271919727326
1,0,0.02,GBM_2_AutoML_2_20260603_191221,target_lag6,2.9013814717531203
1,0,0.02,GBM_2_AutoML_2_20260603_191221,hour_lag1,2.7442285865545273
1,0,0.02,GBM_2_AutoML_2_20260603_191221,day_of_week_lag1,0.2217981468141079
1,0,0.02,GBM_2_AutoML_2_20260603_191221,month_lag1,0.30934859612956644
1,0,0.02,GBM_2_AutoML_2_20260603_191221,trend_lag1,0.27646977913565934
1,0,0.02,GBM_2_AutoML_2_20260603_191221,month_sin,0.03968515855900473
1,0,0.02,GBM_2_AutoML_2_20260603_191221,month_cos,0.0403108478589274
1,0,0.02,GBM_2_AutoML_2_20260603_191221,year,0.12606075342744583
1,0,0.02,GBM_3_AutoML_2_20260603_191221,target_lag1,43.407873044013975
1,0,0.02,GBM_3_AutoML_2_20260603_191221,target_lag2,8.998429207503795
1,0,0.02,GBM_3_AutoML_2_20260603_191221,target_lag3,3.4304965203255415
1,0,0.02,GBM_3_AutoML_2_20260603_191221,target_lag4,2.17928428247571
1,0,0.02,GBM_3_AutoML_2_20260603_191221,target_lag5,1.5550567588210107
1,0,0.02,GBM_3_AutoML_2_20260603_191221,target_lag6,2.8796262208139525
1,0,0.02,GBM_3_AutoML_2_20260603_191221,hour_lag1,2.7826372420787813
1,0,0.02,GBM_3_AutoML_2_20260603_191221,day_of_week_lag1,0.25544890731573106
1,0,0.02,GBM_3_AutoML_2_20260603_191221,month_lag1,0.33285405330359935
1,0,0.02,GBM_3_AutoML_2_20260603_191221,trend_lag1,0.2480214841663837
1,0,0.02,GBM_3_AutoML_2_20260603_191221,month_sin,0.048769218646339096
1,0,0.02,GBM_3_AutoML_2_20260603_191221,month_cos,0.05463816569186743
1,0,0.02,GBM_3_AutoML_2_20260603_191221,year,0.200665067252703
1,0,0.02,GBM_5_AutoML_2_20260603_191221,target_lag1,28.06826071500778
1,0,0.02,GBM_5_AutoML_2_20260603_191221,target_lag2,19.631945482492448
1,0,0.02,GBM_5_AutoML_2_20260603_191221,target_lag3,5.849740728735924
1,0,0.02,GBM_5_AutoML_2_20260603_191221,target_lag4,0.8681104001402855
1,0,0.02,GBM_5_AutoML_2_20260603_191221,target_lag5,4.079654080867767
1,0,0.02,GBM_5_AutoML_2_20260603_191221,target_lag6,2.745082892589271
1,0,0.02,GBM_5_AutoML_2_20260603_191221,hour_lag1,2.853699969947338
1,0,0.02,GBM_5_AutoML_2_20260603_191221,day_of_week_lag1,0.236748585421592
1,0,0.02,GBM_5_AutoML_2_20260603_191221,month_lag1,0.26313630659133197
1,0,0.02,GBM_5_AutoML_2_20260603_191221,trend_lag1,0.2439025897346437
1,0,0.02,GBM_5_AutoML_2_20260603_191221,month_sin,0.03750373568385835
1,0,0.02,GBM_5_AutoML_2_20260603_191221,month_cos,0.030711277537629894
1,0,0.02,GBM_5_AutoML_2_20260603_191221,year,0.08394651854410765
1,0,0.02,XGBoost_grid_1_AutoML_2_20260603_191221_model_5,target_lag1,56.34287196993828
1,0,0.02,XGBoost_grid_1_AutoML_2_20260603_191221_model_5,target_lag2,1.9527076053619385
1,0,0.02,XGBoost_grid_1_AutoML_2_20260603_191221_model_5,target_lag3,0.9615134374424815
1,0,0.02,XGBoost_grid_1_AutoML_2_20260603_191221_model_5,target_lag4,0.5044691443443299
1,0,0.02,XGBoost_grid_1_AutoML_2_20260603_191221_model_5,target_lag5,0.6375377087667584
1,0,0.02,XGBoost_grid_1_AutoML_2_20260603_191221_model_5,target_lag6,2.3003301437012853
1,0,0.02,XGBoost_grid_1_AutoML_2_20260603_191221_model_5,hour_lag1,3.132364451289177
1,0,0.02,XGBoost_grid_1_AutoML_2_20260603_191221_model_5,day_of_week_lag1,0.27088783658575266
1,0,0.02,XGBoost_grid_1_AutoML_2_20260603_191221_model_5,month_lag1,0.26588489338755605
1,0,0.02,XGBoost_grid_1_AutoML_2_20260603_191221_model_5,trend_lag1,0.33458095765672624
1,0,0.02,XGBoost_grid_1_AutoML_2_20260603_191221_model_5,month_sin,0.040612306473776644
1,0,0.02,XGBoost_grid_1_AutoML_2_20260603_191221_model_5,month_cos,0.030578261130867722
1,0,0.02,XGBoost_grid_1_AutoML_2_20260603_191221_model_5,year,0.07686808241822288
1,0,0.05,GBM_1_AutoML_2_20260603_191221,target_lag1,35.316374126076695
1,0,0.05,GBM_1_AutoML_2_20260603_191221,target_lag2,17.93743946790695
1,0,0.05,GBM_1_AutoML_2_20260603_191221,target_lag3,3.917998081892729
1,0,0.05,GBM_1_AutoML_2_20260603_191221,target_lag4,1.9570754605531693
1,0,0.05,GBM_1_AutoML_2_20260603_191221,target_lag5,0.92608011264354
1,0,0.05,GBM_1_AutoML_2_20260603_191221,target_lag6,1.7614632901921867
1,0,0.05,GBM_1_AutoML_2_20260603_191221,hour_lag1,2.8157187792658807
1,0,0.05,GBM_1_AutoML_2_20260603_191221,day_of_week_lag1,0.2664623562898487
1,0,0.05,GBM_1_AutoML_2_20260603_191221,month_lag1,0.33175827397964897
1,0,0.05,GBM_1_AutoML_2_20260603_191221,trend_lag1,0.33099861405789854
1,0,0.05,GBM_1_AutoML_2_20260603_191221,month_sin,0.10705705721047704
1,0,0.05,GBM_1_AutoML_2_20260603_191221,month_cos,0.12379673577379431
1,0,0.05,GBM_1_AutoML_2_20260603_191221,year,0.17001008461229503
1,0,0.05,GBM_grid_1_AutoML_2_20260603_191221_model_2,target_lag1,58.10855115890503
1,0,0.05,GBM_grid_1_AutoML_2_20260603_191221_model_2,target_lag2,0.7164104276150465
1,0,0.05,GBM_grid_1_AutoML_2_20260603_191221_model_2,target_lag3,0.9318069935590029
1,0,0.05,GBM_grid_1_AutoML_2_20260603_191221_model_2,target_lag4,0.4032851684058551
1,0,0.05,GBM_grid_1_AutoML_2_20260603_191221_model_2,target_lag5,1.0393604008480906
1,0,0.05,GBM_grid_1_AutoML_2_20260603_191221_model_2,target_lag6,2.1961675156652927
1,0,0.05,GBM_grid_1_AutoML_2_20260603_191221_model_2,hour_lag1,2.951708509325981
1,0,0.05,GBM_grid_1_AutoML_2_20260603_191221_model_2,day_of_week_lag1,0.21322495322921894
1,0,0.05,GBM_grid_1_AutoML_2_20260603_191221_model_2,month_lag1,0.3806779692322016
1,0,0.05,GBM_grid_1_AutoML_2_20260603_191221_model_2,trend_lag1,0.34079749867785725
1,0,0.05,GBM_grid_1_AutoML_2_20260603_191221_model_2,month_sin,0.03569202151615169
1,0,0.05,GBM_grid_1_AutoML_2_20260603_191221_model_2,month_cos,0.05856210868805642
1,0,0.05,GBM_grid_1_AutoML_2_20260603_191221_model_2,year,0.10711158752441402
1,0,0.05,GBM_4_AutoML_2_20260603_191221,target_lag1,38.28135364770889
1,0,0.05,GBM_4_AutoML_2_20260603_191221,target_lag2,10.484108366966247
1,0,0.05,GBM_4_AutoML_2_20260603_191221,target_lag3,7.008414618968963
1,0,0.05,GBM_4_AutoML_2_20260603_191221,target_lag4,1.457527774721384
1,0,0.05,GBM_4_AutoML_2_20260603_191221,target_lag5,1.9377210407238454
1,0,0.05,GBM_4_AutoML_2_20260603_191221,target_lag6,2.86525313436985
1,0,0.05,GBM_4_AutoML_2_20260603_191221,hour_lag1,3.083508629798889
1,0,0.05,GBM_4_AutoML_2_20260603_191221,day_of_week_lag1,0.32056685704737903
1,0,0.05,GBM_4_AutoML_2_20260603_191221,month_lag1,0.3700535551831126
1,0,0.05,GBM_4_AutoML_2_20260603_191221,trend_lag1,0.3592327485792339
1,0,0.05,GBM_4_AutoML_2_20260603_191221,month_sin,0.08357159030652835
1,0,0.05,GBM_4_AutoML_2_20260603_191221,month_cos,0.08132946715690192
1,0,0.05,GBM_4_AutoML_2_20260603_191221,year,0.18081979930400846
1,0,0.05,GBM_grid_1_AutoML_2_20260603_191221_model_3,target_lag1,27.377408536076544
1,0,0.05,GBM_grid_1_AutoML_2_20260603_191221_model_3,target_lag2,19.126422033309936
1,0,0.05,GBM_grid_1_AutoML_2_20260603_191221_model_3,target_lag3,4.0049535411596295
1,0,0.05,GBM_grid_1_AutoML_2_20260603_191221_model_3,target_lag4,4.3862439942359925
1,0,0.05,GBM_grid_1_AutoML_2_20260603_191221_model_3,target_lag5,2.2608374867774548
1,0,0.05,GBM_grid_1_AutoML_2_20260603_191221_model_3,target_lag6,5.742893911302089
1,0,0.05,GBM_grid_1_AutoML_2_20260603_191221_model_3,hour_lag1,3.0122564095258713
1,0,0.05,GBM_grid_1_AutoML_2_20260603_191221_model_3,day_of_week_lag1,0.31153018877725114
1,0,0.05,GBM_grid_1_AutoML_2_20260603_191221_model_3,month_lag1,0.3741431454196572
1,0,0.05,GBM_grid_1_AutoML_2_20260603_191221_model_3,trend_lag1,0.36650448814034464
1,0,0.05,GBM_grid_1_AutoML_2_20260603_191221_model_3,month_sin,0.05697829218930561
1,0,0.05,GBM_grid_1_AutoML_2_20260603_191221_model_3,month_cos,0.07775370708666739
1,0,0.05,GBM_grid_1_AutoML_2_20260603_191221_model_3,year,0.2501478878594935
1,0,0.05,GBM_2_AutoML_2_20260603_191221,target_lag1,33.417051525115966
1,0,0.05,GBM_2_AutoML_2_20260603_191221,target_lag2,21.23383509159088
1,0,0.05,GBM_2_AutoML_2_20260603_191221,target_lag3,3.3091207587718965
1,0,0.05,GBM_2_AutoML_2_20260603_191221,target_lag4,0.3527478335984051
1,0,0.05,GBM_2_AutoML_2_20260603_191221,target_lag5,1.5259271919727326
1,0,0.05,GBM_2_AutoML_2_20260603_191221,target_lag6,2.9013814717531203
1,0,0.05,GBM_2_AutoML_2_20260603_191221,hour_lag1,2.7442285865545273
1,0,0.05,GBM_2_AutoML_2_20260603_191221,day_of_week_lag1,0.2217981468141079
1,0,0.05,GBM_2_AutoML_2_20260603_191221,month_lag1,0.30934859612956644
1,0,0.05,GBM_2_AutoML_2_20260603_191221,trend_lag1,0.27646977913565934
1,0,0.05,GBM_2_AutoML_2_20260603_191221,month_sin,0.03968515855900473
1,0,0.05,GBM_2_AutoML_2_20260603_191221,month_cos,0.0403108478589274
1,0,0.05,GBM_2_AutoML_2_20260603_191221,year,0.12606075342744583
1,0,0.05,GBM_3_AutoML_2_20260603_191221,target_lag1,43.407873044013975
1,0,0.05,GBM_3_AutoML_2_20260603_191221,target_lag2,8.998429207503795
1,0,0.05,GBM_3_AutoML_2_20260603_191221,target_lag3,3.4304965203255415
1,0,0.05,GBM_3_AutoML_2_20260603_191221,target_lag4,2.17928428247571
1,0,0.05,GBM_3_AutoML_2_20260603_191221,target_lag5,1.5550567588210107
1,0,0.05,GBM_3_AutoML_2_20260603_191221,target_lag6,2.8796262208139525
1,0,0.05,GBM_3_AutoML_2_20260603_191221,hour_lag1,2.7826372420787813
1,0,0.05,GBM_3_AutoML_2_20260603_191221,day_of_week_lag1,0.25544890731573106
1,0,0.05,GBM_3_AutoML_2_20260603_191221,month_lag1,0.33285405330359935
1,0,0.05,GBM_3_AutoML_2_20260603_191221,trend_lag1,0.2480214841663837
1,0,0.05,GBM_3_AutoML_2_20260603_191221,month_sin,0.048769218646339096
1,0,0.05,GBM_3_AutoML_2_20260603_191221,month_cos,0.05463816569186743
1,0,0.05,GBM_3_AutoML_2_20260603_191221,year,0.200665067252703
1,0,0.05,GBM_5_AutoML_2_20260603_191221,target_lag1,28.06826071500778
1,0,0.05,GBM_5_AutoML_2_20260603_191221,target_lag2,19.631945482492448
1,0,0.05,GBM_5_AutoML_2_20260603_191221,target_lag3,5.849740728735924
1,0,0.05,GBM_5_AutoML_2_20260603_191221,target_lag4,0.8681104001402855
1,0,0.05,GBM_5_AutoML_2_20260603_191221,target_lag5,4.079654080867767
1,0,0.05,GBM_5_AutoML_2_20260603_191221,target_lag6,2.745082892589271
1,0,0.05,GBM_5_AutoML_2_20260603_191221,hour_lag1,2.853699969947338
1,0,0.05,GBM_5_AutoML_2_20260603_191221,day_of_week_lag1,0.236748585421592
1,0,0.05,GBM_5_AutoML_2_20260603_191221,month_lag1,0.26313630659133197
1,0,0.05,GBM_5_AutoML_2_20260603_191221,trend_lag1,0.2439025897346437
1,0,0.05,GBM_5_AutoML_2_20260603_191221,month_sin,0.03750373568385835
1,0,0.05,GBM_5_AutoML_2_20260603_191221,month_cos,0.030711277537629894
1,0,0.05,GBM_5_AutoML_2_20260603_191221,year,0.08394651854410765
1,0,0.05,XGBoost_grid_1_AutoML_2_20260603_191221_model_5,target_lag1,56.34287196993828
1,0,0.05,XGBoost_grid_1_AutoML_2_20260603_191221_model_5,target_lag2,1.9527076053619385
1,0,0.05,XGBoost_grid_1_AutoML_2_20260603_191221_model_5,target_lag3,0.9615134374424815
1,0,0.05,XGBoost_grid_1_AutoML_2_20260603_191221_model_5,target_lag4,0.5044691443443299
1,0,0.05,XGBoost_grid_1_AutoML_2_20260603_191221_model_5,target_lag5,0.6375377087667584
1,0,0.05,XGBoost_grid_1_AutoML_2_20260603_191221_model_5,target_lag6,2.3003301437012853
1,0,0.05,XGBoost_grid_1_AutoML_2_20260603_191221_model_5,hour_lag1,3.132364451289177
1,0,0.05,XGBoost_grid_1_AutoML_2_20260603_191221_model_5,day_of_week_lag1,0.27088783658575266
1,0,0.05,XGBoost_grid_1_AutoML_2_20260603_191221_model_5,month_lag1,0.26588489338755605
1,0,0.05,XGBoost_grid_1_AutoML_2_20260603_191221_model_5,trend_lag1,0.33458095765672624
1,0,0.05,XGBoost_grid_1_AutoML_2_20260603_191221_model_5,month_sin,0.040612306473776644
1,0,0.05,XGBoost_grid_1_AutoML_2_20260603_191221_model_5,month_cos,0.030578261130867722
1,0,0.05,XGBoost_grid_1_AutoML_2_20260603_191221_model_5,year,0.07686808241822288
1,0,0.05,GBM_grid_1_AutoML_2_20260603_191221_model_1,target_lag1,24.696532168388366
1,0,0.05,GBM_grid_1_AutoML_2_20260603_191221_model_1,target_lag2,16.516911688447
1,0,0.05,GBM_grid_1_AutoML_2_20260603_191221_model_1,target_lag3,7.242610446214676
1,0,0.05,GBM_grid_1_AutoML_2_20260603_191221_model_1,target_lag4,3.0766932483017446
1,0,0.05,GBM_grid_1_AutoML_2_20260603_191221_model_1,target_lag5,8.435467522144318
1,0,0.05,GBM_grid_1_AutoML_2_20260603_191221_model_1,target_lag6,1.2074359481688588
1,0,0.05,GBM_grid_1_AutoML_2_20260603_191221_model_1,hour_lag1,2.792666875123978
1,0,0.05,GBM_grid_1_AutoML_2_20260603_191221_model_1,day_of_week_lag1,0.28558778651058675
1,0,0.05,GBM_grid_1_AutoML_2_20260603_191221_model_1,month_lag1,0.512799651119858
1,0,0.05,GBM_grid_1_AutoML_2_20260603_191221_model_1,trend_lag1,0.40833973811473695
1,0,0.05,GBM_grid_1_AutoML_2_20260603_191221_model_1,month_sin,0.11986098899971691
1,0,0.05,GBM_grid_1_AutoML_2_20260603_191221_model_1,month_cos,0.14844857015414162
1,0,0.05,GBM_grid_1_AutoML_2_20260603_191221_model_1,year,0.23311739642173052
1,0,0.05,XGBoost_grid_1_AutoML_2_20260603_191221_model_2,target_lag1,34.873813908100125
1,0,0.05,XGBoost_grid_1_AutoML_2_20260603_191221_model_2,target_lag2,23.628992376327513
1,0,0.05,XGBoost_grid_1_AutoML_2_20260603_191221_model_2,target_lag3,1.4459040223434567
1,0,0.05,XGBoost_grid_1_AutoML_2_20260603_191221_model_2,target_lag4,0.5026911530271172
1,0,0.05,XGBoost_grid_1_AutoML_2_20260603_191221_model_2,target_lag5,1.2418279638886451
1,0,0.05,XGBoost_grid_1_AutoML_2_20260603_191221_model_2,target_lag6,4.747053813040257
1,0,0.05,XGBoost_grid_1_AutoML_2_20260603_191221_model_2,hour_lag1,3.1102048167586327
1,0,0.05,XGBoost_grid_1_AutoML_2_20260603_191221_model_2,day_of_week_lag1,0.27315424494547186
1,0,0.05,XGBoost_grid_1_AutoML_2_20260603_191221_model_2,month_lag1,0.3588209738396108
1,0,0.05,XGBoost_grid_1_AutoML_2_20260603_191221_model_2,trend_lag1,0.5441693611582741
1,0,0.05,XGBoost_grid_1_AutoML_2_20260603_191221_model_2,month_sin,0.10413213826715943
1,0,0.05,XGBoost_grid_1_AutoML_2_20260603_191221_model_2,month_cos,0.05762544004712249
1,0,0.05,XGBoost_grid_1_AutoML_2_20260603_191221_model_2,year,0.130986379571259
1,0,0.05,DRF_1_AutoML_2_20260603_191221,target_lag1,26.44475812673569
1,0,0.05,DRF_1_AutoML_2_20260603_191221,target_lag2,9.524550702683628
1,0,0.05,DRF_1_AutoML_2_20260603_191221,target_lag3,8.222436396181584
1,0,0.05,DRF_1_AutoML_2_20260603_191221,target_lag4,5.466761028394103
1,0,0.05,DRF_1_AutoML_2_20260603_191221,target_lag5,4.545742164552212
1,0,0.05,DRF_1_AutoML_2_20260603_191221,target_lag6,4.606823663637042
1,0,0.05,DRF_1_AutoML_2_20260603_191221,hour_lag1,2.0725067716650667
1,0,0.05,DRF_1_AutoML_2_20260603_191221,day_of_week_lag1,0.37606663424521686
1,0,0.05,DRF_1_AutoML_2_20260603_191221,month_lag1,0.2593304071528837
1,0,0.05,DRF_1_AutoML_2_20260603_191221,trend_lag1,0.32336721411906183
1,0,0.05,DRF_1_AutoML_2_20260603_191221,month_sin,0.10006778207025485
1,0,0.05,DRF_1_AutoML_2_20260603_191221,month_cos,0.06877667730150275
1,0,0.05,DRF_1_AutoML_2_20260603_191221,year,0.20464087920379825
1,0,0.05,XRT_1_AutoML_2_20260603_191221,target_lag1,31.899813225865365
1,0,0.05,XRT_1_AutoML_2_20260603_191221,target_lag2,20.38082482159138
1,0,0.05,XRT_1_AutoML_2_20260603_191221,target_lag3,26.892295335531234
1,0,0.05,XRT_1_AutoML_2_20260603_191221,target_lag4,130.9557915624976
1,0,0.05,XRT_1_AutoML_2_20260603_191221,target_lag5,7277.959055002779
1,0,0.05,XRT_1_AutoML_2_20260603_191221,target_lag6,2.5849410690367223
1,0,0.05,XRT_1_AutoML_2_20260603_191221,hour_lag1,3.9217632333934307
1,0,0.05,XRT_1_AutoML_2_20260603_191221,day_of_week_lag1,2.3240740337222814
1,0,0.05,XRT_1_AutoML_2_20260603_191221,month_lag1,117.16610779128969
1,0,0.05,XRT_1_AutoML_2_20260603_191221,trend_lag1,3.9069594271481036
1,0,0.05,XRT_1_AutoML_2_20260603_191221,month_sin,466.368984730076
1,0,0.05,XRT_1_AutoML_2_20260603_191221,month_cos,17.136803700886666
1,0,0.05,XRT_1_AutoML_2_20260603_191221,year,2.8953606605529787
1,0,0.05,XGBoost_2_AutoML_2_20260603_191221,target_lag1,40.90473741531372
1,0,0.05,XGBoost_2_AutoML_2_20260603_191221,target_lag2,4.07155908048153
1,0,0.05,XGBoost_2_AutoML_2_20260603_191221,target_lag3,6.253663468360901
1,0,0.05,XGBoost_2_AutoML_2_20260603_191221,target_lag4,8.176307158470154
1,0,0.05,XGBoost_2_AutoML_2_20260603_191221,target_lag5,1.8828323978185653
1,0,0.05,XGBoost_2_AutoML_2_20260603_191221,target_lag6,3.051328216008842
1,0,0.05,XGBoost_2_AutoML_2_20260603_191221,hour_lag1,3.492872794661671
1,0,0.05,XGBoost_2_AutoML_2_20260603_191221,day_of_week_lag1,0.3059793292172253
1,0,0.05,XGBoost_2_AutoML_2_20260603_191221,month_lag1,0.3562477749120444
1,0,0.05,XGBoost_2_AutoML_2_20260603_191221,trend_lag1,0.48515508432872595
1,0,0.05,XGBoost_2_AutoML_2_20260603_191221,month_sin,0.11170387740625298
1,0,0.05,XGBoost_2_AutoML_2_20260603_191221,month_cos,0.17661760571412743
1,0,0.05,XGBoost_2_AutoML_2_20260603_191221,year,0.11311477551236745
1,0,0.05,XGBoost_3_AutoML_2_20260603_191221,target_lag1,38.82461146622896
1,0,0.05,XGBoost_3_AutoML_2_20260603_191221,target_lag2,3.266951965689659
1,0,0.05,XGBoost_3_AutoML_2_20260603_191221,target_lag3,11.075757756233216
1,0,0.05,XGBoost_3_AutoML_2_20260603_191221,target_lag4,5.7797398853302
1,0,0.05,XGBoost_3_AutoML_2_20260603_191221,target_lag5,1.978724177479744
1,0,0.05,XGBoost_3_AutoML_2_20260603_191221,target_lag6,3.725689559355378
1,0,0.05,XGBoost_3_AutoML_2_20260603_191221,hour_lag1,3.1416751289367677
1,0,0.05,XGBoost_3_AutoML_2_20260603_191221,day_of_week_lag1,0.22235821165144443
1,0,0.05,XGBoost_3_AutoML_2_20260603_191221,month_lag1,0.3467580145411193
1,0,0.05,XGBoost_3_AutoML_2_20260603_191221,trend_lag1,0.6105774042755365
1,0,0.05,XGBoost_3_AutoML_2_20260603_191221,month_sin,0.09261677131988105
1,0,0.05,XGBoost_3_AutoML_2_20260603_191221,month_cos,0.005952819424564914
1,0,0.05,XGBoost_3_AutoML_2_20260603_191221,year,0.161461193151772
1,0,0.05,XGBoost_grid_1_AutoML_2_20260603_191221_model_3,target_lag1,21.82209100693464
1,0,0.05,XGBoost_grid_1_AutoML_2_20260603_191221_model_3,target_lag2,16.291606813669205
1,0,0.05,XGBoost_grid_1_AutoML_2_20260603_191221_model_3,target_lag3,14.133671646118165
1,0,0.05,XGBoost_grid_1_AutoML_2_20260603_191221_model_3,target_lag4,1.5052533819526435
1,0,0.05,XGBoost_grid_1_AutoML_2_20260603_191221_model_3,target_lag5,0.8466053734719753
1,0,0.05,XGBoost_grid_1_AutoML_2_20260603_191221_model_3,target_lag6,8.825980101823808
1,0,0.05,XGBoost_grid_1_AutoML_2_20260603_191221_model_3,hour_lag1,3.2311678083240984
1,0,0.05,XGBoost_grid_1_AutoML_2_20260603_191221_model_3,day_of_week_lag1,0.3081157584302127
1,0,0.05,XGBoost_grid_1_AutoML_2_20260603_191221_model_3,month_lag1,0.367311151791364
1,0,0.05,XGBoost_grid_1_AutoML_2_20260603_191221_model_3,trend_lag1,0.25891718234866856
1,0,0.05,XGBoost_grid_1_AutoML_2_20260603_191221_model_3,month_sin,0.06934154193499122
1,0,0.05,XGBoost_grid_1_AutoML_2_20260603_191221_model_3,month_cos,0.05979770171456036
1,0,0.05,XGBoost_grid_1_AutoML_2_20260603_191221_model_3,year,0.2319990770961158
1,0,0.1,GBM_1_AutoML_2_20260603_191221,target_lag1,35.316374126076695
1,0,0.1,GBM_1_AutoML_2_20260603_191221,target_lag2,17.93743946790695
1,0,0.1,GBM_1_AutoML_2_20260603_191221,target_lag3,3.917998081892729
1,0,0.1,GBM_1_AutoML_2_20260603_191221,target_lag4,1.9570754605531693
1,0,0.1,GBM_1_AutoML_2_20260603_191221,target_lag5,0.92608011264354
1,0,0.1,GBM_1_AutoML_2_20260603_191221,target_lag6,1.7614632901921867
1,0,0.1,GBM_1_AutoML_2_20260603_191221,hour_lag1,2.8157187792658807
1,0,0.1,GBM_1_AutoML_2_20260603_191221,day_of_week_lag1,0.2664623562898487
1,0,0.1,GBM_1_AutoML_2_20260603_191221,month_lag1,0.33175827397964897
1,0,0.1,GBM_1_AutoML_2_20260603_191221,trend_lag1,0.33099861405789854
1,0,0.1,GBM_1_AutoML_2_20260603_191221,month_sin,0.10705705721047704
1,0,0.1,GBM_1_AutoML_2_20260603_191221,month_cos,0.12379673577379431
1,0,0.1,GBM_1_AutoML_2_20260603_191221,year,0.17001008461229503
1,0,0.1,GBM_grid_1_AutoML_2_20260603_191221_model_2,target_lag1,58.10855115890503
1,0,0.1,GBM_grid_1_AutoML_2_20260603_191221_model_2,target_lag2,0.7164104276150465
1,0,0.1,GBM_grid_1_AutoML_2_20260603_191221_model_2,target_lag3,0.9318069935590029
1,0,0.1,GBM_grid_1_AutoML_2_20260603_191221_model_2,target_lag4,0.4032851684058551
1,0,0.1,GBM_grid_1_AutoML_2_20260603_191221_model_2,target_lag5,1.0393604008480906
1,0,0.1,GBM_grid_1_AutoML_2_20260603_191221_model_2,target_lag6,2.1961675156652927
1,0,0.1,GBM_grid_1_AutoML_2_20260603_191221_model_2,hour_lag1,2.951708509325981
1,0,0.1,GBM_grid_1_AutoML_2_20260603_191221_model_2,day_of_week_lag1,0.21322495322921894
1,0,0.1,GBM_grid_1_AutoML_2_20260603_191221_model_2,month_lag1,0.3806779692322016
1,0,0.1,GBM_grid_1_AutoML_2_20260603_191221_model_2,trend_lag1,0.34079749867785725
1,0,0.1,GBM_grid_1_AutoML_2_20260603_191221_model_2,month_sin,0.03569202151615169
1,0,0.1,GBM_grid_1_AutoML_2_20260603_191221_model_2,month_cos,0.05856210868805642
1,0,0.1,GBM_grid_1_AutoML_2_20260603_191221_model_2,year,0.10711158752441402
1,0,0.1,GBM_4_AutoML_2_20260603_191221,target_lag1,38.28135364770889
1,0,0.1,GBM_4_AutoML_2_20260603_191221,target_lag2,10.484108366966247
1,0,0.1,GBM_4_AutoML_2_20260603_191221,target_lag3,7.008414618968963
1,0,0.1,GBM_4_AutoML_2_20260603_191221,target_lag4,1.457527774721384
1,0,0.1,GBM_4_AutoML_2_20260603_191221,target_lag5,1.9377210407238454
1,0,0.1,GBM_4_AutoML_2_20260603_191221,target_lag6,2.86525313436985
1,0,0.1,GBM_4_AutoML_2_20260603_191221,hour_lag1,3.083508629798889
1,0,0.1,GBM_4_AutoML_2_20260603_191221,day_of_week_lag1,0.32056685704737903
1,0,0.1,GBM_4_AutoML_2_20260603_191221,month_lag1,0.3700535551831126
1,0,0.1,GBM_4_AutoML_2_20260603_191221,trend_lag1,0.3592327485792339
1,0,0.1,GBM_4_AutoML_2_20260603_191221,month_sin,0.08357159030652835
1,0,0.1,GBM_4_AutoML_2_20260603_191221,month_cos,0.08132946715690192
1,0,0.1,GBM_4_AutoML_2_20260603_191221,year,0.18081979930400846
1,0,0.1,GBM_grid_1_AutoML_2_20260603_191221_model_3,target_lag1,27.377408536076544
1,0,0.1,GBM_grid_1_AutoML_2_20260603_191221_model_3,target_lag2,19.126422033309936
1,0,0.1,GBM_grid_1_AutoML_2_20260603_191221_model_3,target_lag3,4.0049535411596295
1,0,0.1,GBM_grid_1_AutoML_2_20260603_191221_model_3,target_lag4,4.3862439942359925
1,0,0.1,GBM_grid_1_AutoML_2_20260603_191221_model_3,target_lag5,2.2608374867774548
1,0,0.1,GBM_grid_1_AutoML_2_20260603_191221_model_3,target_lag6,5.742893911302089
1,0,0.1,GBM_grid_1_AutoML_2_20260603_191221_model_3,hour_lag1,3.0122564095258713
1,0,0.1,GBM_grid_1_AutoML_2_20260603_191221_model_3,day_of_week_lag1,0.31153018877725114
1,0,0.1,GBM_grid_1_AutoML_2_20260603_191221_model_3,month_lag1,0.3741431454196572
1,0,0.1,GBM_grid_1_AutoML_2_20260603_191221_model_3,trend_lag1,0.36650448814034464
1,0,0.1,GBM_grid_1_AutoML_2_20260603_191221_model_3,month_sin,0.05697829218930561
1,0,0.1,GBM_grid_1_AutoML_2_20260603_191221_model_3,month_cos,0.07775370708666739
1,0,0.1,GBM_grid_1_AutoML_2_20260603_191221_model_3,year,0.2501478878594935
1,0,0.1,GBM_2_AutoML_2_20260603_191221,target_lag1,33.417051525115966
1,0,0.1,GBM_2_AutoML_2_20260603_191221,target_lag2,21.23383509159088
1,0,0.1,GBM_2_AutoML_2_20260603_191221,target_lag3,3.3091207587718965
1,0,0.1,GBM_2_AutoML_2_20260603_191221,target_lag4,0.3527478335984051
1,0,0.1,GBM_2_AutoML_2_20260603_191221,target_lag5,1.5259271919727326
1,0,0.1,GBM_2_AutoML_2_20260603_191221,target_lag6,2.9013814717531203
1,0,0.1,GBM_2_AutoML_2_20260603_191221,hour_lag1,2.7442285865545273
1,0,0.1,GBM_2_AutoML_2_20260603_191221,day_of_week_lag1,0.2217981468141079
1,0,0.1,GBM_2_AutoML_2_20260603_191221,month_lag1,0.30934859612956644
1,0,0.1,GBM_2_AutoML_2_20260603_191221,trend_lag1,0.27646977913565934
1,0,0.1,GBM_2_AutoML_2_20260603_191221,month_sin,0.03968515855900473
1,0,0.1,GBM_2_AutoML_2_20260603_191221,month_cos,0.0403108478589274
1,0,0.1,GBM_2_AutoML_2_20260603_191221,year,0.12606075342744583
1,0,0.1,GBM_3_AutoML_2_20260603_191221,target_lag1,43.407873044013975
1,0,0.1,GBM_3_AutoML_2_20260603_191221,target_lag2,8.998429207503795
1,0,0.1,GBM_3_AutoML_2_20260603_191221,target_lag3,3.4304965203255415
1,0,0.1,GBM_3_AutoML_2_20260603_191221,target_lag4,2.17928428247571
1,0,0.1,GBM_3_AutoML_2_20260603_191221,target_lag5,1.5550567588210107
1,0,0.1,GBM_3_AutoML_2_20260603_191221,target_lag6,2.8796262208139525
1,0,0.1,GBM_3_AutoML_2_20260603_191221,hour_lag1,2.7826372420787813
1,0,0.1,GBM_3_AutoML_2_20260603_191221,day_of_week_lag1,0.25544890731573106
1,0,0.1,GBM_3_AutoML_2_20260603_191221,month_lag1,0.33285405330359935
1,0,0.1,GBM_3_AutoML_2_20260603_191221,trend_lag1,0.2480214841663837
1,0,0.1,GBM_3_AutoML_2_20260603_191221,month_sin,0.048769218646339096
1,0,0.1,GBM_3_AutoML_2_20260603_191221,month_cos,0.05463816569186743
1,0,0.1,GBM_3_AutoML_2_20260603_191221,year,0.200665067252703
1,0,0.1,GBM_5_AutoML_2_20260603_191221,target_lag1,28.06826071500778
1,0,0.1,GBM_5_AutoML_2_20260603_191221,target_lag2,19.631945482492448
1,0,0.1,GBM_5_AutoML_2_20260603_191221,target_lag3,5.849740728735924
1,0,0.1,GBM_5_AutoML_2_20260603_191221,target_lag4,0.8681104001402855
1,0,0.1,GBM_5_AutoML_2_20260603_191221,target_lag5,4.079654080867767
1,0,0.1,GBM_5_AutoML_2_20260603_191221,target_lag6,2.745082892589271
1,0,0.1,GBM_5_AutoML_2_20260603_191221,hour_lag1,2.853699969947338
1,0,0.1,GBM_5_AutoML_2_20260603_191221,day_of_week_lag1,0.236748585421592
1,0,0.1,GBM_5_AutoML_2_20260603_191221,month_lag1,0.26313630659133197
1,0,0.1,GBM_5_AutoML_2_20260603_191221,trend_lag1,0.2439025897346437
1,0,0.1,GBM_5_AutoML_2_20260603_191221,month_sin,0.03750373568385835
1,0,0.1,GBM_5_AutoML_2_20260603_191221,month_cos,0.030711277537629894
1,0,0.1,GBM_5_AutoML_2_20260603_191221,year,0.08394651854410765
1,0,0.1,XGBoost_grid_1_AutoML_2_20260603_191221_model_5,target_lag1,56.34287196993828
1,0,0.1,XGBoost_grid_1_AutoML_2_20260603_191221_model_5,target_lag2,1.9527076053619385
1,0,0.1,XGBoost_grid_1_AutoML_2_20260603_191221_model_5,target_lag3,0.9615134374424815
1,0,0.1,XGBoost_grid_1_AutoML_2_20260603_191221_model_5,target_lag4,0.5044691443443299
1,0,0.1,XGBoost_grid_1_AutoML_2_20260603_191221_model_5,target_lag5,0.6375377087667584
1,0,0.1,XGBoost_grid_1_AutoML_2_20260603_191221_model_5,target_lag6,2.3003301437012853
1,0,0.1,XGBoost_grid_1_AutoML_2_20260603_191221_model_5,hour_lag1,3.132364451289177
1,0,0.1,XGBoost_grid_1_AutoML_2_20260603_191221_model_5,day_of_week_lag1,0.27088783658575266
1,0,0.1,XGBoost_grid_1_AutoML_2_20260603_191221_model_5,month_lag1,0.26588489338755605
1,0,0.1,XGBoost_grid_1_AutoML_2_20260603_191221_model_5,trend_lag1,0.33458095765672624
1,0,0.1,XGBoost_grid_1_AutoML_2_20260603_191221_model_5,month_sin,0.040612306473776644
1,0,0.1,XGBoost_grid_1_AutoML_2_20260603_191221_model_5,month_cos,0.030578261130867722
1,0,0.1,XGBoost_grid_1_AutoML_2_20260603_191221_model_5,year,0.07686808241822288
1,0,0.1,GBM_grid_1_AutoML_2_20260603_191221_model_1,target_lag1,24.696532168388366
1,0,0.1,GBM_grid_1_AutoML_2_20260603_191221_model_1,target_lag2,16.516911688447
1,0,0.1,GBM_grid_1_AutoML_2_20260603_191221_model_1,target_lag3,7.242610446214676
1,0,0.1,GBM_grid_1_AutoML_2_20260603_191221_model_1,target_lag4,3.0766932483017446
1,0,0.1,GBM_grid_1_AutoML_2_20260603_191221_model_1,target_lag5,8.435467522144318
1,0,0.1,GBM_grid_1_AutoML_2_20260603_191221_model_1,target_lag6,1.2074359481688588
1,0,0.1,GBM_grid_1_AutoML_2_20260603_191221_model_1,hour_lag1,2.792666875123978
1,0,0.1,GBM_grid_1_AutoML_2_20260603_191221_model_1,day_of_week_lag1,0.28558778651058675
1,0,0.1,GBM_grid_1_AutoML_2_20260603_191221_model_1,month_lag1,0.512799651119858
1,0,0.1,GBM_grid_1_AutoML_2_20260603_191221_model_1,trend_lag1,0.40833973811473695
1,0,0.1,GBM_grid_1_AutoML_2_20260603_191221_model_1,month_sin,0.11986098899971691
1,0,0.1,GBM_grid_1_AutoML_2_20260603_191221_model_1,month_cos,0.14844857015414162
1,0,0.1,GBM_grid_1_AutoML_2_20260603_191221_model_1,year,0.23311739642173052
1,0,0.1,XGBoost_grid_1_AutoML_2_20260603_191221_model_2,target_lag1,34.873813908100125
1,0,0.1,XGBoost_grid_1_AutoML_2_20260603_191221_model_2,target_lag2,23.628992376327513
1,0,0.1,XGBoost_grid_1_AutoML_2_20260603_191221_model_2,target_lag3,1.4459040223434567
1,0,0.1,XGBoost_grid_1_AutoML_2_20260603_191221_model_2,target_lag4,0.5026911530271172
1,0,0.1,XGBoost_grid_1_AutoML_2_20260603_191221_model_2,target_lag5,1.2418279638886451
1,0,0.1,XGBoost_grid_1_AutoML_2_20260603_191221_model_2,target_lag6,4.747053813040257
1,0,0.1,XGBoost_grid_1_AutoML_2_20260603_191221_model_2,hour_lag1,3.1102048167586327
1,0,0.1,XGBoost_grid_1_AutoML_2_20260603_191221_model_2,day_of_week_lag1,0.27315424494547186
1,0,0.1,XGBoost_grid_1_AutoML_2_20260603_191221_model_2,month_lag1,0.3588209738396108
1,0,0.1,XGBoost_grid_1_AutoML_2_20260603_191221_model_2,trend_lag1,0.5441693611582741
1,0,0.1,XGBoost_grid_1_AutoML_2_20260603_191221_model_2,month_sin,0.10413213826715943
1,0,0.1,XGBoost_grid_1_AutoML_2_20260603_191221_model_2,month_cos,0.05762544004712249
1,0,0.1,XGBoost_grid_1_AutoML_2_20260603_191221_model_2,year,0.130986379571259
1,0,0.1,DRF_1_AutoML_2_20260603_191221,target_lag1,26.44475812673569
1,0,0.1,DRF_1_AutoML_2_20260603_191221,target_lag2,9.524550702683628
1,0,0.1,DRF_1_AutoML_2_20260603_191221,target_lag3,8.222436396181584
1,0,0.1,DRF_1_AutoML_2_20260603_191221,target_lag4,5.466761028394103
1,0,0.1,DRF_1_AutoML_2_20260603_191221,target_lag5,4.545742164552212
1,0,0.1,DRF_1_AutoML_2_20260603_191221,target_lag6,4.606823663637042
1,0,0.1,DRF_1_AutoML_2_20260603_191221,hour_lag1,2.0725067716650667
1,0,0.1,DRF_1_AutoML_2_20260603_191221,day_of_week_lag1,0.37606663424521686
1,0,0.1,DRF_1_AutoML_2_20260603_191221,month_lag1,0.2593304071528837
1,0,0.1,DRF_1_AutoML_2_20260603_191221,trend_lag1,0.32336721411906183
1,0,0.1,DRF_1_AutoML_2_20260603_191221,month_sin,0.10006778207025485
1,0,0.1,DRF_1_AutoML_2_20260603_191221,month_cos,0.06877667730150275
1,0,0.1,DRF_1_AutoML_2_20260603_191221,year,0.20464087920379825
1,0,0.1,XRT_1_AutoML_2_20260603_191221,target_lag1,31.899813225865365
1,0,0.1,XRT_1_AutoML_2_20260603_191221,target_lag2,20.38082482159138
1,0,0.1,XRT_1_AutoML_2_20260603_191221,target_lag3,26.892295335531234
1,0,0.1,XRT_1_AutoML_2_20260603_191221,target_lag4,130.9557915624976
1,0,0.1,XRT_1_AutoML_2_20260603_191221,target_lag5,7277.959055002779
1,0,0.1,XRT_1_AutoML_2_20260603_191221,target_lag6,2.5849410690367223
1,0,0.1,XRT_1_AutoML_2_20260603_191221,hour_lag1,3.9217632333934307
1,0,0.1,XRT_1_AutoML_2_20260603_191221,day_of_week_lag1,2.3240740337222814
1,0,0.1,XRT_1_AutoML_2_20260603_191221,month_lag1,117.16610779128969
1,0,0.1,XRT_1_AutoML_2_20260603_191221,trend_lag1,3.9069594271481036
1,0,0.1,XRT_1_AutoML_2_20260603_191221,month_sin,466.368984730076
1,0,0.1,XRT_1_AutoML_2_20260603_191221,month_cos,17.136803700886666
1,0,0.1,XRT_1_AutoML_2_20260603_191221,year,2.8953606605529787
1,0,0.1,XGBoost_2_AutoML_2_20260603_191221,target_lag1,40.90473741531372
1,0,0.1,XGBoost_2_AutoML_2_20260603_191221,target_lag2,4.07155908048153
1,0,0.1,XGBoost_2_AutoML_2_20260603_191221,target_lag3,6.253663468360901
1,0,0.1,XGBoost_2_AutoML_2_20260603_191221,target_lag4,8.176307158470154
1,0,0.1,XGBoost_2_AutoML_2_20260603_191221,target_lag5,1.8828323978185653
1,0,0.1,XGBoost_2_AutoML_2_20260603_191221,target_lag6,3.051328216008842
1,0,0.1,XGBoost_2_AutoML_2_20260603_191221,hour_lag1,3.492872794661671
1,0,0.1,XGBoost_2_AutoML_2_20260603_191221,day_of_week_lag1,0.3059793292172253
1,0,0.1,XGBoost_2_AutoML_2_20260603_191221,month_lag1,0.3562477749120444
1,0,0.1,XGBoost_2_AutoML_2_20260603_191221,trend_lag1,0.48515508432872595
1,0,0.1,XGBoost_2_AutoML_2_20260603_191221,month_sin,0.11170387740625298
1,0,0.1,XGBoost_2_AutoML_2_20260603_191221,month_cos,0.17661760571412743
1,0,0.1,XGBoost_2_AutoML_2_20260603_191221,year,0.11311477551236745
1,0,0.1,XGBoost_3_AutoML_2_20260603_191221,target_lag1,38.82461146622896
1,0,0.1,XGBoost_3_AutoML_2_20260603_191221,target_lag2,3.266951965689659
1,0,0.1,XGBoost_3_AutoML_2_20260603_191221,target_lag3,11.075757756233216
1,0,0.1,XGBoost_3_AutoML_2_20260603_191221,target_lag4,5.7797398853302
1,0,0.1,XGBoost_3_AutoML_2_20260603_191221,target_lag5,1.978724177479744
1,0,0.1,XGBoost_3_AutoML_2_20260603_191221,target_lag6,3.725689559355378
1,0,0.1,XGBoost_3_AutoML_2_20260603_191221,hour_lag1,3.1416751289367677
1,0,0.1,XGBoost_3_AutoML_2_20260603_191221,day_of_week_lag1,0.22235821165144443
1,0,0.1,XGBoost_3_AutoML_2_20260603_191221,month_lag1,0.3467580145411193
1,0,0.1,XGBoost_3_AutoML_2_20260603_191221,trend_lag1,0.6105774042755365
1,0,0.1,XGBoost_3_AutoML_2_20260603_191221,month_sin,0.09261677131988105
1,0,0.1,XGBoost_3_AutoML_2_20260603_191221,month_cos,0.005952819424564914
1,0,0.1,XGBoost_3_AutoML_2_20260603_191221,year,0.161461193151772
1,0,0.1,XGBoost_grid_1_AutoML_2_20260603_191221_model_3,target_lag1,21.82209100693464
1,0,0.1,XGBoost_grid_1_AutoML_2_20260603_191221_model_3,target_lag2,16.291606813669205
1,0,0.1,XGBoost_grid_1_AutoML_2_20260603_191221_model_3,target_lag3,14.133671646118165
1,0,0.1,XGBoost_grid_1_AutoML_2_20260603_191221_model_3,target_lag4,1.5052533819526435
1,0,0.1,XGBoost_grid_1_AutoML_2_20260603_191221_model_3,target_lag5,0.8466053734719753
1,0,0.1,XGBoost_grid_1_AutoML_2_20260603_191221_model_3,target_lag6,8.825980101823808
1,0,0.1,XGBoost_grid_1_AutoML_2_20260603_191221_model_3,hour_lag1,3.2311678083240984
1,0,0.1,XGBoost_grid_1_AutoML_2_20260603_191221_model_3,day_of_week_lag1,0.3081157584302127
1,0,0.1,XGBoost_grid_1_AutoML_2_20260603_191221_model_3,month_lag1,0.367311151791364
1,0,0.1,XGBoost_grid_1_AutoML_2_20260603_191221_model_3,trend_lag1,0.25891718234866856
1,0,0.1,XGBoost_grid_1_AutoML_2_20260603_191221_model_3,month_sin,0.06934154193499122
1,0,0.1,XGBoost_grid_1_AutoML_2_20260603_191221_model_3,month_cos,0.05979770171456036
1,0,0.1,XGBoost_grid_1_AutoML_2_20260603_191221_model_3,year,0.2319990770961158
1,0,0.1,XGBoost_grid_1_AutoML_2_20260603_191221_model_1,target_lag1,58.68117680072785
1,0,0.1,XGBoost_grid_1_AutoML_2_20260603_191221_model_1,target_lag2,1.0630026759929023
1,0,0.1,XGBoost_grid_1_AutoML_2_20260603_191221_model_1,target_lag3,2.062307019084692
1,0,0.1,XGBoost_grid_1_AutoML_2_20260603_191221_model_1,target_lag4,0.46801712054759265
1,0,0.1,XGBoost_grid_1_AutoML_2_20260603_191221_model_1,target_lag5,1.130952055938542
1,0,0.1,XGBoost_grid_1_AutoML_2_20260603_191221_model_1,target_lag6,3.1257452862430366
1,0,0.1,XGBoost_grid_1_AutoML_2_20260603_191221_model_1,hour_lag1,3.145737617909908
1,0,0.1,XGBoost_grid_1_AutoML_2_20260603_191221_model_1,day_of_week_lag1,0.39070781190879644
1,0,0.1,XGBoost_grid_1_AutoML_2_20260603_191221_model_1,month_lag1,0.2888849687972106
1,0,0.1,XGBoost_grid_1_AutoML_2_20260603_191221_model_1,trend_lag1,0.874620189666748
1,0,0.1,XGBoost_grid_1_AutoML_2_20260603_191221_model_1,month_sin,0.1553957815421745
1,0,0.1,XGBoost_grid_1_AutoML_2_20260603_191221_model_1,month_cos,0.12519736160989847
1,0,0.1,XGBoost_grid_1_AutoML_2_20260603_191221_model_1,year,0.0
1,0,0.1,XGBoost_grid_1_AutoML_2_20260603_191221_model_6,target_lag1,47.617165100574496
1,0,0.1,XGBoost_grid_1_AutoML_2_20260603_191221_model_6,target_lag2,8.195136179924011
1,0,0.1,XGBoost_grid_1_AutoML_2_20260603_191221_model_6,target_lag3,4.7704359585046765
1,0,0.1,XGBoost_grid_1_AutoML_2_20260603_191221_model_6,target_lag4,0.9279542097263038
1,0,0.1,XGBoost_grid_1_AutoML_2_20260603_191221_model_6,target_lag5,6.516071663498878
1,0,0.1,XGBoost_grid_1_AutoML_2_20260603_191221_model_6,target_lag6,3.8514139652252197
1,0,0.1,XGBoost_grid_1_AutoML_2_20260603_191221_model_6,hour_lag1,3.0128762978315353
1,0,0.1,XGBoost_grid_1_AutoML_2_20260603_191221_model_6,day_of_week_lag1,0.14070162732154126
1,0,0.1,XGBoost_grid_1_AutoML_2_20260603_191221_model_6,month_lag1,0.2520476020127535
1,0,0.1,XGBoost_grid_1_AutoML_2_20260603_191221_model_6,trend_lag1,0.3698293976485729
1,0,0.1,XGBoost_grid_1_AutoML_2_20260603_191221_model_6,month_sin,0.012532805264927428
1,0,0.1,XGBoost_grid_1_AutoML_2_20260603_191221_model_6,month_cos,0.0005746366421226412
1,0,0.1,XGBoost_grid_1_AutoML_2_20260603_191221_model_6,year,0.06155722521245474
1,0,0.1,XGBoost_1_AutoML_2_20260603_191221,target_lag1,50.698472833633424
1,0,0.1,XGBoost_1_AutoML_2_20260603_191221,target_lag2,3.4491132627613843
1,0,0.1,XGBoost_1_AutoML_2_20260603_191221,target_lag3,4.916399972438812
1,0,0.1,XGBoost_1_AutoML_2_20260603_191221,target_lag4,1.178472548746504
1,0,0.1,XGBoost_1_AutoML_2_20260603_191221,target_lag5,1.321802465133369
1,0,0.1,XGBoost_1_AutoML_2_20260603_191221,target_lag6,2.936753462906927
1,0,0.1,XGBoost_1_AutoML_2_20260603_191221,hour_lag1,2.8177332733012737
1,0,0.1,XGBoost_1_AutoML_2_20260603_191221,day_of_week_lag1,0.356542852409184
1,0,0.1,XGBoost_1_AutoML_2_20260603_191221,month_lag1,0.3648116921726614
1,0,0.1,XGBoost_1_AutoML_2_20260603_191221,trend_lag1,0.4626238187868148
1,0,0.1,XGBoost_1_AutoML_2_20260603_191221,month_sin,0.1361253622669028
1,0,0.1,XGBoost_1_AutoML_2_20260603_191221,month_cos,0.1287876907153986
1,0,0.1,XGBoost_1_AutoML_2_20260603_191221,year,0.2575704167364165
1,0,0.2,GBM_1_AutoML_2_20260603_191221,target_lag1,35.316374126076695
1,0,0.2,GBM_1_AutoML_2_20260603_191221,target_lag2,17.93743946790695
1,0,0.2,GBM_1_AutoML_2_20260603_191221,target_lag3,3.917998081892729
1,0,0.2,GBM_1_AutoML_2_20260603_191221,target_lag4,1.9570754605531693
1,0,0.2,GBM_1_AutoML_2_20260603_191221,target_lag5,0.92608011264354
1,0,0.2,GBM_1_AutoML_2_20260603_191221,target_lag6,1.7614632901921867
1,0,0.2,GBM_1_AutoML_2_20260603_191221,hour_lag1,2.8157187792658807
1,0,0.2,GBM_1_AutoML_2_20260603_191221,day_of_week_lag1,0.2664623562898487
1,0,0.2,GBM_1_AutoML_2_20260603_191221,month_lag1,0.33175827397964897
1,0,0.2,GBM_1_AutoML_2_20260603_191221,trend_lag1,0.33099861405789854
1,0,0.2,GBM_1_AutoML_2_20260603_191221,month_sin,0.10705705721047704
1,0,0.2,GBM_1_AutoML_2_20260603_191221,month_cos,0.12379673577379431
1,0,0.2,GBM_1_AutoML_2_20260603_191221,year,0.17001008461229503
1,0,0.2,GBM_grid_1_AutoML_2_20260603_191221_model_2,target_lag1,58.10855115890503
1,0,0.2,GBM_grid_1_AutoML_2_20260603_191221_model_2,target_lag2,0.7164104276150465
1,0,0.2,GBM_grid_1_AutoML_2_20260603_191221_model_2,target_lag3,0.9318069935590029
1,0,0.2,GBM_grid_1_AutoML_2_20260603_191221_model_2,target_lag4,0.4032851684058551
1,0,0.2,GBM_grid_1_AutoML_2_20260603_191221_model_2,target_lag5,1.0393604008480906
1,0,0.2,GBM_grid_1_AutoML_2_20260603_191221_model_2,target_lag6,2.1961675156652927
1,0,0.2,GBM_grid_1_AutoML_2_20260603_191221_model_2,hour_lag1,2.951708509325981
1,0,0.2,GBM_grid_1_AutoML_2_20260603_191221_model_2,day_of_week_lag1,0.21322495322921894
1,0,0.2,GBM_grid_1_AutoML_2_20260603_191221_model_2,month_lag1,0.3806779692322016
1,0,0.2,GBM_grid_1_AutoML_2_20260603_191221_model_2,trend_lag1,0.34079749867785725
1,0,0.2,GBM_grid_1_AutoML_2_20260603_191221_model_2,month_sin,0.03569202151615169
1,0,0.2,GBM_grid_1_AutoML_2_20260603_191221_model_2,month_cos,0.05856210868805642
1,0,0.2,GBM_grid_1_AutoML_2_20260603_191221_model_2,year,0.10711158752441402
1,0,0.2,GBM_4_AutoML_2_20260603_191221,target_lag1,38.28135364770889
1,0,0.2,GBM_4_AutoML_2_20260603_191221,target_lag2,10.484108366966247
1,0,0.2,GBM_4_AutoML_2_20260603_191221,target_lag3,7.008414618968963
1,0,0.2,GBM_4_AutoML_2_20260603_191221,target_lag4,1.457527774721384
1,0,0.2,GBM_4_AutoML_2_20260603_191221,target_lag5,1.9377210407238454
1,0,0.2,GBM_4_AutoML_2_20260603_191221,target_lag6,2.86525313436985
1,0,0.2,GBM_4_AutoML_2_20260603_191221,hour_lag1,3.083508629798889
1,0,0.2,GBM_4_AutoML_2_20260603_191221,day_of_week_lag1,0.32056685704737903
1,0,0.2,GBM_4_AutoML_2_20260603_191221,month_lag1,0.3700535551831126
1,0,0.2,GBM_4_AutoML_2_20260603_191221,trend_lag1,0.3592327485792339
1,0,0.2,GBM_4_AutoML_2_20260603_191221,month_sin,0.08357159030652835
1,0,0.2,GBM_4_AutoML_2_20260603_191221,month_cos,0.08132946715690192
1,0,0.2,GBM_4_AutoML_2_20260603_191221,year,0.18081979930400846
1,0,0.2,GBM_grid_1_AutoML_2_20260603_191221_model_3,target_lag1,27.377408536076544
1,0,0.2,GBM_grid_1_AutoML_2_20260603_191221_model_3,target_lag2,19.126422033309936
1,0,0.2,GBM_grid_1_AutoML_2_20260603_191221_model_3,target_lag3,4.0049535411596295
1,0,0.2,GBM_grid_1_AutoML_2_20260603_191221_model_3,target_lag4,4.3862439942359925
1,0,0.2,GBM_grid_1_AutoML_2_20260603_191221_model_3,target_lag5,2.2608374867774548
1,0,0.2,GBM_grid_1_AutoML_2_20260603_191221_model_3,target_lag6,5.742893911302089
1,0,0.2,GBM_grid_1_AutoML_2_20260603_191221_model_3,hour_lag1,3.0122564095258713
1,0,0.2,GBM_grid_1_AutoML_2_20260603_191221_model_3,day_of_week_lag1,0.31153018877725114
1,0,0.2,GBM_grid_1_AutoML_2_20260603_191221_model_3,month_lag1,0.3741431454196572
1,0,0.2,GBM_grid_1_AutoML_2_20260603_191221_model_3,trend_lag1,0.36650448814034464
1,0,0.2,GBM_grid_1_AutoML_2_20260603_191221_model_3,month_sin,0.05697829218930561
1,0,0.2,GBM_grid_1_AutoML_2_20260603_191221_model_3,month_cos,0.07775370708666739
1,0,0.2,GBM_grid_1_AutoML_2_20260603_191221_model_3,year,0.2501478878594935
1,0,0.2,GBM_2_AutoML_2_20260603_191221,target_lag1,33.417051525115966
1,0,0.2,GBM_2_AutoML_2_20260603_191221,target_lag2,21.23383509159088
1,0,0.2,GBM_2_AutoML_2_20260603_191221,target_lag3,3.3091207587718965
1,0,0.2,GBM_2_AutoML_2_20260603_191221,target_lag4,0.3527478335984051
1,0,0.2,GBM_2_AutoML_2_20260603_191221,target_lag5,1.5259271919727326
1,0,0.2,GBM_2_AutoML_2_20260603_191221,target_lag6,2.9013814717531203
1,0,0.2,GBM_2_AutoML_2_20260603_191221,hour_lag1,2.7442285865545273
1,0,0.2,GBM_2_AutoML_2_20260603_191221,day_of_week_lag1,0.2217981468141079
1,0,0.2,GBM_2_AutoML_2_20260603_191221,month_lag1,0.30934859612956644
1,0,0.2,GBM_2_AutoML_2_20260603_191221,trend_lag1,0.27646977913565934
1,0,0.2,GBM_2_AutoML_2_20260603_191221,month_sin,0.03968515855900473
1,0,0.2,GBM_2_AutoML_2_20260603_191221,month_cos,0.0403108478589274
1,0,0.2,GBM_2_AutoML_2_20260603_191221,year,0.12606075342744583
1,0,0.2,GBM_3_AutoML_2_20260603_191221,target_lag1,43.407873044013975
1,0,0.2,GBM_3_AutoML_2_20260603_191221,target_lag2,8.998429207503795
1,0,0.2,GBM_3_AutoML_2_20260603_191221,target_lag3,3.4304965203255415
1,0,0.2,GBM_3_AutoML_2_20260603_191221,target_lag4,2.17928428247571
1,0,0.2,GBM_3_AutoML_2_20260603_191221,target_lag5,1.5550567588210107
1,0,0.2,GBM_3_AutoML_2_20260603_191221,target_lag6,2.8796262208139525
1,0,0.2,GBM_3_AutoML_2_20260603_191221,hour_lag1,2.7826372420787813
1,0,0.2,GBM_3_AutoML_2_20260603_191221,day_of_week_lag1,0.25544890731573106
1,0,0.2,GBM_3_AutoML_2_20260603_191221,month_lag1,0.33285405330359935
1,0,0.2,GBM_3_AutoML_2_20260603_191221,trend_lag1,0.2480214841663837
1,0,0.2,GBM_3_AutoML_2_20260603_191221,month_sin,0.048769218646339096
1,0,0.2,GBM_3_AutoML_2_20260603_191221,month_cos,0.05463816569186743
1,0,0.2,GBM_3_AutoML_2_20260603_191221,year,0.200665067252703
1,0,0.2,GBM_5_AutoML_2_20260603_191221,target_lag1,28.06826071500778
1,0,0.2,GBM_5_AutoML_2_20260603_191221,target_lag2,19.631945482492448
1,0,0.2,GBM_5_AutoML_2_20260603_191221,target_lag3,5.849740728735924
1,0,0.2,GBM_5_AutoML_2_20260603_191221,target_lag4,0.8681104001402855
1,0,0.2,GBM_5_AutoML_2_20260603_191221,target_lag5,4.079654080867767
1,0,0.2,GBM_5_AutoML_2_20260603_191221,target_lag6,2.745082892589271
1,0,0.2,GBM_5_AutoML_2_20260603_191221,hour_lag1,2.853699969947338
1,0,0.2,GBM_5_AutoML_2_20260603_191221,day_of_week_lag1,0.236748585421592
1,0,0.2,GBM_5_AutoML_2_20260603_191221,month_lag1,0.26313630659133197
1,0,0.2,GBM_5_AutoML_2_20260603_191221,trend_lag1,0.2439025897346437
1,0,0.2,GBM_5_AutoML_2_20260603_191221,month_sin,0.03750373568385835
1,0,0.2,GBM_5_AutoML_2_20260603_191221,month_cos,0.030711277537629894
1,0,0.2,GBM_5_AutoML_2_20260603_191221,year,0.08394651854410765
1,0,0.2,XGBoost_grid_1_AutoML_2_20260603_191221_model_5,target_lag1,56.34287196993828
1,0,0.2,XGBoost_grid_1_AutoML_2_20260603_191221_model_5,target_lag2,1.9527076053619385
1,0,0.2,XGBoost_grid_1_AutoML_2_20260603_191221_model_5,target_lag3,0.9615134374424815
1,0,0.2,XGBoost_grid_1_AutoML_2_20260603_191221_model_5,target_lag4,0.5044691443443299
1,0,0.2,XGBoost_grid_1_AutoML_2_20260603_191221_model_5,target_lag5,0.6375377087667584
1,0,0.2,XGBoost_grid_1_AutoML_2_20260603_191221_model_5,target_lag6,2.3003301437012853
1,0,0.2,XGBoost_grid_1_AutoML_2_20260603_191221_model_5,hour_lag1,3.132364451289177
1,0,0.2,XGBoost_grid_1_AutoML_2_20260603_191221_model_5,day_of_week_lag1,0.27088783658575266
1,0,0.2,XGBoost_grid_1_AutoML_2_20260603_191221_model_5,month_lag1,0.26588489338755605
1,0,0.2,XGBoost_grid_1_AutoML_2_20260603_191221_model_5,trend_lag1,0.33458095765672624
1,0,0.2,XGBoost_grid_1_AutoML_2_20260603_191221_model_5,month_sin,0.040612306473776644
1,0,0.2,XGBoost_grid_1_AutoML_2_20260603_191221_model_5,month_cos,0.030578261130867722
1,0,0.2,XGBoost_grid_1_AutoML_2_20260603_191221_model_5,year,0.07686808241822288
1,0,0.2,GBM_grid_1_AutoML_2_20260603_191221_model_1,target_lag1,24.696532168388366
1,0,0.2,GBM_grid_1_AutoML_2_20260603_191221_model_1,target_lag2,16.516911688447
1,0,0.2,GBM_grid_1_AutoML_2_20260603_191221_model_1,target_lag3,7.242610446214676
1,0,0.2,GBM_grid_1_AutoML_2_20260603_191221_model_1,target_lag4,3.0766932483017446
1,0,0.2,GBM_grid_1_AutoML_2_20260603_191221_model_1,target_lag5,8.435467522144318
1,0,0.2,GBM_grid_1_AutoML_2_20260603_191221_model_1,target_lag6,1.2074359481688588
1,0,0.2,GBM_grid_1_AutoML_2_20260603_191221_model_1,hour_lag1,2.792666875123978
1,0,0.2,GBM_grid_1_AutoML_2_20260603_191221_model_1,day_of_week_lag1,0.28558778651058675
1,0,0.2,GBM_grid_1_AutoML_2_20260603_191221_model_1,month_lag1,0.512799651119858
1,0,0.2,GBM_grid_1_AutoML_2_20260603_191221_model_1,trend_lag1,0.40833973811473695
1,0,0.2,GBM_grid_1_AutoML_2_20260603_191221_model_1,month_sin,0.11986098899971691
1,0,0.2,GBM_grid_1_AutoML_2_20260603_191221_model_1,month_cos,0.14844857015414162
1,0,0.2,GBM_grid_1_AutoML_2_20260603_191221_model_1,year,0.23311739642173052
1,0,0.2,XGBoost_grid_1_AutoML_2_20260603_191221_model_2,target_lag1,34.873813908100125
1,0,0.2,XGBoost_grid_1_AutoML_2_20260603_191221_model_2,target_lag2,23.628992376327513
1,0,0.2,XGBoost_grid_1_AutoML_2_20260603_191221_model_2,target_lag3,1.4459040223434567
1,0,0.2,XGBoost_grid_1_AutoML_2_20260603_191221_model_2,target_lag4,0.5026911530271172
1,0,0.2,XGBoost_grid_1_AutoML_2_20260603_191221_model_2,target_lag5,1.2418279638886451
1,0,0.2,XGBoost_grid_1_AutoML_2_20260603_191221_model_2,target_lag6,4.747053813040257
1,0,0.2,XGBoost_grid_1_AutoML_2_20260603_191221_model_2,hour_lag1,3.1102048167586327
1,0,0.2,XGBoost_grid_1_AutoML_2_20260603_191221_model_2,day_of_week_lag1,0.27315424494547186
1,0,0.2,XGBoost_grid_1_AutoML_2_20260603_191221_model_2,month_lag1,0.3588209738396108
1,0,0.2,XGBoost_grid_1_AutoML_2_20260603_191221_model_2,trend_lag1,0.5441693611582741
1,0,0.2,XGBoost_grid_1_AutoML_2_20260603_191221_model_2,month_sin,0.10413213826715943
1,0,0.2,XGBoost_grid_1_AutoML_2_20260603_191221_model_2,month_cos,0.05762544004712249
1,0,0.2,XGBoost_grid_1_AutoML_2_20260603_191221_model_2,year,0.130986379571259
1,0,0.2,DRF_1_AutoML_2_20260603_191221,target_lag1,26.44475812673569
1,0,0.2,DRF_1_AutoML_2_20260603_191221,target_lag2,9.524550702683628
1,0,0.2,DRF_1_AutoML_2_20260603_191221,target_lag3,8.222436396181584
1,0,0.2,DRF_1_AutoML_2_20260603_191221,target_lag4,5.466761028394103
1,0,0.2,DRF_1_AutoML_2_20260603_191221,target_lag5,4.545742164552212
1,0,0.2,DRF_1_AutoML_2_20260603_191221,target_lag6,4.606823663637042
1,0,0.2,DRF_1_AutoML_2_20260603_191221,hour_lag1,2.0725067716650667
1,0,0.2,DRF_1_AutoML_2_20260603_191221,day_of_week_lag1,0.37606663424521686
1,0,0.2,DRF_1_AutoML_2_20260603_191221,month_lag1,0.2593304071528837
1,0,0.2,DRF_1_AutoML_2_20260603_191221,trend_lag1,0.32336721411906183
1,0,0.2,DRF_1_AutoML_2_20260603_191221,month_sin,0.10006778207025485
1,0,0.2,DRF_1_AutoML_2_20260603_191221,month_cos,0.06877667730150275
1,0,0.2,DRF_1_AutoML_2_20260603_191221,year,0.20464087920379825
1,0,0.2,XRT_1_AutoML_2_20260603_191221,target_lag1,31.899813225865365
1,0,0.2,XRT_1_AutoML_2_20260603_191221,target_lag2,20.38082482159138
1,0,0.2,XRT_1_AutoML_2_20260603_191221,target_lag3,26.892295335531234
1,0,0.2,XRT_1_AutoML_2_20260603_191221,target_lag4,130.9557915624976
1,0,0.2,XRT_1_AutoML_2_20260603_191221,target_lag5,7277.959055002779
1,0,0.2,XRT_1_AutoML_2_20260603_191221,target_lag6,2.5849410690367223
1,0,0.2,XRT_1_AutoML_2_20260603_191221,hour_lag1,3.9217632333934307
1,0,0.2,XRT_1_AutoML_2_20260603_191221,day_of_week_lag1,2.3240740337222814
1,0,0.2,XRT_1_AutoML_2_20260603_191221,month_lag1,117.16610779128969
1,0,0.2,XRT_1_AutoML_2_20260603_191221,trend_lag1,3.9069594271481036
1,0,0.2,XRT_1_AutoML_2_20260603_191221,month_sin,466.368984730076
1,0,0.2,XRT_1_AutoML_2_20260603_191221,month_cos,17.136803700886666
1,0,0.2,XRT_1_AutoML_2_20260603_191221,year,2.8953606605529787
1,0,0.2,XGBoost_2_AutoML_2_20260603_191221,target_lag1,40.90473741531372
1,0,0.2,XGBoost_2_AutoML_2_20260603_191221,target_lag2,4.07155908048153
1,0,0.2,XGBoost_2_AutoML_2_20260603_191221,target_lag3,6.253663468360901
1,0,0.2,XGBoost_2_AutoML_2_20260603_191221,target_lag4,8.176307158470154
1,0,0.2,XGBoost_2_AutoML_2_20260603_191221,target_lag5,1.8828323978185653
1,0,0.2,XGBoost_2_AutoML_2_20260603_191221,target_lag6,3.051328216008842
1,0,0.2,XGBoost_2_AutoML_2_20260603_191221,hour_lag1,3.492872794661671
1,0,0.2,XGBoost_2_AutoML_2_20260603_191221,day_of_week_lag1,0.3059793292172253
1,0,0.2,XGBoost_2_AutoML_2_20260603_191221,month_lag1,0.3562477749120444
1,0,0.2,XGBoost_2_AutoML_2_20260603_191221,trend_lag1,0.48515508432872595
1,0,0.2,XGBoost_2_AutoML_2_20260603_191221,month_sin,0.11170387740625298
1,0,0.2,XGBoost_2_AutoML_2_20260603_191221,month_cos,0.17661760571412743
1,0,0.2,XGBoost_2_AutoML_2_20260603_191221,year,0.11311477551236745
1,0,0.2,XGBoost_3_AutoML_2_20260603_191221,target_lag1,38.82461146622896
1,0,0.2,XGBoost_3_AutoML_2_20260603_191221,target_lag2,3.266951965689659
1,0,0.2,XGBoost_3_AutoML_2_20260603_191221,target_lag3,11.075757756233216
1,0,0.2,XGBoost_3_AutoML_2_20260603_191221,target_lag4,5.7797398853302
1,0,0.2,XGBoost_3_AutoML_2_20260603_191221,target_lag5,1.978724177479744
1,0,0.2,XGBoost_3_AutoML_2_20260603_191221,target_lag6,3.725689559355378
1,0,0.2,XGBoost_3_AutoML_2_20260603_191221,hour_lag1,3.1416751289367677
1,0,0.2,XGBoost_3_AutoML_2_20260603_191221,day_of_week_lag1,0.22235821165144443
1,0,0.2,XGBoost_3_AutoML_2_20260603_191221,month_lag1,0.3467580145411193
1,0,0.2,XGBoost_3_AutoML_2_20260603_191221,trend_lag1,0.6105774042755365
1,0,0.2,XGBoost_3_AutoML_2_20260603_191221,month_sin,0.09261677131988105
1,0,0.2,XGBoost_3_AutoML_2_20260603_191221,month_cos,0.005952819424564914
1,0,0.2,XGBoost_3_AutoML_2_20260603_191221,year,0.161461193151772
1,0,0.2,XGBoost_grid_1_AutoML_2_20260603_191221_model_3,target_lag1,21.82209100693464
1,0,0.2,XGBoost_grid_1_AutoML_2_20260603_191221_model_3,target_lag2,16.291606813669205
1,0,0.2,XGBoost_grid_1_AutoML_2_20260603_191221_model_3,target_lag3,14.133671646118165
1,0,0.2,XGBoost_grid_1_AutoML_2_20260603_191221_model_3,target_lag4,1.5052533819526435
1,0,0.2,XGBoost_grid_1_AutoML_2_20260603_191221_model_3,target_lag5,0.8466053734719753
1,0,0.2,XGBoost_grid_1_AutoML_2_20260603_191221_model_3,target_lag6,8.825980101823808
1,0,0.2,XGBoost_grid_1_AutoML_2_20260603_191221_model_3,hour_lag1,3.2311678083240984
1,0,0.2,XGBoost_grid_1_AutoML_2_20260603_191221_model_3,day_of_week_lag1,0.3081157584302127
1,0,0.2,XGBoost_grid_1_AutoML_2_20260603_191221_model_3,month_lag1,0.367311151791364
1,0,0.2,XGBoost_grid_1_AutoML_2_20260603_191221_model_3,trend_lag1,0.25891718234866856
1,0,0.2,XGBoost_grid_1_AutoML_2_20260603_191221_model_3,month_sin,0.06934154193499122
1,0,0.2,XGBoost_grid_1_AutoML_2_20260603_191221_model_3,month_cos,0.05979770171456036
1,0,0.2,XGBoost_grid_1_AutoML_2_20260603_191221_model_3,year,0.2319990770961158
1,0,0.2,XGBoost_grid_1_AutoML_2_20260603_191221_model_1,target_lag1,58.68117680072785
1,0,0.2,XGBoost_grid_1_AutoML_2_20260603_191221_model_1,target_lag2,1.0630026759929023
1,0,0.2,XGBoost_grid_1_AutoML_2_20260603_191221_model_1,target_lag3,2.062307019084692
1,0,0.2,XGBoost_grid_1_AutoML_2_20260603_191221_model_1,target_lag4,0.46801712054759265
1,0,0.2,XGBoost_grid_1_AutoML_2_20260603_191221_model_1,target_lag5,1.130952055938542
1,0,0.2,XGBoost_grid_1_AutoML_2_20260603_191221_model_1,target_lag6,3.1257452862430366
1,0,0.2,XGBoost_grid_1_AutoML_2_20260603_191221_model_1,hour_lag1,3.145737617909908
1,0,0.2,XGBoost_grid_1_AutoML_2_20260603_191221_model_1,day_of_week_lag1,0.39070781190879644
1,0,0.2,XGBoost_grid_1_AutoML_2_20260603_191221_model_1,month_lag1,0.2888849687972106
1,0,0.2,XGBoost_grid_1_AutoML_2_20260603_191221_model_1,trend_lag1,0.874620189666748
1,0,0.2,XGBoost_grid_1_AutoML_2_20260603_191221_model_1,month_sin,0.1553957815421745
1,0,0.2,XGBoost_grid_1_AutoML_2_20260603_191221_model_1,month_cos,0.12519736160989847
1,0,0.2,XGBoost_grid_1_AutoML_2_20260603_191221_model_1,year,0.0
1,0,0.2,XGBoost_grid_1_AutoML_2_20260603_191221_model_6,target_lag1,47.617165100574496
1,0,0.2,XGBoost_grid_1_AutoML_2_20260603_191221_model_6,target_lag2,8.195136179924011
1,0,0.2,XGBoost_grid_1_AutoML_2_20260603_191221_model_6,target_lag3,4.7704359585046765
1,0,0.2,XGBoost_grid_1_AutoML_2_20260603_191221_model_6,target_lag4,0.9279542097263038
1,0,0.2,XGBoost_grid_1_AutoML_2_20260603_191221_model_6,target_lag5,6.516071663498878
1,0,0.2,XGBoost_grid_1_AutoML_2_20260603_191221_model_6,target_lag6,3.8514139652252197
1,0,0.2,XGBoost_grid_1_AutoML_2_20260603_191221_model_6,hour_lag1,3.0128762978315353
1,0,0.2,XGBoost_grid_1_AutoML_2_20260603_191221_model_6,day_of_week_lag1,0.14070162732154126
1,0,0.2,XGBoost_grid_1_AutoML_2_20260603_191221_model_6,month_lag1,0.2520476020127535
1,0,0.2,XGBoost_grid_1_AutoML_2_20260603_191221_model_6,trend_lag1,0.3698293976485729
1,0,0.2,XGBoost_grid_1_AutoML_2_20260603_191221_model_6,month_sin,0.012532805264927428
1,0,0.2,XGBoost_grid_1_AutoML_2_20260603_191221_model_6,month_cos,0.0005746366421226412
1,0,0.2,XGBoost_grid_1_AutoML_2_20260603_191221_model_6,year,0.06155722521245474
1,0,0.2,XGBoost_1_AutoML_2_20260603_191221,target_lag1,50.698472833633424
1,0,0.2,XGBoost_1_AutoML_2_20260603_191221,target_lag2,3.4491132627613843
1,0,0.2,XGBoost_1_AutoML_2_20260603_191221,target_lag3,4.916399972438812
1,0,0.2,XGBoost_1_AutoML_2_20260603_191221,target_lag4,1.178472548746504
1,0,0.2,XGBoost_1_AutoML_2_20260603_191221,target_lag5,1.321802465133369
1,0,0.2,XGBoost_1_AutoML_2_20260603_191221,target_lag6,2.936753462906927
1,0,0.2,XGBoost_1_AutoML_2_20260603_191221,hour_lag1,2.8177332733012737
1,0,0.2,XGBoost_1_AutoML_2_20260603_191221,day_of_week_lag1,0.356542852409184
1,0,0.2,XGBoost_1_AutoML_2_20260603_191221,month_lag1,0.3648116921726614
1,0,0.2,XGBoost_1_AutoML_2_20260603_191221,trend_lag1,0.4626238187868148
1,0,0.2,XGBoost_1_AutoML_2_20260603_191221,month_sin,0.1361253622669028
1,0,0.2,XGBoost_1_AutoML_2_20260603_191221,month_cos,0.1287876907153986
1,0,0.2,XGBoost_1_AutoML_2_20260603_191221,year,0.2575704167364165
1,0,0.2,GLM_1_AutoML_2_20260603_191221,target_lag1,40.71259883809158
1,0,0.2,GLM_1_AutoML_2_20260603_191221,target_lag2,13.830077931141105
1,0,0.2,GLM_1_AutoML_2_20260603_191221,target_lag3,4.635879384433237
1,0,0.2,GLM_1_AutoML_2_20260603_191221,target_lag4,0.8877163542980749
1,0,0.2,GLM_1_AutoML_2_20260603_191221,target_lag5,0.8664492353670714
1,0,0.2,GLM_1_AutoML_2_20260603_191221,target_lag6,2.1661623929495177
1,0,0.2,GLM_1_AutoML_2_20260603_191221,hour_lag1,0.055828367375619366
1,0,0.2,GLM_1_AutoML_2_20260603_191221,day_of_week_lag1,0.05804304849742041
1,0,0.2,GLM_1_AutoML_2_20260603_191221,month_lag1,0.00838017530718711
1,0,0.2,GLM_1_AutoML_2_20260603_191221,trend_lag1,0.14707006390086233
1,0,0.2,GLM_1_AutoML_2_20260603_191221,month_sin,0.011285074133436785
1,0,0.2,GLM_1_AutoML_2_20260603_191221,month_cos,0.0035559648442948823
1,0,0.2,GLM_1_AutoML_2_20260603_191221,year,0.18464048100861402
1,0,0.2,XGBoost_grid_1_AutoML_2_20260603_191221_model_4,target_lag1,58.24728992462158
1,0,0.2,XGBoost_grid_1_AutoML_2_20260603_191221_model_4,target_lag2,1.5809681044518948
1,0,0.2,XGBoost_grid_1_AutoML_2_20260603_191221_model_4,target_lag3,0.9494962219893932
1,0,0.2,XGBoost_grid_1_AutoML_2_20260603_191221_model_4,target_lag4,0.5918308586999774
1,0,0.2,XGBoost_grid_1_AutoML_2_20260603_191221_model_4,target_lag5,1.191011012122035
1,0,0.2,XGBoost_grid_1_AutoML_2_20260603_191221_model_4,target_lag6,2.1237682357430456
1,0,0.2,XGBoost_grid_1_AutoML_2_20260603_191221_model_4,hour_lag1,3.097338865250349
1,0,0.2,XGBoost_grid_1_AutoML_2_20260603_191221_model_4,day_of_week_lag1,0.3449990205606446
1,0,0.2,XGBoost_grid_1_AutoML_2_20260603_191221_model_4,month_lag1,0.33863758280873296
1,0,0.2,XGBoost_grid_1_AutoML_2_20260603_191221_model_4,trend_lag1,0.9837935587763786
1,0,0.2,XGBoost_grid_1_AutoML_2_20260603_191221_model_4,month_sin,0.21766302144620567
1,0,0.2,XGBoost_grid_1_AutoML_2_20260603_191221_model_4,month_cos,0.16824063686188306
1,0,0.2,XGBoost_grid_1_AutoML_2_20260603_191221_model_4,year,0.06722810826729979
1,0,0.3,GBM_1_AutoML_2_20260603_191221,target_lag1,35.316374126076695
1,0,0.3,GBM_1_AutoML_2_20260603_191221,target_lag2,17.93743946790695
1,0,0.3,GBM_1_AutoML_2_20260603_191221,target_lag3,3.917998081892729
1,0,0.3,GBM_1_AutoML_2_20260603_191221,target_lag4,1.9570754605531693
1,0,0.3,GBM_1_AutoML_2_20260603_191221,target_lag5,0.92608011264354
1,0,0.3,GBM_1_AutoML_2_20260603_191221,target_lag6,1.7614632901921867
1,0,0.3,GBM_1_AutoML_2_20260603_191221,hour_lag1,2.8157187792658807
1,0,0.3,GBM_1_AutoML_2_20260603_191221,day_of_week_lag1,0.2664623562898487
1,0,0.3,GBM_1_AutoML_2_20260603_191221,month_lag1,0.33175827397964897
1,0,0.3,GBM_1_AutoML_2_20260603_191221,trend_lag1,0.33099861405789854
1,0,0.3,GBM_1_AutoML_2_20260603_191221,month_sin,0.10705705721047704
1,0,0.3,GBM_1_AutoML_2_20260603_191221,month_cos,0.12379673577379431
1,0,0.3,GBM_1_AutoML_2_20260603_191221,year,0.17001008461229503
1,0,0.3,GBM_grid_1_AutoML_2_20260603_191221_model_2,target_lag1,58.10855115890503
1,0,0.3,GBM_grid_1_AutoML_2_20260603_191221_model_2,target_lag2,0.7164104276150465
1,0,0.3,GBM_grid_1_AutoML_2_20260603_191221_model_2,target_lag3,0.9318069935590029
1,0,0.3,GBM_grid_1_AutoML_2_20260603_191221_model_2,target_lag4,0.4032851684058551
1,0,0.3,GBM_grid_1_AutoML_2_20260603_191221_model_2,target_lag5,1.0393604008480906
1,0,0.3,GBM_grid_1_AutoML_2_20260603_191221_model_2,target_lag6,2.1961675156652927
1,0,0.3,GBM_grid_1_AutoML_2_20260603_191221_model_2,hour_lag1,2.951708509325981
1,0,0.3,GBM_grid_1_AutoML_2_20260603_191221_model_2,day_of_week_lag1,0.21322495322921894
1,0,0.3,GBM_grid_1_AutoML_2_20260603_191221_model_2,month_lag1,0.3806779692322016
1,0,0.3,GBM_grid_1_AutoML_2_20260603_191221_model_2,trend_lag1,0.34079749867785725
1,0,0.3,GBM_grid_1_AutoML_2_20260603_191221_model_2,month_sin,0.03569202151615169
1,0,0.3,GBM_grid_1_AutoML_2_20260603_191221_model_2,month_cos,0.05856210868805642
1,0,0.3,GBM_grid_1_AutoML_2_20260603_191221_model_2,year,0.10711158752441402
1,0,0.3,GBM_4_AutoML_2_20260603_191221,target_lag1,38.28135364770889
1,0,0.3,GBM_4_AutoML_2_20260603_191221,target_lag2,10.484108366966247
1,0,0.3,GBM_4_AutoML_2_20260603_191221,target_lag3,7.008414618968963
1,0,0.3,GBM_4_AutoML_2_20260603_191221,target_lag4,1.457527774721384
1,0,0.3,GBM_4_AutoML_2_20260603_191221,target_lag5,1.9377210407238454
1,0,0.3,GBM_4_AutoML_2_20260603_191221,target_lag6,2.86525313436985
1,0,0.3,GBM_4_AutoML_2_20260603_191221,hour_lag1,3.083508629798889
1,0,0.3,GBM_4_AutoML_2_20260603_191221,day_of_week_lag1,0.32056685704737903
1,0,0.3,GBM_4_AutoML_2_20260603_191221,month_lag1,0.3700535551831126
1,0,0.3,GBM_4_AutoML_2_20260603_191221,trend_lag1,0.3592327485792339
1,0,0.3,GBM_4_AutoML_2_20260603_191221,month_sin,0.08357159030652835
1,0,0.3,GBM_4_AutoML_2_20260603_191221,month_cos,0.08132946715690192
1,0,0.3,GBM_4_AutoML_2_20260603_191221,year,0.18081979930400846
1,0,0.3,GBM_grid_1_AutoML_2_20260603_191221_model_3,target_lag1,27.377408536076544
1,0,0.3,GBM_grid_1_AutoML_2_20260603_191221_model_3,target_lag2,19.126422033309936
1,0,0.3,GBM_grid_1_AutoML_2_20260603_191221_model_3,target_lag3,4.0049535411596295
1,0,0.3,GBM_grid_1_AutoML_2_20260603_191221_model_3,target_lag4,4.3862439942359925
1,0,0.3,GBM_grid_1_AutoML_2_20260603_191221_model_3,target_lag5,2.2608374867774548
1,0,0.3,GBM_grid_1_AutoML_2_20260603_191221_model_3,target_lag6,5.742893911302089
1,0,0.3,GBM_grid_1_AutoML_2_20260603_191221_model_3,hour_lag1,3.0122564095258713
1,0,0.3,GBM_grid_1_AutoML_2_20260603_191221_model_3,day_of_week_lag1,0.31153018877725114
1,0,0.3,GBM_grid_1_AutoML_2_20260603_191221_model_3,month_lag1,0.3741431454196572
1,0,0.3,GBM_grid_1_AutoML_2_20260603_191221_model_3,trend_lag1,0.36650448814034464
1,0,0.3,GBM_grid_1_AutoML_2_20260603_191221_model_3,month_sin,0.05697829218930561
1,0,0.3,GBM_grid_1_AutoML_2_20260603_191221_model_3,month_cos,0.07775370708666739
1,0,0.3,GBM_grid_1_AutoML_2_20260603_191221_model_3,year,0.2501478878594935
1,0,0.3,GBM_2_AutoML_2_20260603_191221,target_lag1,33.417051525115966
1,0,0.3,GBM_2_AutoML_2_20260603_191221,target_lag2,21.23383509159088
1,0,0.3,GBM_2_AutoML_2_20260603_191221,target_lag3,3.3091207587718965
1,0,0.3,GBM_2_AutoML_2_20260603_191221,target_lag4,0.3527478335984051
1,0,0.3,GBM_2_AutoML_2_20260603_191221,target_lag5,1.5259271919727326
1,0,0.3,GBM_2_AutoML_2_20260603_191221,target_lag6,2.9013814717531203
1,0,0.3,GBM_2_AutoML_2_20260603_191221,hour_lag1,2.7442285865545273
1,0,0.3,GBM_2_AutoML_2_20260603_191221,day_of_week_lag1,0.2217981468141079
1,0,0.3,GBM_2_AutoML_2_20260603_191221,month_lag1,0.30934859612956644
1,0,0.3,GBM_2_AutoML_2_20260603_191221,trend_lag1,0.27646977913565934
1,0,0.3,GBM_2_AutoML_2_20260603_191221,month_sin,0.03968515855900473
1,0,0.3,GBM_2_AutoML_2_20260603_191221,month_cos,0.0403108478589274
1,0,0.3,GBM_2_AutoML_2_20260603_191221,year,0.12606075342744583
1,0,0.3,GBM_3_AutoML_2_20260603_191221,target_lag1,43.407873044013975
1,0,0.3,GBM_3_AutoML_2_20260603_191221,target_lag2,8.998429207503795
1,0,0.3,GBM_3_AutoML_2_20260603_191221,target_lag3,3.4304965203255415
1,0,0.3,GBM_3_AutoML_2_20260603_191221,target_lag4,2.17928428247571
1,0,0.3,GBM_3_AutoML_2_20260603_191221,target_lag5,1.5550567588210107
1,0,0.3,GBM_3_AutoML_2_20260603_191221,target_lag6,2.8796262208139525
1,0,0.3,GBM_3_AutoML_2_20260603_191221,hour_lag1,2.7826372420787813
1,0,0.3,GBM_3_AutoML_2_20260603_191221,day_of_week_lag1,0.25544890731573106
1,0,0.3,GBM_3_AutoML_2_20260603_191221,month_lag1,0.33285405330359935
1,0,0.3,GBM_3_AutoML_2_20260603_191221,trend_lag1,0.2480214841663837
1,0,0.3,GBM_3_AutoML_2_20260603_191221,month_sin,0.048769218646339096
1,0,0.3,GBM_3_AutoML_2_20260603_191221,month_cos,0.05463816569186743
1,0,0.3,GBM_3_AutoML_2_20260603_191221,year,0.200665067252703
1,0,0.3,GBM_5_AutoML_2_20260603_191221,target_lag1,28.06826071500778
1,0,0.3,GBM_5_AutoML_2_20260603_191221,target_lag2,19.631945482492448
1,0,0.3,GBM_5_AutoML_2_20260603_191221,target_lag3,5.849740728735924
1,0,0.3,GBM_5_AutoML_2_20260603_191221,target_lag4,0.8681104001402855
1,0,0.3,GBM_5_AutoML_2_20260603_191221,target_lag5,4.079654080867767
1,0,0.3,GBM_5_AutoML_2_20260603_191221,target_lag6,2.745082892589271
1,0,0.3,GBM_5_AutoML_2_20260603_191221,hour_lag1,2.853699969947338
1,0,0.3,GBM_5_AutoML_2_20260603_191221,day_of_week_lag1,0.236748585421592
1,0,0.3,GBM_5_AutoML_2_20260603_191221,month_lag1,0.26313630659133197
1,0,0.3,GBM_5_AutoML_2_20260603_191221,trend_lag1,0.2439025897346437
1,0,0.3,GBM_5_AutoML_2_20260603_191221,month_sin,0.03750373568385835
1,0,0.3,GBM_5_AutoML_2_20260603_191221,month_cos,0.030711277537629894
1,0,0.3,GBM_5_AutoML_2_20260603_191221,year,0.08394651854410765
1,0,0.3,XGBoost_grid_1_AutoML_2_20260603_191221_model_5,target_lag1,56.34287196993828
1,0,0.3,XGBoost_grid_1_AutoML_2_20260603_191221_model_5,target_lag2,1.9527076053619385
1,0,0.3,XGBoost_grid_1_AutoML_2_20260603_191221_model_5,target_lag3,0.9615134374424815
1,0,0.3,XGBoost_grid_1_AutoML_2_20260603_191221_model_5,target_lag4,0.5044691443443299
1,0,0.3,XGBoost_grid_1_AutoML_2_20260603_191221_model_5,target_lag5,0.6375377087667584
1,0,0.3,XGBoost_grid_1_AutoML_2_20260603_191221_model_5,target_lag6,2.3003301437012853
1,0,0.3,XGBoost_grid_1_AutoML_2_20260603_191221_model_5,hour_lag1,3.132364451289177
1,0,0.3,XGBoost_grid_1_AutoML_2_20260603_191221_model_5,day_of_week_lag1,0.27088783658575266
1,0,0.3,XGBoost_grid_1_AutoML_2_20260603_191221_model_5,month_lag1,0.26588489338755605
1,0,0.3,XGBoost_grid_1_AutoML_2_20260603_191221_model_5,trend_lag1,0.33458095765672624
1,0,0.3,XGBoost_grid_1_AutoML_2_20260603_191221_model_5,month_sin,0.040612306473776644
1,0,0.3,XGBoost_grid_1_AutoML_2_20260603_191221_model_5,month_cos,0.030578261130867722
1,0,0.3,XGBoost_grid_1_AutoML_2_20260603_191221_model_5,year,0.07686808241822288
1,0,0.3,GBM_grid_1_AutoML_2_20260603_191221_model_1,target_lag1,24.696532168388366
1,0,0.3,GBM_grid_1_AutoML_2_20260603_191221_model_1,target_lag2,16.516911688447
1,0,0.3,GBM_grid_1_AutoML_2_20260603_191221_model_1,target_lag3,7.242610446214676
1,0,0.3,GBM_grid_1_AutoML_2_20260603_191221_model_1,target_lag4,3.0766932483017446
1,0,0.3,GBM_grid_1_AutoML_2_20260603_191221_model_1,target_lag5,8.435467522144318
1,0,0.3,GBM_grid_1_AutoML_2_20260603_191221_model_1,target_lag6,1.2074359481688588
1,0,0.3,GBM_grid_1_AutoML_2_20260603_191221_model_1,hour_lag1,2.792666875123978
1,0,0.3,GBM_grid_1_AutoML_2_20260603_191221_model_1,day_of_week_lag1,0.28558778651058675
1,0,0.3,GBM_grid_1_AutoML_2_20260603_191221_model_1,month_lag1,0.512799651119858
1,0,0.3,GBM_grid_1_AutoML_2_20260603_191221_model_1,trend_lag1,0.40833973811473695
1,0,0.3,GBM_grid_1_AutoML_2_20260603_191221_model_1,month_sin,0.11986098899971691
1,0,0.3,GBM_grid_1_AutoML_2_20260603_191221_model_1,month_cos,0.14844857015414162
1,0,0.3,GBM_grid_1_AutoML_2_20260603_191221_model_1,year,0.23311739642173052
1,0,0.3,XGBoost_grid_1_AutoML_2_20260603_191221_model_2,target_lag1,34.873813908100125
1,0,0.3,XGBoost_grid_1_AutoML_2_20260603_191221_model_2,target_lag2,23.628992376327513
1,0,0.3,XGBoost_grid_1_AutoML_2_20260603_191221_model_2,target_lag3,1.4459040223434567
1,0,0.3,XGBoost_grid_1_AutoML_2_20260603_191221_model_2,target_lag4,0.5026911530271172
1,0,0.3,XGBoost_grid_1_AutoML_2_20260603_191221_model_2,target_lag5,1.2418279638886451
1,0,0.3,XGBoost_grid_1_AutoML_2_20260603_191221_model_2,target_lag6,4.747053813040257
1,0,0.3,XGBoost_grid_1_AutoML_2_20260603_191221_model_2,hour_lag1,3.1102048167586327
1,0,0.3,XGBoost_grid_1_AutoML_2_20260603_191221_model_2,day_of_week_lag1,0.27315424494547186
1,0,0.3,XGBoost_grid_1_AutoML_2_20260603_191221_model_2,month_lag1,0.3588209738396108
1,0,0.3,XGBoost_grid_1_AutoML_2_20260603_191221_model_2,trend_lag1,0.5441693611582741
1,0,0.3,XGBoost_grid_1_AutoML_2_20260603_191221_model_2,month_sin,0.10413213826715943
1,0,0.3,XGBoost_grid_1_AutoML_2_20260603_191221_model_2,month_cos,0.05762544004712249
1,0,0.3,XGBoost_grid_1_AutoML_2_20260603_191221_model_2,year,0.130986379571259
1,0,0.3,DRF_1_AutoML_2_20260603_191221,target_lag1,26.44475812673569
1,0,0.3,DRF_1_AutoML_2_20260603_191221,target_lag2,9.524550702683628
1,0,0.3,DRF_1_AutoML_2_20260603_191221,target_lag3,8.222436396181584
1,0,0.3,DRF_1_AutoML_2_20260603_191221,target_lag4,5.466761028394103
1,0,0.3,DRF_1_AutoML_2_20260603_191221,target_lag5,4.545742164552212
1,0,0.3,DRF_1_AutoML_2_20260603_191221,target_lag6,4.606823663637042
1,0,0.3,DRF_1_AutoML_2_20260603_191221,hour_lag1,2.0725067716650667
1,0,0.3,DRF_1_AutoML_2_20260603_191221,day_of_week_lag1,0.37606663424521686
1,0,0.3,DRF_1_AutoML_2_20260603_191221,month_lag1,0.2593304071528837
1,0,0.3,DRF_1_AutoML_2_20260603_191221,trend_lag1,0.32336721411906183
1,0,0.3,DRF_1_AutoML_2_20260603_191221,month_sin,0.10006778207025485
1,0,0.3,DRF_1_AutoML_2_20260603_191221,month_cos,0.06877667730150275
1,0,0.3,DRF_1_AutoML_2_20260603_191221,year,0.20464087920379825
1,0,0.3,XRT_1_AutoML_2_20260603_191221,target_lag1,31.899813225865365
1,0,0.3,XRT_1_AutoML_2_20260603_191221,target_lag2,20.38082482159138
1,0,0.3,XRT_1_AutoML_2_20260603_191221,target_lag3,26.892295335531234
1,0,0.3,XRT_1_AutoML_2_20260603_191221,target_lag4,130.9557915624976
1,0,0.3,XRT_1_AutoML_2_20260603_191221,target_lag5,7277.959055002779
1,0,0.3,XRT_1_AutoML_2_20260603_191221,target_lag6,2.5849410690367223
1,0,0.3,XRT_1_AutoML_2_20260603_191221,hour_lag1,3.9217632333934307
1,0,0.3,XRT_1_AutoML_2_20260603_191221,day_of_week_lag1,2.3240740337222814
1,0,0.3,XRT_1_AutoML_2_20260603_191221,month_lag1,117.16610779128969
1,0,0.3,XRT_1_AutoML_2_20260603_191221,trend_lag1,3.9069594271481036
1,0,0.3,XRT_1_AutoML_2_20260603_191221,month_sin,466.368984730076
1,0,0.3,XRT_1_AutoML_2_20260603_191221,month_cos,17.136803700886666
1,0,0.3,XRT_1_AutoML_2_20260603_191221,year,2.8953606605529787
1,0,0.3,XGBoost_2_AutoML_2_20260603_191221,target_lag1,40.90473741531372
1,0,0.3,XGBoost_2_AutoML_2_20260603_191221,target_lag2,4.07155908048153
1,0,0.3,XGBoost_2_AutoML_2_20260603_191221,target_lag3,6.253663468360901
1,0,0.3,XGBoost_2_AutoML_2_20260603_191221,target_lag4,8.176307158470154
1,0,0.3,XGBoost_2_AutoML_2_20260603_191221,target_lag5,1.8828323978185653
1,0,0.3,XGBoost_2_AutoML_2_20260603_191221,target_lag6,3.051328216008842
1,0,0.3,XGBoost_2_AutoML_2_20260603_191221,hour_lag1,3.492872794661671
1,0,0.3,XGBoost_2_AutoML_2_20260603_191221,day_of_week_lag1,0.3059793292172253
1,0,0.3,XGBoost_2_AutoML_2_20260603_191221,month_lag1,0.3562477749120444
1,0,0.3,XGBoost_2_AutoML_2_20260603_191221,trend_lag1,0.48515508432872595
1,0,0.3,XGBoost_2_AutoML_2_20260603_191221,month_sin,0.11170387740625298
1,0,0.3,XGBoost_2_AutoML_2_20260603_191221,month_cos,0.17661760571412743
1,0,0.3,XGBoost_2_AutoML_2_20260603_191221,year,0.11311477551236745
1,0,0.3,XGBoost_3_AutoML_2_20260603_191221,target_lag1,38.82461146622896
1,0,0.3,XGBoost_3_AutoML_2_20260603_191221,target_lag2,3.266951965689659
1,0,0.3,XGBoost_3_AutoML_2_20260603_191221,target_lag3,11.075757756233216
1,0,0.3,XGBoost_3_AutoML_2_20260603_191221,target_lag4,5.7797398853302
1,0,0.3,XGBoost_3_AutoML_2_20260603_191221,target_lag5,1.978724177479744
1,0,0.3,XGBoost_3_AutoML_2_20260603_191221,target_lag6,3.725689559355378
1,0,0.3,XGBoost_3_AutoML_2_20260603_191221,hour_lag1,3.1416751289367677
1,0,0.3,XGBoost_3_AutoML_2_20260603_191221,day_of_week_lag1,0.22235821165144443
1,0,0.3,XGBoost_3_AutoML_2_20260603_191221,month_lag1,0.3467580145411193
1,0,0.3,XGBoost_3_AutoML_2_20260603_191221,trend_lag1,0.6105774042755365
1,0,0.3,XGBoost_3_AutoML_2_20260603_191221,month_sin,0.09261677131988105
1,0,0.3,XGBoost_3_AutoML_2_20260603_191221,month_cos,0.005952819424564914
1,0,0.3,XGBoost_3_AutoML_2_20260603_191221,year,0.161461193151772
1,0,0.3,XGBoost_grid_1_AutoML_2_20260603_191221_model_3,target_lag1,21.82209100693464
1,0,0.3,XGBoost_grid_1_AutoML_2_20260603_191221_model_3,target_lag2,16.291606813669205
1,0,0.3,XGBoost_grid_1_AutoML_2_20260603_191221_model_3,target_lag3,14.133671646118165
1,0,0.3,XGBoost_grid_1_AutoML_2_20260603_191221_model_3,target_lag4,1.5052533819526435
1,0,0.3,XGBoost_grid_1_AutoML_2_20260603_191221_model_3,target_lag5,0.8466053734719753
1,0,0.3,XGBoost_grid_1_AutoML_2_20260603_191221_model_3,target_lag6,8.825980101823808
1,0,0.3,XGBoost_grid_1_AutoML_2_20260603_191221_model_3,hour_lag1,3.2311678083240984
1,0,0.3,XGBoost_grid_1_AutoML_2_20260603_191221_model_3,day_of_week_lag1,0.3081157584302127
1,0,0.3,XGBoost_grid_1_AutoML_2_20260603_191221_model_3,month_lag1,0.367311151791364
1,0,0.3,XGBoost_grid_1_AutoML_2_20260603_191221_model_3,trend_lag1,0.25891718234866856
1,0,0.3,XGBoost_grid_1_AutoML_2_20260603_191221_model_3,month_sin,0.06934154193499122
1,0,0.3,XGBoost_grid_1_AutoML_2_20260603_191221_model_3,month_cos,0.05979770171456036
1,0,0.3,XGBoost_grid_1_AutoML_2_20260603_191221_model_3,year,0.2319990770961158
1,0,0.3,XGBoost_grid_1_AutoML_2_20260603_191221_model_1,target_lag1,58.68117680072785
1,0,0.3,XGBoost_grid_1_AutoML_2_20260603_191221_model_1,target_lag2,1.0630026759929023
1,0,0.3,XGBoost_grid_1_AutoML_2_20260603_191221_model_1,target_lag3,2.062307019084692
1,0,0.3,XGBoost_grid_1_AutoML_2_20260603_191221_model_1,target_lag4,0.46801712054759265
1,0,0.3,XGBoost_grid_1_AutoML_2_20260603_191221_model_1,target_lag5,1.130952055938542
1,0,0.3,XGBoost_grid_1_AutoML_2_20260603_191221_model_1,target_lag6,3.1257452862430366
1,0,0.3,XGBoost_grid_1_AutoML_2_20260603_191221_model_1,hour_lag1,3.145737617909908
1,0,0.3,XGBoost_grid_1_AutoML_2_20260603_191221_model_1,day_of_week_lag1,0.39070781190879644
1,0,0.3,XGBoost_grid_1_AutoML_2_20260603_191221_model_1,month_lag1,0.2888849687972106
1,0,0.3,XGBoost_grid_1_AutoML_2_20260603_191221_model_1,trend_lag1,0.874620189666748
1,0,0.3,XGBoost_grid_1_AutoML_2_20260603_191221_model_1,month_sin,0.1553957815421745
1,0,0.3,XGBoost_grid_1_AutoML_2_20260603_191221_model_1,month_cos,0.12519736160989847
1,0,0.3,XGBoost_grid_1_AutoML_2_20260603_191221_model_1,year,0.0
1,0,0.3,XGBoost_grid_1_AutoML_2_20260603_191221_model_6,target_lag1,47.617165100574496
1,0,0.3,XGBoost_grid_1_AutoML_2_20260603_191221_model_6,target_lag2,8.195136179924011
1,0,0.3,XGBoost_grid_1_AutoML_2_20260603_191221_model_6,target_lag3,4.7704359585046765
1,0,0.3,XGBoost_grid_1_AutoML_2_20260603_191221_model_6,target_lag4,0.9279542097263038
1,0,0.3,XGBoost_grid_1_AutoML_2_20260603_191221_model_6,target_lag5,6.516071663498878
1,0,0.3,XGBoost_grid_1_AutoML_2_20260603_191221_model_6,target_lag6,3.8514139652252197
1,0,0.3,XGBoost_grid_1_AutoML_2_20260603_191221_model_6,hour_lag1,3.0128762978315353
1,0,0.3,XGBoost_grid_1_AutoML_2_20260603_191221_model_6,day_of_week_lag1,0.14070162732154126
1,0,0.3,XGBoost_grid_1_AutoML_2_20260603_191221_model_6,month_lag1,0.2520476020127535
1,0,0.3,XGBoost_grid_1_AutoML_2_20260603_191221_model_6,trend_lag1,0.3698293976485729
1,0,0.3,XGBoost_grid_1_AutoML_2_20260603_191221_model_6,month_sin,0.012532805264927428
1,0,0.3,XGBoost_grid_1_AutoML_2_20260603_191221_model_6,month_cos,0.0005746366421226412
1,0,0.3,XGBoost_grid_1_AutoML_2_20260603_191221_model_6,year,0.06155722521245474
1,0,0.3,XGBoost_1_AutoML_2_20260603_191221,target_lag1,50.698472833633424
1,0,0.3,XGBoost_1_AutoML_2_20260603_191221,target_lag2,3.4491132627613843
1,0,0.3,XGBoost_1_AutoML_2_20260603_191221,target_lag3,4.916399972438812
1,0,0.3,XGBoost_1_AutoML_2_20260603_191221,target_lag4,1.178472548746504
1,0,0.3,XGBoost_1_AutoML_2_20260603_191221,target_lag5,1.321802465133369
1,0,0.3,XGBoost_1_AutoML_2_20260603_191221,target_lag6,2.936753462906927
1,0,0.3,XGBoost_1_AutoML_2_20260603_191221,hour_lag1,2.8177332733012737
1,0,0.3,XGBoost_1_AutoML_2_20260603_191221,day_of_week_lag1,0.356542852409184
1,0,0.3,XGBoost_1_AutoML_2_20260603_191221,month_lag1,0.3648116921726614
1,0,0.3,XGBoost_1_AutoML_2_20260603_191221,trend_lag1,0.4626238187868148
1,0,0.3,XGBoost_1_AutoML_2_20260603_191221,month_sin,0.1361253622669028
1,0,0.3,XGBoost_1_AutoML_2_20260603_191221,month_cos,0.1287876907153986
1,0,0.3,XGBoost_1_AutoML_2_20260603_191221,year,0.2575704167364165
1,0,0.3,GLM_1_AutoML_2_20260603_191221,target_lag1,40.71259883809158
1,0,0.3,GLM_1_AutoML_2_20260603_191221,target_lag2,13.830077931141105
1,0,0.3,GLM_1_AutoML_2_20260603_191221,target_lag3,4.635879384433237
1,0,0.3,GLM_1_AutoML_2_20260603_191221,target_lag4,0.8877163542980749
1,0,0.3,GLM_1_AutoML_2_20260603_191221,target_lag5,0.8664492353670714
1,0,0.3,GLM_1_AutoML_2_20260603_191221,target_lag6,2.1661623929495177
1,0,0.3,GLM_1_AutoML_2_20260603_191221,hour_lag1,0.055828367375619366
1,0,0.3,GLM_1_AutoML_2_20260603_191221,day_of_week_lag1,0.05804304849742041
1,0,0.3,GLM_1_AutoML_2_20260603_191221,month_lag1,0.00838017530718711
1,0,0.3,GLM_1_AutoML_2_20260603_191221,trend_lag1,0.14707006390086233
1,0,0.3,GLM_1_AutoML_2_20260603_191221,month_sin,0.011285074133436785
1,0,0.3,GLM_1_AutoML_2_20260603_191221,month_cos,0.0035559648442948823
1,0,0.3,GLM_1_AutoML_2_20260603_191221,year,0.18464048100861402
1,0,0.3,XGBoost_grid_1_AutoML_2_20260603_191221_model_4,target_lag1,58.24728992462158
1,0,0.3,XGBoost_grid_1_AutoML_2_20260603_191221_model_4,target_lag2,1.5809681044518948
1,0,0.3,XGBoost_grid_1_AutoML_2_20260603_191221_model_4,target_lag3,0.9494962219893932
1,0,0.3,XGBoost_grid_1_AutoML_2_20260603_191221_model_4,target_lag4,0.5918308586999774
1,0,0.3,XGBoost_grid_1_AutoML_2_20260603_191221_model_4,target_lag5,1.191011012122035
1,0,0.3,XGBoost_grid_1_AutoML_2_20260603_191221_model_4,target_lag6,2.1237682357430456
1,0,0.3,XGBoost_grid_1_AutoML_2_20260603_191221_model_4,hour_lag1,3.097338865250349
1,0,0.3,XGBoost_grid_1_AutoML_2_20260603_191221_model_4,day_of_week_lag1,0.3449990205606446
1,0,0.3,XGBoost_grid_1_AutoML_2_20260603_191221_model_4,month_lag1,0.33863758280873296
1,0,0.3,XGBoost_grid_1_AutoML_2_20260603_191221_model_4,trend_lag1,0.9837935587763786
1,0,0.3,XGBoost_grid_1_AutoML_2_20260603_191221_model_4,month_sin,0.21766302144620567
1,0,0.3,XGBoost_grid_1_AutoML_2_20260603_191221_model_4,month_cos,0.16824063686188306
1,0,0.3,XGBoost_grid_1_AutoML_2_20260603_191221_model_4,year,0.06722810826729979
2,0,0.02,GBM_1_AutoML_3_20260603_194012,target_lag1,35.55509649753571
2,0,0.02,GBM_1_AutoML_3_20260603_194012,target_lag2,18.38192084670067
2,0,0.02,GBM_1_AutoML_3_20260603_194012,target_lag3,3.8867641957104206
2,0,0.02,GBM_1_AutoML_3_20260603_194012,target_lag4,1.9791229872591793
2,0,0.02,GBM_1_AutoML_3_20260603_194012,target_lag5,0.8582259606942535
2,0,0.02,GBM_1_AutoML_3_20260603_194012,target_lag6,2.3565781329758466
2,0,0.02,GBM_1_AutoML_3_20260603_194012,hour_lag1,3.2515290334820746
2,0,0.02,GBM_1_AutoML_3_20260603_194012,day_of_week_lag1,0.35114003673195837
2,0,0.02,GBM_1_AutoML_3_20260603_194012,month_lag1,0.27668385674711315
2,0,0.02,GBM_1_AutoML_3_20260603_194012,trend_lag1,0.35901270906440913
2,0,0.02,GBM_1_AutoML_3_20260603_194012,month_sin,0.10641711500240486
2,0,0.02,GBM_1_AutoML_3_20260603_194012,month_cos,0.1127237439062446
2,0,0.02,GBM_1_AutoML_3_20260603_194012,year,0.13188849934376773
2,0,0.02,GBM_4_AutoML_3_20260603_194012,target_lag1,38.222585694789885
2,0,0.02,GBM_4_AutoML_3_20260603_194012,target_lag2,10.63487489938736
2,0,0.02,GBM_4_AutoML_3_20260603_194012,target_lag3,7.319272208213806
2,0,0.02,GBM_4_AutoML_3_20260603_194012,target_lag4,1.4133769666403533
2,0,0.02,GBM_4_AutoML_3_20260603_194012,target_lag5,1.024794191978872
2,0,0.02,GBM_4_AutoML_3_20260603_194012,target_lag6,5.125009841620922
2,0,0.02,GBM_4_AutoML_3_20260603_194012,hour_lag1,3.249390869215131
2,0,0.02,GBM_4_AutoML_3_20260603_194012,day_of_week_lag1,0.30591386418789623
2,0,0.02,GBM_4_AutoML_3_20260603_194012,month_lag1,0.29120417122729125
2,0,0.02,GBM_4_AutoML_3_20260603_194012,trend_lag1,0.29907401994569227
2,0,0.02,GBM_4_AutoML_3_20260603_194012,month_sin,0.07862077502475583
2,0,0.02,GBM_4_AutoML_3_20260603_194012,month_cos,0.07728594361338761
2,0,0.02,GBM_4_AutoML_3_20260603_194012,year,0.12134689641650763
2,0,0.02,GBM_grid_1_AutoML_3_20260603_194012_model_2,target_lag1,56.780314242839815
2,0,0.02,GBM_grid_1_AutoML_3_20260603_194012_model_2,target_lag2,1.6084607699885964
2,0,0.02,GBM_grid_1_AutoML_3_20260603_194012_model_2,target_lag3,0.7771298726648093
2,0,0.02,GBM_grid_1_AutoML_3_20260603_194012_model_2,target_lag4,0.3945118704251945
2,0,0.02,GBM_grid_1_AutoML_3_20260603_194012_model_2,target_lag5,0.7956371639296412
2,0,0.02,GBM_grid_1_AutoML_3_20260603_194012_model_2,target_lag6,3.662858949303627
2,0,0.02,GBM_grid_1_AutoML_3_20260603_194012_model_2,hour_lag1,2.9565318348258733
2,0,0.02,GBM_grid_1_AutoML_3_20260603_194012_model_2,day_of_week_lag1,0.2583036435226677
2,0,0.02,GBM_grid_1_AutoML_3_20260603_194012_model_2,month_lag1,0.2137877105071675
2,0,0.02,GBM_grid_1_AutoML_3_20260603_194012_model_2,trend_lag1,0.2049980052560568
2,0,0.02,GBM_grid_1_AutoML_3_20260603_194012_model_2,month_sin,0.06489098955920776
2,0,0.02,GBM_grid_1_AutoML_3_20260603_194012_model_2,month_cos,0.058124988533090755
2,0,0.02,GBM_grid_1_AutoML_3_20260603_194012_model_2,year,0.04620989784831177
2,0,0.02,GBM_grid_1_AutoML_3_20260603_194012_model_3,target_lag1,26.966113249063493
2,0,0.02,GBM_grid_1_AutoML_3_20260603_194012_model_3,target_lag2,18.767711305618285
2,0,0.02,GBM_grid_1_AutoML_3_20260603_194012_model_3,target_lag3,4.553511562496424
2,0,0.02,GBM_grid_1_AutoML_3_20260603_194012_model_3,target_lag4,4.635615064874291
2,0,0.02,GBM_grid_1_AutoML_3_20260603_194012_model_3,target_lag5,1.2859068035706878
2,0,0.02,GBM_grid_1_AutoML_3_20260603_194012_model_3,target_lag6,7.7198671599105
2,0,0.02,GBM_grid_1_AutoML_3_20260603_194012_model_3,hour_lag1,3.607031417042017
2,0,0.02,GBM_grid_1_AutoML_3_20260603_194012_model_3,day_of_week_lag1,0.3160352032026276
2,0,0.02,GBM_grid_1_AutoML_3_20260603_194012_model_3,month_lag1,0.2627778647304513
2,0,0.02,GBM_grid_1_AutoML_3_20260603_194012_model_3,trend_lag1,0.4202083163708448
2,0,0.02,GBM_grid_1_AutoML_3_20260603_194012_model_3,month_sin,0.06961252409673759
2,0,0.02,GBM_grid_1_AutoML_3_20260603_194012_model_3,month_cos,0.0779099129629321
2,0,0.02,GBM_grid_1_AutoML_3_20260603_194012_model_3,year,0.12240801675245162
2,0,0.02,GBM_3_AutoML_3_20260603_194012,target_lag1,41.658672898188236
2,0,0.02,GBM_3_AutoML_3_20260603_194012,target_lag2,9.57735818862915
2,0,0.02,GBM_3_AutoML_3_20260603_194012,target_lag3,3.668317774683237
2,0,0.02,GBM_3_AutoML_3_20260603_194012,target_lag4,1.8565452352166176
2,0,0.02,GBM_3_AutoML_3_20260603_194012,target_lag5,0.980229715211317
2,0,0.02,GBM_3_AutoML_3_20260603_194012,target_lag6,5.6791297054290775
2,0,0.02,GBM_3_AutoML_3_20260603_194012,hour_lag1,2.912713631093502
2,0,0.02,GBM_3_AutoML_3_20260603_194012,day_of_week_lag1,0.3053061906155199
2,0,0.02,GBM_3_AutoML_3_20260603_194012,month_lag1,0.2756174554745667
2,0,0.02,GBM_3_AutoML_3_20260603_194012,trend_lag1,0.2624840396083891
2,0,0.02,GBM_3_AutoML_3_20260603_194012,month_sin,0.06364456812618295
2,0,0.02,GBM_3_AutoML_3_20260603_194012,month_cos,0.06878191614057863
2,0,0.02,GBM_3_AutoML_3_20260603_194012,year,0.14793965927558017
2,0,0.02,XGBoost_grid_1_AutoML_3_20260603_194012_model_5,target_lag1,55.63321242088452
2,0,0.02,XGBoost_grid_1_AutoML_3_20260603_194012_model_5,target_lag2,2.2535689613223076
2,0,0.02,XGBoost_grid_1_AutoML_3_20260603_194012_model_5,target_lag3,1.1077102147857658
2,0,0.02,XGBoost_grid_1_AutoML_3_20260603_194012_model_5,target_lag4,0.6590141027688514
2,0,0.02,XGBoost_grid_1_AutoML_3_20260603_194012_model_5,target_lag5,0.7613699935376644
2,0,0.02,XGBoost_grid_1_AutoML_3_20260603_194012_model_5,target_lag6,3.966234889626503
2,0,0.02,XGBoost_grid_1_AutoML_3_20260603_194012_model_5,hour_lag1,3.6463830300979314
2,0,0.02,XGBoost_grid_1_AutoML_3_20260603_194012_model_5,day_of_week_lag1,0.27717216916382315
2,0,0.02,XGBoost_grid_1_AutoML_3_20260603_194012_model_5,month_lag1,0.3062709400465246
2,0,0.02,XGBoost_grid_1_AutoML_3_20260603_194012_model_5,trend_lag1,0.3966087439423427
2,0,0.02,XGBoost_grid_1_AutoML_3_20260603_194012_model_5,month_sin,0.05981431221007365
2,0,0.02,XGBoost_grid_1_AutoML_3_20260603_194012_model_5,month_cos,0.0692523406411055
2,0,0.02,XGBoost_grid_1_AutoML_3_20260603_194012_model_5,year,0.10975559325423088
2,0,0.05,GBM_1_AutoML_3_20260603_194012,target_lag1,35.55509649753571
2,0,0.05,GBM_1_AutoML_3_20260603_194012,target_lag2,18.38192084670067
2,0,0.05,GBM_1_AutoML_3_20260603_194012,target_lag3,3.8867641957104206
2,0,0.05,GBM_1_AutoML_3_20260603_194012,target_lag4,1.9791229872591793
2,0,0.05,GBM_1_AutoML_3_20260603_194012,target_lag5,0.8582259606942535
2,0,0.05,GBM_1_AutoML_3_20260603_194012,target_lag6,2.3565781329758466
2,0,0.05,GBM_1_AutoML_3_20260603_194012,hour_lag1,3.2515290334820746
2,0,0.05,GBM_1_AutoML_3_20260603_194012,day_of_week_lag1,0.35114003673195837
2,0,0.05,GBM_1_AutoML_3_20260603_194012,month_lag1,0.27668385674711315
2,0,0.05,GBM_1_AutoML_3_20260603_194012,trend_lag1,0.35901270906440913
2,0,0.05,GBM_1_AutoML_3_20260603_194012,month_sin,0.10641711500240486
2,0,0.05,GBM_1_AutoML_3_20260603_194012,month_cos,0.1127237439062446
2,0,0.05,GBM_1_AutoML_3_20260603_194012,year,0.13188849934376773
2,0,0.05,GBM_4_AutoML_3_20260603_194012,target_lag1,38.222585694789885
2,0,0.05,GBM_4_AutoML_3_20260603_194012,target_lag2,10.63487489938736
2,0,0.05,GBM_4_AutoML_3_20260603_194012,target_lag3,7.319272208213806
2,0,0.05,GBM_4_AutoML_3_20260603_194012,target_lag4,1.4133769666403533
2,0,0.05,GBM_4_AutoML_3_20260603_194012,target_lag5,1.024794191978872
2,0,0.05,GBM_4_AutoML_3_20260603_194012,target_lag6,5.125009841620922
2,0,0.05,GBM_4_AutoML_3_20260603_194012,hour_lag1,3.249390869215131
2,0,0.05,GBM_4_AutoML_3_20260603_194012,day_of_week_lag1,0.30591386418789623
2,0,0.05,GBM_4_AutoML_3_20260603_194012,month_lag1,0.29120417122729125
2,0,0.05,GBM_4_AutoML_3_20260603_194012,trend_lag1,0.29907401994569227
2,0,0.05,GBM_4_AutoML_3_20260603_194012,month_sin,0.07862077502475583
2,0,0.05,GBM_4_AutoML_3_20260603_194012,month_cos,0.07728594361338761
2,0,0.05,GBM_4_AutoML_3_20260603_194012,year,0.12134689641650763
2,0,0.05,GBM_grid_1_AutoML_3_20260603_194012_model_2,target_lag1,56.780314242839815
2,0,0.05,GBM_grid_1_AutoML_3_20260603_194012_model_2,target_lag2,1.6084607699885964
2,0,0.05,GBM_grid_1_AutoML_3_20260603_194012_model_2,target_lag3,0.7771298726648093
2,0,0.05,GBM_grid_1_AutoML_3_20260603_194012_model_2,target_lag4,0.3945118704251945
2,0,0.05,GBM_grid_1_AutoML_3_20260603_194012_model_2,target_lag5,0.7956371639296412
2,0,0.05,GBM_grid_1_AutoML_3_20260603_194012_model_2,target_lag6,3.662858949303627
2,0,0.05,GBM_grid_1_AutoML_3_20260603_194012_model_2,hour_lag1,2.9565318348258733
2,0,0.05,GBM_grid_1_AutoML_3_20260603_194012_model_2,day_of_week_lag1,0.2583036435226677
2,0,0.05,GBM_grid_1_AutoML_3_20260603_194012_model_2,month_lag1,0.2137877105071675
2,0,0.05,GBM_grid_1_AutoML_3_20260603_194012_model_2,trend_lag1,0.2049980052560568
2,0,0.05,GBM_grid_1_AutoML_3_20260603_194012_model_2,month_sin,0.06489098955920776
2,0,0.05,GBM_grid_1_AutoML_3_20260603_194012_model_2,month_cos,0.058124988533090755
2,0,0.05,GBM_grid_1_AutoML_3_20260603_194012_model_2,year,0.04620989784831177
2,0,0.05,GBM_grid_1_AutoML_3_20260603_194012_model_3,target_lag1,26.966113249063493
2,0,0.05,GBM_grid_1_AutoML_3_20260603_194012_model_3,target_lag2,18.767711305618285
2,0,0.05,GBM_grid_1_AutoML_3_20260603_194012_model_3,target_lag3,4.553511562496424
2,0,0.05,GBM_grid_1_AutoML_3_20260603_194012_model_3,target_lag4,4.635615064874291
2,0,0.05,GBM_grid_1_AutoML_3_20260603_194012_model_3,target_lag5,1.2859068035706878
2,0,0.05,GBM_grid_1_AutoML_3_20260603_194012_model_3,target_lag6,7.7198671599105
2,0,0.05,GBM_grid_1_AutoML_3_20260603_194012_model_3,hour_lag1,3.607031417042017
2,0,0.05,GBM_grid_1_AutoML_3_20260603_194012_model_3,day_of_week_lag1,0.3160352032026276
2,0,0.05,GBM_grid_1_AutoML_3_20260603_194012_model_3,month_lag1,0.2627778647304513
2,0,0.05,GBM_grid_1_AutoML_3_20260603_194012_model_3,trend_lag1,0.4202083163708448
2,0,0.05,GBM_grid_1_AutoML_3_20260603_194012_model_3,month_sin,0.06961252409673759
2,0,0.05,GBM_grid_1_AutoML_3_20260603_194012_model_3,month_cos,0.0779099129629321
2,0,0.05,GBM_grid_1_AutoML_3_20260603_194012_model_3,year,0.12240801675245162
2,0,0.05,GBM_3_AutoML_3_20260603_194012,target_lag1,41.658672898188236
2,0,0.05,GBM_3_AutoML_3_20260603_194012,target_lag2,9.57735818862915
2,0,0.05,GBM_3_AutoML_3_20260603_194012,target_lag3,3.668317774683237
2,0,0.05,GBM_3_AutoML_3_20260603_194012,target_lag4,1.8565452352166176
2,0,0.05,GBM_3_AutoML_3_20260603_194012,target_lag5,0.980229715211317
2,0,0.05,GBM_3_AutoML_3_20260603_194012,target_lag6,5.6791297054290775
2,0,0.05,GBM_3_AutoML_3_20260603_194012,hour_lag1,2.912713631093502
2,0,0.05,GBM_3_AutoML_3_20260603_194012,day_of_week_lag1,0.3053061906155199
2,0,0.05,GBM_3_AutoML_3_20260603_194012,month_lag1,0.2756174554745667
2,0,0.05,GBM_3_AutoML_3_20260603_194012,trend_lag1,0.2624840396083891
2,0,0.05,GBM_3_AutoML_3_20260603_194012,month_sin,0.06364456812618295
2,0,0.05,GBM_3_AutoML_3_20260603_194012,month_cos,0.06878191614057863
2,0,0.05,GBM_3_AutoML_3_20260603_194012,year,0.14793965927558017
2,0,0.05,XGBoost_grid_1_AutoML_3_20260603_194012_model_5,target_lag1,55.63321242088452
2,0,0.05,XGBoost_grid_1_AutoML_3_20260603_194012_model_5,target_lag2,2.2535689613223076
2,0,0.05,XGBoost_grid_1_AutoML_3_20260603_194012_model_5,target_lag3,1.1077102147857658
2,0,0.05,XGBoost_grid_1_AutoML_3_20260603_194012_model_5,target_lag4,0.6590141027688514
2,0,0.05,XGBoost_grid_1_AutoML_3_20260603_194012_model_5,target_lag5,0.7613699935376644
2,0,0.05,XGBoost_grid_1_AutoML_3_20260603_194012_model_5,target_lag6,3.966234889626503
2,0,0.05,XGBoost_grid_1_AutoML_3_20260603_194012_model_5,hour_lag1,3.6463830300979314
2,0,0.05,XGBoost_grid_1_AutoML_3_20260603_194012_model_5,day_of_week_lag1,0.27717216916382315
2,0,0.05,XGBoost_grid_1_AutoML_3_20260603_194012_model_5,month_lag1,0.3062709400465246
2,0,0.05,XGBoost_grid_1_AutoML_3_20260603_194012_model_5,trend_lag1,0.3966087439423427
2,0,0.05,XGBoost_grid_1_AutoML_3_20260603_194012_model_5,month_sin,0.05981431221007365
2,0,0.05,XGBoost_grid_1_AutoML_3_20260603_194012_model_5,month_cos,0.0692523406411055
2,0,0.05,XGBoost_grid_1_AutoML_3_20260603_194012_model_5,year,0.10975559325423088
2,0,0.05,GBM_grid_1_AutoML_3_20260603_194012_model_1,target_lag1,24.61916874218732
2,0,0.05,GBM_grid_1_AutoML_3_20260603_194012_model_1,target_lag2,16.67871206557378
2,0,0.05,GBM_grid_1_AutoML_3_20260603_194012_model_1,target_lag3,7.542060391604901
2,0,0.05,GBM_grid_1_AutoML_3_20260603_194012_model_1,target_lag4,3.1737569162249564
2,0,0.05,GBM_grid_1_AutoML_3_20260603_194012_model_1,target_lag5,8.58911075398326
2,0,0.05,GBM_grid_1_AutoML_3_20260603_194012_model_1,target_lag6,1.4778011674061418
2,0,0.05,GBM_grid_1_AutoML_3_20260603_194012_model_1,hour_lag1,3.3830249222181736
2,0,0.05,GBM_grid_1_AutoML_3_20260603_194012_model_1,day_of_week_lag1,0.33787618862465024
2,0,0.05,GBM_grid_1_AutoML_3_20260603_194012_model_1,month_lag1,0.38912089792545884
2,0,0.05,GBM_grid_1_AutoML_3_20260603_194012_model_1,trend_lag1,0.42035693695768717
2,0,0.05,GBM_grid_1_AutoML_3_20260603_194012_model_1,month_sin,0.10989059098530557
2,0,0.05,GBM_grid_1_AutoML_3_20260603_194012_model_1,month_cos,0.16178014288423578
2,0,0.05,GBM_grid_1_AutoML_3_20260603_194012_model_1,year,0.1906801029574126
2,0,0.05,XGBoost_grid_1_AutoML_3_20260603_194012_model_2,target_lag1,33.55792919844389
2,0,0.05,XGBoost_grid_1_AutoML_3_20260603_194012_model_2,target_lag2,23.899725363254547
2,0,0.05,XGBoost_grid_1_AutoML_3_20260603_194012_model_2,target_lag3,1.1374523947015405
2,0,0.05,XGBoost_grid_1_AutoML_3_20260603_194012_model_2,target_lag4,0.9336020303703845
2,0,0.05,XGBoost_grid_1_AutoML_3_20260603_194012_model_2,target_lag5,0.8343488492071629
2,0,0.05,XGBoost_grid_1_AutoML_3_20260603_194012_model_2,target_lag6,7.876797693371773
2,0,0.05,XGBoost_grid_1_AutoML_3_20260603_194012_model_2,hour_lag1,3.8030785742402076
2,0,0.05,XGBoost_grid_1_AutoML_3_20260603_194012_model_2,day_of_week_lag1,0.3809198406012729
2,0,0.05,XGBoost_grid_1_AutoML_3_20260603_194012_model_2,month_lag1,0.25475508024916055
2,0,0.05,XGBoost_grid_1_AutoML_3_20260603_194012_model_2,trend_lag1,0.7336154125630856
2,0,0.05,XGBoost_grid_1_AutoML_3_20260603_194012_model_2,month_sin,0.07611427147465288
2,0,0.05,XGBoost_grid_1_AutoML_3_20260603_194012_model_2,month_cos,0.08374548789113756
2,0,0.05,XGBoost_grid_1_AutoML_3_20260603_194012_model_2,year,0.07261156883148936
2,0,0.05,GBM_2_AutoML_3_20260603_194012,target_lag1,32.89965567231178
2,0,0.05,GBM_2_AutoML_3_20260603_194012,target_lag2,20.775290651321413
2,0,0.05,GBM_2_AutoML_3_20260603_194012,target_lag3,3.2420143010653555
2,0,0.05,GBM_2_AutoML_3_20260603_194012,target_lag4,0.5651423914125189
2,0,0.05,GBM_2_AutoML_3_20260603_194012,target_lag5,0.5002452788408845
2,0,0.05,GBM_2_AutoML_3_20260603_194012,target_lag6,6.047916963994503
2,0,0.05,GBM_2_AutoML_3_20260603_194012,hour_lag1,3.126981763876975
2,0,0.05,GBM_2_AutoML_3_20260603_194012,day_of_week_lag1,0.2328218364343047
2,0,0.05,GBM_2_AutoML_3_20260603_194012,month_lag1,0.2880351937329397
2,0,0.05,GBM_2_AutoML_3_20260603_194012,trend_lag1,0.2759418200614164
2,0,0.05,GBM_2_AutoML_3_20260603_194012,month_sin,0.06162604118930173
2,0,0.05,GBM_2_AutoML_3_20260603_194012,month_cos,0.03822901362786066
2,0,0.05,GBM_2_AutoML_3_20260603_194012,year,0.1264771758567076
2,0,0.05,XGBoost_grid_1_AutoML_3_20260603_194012_model_1,target_lag1,53.759850202798845
2,0,0.05,XGBoost_grid_1_AutoML_3_20260603_194012_model_1,target_lag2,3.2048537236452104
2,0,0.05,XGBoost_grid_1_AutoML_3_20260603_194012_model_1,target_lag3,1.050223176330328
2,0,0.05,XGBoost_grid_1_AutoML_3_20260603_194012_model_1,target_lag4,0.9432397181540728
2,0,0.05,XGBoost_grid_1_AutoML_3_20260603_194012_model_1,target_lag5,0.9889952378720045
2,0,0.05,XGBoost_grid_1_AutoML_3_20260603_194012_model_1,target_lag6,6.5927047365903855
2,0,0.05,XGBoost_grid_1_AutoML_3_20260603_194012_model_1,hour_lag1,3.7756535151600836
2,0,0.05,XGBoost_grid_1_AutoML_3_20260603_194012_model_1,day_of_week_lag1,0.3764051240496337
2,0,0.05,XGBoost_grid_1_AutoML_3_20260603_194012_model_1,month_lag1,0.3603976846113801
2,0,0.05,XGBoost_grid_1_AutoML_3_20260603_194012_model_1,trend_lag1,0.8731084048282355
2,0,0.05,XGBoost_grid_1_AutoML_3_20260603_194012_model_1,month_sin,0.10600634502596218
2,0,0.05,XGBoost_grid_1_AutoML_3_20260603_194012_model_1,month_cos,0.09811835431959476
2,0,0.05,XGBoost_grid_1_AutoML_3_20260603_194012_model_1,year,0.0
2,0,0.05,GBM_5_AutoML_3_20260603_194012,target_lag1,25.74961968868971
2,0,0.05,GBM_5_AutoML_3_20260603_194012,target_lag2,21.228527765870094
2,0,0.05,GBM_5_AutoML_3_20260603_194012,target_lag3,7.306146997064352
2,0,0.05,GBM_5_AutoML_3_20260603_194012,target_lag4,0.9688338361680507
2,0,0.05,GBM_5_AutoML_3_20260603_194012,target_lag5,3.0292585298418997
2,0,0.05,GBM_5_AutoML_3_20260603_194012,target_lag6,4.055842204540968
2,0,0.05,GBM_5_AutoML_3_20260603_194012,hour_lag1,2.9837902492284774
2,0,0.05,GBM_5_AutoML_3_20260603_194012,day_of_week_lag1,0.14614436657633628
2,0,0.05,GBM_5_AutoML_3_20260603_194012,month_lag1,0.5340804060641676
2,0,0.05,GBM_5_AutoML_3_20260603_194012,trend_lag1,0.23221481239888814
2,0,0.05,GBM_5_AutoML_3_20260603_194012,month_sin,0.04781190337875155
2,0,0.05,GBM_5_AutoML_3_20260603_194012,month_cos,0.020839953208051112
2,0,0.05,GBM_5_AutoML_3_20260603_194012,year,0.1461698574166803
2,0,0.05,DRF_1_AutoML_3_20260603_194012,target_lag1,25.022381712198257
2,0,0.05,DRF_1_AutoML_3_20260603_194012,target_lag2,10.347247198075056
2,0,0.05,DRF_1_AutoML_3_20260603_194012,target_lag3,8.913582186102866
2,0,0.05,DRF_1_AutoML_3_20260603_194012,target_lag4,5.997516739480197
2,0,0.05,DRF_1_AutoML_3_20260603_194012,target_lag5,4.7270289837569
2,0,0.05,DRF_1_AutoML_3_20260603_194012,target_lag6,4.886396050266922
2,0,0.05,DRF_1_AutoML_3_20260603_194012,hour_lag1,2.2425247893109916
2,0,0.05,DRF_1_AutoML_3_20260603_194012,day_of_week_lag1,0.3709216610342264
2,0,0.05,DRF_1_AutoML_3_20260603_194012,month_lag1,0.1529220989323221
2,0,0.05,DRF_1_AutoML_3_20260603_194012,trend_lag1,1.0370288433134556
2,0,0.05,DRF_1_AutoML_3_20260603_194012,month_sin,0.1006055240903515
2,0,0.05,DRF_1_AutoML_3_20260603_194012,month_cos,0.07737703575374322
2,0,0.05,DRF_1_AutoML_3_20260603_194012,year,0.44852142920717597
2,0,0.05,XRT_1_AutoML_3_20260603_194012,target_lag1,912578832.0667361
2,0,0.05,XRT_1_AutoML_3_20260603_194012,target_lag2,794506627.0949864
2,0,0.05,XRT_1_AutoML_3_20260603_194012,target_lag3,59674526454.05125
2,0,0.05,XRT_1_AutoML_3_20260603_194012,target_lag4,72205843.30229793
2,0,0.05,XRT_1_AutoML_3_20260603_194012,target_lag5,873484688.1122093
2,0,0.05,XRT_1_AutoML_3_20260603_194012,target_lag6,483039519.0234964
2,0,0.05,XRT_1_AutoML_3_20260603_194012,hour_lag1,619021394.2386067
2,0,0.05,XRT_1_AutoML_3_20260603_194012,day_of_week_lag1,15783.074933105112
2,0,0.05,XRT_1_AutoML_3_20260603_194012,month_lag1,196510723.79090795
2,0,0.05,XRT_1_AutoML_3_20260603_194012,trend_lag1,563027073.6179767
2,0,0.05,XRT_1_AutoML_3_20260603_194012,month_sin,420.0146612258628
2,0,0.05,XRT_1_AutoML_3_20260603_194012,month_cos,4760.495163393244
2,0,0.05,XRT_1_AutoML_3_20260603_194012,year,933124584.6375157
2,0,0.05,XGBoost_2_AutoML_3_20260603_194012,target_lag1,34.498074245452884
2,0,0.05,XGBoost_2_AutoML_3_20260603_194012,target_lag2,17.34950535774231
2,0,0.05,XGBoost_2_AutoML_3_20260603_194012,target_lag3,4.547780668735504
2,0,0.05,XGBoost_2_AutoML_3_20260603_194012,target_lag4,1.8180008520185948
2,0,0.05,XGBoost_2_AutoML_3_20260603_194012,target_lag5,2.1434652300924064
2,0,0.05,XGBoost_2_AutoML_3_20260603_194012,target_lag6,5.803188120126724
2,0,0.05,XGBoost_2_AutoML_3_20260603_194012,hour_lag1,3.59659282296896
2,0,0.05,XGBoost_2_AutoML_3_20260603_194012,day_of_week_lag1,0.30790511226281525
2,0,0.05,XGBoost_2_AutoML_3_20260603_194012,month_lag1,0.3415691100340337
2,0,0.05,XGBoost_2_AutoML_3_20260603_194012,trend_lag1,0.5936592369526624
2,0,0.05,XGBoost_2_AutoML_3_20260603_194012,month_sin,0.16428685829356252
2,0,0.05,XGBoost_2_AutoML_3_20260603_194012,month_cos,0.16185074682580303
2,0,0.05,XGBoost_2_AutoML_3_20260603_194012,year,0.12953526548342775
2,0,0.1,GBM_1_AutoML_3_20260603_194012,target_lag1,35.55509649753571
2,0,0.1,GBM_1_AutoML_3_20260603_194012,target_lag2,18.38192084670067
2,0,0.1,GBM_1_AutoML_3_20260603_194012,target_lag3,3.8867641957104206
2,0,0.1,GBM_1_AutoML_3_20260603_194012,target_lag4,1.9791229872591793
2,0,0.1,GBM_1_AutoML_3_20260603_194012,target_lag5,0.8582259606942535
2,0,0.1,GBM_1_AutoML_3_20260603_194012,target_lag6,2.3565781329758466
2,0,0.1,GBM_1_AutoML_3_20260603_194012,hour_lag1,3.2515290334820746
2,0,0.1,GBM_1_AutoML_3_20260603_194012,day_of_week_lag1,0.35114003673195837
2,0,0.1,GBM_1_AutoML_3_20260603_194012,month_lag1,0.27668385674711315
2,0,0.1,GBM_1_AutoML_3_20260603_194012,trend_lag1,0.35901270906440913
2,0,0.1,GBM_1_AutoML_3_20260603_194012,month_sin,0.10641711500240486
2,0,0.1,GBM_1_AutoML_3_20260603_194012,month_cos,0.1127237439062446
2,0,0.1,GBM_1_AutoML_3_20260603_194012,year,0.13188849934376773
2,0,0.1,GBM_4_AutoML_3_20260603_194012,target_lag1,38.222585694789885
2,0,0.1,GBM_4_AutoML_3_20260603_194012,target_lag2,10.63487489938736
2,0,0.1,GBM_4_AutoML_3_20260603_194012,target_lag3,7.319272208213806
2,0,0.1,GBM_4_AutoML_3_20260603_194012,target_lag4,1.4133769666403533
2,0,0.1,GBM_4_AutoML_3_20260603_194012,target_lag5,1.024794191978872
2,0,0.1,GBM_4_AutoML_3_20260603_194012,target_lag6,5.125009841620922
2,0,0.1,GBM_4_AutoML_3_20260603_194012,hour_lag1,3.249390869215131
2,0,0.1,GBM_4_AutoML_3_20260603_194012,day_of_week_lag1,0.30591386418789623
2,0,0.1,GBM_4_AutoML_3_20260603_194012,month_lag1,0.29120417122729125
2,0,0.1,GBM_4_AutoML_3_20260603_194012,trend_lag1,0.29907401994569227
2,0,0.1,GBM_4_AutoML_3_20260603_194012,month_sin,0.07862077502475583
2,0,0.1,GBM_4_AutoML_3_20260603_194012,month_cos,0.07728594361338761
2,0,0.1,GBM_4_AutoML_3_20260603_194012,year,0.12134689641650763
2,0,0.1,GBM_grid_1_AutoML_3_20260603_194012_model_2,target_lag1,56.780314242839815
2,0,0.1,GBM_grid_1_AutoML_3_20260603_194012_model_2,target_lag2,1.6084607699885964
2,0,0.1,GBM_grid_1_AutoML_3_20260603_194012_model_2,target_lag3,0.7771298726648093
2,0,0.1,GBM_grid_1_AutoML_3_20260603_194012_model_2,target_lag4,0.3945118704251945
2,0,0.1,GBM_grid_1_AutoML_3_20260603_194012_model_2,target_lag5,0.7956371639296412
2,0,0.1,GBM_grid_1_AutoML_3_20260603_194012_model_2,target_lag6,3.662858949303627
2,0,0.1,GBM_grid_1_AutoML_3_20260603_194012_model_2,hour_lag1,2.9565318348258733
2,0,0.1,GBM_grid_1_AutoML_3_20260603_194012_model_2,day_of_week_lag1,0.2583036435226677
2,0,0.1,GBM_grid_1_AutoML_3_20260603_194012_model_2,month_lag1,0.2137877105071675
2,0,0.1,GBM_grid_1_AutoML_3_20260603_194012_model_2,trend_lag1,0.2049980052560568
2,0,0.1,GBM_grid_1_AutoML_3_20260603_194012_model_2,month_sin,0.06489098955920776
2,0,0.1,GBM_grid_1_AutoML_3_20260603_194012_model_2,month_cos,0.058124988533090755
2,0,0.1,GBM_grid_1_AutoML_3_20260603_194012_model_2,year,0.04620989784831177
2,0,0.1,GBM_grid_1_AutoML_3_20260603_194012_model_3,target_lag1,26.966113249063493
2,0,0.1,GBM_grid_1_AutoML_3_20260603_194012_model_3,target_lag2,18.767711305618285
2,0,0.1,GBM_grid_1_AutoML_3_20260603_194012_model_3,target_lag3,4.553511562496424
2,0,0.1,GBM_grid_1_AutoML_3_20260603_194012_model_3,target_lag4,4.635615064874291
2,0,0.1,GBM_grid_1_AutoML_3_20260603_194012_model_3,target_lag5,1.2859068035706878
2,0,0.1,GBM_grid_1_AutoML_3_20260603_194012_model_3,target_lag6,7.7198671599105
2,0,0.1,GBM_grid_1_AutoML_3_20260603_194012_model_3,hour_lag1,3.607031417042017
2,0,0.1,GBM_grid_1_AutoML_3_20260603_194012_model_3,day_of_week_lag1,0.3160352032026276
2,0,0.1,GBM_grid_1_AutoML_3_20260603_194012_model_3,month_lag1,0.2627778647304513
2,0,0.1,GBM_grid_1_AutoML_3_20260603_194012_model_3,trend_lag1,0.4202083163708448
2,0,0.1,GBM_grid_1_AutoML_3_20260603_194012_model_3,month_sin,0.06961252409673759
2,0,0.1,GBM_grid_1_AutoML_3_20260603_194012_model_3,month_cos,0.0779099129629321
2,0,0.1,GBM_grid_1_AutoML_3_20260603_194012_model_3,year,0.12240801675245162
2,0,0.1,GBM_3_AutoML_3_20260603_194012,target_lag1,41.658672898188236
2,0,0.1,GBM_3_AutoML_3_20260603_194012,target_lag2,9.57735818862915
2,0,0.1,GBM_3_AutoML_3_20260603_194012,target_lag3,3.668317774683237
2,0,0.1,GBM_3_AutoML_3_20260603_194012,target_lag4,1.8565452352166176
2,0,0.1,GBM_3_AutoML_3_20260603_194012,target_lag5,0.980229715211317
2,0,0.1,GBM_3_AutoML_3_20260603_194012,target_lag6,5.6791297054290775
2,0,0.1,GBM_3_AutoML_3_20260603_194012,hour_lag1,2.912713631093502
2,0,0.1,GBM_3_AutoML_3_20260603_194012,day_of_week_lag1,0.3053061906155199
2,0,0.1,GBM_3_AutoML_3_20260603_194012,month_lag1,0.2756174554745667
2,0,0.1,GBM_3_AutoML_3_20260603_194012,trend_lag1,0.2624840396083891
2,0,0.1,GBM_3_AutoML_3_20260603_194012,month_sin,0.06364456812618295
2,0,0.1,GBM_3_AutoML_3_20260603_194012,month_cos,0.06878191614057863
2,0,0.1,GBM_3_AutoML_3_20260603_194012,year,0.14793965927558017
2,0,0.1,XGBoost_grid_1_AutoML_3_20260603_194012_model_5,target_lag1,55.63321242088452
2,0,0.1,XGBoost_grid_1_AutoML_3_20260603_194012_model_5,target_lag2,2.2535689613223076
2,0,0.1,XGBoost_grid_1_AutoML_3_20260603_194012_model_5,target_lag3,1.1077102147857658
2,0,0.1,XGBoost_grid_1_AutoML_3_20260603_194012_model_5,target_lag4,0.6590141027688514
2,0,0.1,XGBoost_grid_1_AutoML_3_20260603_194012_model_5,target_lag5,0.7613699935376644
2,0,0.1,XGBoost_grid_1_AutoML_3_20260603_194012_model_5,target_lag6,3.966234889626503
2,0,0.1,XGBoost_grid_1_AutoML_3_20260603_194012_model_5,hour_lag1,3.6463830300979314
2,0,0.1,XGBoost_grid_1_AutoML_3_20260603_194012_model_5,day_of_week_lag1,0.27717216916382315
2,0,0.1,XGBoost_grid_1_AutoML_3_20260603_194012_model_5,month_lag1,0.3062709400465246
2,0,0.1,XGBoost_grid_1_AutoML_3_20260603_194012_model_5,trend_lag1,0.3966087439423427
2,0,0.1,XGBoost_grid_1_AutoML_3_20260603_194012_model_5,month_sin,0.05981431221007365
2,0,0.1,XGBoost_grid_1_AutoML_3_20260603_194012_model_5,month_cos,0.0692523406411055
2,0,0.1,XGBoost_grid_1_AutoML_3_20260603_194012_model_5,year,0.10975559325423088
2,0,0.1,GBM_grid_1_AutoML_3_20260603_194012_model_1,target_lag1,24.61916874218732
2,0,0.1,GBM_grid_1_AutoML_3_20260603_194012_model_1,target_lag2,16.67871206557378
2,0,0.1,GBM_grid_1_AutoML_3_20260603_194012_model_1,target_lag3,7.542060391604901
2,0,0.1,GBM_grid_1_AutoML_3_20260603_194012_model_1,target_lag4,3.1737569162249564
2,0,0.1,GBM_grid_1_AutoML_3_20260603_194012_model_1,target_lag5,8.58911075398326
2,0,0.1,GBM_grid_1_AutoML_3_20260603_194012_model_1,target_lag6,1.4778011674061418
2,0,0.1,GBM_grid_1_AutoML_3_20260603_194012_model_1,hour_lag1,3.3830249222181736
2,0,0.1,GBM_grid_1_AutoML_3_20260603_194012_model_1,day_of_week_lag1,0.33787618862465024
2,0,0.1,GBM_grid_1_AutoML_3_20260603_194012_model_1,month_lag1,0.38912089792545884
2,0,0.1,GBM_grid_1_AutoML_3_20260603_194012_model_1,trend_lag1,0.42035693695768717
2,0,0.1,GBM_grid_1_AutoML_3_20260603_194012_model_1,month_sin,0.10989059098530557
2,0,0.1,GBM_grid_1_AutoML_3_20260603_194012_model_1,month_cos,0.16178014288423578
2,0,0.1,GBM_grid_1_AutoML_3_20260603_194012_model_1,year,0.1906801029574126
2,0,0.1,XGBoost_grid_1_AutoML_3_20260603_194012_model_2,target_lag1,33.55792919844389
2,0,0.1,XGBoost_grid_1_AutoML_3_20260603_194012_model_2,target_lag2,23.899725363254547
2,0,0.1,XGBoost_grid_1_AutoML_3_20260603_194012_model_2,target_lag3,1.1374523947015405
2,0,0.1,XGBoost_grid_1_AutoML_3_20260603_194012_model_2,target_lag4,0.9336020303703845
2,0,0.1,XGBoost_grid_1_AutoML_3_20260603_194012_model_2,target_lag5,0.8343488492071629
2,0,0.1,XGBoost_grid_1_AutoML_3_20260603_194012_model_2,target_lag6,7.876797693371773
2,0,0.1,XGBoost_grid_1_AutoML_3_20260603_194012_model_2,hour_lag1,3.8030785742402076
2,0,0.1,XGBoost_grid_1_AutoML_3_20260603_194012_model_2,day_of_week_lag1,0.3809198406012729
2,0,0.1,XGBoost_grid_1_AutoML_3_20260603_194012_model_2,month_lag1,0.25475508024916055
2,0,0.1,XGBoost_grid_1_AutoML_3_20260603_194012_model_2,trend_lag1,0.7336154125630856
2,0,0.1,XGBoost_grid_1_AutoML_3_20260603_194012_model_2,month_sin,0.07611427147465288
2,0,0.1,XGBoost_grid_1_AutoML_3_20260603_194012_model_2,month_cos,0.08374548789113756
2,0,0.1,XGBoost_grid_1_AutoML_3_20260603_194012_model_2,year,0.07261156883148936
2,0,0.1,GBM_2_AutoML_3_20260603_194012,target_lag1,32.89965567231178
2,0,0.1,GBM_2_AutoML_3_20260603_194012,target_lag2,20.775290651321413
2,0,0.1,GBM_2_AutoML_3_20260603_194012,target_lag3,3.2420143010653555
2,0,0.1,GBM_2_AutoML_3_20260603_194012,target_lag4,0.5651423914125189
2,0,0.1,GBM_2_AutoML_3_20260603_194012,target_lag5,0.5002452788408845
2,0,0.1,GBM_2_AutoML_3_20260603_194012,target_lag6,6.047916963994503
2,0,0.1,GBM_2_AutoML_3_20260603_194012,hour_lag1,3.126981763876975
2,0,0.1,GBM_2_AutoML_3_20260603_194012,day_of_week_lag1,0.2328218364343047
2,0,0.1,GBM_2_AutoML_3_20260603_194012,month_lag1,0.2880351937329397
2,0,0.1,GBM_2_AutoML_3_20260603_194012,trend_lag1,0.2759418200614164
2,0,0.1,GBM_2_AutoML_3_20260603_194012,month_sin,0.06162604118930173
2,0,0.1,GBM_2_AutoML_3_20260603_194012,month_cos,0.03822901362786066
2,0,0.1,GBM_2_AutoML_3_20260603_194012,year,0.1264771758567076
2,0,0.1,XGBoost_grid_1_AutoML_3_20260603_194012_model_1,target_lag1,53.759850202798845
2,0,0.1,XGBoost_grid_1_AutoML_3_20260603_194012_model_1,target_lag2,3.2048537236452104
2,0,0.1,XGBoost_grid_1_AutoML_3_20260603_194012_model_1,target_lag3,1.050223176330328
2,0,0.1,XGBoost_grid_1_AutoML_3_20260603_194012_model_1,target_lag4,0.9432397181540728
2,0,0.1,XGBoost_grid_1_AutoML_3_20260603_194012_model_1,target_lag5,0.9889952378720045
2,0,0.1,XGBoost_grid_1_AutoML_3_20260603_194012_model_1,target_lag6,6.5927047365903855
2,0,0.1,XGBoost_grid_1_AutoML_3_20260603_194012_model_1,hour_lag1,3.7756535151600836
2,0,0.1,XGBoost_grid_1_AutoML_3_20260603_194012_model_1,day_of_week_lag1,0.3764051240496337
2,0,0.1,XGBoost_grid_1_AutoML_3_20260603_194012_model_1,month_lag1,0.3603976846113801
2,0,0.1,XGBoost_grid_1_AutoML_3_20260603_194012_model_1,trend_lag1,0.8731084048282355
2,0,0.1,XGBoost_grid_1_AutoML_3_20260603_194012_model_1,month_sin,0.10600634502596218
2,0,0.1,XGBoost_grid_1_AutoML_3_20260603_194012_model_1,month_cos,0.09811835431959476
2,0,0.1,XGBoost_grid_1_AutoML_3_20260603_194012_model_1,year,0.0
2,0,0.1,GBM_5_AutoML_3_20260603_194012,target_lag1,25.74961968868971
2,0,0.1,GBM_5_AutoML_3_20260603_194012,target_lag2,21.228527765870094
2,0,0.1,GBM_5_AutoML_3_20260603_194012,target_lag3,7.306146997064352
2,0,0.1,GBM_5_AutoML_3_20260603_194012,target_lag4,0.9688338361680507
2,0,0.1,GBM_5_AutoML_3_20260603_194012,target_lag5,3.0292585298418997
2,0,0.1,GBM_5_AutoML_3_20260603_194012,target_lag6,4.055842204540968
2,0,0.1,GBM_5_AutoML_3_20260603_194012,hour_lag1,2.9837902492284774
2,0,0.1,GBM_5_AutoML_3_20260603_194012,day_of_week_lag1,0.14614436657633628
2,0,0.1,GBM_5_AutoML_3_20260603_194012,month_lag1,0.5340804060641676
2,0,0.1,GBM_5_AutoML_3_20260603_194012,trend_lag1,0.23221481239888814
2,0,0.1,GBM_5_AutoML_3_20260603_194012,month_sin,0.04781190337875155
2,0,0.1,GBM_5_AutoML_3_20260603_194012,month_cos,0.020839953208051112
2,0,0.1,GBM_5_AutoML_3_20260603_194012,year,0.1461698574166803
2,0,0.1,DRF_1_AutoML_3_20260603_194012,target_lag1,25.022381712198257
2,0,0.1,DRF_1_AutoML_3_20260603_194012,target_lag2,10.347247198075056
2,0,0.1,DRF_1_AutoML_3_20260603_194012,target_lag3,8.913582186102866
2,0,0.1,DRF_1_AutoML_3_20260603_194012,target_lag4,5.997516739480197
2,0,0.1,DRF_1_AutoML_3_20260603_194012,target_lag5,4.7270289837569
2,0,0.1,DRF_1_AutoML_3_20260603_194012,target_lag6,4.886396050266922
2,0,0.1,DRF_1_AutoML_3_20260603_194012,hour_lag1,2.2425247893109916
2,0,0.1,DRF_1_AutoML_3_20260603_194012,day_of_week_lag1,0.3709216610342264
2,0,0.1,DRF_1_AutoML_3_20260603_194012,month_lag1,0.1529220989323221
2,0,0.1,DRF_1_AutoML_3_20260603_194012,trend_lag1,1.0370288433134556
2,0,0.1,DRF_1_AutoML_3_20260603_194012,month_sin,0.1006055240903515
2,0,0.1,DRF_1_AutoML_3_20260603_194012,month_cos,0.07737703575374322
2,0,0.1,DRF_1_AutoML_3_20260603_194012,year,0.44852142920717597
2,0,0.1,XRT_1_AutoML_3_20260603_194012,target_lag1,912578832.0667361
2,0,0.1,XRT_1_AutoML_3_20260603_194012,target_lag2,794506627.0949864
2,0,0.1,XRT_1_AutoML_3_20260603_194012,target_lag3,59674526454.05125
2,0,0.1,XRT_1_AutoML_3_20260603_194012,target_lag4,72205843.30229793
2,0,0.1,XRT_1_AutoML_3_20260603_194012,target_lag5,873484688.1122093
2,0,0.1,XRT_1_AutoML_3_20260603_194012,target_lag6,483039519.0234964
2,0,0.1,XRT_1_AutoML_3_20260603_194012,hour_lag1,619021394.2386067
2,0,0.1,XRT_1_AutoML_3_20260603_194012,day_of_week_lag1,15783.074933105112
2,0,0.1,XRT_1_AutoML_3_20260603_194012,month_lag1,196510723.79090795
2,0,0.1,XRT_1_AutoML_3_20260603_194012,trend_lag1,563027073.6179767
2,0,0.1,XRT_1_AutoML_3_20260603_194012,month_sin,420.0146612258628
2,0,0.1,XRT_1_AutoML_3_20260603_194012,month_cos,4760.495163393244
2,0,0.1,XRT_1_AutoML_3_20260603_194012,year,933124584.6375157
2,0,0.1,XGBoost_2_AutoML_3_20260603_194012,target_lag1,34.498074245452884
2,0,0.1,XGBoost_2_AutoML_3_20260603_194012,target_lag2,17.34950535774231
2,0,0.1,XGBoost_2_AutoML_3_20260603_194012,target_lag3,4.547780668735504
2,0,0.1,XGBoost_2_AutoML_3_20260603_194012,target_lag4,1.8180008520185948
2,0,0.1,XGBoost_2_AutoML_3_20260603_194012,target_lag5,2.1434652300924064
2,0,0.1,XGBoost_2_AutoML_3_20260603_194012,target_lag6,5.803188120126724
2,0,0.1,XGBoost_2_AutoML_3_20260603_194012,hour_lag1,3.59659282296896
2,0,0.1,XGBoost_2_AutoML_3_20260603_194012,day_of_week_lag1,0.30790511226281525
2,0,0.1,XGBoost_2_AutoML_3_20260603_194012,month_lag1,0.3415691100340337
2,0,0.1,XGBoost_2_AutoML_3_20260603_194012,trend_lag1,0.5936592369526624
2,0,0.1,XGBoost_2_AutoML_3_20260603_194012,month_sin,0.16428685829356252
2,0,0.1,XGBoost_2_AutoML_3_20260603_194012,month_cos,0.16185074682580303
2,0,0.1,XGBoost_2_AutoML_3_20260603_194012,year,0.12953526548342775
2,0,0.1,XGBoost_1_AutoML_3_20260603_194012,target_lag1,45.784320603013036
2,0,0.1,XGBoost_1_AutoML_3_20260603_194012,target_lag2,3.987712741754949
2,0,0.1,XGBoost_1_AutoML_3_20260603_194012,target_lag3,7.608716785907745
2,0,0.1,XGBoost_1_AutoML_3_20260603_194012,target_lag4,0.9415854029357433
2,0,0.1,XGBoost_1_AutoML_3_20260603_194012,target_lag5,1.6419426633790135
2,0,0.1,XGBoost_1_AutoML_3_20260603_194012,target_lag6,4.255870766043663
2,0,0.1,XGBoost_1_AutoML_3_20260603_194012,hour_lag1,3.5635058775078505
2,0,0.1,XGBoost_1_AutoML_3_20260603_194012,day_of_week_lag1,0.5858245231583714
2,0,0.1,XGBoost_1_AutoML_3_20260603_194012,month_lag1,0.3836843252647668
2,0,0.1,XGBoost_1_AutoML_3_20260603_194012,trend_lag1,0.9520313486456871
2,0,0.1,XGBoost_1_AutoML_3_20260603_194012,month_sin,0.17202362718060613
2,0,0.1,XGBoost_1_AutoML_3_20260603_194012,month_cos,0.13202284393315492
2,0,0.1,XGBoost_1_AutoML_3_20260603_194012,year,0.13712012615520502
2,0,0.1,XGBoost_3_AutoML_3_20260603_194012,target_lag1,41.305050458163024
2,0,0.1,XGBoost_3_AutoML_3_20260603_194012,target_lag2,11.85055552124977
2,0,0.1,XGBoost_3_AutoML_3_20260603_194012,target_lag3,1.6642211890220642
2,0,0.1,XGBoost_3_AutoML_3_20260603_194012,target_lag4,0.8699485179036855
2,0,0.1,XGBoost_3_AutoML_3_20260603_194012,target_lag5,3.4081410455889998
2,0,0.1,XGBoost_3_AutoML_3_20260603_194012,target_lag6,5.960659996420145
2,0,0.1,XGBoost_3_AutoML_3_20260603_194012,hour_lag1,3.156366389244795
2,0,0.1,XGBoost_3_AutoML_3_20260603_194012,day_of_week_lag1,0.21537566103041172
2,0,0.1,XGBoost_3_AutoML_3_20260603_194012,month_lag1,0.3933129062969238
2,0,0.1,XGBoost_3_AutoML_3_20260603_194012,trend_lag1,1.8646383106708526
2,0,0.1,XGBoost_3_AutoML_3_20260603_194012,month_sin,0.0666204129098514
2,0,0.1,XGBoost_3_AutoML_3_20260603_194012,month_cos,0.04758470642613243
2,0,0.1,XGBoost_3_AutoML_3_20260603_194012,year,0.4161060521611944
2,0,0.1,XGBoost_grid_1_AutoML_3_20260603_194012_model_6,target_lag1,43.78782850861549
2,0,0.1,XGBoost_grid_1_AutoML_3_20260603_194012_model_6,target_lag2,8.17037189245224
2,0,0.1,XGBoost_grid_1_AutoML_3_20260603_194012_model_6,target_lag3,5.516400468349457
2,0,0.1,XGBoost_grid_1_AutoML_3_20260603_194012_model_6,target_lag4,0.944963887995109
2,0,0.1,XGBoost_grid_1_AutoML_3_20260603_194012_model_6,target_lag5,6.850070541501045
2,0,0.1,XGBoost_grid_1_AutoML_3_20260603_194012_model_6,target_lag6,8.597083727121353
2,0,0.1,XGBoost_grid_1_AutoML_3_20260603_194012_model_6,hour_lag1,3.1179334726929664
2,0,0.1,XGBoost_grid_1_AutoML_3_20260603_194012_model_6,day_of_week_lag1,0.14000484645133834
2,0,0.1,XGBoost_grid_1_AutoML_3_20260603_194012_model_6,month_lag1,0.48423212679103017
2,0,0.1,XGBoost_grid_1_AutoML_3_20260603_194012_model_6,trend_lag1,0.527093772739172
2,0,0.1,XGBoost_grid_1_AutoML_3_20260603_194012_model_6,month_sin,0.018141537084011335
2,0,0.1,XGBoost_grid_1_AutoML_3_20260603_194012_model_6,month_cos,0.00020697355445008724
2,0,0.1,XGBoost_grid_1_AutoML_3_20260603_194012_model_6,year,0.06392177275381977
2,0,0.1,XGBoost_grid_1_AutoML_3_20260603_194012_model_3,target_lag1,21.568510580062867
2,0,0.1,XGBoost_grid_1_AutoML_3_20260603_194012_model_3,target_lag2,17.89327185869217
2,0,0.1,XGBoost_grid_1_AutoML_3_20260603_194012_model_3,target_lag3,14.086654443740844
2,0,0.1,XGBoost_grid_1_AutoML_3_20260603_194012_model_3,target_lag4,1.1231534044723959
2,0,0.1,XGBoost_grid_1_AutoML_3_20260603_194012_model_3,target_lag5,2.319576229453087
2,0,0.1,XGBoost_grid_1_AutoML_3_20260603_194012_model_3,target_lag6,10.523487057685852
2,0,0.1,XGBoost_grid_1_AutoML_3_20260603_194012_model_3,hour_lag1,3.6896397737180813
2,0,0.1,XGBoost_grid_1_AutoML_3_20260603_194012_model_3,day_of_week_lag1,0.37808614257723094
2,0,0.1,XGBoost_grid_1_AutoML_3_20260603_194012_model_3,month_lag1,0.34711025991942734
2,0,0.1,XGBoost_grid_1_AutoML_3_20260603_194012_model_3,trend_lag1,1.2793294763565064
2,0,0.1,XGBoost_grid_1_AutoML_3_20260603_194012_model_3,month_sin,0.03538942915212824
2,0,0.1,XGBoost_grid_1_AutoML_3_20260603_194012_model_3,month_cos,0.03718472455570003
2,0,0.1,XGBoost_grid_1_AutoML_3_20260603_194012_model_3,year,0.42938489075750114
2,0,0.1,XGBoost_grid_1_AutoML_3_20260603_194012_model_4,target_lag1,54.48006887376309
2,0,0.1,XGBoost_grid_1_AutoML_3_20260603_194012_model_4,target_lag2,2.2105475288815795
2,0,0.1,XGBoost_grid_1_AutoML_3_20260603_194012_model_4,target_lag3,2.9592500352859497
2,0,0.1,XGBoost_grid_1_AutoML_3_20260603_194012_model_4,target_lag4,1.1678001960832625
2,0,0.1,XGBoost_grid_1_AutoML_3_20260603_194012_model_4,target_lag5,1.0856534918583929
2,0,0.1,XGBoost_grid_1_AutoML_3_20260603_194012_model_4,target_lag6,3.7362072286754846
2,0,0.1,XGBoost_grid_1_AutoML_3_20260603_194012_model_4,hour_lag1,3.618312875330448
2,0,0.1,XGBoost_grid_1_AutoML_3_20260603_194012_model_4,day_of_week_lag1,0.34095688953530046
2,0,0.1,XGBoost_grid_1_AutoML_3_20260603_194012_model_4,month_lag1,0.4877005833375733
2,0,0.1,XGBoost_grid_1_AutoML_3_20260603_194012_model_4,trend_lag1,1.762600659802556
2,0,0.1,XGBoost_grid_1_AutoML_3_20260603_194012_model_4,month_sin,0.2320128328318242
2,0,0.1,XGBoost_grid_1_AutoML_3_20260603_194012_model_4,month_cos,0.09225331363268191
2,0,0.1,XGBoost_grid_1_AutoML_3_20260603_194012_model_4,year,0.15645058240275828
2,0,0.2,GBM_1_AutoML_3_20260603_194012,target_lag1,35.55509649753571
2,0,0.2,GBM_1_AutoML_3_20260603_194012,target_lag2,18.38192084670067
2,0,0.2,GBM_1_AutoML_3_20260603_194012,target_lag3,3.8867641957104206
2,0,0.2,GBM_1_AutoML_3_20260603_194012,target_lag4,1.9791229872591793
2,0,0.2,GBM_1_AutoML_3_20260603_194012,target_lag5,0.8582259606942535
2,0,0.2,GBM_1_AutoML_3_20260603_194012,target_lag6,2.3565781329758466
2,0,0.2,GBM_1_AutoML_3_20260603_194012,hour_lag1,3.2515290334820746
2,0,0.2,GBM_1_AutoML_3_20260603_194012,day_of_week_lag1,0.35114003673195837
2,0,0.2,GBM_1_AutoML_3_20260603_194012,month_lag1,0.27668385674711315
2,0,0.2,GBM_1_AutoML_3_20260603_194012,trend_lag1,0.35901270906440913
2,0,0.2,GBM_1_AutoML_3_20260603_194012,month_sin,0.10641711500240486
2,0,0.2,GBM_1_AutoML_3_20260603_194012,month_cos,0.1127237439062446
2,0,0.2,GBM_1_AutoML_3_20260603_194012,year,0.13188849934376773
2,0,0.2,GBM_4_AutoML_3_20260603_194012,target_lag1,38.222585694789885
2,0,0.2,GBM_4_AutoML_3_20260603_194012,target_lag2,10.63487489938736
2,0,0.2,GBM_4_AutoML_3_20260603_194012,target_lag3,7.319272208213806
2,0,0.2,GBM_4_AutoML_3_20260603_194012,target_lag4,1.4133769666403533
2,0,0.2,GBM_4_AutoML_3_20260603_194012,target_lag5,1.024794191978872
2,0,0.2,GBM_4_AutoML_3_20260603_194012,target_lag6,5.125009841620922
2,0,0.2,GBM_4_AutoML_3_20260603_194012,hour_lag1,3.249390869215131
2,0,0.2,GBM_4_AutoML_3_20260603_194012,day_of_week_lag1,0.30591386418789623
2,0,0.2,GBM_4_AutoML_3_20260603_194012,month_lag1,0.29120417122729125
2,0,0.2,GBM_4_AutoML_3_20260603_194012,trend_lag1,0.29907401994569227
2,0,0.2,GBM_4_AutoML_3_20260603_194012,month_sin,0.07862077502475583
2,0,0.2,GBM_4_AutoML_3_20260603_194012,month_cos,0.07728594361338761
2,0,0.2,GBM_4_AutoML_3_20260603_194012,year,0.12134689641650763
2,0,0.2,GBM_grid_1_AutoML_3_20260603_194012_model_2,target_lag1,56.780314242839815
2,0,0.2,GBM_grid_1_AutoML_3_20260603_194012_model_2,target_lag2,1.6084607699885964
2,0,0.2,GBM_grid_1_AutoML_3_20260603_194012_model_2,target_lag3,0.7771298726648093
2,0,0.2,GBM_grid_1_AutoML_3_20260603_194012_model_2,target_lag4,0.3945118704251945
2,0,0.2,GBM_grid_1_AutoML_3_20260603_194012_model_2,target_lag5,0.7956371639296412
2,0,0.2,GBM_grid_1_AutoML_3_20260603_194012_model_2,target_lag6,3.662858949303627
2,0,0.2,GBM_grid_1_AutoML_3_20260603_194012_model_2,hour_lag1,2.9565318348258733
2,0,0.2,GBM_grid_1_AutoML_3_20260603_194012_model_2,day_of_week_lag1,0.2583036435226677
2,0,0.2,GBM_grid_1_AutoML_3_20260603_194012_model_2,month_lag1,0.2137877105071675
2,0,0.2,GBM_grid_1_AutoML_3_20260603_194012_model_2,trend_lag1,0.2049980052560568
2,0,0.2,GBM_grid_1_AutoML_3_20260603_194012_model_2,month_sin,0.06489098955920776
2,0,0.2,GBM_grid_1_AutoML_3_20260603_194012_model_2,month_cos,0.058124988533090755
2,0,0.2,GBM_grid_1_AutoML_3_20260603_194012_model_2,year,0.04620989784831177
2,0,0.2,GBM_grid_1_AutoML_3_20260603_194012_model_3,target_lag1,26.966113249063493
2,0,0.2,GBM_grid_1_AutoML_3_20260603_194012_model_3,target_lag2,18.767711305618285
2,0,0.2,GBM_grid_1_AutoML_3_20260603_194012_model_3,target_lag3,4.553511562496424
2,0,0.2,GBM_grid_1_AutoML_3_20260603_194012_model_3,target_lag4,4.635615064874291
2,0,0.2,GBM_grid_1_AutoML_3_20260603_194012_model_3,target_lag5,1.2859068035706878
2,0,0.2,GBM_grid_1_AutoML_3_20260603_194012_model_3,target_lag6,7.7198671599105
2,0,0.2,GBM_grid_1_AutoML_3_20260603_194012_model_3,hour_lag1,3.607031417042017
2,0,0.2,GBM_grid_1_AutoML_3_20260603_194012_model_3,day_of_week_lag1,0.3160352032026276
2,0,0.2,GBM_grid_1_AutoML_3_20260603_194012_model_3,month_lag1,0.2627778647304513
2,0,0.2,GBM_grid_1_AutoML_3_20260603_194012_model_3,trend_lag1,0.4202083163708448
2,0,0.2,GBM_grid_1_AutoML_3_20260603_194012_model_3,month_sin,0.06961252409673759
2,0,0.2,GBM_grid_1_AutoML_3_20260603_194012_model_3,month_cos,0.0779099129629321
2,0,0.2,GBM_grid_1_AutoML_3_20260603_194012_model_3,year,0.12240801675245162
2,0,0.2,GBM_3_AutoML_3_20260603_194012,target_lag1,41.658672898188236
2,0,0.2,GBM_3_AutoML_3_20260603_194012,target_lag2,9.57735818862915
2,0,0.2,GBM_3_AutoML_3_20260603_194012,target_lag3,3.668317774683237
2,0,0.2,GBM_3_AutoML_3_20260603_194012,target_lag4,1.8565452352166176
2,0,0.2,GBM_3_AutoML_3_20260603_194012,target_lag5,0.980229715211317
2,0,0.2,GBM_3_AutoML_3_20260603_194012,target_lag6,5.6791297054290775
2,0,0.2,GBM_3_AutoML_3_20260603_194012,hour_lag1,2.912713631093502
2,0,0.2,GBM_3_AutoML_3_20260603_194012,day_of_week_lag1,0.3053061906155199
2,0,0.2,GBM_3_AutoML_3_20260603_194012,month_lag1,0.2756174554745667
2,0,0.2,GBM_3_AutoML_3_20260603_194012,trend_lag1,0.2624840396083891
2,0,0.2,GBM_3_AutoML_3_20260603_194012,month_sin,0.06364456812618295
2,0,0.2,GBM_3_AutoML_3_20260603_194012,month_cos,0.06878191614057863
2,0,0.2,GBM_3_AutoML_3_20260603_194012,year,0.14793965927558017
2,0,0.2,XGBoost_grid_1_AutoML_3_20260603_194012_model_5,target_lag1,55.63321242088452
2,0,0.2,XGBoost_grid_1_AutoML_3_20260603_194012_model_5,target_lag2,2.2535689613223076
2,0,0.2,XGBoost_grid_1_AutoML_3_20260603_194012_model_5,target_lag3,1.1077102147857658
2,0,0.2,XGBoost_grid_1_AutoML_3_20260603_194012_model_5,target_lag4,0.6590141027688514
2,0,0.2,XGBoost_grid_1_AutoML_3_20260603_194012_model_5,target_lag5,0.7613699935376644
2,0,0.2,XGBoost_grid_1_AutoML_3_20260603_194012_model_5,target_lag6,3.966234889626503
2,0,0.2,XGBoost_grid_1_AutoML_3_20260603_194012_model_5,hour_lag1,3.6463830300979314
2,0,0.2,XGBoost_grid_1_AutoML_3_20260603_194012_model_5,day_of_week_lag1,0.27717216916382315
2,0,0.2,XGBoost_grid_1_AutoML_3_20260603_194012_model_5,month_lag1,0.3062709400465246
2,0,0.2,XGBoost_grid_1_AutoML_3_20260603_194012_model_5,trend_lag1,0.3966087439423427
2,0,0.2,XGBoost_grid_1_AutoML_3_20260603_194012_model_5,month_sin,0.05981431221007365
2,0,0.2,XGBoost_grid_1_AutoML_3_20260603_194012_model_5,month_cos,0.0692523406411055
2,0,0.2,XGBoost_grid_1_AutoML_3_20260603_194012_model_5,year,0.10975559325423088
2,0,0.2,GBM_grid_1_AutoML_3_20260603_194012_model_1,target_lag1,24.61916874218732
2,0,0.2,GBM_grid_1_AutoML_3_20260603_194012_model_1,target_lag2,16.67871206557378
2,0,0.2,GBM_grid_1_AutoML_3_20260603_194012_model_1,target_lag3,7.542060391604901
2,0,0.2,GBM_grid_1_AutoML_3_20260603_194012_model_1,target_lag4,3.1737569162249564
2,0,0.2,GBM_grid_1_AutoML_3_20260603_194012_model_1,target_lag5,8.58911075398326
2,0,0.2,GBM_grid_1_AutoML_3_20260603_194012_model_1,target_lag6,1.4778011674061418
2,0,0.2,GBM_grid_1_AutoML_3_20260603_194012_model_1,hour_lag1,3.3830249222181736
2,0,0.2,GBM_grid_1_AutoML_3_20260603_194012_model_1,day_of_week_lag1,0.33787618862465024
2,0,0.2,GBM_grid_1_AutoML_3_20260603_194012_model_1,month_lag1,0.38912089792545884
2,0,0.2,GBM_grid_1_AutoML_3_20260603_194012_model_1,trend_lag1,0.42035693695768717
2,0,0.2,GBM_grid_1_AutoML_3_20260603_194012_model_1,month_sin,0.10989059098530557
2,0,0.2,GBM_grid_1_AutoML_3_20260603_194012_model_1,month_cos,0.16178014288423578
2,0,0.2,GBM_grid_1_AutoML_3_20260603_194012_model_1,year,0.1906801029574126
2,0,0.2,XGBoost_grid_1_AutoML_3_20260603_194012_model_2,target_lag1,33.55792919844389
2,0,0.2,XGBoost_grid_1_AutoML_3_20260603_194012_model_2,target_lag2,23.899725363254547
2,0,0.2,XGBoost_grid_1_AutoML_3_20260603_194012_model_2,target_lag3,1.1374523947015405
2,0,0.2,XGBoost_grid_1_AutoML_3_20260603_194012_model_2,target_lag4,0.9336020303703845
2,0,0.2,XGBoost_grid_1_AutoML_3_20260603_194012_model_2,target_lag5,0.8343488492071629
2,0,0.2,XGBoost_grid_1_AutoML_3_20260603_194012_model_2,target_lag6,7.876797693371773
2,0,0.2,XGBoost_grid_1_AutoML_3_20260603_194012_model_2,hour_lag1,3.8030785742402076
2,0,0.2,XGBoost_grid_1_AutoML_3_20260603_194012_model_2,day_of_week_lag1,0.3809198406012729
2,0,0.2,XGBoost_grid_1_AutoML_3_20260603_194012_model_2,month_lag1,0.25475508024916055
2,0,0.2,XGBoost_grid_1_AutoML_3_20260603_194012_model_2,trend_lag1,0.7336154125630856
2,0,0.2,XGBoost_grid_1_AutoML_3_20260603_194012_model_2,month_sin,0.07611427147465288
2,0,0.2,XGBoost_grid_1_AutoML_3_20260603_194012_model_2,month_cos,0.08374548789113756
2,0,0.2,XGBoost_grid_1_AutoML_3_20260603_194012_model_2,year,0.07261156883148936
2,0,0.2,GBM_2_AutoML_3_20260603_194012,target_lag1,32.89965567231178
2,0,0.2,GBM_2_AutoML_3_20260603_194012,target_lag2,20.775290651321413
2,0,0.2,GBM_2_AutoML_3_20260603_194012,target_lag3,3.2420143010653555
2,0,0.2,GBM_2_AutoML_3_20260603_194012,target_lag4,0.5651423914125189
2,0,0.2,GBM_2_AutoML_3_20260603_194012,target_lag5,0.5002452788408845
2,0,0.2,GBM_2_AutoML_3_20260603_194012,target_lag6,6.047916963994503
2,0,0.2,GBM_2_AutoML_3_20260603_194012,hour_lag1,3.126981763876975
2,0,0.2,GBM_2_AutoML_3_20260603_194012,day_of_week_lag1,0.2328218364343047
2,0,0.2,GBM_2_AutoML_3_20260603_194012,month_lag1,0.2880351937329397
2,0,0.2,GBM_2_AutoML_3_20260603_194012,trend_lag1,0.2759418200614164
2,0,0.2,GBM_2_AutoML_3_20260603_194012,month_sin,0.06162604118930173
2,0,0.2,GBM_2_AutoML_3_20260603_194012,month_cos,0.03822901362786066
2,0,0.2,GBM_2_AutoML_3_20260603_194012,year,0.1264771758567076
2,0,0.2,XGBoost_grid_1_AutoML_3_20260603_194012_model_1,target_lag1,53.759850202798845
2,0,0.2,XGBoost_grid_1_AutoML_3_20260603_194012_model_1,target_lag2,3.2048537236452104
2,0,0.2,XGBoost_grid_1_AutoML_3_20260603_194012_model_1,target_lag3,1.050223176330328
2,0,0.2,XGBoost_grid_1_AutoML_3_20260603_194012_model_1,target_lag4,0.9432397181540728
2,0,0.2,XGBoost_grid_1_AutoML_3_20260603_194012_model_1,target_lag5,0.9889952378720045
2,0,0.2,XGBoost_grid_1_AutoML_3_20260603_194012_model_1,target_lag6,6.5927047365903855
2,0,0.2,XGBoost_grid_1_AutoML_3_20260603_194012_model_1,hour_lag1,3.7756535151600836
2,0,0.2,XGBoost_grid_1_AutoML_3_20260603_194012_model_1,day_of_week_lag1,0.3764051240496337
2,0,0.2,XGBoost_grid_1_AutoML_3_20260603_194012_model_1,month_lag1,0.3603976846113801
2,0,0.2,XGBoost_grid_1_AutoML_3_20260603_194012_model_1,trend_lag1,0.8731084048282355
2,0,0.2,XGBoost_grid_1_AutoML_3_20260603_194012_model_1,month_sin,0.10600634502596218
2,0,0.2,XGBoost_grid_1_AutoML_3_20260603_194012_model_1,month_cos,0.09811835431959476
2,0,0.2,XGBoost_grid_1_AutoML_3_20260603_194012_model_1,year,0.0
2,0,0.2,GBM_5_AutoML_3_20260603_194012,target_lag1,25.74961968868971
2,0,0.2,GBM_5_AutoML_3_20260603_194012,target_lag2,21.228527765870094
2,0,0.2,GBM_5_AutoML_3_20260603_194012,target_lag3,7.306146997064352
2,0,0.2,GBM_5_AutoML_3_20260603_194012,target_lag4,0.9688338361680507
2,0,0.2,GBM_5_AutoML_3_20260603_194012,target_lag5,3.0292585298418997
2,0,0.2,GBM_5_AutoML_3_20260603_194012,target_lag6,4.055842204540968
2,0,0.2,GBM_5_AutoML_3_20260603_194012,hour_lag1,2.9837902492284774
2,0,0.2,GBM_5_AutoML_3_20260603_194012,day_of_week_lag1,0.14614436657633628
2,0,0.2,GBM_5_AutoML_3_20260603_194012,month_lag1,0.5340804060641676
2,0,0.2,GBM_5_AutoML_3_20260603_194012,trend_lag1,0.23221481239888814
2,0,0.2,GBM_5_AutoML_3_20260603_194012,month_sin,0.04781190337875155
2,0,0.2,GBM_5_AutoML_3_20260603_194012,month_cos,0.020839953208051112
2,0,0.2,GBM_5_AutoML_3_20260603_194012,year,0.1461698574166803
2,0,0.2,DRF_1_AutoML_3_20260603_194012,target_lag1,25.022381712198257
2,0,0.2,DRF_1_AutoML_3_20260603_194012,target_lag2,10.347247198075056
2,0,0.2,DRF_1_AutoML_3_20260603_194012,target_lag3,8.913582186102866
2,0,0.2,DRF_1_AutoML_3_20260603_194012,target_lag4,5.997516739480197
2,0,0.2,DRF_1_AutoML_3_20260603_194012,target_lag5,4.7270289837569
2,0,0.2,DRF_1_AutoML_3_20260603_194012,target_lag6,4.886396050266922
2,0,0.2,DRF_1_AutoML_3_20260603_194012,hour_lag1,2.2425247893109916
2,0,0.2,DRF_1_AutoML_3_20260603_194012,day_of_week_lag1,0.3709216610342264
2,0,0.2,DRF_1_AutoML_3_20260603_194012,month_lag1,0.1529220989323221
2,0,0.2,DRF_1_AutoML_3_20260603_194012,trend_lag1,1.0370288433134556
2,0,0.2,DRF_1_AutoML_3_20260603_194012,month_sin,0.1006055240903515
2,0,0.2,DRF_1_AutoML_3_20260603_194012,month_cos,0.07737703575374322
2,0,0.2,DRF_1_AutoML_3_20260603_194012,year,0.44852142920717597
2,0,0.2,XRT_1_AutoML_3_20260603_194012,target_lag1,912578832.0667361
2,0,0.2,XRT_1_AutoML_3_20260603_194012,target_lag2,794506627.0949864
2,0,0.2,XRT_1_AutoML_3_20260603_194012,target_lag3,59674526454.05125
2,0,0.2,XRT_1_AutoML_3_20260603_194012,target_lag4,72205843.30229793
2,0,0.2,XRT_1_AutoML_3_20260603_194012,target_lag5,873484688.1122093
2,0,0.2,XRT_1_AutoML_3_20260603_194012,target_lag6,483039519.0234964
2,0,0.2,XRT_1_AutoML_3_20260603_194012,hour_lag1,619021394.2386067
2,0,0.2,XRT_1_AutoML_3_20260603_194012,day_of_week_lag1,15783.074933105112
2,0,0.2,XRT_1_AutoML_3_20260603_194012,month_lag1,196510723.79090795
2,0,0.2,XRT_1_AutoML_3_20260603_194012,trend_lag1,563027073.6179767
2,0,0.2,XRT_1_AutoML_3_20260603_194012,month_sin,420.0146612258628
2,0,0.2,XRT_1_AutoML_3_20260603_194012,month_cos,4760.495163393244
2,0,0.2,XRT_1_AutoML_3_20260603_194012,year,933124584.6375157
2,0,0.2,XGBoost_2_AutoML_3_20260603_194012,target_lag1,34.498074245452884
2,0,0.2,XGBoost_2_AutoML_3_20260603_194012,target_lag2,17.34950535774231
2,0,0.2,XGBoost_2_AutoML_3_20260603_194012,target_lag3,4.547780668735504
2,0,0.2,XGBoost_2_AutoML_3_20260603_194012,target_lag4,1.8180008520185948
2,0,0.2,XGBoost_2_AutoML_3_20260603_194012,target_lag5,2.1434652300924064
2,0,0.2,XGBoost_2_AutoML_3_20260603_194012,target_lag6,5.803188120126724
2,0,0.2,XGBoost_2_AutoML_3_20260603_194012,hour_lag1,3.59659282296896
2,0,0.2,XGBoost_2_AutoML_3_20260603_194012,day_of_week_lag1,0.30790511226281525
2,0,0.2,XGBoost_2_AutoML_3_20260603_194012,month_lag1,0.3415691100340337
2,0,0.2,XGBoost_2_AutoML_3_20260603_194012,trend_lag1,0.5936592369526624
2,0,0.2,XGBoost_2_AutoML_3_20260603_194012,month_sin,0.16428685829356252
2,0,0.2,XGBoost_2_AutoML_3_20260603_194012,month_cos,0.16185074682580303
2,0,0.2,XGBoost_2_AutoML_3_20260603_194012,year,0.12953526548342775
2,0,0.2,XGBoost_1_AutoML_3_20260603_194012,target_lag1,45.784320603013036
2,0,0.2,XGBoost_1_AutoML_3_20260603_194012,target_lag2,3.987712741754949
2,0,0.2,XGBoost_1_AutoML_3_20260603_194012,target_lag3,7.608716785907745
2,0,0.2,XGBoost_1_AutoML_3_20260603_194012,target_lag4,0.9415854029357433
2,0,0.2,XGBoost_1_AutoML_3_20260603_194012,target_lag5,1.6419426633790135
2,0,0.2,XGBoost_1_AutoML_3_20260603_194012,target_lag6,4.255870766043663
2,0,0.2,XGBoost_1_AutoML_3_20260603_194012,hour_lag1,3.5635058775078505
2,0,0.2,XGBoost_1_AutoML_3_20260603_194012,day_of_week_lag1,0.5858245231583714
2,0,0.2,XGBoost_1_AutoML_3_20260603_194012,month_lag1,0.3836843252647668
2,0,0.2,XGBoost_1_AutoML_3_20260603_194012,trend_lag1,0.9520313486456871
2,0,0.2,XGBoost_1_AutoML_3_20260603_194012,month_sin,0.17202362718060613
2,0,0.2,XGBoost_1_AutoML_3_20260603_194012,month_cos,0.13202284393315492
2,0,0.2,XGBoost_1_AutoML_3_20260603_194012,year,0.13712012615520502
2,0,0.2,XGBoost_3_AutoML_3_20260603_194012,target_lag1,41.305050458163024
2,0,0.2,XGBoost_3_AutoML_3_20260603_194012,target_lag2,11.85055552124977
2,0,0.2,XGBoost_3_AutoML_3_20260603_194012,target_lag3,1.6642211890220642
2,0,0.2,XGBoost_3_AutoML_3_20260603_194012,target_lag4,0.8699485179036855
2,0,0.2,XGBoost_3_AutoML_3_20260603_194012,target_lag5,3.4081410455889998
2,0,0.2,XGBoost_3_AutoML_3_20260603_194012,target_lag6,5.960659996420145
2,0,0.2,XGBoost_3_AutoML_3_20260603_194012,hour_lag1,3.156366389244795
2,0,0.2,XGBoost_3_AutoML_3_20260603_194012,day_of_week_lag1,0.21537566103041172
2,0,0.2,XGBoost_3_AutoML_3_20260603_194012,month_lag1,0.3933129062969238
2,0,0.2,XGBoost_3_AutoML_3_20260603_194012,trend_lag1,1.8646383106708526
2,0,0.2,XGBoost_3_AutoML_3_20260603_194012,month_sin,0.0666204129098514
2,0,0.2,XGBoost_3_AutoML_3_20260603_194012,month_cos,0.04758470642613243
2,0,0.2,XGBoost_3_AutoML_3_20260603_194012,year,0.4161060521611944
2,0,0.2,XGBoost_grid_1_AutoML_3_20260603_194012_model_6,target_lag1,43.78782850861549
2,0,0.2,XGBoost_grid_1_AutoML_3_20260603_194012_model_6,target_lag2,8.17037189245224
2,0,0.2,XGBoost_grid_1_AutoML_3_20260603_194012_model_6,target_lag3,5.516400468349457
2,0,0.2,XGBoost_grid_1_AutoML_3_20260603_194012_model_6,target_lag4,0.944963887995109
2,0,0.2,XGBoost_grid_1_AutoML_3_20260603_194012_model_6,target_lag5,6.850070541501045
2,0,0.2,XGBoost_grid_1_AutoML_3_20260603_194012_model_6,target_lag6,8.597083727121353
2,0,0.2,XGBoost_grid_1_AutoML_3_20260603_194012_model_6,hour_lag1,3.1179334726929664
2,0,0.2,XGBoost_grid_1_AutoML_3_20260603_194012_model_6,day_of_week_lag1,0.14000484645133834
2,0,0.2,XGBoost_grid_1_AutoML_3_20260603_194012_model_6,month_lag1,0.48423212679103017
2,0,0.2,XGBoost_grid_1_AutoML_3_20260603_194012_model_6,trend_lag1,0.527093772739172
2,0,0.2,XGBoost_grid_1_AutoML_3_20260603_194012_model_6,month_sin,0.018141537084011335
2,0,0.2,XGBoost_grid_1_AutoML_3_20260603_194012_model_6,month_cos,0.00020697355445008724
2,0,0.2,XGBoost_grid_1_AutoML_3_20260603_194012_model_6,year,0.06392177275381977
2,0,0.2,XGBoost_grid_1_AutoML_3_20260603_194012_model_3,target_lag1,21.568510580062867
2,0,0.2,XGBoost_grid_1_AutoML_3_20260603_194012_model_3,target_lag2,17.89327185869217
2,0,0.2,XGBoost_grid_1_AutoML_3_20260603_194012_model_3,target_lag3,14.086654443740844
2,0,0.2,XGBoost_grid_1_AutoML_3_20260603_194012_model_3,target_lag4,1.1231534044723959
2,0,0.2,XGBoost_grid_1_AutoML_3_20260603_194012_model_3,target_lag5,2.319576229453087
2,0,0.2,XGBoost_grid_1_AutoML_3_20260603_194012_model_3,target_lag6,10.523487057685852
2,0,0.2,XGBoost_grid_1_AutoML_3_20260603_194012_model_3,hour_lag1,3.6896397737180813
2,0,0.2,XGBoost_grid_1_AutoML_3_20260603_194012_model_3,day_of_week_lag1,0.37808614257723094
2,0,0.2,XGBoost_grid_1_AutoML_3_20260603_194012_model_3,month_lag1,0.34711025991942734
2,0,0.2,XGBoost_grid_1_AutoML_3_20260603_194012_model_3,trend_lag1,1.2793294763565064
2,0,0.2,XGBoost_grid_1_AutoML_3_20260603_194012_model_3,month_sin,0.03538942915212824
2,0,0.2,XGBoost_grid_1_AutoML_3_20260603_194012_model_3,month_cos,0.03718472455570003
2,0,0.2,XGBoost_grid_1_AutoML_3_20260603_194012_model_3,year,0.42938489075750114
2,0,0.2,XGBoost_grid_1_AutoML_3_20260603_194012_model_4,target_lag1,54.48006887376309
2,0,0.2,XGBoost_grid_1_AutoML_3_20260603_194012_model_4,target_lag2,2.2105475288815795
2,0,0.2,XGBoost_grid_1_AutoML_3_20260603_194012_model_4,target_lag3,2.9592500352859497
2,0,0.2,XGBoost_grid_1_AutoML_3_20260603_194012_model_4,target_lag4,1.1678001960832625
2,0,0.2,XGBoost_grid_1_AutoML_3_20260603_194012_model_4,target_lag5,1.0856534918583929
2,0,0.2,XGBoost_grid_1_AutoML_3_20260603_194012_model_4,target_lag6,3.7362072286754846
2,0,0.2,XGBoost_grid_1_AutoML_3_20260603_194012_model_4,hour_lag1,3.618312875330448
2,0,0.2,XGBoost_grid_1_AutoML_3_20260603_194012_model_4,day_of_week_lag1,0.34095688953530046
2,0,0.2,XGBoost_grid_1_AutoML_3_20260603_194012_model_4,month_lag1,0.4877005833375733
2,0,0.2,XGBoost_grid_1_AutoML_3_20260603_194012_model_4,trend_lag1,1.762600659802556
2,0,0.2,XGBoost_grid_1_AutoML_3_20260603_194012_model_4,month_sin,0.2320128328318242
2,0,0.2,XGBoost_grid_1_AutoML_3_20260603_194012_model_4,month_cos,0.09225331363268191
2,0,0.2,XGBoost_grid_1_AutoML_3_20260603_194012_model_4,year,0.15645058240275828
2,0,0.2,GLM_1_AutoML_3_20260603_194012,target_lag1,44.5775953558971
2,0,0.2,GLM_1_AutoML_3_20260603_194012,target_lag2,15.374935550964054
2,0,0.2,GLM_1_AutoML_3_20260603_194012,target_lag3,5.428838413244679
2,0,0.2,GLM_1_AutoML_3_20260603_194012,target_lag4,1.1792343141286807
2,0,0.2,GLM_1_AutoML_3_20260603_194012,target_lag5,0.916499955170692
2,0,0.2,GLM_1_AutoML_3_20260603_194012,target_lag6,2.6315304573006535
2,0,0.2,GLM_1_AutoML_3_20260603_194012,hour_lag1,0.10693759902979387
2,0,0.2,GLM_1_AutoML_3_20260603_194012,day_of_week_lag1,0.06197253059198757
2,0,0.2,GLM_1_AutoML_3_20260603_194012,month_lag1,0.015174405508526724
2,0,0.2,GLM_1_AutoML_3_20260603_194012,trend_lag1,0.026214431463452335
2,0,0.2,GLM_1_AutoML_3_20260603_194012,month_sin,0.00196754538136229
2,0,0.2,GLM_1_AutoML_3_20260603_194012,month_cos,0.003645062207628431
2,0,0.2,GLM_1_AutoML_3_20260603_194012,year,0.21660314267678707
2,0,0.3,GBM_1_AutoML_3_20260603_194012,target_lag1,35.55509649753571
2,0,0.3,GBM_1_AutoML_3_20260603_194012,target_lag2,18.38192084670067
2,0,0.3,GBM_1_AutoML_3_20260603_194012,target_lag3,3.8867641957104206
2,0,0.3,GBM_1_AutoML_3_20260603_194012,target_lag4,1.9791229872591793
2,0,0.3,GBM_1_AutoML_3_20260603_194012,target_lag5,0.8582259606942535
2,0,0.3,GBM_1_AutoML_3_20260603_194012,target_lag6,2.3565781329758466
2,0,0.3,GBM_1_AutoML_3_20260603_194012,hour_lag1,3.2515290334820746
2,0,0.3,GBM_1_AutoML_3_20260603_194012,day_of_week_lag1,0.35114003673195837
2,0,0.3,GBM_1_AutoML_3_20260603_194012,month_lag1,0.27668385674711315
2,0,0.3,GBM_1_AutoML_3_20260603_194012,trend_lag1,0.35901270906440913
2,0,0.3,GBM_1_AutoML_3_20260603_194012,month_sin,0.10641711500240486
2,0,0.3,GBM_1_AutoML_3_20260603_194012,month_cos,0.1127237439062446
2,0,0.3,GBM_1_AutoML_3_20260603_194012,year,0.13188849934376773
2,0,0.3,GBM_4_AutoML_3_20260603_194012,target_lag1,38.222585694789885
2,0,0.3,GBM_4_AutoML_3_20260603_194012,target_lag2,10.63487489938736
2,0,0.3,GBM_4_AutoML_3_20260603_194012,target_lag3,7.319272208213806
2,0,0.3,GBM_4_AutoML_3_20260603_194012,target_lag4,1.4133769666403533
2,0,0.3,GBM_4_AutoML_3_20260603_194012,target_lag5,1.024794191978872
2,0,0.3,GBM_4_AutoML_3_20260603_194012,target_lag6,5.125009841620922
2,0,0.3,GBM_4_AutoML_3_20260603_194012,hour_lag1,3.249390869215131
2,0,0.3,GBM_4_AutoML_3_20260603_194012,day_of_week_lag1,0.30591386418789623
2,0,0.3,GBM_4_AutoML_3_20260603_194012,month_lag1,0.29120417122729125
2,0,0.3,GBM_4_AutoML_3_20260603_194012,trend_lag1,0.29907401994569227
2,0,0.3,GBM_4_AutoML_3_20260603_194012,month_sin,0.07862077502475583
2,0,0.3,GBM_4_AutoML_3_20260603_194012,month_cos,0.07728594361338761
2,0,0.3,GBM_4_AutoML_3_20260603_194012,year,0.12134689641650763
2,0,0.3,GBM_grid_1_AutoML_3_20260603_194012_model_2,target_lag1,56.780314242839815
2,0,0.3,GBM_grid_1_AutoML_3_20260603_194012_model_2,target_lag2,1.6084607699885964
2,0,0.3,GBM_grid_1_AutoML_3_20260603_194012_model_2,target_lag3,0.7771298726648093
2,0,0.3,GBM_grid_1_AutoML_3_20260603_194012_model_2,target_lag4,0.3945118704251945
2,0,0.3,GBM_grid_1_AutoML_3_20260603_194012_model_2,target_lag5,0.7956371639296412
2,0,0.3,GBM_grid_1_AutoML_3_20260603_194012_model_2,target_lag6,3.662858949303627
2,0,0.3,GBM_grid_1_AutoML_3_20260603_194012_model_2,hour_lag1,2.9565318348258733
2,0,0.3,GBM_grid_1_AutoML_3_20260603_194012_model_2,day_of_week_lag1,0.2583036435226677
2,0,0.3,GBM_grid_1_AutoML_3_20260603_194012_model_2,month_lag1,0.2137877105071675
2,0,0.3,GBM_grid_1_AutoML_3_20260603_194012_model_2,trend_lag1,0.2049980052560568
2,0,0.3,GBM_grid_1_AutoML_3_20260603_194012_model_2,month_sin,0.06489098955920776
2,0,0.3,GBM_grid_1_AutoML_3_20260603_194012_model_2,month_cos,0.058124988533090755
2,0,0.3,GBM_grid_1_AutoML_3_20260603_194012_model_2,year,0.04620989784831177
2,0,0.3,GBM_grid_1_AutoML_3_20260603_194012_model_3,target_lag1,26.966113249063493
2,0,0.3,GBM_grid_1_AutoML_3_20260603_194012_model_3,target_lag2,18.767711305618285
2,0,0.3,GBM_grid_1_AutoML_3_20260603_194012_model_3,target_lag3,4.553511562496424
2,0,0.3,GBM_grid_1_AutoML_3_20260603_194012_model_3,target_lag4,4.635615064874291
2,0,0.3,GBM_grid_1_AutoML_3_20260603_194012_model_3,target_lag5,1.2859068035706878
2,0,0.3,GBM_grid_1_AutoML_3_20260603_194012_model_3,target_lag6,7.7198671599105
2,0,0.3,GBM_grid_1_AutoML_3_20260603_194012_model_3,hour_lag1,3.607031417042017
2,0,0.3,GBM_grid_1_AutoML_3_20260603_194012_model_3,day_of_week_lag1,0.3160352032026276
2,0,0.3,GBM_grid_1_AutoML_3_20260603_194012_model_3,month_lag1,0.2627778647304513
2,0,0.3,GBM_grid_1_AutoML_3_20260603_194012_model_3,trend_lag1,0.4202083163708448
2,0,0.3,GBM_grid_1_AutoML_3_20260603_194012_model_3,month_sin,0.06961252409673759
2,0,0.3,GBM_grid_1_AutoML_3_20260603_194012_model_3,month_cos,0.0779099129629321
2,0,0.3,GBM_grid_1_AutoML_3_20260603_194012_model_3,year,0.12240801675245162
2,0,0.3,GBM_3_AutoML_3_20260603_194012,target_lag1,41.658672898188236
2,0,0.3,GBM_3_AutoML_3_20260603_194012,target_lag2,9.57735818862915
2,0,0.3,GBM_3_AutoML_3_20260603_194012,target_lag3,3.668317774683237
2,0,0.3,GBM_3_AutoML_3_20260603_194012,target_lag4,1.8565452352166176
2,0,0.3,GBM_3_AutoML_3_20260603_194012,target_lag5,0.980229715211317
2,0,0.3,GBM_3_AutoML_3_20260603_194012,target_lag6,5.6791297054290775
2,0,0.3,GBM_3_AutoML_3_20260603_194012,hour_lag1,2.912713631093502
2,0,0.3,GBM_3_AutoML_3_20260603_194012,day_of_week_lag1,0.3053061906155199
2,0,0.3,GBM_3_AutoML_3_20260603_194012,month_lag1,0.2756174554745667
2,0,0.3,GBM_3_AutoML_3_20260603_194012,trend_lag1,0.2624840396083891
2,0,0.3,GBM_3_AutoML_3_20260603_194012,month_sin,0.06364456812618295
2,0,0.3,GBM_3_AutoML_3_20260603_194012,month_cos,0.06878191614057863
2,0,0.3,GBM_3_AutoML_3_20260603_194012,year,0.14793965927558017
2,0,0.3,XGBoost_grid_1_AutoML_3_20260603_194012_model_5,target_lag1,55.63321242088452
2,0,0.3,XGBoost_grid_1_AutoML_3_20260603_194012_model_5,target_lag2,2.2535689613223076
2,0,0.3,XGBoost_grid_1_AutoML_3_20260603_194012_model_5,target_lag3,1.1077102147857658
2,0,0.3,XGBoost_grid_1_AutoML_3_20260603_194012_model_5,target_lag4,0.6590141027688514
2,0,0.3,XGBoost_grid_1_AutoML_3_20260603_194012_model_5,target_lag5,0.7613699935376644
2,0,0.3,XGBoost_grid_1_AutoML_3_20260603_194012_model_5,target_lag6,3.966234889626503
2,0,0.3,XGBoost_grid_1_AutoML_3_20260603_194012_model_5,hour_lag1,3.6463830300979314
2,0,0.3,XGBoost_grid_1_AutoML_3_20260603_194012_model_5,day_of_week_lag1,0.27717216916382315
2,0,0.3,XGBoost_grid_1_AutoML_3_20260603_194012_model_5,month_lag1,0.3062709400465246
2,0,0.3,XGBoost_grid_1_AutoML_3_20260603_194012_model_5,trend_lag1,0.3966087439423427
2,0,0.3,XGBoost_grid_1_AutoML_3_20260603_194012_model_5,month_sin,0.05981431221007365
2,0,0.3,XGBoost_grid_1_AutoML_3_20260603_194012_model_5,month_cos,0.0692523406411055
2,0,0.3,XGBoost_grid_1_AutoML_3_20260603_194012_model_5,year,0.10975559325423088
2,0,0.3,GBM_grid_1_AutoML_3_20260603_194012_model_1,target_lag1,24.61916874218732
2,0,0.3,GBM_grid_1_AutoML_3_20260603_194012_model_1,target_lag2,16.67871206557378
2,0,0.3,GBM_grid_1_AutoML_3_20260603_194012_model_1,target_lag3,7.542060391604901
2,0,0.3,GBM_grid_1_AutoML_3_20260603_194012_model_1,target_lag4,3.1737569162249564
2,0,0.3,GBM_grid_1_AutoML_3_20260603_194012_model_1,target_lag5,8.58911075398326
2,0,0.3,GBM_grid_1_AutoML_3_20260603_194012_model_1,target_lag6,1.4778011674061418
2,0,0.3,GBM_grid_1_AutoML_3_20260603_194012_model_1,hour_lag1,3.3830249222181736
2,0,0.3,GBM_grid_1_AutoML_3_20260603_194012_model_1,day_of_week_lag1,0.33787618862465024
2,0,0.3,GBM_grid_1_AutoML_3_20260603_194012_model_1,month_lag1,0.38912089792545884
2,0,0.3,GBM_grid_1_AutoML_3_20260603_194012_model_1,trend_lag1,0.42035693695768717
2,0,0.3,GBM_grid_1_AutoML_3_20260603_194012_model_1,month_sin,0.10989059098530557
2,0,0.3,GBM_grid_1_AutoML_3_20260603_194012_model_1,month_cos,0.16178014288423578
2,0,0.3,GBM_grid_1_AutoML_3_20260603_194012_model_1,year,0.1906801029574126
2,0,0.3,XGBoost_grid_1_AutoML_3_20260603_194012_model_2,target_lag1,33.55792919844389
2,0,0.3,XGBoost_grid_1_AutoML_3_20260603_194012_model_2,target_lag2,23.899725363254547
2,0,0.3,XGBoost_grid_1_AutoML_3_20260603_194012_model_2,target_lag3,1.1374523947015405
2,0,0.3,XGBoost_grid_1_AutoML_3_20260603_194012_model_2,target_lag4,0.9336020303703845
2,0,0.3,XGBoost_grid_1_AutoML_3_20260603_194012_model_2,target_lag5,0.8343488492071629
2,0,0.3,XGBoost_grid_1_AutoML_3_20260603_194012_model_2,target_lag6,7.876797693371773
2,0,0.3,XGBoost_grid_1_AutoML_3_20260603_194012_model_2,hour_lag1,3.8030785742402076
2,0,0.3,XGBoost_grid_1_AutoML_3_20260603_194012_model_2,day_of_week_lag1,0.3809198406012729
2,0,0.3,XGBoost_grid_1_AutoML_3_20260603_194012_model_2,month_lag1,0.25475508024916055
2,0,0.3,XGBoost_grid_1_AutoML_3_20260603_194012_model_2,trend_lag1,0.7336154125630856
2,0,0.3,XGBoost_grid_1_AutoML_3_20260603_194012_model_2,month_sin,0.07611427147465288
2,0,0.3,XGBoost_grid_1_AutoML_3_20260603_194012_model_2,month_cos,0.08374548789113756
2,0,0.3,XGBoost_grid_1_AutoML_3_20260603_194012_model_2,year,0.07261156883148936
2,0,0.3,GBM_2_AutoML_3_20260603_194012,target_lag1,32.89965567231178
2,0,0.3,GBM_2_AutoML_3_20260603_194012,target_lag2,20.775290651321413
2,0,0.3,GBM_2_AutoML_3_20260603_194012,target_lag3,3.2420143010653555
2,0,0.3,GBM_2_AutoML_3_20260603_194012,target_lag4,0.5651423914125189
2,0,0.3,GBM_2_AutoML_3_20260603_194012,target_lag5,0.5002452788408845
2,0,0.3,GBM_2_AutoML_3_20260603_194012,target_lag6,6.047916963994503
2,0,0.3,GBM_2_AutoML_3_20260603_194012,hour_lag1,3.126981763876975
2,0,0.3,GBM_2_AutoML_3_20260603_194012,day_of_week_lag1,0.2328218364343047
2,0,0.3,GBM_2_AutoML_3_20260603_194012,month_lag1,0.2880351937329397
2,0,0.3,GBM_2_AutoML_3_20260603_194012,trend_lag1,0.2759418200614164
2,0,0.3,GBM_2_AutoML_3_20260603_194012,month_sin,0.06162604118930173
2,0,0.3,GBM_2_AutoML_3_20260603_194012,month_cos,0.03822901362786066
2,0,0.3,GBM_2_AutoML_3_20260603_194012,year,0.1264771758567076
2,0,0.3,XGBoost_grid_1_AutoML_3_20260603_194012_model_1,target_lag1,53.759850202798845
2,0,0.3,XGBoost_grid_1_AutoML_3_20260603_194012_model_1,target_lag2,3.2048537236452104
2,0,0.3,XGBoost_grid_1_AutoML_3_20260603_194012_model_1,target_lag3,1.050223176330328
2,0,0.3,XGBoost_grid_1_AutoML_3_20260603_194012_model_1,target_lag4,0.9432397181540728
2,0,0.3,XGBoost_grid_1_AutoML_3_20260603_194012_model_1,target_lag5,0.9889952378720045
2,0,0.3,XGBoost_grid_1_AutoML_3_20260603_194012_model_1,target_lag6,6.5927047365903855
2,0,0.3,XGBoost_grid_1_AutoML_3_20260603_194012_model_1,hour_lag1,3.7756535151600836
2,0,0.3,XGBoost_grid_1_AutoML_3_20260603_194012_model_1,day_of_week_lag1,0.3764051240496337
2,0,0.3,XGBoost_grid_1_AutoML_3_20260603_194012_model_1,month_lag1,0.3603976846113801
2,0,0.3,XGBoost_grid_1_AutoML_3_20260603_194012_model_1,trend_lag1,0.8731084048282355
2,0,0.3,XGBoost_grid_1_AutoML_3_20260603_194012_model_1,month_sin,0.10600634502596218
2,0,0.3,XGBoost_grid_1_AutoML_3_20260603_194012_model_1,month_cos,0.09811835431959476
2,0,0.3,XGBoost_grid_1_AutoML_3_20260603_194012_model_1,year,0.0
2,0,0.3,GBM_5_AutoML_3_20260603_194012,target_lag1,25.74961968868971
2,0,0.3,GBM_5_AutoML_3_20260603_194012,target_lag2,21.228527765870094
2,0,0.3,GBM_5_AutoML_3_20260603_194012,target_lag3,7.306146997064352
2,0,0.3,GBM_5_AutoML_3_20260603_194012,target_lag4,0.9688338361680507
2,0,0.3,GBM_5_AutoML_3_20260603_194012,target_lag5,3.0292585298418997
2,0,0.3,GBM_5_AutoML_3_20260603_194012,target_lag6,4.055842204540968
2,0,0.3,GBM_5_AutoML_3_20260603_194012,hour_lag1,2.9837902492284774
2,0,0.3,GBM_5_AutoML_3_20260603_194012,day_of_week_lag1,0.14614436657633628
2,0,0.3,GBM_5_AutoML_3_20260603_194012,month_lag1,0.5340804060641676
2,0,0.3,GBM_5_AutoML_3_20260603_194012,trend_lag1,0.23221481239888814
2,0,0.3,GBM_5_AutoML_3_20260603_194012,month_sin,0.04781190337875155
2,0,0.3,GBM_5_AutoML_3_20260603_194012,month_cos,0.020839953208051112
2,0,0.3,GBM_5_AutoML_3_20260603_194012,year,0.1461698574166803
2,0,0.3,DRF_1_AutoML_3_20260603_194012,target_lag1,25.022381712198257
2,0,0.3,DRF_1_AutoML_3_20260603_194012,target_lag2,10.347247198075056
2,0,0.3,DRF_1_AutoML_3_20260603_194012,target_lag3,8.913582186102866
2,0,0.3,DRF_1_AutoML_3_20260603_194012,target_lag4,5.997516739480197
2,0,0.3,DRF_1_AutoML_3_20260603_194012,target_lag5,4.7270289837569
2,0,0.3,DRF_1_AutoML_3_20260603_194012,target_lag6,4.886396050266922
2,0,0.3,DRF_1_AutoML_3_20260603_194012,hour_lag1,2.2425247893109916
2,0,0.3,DRF_1_AutoML_3_20260603_194012,day_of_week_lag1,0.3709216610342264
2,0,0.3,DRF_1_AutoML_3_20260603_194012,month_lag1,0.1529220989323221
2,0,0.3,DRF_1_AutoML_3_20260603_194012,trend_lag1,1.0370288433134556
2,0,0.3,DRF_1_AutoML_3_20260603_194012,month_sin,0.1006055240903515
2,0,0.3,DRF_1_AutoML_3_20260603_194012,month_cos,0.07737703575374322
2,0,0.3,DRF_1_AutoML_3_20260603_194012,year,0.44852142920717597
2,0,0.3,XRT_1_AutoML_3_20260603_194012,target_lag1,912578832.0667361
2,0,0.3,XRT_1_AutoML_3_20260603_194012,target_lag2,794506627.0949864
2,0,0.3,XRT_1_AutoML_3_20260603_194012,target_lag3,59674526454.05125
2,0,0.3,XRT_1_AutoML_3_20260603_194012,target_lag4,72205843.30229793
2,0,0.3,XRT_1_AutoML_3_20260603_194012,target_lag5,873484688.1122093
2,0,0.3,XRT_1_AutoML_3_20260603_194012,target_lag6,483039519.0234964
2,0,0.3,XRT_1_AutoML_3_20260603_194012,hour_lag1,619021394.2386067
2,0,0.3,XRT_1_AutoML_3_20260603_194012,day_of_week_lag1,15783.074933105112
2,0,0.3,XRT_1_AutoML_3_20260603_194012,month_lag1,196510723.79090795
2,0,0.3,XRT_1_AutoML_3_20260603_194012,trend_lag1,563027073.6179767
2,0,0.3,XRT_1_AutoML_3_20260603_194012,month_sin,420.0146612258628
2,0,0.3,XRT_1_AutoML_3_20260603_194012,month_cos,4760.495163393244
2,0,0.3,XRT_1_AutoML_3_20260603_194012,year,933124584.6375157
2,0,0.3,XGBoost_2_AutoML_3_20260603_194012,target_lag1,34.498074245452884
2,0,0.3,XGBoost_2_AutoML_3_20260603_194012,target_lag2,17.34950535774231
2,0,0.3,XGBoost_2_AutoML_3_20260603_194012,target_lag3,4.547780668735504
2,0,0.3,XGBoost_2_AutoML_3_20260603_194012,target_lag4,1.8180008520185948
2,0,0.3,XGBoost_2_AutoML_3_20260603_194012,target_lag5,2.1434652300924064
2,0,0.3,XGBoost_2_AutoML_3_20260603_194012,target_lag6,5.803188120126724
2,0,0.3,XGBoost_2_AutoML_3_20260603_194012,hour_lag1,3.59659282296896
2,0,0.3,XGBoost_2_AutoML_3_20260603_194012,day_of_week_lag1,0.30790511226281525
2,0,0.3,XGBoost_2_AutoML_3_20260603_194012,month_lag1,0.3415691100340337
2,0,0.3,XGBoost_2_AutoML_3_20260603_194012,trend_lag1,0.5936592369526624
2,0,0.3,XGBoost_2_AutoML_3_20260603_194012,month_sin,0.16428685829356252
2,0,0.3,XGBoost_2_AutoML_3_20260603_194012,month_cos,0.16185074682580303
2,0,0.3,XGBoost_2_AutoML_3_20260603_194012,year,0.12953526548342775
2,0,0.3,XGBoost_1_AutoML_3_20260603_194012,target_lag1,45.784320603013036
2,0,0.3,XGBoost_1_AutoML_3_20260603_194012,target_lag2,3.987712741754949
2,0,0.3,XGBoost_1_AutoML_3_20260603_194012,target_lag3,7.608716785907745
2,0,0.3,XGBoost_1_AutoML_3_20260603_194012,target_lag4,0.9415854029357433
2,0,0.3,XGBoost_1_AutoML_3_20260603_194012,target_lag5,1.6419426633790135
2,0,0.3,XGBoost_1_AutoML_3_20260603_194012,target_lag6,4.255870766043663
2,0,0.3,XGBoost_1_AutoML_3_20260603_194012,hour_lag1,3.5635058775078505
2,0,0.3,XGBoost_1_AutoML_3_20260603_194012,day_of_week_lag1,0.5858245231583714
2,0,0.3,XGBoost_1_AutoML_3_20260603_194012,month_lag1,0.3836843252647668
2,0,0.3,XGBoost_1_AutoML_3_20260603_194012,trend_lag1,0.9520313486456871
2,0,0.3,XGBoost_1_AutoML_3_20260603_194012,month_sin,0.17202362718060613
2,0,0.3,XGBoost_1_AutoML_3_20260603_194012,month_cos,0.13202284393315492
2,0,0.3,XGBoost_1_AutoML_3_20260603_194012,year,0.13712012615520502
2,0,0.3,XGBoost_3_AutoML_3_20260603_194012,target_lag1,41.305050458163024
2,0,0.3,XGBoost_3_AutoML_3_20260603_194012,target_lag2,11.85055552124977
2,0,0.3,XGBoost_3_AutoML_3_20260603_194012,target_lag3,1.6642211890220642
2,0,0.3,XGBoost_3_AutoML_3_20260603_194012,target_lag4,0.8699485179036855
2,0,0.3,XGBoost_3_AutoML_3_20260603_194012,target_lag5,3.4081410455889998
2,0,0.3,XGBoost_3_AutoML_3_20260603_194012,target_lag6,5.960659996420145
2,0,0.3,XGBoost_3_AutoML_3_20260603_194012,hour_lag1,3.156366389244795
2,0,0.3,XGBoost_3_AutoML_3_20260603_194012,day_of_week_lag1,0.21537566103041172
2,0,0.3,XGBoost_3_AutoML_3_20260603_194012,month_lag1,0.3933129062969238
2,0,0.3,XGBoost_3_AutoML_3_20260603_194012,trend_lag1,1.8646383106708526
2,0,0.3,XGBoost_3_AutoML_3_20260603_194012,month_sin,0.0666204129098514
2,0,0.3,XGBoost_3_AutoML_3_20260603_194012,month_cos,0.04758470642613243
2,0,0.3,XGBoost_3_AutoML_3_20260603_194012,year,0.4161060521611944
2,0,0.3,XGBoost_grid_1_AutoML_3_20260603_194012_model_6,target_lag1,43.78782850861549
2,0,0.3,XGBoost_grid_1_AutoML_3_20260603_194012_model_6,target_lag2,8.17037189245224
2,0,0.3,XGBoost_grid_1_AutoML_3_20260603_194012_model_6,target_lag3,5.516400468349457
2,0,0.3,XGBoost_grid_1_AutoML_3_20260603_194012_model_6,target_lag4,0.944963887995109
2,0,0.3,XGBoost_grid_1_AutoML_3_20260603_194012_model_6,target_lag5,6.850070541501045
2,0,0.3,XGBoost_grid_1_AutoML_3_20260603_194012_model_6,target_lag6,8.597083727121353
2,0,0.3,XGBoost_grid_1_AutoML_3_20260603_194012_model_6,hour_lag1,3.1179334726929664
2,0,0.3,XGBoost_grid_1_AutoML_3_20260603_194012_model_6,day_of_week_lag1,0.14000484645133834
2,0,0.3,XGBoost_grid_1_AutoML_3_20260603_194012_model_6,month_lag1,0.48423212679103017
2,0,0.3,XGBoost_grid_1_AutoML_3_20260603_194012_model_6,trend_lag1,0.527093772739172
2,0,0.3,XGBoost_grid_1_AutoML_3_20260603_194012_model_6,month_sin,0.018141537084011335
2,0,0.3,XGBoost_grid_1_AutoML_3_20260603_194012_model_6,month_cos,0.00020697355445008724
2,0,0.3,XGBoost_grid_1_AutoML_3_20260603_194012_model_6,year,0.06392177275381977
2,0,0.3,XGBoost_grid_1_AutoML_3_20260603_194012_model_3,target_lag1,21.568510580062867
2,0,0.3,XGBoost_grid_1_AutoML_3_20260603_194012_model_3,target_lag2,17.89327185869217
2,0,0.3,XGBoost_grid_1_AutoML_3_20260603_194012_model_3,target_lag3,14.086654443740844
2,0,0.3,XGBoost_grid_1_AutoML_3_20260603_194012_model_3,target_lag4,1.1231534044723959
2,0,0.3,XGBoost_grid_1_AutoML_3_20260603_194012_model_3,target_lag5,2.319576229453087
2,0,0.3,XGBoost_grid_1_AutoML_3_20260603_194012_model_3,target_lag6,10.523487057685852
2,0,0.3,XGBoost_grid_1_AutoML_3_20260603_194012_model_3,hour_lag1,3.6896397737180813
2,0,0.3,XGBoost_grid_1_AutoML_3_20260603_194012_model_3,day_of_week_lag1,0.37808614257723094
2,0,0.3,XGBoost_grid_1_AutoML_3_20260603_194012_model_3,month_lag1,0.34711025991942734
2,0,0.3,XGBoost_grid_1_AutoML_3_20260603_194012_model_3,trend_lag1,1.2793294763565064
2,0,0.3,XGBoost_grid_1_AutoML_3_20260603_194012_model_3,month_sin,0.03538942915212824
2,0,0.3,XGBoost_grid_1_AutoML_3_20260603_194012_model_3,month_cos,0.03718472455570003
2,0,0.3,XGBoost_grid_1_AutoML_3_20260603_194012_model_3,year,0.42938489075750114
2,0,0.3,XGBoost_grid_1_AutoML_3_20260603_194012_model_4,target_lag1,54.48006887376309
2,0,0.3,XGBoost_grid_1_AutoML_3_20260603_194012_model_4,target_lag2,2.2105475288815795
2,0,0.3,XGBoost_grid_1_AutoML_3_20260603_194012_model_4,target_lag3,2.9592500352859497
2,0,0.3,XGBoost_grid_1_AutoML_3_20260603_194012_model_4,target_lag4,1.1678001960832625
2,0,0.3,XGBoost_grid_1_AutoML_3_20260603_194012_model_4,target_lag5,1.0856534918583929
2,0,0.3,XGBoost_grid_1_AutoML_3_20260603_194012_model_4,target_lag6,3.7362072286754846
2,0,0.3,XGBoost_grid_1_AutoML_3_20260603_194012_model_4,hour_lag1,3.618312875330448
2,0,0.3,XGBoost_grid_1_AutoML_3_20260603_194012_model_4,day_of_week_lag1,0.34095688953530046
2,0,0.3,XGBoost_grid_1_AutoML_3_20260603_194012_model_4,month_lag1,0.4877005833375733
2,0,0.3,XGBoost_grid_1_AutoML_3_20260603_194012_model_4,trend_lag1,1.762600659802556
2,0,0.3,XGBoost_grid_1_AutoML_3_20260603_194012_model_4,month_sin,0.2320128328318242
2,0,0.3,XGBoost_grid_1_AutoML_3_20260603_194012_model_4,month_cos,0.09225331363268191
2,0,0.3,XGBoost_grid_1_AutoML_3_20260603_194012_model_4,year,0.15645058240275828
2,0,0.3,GLM_1_AutoML_3_20260603_194012,target_lag1,44.5775953558971
2,0,0.3,GLM_1_AutoML_3_20260603_194012,target_lag2,15.374935550964054
2,0,0.3,GLM_1_AutoML_3_20260603_194012,target_lag3,5.428838413244679
2,0,0.3,GLM_1_AutoML_3_20260603_194012,target_lag4,1.1792343141286807
2,0,0.3,GLM_1_AutoML_3_20260603_194012,target_lag5,0.916499955170692
2,0,0.3,GLM_1_AutoML_3_20260603_194012,target_lag6,2.6315304573006535
2,0,0.3,GLM_1_AutoML_3_20260603_194012,hour_lag1,0.10693759902979387
2,0,0.3,GLM_1_AutoML_3_20260603_194012,day_of_week_lag1,0.06197253059198757
2,0,0.3,GLM_1_AutoML_3_20260603_194012,month_lag1,0.015174405508526724
2,0,0.3,GLM_1_AutoML_3_20260603_194012,trend_lag1,0.026214431463452335
2,0,0.3,GLM_1_AutoML_3_20260603_194012,month_sin,0.00196754538136229
2,0,0.3,GLM_1_AutoML_3_20260603_194012,month_cos,0.003645062207628431
2,0,0.3,GLM_1_AutoML_3_20260603_194012,year,0.21660314267678707
0,1,0.02,GBM_1_AutoML_4_20260603_201236,target_lag1,33.301815733909606
0,1,0.02,GBM_1_AutoML_4_20260603_201236,target_lag2,12.615211703181267
0,1,0.02,GBM_1_AutoML_4_20260603_201236,target_lag3,8.30692953504622
0,1,0.02,GBM_1_AutoML_4_20260603_201236,target_lag4,1.8565675289696082
0,1,0.02,GBM_1_AutoML_4_20260603_201236,target_lag5,0.4368276732414961
0,1,0.02,GBM_1_AutoML_4_20260603_201236,target_lag6,1.3800797463208436
0,1,0.02,GBM_1_AutoML_4_20260603_201236,hour_lag1,3.3462716841697695
0,1,0.02,GBM_1_AutoML_4_20260603_201236,day_of_week_lag1,0.38196414886275304
0,1,0.02,GBM_1_AutoML_4_20260603_201236,month_lag1,0.2713532278011553
0,1,0.02,GBM_1_AutoML_4_20260603_201236,trend_lag1,0.5446701108664275
0,1,0.02,GBM_1_AutoML_4_20260603_201236,month_sin,0.05609694301616396
0,1,0.02,GBM_1_AutoML_4_20260603_201236,month_cos,0.09607888258717136
0,1,0.02,GBM_1_AutoML_4_20260603_201236,year,0.10899694596417245
0,1,0.02,GBM_4_AutoML_4_20260603_201236,target_lag1,43.707970135211944
0,1,0.02,GBM_4_AutoML_4_20260603_201236,target_lag2,6.037487806081772
0,1,0.02,GBM_4_AutoML_4_20260603_201236,target_lag3,4.168838490247726
0,1,0.02,GBM_4_AutoML_4_20260603_201236,target_lag4,0.9579258966445923
0,1,0.02,GBM_4_AutoML_4_20260603_201236,target_lag5,0.7172851061588154
0,1,0.02,GBM_4_AutoML_4_20260603_201236,target_lag6,2.3814519011229276
0,1,0.02,GBM_4_AutoML_4_20260603_201236,hour_lag1,3.3623078793287275
0,1,0.02,GBM_4_AutoML_4_20260603_201236,day_of_week_lag1,0.3103210001066327
0,1,0.02,GBM_4_AutoML_4_20260603_201236,month_lag1,0.23911439032293857
0,1,0.02,GBM_4_AutoML_4_20260603_201236,trend_lag1,0.5803959456086158
0,1,0.02,GBM_4_AutoML_4_20260603_201236,month_sin,0.06188380019040775
0,1,0.02,GBM_4_AutoML_4_20260603_201236,month_cos,0.08725861637736668
0,1,0.02,GBM_4_AutoML_4_20260603_201236,year,0.17893114583566783
0,1,0.02,GBM_2_AutoML_4_20260603_201236,target_lag1,40.65277163028717
0,1,0.02,GBM_2_AutoML_4_20260603_201236,target_lag2,8.30080476284027
0,1,0.02,GBM_2_AutoML_4_20260603_201236,target_lag3,4.323173571974039
0,1,0.02,GBM_2_AutoML_4_20260603_201236,target_lag4,1.9398691600561142
0,1,0.02,GBM_2_AutoML_4_20260603_201236,target_lag5,1.0024705216288567
0,1,0.02,GBM_2_AutoML_4_20260603_201236,target_lag6,2.428944001980126
0,1,0.02,GBM_2_AutoML_4_20260603_201236,hour_lag1,3.2324536254070697
0,1,0.02,GBM_2_AutoML_4_20260603_201236,day_of_week_lag1,0.24906731983646752
0,1,0.02,GBM_2_AutoML_4_20260603_201236,month_lag1,0.2009984208829701
0,1,0.02,GBM_2_AutoML_4_20260603_201236,trend_lag1,0.46260550275444984
0,1,0.02,GBM_2_AutoML_4_20260603_201236,month_sin,0.023756599582266016
0,1,0.02,GBM_2_AutoML_4_20260603_201236,month_cos,0.03765363006852562
0,1,0.02,GBM_2_AutoML_4_20260603_201236,year,0.24410247400403023
0,1,0.02,GBM_3_AutoML_4_20260603_201236,target_lag1,37.77633547782898
0,1,0.02,GBM_3_AutoML_4_20260603_201236,target_lag2,9.767344038039447
0,1,0.02,GBM_3_AutoML_4_20260603_201236,target_lag3,5.578609378635884
0,1,0.02,GBM_3_AutoML_4_20260603_201236,target_lag4,1.35180612757802
0,1,0.02,GBM_3_AutoML_4_20260603_201236,target_lag5,1.8163188594579696
0,1,0.02,GBM_3_AutoML_4_20260603_201236,target_lag6,2.1302219020575284
0,1,0.02,GBM_3_AutoML_4_20260603_201236,hour_lag1,3.2751643627882006
0,1,0.02,GBM_3_AutoML_4_20260603_201236,day_of_week_lag1,0.2681327829137444
0,1,0.02,GBM_3_AutoML_4_20260603_201236,month_lag1,0.1826902025472372
0,1,0.02,GBM_3_AutoML_4_20260603_201236,trend_lag1,0.6052632284909487
0,1,0.02,GBM_3_AutoML_4_20260603_201236,month_sin,0.03948444035369898
0,1,0.02,GBM_3_AutoML_4_20260603_201236,month_cos,0.05580016617488577
0,1,0.02,GBM_3_AutoML_4_20260603_201236,year,0.14433813944226126
0,1,0.02,GBM_5_AutoML_4_20260603_201236,target_lag1,41.141855877712366
0,1,0.02,GBM_5_AutoML_4_20260603_201236,target_lag2,6.885060172080994
0,1,0.02,GBM_5_AutoML_4_20260603_201236,target_lag3,5.6561104202270505
0,1,0.02,GBM_5_AutoML_4_20260603_201236,target_lag4,1.4038878476247192
0,1,0.02,GBM_5_AutoML_4_20260603_201236,target_lag5,1.5598607560805977
0,1,0.02,GBM_5_AutoML_4_20260603_201236,target_lag6,1.59000258538872
0,1,0.02,GBM_5_AutoML_4_20260603_201236,hour_lag1,3.1111917869001626
0,1,0.02,GBM_5_AutoML_4_20260603_201236,day_of_week_lag1,0.17225401524920014
0,1,0.02,GBM_5_AutoML_4_20260603_201236,month_lag1,0.14289173373486844
0,1,0.02,GBM_5_AutoML_4_20260603_201236,trend_lag1,0.5719736066460609
0,1,0.02,GBM_5_AutoML_4_20260603_201236,month_sin,0.0646171858347952
0,1,0.02,GBM_5_AutoML_4_20260603_201236,month_cos,0.026533164886868646
0,1,0.02,GBM_5_AutoML_4_20260603_201236,year,0.5527400795859285
0,1,0.02,DRF_1_AutoML_4_20260603_201236,target_lag1,22.007537185549737
0,1,0.02,DRF_1_AutoML_4_20260603_201236,target_lag2,10.590966596957296
0,1,0.02,DRF_1_AutoML_4_20260603_201236,target_lag3,8.224579331353306
0,1,0.02,DRF_1_AutoML_4_20260603_201236,target_lag4,6.787021621577441
0,1,0.02,DRF_1_AutoML_4_20260603_201236,target_lag5,5.223904073014856
0,1,0.02,DRF_1_AutoML_4_20260603_201236,target_lag6,2.0802101173996927
0,1,0.02,DRF_1_AutoML_4_20260603_201236,hour_lag1,2.7175357253849506
0,1,0.02,DRF_1_AutoML_4_20260603_201236,day_of_week_lag1,0.412562627568841
0,1,0.02,DRF_1_AutoML_4_20260603_201236,month_lag1,0.18091923258267342
0,1,0.02,DRF_1_AutoML_4_20260603_201236,trend_lag1,0.7431725165992975
0,1,0.02,DRF_1_AutoML_4_20260603_201236,month_sin,0.06798439835663882
0,1,0.02,DRF_1_AutoML_4_20260603_201236,month_cos,0.07133488000428766
0,1,0.02,DRF_1_AutoML_4_20260603_201236,year,0.2105997192300856
0,1,0.02,GBM_grid_1_AutoML_4_20260603_201236_model_1,target_lag1,22.07083373785019
0,1,0.02,GBM_grid_1_AutoML_4_20260603_201236_model_1,target_lag2,7.992945502400398
0,1,0.02,GBM_grid_1_AutoML_4_20260603_201236_model_1,target_lag3,8.907587938308716
0,1,0.02,GBM_grid_1_AutoML_4_20260603_201236_model_1,target_lag4,8.165294552892446
0,1,0.02,GBM_grid_1_AutoML_4_20260603_201236_model_1,target_lag5,6.213027854189277
0,1,0.02,GBM_grid_1_AutoML_4_20260603_201236_model_1,target_lag6,3.615941680893302
0,1,0.02,GBM_grid_1_AutoML_4_20260603_201236_model_1,hour_lag1,3.2054947148263455
0,1,0.02,GBM_grid_1_AutoML_4_20260603_201236_model_1,day_of_week_lag1,0.5312459938414394
0,1,0.02,GBM_grid_1_AutoML_4_20260603_201236_model_1,month_lag1,0.4724683183967136
0,1,0.02,GBM_grid_1_AutoML_4_20260603_201236_model_1,trend_lag1,0.6730010655522346
0,1,0.02,GBM_grid_1_AutoML_4_20260603_201236_model_1,month_sin,0.1792685550195165
0,1,0.02,GBM_grid_1_AutoML_4_20260603_201236_model_1,month_cos,0.14026031039655204
0,1,0.02,GBM_grid_1_AutoML_4_20260603_201236_model_1,year,0.1852960799774155
0,1,0.05,GBM_1_AutoML_4_20260603_201236,target_lag1,33.301815733909606
0,1,0.05,GBM_1_AutoML_4_20260603_201236,target_lag2,12.615211703181267
0,1,0.05,GBM_1_AutoML_4_20260603_201236,target_lag3,8.30692953504622
0,1,0.05,GBM_1_AutoML_4_20260603_201236,target_lag4,1.8565675289696082
0,1,0.05,GBM_1_AutoML_4_20260603_201236,target_lag5,0.4368276732414961
0,1,0.05,GBM_1_AutoML_4_20260603_201236,target_lag6,1.3800797463208436
0,1,0.05,GBM_1_AutoML_4_20260603_201236,hour_lag1,3.3462716841697695
0,1,0.05,GBM_1_AutoML_4_20260603_201236,day_of_week_lag1,0.38196414886275304
0,1,0.05,GBM_1_AutoML_4_20260603_201236,month_lag1,0.2713532278011553
0,1,0.05,GBM_1_AutoML_4_20260603_201236,trend_lag1,0.5446701108664275
0,1,0.05,GBM_1_AutoML_4_20260603_201236,month_sin,0.05609694301616396
0,1,0.05,GBM_1_AutoML_4_20260603_201236,month_cos,0.09607888258717136
0,1,0.05,GBM_1_AutoML_4_20260603_201236,year,0.10899694596417245
0,1,0.05,GBM_4_AutoML_4_20260603_201236,target_lag1,43.707970135211944
0,1,0.05,GBM_4_AutoML_4_20260603_201236,target_lag2,6.037487806081772
0,1,0.05,GBM_4_AutoML_4_20260603_201236,target_lag3,4.168838490247726
0,1,0.05,GBM_4_AutoML_4_20260603_201236,target_lag4,0.9579258966445923
0,1,0.05,GBM_4_AutoML_4_20260603_201236,target_lag5,0.7172851061588154
0,1,0.05,GBM_4_AutoML_4_20260603_201236,target_lag6,2.3814519011229276
0,1,0.05,GBM_4_AutoML_4_20260603_201236,hour_lag1,3.3623078793287275
0,1,0.05,GBM_4_AutoML_4_20260603_201236,day_of_week_lag1,0.3103210001066327
0,1,0.05,GBM_4_AutoML_4_20260603_201236,month_lag1,0.23911439032293857
0,1,0.05,GBM_4_AutoML_4_20260603_201236,trend_lag1,0.5803959456086158
0,1,0.05,GBM_4_AutoML_4_20260603_201236,month_sin,0.06188380019040775
0,1,0.05,GBM_4_AutoML_4_20260603_201236,month_cos,0.08725861637736668
0,1,0.05,GBM_4_AutoML_4_20260603_201236,year,0.17893114583566783
0,1,0.05,GBM_2_AutoML_4_20260603_201236,target_lag1,40.65277163028717
0,1,0.05,GBM_2_AutoML_4_20260603_201236,target_lag2,8.30080476284027
0,1,0.05,GBM_2_AutoML_4_20260603_201236,target_lag3,4.323173571974039
0,1,0.05,GBM_2_AutoML_4_20260603_201236,target_lag4,1.9398691600561142
0,1,0.05,GBM_2_AutoML_4_20260603_201236,target_lag5,1.0024705216288567
0,1,0.05,GBM_2_AutoML_4_20260603_201236,target_lag6,2.428944001980126
0,1,0.05,GBM_2_AutoML_4_20260603_201236,hour_lag1,3.2324536254070697
0,1,0.05,GBM_2_AutoML_4_20260603_201236,day_of_week_lag1,0.24906731983646752
0,1,0.05,GBM_2_AutoML_4_20260603_201236,month_lag1,0.2009984208829701
0,1,0.05,GBM_2_AutoML_4_20260603_201236,trend_lag1,0.46260550275444984
0,1,0.05,GBM_2_AutoML_4_20260603_201236,month_sin,0.023756599582266016
0,1,0.05,GBM_2_AutoML_4_20260603_201236,month_cos,0.03765363006852562
0,1,0.05,GBM_2_AutoML_4_20260603_201236,year,0.24410247400403023
0,1,0.05,GBM_3_AutoML_4_20260603_201236,target_lag1,37.77633547782898
0,1,0.05,GBM_3_AutoML_4_20260603_201236,target_lag2,9.767344038039447
0,1,0.05,GBM_3_AutoML_4_20260603_201236,target_lag3,5.578609378635884
0,1,0.05,GBM_3_AutoML_4_20260603_201236,target_lag4,1.35180612757802
0,1,0.05,GBM_3_AutoML_4_20260603_201236,target_lag5,1.8163188594579696
0,1,0.05,GBM_3_AutoML_4_20260603_201236,target_lag6,2.1302219020575284
0,1,0.05,GBM_3_AutoML_4_20260603_201236,hour_lag1,3.2751643627882006
0,1,0.05,GBM_3_AutoML_4_20260603_201236,day_of_week_lag1,0.2681327829137444
0,1,0.05,GBM_3_AutoML_4_20260603_201236,month_lag1,0.1826902025472372
0,1,0.05,GBM_3_AutoML_4_20260603_201236,trend_lag1,0.6052632284909487
0,1,0.05,GBM_3_AutoML_4_20260603_201236,month_sin,0.03948444035369898
0,1,0.05,GBM_3_AutoML_4_20260603_201236,month_cos,0.05580016617488577
0,1,0.05,GBM_3_AutoML_4_20260603_201236,year,0.14433813944226126
0,1,0.05,GBM_5_AutoML_4_20260603_201236,target_lag1,41.141855877712366
0,1,0.05,GBM_5_AutoML_4_20260603_201236,target_lag2,6.885060172080994
0,1,0.05,GBM_5_AutoML_4_20260603_201236,target_lag3,5.6561104202270505
0,1,0.05,GBM_5_AutoML_4_20260603_201236,target_lag4,1.4038878476247192
0,1,0.05,GBM_5_AutoML_4_20260603_201236,target_lag5,1.5598607560805977
0,1,0.05,GBM_5_AutoML_4_20260603_201236,target_lag6,1.59000258538872
0,1,0.05,GBM_5_AutoML_4_20260603_201236,hour_lag1,3.1111917869001626
0,1,0.05,GBM_5_AutoML_4_20260603_201236,day_of_week_lag1,0.17225401524920014
0,1,0.05,GBM_5_AutoML_4_20260603_201236,month_lag1,0.14289173373486844
0,1,0.05,GBM_5_AutoML_4_20260603_201236,trend_lag1,0.5719736066460609
0,1,0.05,GBM_5_AutoML_4_20260603_201236,month_sin,0.0646171858347952
0,1,0.05,GBM_5_AutoML_4_20260603_201236,month_cos,0.026533164886868646
0,1,0.05,GBM_5_AutoML_4_20260603_201236,year,0.5527400795859285
0,1,0.05,DRF_1_AutoML_4_20260603_201236,target_lag1,22.007537185549737
0,1,0.05,DRF_1_AutoML_4_20260603_201236,target_lag2,10.590966596957296
0,1,0.05,DRF_1_AutoML_4_20260603_201236,target_lag3,8.224579331353306
0,1,0.05,DRF_1_AutoML_4_20260603_201236,target_lag4,6.787021621577441
0,1,0.05,DRF_1_AutoML_4_20260603_201236,target_lag5,5.223904073014856
0,1,0.05,DRF_1_AutoML_4_20260603_201236,target_lag6,2.0802101173996927
0,1,0.05,DRF_1_AutoML_4_20260603_201236,hour_lag1,2.7175357253849506
0,1,0.05,DRF_1_AutoML_4_20260603_201236,day_of_week_lag1,0.412562627568841
0,1,0.05,DRF_1_AutoML_4_20260603_201236,month_lag1,0.18091923258267342
0,1,0.05,DRF_1_AutoML_4_20260603_201236,trend_lag1,0.7431725165992975
0,1,0.05,DRF_1_AutoML_4_20260603_201236,month_sin,0.06798439835663882
0,1,0.05,DRF_1_AutoML_4_20260603_201236,month_cos,0.07133488000428766
0,1,0.05,DRF_1_AutoML_4_20260603_201236,year,0.2105997192300856
0,1,0.05,GBM_grid_1_AutoML_4_20260603_201236_model_1,target_lag1,22.07083373785019
0,1,0.05,GBM_grid_1_AutoML_4_20260603_201236_model_1,target_lag2,7.992945502400398
0,1,0.05,GBM_grid_1_AutoML_4_20260603_201236_model_1,target_lag3,8.907587938308716
0,1,0.05,GBM_grid_1_AutoML_4_20260603_201236_model_1,target_lag4,8.165294552892446
0,1,0.05,GBM_grid_1_AutoML_4_20260603_201236_model_1,target_lag5,6.213027854189277
0,1,0.05,GBM_grid_1_AutoML_4_20260603_201236_model_1,target_lag6,3.615941680893302
0,1,0.05,GBM_grid_1_AutoML_4_20260603_201236_model_1,hour_lag1,3.2054947148263455
0,1,0.05,GBM_grid_1_AutoML_4_20260603_201236_model_1,day_of_week_lag1,0.5312459938414394
0,1,0.05,GBM_grid_1_AutoML_4_20260603_201236_model_1,month_lag1,0.4724683183967136
0,1,0.05,GBM_grid_1_AutoML_4_20260603_201236_model_1,trend_lag1,0.6730010655522346
0,1,0.05,GBM_grid_1_AutoML_4_20260603_201236_model_1,month_sin,0.1792685550195165
0,1,0.05,GBM_grid_1_AutoML_4_20260603_201236_model_1,month_cos,0.14026031039655204
0,1,0.05,GBM_grid_1_AutoML_4_20260603_201236_model_1,year,0.1852960799774155
0,1,0.05,XRT_1_AutoML_4_20260603_201236,target_lag1,42147287.99029314
0,1,0.05,XRT_1_AutoML_4_20260603_201236,target_lag2,18762703.696555927
0,1,0.05,XRT_1_AutoML_4_20260603_201236,target_lag3,368857.44915712473
0,1,0.05,XRT_1_AutoML_4_20260603_201236,target_lag4,527.1898993779719
0,1,0.05,XRT_1_AutoML_4_20260603_201236,target_lag5,8245097571.272457
0,1,0.05,XRT_1_AutoML_4_20260603_201236,target_lag6,4.703673069775104
0,1,0.05,XRT_1_AutoML_4_20260603_201236,hour_lag1,18422985.46449059
0,1,0.05,XRT_1_AutoML_4_20260603_201236,day_of_week_lag1,2634.545600707531
0,1,0.05,XRT_1_AutoML_4_20260603_201236,month_lag1,2995.6476118156615
0,1,0.05,XRT_1_AutoML_4_20260603_201236,trend_lag1,50954.71619440914
0,1,0.05,XRT_1_AutoML_4_20260603_201236,month_sin,693220174.0426042
0,1,0.05,XRT_1_AutoML_4_20260603_201236,month_cos,41700942.26716793
0,1,0.05,XRT_1_AutoML_4_20260603_201236,year,3681.7474606907367
0,1,0.05,XGBoost_grid_1_AutoML_4_20260603_201236_model_3,target_lag1,52.760021905303
0,1,0.05,XGBoost_grid_1_AutoML_4_20260603_201236_model_3,target_lag2,1.044428584324196
0,1,0.05,XGBoost_grid_1_AutoML_4_20260603_201236_model_3,target_lag3,1.7847228825837373
0,1,0.05,XGBoost_grid_1_AutoML_4_20260603_201236_model_3,target_lag4,0.3498347115982324
0,1,0.05,XGBoost_grid_1_AutoML_4_20260603_201236_model_3,target_lag5,1.0547935108840465
0,1,0.05,XGBoost_grid_1_AutoML_4_20260603_201236_model_3,target_lag6,4.577974791377783
0,1,0.05,XGBoost_grid_1_AutoML_4_20260603_201236_model_3,hour_lag1,3.5668340734438972
0,1,0.05,XGBoost_grid_1_AutoML_4_20260603_201236_model_3,day_of_week_lag1,0.2959612743416801
0,1,0.05,XGBoost_grid_1_AutoML_4_20260603_201236_model_3,month_lag1,0.13417918736115095
0,1,0.05,XGBoost_grid_1_AutoML_4_20260603_201236_model_3,trend_lag1,0.6807249389588833
0,1,0.05,XGBoost_grid_1_AutoML_4_20260603_201236_model_3,month_sin,0.028140255017206024
0,1,0.05,XGBoost_grid_1_AutoML_4_20260603_201236_model_3,month_cos,0.027833498151376226
0,1,0.05,XGBoost_grid_1_AutoML_4_20260603_201236_model_3,year,0.0
0,1,0.05,XGBoost_grid_1_AutoML_4_20260603_201236_model_6,target_lag1,38.30944869995117
0,1,0.05,XGBoost_grid_1_AutoML_4_20260603_201236_model_6,target_lag2,6.092713859081268
0,1,0.05,XGBoost_grid_1_AutoML_4_20260603_201236_model_6,target_lag3,7.228082122802735
0,1,0.05,XGBoost_grid_1_AutoML_4_20260603_201236_model_6,target_lag4,5.36011613368988
0,1,0.05,XGBoost_grid_1_AutoML_4_20260603_201236_model_6,target_lag5,2.7797464687377214
0,1,0.05,XGBoost_grid_1_AutoML_4_20260603_201236_model_6,target_lag6,2.3862204552069306
0,1,0.05,XGBoost_grid_1_AutoML_4_20260603_201236_model_6,hour_lag1,3.4684086126089095
0,1,0.05,XGBoost_grid_1_AutoML_4_20260603_201236_model_6,day_of_week_lag1,0.27999858543276784
0,1,0.05,XGBoost_grid_1_AutoML_4_20260603_201236_model_6,month_lag1,0.28641882847994565
0,1,0.05,XGBoost_grid_1_AutoML_4_20260603_201236_model_6,trend_lag1,0.6353665722953156
0,1,0.05,XGBoost_grid_1_AutoML_4_20260603_201236_model_6,month_sin,0.1675266408966854
0,1,0.05,XGBoost_grid_1_AutoML_4_20260603_201236_model_6,month_cos,0.03862632874923287
0,1,0.05,XGBoost_grid_1_AutoML_4_20260603_201236_model_6,year,0.2872746822144836
0,1,0.05,XGBoost_2_AutoML_4_20260603_201236,target_lag1,39.93661903381348
0,1,0.05,XGBoost_2_AutoML_4_20260603_201236,target_lag2,1.0721093785576523
0,1,0.05,XGBoost_2_AutoML_4_20260603_201236,target_lag3,13.250078719854354
0,1,0.05,XGBoost_2_AutoML_4_20260603_201236,target_lag4,1.9352161970734596
0,1,0.05,XGBoost_2_AutoML_4_20260603_201236,target_lag5,1.0590186585485935
0,1,0.05,XGBoost_2_AutoML_4_20260603_201236,target_lag6,2.3023133300989866
0,1,0.05,XGBoost_2_AutoML_4_20260603_201236,hour_lag1,3.641067504584789
0,1,0.05,XGBoost_2_AutoML_4_20260603_201236,day_of_week_lag1,0.3719535173010081
0,1,0.05,XGBoost_2_AutoML_4_20260603_201236,month_lag1,0.37583527256269006
0,1,0.05,XGBoost_2_AutoML_4_20260603_201236,trend_lag1,0.5919894546084106
0,1,0.05,XGBoost_2_AutoML_4_20260603_201236,month_sin,0.16623553968500343
0,1,0.05,XGBoost_2_AutoML_4_20260603_201236,month_cos,0.19092889775987715
0,1,0.05,XGBoost_2_AutoML_4_20260603_201236,year,0.13357339765876527
0,1,0.05,XGBoost_3_AutoML_4_20260603_201236,target_lag1,42.003434488773344
0,1,0.05,XGBoost_3_AutoML_4_20260603_201236,target_lag2,7.834042152613401
0,1,0.05,XGBoost_3_AutoML_4_20260603_201236,target_lag3,4.107722269147635
0,1,0.05,XGBoost_3_AutoML_4_20260603_201236,target_lag4,1.3461273717880249
0,1,0.05,XGBoost_3_AutoML_4_20260603_201236,target_lag5,2.268916571550071
0,1,0.05,XGBoost_3_AutoML_4_20260603_201236,target_lag6,3.011580533348024
0,1,0.05,XGBoost_3_AutoML_4_20260603_201236,hour_lag1,3.441522740609944
0,1,0.05,XGBoost_3_AutoML_4_20260603_201236,day_of_week_lag1,0.39485699761658904
0,1,0.05,XGBoost_3_AutoML_4_20260603_201236,month_lag1,0.28921338929969354
0,1,0.05,XGBoost_3_AutoML_4_20260603_201236,trend_lag1,1.3331846901774407
0,1,0.05,XGBoost_3_AutoML_4_20260603_201236,month_sin,0.03035604873599364
0,1,0.05,XGBoost_3_AutoML_4_20260603_201236,month_cos,0.042875051298178694
0,1,0.05,XGBoost_3_AutoML_4_20260603_201236,year,0.039074306720867716
0,1,0.05,GBM_grid_1_AutoML_4_20260603_201236_model_2,target_lag1,41.333261823654176
0,1,0.05,GBM_grid_1_AutoML_4_20260603_201236_model_2,target_lag2,12.081383407115936
0,1,0.05,GBM_grid_1_AutoML_4_20260603_201236_model_2,target_lag3,3.007141156420112
0,1,0.05,GBM_grid_1_AutoML_4_20260603_201236_model_2,target_lag4,0.7997565406560898
0,1,0.05,GBM_grid_1_AutoML_4_20260603_201236_model_2,target_lag5,0.6755665511637926
0,1,0.05,GBM_grid_1_AutoML_4_20260603_201236_model_2,target_lag6,1.5846276268363
0,1,0.05,GBM_grid_1_AutoML_4_20260603_201236_model_2,hour_lag1,3.013187508136034
0,1,0.05,GBM_grid_1_AutoML_4_20260603_201236_model_2,day_of_week_lag1,0.068596588820219
0,1,0.05,GBM_grid_1_AutoML_4_20260603_201236_model_2,month_lag1,0.11663453776389357
0,1,0.05,GBM_grid_1_AutoML_4_20260603_201236_model_2,trend_lag1,0.3394294646382332
0,1,0.05,GBM_grid_1_AutoML_4_20260603_201236_model_2,month_sin,0.0010150852918741143
0,1,0.05,GBM_grid_1_AutoML_4_20260603_201236_model_2,month_cos,0.00010044527574791573
0,1,0.05,GBM_grid_1_AutoML_4_20260603_201236_model_2,year,0.010276340115815354
0,1,0.1,GBM_1_AutoML_4_20260603_201236,target_lag1,33.301815733909606
0,1,0.1,GBM_1_AutoML_4_20260603_201236,target_lag2,12.615211703181267
0,1,0.1,GBM_1_AutoML_4_20260603_201236,target_lag3,8.30692953504622
0,1,0.1,GBM_1_AutoML_4_20260603_201236,target_lag4,1.8565675289696082
0,1,0.1,GBM_1_AutoML_4_20260603_201236,target_lag5,0.4368276732414961
0,1,0.1,GBM_1_AutoML_4_20260603_201236,target_lag6,1.3800797463208436
0,1,0.1,GBM_1_AutoML_4_20260603_201236,hour_lag1,3.3462716841697695
0,1,0.1,GBM_1_AutoML_4_20260603_201236,day_of_week_lag1,0.38196414886275304
0,1,0.1,GBM_1_AutoML_4_20260603_201236,month_lag1,0.2713532278011553
0,1,0.1,GBM_1_AutoML_4_20260603_201236,trend_lag1,0.5446701108664275
0,1,0.1,GBM_1_AutoML_4_20260603_201236,month_sin,0.05609694301616396
0,1,0.1,GBM_1_AutoML_4_20260603_201236,month_cos,0.09607888258717136
0,1,0.1,GBM_1_AutoML_4_20260603_201236,year,0.10899694596417245
0,1,0.1,GBM_4_AutoML_4_20260603_201236,target_lag1,43.707970135211944
0,1,0.1,GBM_4_AutoML_4_20260603_201236,target_lag2,6.037487806081772
0,1,0.1,GBM_4_AutoML_4_20260603_201236,target_lag3,4.168838490247726
0,1,0.1,GBM_4_AutoML_4_20260603_201236,target_lag4,0.9579258966445923
0,1,0.1,GBM_4_AutoML_4_20260603_201236,target_lag5,0.7172851061588154
0,1,0.1,GBM_4_AutoML_4_20260603_201236,target_lag6,2.3814519011229276
0,1,0.1,GBM_4_AutoML_4_20260603_201236,hour_lag1,3.3623078793287275
0,1,0.1,GBM_4_AutoML_4_20260603_201236,day_of_week_lag1,0.3103210001066327
0,1,0.1,GBM_4_AutoML_4_20260603_201236,month_lag1,0.23911439032293857
0,1,0.1,GBM_4_AutoML_4_20260603_201236,trend_lag1,0.5803959456086158
0,1,0.1,GBM_4_AutoML_4_20260603_201236,month_sin,0.06188380019040775
0,1,0.1,GBM_4_AutoML_4_20260603_201236,month_cos,0.08725861637736668
0,1,0.1,GBM_4_AutoML_4_20260603_201236,year,0.17893114583566783
0,1,0.1,GBM_2_AutoML_4_20260603_201236,target_lag1,40.65277163028717
0,1,0.1,GBM_2_AutoML_4_20260603_201236,target_lag2,8.30080476284027
0,1,0.1,GBM_2_AutoML_4_20260603_201236,target_lag3,4.323173571974039
0,1,0.1,GBM_2_AutoML_4_20260603_201236,target_lag4,1.9398691600561142
0,1,0.1,GBM_2_AutoML_4_20260603_201236,target_lag5,1.0024705216288567
0,1,0.1,GBM_2_AutoML_4_20260603_201236,target_lag6,2.428944001980126
0,1,0.1,GBM_2_AutoML_4_20260603_201236,hour_lag1,3.2324536254070697
0,1,0.1,GBM_2_AutoML_4_20260603_201236,day_of_week_lag1,0.24906731983646752
0,1,0.1,GBM_2_AutoML_4_20260603_201236,month_lag1,0.2009984208829701
0,1,0.1,GBM_2_AutoML_4_20260603_201236,trend_lag1,0.46260550275444984
0,1,0.1,GBM_2_AutoML_4_20260603_201236,month_sin,0.023756599582266016
0,1,0.1,GBM_2_AutoML_4_20260603_201236,month_cos,0.03765363006852562
0,1,0.1,GBM_2_AutoML_4_20260603_201236,year,0.24410247400403023
0,1,0.1,GBM_3_AutoML_4_20260603_201236,target_lag1,37.77633547782898
0,1,0.1,GBM_3_AutoML_4_20260603_201236,target_lag2,9.767344038039447
0,1,0.1,GBM_3_AutoML_4_20260603_201236,target_lag3,5.578609378635884
0,1,0.1,GBM_3_AutoML_4_20260603_201236,target_lag4,1.35180612757802
0,1,0.1,GBM_3_AutoML_4_20260603_201236,target_lag5,1.8163188594579696
0,1,0.1,GBM_3_AutoML_4_20260603_201236,target_lag6,2.1302219020575284
0,1,0.1,GBM_3_AutoML_4_20260603_201236,hour_lag1,3.2751643627882006
0,1,0.1,GBM_3_AutoML_4_20260603_201236,day_of_week_lag1,0.2681327829137444
0,1,0.1,GBM_3_AutoML_4_20260603_201236,month_lag1,0.1826902025472372
0,1,0.1,GBM_3_AutoML_4_20260603_201236,trend_lag1,0.6052632284909487
0,1,0.1,GBM_3_AutoML_4_20260603_201236,month_sin,0.03948444035369898
0,1,0.1,GBM_3_AutoML_4_20260603_201236,month_cos,0.05580016617488577
0,1,0.1,GBM_3_AutoML_4_20260603_201236,year,0.14433813944226126
0,1,0.1,GBM_5_AutoML_4_20260603_201236,target_lag1,41.141855877712366
0,1,0.1,GBM_5_AutoML_4_20260603_201236,target_lag2,6.885060172080994
0,1,0.1,GBM_5_AutoML_4_20260603_201236,target_lag3,5.6561104202270505
0,1,0.1,GBM_5_AutoML_4_20260603_201236,target_lag4,1.4038878476247192
0,1,0.1,GBM_5_AutoML_4_20260603_201236,target_lag5,1.5598607560805977
0,1,0.1,GBM_5_AutoML_4_20260603_201236,target_lag6,1.59000258538872
0,1,0.1,GBM_5_AutoML_4_20260603_201236,hour_lag1,3.1111917869001626
0,1,0.1,GBM_5_AutoML_4_20260603_201236,day_of_week_lag1,0.17225401524920014
0,1,0.1,GBM_5_AutoML_4_20260603_201236,month_lag1,0.14289173373486844
0,1,0.1,GBM_5_AutoML_4_20260603_201236,trend_lag1,0.5719736066460609
0,1,0.1,GBM_5_AutoML_4_20260603_201236,month_sin,0.0646171858347952
0,1,0.1,GBM_5_AutoML_4_20260603_201236,month_cos,0.026533164886868646
0,1,0.1,GBM_5_AutoML_4_20260603_201236,year,0.5527400795859285
0,1,0.1,DRF_1_AutoML_4_20260603_201236,target_lag1,22.007537185549737
0,1,0.1,DRF_1_AutoML_4_20260603_201236,target_lag2,10.590966596957296
0,1,0.1,DRF_1_AutoML_4_20260603_201236,target_lag3,8.224579331353306
0,1,0.1,DRF_1_AutoML_4_20260603_201236,target_lag4,6.787021621577441
0,1,0.1,DRF_1_AutoML_4_20260603_201236,target_lag5,5.223904073014856
0,1,0.1,DRF_1_AutoML_4_20260603_201236,target_lag6,2.0802101173996927
0,1,0.1,DRF_1_AutoML_4_20260603_201236,hour_lag1,2.7175357253849506
0,1,0.1,DRF_1_AutoML_4_20260603_201236,day_of_week_lag1,0.412562627568841
0,1,0.1,DRF_1_AutoML_4_20260603_201236,month_lag1,0.18091923258267342
0,1,0.1,DRF_1_AutoML_4_20260603_201236,trend_lag1,0.7431725165992975
0,1,0.1,DRF_1_AutoML_4_20260603_201236,month_sin,0.06798439835663882
0,1,0.1,DRF_1_AutoML_4_20260603_201236,month_cos,0.07133488000428766
0,1,0.1,DRF_1_AutoML_4_20260603_201236,year,0.2105997192300856
0,1,0.1,GBM_grid_1_AutoML_4_20260603_201236_model_1,target_lag1,22.07083373785019
0,1,0.1,GBM_grid_1_AutoML_4_20260603_201236_model_1,target_lag2,7.992945502400398
0,1,0.1,GBM_grid_1_AutoML_4_20260603_201236_model_1,target_lag3,8.907587938308716
0,1,0.1,GBM_grid_1_AutoML_4_20260603_201236_model_1,target_lag4,8.165294552892446
0,1,0.1,GBM_grid_1_AutoML_4_20260603_201236_model_1,target_lag5,6.213027854189277
0,1,0.1,GBM_grid_1_AutoML_4_20260603_201236_model_1,target_lag6,3.615941680893302
0,1,0.1,GBM_grid_1_AutoML_4_20260603_201236_model_1,hour_lag1,3.2054947148263455
0,1,0.1,GBM_grid_1_AutoML_4_20260603_201236_model_1,day_of_week_lag1,0.5312459938414394
0,1,0.1,GBM_grid_1_AutoML_4_20260603_201236_model_1,month_lag1,0.4724683183967136
0,1,0.1,GBM_grid_1_AutoML_4_20260603_201236_model_1,trend_lag1,0.6730010655522346
0,1,0.1,GBM_grid_1_AutoML_4_20260603_201236_model_1,month_sin,0.1792685550195165
0,1,0.1,GBM_grid_1_AutoML_4_20260603_201236_model_1,month_cos,0.14026031039655204
0,1,0.1,GBM_grid_1_AutoML_4_20260603_201236_model_1,year,0.1852960799774155
0,1,0.1,XRT_1_AutoML_4_20260603_201236,target_lag1,42147287.99029314
0,1,0.1,XRT_1_AutoML_4_20260603_201236,target_lag2,18762703.696555927
0,1,0.1,XRT_1_AutoML_4_20260603_201236,target_lag3,368857.44915712473
0,1,0.1,XRT_1_AutoML_4_20260603_201236,target_lag4,527.1898993779719
0,1,0.1,XRT_1_AutoML_4_20260603_201236,target_lag5,8245097571.272457
0,1,0.1,XRT_1_AutoML_4_20260603_201236,target_lag6,4.703673069775104
0,1,0.1,XRT_1_AutoML_4_20260603_201236,hour_lag1,18422985.46449059
0,1,0.1,XRT_1_AutoML_4_20260603_201236,day_of_week_lag1,2634.545600707531
0,1,0.1,XRT_1_AutoML_4_20260603_201236,month_lag1,2995.6476118156615
0,1,0.1,XRT_1_AutoML_4_20260603_201236,trend_lag1,50954.71619440914
0,1,0.1,XRT_1_AutoML_4_20260603_201236,month_sin,693220174.0426042
0,1,0.1,XRT_1_AutoML_4_20260603_201236,month_cos,41700942.26716793
0,1,0.1,XRT_1_AutoML_4_20260603_201236,year,3681.7474606907367
0,1,0.1,XGBoost_grid_1_AutoML_4_20260603_201236_model_3,target_lag1,52.760021905303
0,1,0.1,XGBoost_grid_1_AutoML_4_20260603_201236_model_3,target_lag2,1.044428584324196
0,1,0.1,XGBoost_grid_1_AutoML_4_20260603_201236_model_3,target_lag3,1.7847228825837373
0,1,0.1,XGBoost_grid_1_AutoML_4_20260603_201236_model_3,target_lag4,0.3498347115982324
0,1,0.1,XGBoost_grid_1_AutoML_4_20260603_201236_model_3,target_lag5,1.0547935108840465
0,1,0.1,XGBoost_grid_1_AutoML_4_20260603_201236_model_3,target_lag6,4.577974791377783
0,1,0.1,XGBoost_grid_1_AutoML_4_20260603_201236_model_3,hour_lag1,3.5668340734438972
0,1,0.1,XGBoost_grid_1_AutoML_4_20260603_201236_model_3,day_of_week_lag1,0.2959612743416801
0,1,0.1,XGBoost_grid_1_AutoML_4_20260603_201236_model_3,month_lag1,0.13417918736115095
0,1,0.1,XGBoost_grid_1_AutoML_4_20260603_201236_model_3,trend_lag1,0.6807249389588833
0,1,0.1,XGBoost_grid_1_AutoML_4_20260603_201236_model_3,month_sin,0.028140255017206024
0,1,0.1,XGBoost_grid_1_AutoML_4_20260603_201236_model_3,month_cos,0.027833498151376226
0,1,0.1,XGBoost_grid_1_AutoML_4_20260603_201236_model_3,year,0.0
0,1,0.1,XGBoost_grid_1_AutoML_4_20260603_201236_model_6,target_lag1,38.30944869995117
0,1,0.1,XGBoost_grid_1_AutoML_4_20260603_201236_model_6,target_lag2,6.092713859081268
0,1,0.1,XGBoost_grid_1_AutoML_4_20260603_201236_model_6,target_lag3,7.228082122802735
0,1,0.1,XGBoost_grid_1_AutoML_4_20260603_201236_model_6,target_lag4,5.36011613368988
0,1,0.1,XGBoost_grid_1_AutoML_4_20260603_201236_model_6,target_lag5,2.7797464687377214
0,1,0.1,XGBoost_grid_1_AutoML_4_20260603_201236_model_6,target_lag6,2.3862204552069306
0,1,0.1,XGBoost_grid_1_AutoML_4_20260603_201236_model_6,hour_lag1,3.4684086126089095
0,1,0.1,XGBoost_grid_1_AutoML_4_20260603_201236_model_6,day_of_week_lag1,0.27999858543276784
0,1,0.1,XGBoost_grid_1_AutoML_4_20260603_201236_model_6,month_lag1,0.28641882847994565
0,1,0.1,XGBoost_grid_1_AutoML_4_20260603_201236_model_6,trend_lag1,0.6353665722953156
0,1,0.1,XGBoost_grid_1_AutoML_4_20260603_201236_model_6,month_sin,0.1675266408966854
0,1,0.1,XGBoost_grid_1_AutoML_4_20260603_201236_model_6,month_cos,0.03862632874923287
0,1,0.1,XGBoost_grid_1_AutoML_4_20260603_201236_model_6,year,0.2872746822144836
0,1,0.1,XGBoost_2_AutoML_4_20260603_201236,target_lag1,39.93661903381348
0,1,0.1,XGBoost_2_AutoML_4_20260603_201236,target_lag2,1.0721093785576523
0,1,0.1,XGBoost_2_AutoML_4_20260603_201236,target_lag3,13.250078719854354
0,1,0.1,XGBoost_2_AutoML_4_20260603_201236,target_lag4,1.9352161970734596
0,1,0.1,XGBoost_2_AutoML_4_20260603_201236,target_lag5,1.0590186585485935
0,1,0.1,XGBoost_2_AutoML_4_20260603_201236,target_lag6,2.3023133300989866
0,1,0.1,XGBoost_2_AutoML_4_20260603_201236,hour_lag1,3.641067504584789
0,1,0.1,XGBoost_2_AutoML_4_20260603_201236,day_of_week_lag1,0.3719535173010081
0,1,0.1,XGBoost_2_AutoML_4_20260603_201236,month_lag1,0.37583527256269006
0,1,0.1,XGBoost_2_AutoML_4_20260603_201236,trend_lag1,0.5919894546084106
0,1,0.1,XGBoost_2_AutoML_4_20260603_201236,month_sin,0.16623553968500343
0,1,0.1,XGBoost_2_AutoML_4_20260603_201236,month_cos,0.19092889775987715
0,1,0.1,XGBoost_2_AutoML_4_20260603_201236,year,0.13357339765876527
0,1,0.1,XGBoost_3_AutoML_4_20260603_201236,target_lag1,42.003434488773344
0,1,0.1,XGBoost_3_AutoML_4_20260603_201236,target_lag2,7.834042152613401
0,1,0.1,XGBoost_3_AutoML_4_20260603_201236,target_lag3,4.107722269147635
0,1,0.1,XGBoost_3_AutoML_4_20260603_201236,target_lag4,1.3461273717880249
0,1,0.1,XGBoost_3_AutoML_4_20260603_201236,target_lag5,2.268916571550071
0,1,0.1,XGBoost_3_AutoML_4_20260603_201236,target_lag6,3.011580533348024
0,1,0.1,XGBoost_3_AutoML_4_20260603_201236,hour_lag1,3.441522740609944
0,1,0.1,XGBoost_3_AutoML_4_20260603_201236,day_of_week_lag1,0.39485699761658904
0,1,0.1,XGBoost_3_AutoML_4_20260603_201236,month_lag1,0.28921338929969354
0,1,0.1,XGBoost_3_AutoML_4_20260603_201236,trend_lag1,1.3331846901774407
0,1,0.1,XGBoost_3_AutoML_4_20260603_201236,month_sin,0.03035604873599364
0,1,0.1,XGBoost_3_AutoML_4_20260603_201236,month_cos,0.042875051298178694
0,1,0.1,XGBoost_3_AutoML_4_20260603_201236,year,0.039074306720867716
0,1,0.1,GBM_grid_1_AutoML_4_20260603_201236_model_2,target_lag1,41.333261823654176
0,1,0.1,GBM_grid_1_AutoML_4_20260603_201236_model_2,target_lag2,12.081383407115936
0,1,0.1,GBM_grid_1_AutoML_4_20260603_201236_model_2,target_lag3,3.007141156420112
0,1,0.1,GBM_grid_1_AutoML_4_20260603_201236_model_2,target_lag4,0.7997565406560898
0,1,0.1,GBM_grid_1_AutoML_4_20260603_201236_model_2,target_lag5,0.6755665511637926
0,1,0.1,GBM_grid_1_AutoML_4_20260603_201236_model_2,target_lag6,1.5846276268363
0,1,0.1,GBM_grid_1_AutoML_4_20260603_201236_model_2,hour_lag1,3.013187508136034
0,1,0.1,GBM_grid_1_AutoML_4_20260603_201236_model_2,day_of_week_lag1,0.068596588820219
0,1,0.1,GBM_grid_1_AutoML_4_20260603_201236_model_2,month_lag1,0.11663453776389357
0,1,0.1,GBM_grid_1_AutoML_4_20260603_201236_model_2,trend_lag1,0.3394294646382332
0,1,0.1,GBM_grid_1_AutoML_4_20260603_201236_model_2,month_sin,0.0010150852918741143
0,1,0.1,GBM_grid_1_AutoML_4_20260603_201236_model_2,month_cos,0.00010044527574791573
0,1,0.1,GBM_grid_1_AutoML_4_20260603_201236_model_2,year,0.010276340115815354
0,1,0.1,GBM_grid_1_AutoML_4_20260603_201236_model_3,target_lag1,18.78314937829971
0,1,0.1,GBM_grid_1_AutoML_4_20260603_201236_model_3,target_lag2,16.739424871206282
0,1,0.1,GBM_grid_1_AutoML_4_20260603_201236_model_3,target_lag3,5.624420354999602
0,1,0.1,GBM_grid_1_AutoML_4_20260603_201236_model_3,target_lag4,5.634505861997605
0,1,0.1,GBM_grid_1_AutoML_4_20260603_201236_model_3,target_lag5,4.381543308645487
0,1,0.1,GBM_grid_1_AutoML_4_20260603_201236_model_3,target_lag6,5.169243515431881
0,1,0.1,GBM_grid_1_AutoML_4_20260603_201236_model_3,hour_lag1,3.3219748449325563
0,1,0.1,GBM_grid_1_AutoML_4_20260603_201236_model_3,day_of_week_lag1,0.5993761001527309
0,1,0.1,GBM_grid_1_AutoML_4_20260603_201236_model_3,month_lag1,0.21501261895522475
0,1,0.1,GBM_grid_1_AutoML_4_20260603_201236_model_3,trend_lag1,0.6078313275799155
0,1,0.1,GBM_grid_1_AutoML_4_20260603_201236_model_3,month_sin,0.0282055117533309
0,1,0.1,GBM_grid_1_AutoML_4_20260603_201236_model_3,month_cos,0.02608192067651539
0,1,0.1,GBM_grid_1_AutoML_4_20260603_201236_model_3,year,0.13099160865880546
0,1,0.1,XGBoost_grid_1_AutoML_4_20260603_201236_model_4,target_lag1,53.02239451169967
0,1,0.1,XGBoost_grid_1_AutoML_4_20260603_201236_model_4,target_lag2,1.9547494148463012
0,1,0.1,XGBoost_grid_1_AutoML_4_20260603_201236_model_4,target_lag3,1.7954603258147837
0,1,0.1,XGBoost_grid_1_AutoML_4_20260603_201236_model_4,target_lag4,0.8800784449279309
0,1,0.1,XGBoost_grid_1_AutoML_4_20260603_201236_model_4,target_lag5,1.1464595876261592
0,1,0.1,XGBoost_grid_1_AutoML_4_20260603_201236_model_4,target_lag6,3.217319655418396
0,1,0.1,XGBoost_grid_1_AutoML_4_20260603_201236_model_4,hour_lag1,3.7879110549762847
0,1,0.1,XGBoost_grid_1_AutoML_4_20260603_201236_model_4,day_of_week_lag1,0.4334061461314559
0,1,0.1,XGBoost_grid_1_AutoML_4_20260603_201236_model_4,month_lag1,0.48103958419524134
0,1,0.1,XGBoost_grid_1_AutoML_4_20260603_201236_model_4,trend_lag1,0.859547458770685
0,1,0.1,XGBoost_grid_1_AutoML_4_20260603_201236_model_4,month_sin,0.133972555687651
0,1,0.1,XGBoost_grid_1_AutoML_4_20260603_201236_model_4,month_cos,0.12504446011502293
0,1,0.1,XGBoost_grid_1_AutoML_4_20260603_201236_model_4,year,0.16866710826754563
0,1,0.1,XGBoost_grid_1_AutoML_4_20260603_201236_model_1,target_lag1,17.616861276626587
0,1,0.1,XGBoost_grid_1_AutoML_4_20260603_201236_model_1,target_lag2,28.316088092327117
0,1,0.1,XGBoost_grid_1_AutoML_4_20260603_201236_model_1,target_lag3,7.149930503815413
0,1,0.1,XGBoost_grid_1_AutoML_4_20260603_201236_model_1,target_lag4,3.482921872138977
0,1,0.1,XGBoost_grid_1_AutoML_4_20260603_201236_model_1,target_lag5,0.6934799034893513
0,1,0.1,XGBoost_grid_1_AutoML_4_20260603_201236_model_1,target_lag6,2.826682505509816
0,1,0.1,XGBoost_grid_1_AutoML_4_20260603_201236_model_1,hour_lag1,3.689132434427738
0,1,0.1,XGBoost_grid_1_AutoML_4_20260603_201236_model_1,day_of_week_lag1,0.30540909169241787
0,1,0.1,XGBoost_grid_1_AutoML_4_20260603_201236_model_1,month_lag1,0.3755084112845361
0,1,0.1,XGBoost_grid_1_AutoML_4_20260603_201236_model_1,trend_lag1,1.261212745308876
0,1,0.1,XGBoost_grid_1_AutoML_4_20260603_201236_model_1,month_sin,0.08334138439968225
0,1,0.1,XGBoost_grid_1_AutoML_4_20260603_201236_model_1,month_cos,0.11449813112616536
0,1,0.1,XGBoost_grid_1_AutoML_4_20260603_201236_model_1,year,0.22774817414581774
0,1,0.1,XGBoost_grid_1_AutoML_4_20260603_201236_model_2,target_lag1,41.30919095039368
0,1,0.1,XGBoost_grid_1_AutoML_4_20260603_201236_model_2,target_lag2,8.886248587965966
0,1,0.1,XGBoost_grid_1_AutoML_4_20260603_201236_model_2,target_lag3,3.271875423192978
0,1,0.1,XGBoost_grid_1_AutoML_4_20260603_201236_model_2,target_lag4,1.8136383497714996
0,1,0.1,XGBoost_grid_1_AutoML_4_20260603_201236_model_2,target_lag5,1.3857988572120667
0,1,0.1,XGBoost_grid_1_AutoML_4_20260603_201236_model_2,target_lag6,1.995983796492219
0,1,0.1,XGBoost_grid_1_AutoML_4_20260603_201236_model_2,hour_lag1,4.14085048943758
0,1,0.1,XGBoost_grid_1_AutoML_4_20260603_201236_model_2,day_of_week_lag1,0.46190002107992767
0,1,0.1,XGBoost_grid_1_AutoML_4_20260603_201236_model_2,month_lag1,0.34987716768868266
0,1,0.1,XGBoost_grid_1_AutoML_4_20260603_201236_model_2,trend_lag1,0.7748231569677592
0,1,0.1,XGBoost_grid_1_AutoML_4_20260603_201236_model_2,month_sin,0.16272447722032662
0,1,0.1,XGBoost_grid_1_AutoML_4_20260603_201236_model_2,month_cos,0.22373106133192777
0,1,0.1,XGBoost_grid_1_AutoML_4_20260603_201236_model_2,year,0.22773461601813325
0,1,0.1,XGBoost_grid_1_AutoML_4_20260603_201236_model_5,target_lag1,14.61212966799736
0,1,0.1,XGBoost_grid_1_AutoML_4_20260603_201236_model_5,target_lag2,17.985527760982514
0,1,0.1,XGBoost_grid_1_AutoML_4_20260603_201236_model_5,target_lag3,18.684903351068495
0,1,0.1,XGBoost_grid_1_AutoML_4_20260603_201236_model_5,target_lag4,1.0430649938061833
0,1,0.1,XGBoost_grid_1_AutoML_4_20260603_201236_model_5,target_lag5,4.180950266122818
0,1,0.1,XGBoost_grid_1_AutoML_4_20260603_201236_model_5,target_lag6,2.908993416652083
0,1,0.1,XGBoost_grid_1_AutoML_4_20260603_201236_model_5,hour_lag1,4.751601950079203
0,1,0.1,XGBoost_grid_1_AutoML_4_20260603_201236_model_5,day_of_week_lag1,0.5350131606915965
0,1,0.1,XGBoost_grid_1_AutoML_4_20260603_201236_model_5,month_lag1,0.3765997443441302
0,1,0.1,XGBoost_grid_1_AutoML_4_20260603_201236_model_5,trend_lag1,0.8224314100807533
0,1,0.1,XGBoost_grid_1_AutoML_4_20260603_201236_model_5,month_sin,0.11919611025368791
0,1,0.1,XGBoost_grid_1_AutoML_4_20260603_201236_model_5,month_cos,0.17612967632943766
0,1,0.1,XGBoost_grid_1_AutoML_4_20260603_201236_model_5,year,0.3561988950148225
0,1,0.2,GBM_1_AutoML_4_20260603_201236,target_lag1,33.301815733909606
0,1,0.2,GBM_1_AutoML_4_20260603_201236,target_lag2,12.615211703181267
0,1,0.2,GBM_1_AutoML_4_20260603_201236,target_lag3,8.30692953504622
0,1,0.2,GBM_1_AutoML_4_20260603_201236,target_lag4,1.8565675289696082
0,1,0.2,GBM_1_AutoML_4_20260603_201236,target_lag5,0.4368276732414961
0,1,0.2,GBM_1_AutoML_4_20260603_201236,target_lag6,1.3800797463208436
0,1,0.2,GBM_1_AutoML_4_20260603_201236,hour_lag1,3.3462716841697695
0,1,0.2,GBM_1_AutoML_4_20260603_201236,day_of_week_lag1,0.38196414886275304
0,1,0.2,GBM_1_AutoML_4_20260603_201236,month_lag1,0.2713532278011553
0,1,0.2,GBM_1_AutoML_4_20260603_201236,trend_lag1,0.5446701108664275
0,1,0.2,GBM_1_AutoML_4_20260603_201236,month_sin,0.05609694301616396
0,1,0.2,GBM_1_AutoML_4_20260603_201236,month_cos,0.09607888258717136
0,1,0.2,GBM_1_AutoML_4_20260603_201236,year,0.10899694596417245
0,1,0.2,GBM_4_AutoML_4_20260603_201236,target_lag1,43.707970135211944
0,1,0.2,GBM_4_AutoML_4_20260603_201236,target_lag2,6.037487806081772
0,1,0.2,GBM_4_AutoML_4_20260603_201236,target_lag3,4.168838490247726
0,1,0.2,GBM_4_AutoML_4_20260603_201236,target_lag4,0.9579258966445923
0,1,0.2,GBM_4_AutoML_4_20260603_201236,target_lag5,0.7172851061588154
0,1,0.2,GBM_4_AutoML_4_20260603_201236,target_lag6,2.3814519011229276
0,1,0.2,GBM_4_AutoML_4_20260603_201236,hour_lag1,3.3623078793287275
0,1,0.2,GBM_4_AutoML_4_20260603_201236,day_of_week_lag1,0.3103210001066327
0,1,0.2,GBM_4_AutoML_4_20260603_201236,month_lag1,0.23911439032293857
0,1,0.2,GBM_4_AutoML_4_20260603_201236,trend_lag1,0.5803959456086158
0,1,0.2,GBM_4_AutoML_4_20260603_201236,month_sin,0.06188380019040775
0,1,0.2,GBM_4_AutoML_4_20260603_201236,month_cos,0.08725861637736668
0,1,0.2,GBM_4_AutoML_4_20260603_201236,year,0.17893114583566783
0,1,0.2,GBM_2_AutoML_4_20260603_201236,target_lag1,40.65277163028717
0,1,0.2,GBM_2_AutoML_4_20260603_201236,target_lag2,8.30080476284027
0,1,0.2,GBM_2_AutoML_4_20260603_201236,target_lag3,4.323173571974039
0,1,0.2,GBM_2_AutoML_4_20260603_201236,target_lag4,1.9398691600561142
0,1,0.2,GBM_2_AutoML_4_20260603_201236,target_lag5,1.0024705216288567
0,1,0.2,GBM_2_AutoML_4_20260603_201236,target_lag6,2.428944001980126
0,1,0.2,GBM_2_AutoML_4_20260603_201236,hour_lag1,3.2324536254070697
0,1,0.2,GBM_2_AutoML_4_20260603_201236,day_of_week_lag1,0.24906731983646752
0,1,0.2,GBM_2_AutoML_4_20260603_201236,month_lag1,0.2009984208829701
0,1,0.2,GBM_2_AutoML_4_20260603_201236,trend_lag1,0.46260550275444984
0,1,0.2,GBM_2_AutoML_4_20260603_201236,month_sin,0.023756599582266016
0,1,0.2,GBM_2_AutoML_4_20260603_201236,month_cos,0.03765363006852562
0,1,0.2,GBM_2_AutoML_4_20260603_201236,year,0.24410247400403023
0,1,0.2,GBM_3_AutoML_4_20260603_201236,target_lag1,37.77633547782898
0,1,0.2,GBM_3_AutoML_4_20260603_201236,target_lag2,9.767344038039447
0,1,0.2,GBM_3_AutoML_4_20260603_201236,target_lag3,5.578609378635884
0,1,0.2,GBM_3_AutoML_4_20260603_201236,target_lag4,1.35180612757802
0,1,0.2,GBM_3_AutoML_4_20260603_201236,target_lag5,1.8163188594579696
0,1,0.2,GBM_3_AutoML_4_20260603_201236,target_lag6,2.1302219020575284
0,1,0.2,GBM_3_AutoML_4_20260603_201236,hour_lag1,3.2751643627882006
0,1,0.2,GBM_3_AutoML_4_20260603_201236,day_of_week_lag1,0.2681327829137444
0,1,0.2,GBM_3_AutoML_4_20260603_201236,month_lag1,0.1826902025472372
0,1,0.2,GBM_3_AutoML_4_20260603_201236,trend_lag1,0.6052632284909487
0,1,0.2,GBM_3_AutoML_4_20260603_201236,month_sin,0.03948444035369898
0,1,0.2,GBM_3_AutoML_4_20260603_201236,month_cos,0.05580016617488577
0,1,0.2,GBM_3_AutoML_4_20260603_201236,year,0.14433813944226126
0,1,0.2,GBM_5_AutoML_4_20260603_201236,target_lag1,41.141855877712366
0,1,0.2,GBM_5_AutoML_4_20260603_201236,target_lag2,6.885060172080994
0,1,0.2,GBM_5_AutoML_4_20260603_201236,target_lag3,5.6561104202270505
0,1,0.2,GBM_5_AutoML_4_20260603_201236,target_lag4,1.4038878476247192
0,1,0.2,GBM_5_AutoML_4_20260603_201236,target_lag5,1.5598607560805977
0,1,0.2,GBM_5_AutoML_4_20260603_201236,target_lag6,1.59000258538872
0,1,0.2,GBM_5_AutoML_4_20260603_201236,hour_lag1,3.1111917869001626
0,1,0.2,GBM_5_AutoML_4_20260603_201236,day_of_week_lag1,0.17225401524920014
0,1,0.2,GBM_5_AutoML_4_20260603_201236,month_lag1,0.14289173373486844
0,1,0.2,GBM_5_AutoML_4_20260603_201236,trend_lag1,0.5719736066460609
0,1,0.2,GBM_5_AutoML_4_20260603_201236,month_sin,0.0646171858347952
0,1,0.2,GBM_5_AutoML_4_20260603_201236,month_cos,0.026533164886868646
0,1,0.2,GBM_5_AutoML_4_20260603_201236,year,0.5527400795859285
0,1,0.2,DRF_1_AutoML_4_20260603_201236,target_lag1,22.007537185549737
0,1,0.2,DRF_1_AutoML_4_20260603_201236,target_lag2,10.590966596957296
0,1,0.2,DRF_1_AutoML_4_20260603_201236,target_lag3,8.224579331353306
0,1,0.2,DRF_1_AutoML_4_20260603_201236,target_lag4,6.787021621577441
0,1,0.2,DRF_1_AutoML_4_20260603_201236,target_lag5,5.223904073014856
0,1,0.2,DRF_1_AutoML_4_20260603_201236,target_lag6,2.0802101173996927
0,1,0.2,DRF_1_AutoML_4_20260603_201236,hour_lag1,2.7175357253849506
0,1,0.2,DRF_1_AutoML_4_20260603_201236,day_of_week_lag1,0.412562627568841
0,1,0.2,DRF_1_AutoML_4_20260603_201236,month_lag1,0.18091923258267342
0,1,0.2,DRF_1_AutoML_4_20260603_201236,trend_lag1,0.7431725165992975
0,1,0.2,DRF_1_AutoML_4_20260603_201236,month_sin,0.06798439835663882
0,1,0.2,DRF_1_AutoML_4_20260603_201236,month_cos,0.07133488000428766
0,1,0.2,DRF_1_AutoML_4_20260603_201236,year,0.2105997192300856
0,1,0.2,GBM_grid_1_AutoML_4_20260603_201236_model_1,target_lag1,22.07083373785019
0,1,0.2,GBM_grid_1_AutoML_4_20260603_201236_model_1,target_lag2,7.992945502400398
0,1,0.2,GBM_grid_1_AutoML_4_20260603_201236_model_1,target_lag3,8.907587938308716
0,1,0.2,GBM_grid_1_AutoML_4_20260603_201236_model_1,target_lag4,8.165294552892446
0,1,0.2,GBM_grid_1_AutoML_4_20260603_201236_model_1,target_lag5,6.213027854189277
0,1,0.2,GBM_grid_1_AutoML_4_20260603_201236_model_1,target_lag6,3.615941680893302
0,1,0.2,GBM_grid_1_AutoML_4_20260603_201236_model_1,hour_lag1,3.2054947148263455
0,1,0.2,GBM_grid_1_AutoML_4_20260603_201236_model_1,day_of_week_lag1,0.5312459938414394
0,1,0.2,GBM_grid_1_AutoML_4_20260603_201236_model_1,month_lag1,0.4724683183967136
0,1,0.2,GBM_grid_1_AutoML_4_20260603_201236_model_1,trend_lag1,0.6730010655522346
0,1,0.2,GBM_grid_1_AutoML_4_20260603_201236_model_1,month_sin,0.1792685550195165
0,1,0.2,GBM_grid_1_AutoML_4_20260603_201236_model_1,month_cos,0.14026031039655204
0,1,0.2,GBM_grid_1_AutoML_4_20260603_201236_model_1,year,0.1852960799774155
0,1,0.2,XRT_1_AutoML_4_20260603_201236,target_lag1,42147287.99029314
0,1,0.2,XRT_1_AutoML_4_20260603_201236,target_lag2,18762703.696555927
0,1,0.2,XRT_1_AutoML_4_20260603_201236,target_lag3,368857.44915712473
0,1,0.2,XRT_1_AutoML_4_20260603_201236,target_lag4,527.1898993779719
0,1,0.2,XRT_1_AutoML_4_20260603_201236,target_lag5,8245097571.272457
0,1,0.2,XRT_1_AutoML_4_20260603_201236,target_lag6,4.703673069775104
0,1,0.2,XRT_1_AutoML_4_20260603_201236,hour_lag1,18422985.46449059
0,1,0.2,XRT_1_AutoML_4_20260603_201236,day_of_week_lag1,2634.545600707531
0,1,0.2,XRT_1_AutoML_4_20260603_201236,month_lag1,2995.6476118156615
0,1,0.2,XRT_1_AutoML_4_20260603_201236,trend_lag1,50954.71619440914
0,1,0.2,XRT_1_AutoML_4_20260603_201236,month_sin,693220174.0426042
0,1,0.2,XRT_1_AutoML_4_20260603_201236,month_cos,41700942.26716793
0,1,0.2,XRT_1_AutoML_4_20260603_201236,year,3681.7474606907367
0,1,0.2,XGBoost_grid_1_AutoML_4_20260603_201236_model_3,target_lag1,52.760021905303
0,1,0.2,XGBoost_grid_1_AutoML_4_20260603_201236_model_3,target_lag2,1.044428584324196
0,1,0.2,XGBoost_grid_1_AutoML_4_20260603_201236_model_3,target_lag3,1.7847228825837373
0,1,0.2,XGBoost_grid_1_AutoML_4_20260603_201236_model_3,target_lag4,0.3498347115982324
0,1,0.2,XGBoost_grid_1_AutoML_4_20260603_201236_model_3,target_lag5,1.0547935108840465
0,1,0.2,XGBoost_grid_1_AutoML_4_20260603_201236_model_3,target_lag6,4.577974791377783
0,1,0.2,XGBoost_grid_1_AutoML_4_20260603_201236_model_3,hour_lag1,3.5668340734438972
0,1,0.2,XGBoost_grid_1_AutoML_4_20260603_201236_model_3,day_of_week_lag1,0.2959612743416801
0,1,0.2,XGBoost_grid_1_AutoML_4_20260603_201236_model_3,month_lag1,0.13417918736115095
0,1,0.2,XGBoost_grid_1_AutoML_4_20260603_201236_model_3,trend_lag1,0.6807249389588833
0,1,0.2,XGBoost_grid_1_AutoML_4_20260603_201236_model_3,month_sin,0.028140255017206024
0,1,0.2,XGBoost_grid_1_AutoML_4_20260603_201236_model_3,month_cos,0.027833498151376226
0,1,0.2,XGBoost_grid_1_AutoML_4_20260603_201236_model_3,year,0.0
0,1,0.2,XGBoost_grid_1_AutoML_4_20260603_201236_model_6,target_lag1,38.30944869995117
0,1,0.2,XGBoost_grid_1_AutoML_4_20260603_201236_model_6,target_lag2,6.092713859081268
0,1,0.2,XGBoost_grid_1_AutoML_4_20260603_201236_model_6,target_lag3,7.228082122802735
0,1,0.2,XGBoost_grid_1_AutoML_4_20260603_201236_model_6,target_lag4,5.36011613368988
0,1,0.2,XGBoost_grid_1_AutoML_4_20260603_201236_model_6,target_lag5,2.7797464687377214
0,1,0.2,XGBoost_grid_1_AutoML_4_20260603_201236_model_6,target_lag6,2.3862204552069306
0,1,0.2,XGBoost_grid_1_AutoML_4_20260603_201236_model_6,hour_lag1,3.4684086126089095
0,1,0.2,XGBoost_grid_1_AutoML_4_20260603_201236_model_6,day_of_week_lag1,0.27999858543276784
0,1,0.2,XGBoost_grid_1_AutoML_4_20260603_201236_model_6,month_lag1,0.28641882847994565
0,1,0.2,XGBoost_grid_1_AutoML_4_20260603_201236_model_6,trend_lag1,0.6353665722953156
0,1,0.2,XGBoost_grid_1_AutoML_4_20260603_201236_model_6,month_sin,0.1675266408966854
0,1,0.2,XGBoost_grid_1_AutoML_4_20260603_201236_model_6,month_cos,0.03862632874923287
0,1,0.2,XGBoost_grid_1_AutoML_4_20260603_201236_model_6,year,0.2872746822144836
0,1,0.2,XGBoost_2_AutoML_4_20260603_201236,target_lag1,39.93661903381348
0,1,0.2,XGBoost_2_AutoML_4_20260603_201236,target_lag2,1.0721093785576523
0,1,0.2,XGBoost_2_AutoML_4_20260603_201236,target_lag3,13.250078719854354
0,1,0.2,XGBoost_2_AutoML_4_20260603_201236,target_lag4,1.9352161970734596
0,1,0.2,XGBoost_2_AutoML_4_20260603_201236,target_lag5,1.0590186585485935
0,1,0.2,XGBoost_2_AutoML_4_20260603_201236,target_lag6,2.3023133300989866
0,1,0.2,XGBoost_2_AutoML_4_20260603_201236,hour_lag1,3.641067504584789
0,1,0.2,XGBoost_2_AutoML_4_20260603_201236,day_of_week_lag1,0.3719535173010081
0,1,0.2,XGBoost_2_AutoML_4_20260603_201236,month_lag1,0.37583527256269006
0,1,0.2,XGBoost_2_AutoML_4_20260603_201236,trend_lag1,0.5919894546084106
0,1,0.2,XGBoost_2_AutoML_4_20260603_201236,month_sin,0.16623553968500343
0,1,0.2,XGBoost_2_AutoML_4_20260603_201236,month_cos,0.19092889775987715
0,1,0.2,XGBoost_2_AutoML_4_20260603_201236,year,0.13357339765876527
0,1,0.2,XGBoost_3_AutoML_4_20260603_201236,target_lag1,42.003434488773344
0,1,0.2,XGBoost_3_AutoML_4_20260603_201236,target_lag2,7.834042152613401
0,1,0.2,XGBoost_3_AutoML_4_20260603_201236,target_lag3,4.107722269147635
0,1,0.2,XGBoost_3_AutoML_4_20260603_201236,target_lag4,1.3461273717880249
0,1,0.2,XGBoost_3_AutoML_4_20260603_201236,target_lag5,2.268916571550071
0,1,0.2,XGBoost_3_AutoML_4_20260603_201236,target_lag6,3.011580533348024
0,1,0.2,XGBoost_3_AutoML_4_20260603_201236,hour_lag1,3.441522740609944
0,1,0.2,XGBoost_3_AutoML_4_20260603_201236,day_of_week_lag1,0.39485699761658904
0,1,0.2,XGBoost_3_AutoML_4_20260603_201236,month_lag1,0.28921338929969354
0,1,0.2,XGBoost_3_AutoML_4_20260603_201236,trend_lag1,1.3331846901774407
0,1,0.2,XGBoost_3_AutoML_4_20260603_201236,month_sin,0.03035604873599364
0,1,0.2,XGBoost_3_AutoML_4_20260603_201236,month_cos,0.042875051298178694
0,1,0.2,XGBoost_3_AutoML_4_20260603_201236,year,0.039074306720867716
0,1,0.2,GBM_grid_1_AutoML_4_20260603_201236_model_2,target_lag1,41.333261823654176
0,1,0.2,GBM_grid_1_AutoML_4_20260603_201236_model_2,target_lag2,12.081383407115936
0,1,0.2,GBM_grid_1_AutoML_4_20260603_201236_model_2,target_lag3,3.007141156420112
0,1,0.2,GBM_grid_1_AutoML_4_20260603_201236_model_2,target_lag4,0.7997565406560898
0,1,0.2,GBM_grid_1_AutoML_4_20260603_201236_model_2,target_lag5,0.6755665511637926
0,1,0.2,GBM_grid_1_AutoML_4_20260603_201236_model_2,target_lag6,1.5846276268363
0,1,0.2,GBM_grid_1_AutoML_4_20260603_201236_model_2,hour_lag1,3.013187508136034
0,1,0.2,GBM_grid_1_AutoML_4_20260603_201236_model_2,day_of_week_lag1,0.068596588820219
0,1,0.2,GBM_grid_1_AutoML_4_20260603_201236_model_2,month_lag1,0.11663453776389357
0,1,0.2,GBM_grid_1_AutoML_4_20260603_201236_model_2,trend_lag1,0.3394294646382332
0,1,0.2,GBM_grid_1_AutoML_4_20260603_201236_model_2,month_sin,0.0010150852918741143
0,1,0.2,GBM_grid_1_AutoML_4_20260603_201236_model_2,month_cos,0.00010044527574791573
0,1,0.2,GBM_grid_1_AutoML_4_20260603_201236_model_2,year,0.010276340115815354
0,1,0.2,GBM_grid_1_AutoML_4_20260603_201236_model_3,target_lag1,18.78314937829971
0,1,0.2,GBM_grid_1_AutoML_4_20260603_201236_model_3,target_lag2,16.739424871206282
0,1,0.2,GBM_grid_1_AutoML_4_20260603_201236_model_3,target_lag3,5.624420354999602
0,1,0.2,GBM_grid_1_AutoML_4_20260603_201236_model_3,target_lag4,5.634505861997605
0,1,0.2,GBM_grid_1_AutoML_4_20260603_201236_model_3,target_lag5,4.381543308645487
0,1,0.2,GBM_grid_1_AutoML_4_20260603_201236_model_3,target_lag6,5.169243515431881
0,1,0.2,GBM_grid_1_AutoML_4_20260603_201236_model_3,hour_lag1,3.3219748449325563
0,1,0.2,GBM_grid_1_AutoML_4_20260603_201236_model_3,day_of_week_lag1,0.5993761001527309
0,1,0.2,GBM_grid_1_AutoML_4_20260603_201236_model_3,month_lag1,0.21501261895522475
0,1,0.2,GBM_grid_1_AutoML_4_20260603_201236_model_3,trend_lag1,0.6078313275799155
0,1,0.2,GBM_grid_1_AutoML_4_20260603_201236_model_3,month_sin,0.0282055117533309
0,1,0.2,GBM_grid_1_AutoML_4_20260603_201236_model_3,month_cos,0.02608192067651539
0,1,0.2,GBM_grid_1_AutoML_4_20260603_201236_model_3,year,0.13099160865880546
0,1,0.2,XGBoost_grid_1_AutoML_4_20260603_201236_model_4,target_lag1,53.02239451169967
0,1,0.2,XGBoost_grid_1_AutoML_4_20260603_201236_model_4,target_lag2,1.9547494148463012
0,1,0.2,XGBoost_grid_1_AutoML_4_20260603_201236_model_4,target_lag3,1.7954603258147837
0,1,0.2,XGBoost_grid_1_AutoML_4_20260603_201236_model_4,target_lag4,0.8800784449279309
0,1,0.2,XGBoost_grid_1_AutoML_4_20260603_201236_model_4,target_lag5,1.1464595876261592
0,1,0.2,XGBoost_grid_1_AutoML_4_20260603_201236_model_4,target_lag6,3.217319655418396
0,1,0.2,XGBoost_grid_1_AutoML_4_20260603_201236_model_4,hour_lag1,3.7879110549762847
0,1,0.2,XGBoost_grid_1_AutoML_4_20260603_201236_model_4,day_of_week_lag1,0.4334061461314559
0,1,0.2,XGBoost_grid_1_AutoML_4_20260603_201236_model_4,month_lag1,0.48103958419524134
0,1,0.2,XGBoost_grid_1_AutoML_4_20260603_201236_model_4,trend_lag1,0.859547458770685
0,1,0.2,XGBoost_grid_1_AutoML_4_20260603_201236_model_4,month_sin,0.133972555687651
0,1,0.2,XGBoost_grid_1_AutoML_4_20260603_201236_model_4,month_cos,0.12504446011502293
0,1,0.2,XGBoost_grid_1_AutoML_4_20260603_201236_model_4,year,0.16866710826754563
0,1,0.2,XGBoost_grid_1_AutoML_4_20260603_201236_model_1,target_lag1,17.616861276626587
0,1,0.2,XGBoost_grid_1_AutoML_4_20260603_201236_model_1,target_lag2,28.316088092327117
0,1,0.2,XGBoost_grid_1_AutoML_4_20260603_201236_model_1,target_lag3,7.149930503815413
0,1,0.2,XGBoost_grid_1_AutoML_4_20260603_201236_model_1,target_lag4,3.482921872138977
0,1,0.2,XGBoost_grid_1_AutoML_4_20260603_201236_model_1,target_lag5,0.6934799034893513
0,1,0.2,XGBoost_grid_1_AutoML_4_20260603_201236_model_1,target_lag6,2.826682505509816
0,1,0.2,XGBoost_grid_1_AutoML_4_20260603_201236_model_1,hour_lag1,3.689132434427738
0,1,0.2,XGBoost_grid_1_AutoML_4_20260603_201236_model_1,day_of_week_lag1,0.30540909169241787
0,1,0.2,XGBoost_grid_1_AutoML_4_20260603_201236_model_1,month_lag1,0.3755084112845361
0,1,0.2,XGBoost_grid_1_AutoML_4_20260603_201236_model_1,trend_lag1,1.261212745308876
0,1,0.2,XGBoost_grid_1_AutoML_4_20260603_201236_model_1,month_sin,0.08334138439968225
0,1,0.2,XGBoost_grid_1_AutoML_4_20260603_201236_model_1,month_cos,0.11449813112616536
0,1,0.2,XGBoost_grid_1_AutoML_4_20260603_201236_model_1,year,0.22774817414581774
0,1,0.2,XGBoost_grid_1_AutoML_4_20260603_201236_model_2,target_lag1,41.30919095039368
0,1,0.2,XGBoost_grid_1_AutoML_4_20260603_201236_model_2,target_lag2,8.886248587965966
0,1,0.2,XGBoost_grid_1_AutoML_4_20260603_201236_model_2,target_lag3,3.271875423192978
0,1,0.2,XGBoost_grid_1_AutoML_4_20260603_201236_model_2,target_lag4,1.8136383497714996
0,1,0.2,XGBoost_grid_1_AutoML_4_20260603_201236_model_2,target_lag5,1.3857988572120667
0,1,0.2,XGBoost_grid_1_AutoML_4_20260603_201236_model_2,target_lag6,1.995983796492219
0,1,0.2,XGBoost_grid_1_AutoML_4_20260603_201236_model_2,hour_lag1,4.14085048943758
0,1,0.2,XGBoost_grid_1_AutoML_4_20260603_201236_model_2,day_of_week_lag1,0.46190002107992767
0,1,0.2,XGBoost_grid_1_AutoML_4_20260603_201236_model_2,month_lag1,0.34987716768868266
0,1,0.2,XGBoost_grid_1_AutoML_4_20260603_201236_model_2,trend_lag1,0.7748231569677592
0,1,0.2,XGBoost_grid_1_AutoML_4_20260603_201236_model_2,month_sin,0.16272447722032662
0,1,0.2,XGBoost_grid_1_AutoML_4_20260603_201236_model_2,month_cos,0.22373106133192777
0,1,0.2,XGBoost_grid_1_AutoML_4_20260603_201236_model_2,year,0.22773461601813325
0,1,0.2,XGBoost_grid_1_AutoML_4_20260603_201236_model_5,target_lag1,14.61212966799736
0,1,0.2,XGBoost_grid_1_AutoML_4_20260603_201236_model_5,target_lag2,17.985527760982514
0,1,0.2,XGBoost_grid_1_AutoML_4_20260603_201236_model_5,target_lag3,18.684903351068495
0,1,0.2,XGBoost_grid_1_AutoML_4_20260603_201236_model_5,target_lag4,1.0430649938061833
0,1,0.2,XGBoost_grid_1_AutoML_4_20260603_201236_model_5,target_lag5,4.180950266122818
0,1,0.2,XGBoost_grid_1_AutoML_4_20260603_201236_model_5,target_lag6,2.908993416652083
0,1,0.2,XGBoost_grid_1_AutoML_4_20260603_201236_model_5,hour_lag1,4.751601950079203
0,1,0.2,XGBoost_grid_1_AutoML_4_20260603_201236_model_5,day_of_week_lag1,0.5350131606915965
0,1,0.2,XGBoost_grid_1_AutoML_4_20260603_201236_model_5,month_lag1,0.3765997443441302
0,1,0.2,XGBoost_grid_1_AutoML_4_20260603_201236_model_5,trend_lag1,0.8224314100807533
0,1,0.2,XGBoost_grid_1_AutoML_4_20260603_201236_model_5,month_sin,0.11919611025368791
0,1,0.2,XGBoost_grid_1_AutoML_4_20260603_201236_model_5,month_cos,0.17612967632943766
0,1,0.2,XGBoost_grid_1_AutoML_4_20260603_201236_model_5,year,0.3561988950148225
0,1,0.2,XGBoost_1_AutoML_4_20260603_201236,target_lag1,25.69791340112686
0,1,0.2,XGBoost_1_AutoML_4_20260603_201236,target_lag2,25.741941355466842
0,1,0.2,XGBoost_1_AutoML_4_20260603_201236,target_lag3,1.525484371781349
0,1,0.2,XGBoost_1_AutoML_4_20260603_201236,target_lag4,4.837610615491867
0,1,0.2,XGBoost_1_AutoML_4_20260603_201236,target_lag5,1.0331699124723672
0,1,0.2,XGBoost_1_AutoML_4_20260603_201236,target_lag6,2.1657452173531055
0,1,0.2,XGBoost_1_AutoML_4_20260603_201236,hour_lag1,3.6770153091521935
0,1,0.2,XGBoost_1_AutoML_4_20260603_201236,day_of_week_lag1,0.4608430990669876
0,1,0.2,XGBoost_1_AutoML_4_20260603_201236,month_lag1,0.286183749102056
0,1,0.2,XGBoost_1_AutoML_4_20260603_201236,trend_lag1,1.176897789388895
0,1,0.2,XGBoost_1_AutoML_4_20260603_201236,month_sin,0.1866991472382506
0,1,0.2,XGBoost_1_AutoML_4_20260603_201236,month_cos,0.15803791690617797
0,1,0.2,XGBoost_1_AutoML_4_20260603_201236,year,0.21270846718922257
0,1,0.2,GLM_1_AutoML_4_20260603_201236,target_lag1,40.921491923752306
0,1,0.2,GLM_1_AutoML_4_20260603_201236,target_lag2,13.904683240022969
0,1,0.2,GLM_1_AutoML_4_20260603_201236,target_lag3,4.6606181140992655
0,1,0.2,GLM_1_AutoML_4_20260603_201236,target_lag4,0.8771288902290183
0,1,0.2,GLM_1_AutoML_4_20260603_201236,target_lag5,1.0519125509050606
0,1,0.2,GLM_1_AutoML_4_20260603_201236,target_lag6,2.667014206778764
0,1,0.2,GLM_1_AutoML_4_20260603_201236,hour_lag1,0.11628973214169754
0,1,0.2,GLM_1_AutoML_4_20260603_201236,day_of_week_lag1,0.05416258921346616
0,1,0.2,GLM_1_AutoML_4_20260603_201236,month_lag1,0.052932699285404186
0,1,0.2,GLM_1_AutoML_4_20260603_201236,trend_lag1,0.012250057055335202
0,1,0.2,GLM_1_AutoML_4_20260603_201236,month_sin,0.010311033363069868
0,1,0.2,GLM_1_AutoML_4_20260603_201236,month_cos,0.01253112068519625
0,1,0.2,GLM_1_AutoML_4_20260603_201236,year,0.1573058857008182
0,1,0.3,GBM_1_AutoML_4_20260603_201236,target_lag1,33.301815733909606
0,1,0.3,GBM_1_AutoML_4_20260603_201236,target_lag2,12.615211703181267
0,1,0.3,GBM_1_AutoML_4_20260603_201236,target_lag3,8.30692953504622
0,1,0.3,GBM_1_AutoML_4_20260603_201236,target_lag4,1.8565675289696082
0,1,0.3,GBM_1_AutoML_4_20260603_201236,target_lag5,0.4368276732414961
0,1,0.3,GBM_1_AutoML_4_20260603_201236,target_lag6,1.3800797463208436
0,1,0.3,GBM_1_AutoML_4_20260603_201236,hour_lag1,3.3462716841697695
0,1,0.3,GBM_1_AutoML_4_20260603_201236,day_of_week_lag1,0.38196414886275304
0,1,0.3,GBM_1_AutoML_4_20260603_201236,month_lag1,0.2713532278011553
0,1,0.3,GBM_1_AutoML_4_20260603_201236,trend_lag1,0.5446701108664275
0,1,0.3,GBM_1_AutoML_4_20260603_201236,month_sin,0.05609694301616396
0,1,0.3,GBM_1_AutoML_4_20260603_201236,month_cos,0.09607888258717136
0,1,0.3,GBM_1_AutoML_4_20260603_201236,year,0.10899694596417245
0,1,0.3,GBM_4_AutoML_4_20260603_201236,target_lag1,43.707970135211944
0,1,0.3,GBM_4_AutoML_4_20260603_201236,target_lag2,6.037487806081772
0,1,0.3,GBM_4_AutoML_4_20260603_201236,target_lag3,4.168838490247726
0,1,0.3,GBM_4_AutoML_4_20260603_201236,target_lag4,0.9579258966445923
0,1,0.3,GBM_4_AutoML_4_20260603_201236,target_lag5,0.7172851061588154
0,1,0.3,GBM_4_AutoML_4_20260603_201236,target_lag6,2.3814519011229276
0,1,0.3,GBM_4_AutoML_4_20260603_201236,hour_lag1,3.3623078793287275
0,1,0.3,GBM_4_AutoML_4_20260603_201236,day_of_week_lag1,0.3103210001066327
0,1,0.3,GBM_4_AutoML_4_20260603_201236,month_lag1,0.23911439032293857
0,1,0.3,GBM_4_AutoML_4_20260603_201236,trend_lag1,0.5803959456086158
0,1,0.3,GBM_4_AutoML_4_20260603_201236,month_sin,0.06188380019040775
0,1,0.3,GBM_4_AutoML_4_20260603_201236,month_cos,0.08725861637736668
0,1,0.3,GBM_4_AutoML_4_20260603_201236,year,0.17893114583566783
0,1,0.3,GBM_2_AutoML_4_20260603_201236,target_lag1,40.65277163028717
0,1,0.3,GBM_2_AutoML_4_20260603_201236,target_lag2,8.30080476284027
0,1,0.3,GBM_2_AutoML_4_20260603_201236,target_lag3,4.323173571974039
0,1,0.3,GBM_2_AutoML_4_20260603_201236,target_lag4,1.9398691600561142
0,1,0.3,GBM_2_AutoML_4_20260603_201236,target_lag5,1.0024705216288567
0,1,0.3,GBM_2_AutoML_4_20260603_201236,target_lag6,2.428944001980126
0,1,0.3,GBM_2_AutoML_4_20260603_201236,hour_lag1,3.2324536254070697
0,1,0.3,GBM_2_AutoML_4_20260603_201236,day_of_week_lag1,0.24906731983646752
0,1,0.3,GBM_2_AutoML_4_20260603_201236,month_lag1,0.2009984208829701
0,1,0.3,GBM_2_AutoML_4_20260603_201236,trend_lag1,0.46260550275444984
0,1,0.3,GBM_2_AutoML_4_20260603_201236,month_sin,0.023756599582266016
0,1,0.3,GBM_2_AutoML_4_20260603_201236,month_cos,0.03765363006852562
0,1,0.3,GBM_2_AutoML_4_20260603_201236,year,0.24410247400403023
0,1,0.3,GBM_3_AutoML_4_20260603_201236,target_lag1,37.77633547782898
0,1,0.3,GBM_3_AutoML_4_20260603_201236,target_lag2,9.767344038039447
0,1,0.3,GBM_3_AutoML_4_20260603_201236,target_lag3,5.578609378635884
0,1,0.3,GBM_3_AutoML_4_20260603_201236,target_lag4,1.35180612757802
0,1,0.3,GBM_3_AutoML_4_20260603_201236,target_lag5,1.8163188594579696
0,1,0.3,GBM_3_AutoML_4_20260603_201236,target_lag6,2.1302219020575284
0,1,0.3,GBM_3_AutoML_4_20260603_201236,hour_lag1,3.2751643627882006
0,1,0.3,GBM_3_AutoML_4_20260603_201236,day_of_week_lag1,0.2681327829137444
0,1,0.3,GBM_3_AutoML_4_20260603_201236,month_lag1,0.1826902025472372
0,1,0.3,GBM_3_AutoML_4_20260603_201236,trend_lag1,0.6052632284909487
0,1,0.3,GBM_3_AutoML_4_20260603_201236,month_sin,0.03948444035369898
0,1,0.3,GBM_3_AutoML_4_20260603_201236,month_cos,0.05580016617488577
0,1,0.3,GBM_3_AutoML_4_20260603_201236,year,0.14433813944226126
0,1,0.3,GBM_5_AutoML_4_20260603_201236,target_lag1,41.141855877712366
0,1,0.3,GBM_5_AutoML_4_20260603_201236,target_lag2,6.885060172080994
0,1,0.3,GBM_5_AutoML_4_20260603_201236,target_lag3,5.6561104202270505
0,1,0.3,GBM_5_AutoML_4_20260603_201236,target_lag4,1.4038878476247192
0,1,0.3,GBM_5_AutoML_4_20260603_201236,target_lag5,1.5598607560805977
0,1,0.3,GBM_5_AutoML_4_20260603_201236,target_lag6,1.59000258538872
0,1,0.3,GBM_5_AutoML_4_20260603_201236,hour_lag1,3.1111917869001626
0,1,0.3,GBM_5_AutoML_4_20260603_201236,day_of_week_lag1,0.17225401524920014
0,1,0.3,GBM_5_AutoML_4_20260603_201236,month_lag1,0.14289173373486844
0,1,0.3,GBM_5_AutoML_4_20260603_201236,trend_lag1,0.5719736066460609
0,1,0.3,GBM_5_AutoML_4_20260603_201236,month_sin,0.0646171858347952
0,1,0.3,GBM_5_AutoML_4_20260603_201236,month_cos,0.026533164886868646
0,1,0.3,GBM_5_AutoML_4_20260603_201236,year,0.5527400795859285
0,1,0.3,DRF_1_AutoML_4_20260603_201236,target_lag1,22.007537185549737
0,1,0.3,DRF_1_AutoML_4_20260603_201236,target_lag2,10.590966596957296
0,1,0.3,DRF_1_AutoML_4_20260603_201236,target_lag3,8.224579331353306
0,1,0.3,DRF_1_AutoML_4_20260603_201236,target_lag4,6.787021621577441
0,1,0.3,DRF_1_AutoML_4_20260603_201236,target_lag5,5.223904073014856
0,1,0.3,DRF_1_AutoML_4_20260603_201236,target_lag6,2.0802101173996927
0,1,0.3,DRF_1_AutoML_4_20260603_201236,hour_lag1,2.7175357253849506
0,1,0.3,DRF_1_AutoML_4_20260603_201236,day_of_week_lag1,0.412562627568841
0,1,0.3,DRF_1_AutoML_4_20260603_201236,month_lag1,0.18091923258267342
0,1,0.3,DRF_1_AutoML_4_20260603_201236,trend_lag1,0.7431725165992975
0,1,0.3,DRF_1_AutoML_4_20260603_201236,month_sin,0.06798439835663882
0,1,0.3,DRF_1_AutoML_4_20260603_201236,month_cos,0.07133488000428766
0,1,0.3,DRF_1_AutoML_4_20260603_201236,year,0.2105997192300856
0,1,0.3,GBM_grid_1_AutoML_4_20260603_201236_model_1,target_lag1,22.07083373785019
0,1,0.3,GBM_grid_1_AutoML_4_20260603_201236_model_1,target_lag2,7.992945502400398
0,1,0.3,GBM_grid_1_AutoML_4_20260603_201236_model_1,target_lag3,8.907587938308716
0,1,0.3,GBM_grid_1_AutoML_4_20260603_201236_model_1,target_lag4,8.165294552892446
0,1,0.3,GBM_grid_1_AutoML_4_20260603_201236_model_1,target_lag5,6.213027854189277
0,1,0.3,GBM_grid_1_AutoML_4_20260603_201236_model_1,target_lag6,3.615941680893302
0,1,0.3,GBM_grid_1_AutoML_4_20260603_201236_model_1,hour_lag1,3.2054947148263455
0,1,0.3,GBM_grid_1_AutoML_4_20260603_201236_model_1,day_of_week_lag1,0.5312459938414394
0,1,0.3,GBM_grid_1_AutoML_4_20260603_201236_model_1,month_lag1,0.4724683183967136
0,1,0.3,GBM_grid_1_AutoML_4_20260603_201236_model_1,trend_lag1,0.6730010655522346
0,1,0.3,GBM_grid_1_AutoML_4_20260603_201236_model_1,month_sin,0.1792685550195165
0,1,0.3,GBM_grid_1_AutoML_4_20260603_201236_model_1,month_cos,0.14026031039655204
0,1,0.3,GBM_grid_1_AutoML_4_20260603_201236_model_1,year,0.1852960799774155
0,1,0.3,XRT_1_AutoML_4_20260603_201236,target_lag1,42147287.99029314
0,1,0.3,XRT_1_AutoML_4_20260603_201236,target_lag2,18762703.696555927
0,1,0.3,XRT_1_AutoML_4_20260603_201236,target_lag3,368857.44915712473
0,1,0.3,XRT_1_AutoML_4_20260603_201236,target_lag4,527.1898993779719
0,1,0.3,XRT_1_AutoML_4_20260603_201236,target_lag5,8245097571.272457
0,1,0.3,XRT_1_AutoML_4_20260603_201236,target_lag6,4.703673069775104
0,1,0.3,XRT_1_AutoML_4_20260603_201236,hour_lag1,18422985.46449059
0,1,0.3,XRT_1_AutoML_4_20260603_201236,day_of_week_lag1,2634.545600707531
0,1,0.3,XRT_1_AutoML_4_20260603_201236,month_lag1,2995.6476118156615
0,1,0.3,XRT_1_AutoML_4_20260603_201236,trend_lag1,50954.71619440914
0,1,0.3,XRT_1_AutoML_4_20260603_201236,month_sin,693220174.0426042
0,1,0.3,XRT_1_AutoML_4_20260603_201236,month_cos,41700942.26716793
0,1,0.3,XRT_1_AutoML_4_20260603_201236,year,3681.7474606907367
0,1,0.3,XGBoost_grid_1_AutoML_4_20260603_201236_model_3,target_lag1,52.760021905303
0,1,0.3,XGBoost_grid_1_AutoML_4_20260603_201236_model_3,target_lag2,1.044428584324196
0,1,0.3,XGBoost_grid_1_AutoML_4_20260603_201236_model_3,target_lag3,1.7847228825837373
0,1,0.3,XGBoost_grid_1_AutoML_4_20260603_201236_model_3,target_lag4,0.3498347115982324
0,1,0.3,XGBoost_grid_1_AutoML_4_20260603_201236_model_3,target_lag5,1.0547935108840465
0,1,0.3,XGBoost_grid_1_AutoML_4_20260603_201236_model_3,target_lag6,4.577974791377783
0,1,0.3,XGBoost_grid_1_AutoML_4_20260603_201236_model_3,hour_lag1,3.5668340734438972
0,1,0.3,XGBoost_grid_1_AutoML_4_20260603_201236_model_3,day_of_week_lag1,0.2959612743416801
0,1,0.3,XGBoost_grid_1_AutoML_4_20260603_201236_model_3,month_lag1,0.13417918736115095
0,1,0.3,XGBoost_grid_1_AutoML_4_20260603_201236_model_3,trend_lag1,0.6807249389588833
0,1,0.3,XGBoost_grid_1_AutoML_4_20260603_201236_model_3,month_sin,0.028140255017206024
0,1,0.3,XGBoost_grid_1_AutoML_4_20260603_201236_model_3,month_cos,0.027833498151376226
0,1,0.3,XGBoost_grid_1_AutoML_4_20260603_201236_model_3,year,0.0
0,1,0.3,XGBoost_grid_1_AutoML_4_20260603_201236_model_6,target_lag1,38.30944869995117
0,1,0.3,XGBoost_grid_1_AutoML_4_20260603_201236_model_6,target_lag2,6.092713859081268
0,1,0.3,XGBoost_grid_1_AutoML_4_20260603_201236_model_6,target_lag3,7.228082122802735
0,1,0.3,XGBoost_grid_1_AutoML_4_20260603_201236_model_6,target_lag4,5.36011613368988
0,1,0.3,XGBoost_grid_1_AutoML_4_20260603_201236_model_6,target_lag5,2.7797464687377214
0,1,0.3,XGBoost_grid_1_AutoML_4_20260603_201236_model_6,target_lag6,2.3862204552069306
0,1,0.3,XGBoost_grid_1_AutoML_4_20260603_201236_model_6,hour_lag1,3.4684086126089095
0,1,0.3,XGBoost_grid_1_AutoML_4_20260603_201236_model_6,day_of_week_lag1,0.27999858543276784
0,1,0.3,XGBoost_grid_1_AutoML_4_20260603_201236_model_6,month_lag1,0.28641882847994565
0,1,0.3,XGBoost_grid_1_AutoML_4_20260603_201236_model_6,trend_lag1,0.6353665722953156
0,1,0.3,XGBoost_grid_1_AutoML_4_20260603_201236_model_6,month_sin,0.1675266408966854
0,1,0.3,XGBoost_grid_1_AutoML_4_20260603_201236_model_6,month_cos,0.03862632874923287
0,1,0.3,XGBoost_grid_1_AutoML_4_20260603_201236_model_6,year,0.2872746822144836
0,1,0.3,XGBoost_2_AutoML_4_20260603_201236,target_lag1,39.93661903381348
0,1,0.3,XGBoost_2_AutoML_4_20260603_201236,target_lag2,1.0721093785576523
0,1,0.3,XGBoost_2_AutoML_4_20260603_201236,target_lag3,13.250078719854354
0,1,0.3,XGBoost_2_AutoML_4_20260603_201236,target_lag4,1.9352161970734596
0,1,0.3,XGBoost_2_AutoML_4_20260603_201236,target_lag5,1.0590186585485935
0,1,0.3,XGBoost_2_AutoML_4_20260603_201236,target_lag6,2.3023133300989866
0,1,0.3,XGBoost_2_AutoML_4_20260603_201236,hour_lag1,3.641067504584789
0,1,0.3,XGBoost_2_AutoML_4_20260603_201236,day_of_week_lag1,0.3719535173010081
0,1,0.3,XGBoost_2_AutoML_4_20260603_201236,month_lag1,0.37583527256269006
0,1,0.3,XGBoost_2_AutoML_4_20260603_201236,trend_lag1,0.5919894546084106
0,1,0.3,XGBoost_2_AutoML_4_20260603_201236,month_sin,0.16623553968500343
0,1,0.3,XGBoost_2_AutoML_4_20260603_201236,month_cos,0.19092889775987715
0,1,0.3,XGBoost_2_AutoML_4_20260603_201236,year,0.13357339765876527
0,1,0.3,XGBoost_3_AutoML_4_20260603_201236,target_lag1,42.003434488773344
0,1,0.3,XGBoost_3_AutoML_4_20260603_201236,target_lag2,7.834042152613401
0,1,0.3,XGBoost_3_AutoML_4_20260603_201236,target_lag3,4.107722269147635
0,1,0.3,XGBoost_3_AutoML_4_20260603_201236,target_lag4,1.3461273717880249
0,1,0.3,XGBoost_3_AutoML_4_20260603_201236,target_lag5,2.268916571550071
0,1,0.3,XGBoost_3_AutoML_4_20260603_201236,target_lag6,3.011580533348024
0,1,0.3,XGBoost_3_AutoML_4_20260603_201236,hour_lag1,3.441522740609944
0,1,0.3,XGBoost_3_AutoML_4_20260603_201236,day_of_week_lag1,0.39485699761658904
0,1,0.3,XGBoost_3_AutoML_4_20260603_201236,month_lag1,0.28921338929969354
0,1,0.3,XGBoost_3_AutoML_4_20260603_201236,trend_lag1,1.3331846901774407
0,1,0.3,XGBoost_3_AutoML_4_20260603_201236,month_sin,0.03035604873599364
0,1,0.3,XGBoost_3_AutoML_4_20260603_201236,month_cos,0.042875051298178694
0,1,0.3,XGBoost_3_AutoML_4_20260603_201236,year,0.039074306720867716
0,1,0.3,GBM_grid_1_AutoML_4_20260603_201236_model_2,target_lag1,41.333261823654176
0,1,0.3,GBM_grid_1_AutoML_4_20260603_201236_model_2,target_lag2,12.081383407115936
0,1,0.3,GBM_grid_1_AutoML_4_20260603_201236_model_2,target_lag3,3.007141156420112
0,1,0.3,GBM_grid_1_AutoML_4_20260603_201236_model_2,target_lag4,0.7997565406560898
0,1,0.3,GBM_grid_1_AutoML_4_20260603_201236_model_2,target_lag5,0.6755665511637926
0,1,0.3,GBM_grid_1_AutoML_4_20260603_201236_model_2,target_lag6,1.5846276268363
0,1,0.3,GBM_grid_1_AutoML_4_20260603_201236_model_2,hour_lag1,3.013187508136034
0,1,0.3,GBM_grid_1_AutoML_4_20260603_201236_model_2,day_of_week_lag1,0.068596588820219
0,1,0.3,GBM_grid_1_AutoML_4_20260603_201236_model_2,month_lag1,0.11663453776389357
0,1,0.3,GBM_grid_1_AutoML_4_20260603_201236_model_2,trend_lag1,0.3394294646382332
0,1,0.3,GBM_grid_1_AutoML_4_20260603_201236_model_2,month_sin,0.0010150852918741143
0,1,0.3,GBM_grid_1_AutoML_4_20260603_201236_model_2,month_cos,0.00010044527574791573
0,1,0.3,GBM_grid_1_AutoML_4_20260603_201236_model_2,year,0.010276340115815354
0,1,0.3,GBM_grid_1_AutoML_4_20260603_201236_model_3,target_lag1,18.78314937829971
0,1,0.3,GBM_grid_1_AutoML_4_20260603_201236_model_3,target_lag2,16.739424871206282
0,1,0.3,GBM_grid_1_AutoML_4_20260603_201236_model_3,target_lag3,5.624420354999602
0,1,0.3,GBM_grid_1_AutoML_4_20260603_201236_model_3,target_lag4,5.634505861997605
0,1,0.3,GBM_grid_1_AutoML_4_20260603_201236_model_3,target_lag5,4.381543308645487
0,1,0.3,GBM_grid_1_AutoML_4_20260603_201236_model_3,target_lag6,5.169243515431881
0,1,0.3,GBM_grid_1_AutoML_4_20260603_201236_model_3,hour_lag1,3.3219748449325563
0,1,0.3,GBM_grid_1_AutoML_4_20260603_201236_model_3,day_of_week_lag1,0.5993761001527309
0,1,0.3,GBM_grid_1_AutoML_4_20260603_201236_model_3,month_lag1,0.21501261895522475
0,1,0.3,GBM_grid_1_AutoML_4_20260603_201236_model_3,trend_lag1,0.6078313275799155
0,1,0.3,GBM_grid_1_AutoML_4_20260603_201236_model_3,month_sin,0.0282055117533309
0,1,0.3,GBM_grid_1_AutoML_4_20260603_201236_model_3,month_cos,0.02608192067651539
0,1,0.3,GBM_grid_1_AutoML_4_20260603_201236_model_3,year,0.13099160865880546
0,1,0.3,XGBoost_grid_1_AutoML_4_20260603_201236_model_4,target_lag1,53.02239451169967
0,1,0.3,XGBoost_grid_1_AutoML_4_20260603_201236_model_4,target_lag2,1.9547494148463012
0,1,0.3,XGBoost_grid_1_AutoML_4_20260603_201236_model_4,target_lag3,1.7954603258147837
0,1,0.3,XGBoost_grid_1_AutoML_4_20260603_201236_model_4,target_lag4,0.8800784449279309
0,1,0.3,XGBoost_grid_1_AutoML_4_20260603_201236_model_4,target_lag5,1.1464595876261592
0,1,0.3,XGBoost_grid_1_AutoML_4_20260603_201236_model_4,target_lag6,3.217319655418396
0,1,0.3,XGBoost_grid_1_AutoML_4_20260603_201236_model_4,hour_lag1,3.7879110549762847
0,1,0.3,XGBoost_grid_1_AutoML_4_20260603_201236_model_4,day_of_week_lag1,0.4334061461314559
0,1,0.3,XGBoost_grid_1_AutoML_4_20260603_201236_model_4,month_lag1,0.48103958419524134
0,1,0.3,XGBoost_grid_1_AutoML_4_20260603_201236_model_4,trend_lag1,0.859547458770685
0,1,0.3,XGBoost_grid_1_AutoML_4_20260603_201236_model_4,month_sin,0.133972555687651
0,1,0.3,XGBoost_grid_1_AutoML_4_20260603_201236_model_4,month_cos,0.12504446011502293
0,1,0.3,XGBoost_grid_1_AutoML_4_20260603_201236_model_4,year,0.16866710826754563
0,1,0.3,XGBoost_grid_1_AutoML_4_20260603_201236_model_1,target_lag1,17.616861276626587
0,1,0.3,XGBoost_grid_1_AutoML_4_20260603_201236_model_1,target_lag2,28.316088092327117
0,1,0.3,XGBoost_grid_1_AutoML_4_20260603_201236_model_1,target_lag3,7.149930503815413
0,1,0.3,XGBoost_grid_1_AutoML_4_20260603_201236_model_1,target_lag4,3.482921872138977
0,1,0.3,XGBoost_grid_1_AutoML_4_20260603_201236_model_1,target_lag5,0.6934799034893513
0,1,0.3,XGBoost_grid_1_AutoML_4_20260603_201236_model_1,target_lag6,2.826682505509816
0,1,0.3,XGBoost_grid_1_AutoML_4_20260603_201236_model_1,hour_lag1,3.689132434427738
0,1,0.3,XGBoost_grid_1_AutoML_4_20260603_201236_model_1,day_of_week_lag1,0.30540909169241787
0,1,0.3,XGBoost_grid_1_AutoML_4_20260603_201236_model_1,month_lag1,0.3755084112845361
0,1,0.3,XGBoost_grid_1_AutoML_4_20260603_201236_model_1,trend_lag1,1.261212745308876
0,1,0.3,XGBoost_grid_1_AutoML_4_20260603_201236_model_1,month_sin,0.08334138439968225
0,1,0.3,XGBoost_grid_1_AutoML_4_20260603_201236_model_1,month_cos,0.11449813112616536
0,1,0.3,XGBoost_grid_1_AutoML_4_20260603_201236_model_1,year,0.22774817414581774
0,1,0.3,XGBoost_grid_1_AutoML_4_20260603_201236_model_2,target_lag1,41.30919095039368
0,1,0.3,XGBoost_grid_1_AutoML_4_20260603_201236_model_2,target_lag2,8.886248587965966
0,1,0.3,XGBoost_grid_1_AutoML_4_20260603_201236_model_2,target_lag3,3.271875423192978
0,1,0.3,XGBoost_grid_1_AutoML_4_20260603_201236_model_2,target_lag4,1.8136383497714996
0,1,0.3,XGBoost_grid_1_AutoML_4_20260603_201236_model_2,target_lag5,1.3857988572120667
0,1,0.3,XGBoost_grid_1_AutoML_4_20260603_201236_model_2,target_lag6,1.995983796492219
0,1,0.3,XGBoost_grid_1_AutoML_4_20260603_201236_model_2,hour_lag1,4.14085048943758
0,1,0.3,XGBoost_grid_1_AutoML_4_20260603_201236_model_2,day_of_week_lag1,0.46190002107992767
0,1,0.3,XGBoost_grid_1_AutoML_4_20260603_201236_model_2,month_lag1,0.34987716768868266
0,1,0.3,XGBoost_grid_1_AutoML_4_20260603_201236_model_2,trend_lag1,0.7748231569677592
0,1,0.3,XGBoost_grid_1_AutoML_4_20260603_201236_model_2,month_sin,0.16272447722032662
0,1,0.3,XGBoost_grid_1_AutoML_4_20260603_201236_model_2,month_cos,0.22373106133192777
0,1,0.3,XGBoost_grid_1_AutoML_4_20260603_201236_model_2,year,0.22773461601813325
0,1,0.3,XGBoost_grid_1_AutoML_4_20260603_201236_model_5,target_lag1,14.61212966799736
0,1,0.3,XGBoost_grid_1_AutoML_4_20260603_201236_model_5,target_lag2,17.985527760982514
0,1,0.3,XGBoost_grid_1_AutoML_4_20260603_201236_model_5,target_lag3,18.684903351068495
0,1,0.3,XGBoost_grid_1_AutoML_4_20260603_201236_model_5,target_lag4,1.0430649938061833
0,1,0.3,XGBoost_grid_1_AutoML_4_20260603_201236_model_5,target_lag5,4.180950266122818
0,1,0.3,XGBoost_grid_1_AutoML_4_20260603_201236_model_5,target_lag6,2.908993416652083
0,1,0.3,XGBoost_grid_1_AutoML_4_20260603_201236_model_5,hour_lag1,4.751601950079203
0,1,0.3,XGBoost_grid_1_AutoML_4_20260603_201236_model_5,day_of_week_lag1,0.5350131606915965
0,1,0.3,XGBoost_grid_1_AutoML_4_20260603_201236_model_5,month_lag1,0.3765997443441302
0,1,0.3,XGBoost_grid_1_AutoML_4_20260603_201236_model_5,trend_lag1,0.8224314100807533
0,1,0.3,XGBoost_grid_1_AutoML_4_20260603_201236_model_5,month_sin,0.11919611025368791
0,1,0.3,XGBoost_grid_1_AutoML_4_20260603_201236_model_5,month_cos,0.17612967632943766
0,1,0.3,XGBoost_grid_1_AutoML_4_20260603_201236_model_5,year,0.3561988950148225
0,1,0.3,XGBoost_1_AutoML_4_20260603_201236,target_lag1,25.69791340112686
0,1,0.3,XGBoost_1_AutoML_4_20260603_201236,target_lag2,25.741941355466842
0,1,0.3,XGBoost_1_AutoML_4_20260603_201236,target_lag3,1.525484371781349
0,1,0.3,XGBoost_1_AutoML_4_20260603_201236,target_lag4,4.837610615491867
0,1,0.3,XGBoost_1_AutoML_4_20260603_201236,target_lag5,1.0331699124723672
0,1,0.3,XGBoost_1_AutoML_4_20260603_201236,target_lag6,2.1657452173531055
0,1,0.3,XGBoost_1_AutoML_4_20260603_201236,hour_lag1,3.6770153091521935
0,1,0.3,XGBoost_1_AutoML_4_20260603_201236,day_of_week_lag1,0.4608430990669876
0,1,0.3,XGBoost_1_AutoML_4_20260603_201236,month_lag1,0.286183749102056
0,1,0.3,XGBoost_1_AutoML_4_20260603_201236,trend_lag1,1.176897789388895
0,1,0.3,XGBoost_1_AutoML_4_20260603_201236,month_sin,0.1866991472382506
0,1,0.3,XGBoost_1_AutoML_4_20260603_201236,month_cos,0.15803791690617797
0,1,0.3,XGBoost_1_AutoML_4_20260603_201236,year,0.21270846718922257
0,1,0.3,GLM_1_AutoML_4_20260603_201236,target_lag1,40.921491923752306
0,1,0.3,GLM_1_AutoML_4_20260603_201236,target_lag2,13.904683240022969
0,1,0.3,GLM_1_AutoML_4_20260603_201236,target_lag3,4.6606181140992655
0,1,0.3,GLM_1_AutoML_4_20260603_201236,target_lag4,0.8771288902290183
0,1,0.3,GLM_1_AutoML_4_20260603_201236,target_lag5,1.0519125509050606
0,1,0.3,GLM_1_AutoML_4_20260603_201236,target_lag6,2.667014206778764
0,1,0.3,GLM_1_AutoML_4_20260603_201236,hour_lag1,0.11628973214169754
0,1,0.3,GLM_1_AutoML_4_20260603_201236,day_of_week_lag1,0.05416258921346616
0,1,0.3,GLM_1_AutoML_4_20260603_201236,month_lag1,0.052932699285404186
0,1,0.3,GLM_1_AutoML_4_20260603_201236,trend_lag1,0.012250057055335202
0,1,0.3,GLM_1_AutoML_4_20260603_201236,month_sin,0.010311033363069868
0,1,0.3,GLM_1_AutoML_4_20260603_201236,month_cos,0.01253112068519625
0,1,0.3,GLM_1_AutoML_4_20260603_201236,year,0.1573058857008182
1,1,0.02,GBM_4_AutoML_5_20260603_203412,target_lag1,47.218576607704165
1,1,0.02,GBM_4_AutoML_5_20260603_203412,target_lag2,6.283331446126104
1,1,0.02,GBM_4_AutoML_5_20260603_203412,target_lag3,3.7288077899813654
1,1,0.02,GBM_4_AutoML_5_20260603_203412,target_lag4,1.039942625761032
1,1,0.02,GBM_4_AutoML_5_20260603_203412,target_lag5,1.1690602980786935
1,1,0.02,GBM_4_AutoML_5_20260603_203412,target_lag6,2.675189140886068
1,1,0.02,GBM_4_AutoML_5_20260603_203412,hour_lag1,2.8986177259683608
1,1,0.02,GBM_4_AutoML_5_20260603_203412,day_of_week_lag1,0.24665049442090095
1,1,0.02,GBM_4_AutoML_5_20260603_203412,month_lag1,0.35038763225078584
1,1,0.02,GBM_4_AutoML_5_20260603_203412,trend_lag1,0.41404846831224856
1,1,0.02,GBM_4_AutoML_5_20260603_203412,month_sin,0.07560980340465899
1,1,0.02,GBM_4_AutoML_5_20260603_203412,month_cos,0.09834641180506874
1,1,0.02,GBM_4_AutoML_5_20260603_203412,year,0.1578139771888436
1,1,0.02,GBM_1_AutoML_5_20260603_203412,target_lag1,34.36318770170212
1,1,0.02,GBM_1_AutoML_5_20260603_203412,target_lag2,13.434794282913208
1,1,0.02,GBM_1_AutoML_5_20260603_203412,target_lag3,9.276912504434586
1,1,0.02,GBM_1_AutoML_5_20260603_203412,target_lag4,2.5158467537909748
1,1,0.02,GBM_1_AutoML_5_20260603_203412,target_lag5,0.8849484781734646
1,1,0.02,GBM_1_AutoML_5_20260603_203412,target_lag6,1.8536906027793885
1,1,0.02,GBM_1_AutoML_5_20260603_203412,hour_lag1,2.9012955435179175
1,1,0.02,GBM_1_AutoML_5_20260603_203412,day_of_week_lag1,0.2783816546853632
1,1,0.02,GBM_1_AutoML_5_20260603_203412,month_lag1,0.38832674597389993
1,1,0.02,GBM_1_AutoML_5_20260603_203412,trend_lag1,0.4058457359392196
1,1,0.02,GBM_1_AutoML_5_20260603_203412,month_sin,0.08444317847257476
1,1,0.02,GBM_1_AutoML_5_20260603_203412,month_cos,0.11323643811570942
1,1,0.02,GBM_1_AutoML_5_20260603_203412,year,0.16221637798473235
1,1,0.02,GBM_3_AutoML_5_20260603_203412,target_lag1,38.15033844947815
1,1,0.02,GBM_3_AutoML_5_20260603_203412,target_lag2,10.469794849157333
1,1,0.02,GBM_3_AutoML_5_20260603_203412,target_lag3,7.218902838230133
1,1,0.02,GBM_3_AutoML_5_20260603_203412,target_lag4,1.6718051782250405
1,1,0.02,GBM_3_AutoML_5_20260603_203412,target_lag5,2.159449701085687
1,1,0.02,GBM_3_AutoML_5_20260603_203412,target_lag6,2.7776493801968174
1,1,0.02,GBM_3_AutoML_5_20260603_203412,hour_lag1,2.8322870254516603
1,1,0.02,GBM_3_AutoML_5_20260603_203412,day_of_week_lag1,0.29685922733158804
1,1,0.02,GBM_3_AutoML_5_20260603_203412,month_lag1,0.3168510438688099
1,1,0.02,GBM_3_AutoML_5_20260603_203412,trend_lag1,0.39387184886727483
1,1,0.02,GBM_3_AutoML_5_20260603_203412,month_sin,0.043951516890083406
1,1,0.02,GBM_3_AutoML_5_20260603_203412,month_cos,0.05699009689015834
1,1,0.02,GBM_3_AutoML_5_20260603_203412,year,0.1636945706419647
1,1,0.02,GBM_2_AutoML_5_20260603_203412,target_lag1,43.77737289428711
1,1,0.02,GBM_2_AutoML_5_20260603_203412,target_lag2,8.354344646930695
1,1,0.02,GBM_2_AutoML_5_20260603_203412,target_lag3,3.638310964293778
1,1,0.02,GBM_2_AutoML_5_20260603_203412,target_lag4,2.3254214373230933
1,1,0.02,GBM_2_AutoML_5_20260603_203412,target_lag5,1.0632113512605428
1,1,0.02,GBM_2_AutoML_5_20260603_203412,target_lag6,2.8805580260138957
1,1,0.02,GBM_2_AutoML_5_20260603_203412,hour_lag1,2.7587892216444017
1,1,0.02,GBM_2_AutoML_5_20260603_203412,day_of_week_lag1,0.2547349243611097
1,1,0.02,GBM_2_AutoML_5_20260603_203412,month_lag1,0.3006163805350661
1,1,0.02,GBM_2_AutoML_5_20260603_203412,trend_lag1,0.18384267714805902
1,1,0.02,GBM_2_AutoML_5_20260603_203412,month_sin,0.03277525806566695
1,1,0.02,GBM_2_AutoML_5_20260603_203412,month_cos,0.06232674348924772
1,1,0.02,GBM_2_AutoML_5_20260603_203412,year,0.13805900128048956
1,1,0.05,GBM_4_AutoML_5_20260603_203412,target_lag1,47.218576607704165
1,1,0.05,GBM_4_AutoML_5_20260603_203412,target_lag2,6.283331446126104
1,1,0.05,GBM_4_AutoML_5_20260603_203412,target_lag3,3.7288077899813654
1,1,0.05,GBM_4_AutoML_5_20260603_203412,target_lag4,1.039942625761032
1,1,0.05,GBM_4_AutoML_5_20260603_203412,target_lag5,1.1690602980786935
1,1,0.05,GBM_4_AutoML_5_20260603_203412,target_lag6,2.675189140886068
1,1,0.05,GBM_4_AutoML_5_20260603_203412,hour_lag1,2.8986177259683608
1,1,0.05,GBM_4_AutoML_5_20260603_203412,day_of_week_lag1,0.24665049442090095
1,1,0.05,GBM_4_AutoML_5_20260603_203412,month_lag1,0.35038763225078584
1,1,0.05,GBM_4_AutoML_5_20260603_203412,trend_lag1,0.41404846831224856
1,1,0.05,GBM_4_AutoML_5_20260603_203412,month_sin,0.07560980340465899
1,1,0.05,GBM_4_AutoML_5_20260603_203412,month_cos,0.09834641180506874
1,1,0.05,GBM_4_AutoML_5_20260603_203412,year,0.1578139771888436
1,1,0.05,GBM_1_AutoML_5_20260603_203412,target_lag1,34.36318770170212
1,1,0.05,GBM_1_AutoML_5_20260603_203412,target_lag2,13.434794282913208
1,1,0.05,GBM_1_AutoML_5_20260603_203412,target_lag3,9.276912504434586
1,1,0.05,GBM_1_AutoML_5_20260603_203412,target_lag4,2.5158467537909748
1,1,0.05,GBM_1_AutoML_5_20260603_203412,target_lag5,0.8849484781734646
1,1,0.05,GBM_1_AutoML_5_20260603_203412,target_lag6,1.8536906027793885
1,1,0.05,GBM_1_AutoML_5_20260603_203412,hour_lag1,2.9012955435179175
1,1,0.05,GBM_1_AutoML_5_20260603_203412,day_of_week_lag1,0.2783816546853632
1,1,0.05,GBM_1_AutoML_5_20260603_203412,month_lag1,0.38832674597389993
1,1,0.05,GBM_1_AutoML_5_20260603_203412,trend_lag1,0.4058457359392196
1,1,0.05,GBM_1_AutoML_5_20260603_203412,month_sin,0.08444317847257476
1,1,0.05,GBM_1_AutoML_5_20260603_203412,month_cos,0.11323643811570942
1,1,0.05,GBM_1_AutoML_5_20260603_203412,year,0.16221637798473235
1,1,0.05,GBM_3_AutoML_5_20260603_203412,target_lag1,38.15033844947815
1,1,0.05,GBM_3_AutoML_5_20260603_203412,target_lag2,10.469794849157333
1,1,0.05,GBM_3_AutoML_5_20260603_203412,target_lag3,7.218902838230133
1,1,0.05,GBM_3_AutoML_5_20260603_203412,target_lag4,1.6718051782250405
1,1,0.05,GBM_3_AutoML_5_20260603_203412,target_lag5,2.159449701085687
1,1,0.05,GBM_3_AutoML_5_20260603_203412,target_lag6,2.7776493801968174
1,1,0.05,GBM_3_AutoML_5_20260603_203412,hour_lag1,2.8322870254516603
1,1,0.05,GBM_3_AutoML_5_20260603_203412,day_of_week_lag1,0.29685922733158804
1,1,0.05,GBM_3_AutoML_5_20260603_203412,month_lag1,0.3168510438688099
1,1,0.05,GBM_3_AutoML_5_20260603_203412,trend_lag1,0.39387184886727483
1,1,0.05,GBM_3_AutoML_5_20260603_203412,month_sin,0.043951516890083406
1,1,0.05,GBM_3_AutoML_5_20260603_203412,month_cos,0.05699009689015834
1,1,0.05,GBM_3_AutoML_5_20260603_203412,year,0.1636945706419647
1,1,0.05,GBM_2_AutoML_5_20260603_203412,target_lag1,43.77737289428711
1,1,0.05,GBM_2_AutoML_5_20260603_203412,target_lag2,8.354344646930695
1,1,0.05,GBM_2_AutoML_5_20260603_203412,target_lag3,3.638310964293778
1,1,0.05,GBM_2_AutoML_5_20260603_203412,target_lag4,2.3254214373230933
1,1,0.05,GBM_2_AutoML_5_20260603_203412,target_lag5,1.0632113512605428
1,1,0.05,GBM_2_AutoML_5_20260603_203412,target_lag6,2.8805580260138957
1,1,0.05,GBM_2_AutoML_5_20260603_203412,hour_lag1,2.7587892216444017
1,1,0.05,GBM_2_AutoML_5_20260603_203412,day_of_week_lag1,0.2547349243611097
1,1,0.05,GBM_2_AutoML_5_20260603_203412,month_lag1,0.3006163805350661
1,1,0.05,GBM_2_AutoML_5_20260603_203412,trend_lag1,0.18384267714805902
1,1,0.05,GBM_2_AutoML_5_20260603_203412,month_sin,0.03277525806566695
1,1,0.05,GBM_2_AutoML_5_20260603_203412,month_cos,0.06232674348924772
1,1,0.05,GBM_2_AutoML_5_20260603_203412,year,0.13805900128048956
1,1,0.05,GBM_5_AutoML_5_20260603_203412,target_lag1,44.00689789295197
1,1,0.05,GBM_5_AutoML_5_20260603_203412,target_lag2,8.372241180837154
1,1,0.05,GBM_5_AutoML_5_20260603_203412,target_lag3,4.676469705887139
1,1,0.05,GBM_5_AutoML_5_20260603_203412,target_lag4,2.064227970093489
1,1,0.05,GBM_5_AutoML_5_20260603_203412,target_lag5,1.8462162065133452
1,1,0.05,GBM_5_AutoML_5_20260603_203412,target_lag6,1.1974715648591518
1,1,0.05,GBM_5_AutoML_5_20260603_203412,hour_lag1,2.647007302641869
1,1,0.05,GBM_5_AutoML_5_20260603_203412,day_of_week_lag1,0.18841795275453477
1,1,0.05,GBM_5_AutoML_5_20260603_203412,month_lag1,0.24539279208285733
1,1,0.05,GBM_5_AutoML_5_20260603_203412,trend_lag1,0.2726955083664507
1,1,0.05,GBM_5_AutoML_5_20260603_203412,month_sin,0.10036645925603803
1,1,0.05,GBM_5_AutoML_5_20260603_203412,month_cos,0.027930616106586932
1,1,0.05,GBM_5_AutoML_5_20260603_203412,year,0.11976074832491573
1,1,0.05,DRF_1_AutoML_5_20260603_203412,target_lag1,23.524276537895204
1,1,0.05,DRF_1_AutoML_5_20260603_203412,target_lag2,11.121053772568702
1,1,0.05,DRF_1_AutoML_5_20260603_203412,target_lag3,8.370898977462202
1,1,0.05,DRF_1_AutoML_5_20260603_203412,target_lag4,7.101278383657336
1,1,0.05,DRF_1_AutoML_5_20260603_203412,target_lag5,5.685331822559237
1,1,0.05,DRF_1_AutoML_5_20260603_203412,target_lag6,2.350083990038838
1,1,0.05,DRF_1_AutoML_5_20260603_203412,hour_lag1,2.157254990041256
1,1,0.05,DRF_1_AutoML_5_20260603_203412,day_of_week_lag1,0.38165686186403036
1,1,0.05,DRF_1_AutoML_5_20260603_203412,month_lag1,0.21371357651427383
1,1,0.05,DRF_1_AutoML_5_20260603_203412,trend_lag1,0.49933182742446663
1,1,0.05,DRF_1_AutoML_5_20260603_203412,month_sin,0.10053941405727525
1,1,0.05,DRF_1_AutoML_5_20260603_203412,month_cos,0.09209734955056771
1,1,0.05,DRF_1_AutoML_5_20260603_203412,year,0.18425997532904148
1,1,0.05,XRT_1_AutoML_5_20260603_203412,target_lag1,121.57078018903732
1,1,0.05,XRT_1_AutoML_5_20260603_203412,target_lag2,101.20921430826188
1,1,0.05,XRT_1_AutoML_5_20260603_203412,target_lag3,43.33840216457844
1,1,0.05,XRT_1_AutoML_5_20260603_203412,target_lag4,5160069.7727761
1,1,0.05,XRT_1_AutoML_5_20260603_203412,target_lag5,66.6386700598523
1,1,0.05,XRT_1_AutoML_5_20260603_203412,target_lag6,975.9298257836699
1,1,0.05,XRT_1_AutoML_5_20260603_203412,hour_lag1,4553.884227175415
1,1,0.05,XRT_1_AutoML_5_20260603_203412,day_of_week_lag1,103.92245039910078
1,1,0.05,XRT_1_AutoML_5_20260603_203412,month_lag1,1657.708463274166
1,1,0.05,XRT_1_AutoML_5_20260603_203412,trend_lag1,29.44431467667222
1,1,0.05,XRT_1_AutoML_5_20260603_203412,month_sin,33.27632224921137
1,1,0.05,XRT_1_AutoML_5_20260603_203412,month_cos,17.68544185221195
1,1,0.05,XRT_1_AutoML_5_20260603_203412,year,133.2790177333355
1,1,0.05,GBM_grid_1_AutoML_5_20260603_203412_model_1,target_lag1,23.056237890124322
1,1,0.05,GBM_grid_1_AutoML_5_20260603_203412_model_1,target_lag2,8.579141348004342
1,1,0.05,GBM_grid_1_AutoML_5_20260603_203412_model_1,target_lag3,8.572823405265808
1,1,0.05,GBM_grid_1_AutoML_5_20260603_203412_model_1,target_lag4,9.29311883211136
1,1,0.05,GBM_grid_1_AutoML_5_20260603_203412_model_1,target_lag5,7.585521427094936
1,1,0.05,GBM_grid_1_AutoML_5_20260603_203412_model_1,target_lag6,4.067513805404306
1,1,0.05,GBM_grid_1_AutoML_5_20260603_203412_model_1,hour_lag1,2.610734374523163
1,1,0.05,GBM_grid_1_AutoML_5_20260603_203412_model_1,day_of_week_lag1,0.451191879932303
1,1,0.05,GBM_grid_1_AutoML_5_20260603_203412_model_1,month_lag1,0.6930636832118034
1,1,0.05,GBM_grid_1_AutoML_5_20260603_203412_model_1,trend_lag1,0.5089840010926128
1,1,0.05,GBM_grid_1_AutoML_5_20260603_203412_model_1,month_sin,0.14142940502148119
1,1,0.05,GBM_grid_1_AutoML_5_20260603_203412_model_1,month_cos,0.12718625822686586
1,1,0.05,GBM_grid_1_AutoML_5_20260603_203412_model_1,year,0.22868130936287343
1,1,0.05,XGBoost_2_AutoML_5_20260603_203412,target_lag1,44.631913318634034
1,1,0.05,XGBoost_2_AutoML_5_20260603_203412,target_lag2,11.670149674415589
1,1,0.05,XGBoost_2_AutoML_5_20260603_203412,target_lag3,1.916351698935032
1,1,0.05,XGBoost_2_AutoML_5_20260603_203412,target_lag4,0.5762531313672662
1,1,0.05,XGBoost_2_AutoML_5_20260603_203412,target_lag5,2.223653022646904
1,1,0.05,XGBoost_2_AutoML_5_20260603_203412,target_lag6,3.8216969659924507
1,1,0.05,XGBoost_2_AutoML_5_20260603_203412,hour_lag1,3.2072512072324755
1,1,0.05,XGBoost_2_AutoML_5_20260603_203412,day_of_week_lag1,0.305705061564222
1,1,0.05,XGBoost_2_AutoML_5_20260603_203412,month_lag1,0.3501465192437172
1,1,0.05,XGBoost_2_AutoML_5_20260603_203412,trend_lag1,0.40540649130009115
1,1,0.05,XGBoost_2_AutoML_5_20260603_203412,month_sin,0.14476922273373924
1,1,0.05,XGBoost_2_AutoML_5_20260603_203412,month_cos,0.07481322377454486
1,1,0.05,XGBoost_2_AutoML_5_20260603_203412,year,0.3764528452046216
1,1,0.05,GBM_grid_1_AutoML_5_20260603_203412_model_2,target_lag1,43.08697012901306
1,1,0.05,GBM_grid_1_AutoML_5_20260603_203412_model_2,target_lag2,12.646425576210023
1,1,0.05,GBM_grid_1_AutoML_5_20260603_203412_model_2,target_lag3,2.9433631894737484
1,1,0.05,GBM_grid_1_AutoML_5_20260603_203412_model_2,target_lag4,0.7045275127887726
1,1,0.05,GBM_grid_1_AutoML_5_20260603_203412_model_2,target_lag5,1.92933840919286
1,1,0.05,GBM_grid_1_AutoML_5_20260603_203412_model_2,target_lag6,2.5858448358811437
1,1,0.05,GBM_grid_1_AutoML_5_20260603_203412_model_2,hour_lag1,2.3933083122968672
1,1,0.05,GBM_grid_1_AutoML_5_20260603_203412_model_2,day_of_week_lag1,0.08980837764684103
1,1,0.05,GBM_grid_1_AutoML_5_20260603_203412_model_2,month_lag1,0.15288385365158316
1,1,0.05,GBM_grid_1_AutoML_5_20260603_203412_model_2,trend_lag1,0.10088656734675165
1,1,0.05,GBM_grid_1_AutoML_5_20260603_203412_model_2,month_sin,0.00037671753994800383
1,1,0.05,GBM_grid_1_AutoML_5_20260603_203412_model_2,month_cos,0.009172364700643799
1,1,0.05,GBM_grid_1_AutoML_5_20260603_203412_model_2,year,0.053288570195436445
1,1,0.05,XGBoost_grid_1_AutoML_5_20260603_203412_model_1,target_lag1,25.62056973338127
1,1,0.05,XGBoost_grid_1_AutoML_5_20260603_203412_model_1,target_lag2,28.63907485961914
1,1,0.05,XGBoost_grid_1_AutoML_5_20260603_203412_model_1,target_lag3,1.7172105582489166
1,1,0.05,XGBoost_grid_1_AutoML_5_20260603_203412_model_1,target_lag4,0.32996091088280083
1,1,0.05,XGBoost_grid_1_AutoML_5_20260603_203412_model_1,target_lag5,4.006111565530301
1,1,0.05,XGBoost_grid_1_AutoML_5_20260603_203412_model_1,target_lag6,2.6299872457329183
1,1,0.05,XGBoost_grid_1_AutoML_5_20260603_203412_model_1,hour_lag1,3.155618204176426
1,1,0.05,XGBoost_grid_1_AutoML_5_20260603_203412_model_1,day_of_week_lag1,0.3557674303650856
1,1,0.05,XGBoost_grid_1_AutoML_5_20260603_203412_model_1,month_lag1,0.25953234123997393
1,1,0.05,XGBoost_grid_1_AutoML_5_20260603_203412_model_1,trend_lag1,0.7579292310215533
1,1,0.05,XGBoost_grid_1_AutoML_5_20260603_203412_model_1,month_sin,0.08588508525863287
1,1,0.05,XGBoost_grid_1_AutoML_5_20260603_203412_model_1,month_cos,0.1395227467475342
1,1,0.05,XGBoost_grid_1_AutoML_5_20260603_203412_model_1,year,0.2737438670871779
1,1,0.05,XGBoost_grid_1_AutoML_5_20260603_203412_model_6,target_lag1,32.61118337154389
1,1,0.05,XGBoost_grid_1_AutoML_5_20260603_203412_model_6,target_lag2,7.053503904938697
1,1,0.05,XGBoost_grid_1_AutoML_5_20260603_203412_model_6,target_lag3,5.760177521705628
1,1,0.05,XGBoost_grid_1_AutoML_5_20260603_203412_model_6,target_lag4,13.090602608919143
1,1,0.05,XGBoost_grid_1_AutoML_5_20260603_203412_model_6,target_lag5,1.7890883155167103
1,1,0.05,XGBoost_grid_1_AutoML_5_20260603_203412_model_6,target_lag6,3.3749956393567846
1,1,0.05,XGBoost_grid_1_AutoML_5_20260603_203412_model_6,hour_lag1,3.320595192015171
1,1,0.05,XGBoost_grid_1_AutoML_5_20260603_203412_model_6,day_of_week_lag1,0.3211460266634822
1,1,0.05,XGBoost_grid_1_AutoML_5_20260603_203412_model_6,month_lag1,0.4412618880346417
1,1,0.05,XGBoost_grid_1_AutoML_5_20260603_203412_model_6,trend_lag1,0.7146178912557661
1,1,0.05,XGBoost_grid_1_AutoML_5_20260603_203412_model_6,month_sin,0.07629427159437906
1,1,0.05,XGBoost_grid_1_AutoML_5_20260603_203412_model_6,month_cos,0.1353268177900463
1,1,0.05,XGBoost_grid_1_AutoML_5_20260603_203412_model_6,year,0.15706450732890512
1,1,0.1,GBM_4_AutoML_5_20260603_203412,target_lag1,47.218576607704165
1,1,0.1,GBM_4_AutoML_5_20260603_203412,target_lag2,6.283331446126104
1,1,0.1,GBM_4_AutoML_5_20260603_203412,target_lag3,3.7288077899813654
1,1,0.1,GBM_4_AutoML_5_20260603_203412,target_lag4,1.039942625761032
1,1,0.1,GBM_4_AutoML_5_20260603_203412,target_lag5,1.1690602980786935
1,1,0.1,GBM_4_AutoML_5_20260603_203412,target_lag6,2.675189140886068
1,1,0.1,GBM_4_AutoML_5_20260603_203412,hour_lag1,2.8986177259683608
1,1,0.1,GBM_4_AutoML_5_20260603_203412,day_of_week_lag1,0.24665049442090095
1,1,0.1,GBM_4_AutoML_5_20260603_203412,month_lag1,0.35038763225078584
1,1,0.1,GBM_4_AutoML_5_20260603_203412,trend_lag1,0.41404846831224856
1,1,0.1,GBM_4_AutoML_5_20260603_203412,month_sin,0.07560980340465899
1,1,0.1,GBM_4_AutoML_5_20260603_203412,month_cos,0.09834641180506874
1,1,0.1,GBM_4_AutoML_5_20260603_203412,year,0.1578139771888436
1,1,0.1,GBM_1_AutoML_5_20260603_203412,target_lag1,34.36318770170212
1,1,0.1,GBM_1_AutoML_5_20260603_203412,target_lag2,13.434794282913208
1,1,0.1,GBM_1_AutoML_5_20260603_203412,target_lag3,9.276912504434586
1,1,0.1,GBM_1_AutoML_5_20260603_203412,target_lag4,2.5158467537909748
1,1,0.1,GBM_1_AutoML_5_20260603_203412,target_lag5,0.8849484781734646
1,1,0.1,GBM_1_AutoML_5_20260603_203412,target_lag6,1.8536906027793885
1,1,0.1,GBM_1_AutoML_5_20260603_203412,hour_lag1,2.9012955435179175
1,1,0.1,GBM_1_AutoML_5_20260603_203412,day_of_week_lag1,0.2783816546853632
1,1,0.1,GBM_1_AutoML_5_20260603_203412,month_lag1,0.38832674597389993
1,1,0.1,GBM_1_AutoML_5_20260603_203412,trend_lag1,0.4058457359392196
1,1,0.1,GBM_1_AutoML_5_20260603_203412,month_sin,0.08444317847257476
1,1,0.1,GBM_1_AutoML_5_20260603_203412,month_cos,0.11323643811570942
1,1,0.1,GBM_1_AutoML_5_20260603_203412,year,0.16221637798473235
1,1,0.1,GBM_3_AutoML_5_20260603_203412,target_lag1,38.15033844947815
1,1,0.1,GBM_3_AutoML_5_20260603_203412,target_lag2,10.469794849157333
1,1,0.1,GBM_3_AutoML_5_20260603_203412,target_lag3,7.218902838230133
1,1,0.1,GBM_3_AutoML_5_20260603_203412,target_lag4,1.6718051782250405
1,1,0.1,GBM_3_AutoML_5_20260603_203412,target_lag5,2.159449701085687
1,1,0.1,GBM_3_AutoML_5_20260603_203412,target_lag6,2.7776493801968174
1,1,0.1,GBM_3_AutoML_5_20260603_203412,hour_lag1,2.8322870254516603
1,1,0.1,GBM_3_AutoML_5_20260603_203412,day_of_week_lag1,0.29685922733158804
1,1,0.1,GBM_3_AutoML_5_20260603_203412,month_lag1,0.3168510438688099
1,1,0.1,GBM_3_AutoML_5_20260603_203412,trend_lag1,0.39387184886727483
1,1,0.1,GBM_3_AutoML_5_20260603_203412,month_sin,0.043951516890083406
1,1,0.1,GBM_3_AutoML_5_20260603_203412,month_cos,0.05699009689015834
1,1,0.1,GBM_3_AutoML_5_20260603_203412,year,0.1636945706419647
1,1,0.1,GBM_2_AutoML_5_20260603_203412,target_lag1,43.77737289428711
1,1,0.1,GBM_2_AutoML_5_20260603_203412,target_lag2,8.354344646930695
1,1,0.1,GBM_2_AutoML_5_20260603_203412,target_lag3,3.638310964293778
1,1,0.1,GBM_2_AutoML_5_20260603_203412,target_lag4,2.3254214373230933
1,1,0.1,GBM_2_AutoML_5_20260603_203412,target_lag5,1.0632113512605428
1,1,0.1,GBM_2_AutoML_5_20260603_203412,target_lag6,2.8805580260138957
1,1,0.1,GBM_2_AutoML_5_20260603_203412,hour_lag1,2.7587892216444017
1,1,0.1,GBM_2_AutoML_5_20260603_203412,day_of_week_lag1,0.2547349243611097
1,1,0.1,GBM_2_AutoML_5_20260603_203412,month_lag1,0.3006163805350661
1,1,0.1,GBM_2_AutoML_5_20260603_203412,trend_lag1,0.18384267714805902
1,1,0.1,GBM_2_AutoML_5_20260603_203412,month_sin,0.03277525806566695
1,1,0.1,GBM_2_AutoML_5_20260603_203412,month_cos,0.06232674348924772
1,1,0.1,GBM_2_AutoML_5_20260603_203412,year,0.13805900128048956
1,1,0.1,GBM_5_AutoML_5_20260603_203412,target_lag1,44.00689789295197
1,1,0.1,GBM_5_AutoML_5_20260603_203412,target_lag2,8.372241180837154
1,1,0.1,GBM_5_AutoML_5_20260603_203412,target_lag3,4.676469705887139
1,1,0.1,GBM_5_AutoML_5_20260603_203412,target_lag4,2.064227970093489
1,1,0.1,GBM_5_AutoML_5_20260603_203412,target_lag5,1.8462162065133452
1,1,0.1,GBM_5_AutoML_5_20260603_203412,target_lag6,1.1974715648591518
1,1,0.1,GBM_5_AutoML_5_20260603_203412,hour_lag1,2.647007302641869
1,1,0.1,GBM_5_AutoML_5_20260603_203412,day_of_week_lag1,0.18841795275453477
1,1,0.1,GBM_5_AutoML_5_20260603_203412,month_lag1,0.24539279208285733
1,1,0.1,GBM_5_AutoML_5_20260603_203412,trend_lag1,0.2726955083664507
1,1,0.1,GBM_5_AutoML_5_20260603_203412,month_sin,0.10036645925603803
1,1,0.1,GBM_5_AutoML_5_20260603_203412,month_cos,0.027930616106586932
1,1,0.1,GBM_5_AutoML_5_20260603_203412,year,0.11976074832491573
1,1,0.1,DRF_1_AutoML_5_20260603_203412,target_lag1,23.524276537895204
1,1,0.1,DRF_1_AutoML_5_20260603_203412,target_lag2,11.121053772568702
1,1,0.1,DRF_1_AutoML_5_20260603_203412,target_lag3,8.370898977462202
1,1,0.1,DRF_1_AutoML_5_20260603_203412,target_lag4,7.101278383657336
1,1,0.1,DRF_1_AutoML_5_20260603_203412,target_lag5,5.685331822559237
1,1,0.1,DRF_1_AutoML_5_20260603_203412,target_lag6,2.350083990038838
1,1,0.1,DRF_1_AutoML_5_20260603_203412,hour_lag1,2.157254990041256
1,1,0.1,DRF_1_AutoML_5_20260603_203412,day_of_week_lag1,0.38165686186403036
1,1,0.1,DRF_1_AutoML_5_20260603_203412,month_lag1,0.21371357651427383
1,1,0.1,DRF_1_AutoML_5_20260603_203412,trend_lag1,0.49933182742446663
1,1,0.1,DRF_1_AutoML_5_20260603_203412,month_sin,0.10053941405727525
1,1,0.1,DRF_1_AutoML_5_20260603_203412,month_cos,0.09209734955056771
1,1,0.1,DRF_1_AutoML_5_20260603_203412,year,0.18425997532904148
1,1,0.1,XRT_1_AutoML_5_20260603_203412,target_lag1,121.57078018903732
1,1,0.1,XRT_1_AutoML_5_20260603_203412,target_lag2,101.20921430826188
1,1,0.1,XRT_1_AutoML_5_20260603_203412,target_lag3,43.33840216457844
1,1,0.1,XRT_1_AutoML_5_20260603_203412,target_lag4,5160069.7727761
1,1,0.1,XRT_1_AutoML_5_20260603_203412,target_lag5,66.6386700598523
1,1,0.1,XRT_1_AutoML_5_20260603_203412,target_lag6,975.9298257836699
1,1,0.1,XRT_1_AutoML_5_20260603_203412,hour_lag1,4553.884227175415
1,1,0.1,XRT_1_AutoML_5_20260603_203412,day_of_week_lag1,103.92245039910078
1,1,0.1,XRT_1_AutoML_5_20260603_203412,month_lag1,1657.708463274166
1,1,0.1,XRT_1_AutoML_5_20260603_203412,trend_lag1,29.44431467667222
1,1,0.1,XRT_1_AutoML_5_20260603_203412,month_sin,33.27632224921137
1,1,0.1,XRT_1_AutoML_5_20260603_203412,month_cos,17.68544185221195
1,1,0.1,XRT_1_AutoML_5_20260603_203412,year,133.2790177333355
1,1,0.1,GBM_grid_1_AutoML_5_20260603_203412_model_1,target_lag1,23.056237890124322
1,1,0.1,GBM_grid_1_AutoML_5_20260603_203412_model_1,target_lag2,8.579141348004342
1,1,0.1,GBM_grid_1_AutoML_5_20260603_203412_model_1,target_lag3,8.572823405265808
1,1,0.1,GBM_grid_1_AutoML_5_20260603_203412_model_1,target_lag4,9.29311883211136
1,1,0.1,GBM_grid_1_AutoML_5_20260603_203412_model_1,target_lag5,7.585521427094936
1,1,0.1,GBM_grid_1_AutoML_5_20260603_203412_model_1,target_lag6,4.067513805404306
1,1,0.1,GBM_grid_1_AutoML_5_20260603_203412_model_1,hour_lag1,2.610734374523163
1,1,0.1,GBM_grid_1_AutoML_5_20260603_203412_model_1,day_of_week_lag1,0.451191879932303
1,1,0.1,GBM_grid_1_AutoML_5_20260603_203412_model_1,month_lag1,0.6930636832118034
1,1,0.1,GBM_grid_1_AutoML_5_20260603_203412_model_1,trend_lag1,0.5089840010926128
1,1,0.1,GBM_grid_1_AutoML_5_20260603_203412_model_1,month_sin,0.14142940502148119
1,1,0.1,GBM_grid_1_AutoML_5_20260603_203412_model_1,month_cos,0.12718625822686586
1,1,0.1,GBM_grid_1_AutoML_5_20260603_203412_model_1,year,0.22868130936287343
1,1,0.1,XGBoost_2_AutoML_5_20260603_203412,target_lag1,44.631913318634034
1,1,0.1,XGBoost_2_AutoML_5_20260603_203412,target_lag2,11.670149674415589
1,1,0.1,XGBoost_2_AutoML_5_20260603_203412,target_lag3,1.916351698935032
1,1,0.1,XGBoost_2_AutoML_5_20260603_203412,target_lag4,0.5762531313672662
1,1,0.1,XGBoost_2_AutoML_5_20260603_203412,target_lag5,2.223653022646904
1,1,0.1,XGBoost_2_AutoML_5_20260603_203412,target_lag6,3.8216969659924507
1,1,0.1,XGBoost_2_AutoML_5_20260603_203412,hour_lag1,3.2072512072324755
1,1,0.1,XGBoost_2_AutoML_5_20260603_203412,day_of_week_lag1,0.305705061564222
1,1,0.1,XGBoost_2_AutoML_5_20260603_203412,month_lag1,0.3501465192437172
1,1,0.1,XGBoost_2_AutoML_5_20260603_203412,trend_lag1,0.40540649130009115
1,1,0.1,XGBoost_2_AutoML_5_20260603_203412,month_sin,0.14476922273373924
1,1,0.1,XGBoost_2_AutoML_5_20260603_203412,month_cos,0.07481322377454486
1,1,0.1,XGBoost_2_AutoML_5_20260603_203412,year,0.3764528452046216
1,1,0.1,GBM_grid_1_AutoML_5_20260603_203412_model_2,target_lag1,43.08697012901306
1,1,0.1,GBM_grid_1_AutoML_5_20260603_203412_model_2,target_lag2,12.646425576210023
1,1,0.1,GBM_grid_1_AutoML_5_20260603_203412_model_2,target_lag3,2.9433631894737484
1,1,0.1,GBM_grid_1_AutoML_5_20260603_203412_model_2,target_lag4,0.7045275127887726
1,1,0.1,GBM_grid_1_AutoML_5_20260603_203412_model_2,target_lag5,1.92933840919286
1,1,0.1,GBM_grid_1_AutoML_5_20260603_203412_model_2,target_lag6,2.5858448358811437
1,1,0.1,GBM_grid_1_AutoML_5_20260603_203412_model_2,hour_lag1,2.3933083122968672
1,1,0.1,GBM_grid_1_AutoML_5_20260603_203412_model_2,day_of_week_lag1,0.08980837764684103
1,1,0.1,GBM_grid_1_AutoML_5_20260603_203412_model_2,month_lag1,0.15288385365158316
1,1,0.1,GBM_grid_1_AutoML_5_20260603_203412_model_2,trend_lag1,0.10088656734675165
1,1,0.1,GBM_grid_1_AutoML_5_20260603_203412_model_2,month_sin,0.00037671753994800383
1,1,0.1,GBM_grid_1_AutoML_5_20260603_203412_model_2,month_cos,0.009172364700643799
1,1,0.1,GBM_grid_1_AutoML_5_20260603_203412_model_2,year,0.053288570195436445
1,1,0.1,XGBoost_grid_1_AutoML_5_20260603_203412_model_1,target_lag1,25.62056973338127
1,1,0.1,XGBoost_grid_1_AutoML_5_20260603_203412_model_1,target_lag2,28.63907485961914
1,1,0.1,XGBoost_grid_1_AutoML_5_20260603_203412_model_1,target_lag3,1.7172105582489166
1,1,0.1,XGBoost_grid_1_AutoML_5_20260603_203412_model_1,target_lag4,0.32996091088280083
1,1,0.1,XGBoost_grid_1_AutoML_5_20260603_203412_model_1,target_lag5,4.006111565530301
1,1,0.1,XGBoost_grid_1_AutoML_5_20260603_203412_model_1,target_lag6,2.6299872457329183
1,1,0.1,XGBoost_grid_1_AutoML_5_20260603_203412_model_1,hour_lag1,3.155618204176426
1,1,0.1,XGBoost_grid_1_AutoML_5_20260603_203412_model_1,day_of_week_lag1,0.3557674303650856
1,1,0.1,XGBoost_grid_1_AutoML_5_20260603_203412_model_1,month_lag1,0.25953234123997393
1,1,0.1,XGBoost_grid_1_AutoML_5_20260603_203412_model_1,trend_lag1,0.7579292310215533
1,1,0.1,XGBoost_grid_1_AutoML_5_20260603_203412_model_1,month_sin,0.08588508525863287
1,1,0.1,XGBoost_grid_1_AutoML_5_20260603_203412_model_1,month_cos,0.1395227467475342
1,1,0.1,XGBoost_grid_1_AutoML_5_20260603_203412_model_1,year,0.2737438670871779
1,1,0.1,XGBoost_grid_1_AutoML_5_20260603_203412_model_6,target_lag1,32.61118337154389
1,1,0.1,XGBoost_grid_1_AutoML_5_20260603_203412_model_6,target_lag2,7.053503904938697
1,1,0.1,XGBoost_grid_1_AutoML_5_20260603_203412_model_6,target_lag3,5.760177521705628
1,1,0.1,XGBoost_grid_1_AutoML_5_20260603_203412_model_6,target_lag4,13.090602608919143
1,1,0.1,XGBoost_grid_1_AutoML_5_20260603_203412_model_6,target_lag5,1.7890883155167103
1,1,0.1,XGBoost_grid_1_AutoML_5_20260603_203412_model_6,target_lag6,3.3749956393567846
1,1,0.1,XGBoost_grid_1_AutoML_5_20260603_203412_model_6,hour_lag1,3.320595192015171
1,1,0.1,XGBoost_grid_1_AutoML_5_20260603_203412_model_6,day_of_week_lag1,0.3211460266634822
1,1,0.1,XGBoost_grid_1_AutoML_5_20260603_203412_model_6,month_lag1,0.4412618880346417
1,1,0.1,XGBoost_grid_1_AutoML_5_20260603_203412_model_6,trend_lag1,0.7146178912557661
1,1,0.1,XGBoost_grid_1_AutoML_5_20260603_203412_model_6,month_sin,0.07629427159437906
1,1,0.1,XGBoost_grid_1_AutoML_5_20260603_203412_model_6,month_cos,0.1353268177900463
1,1,0.1,XGBoost_grid_1_AutoML_5_20260603_203412_model_6,year,0.15706450732890512
1,1,0.1,XGBoost_grid_1_AutoML_5_20260603_203412_model_3,target_lag1,55.281070728302005
1,1,0.1,XGBoost_grid_1_AutoML_5_20260603_203412_model_3,target_lag2,1.0479539642389863
1,1,0.1,XGBoost_grid_1_AutoML_5_20260603_203412_model_3,target_lag3,1.748698751926422
1,1,0.1,XGBoost_grid_1_AutoML_5_20260603_203412_model_3,target_lag4,1.316645889636129
1,1,0.1,XGBoost_grid_1_AutoML_5_20260603_203412_model_3,target_lag5,0.8640552337933332
1,1,0.1,XGBoost_grid_1_AutoML_5_20260603_203412_model_3,target_lag6,4.429800211861729
1,1,0.1,XGBoost_grid_1_AutoML_5_20260603_203412_model_3,hour_lag1,3.274974286556244
1,1,0.1,XGBoost_grid_1_AutoML_5_20260603_203412_model_3,day_of_week_lag1,0.23949900017585604
1,1,0.1,XGBoost_grid_1_AutoML_5_20260603_203412_model_3,month_lag1,0.33969250877387824
1,1,0.1,XGBoost_grid_1_AutoML_5_20260603_203412_model_3,trend_lag1,0.7110121246613562
1,1,0.1,XGBoost_grid_1_AutoML_5_20260603_203412_model_3,month_sin,0.03352177722612392
1,1,0.1,XGBoost_grid_1_AutoML_5_20260603_203412_model_3,month_cos,0.01458723796764385
1,1,0.1,XGBoost_grid_1_AutoML_5_20260603_203412_model_3,year,0.0
1,1,0.1,GBM_grid_1_AutoML_5_20260603_203412_model_3,target_lag1,21.119468473792075
1,1,0.1,GBM_grid_1_AutoML_5_20260603_203412_model_3,target_lag2,17.577417722940446
1,1,0.1,GBM_grid_1_AutoML_5_20260603_203412_model_3,target_lag3,4.378510510921478
1,1,0.1,GBM_grid_1_AutoML_5_20260603_203412_model_3,target_lag4,5.19926683075726
1,1,0.1,GBM_grid_1_AutoML_5_20260603_203412_model_3,target_lag5,5.128283065333963
1,1,0.1,GBM_grid_1_AutoML_5_20260603_203412_model_3,target_lag6,6.57381105184555
1,1,0.1,GBM_grid_1_AutoML_5_20260603_203412_model_3,hour_lag1,2.858992501497269
1,1,0.1,GBM_grid_1_AutoML_5_20260603_203412_model_3,day_of_week_lag1,0.7318488257378339
1,1,0.1,GBM_grid_1_AutoML_5_20260603_203412_model_3,month_lag1,0.2443731472082436
1,1,0.1,GBM_grid_1_AutoML_5_20260603_203412_model_3,trend_lag1,0.34337549486837815
1,1,0.1,GBM_grid_1_AutoML_5_20260603_203412_model_3,month_sin,0.05354665411170568
1,1,0.1,GBM_grid_1_AutoML_5_20260603_203412_model_3,month_cos,0.04095432223519307
1,1,0.1,GBM_grid_1_AutoML_5_20260603_203412_model_3,year,0.19208897863049057
1,1,0.1,XGBoost_grid_1_AutoML_5_20260603_203412_model_4,target_lag1,57.19402822494507
1,1,0.1,XGBoost_grid_1_AutoML_5_20260603_203412_model_4,target_lag2,1.48001253336668
1,1,0.1,XGBoost_grid_1_AutoML_5_20260603_203412_model_4,target_lag3,1.1924721252173185
1,1,0.1,XGBoost_grid_1_AutoML_5_20260603_203412_model_4,target_lag4,0.8424749371781945
1,1,0.1,XGBoost_grid_1_AutoML_5_20260603_203412_model_4,target_lag5,1.2821896405890585
1,1,0.1,XGBoost_grid_1_AutoML_5_20260603_203412_model_4,target_lag6,3.320569722652435
1,1,0.1,XGBoost_grid_1_AutoML_5_20260603_203412_model_4,hour_lag1,3.406192805171013
1,1,0.1,XGBoost_grid_1_AutoML_5_20260603_203412_model_4,day_of_week_lag1,0.32988107576966286
1,1,0.1,XGBoost_grid_1_AutoML_5_20260603_203412_model_4,month_lag1,0.4355504148453474
1,1,0.1,XGBoost_grid_1_AutoML_5_20260603_203412_model_4,trend_lag1,0.8357985956966877
1,1,0.1,XGBoost_grid_1_AutoML_5_20260603_203412_model_4,month_sin,0.0929769142750592
1,1,0.1,XGBoost_grid_1_AutoML_5_20260603_203412_model_4,month_cos,0.07461240295786407
1,1,0.1,XGBoost_grid_1_AutoML_5_20260603_203412_model_4,year,0.2803373945876956
1,1,0.1,XGBoost_3_AutoML_5_20260603_203412,target_lag1,52.35238100349903
1,1,0.1,XGBoost_3_AutoML_5_20260603_203412,target_lag2,3.097009519636631
1,1,0.1,XGBoost_3_AutoML_5_20260603_203412,target_lag3,1.446677915453911
1,1,0.1,XGBoost_3_AutoML_5_20260603_203412,target_lag4,0.8968865155056119
1,1,0.1,XGBoost_3_AutoML_5_20260603_203412,target_lag5,2.823525737673044
1,1,0.1,XGBoost_3_AutoML_5_20260603_203412,target_lag6,4.952980729341507
1,1,0.1,XGBoost_3_AutoML_5_20260603_203412,hour_lag1,3.097389123737812
1,1,0.1,XGBoost_3_AutoML_5_20260603_203412,day_of_week_lag1,0.2454563956335187
1,1,0.1,XGBoost_3_AutoML_5_20260603_203412,month_lag1,0.38701586705283264
1,1,0.1,XGBoost_3_AutoML_5_20260603_203412,trend_lag1,0.4616046645026654
1,1,0.1,XGBoost_3_AutoML_5_20260603_203412,month_sin,0.023827419001609042
1,1,0.1,XGBoost_3_AutoML_5_20260603_203412,month_cos,0.17444597415626045
1,1,0.1,XGBoost_3_AutoML_5_20260603_203412,year,0.24360387787222862
1,1,0.1,XGBoost_grid_1_AutoML_5_20260603_203412_model_2,target_lag1,32.62663298606873
1,1,0.1,XGBoost_grid_1_AutoML_5_20260603_203412_model_2,target_lag2,11.440481394827366
1,1,0.1,XGBoost_grid_1_AutoML_5_20260603_203412_model_2,target_lag3,9.582986177802086
1,1,0.1,XGBoost_grid_1_AutoML_5_20260603_203412_model_2,target_lag4,5.108488681316376
1,1,0.1,XGBoost_grid_1_AutoML_5_20260603_203412_model_2,target_lag5,1.0792976441979407
1,1,0.1,XGBoost_grid_1_AutoML_5_20260603_203412_model_2,target_lag6,2.3900779464433435
1,1,0.1,XGBoost_grid_1_AutoML_5_20260603_203412_model_2,hour_lag1,3.264008481502533
1,1,0.1,XGBoost_grid_1_AutoML_5_20260603_203412_model_2,day_of_week_lag1,0.3201942125800997
1,1,0.1,XGBoost_grid_1_AutoML_5_20260603_203412_model_2,month_lag1,0.3090921388566494
1,1,0.1,XGBoost_grid_1_AutoML_5_20260603_203412_model_2,trend_lag1,1.5500548207759857
1,1,0.1,XGBoost_grid_1_AutoML_5_20260603_203412_model_2,month_sin,0.15277849463047458
1,1,0.1,XGBoost_grid_1_AutoML_5_20260603_203412_model_2,month_cos,0.11902401720115446
1,1,0.1,XGBoost_grid_1_AutoML_5_20260603_203412_model_2,year,0.1439714734640438
1,1,0.1,XGBoost_grid_1_AutoML_5_20260603_203412_model_5,target_lag1,22.621741257309914
1,1,0.1,XGBoost_grid_1_AutoML_5_20260603_203412_model_5,target_lag2,31.898359212875366
1,1,0.1,XGBoost_grid_1_AutoML_5_20260603_203412_model_5,target_lag3,4.037589412927628
1,1,0.1,XGBoost_grid_1_AutoML_5_20260603_203412_model_5,target_lag4,1.7424804550409316
1,1,0.1,XGBoost_grid_1_AutoML_5_20260603_203412_model_5,target_lag5,0.8986351129412651
1,1,0.1,XGBoost_grid_1_AutoML_5_20260603_203412_model_5,target_lag6,4.311815821528435
1,1,0.1,XGBoost_grid_1_AutoML_5_20260603_203412_model_5,hour_lag1,3.4045862889289857
1,1,0.1,XGBoost_grid_1_AutoML_5_20260603_203412_model_5,day_of_week_lag1,0.40168708100914957
1,1,0.1,XGBoost_grid_1_AutoML_5_20260603_203412_model_5,month_lag1,0.3929178688675165
1,1,0.1,XGBoost_grid_1_AutoML_5_20260603_203412_model_5,trend_lag1,0.7414462492614985
1,1,0.1,XGBoost_grid_1_AutoML_5_20260603_203412_model_5,month_sin,0.14206360134528948
1,1,0.1,XGBoost_grid_1_AutoML_5_20260603_203412_model_5,month_cos,0.10073208294794309
1,1,0.1,XGBoost_grid_1_AutoML_5_20260603_203412_model_5,year,0.4038748021889478
1,1,0.1,XGBoost_1_AutoML_5_20260603_203412,target_lag1,35.10688868045807
1,1,0.1,XGBoost_1_AutoML_5_20260603_203412,target_lag2,23.011925199627875
1,1,0.1,XGBoost_1_AutoML_5_20260603_203412,target_lag3,1.362509250137955
1,1,0.1,XGBoost_1_AutoML_5_20260603_203412,target_lag4,0.837941780295223
1,1,0.1,XGBoost_1_AutoML_5_20260603_203412,target_lag5,0.8637318104505539
1,1,0.1,XGBoost_1_AutoML_5_20260603_203412,target_lag6,3.5013036645948885
1,1,0.1,XGBoost_1_AutoML_5_20260603_203412,hour_lag1,3.2265547525882723
1,1,0.1,XGBoost_1_AutoML_5_20260603_203412,day_of_week_lag1,0.474378168489784
1,1,0.1,XGBoost_1_AutoML_5_20260603_203412,month_lag1,0.44318198861554264
1,1,0.1,XGBoost_1_AutoML_5_20260603_203412,trend_lag1,1.0711856240034103
1,1,0.1,XGBoost_1_AutoML_5_20260603_203412,month_sin,0.22159203997813165
1,1,0.1,XGBoost_1_AutoML_5_20260603_203412,month_cos,0.20052160097286106
1,1,0.1,XGBoost_1_AutoML_5_20260603_203412,year,0.14781805128208358
1,1,0.2,GBM_4_AutoML_5_20260603_203412,target_lag1,47.218576607704165
1,1,0.2,GBM_4_AutoML_5_20260603_203412,target_lag2,6.283331446126104
1,1,0.2,GBM_4_AutoML_5_20260603_203412,target_lag3,3.7288077899813654
1,1,0.2,GBM_4_AutoML_5_20260603_203412,target_lag4,1.039942625761032
1,1,0.2,GBM_4_AutoML_5_20260603_203412,target_lag5,1.1690602980786935
1,1,0.2,GBM_4_AutoML_5_20260603_203412,target_lag6,2.675189140886068
1,1,0.2,GBM_4_AutoML_5_20260603_203412,hour_lag1,2.8986177259683608
1,1,0.2,GBM_4_AutoML_5_20260603_203412,day_of_week_lag1,0.24665049442090095
1,1,0.2,GBM_4_AutoML_5_20260603_203412,month_lag1,0.35038763225078584
1,1,0.2,GBM_4_AutoML_5_20260603_203412,trend_lag1,0.41404846831224856
1,1,0.2,GBM_4_AutoML_5_20260603_203412,month_sin,0.07560980340465899
1,1,0.2,GBM_4_AutoML_5_20260603_203412,month_cos,0.09834641180506874
1,1,0.2,GBM_4_AutoML_5_20260603_203412,year,0.1578139771888436
1,1,0.2,GBM_1_AutoML_5_20260603_203412,target_lag1,34.36318770170212
1,1,0.2,GBM_1_AutoML_5_20260603_203412,target_lag2,13.434794282913208
1,1,0.2,GBM_1_AutoML_5_20260603_203412,target_lag3,9.276912504434586
1,1,0.2,GBM_1_AutoML_5_20260603_203412,target_lag4,2.5158467537909748
1,1,0.2,GBM_1_AutoML_5_20260603_203412,target_lag5,0.8849484781734646
1,1,0.2,GBM_1_AutoML_5_20260603_203412,target_lag6,1.8536906027793885
1,1,0.2,GBM_1_AutoML_5_20260603_203412,hour_lag1,2.9012955435179175
1,1,0.2,GBM_1_AutoML_5_20260603_203412,day_of_week_lag1,0.2783816546853632
1,1,0.2,GBM_1_AutoML_5_20260603_203412,month_lag1,0.38832674597389993
1,1,0.2,GBM_1_AutoML_5_20260603_203412,trend_lag1,0.4058457359392196
1,1,0.2,GBM_1_AutoML_5_20260603_203412,month_sin,0.08444317847257476
1,1,0.2,GBM_1_AutoML_5_20260603_203412,month_cos,0.11323643811570942
1,1,0.2,GBM_1_AutoML_5_20260603_203412,year,0.16221637798473235
1,1,0.2,GBM_3_AutoML_5_20260603_203412,target_lag1,38.15033844947815
1,1,0.2,GBM_3_AutoML_5_20260603_203412,target_lag2,10.469794849157333
1,1,0.2,GBM_3_AutoML_5_20260603_203412,target_lag3,7.218902838230133
1,1,0.2,GBM_3_AutoML_5_20260603_203412,target_lag4,1.6718051782250405
1,1,0.2,GBM_3_AutoML_5_20260603_203412,target_lag5,2.159449701085687
1,1,0.2,GBM_3_AutoML_5_20260603_203412,target_lag6,2.7776493801968174
1,1,0.2,GBM_3_AutoML_5_20260603_203412,hour_lag1,2.8322870254516603
1,1,0.2,GBM_3_AutoML_5_20260603_203412,day_of_week_lag1,0.29685922733158804
1,1,0.2,GBM_3_AutoML_5_20260603_203412,month_lag1,0.3168510438688099
1,1,0.2,GBM_3_AutoML_5_20260603_203412,trend_lag1,0.39387184886727483
1,1,0.2,GBM_3_AutoML_5_20260603_203412,month_sin,0.043951516890083406
1,1,0.2,GBM_3_AutoML_5_20260603_203412,month_cos,0.05699009689015834
1,1,0.2,GBM_3_AutoML_5_20260603_203412,year,0.1636945706419647
1,1,0.2,GBM_2_AutoML_5_20260603_203412,target_lag1,43.77737289428711
1,1,0.2,GBM_2_AutoML_5_20260603_203412,target_lag2,8.354344646930695
1,1,0.2,GBM_2_AutoML_5_20260603_203412,target_lag3,3.638310964293778
1,1,0.2,GBM_2_AutoML_5_20260603_203412,target_lag4,2.3254214373230933
1,1,0.2,GBM_2_AutoML_5_20260603_203412,target_lag5,1.0632113512605428
1,1,0.2,GBM_2_AutoML_5_20260603_203412,target_lag6,2.8805580260138957
1,1,0.2,GBM_2_AutoML_5_20260603_203412,hour_lag1,2.7587892216444017
1,1,0.2,GBM_2_AutoML_5_20260603_203412,day_of_week_lag1,0.2547349243611097
1,1,0.2,GBM_2_AutoML_5_20260603_203412,month_lag1,0.3006163805350661
1,1,0.2,GBM_2_AutoML_5_20260603_203412,trend_lag1,0.18384267714805902
1,1,0.2,GBM_2_AutoML_5_20260603_203412,month_sin,0.03277525806566695
1,1,0.2,GBM_2_AutoML_5_20260603_203412,month_cos,0.06232674348924772
1,1,0.2,GBM_2_AutoML_5_20260603_203412,year,0.13805900128048956
1,1,0.2,GBM_5_AutoML_5_20260603_203412,target_lag1,44.00689789295197
1,1,0.2,GBM_5_AutoML_5_20260603_203412,target_lag2,8.372241180837154
1,1,0.2,GBM_5_AutoML_5_20260603_203412,target_lag3,4.676469705887139
1,1,0.2,GBM_5_AutoML_5_20260603_203412,target_lag4,2.064227970093489
1,1,0.2,GBM_5_AutoML_5_20260603_203412,target_lag5,1.8462162065133452
1,1,0.2,GBM_5_AutoML_5_20260603_203412,target_lag6,1.1974715648591518
1,1,0.2,GBM_5_AutoML_5_20260603_203412,hour_lag1,2.647007302641869
1,1,0.2,GBM_5_AutoML_5_20260603_203412,day_of_week_lag1,0.18841795275453477
1,1,0.2,GBM_5_AutoML_5_20260603_203412,month_lag1,0.24539279208285733
1,1,0.2,GBM_5_AutoML_5_20260603_203412,trend_lag1,0.2726955083664507
1,1,0.2,GBM_5_AutoML_5_20260603_203412,month_sin,0.10036645925603803
1,1,0.2,GBM_5_AutoML_5_20260603_203412,month_cos,0.027930616106586932
1,1,0.2,GBM_5_AutoML_5_20260603_203412,year,0.11976074832491573
1,1,0.2,DRF_1_AutoML_5_20260603_203412,target_lag1,23.524276537895204
1,1,0.2,DRF_1_AutoML_5_20260603_203412,target_lag2,11.121053772568702
1,1,0.2,DRF_1_AutoML_5_20260603_203412,target_lag3,8.370898977462202
1,1,0.2,DRF_1_AutoML_5_20260603_203412,target_lag4,7.101278383657336
1,1,0.2,DRF_1_AutoML_5_20260603_203412,target_lag5,5.685331822559237
1,1,0.2,DRF_1_AutoML_5_20260603_203412,target_lag6,2.350083990038838
1,1,0.2,DRF_1_AutoML_5_20260603_203412,hour_lag1,2.157254990041256
1,1,0.2,DRF_1_AutoML_5_20260603_203412,day_of_week_lag1,0.38165686186403036
1,1,0.2,DRF_1_AutoML_5_20260603_203412,month_lag1,0.21371357651427383
1,1,0.2,DRF_1_AutoML_5_20260603_203412,trend_lag1,0.49933182742446663
1,1,0.2,DRF_1_AutoML_5_20260603_203412,month_sin,0.10053941405727525
1,1,0.2,DRF_1_AutoML_5_20260603_203412,month_cos,0.09209734955056771
1,1,0.2,DRF_1_AutoML_5_20260603_203412,year,0.18425997532904148
1,1,0.2,XRT_1_AutoML_5_20260603_203412,target_lag1,121.57078018903732
1,1,0.2,XRT_1_AutoML_5_20260603_203412,target_lag2,101.20921430826188
1,1,0.2,XRT_1_AutoML_5_20260603_203412,target_lag3,43.33840216457844
1,1,0.2,XRT_1_AutoML_5_20260603_203412,target_lag4,5160069.7727761
1,1,0.2,XRT_1_AutoML_5_20260603_203412,target_lag5,66.6386700598523
1,1,0.2,XRT_1_AutoML_5_20260603_203412,target_lag6,975.9298257836699
1,1,0.2,XRT_1_AutoML_5_20260603_203412,hour_lag1,4553.884227175415
1,1,0.2,XRT_1_AutoML_5_20260603_203412,day_of_week_lag1,103.92245039910078
1,1,0.2,XRT_1_AutoML_5_20260603_203412,month_lag1,1657.708463274166
1,1,0.2,XRT_1_AutoML_5_20260603_203412,trend_lag1,29.44431467667222
1,1,0.2,XRT_1_AutoML_5_20260603_203412,month_sin,33.27632224921137
1,1,0.2,XRT_1_AutoML_5_20260603_203412,month_cos,17.68544185221195
1,1,0.2,XRT_1_AutoML_5_20260603_203412,year,133.2790177333355
1,1,0.2,GBM_grid_1_AutoML_5_20260603_203412_model_1,target_lag1,23.056237890124322
1,1,0.2,GBM_grid_1_AutoML_5_20260603_203412_model_1,target_lag2,8.579141348004342
1,1,0.2,GBM_grid_1_AutoML_5_20260603_203412_model_1,target_lag3,8.572823405265808
1,1,0.2,GBM_grid_1_AutoML_5_20260603_203412_model_1,target_lag4,9.29311883211136
1,1,0.2,GBM_grid_1_AutoML_5_20260603_203412_model_1,target_lag5,7.585521427094936
1,1,0.2,GBM_grid_1_AutoML_5_20260603_203412_model_1,target_lag6,4.067513805404306
1,1,0.2,GBM_grid_1_AutoML_5_20260603_203412_model_1,hour_lag1,2.610734374523163
1,1,0.2,GBM_grid_1_AutoML_5_20260603_203412_model_1,day_of_week_lag1,0.451191879932303
1,1,0.2,GBM_grid_1_AutoML_5_20260603_203412_model_1,month_lag1,0.6930636832118034
1,1,0.2,GBM_grid_1_AutoML_5_20260603_203412_model_1,trend_lag1,0.5089840010926128
1,1,0.2,GBM_grid_1_AutoML_5_20260603_203412_model_1,month_sin,0.14142940502148119
1,1,0.2,GBM_grid_1_AutoML_5_20260603_203412_model_1,month_cos,0.12718625822686586
1,1,0.2,GBM_grid_1_AutoML_5_20260603_203412_model_1,year,0.22868130936287343
1,1,0.2,XGBoost_2_AutoML_5_20260603_203412,target_lag1,44.631913318634034
1,1,0.2,XGBoost_2_AutoML_5_20260603_203412,target_lag2,11.670149674415589
1,1,0.2,XGBoost_2_AutoML_5_20260603_203412,target_lag3,1.916351698935032
1,1,0.2,XGBoost_2_AutoML_5_20260603_203412,target_lag4,0.5762531313672662
1,1,0.2,XGBoost_2_AutoML_5_20260603_203412,target_lag5,2.223653022646904
1,1,0.2,XGBoost_2_AutoML_5_20260603_203412,target_lag6,3.8216969659924507
1,1,0.2,XGBoost_2_AutoML_5_20260603_203412,hour_lag1,3.2072512072324755
1,1,0.2,XGBoost_2_AutoML_5_20260603_203412,day_of_week_lag1,0.305705061564222
1,1,0.2,XGBoost_2_AutoML_5_20260603_203412,month_lag1,0.3501465192437172
1,1,0.2,XGBoost_2_AutoML_5_20260603_203412,trend_lag1,0.40540649130009115
1,1,0.2,XGBoost_2_AutoML_5_20260603_203412,month_sin,0.14476922273373924
1,1,0.2,XGBoost_2_AutoML_5_20260603_203412,month_cos,0.07481322377454486
1,1,0.2,XGBoost_2_AutoML_5_20260603_203412,year,0.3764528452046216
1,1,0.2,GBM_grid_1_AutoML_5_20260603_203412_model_2,target_lag1,43.08697012901306
1,1,0.2,GBM_grid_1_AutoML_5_20260603_203412_model_2,target_lag2,12.646425576210023
1,1,0.2,GBM_grid_1_AutoML_5_20260603_203412_model_2,target_lag3,2.9433631894737484
1,1,0.2,GBM_grid_1_AutoML_5_20260603_203412_model_2,target_lag4,0.7045275127887726
1,1,0.2,GBM_grid_1_AutoML_5_20260603_203412_model_2,target_lag5,1.92933840919286
1,1,0.2,GBM_grid_1_AutoML_5_20260603_203412_model_2,target_lag6,2.5858448358811437
1,1,0.2,GBM_grid_1_AutoML_5_20260603_203412_model_2,hour_lag1,2.3933083122968672
1,1,0.2,GBM_grid_1_AutoML_5_20260603_203412_model_2,day_of_week_lag1,0.08980837764684103
1,1,0.2,GBM_grid_1_AutoML_5_20260603_203412_model_2,month_lag1,0.15288385365158316
1,1,0.2,GBM_grid_1_AutoML_5_20260603_203412_model_2,trend_lag1,0.10088656734675165
1,1,0.2,GBM_grid_1_AutoML_5_20260603_203412_model_2,month_sin,0.00037671753994800383
1,1,0.2,GBM_grid_1_AutoML_5_20260603_203412_model_2,month_cos,0.009172364700643799
1,1,0.2,GBM_grid_1_AutoML_5_20260603_203412_model_2,year,0.053288570195436445
1,1,0.2,XGBoost_grid_1_AutoML_5_20260603_203412_model_1,target_lag1,25.62056973338127
1,1,0.2,XGBoost_grid_1_AutoML_5_20260603_203412_model_1,target_lag2,28.63907485961914
1,1,0.2,XGBoost_grid_1_AutoML_5_20260603_203412_model_1,target_lag3,1.7172105582489166
1,1,0.2,XGBoost_grid_1_AutoML_5_20260603_203412_model_1,target_lag4,0.32996091088280083
1,1,0.2,XGBoost_grid_1_AutoML_5_20260603_203412_model_1,target_lag5,4.006111565530301
1,1,0.2,XGBoost_grid_1_AutoML_5_20260603_203412_model_1,target_lag6,2.6299872457329183
1,1,0.2,XGBoost_grid_1_AutoML_5_20260603_203412_model_1,hour_lag1,3.155618204176426
1,1,0.2,XGBoost_grid_1_AutoML_5_20260603_203412_model_1,day_of_week_lag1,0.3557674303650856
1,1,0.2,XGBoost_grid_1_AutoML_5_20260603_203412_model_1,month_lag1,0.25953234123997393
1,1,0.2,XGBoost_grid_1_AutoML_5_20260603_203412_model_1,trend_lag1,0.7579292310215533
1,1,0.2,XGBoost_grid_1_AutoML_5_20260603_203412_model_1,month_sin,0.08588508525863287
1,1,0.2,XGBoost_grid_1_AutoML_5_20260603_203412_model_1,month_cos,0.1395227467475342
1,1,0.2,XGBoost_grid_1_AutoML_5_20260603_203412_model_1,year,0.2737438670871779
1,1,0.2,XGBoost_grid_1_AutoML_5_20260603_203412_model_6,target_lag1,32.61118337154389
1,1,0.2,XGBoost_grid_1_AutoML_5_20260603_203412_model_6,target_lag2,7.053503904938697
1,1,0.2,XGBoost_grid_1_AutoML_5_20260603_203412_model_6,target_lag3,5.760177521705628
1,1,0.2,XGBoost_grid_1_AutoML_5_20260603_203412_model_6,target_lag4,13.090602608919143
1,1,0.2,XGBoost_grid_1_AutoML_5_20260603_203412_model_6,target_lag5,1.7890883155167103
1,1,0.2,XGBoost_grid_1_AutoML_5_20260603_203412_model_6,target_lag6,3.3749956393567846
1,1,0.2,XGBoost_grid_1_AutoML_5_20260603_203412_model_6,hour_lag1,3.320595192015171
1,1,0.2,XGBoost_grid_1_AutoML_5_20260603_203412_model_6,day_of_week_lag1,0.3211460266634822
1,1,0.2,XGBoost_grid_1_AutoML_5_20260603_203412_model_6,month_lag1,0.4412618880346417
1,1,0.2,XGBoost_grid_1_AutoML_5_20260603_203412_model_6,trend_lag1,0.7146178912557661
1,1,0.2,XGBoost_grid_1_AutoML_5_20260603_203412_model_6,month_sin,0.07629427159437906
1,1,0.2,XGBoost_grid_1_AutoML_5_20260603_203412_model_6,month_cos,0.1353268177900463
1,1,0.2,XGBoost_grid_1_AutoML_5_20260603_203412_model_6,year,0.15706450732890512
1,1,0.2,XGBoost_grid_1_AutoML_5_20260603_203412_model_3,target_lag1,55.281070728302005
1,1,0.2,XGBoost_grid_1_AutoML_5_20260603_203412_model_3,target_lag2,1.0479539642389863
1,1,0.2,XGBoost_grid_1_AutoML_5_20260603_203412_model_3,target_lag3,1.748698751926422
1,1,0.2,XGBoost_grid_1_AutoML_5_20260603_203412_model_3,target_lag4,1.316645889636129
1,1,0.2,XGBoost_grid_1_AutoML_5_20260603_203412_model_3,target_lag5,0.8640552337933332
1,1,0.2,XGBoost_grid_1_AutoML_5_20260603_203412_model_3,target_lag6,4.429800211861729
1,1,0.2,XGBoost_grid_1_AutoML_5_20260603_203412_model_3,hour_lag1,3.274974286556244
1,1,0.2,XGBoost_grid_1_AutoML_5_20260603_203412_model_3,day_of_week_lag1,0.23949900017585604
1,1,0.2,XGBoost_grid_1_AutoML_5_20260603_203412_model_3,month_lag1,0.33969250877387824
1,1,0.2,XGBoost_grid_1_AutoML_5_20260603_203412_model_3,trend_lag1,0.7110121246613562
1,1,0.2,XGBoost_grid_1_AutoML_5_20260603_203412_model_3,month_sin,0.03352177722612392
1,1,0.2,XGBoost_grid_1_AutoML_5_20260603_203412_model_3,month_cos,0.01458723796764385
1,1,0.2,XGBoost_grid_1_AutoML_5_20260603_203412_model_3,year,0.0
1,1,0.2,GBM_grid_1_AutoML_5_20260603_203412_model_3,target_lag1,21.119468473792075
1,1,0.2,GBM_grid_1_AutoML_5_20260603_203412_model_3,target_lag2,17.577417722940446
1,1,0.2,GBM_grid_1_AutoML_5_20260603_203412_model_3,target_lag3,4.378510510921478
1,1,0.2,GBM_grid_1_AutoML_5_20260603_203412_model_3,target_lag4,5.19926683075726
1,1,0.2,GBM_grid_1_AutoML_5_20260603_203412_model_3,target_lag5,5.128283065333963
1,1,0.2,GBM_grid_1_AutoML_5_20260603_203412_model_3,target_lag6,6.57381105184555
1,1,0.2,GBM_grid_1_AutoML_5_20260603_203412_model_3,hour_lag1,2.858992501497269
1,1,0.2,GBM_grid_1_AutoML_5_20260603_203412_model_3,day_of_week_lag1,0.7318488257378339
1,1,0.2,GBM_grid_1_AutoML_5_20260603_203412_model_3,month_lag1,0.2443731472082436
1,1,0.2,GBM_grid_1_AutoML_5_20260603_203412_model_3,trend_lag1,0.34337549486837815
1,1,0.2,GBM_grid_1_AutoML_5_20260603_203412_model_3,month_sin,0.05354665411170568
1,1,0.2,GBM_grid_1_AutoML_5_20260603_203412_model_3,month_cos,0.04095432223519307
1,1,0.2,GBM_grid_1_AutoML_5_20260603_203412_model_3,year,0.19208897863049057
1,1,0.2,XGBoost_grid_1_AutoML_5_20260603_203412_model_4,target_lag1,57.19402822494507
1,1,0.2,XGBoost_grid_1_AutoML_5_20260603_203412_model_4,target_lag2,1.48001253336668
1,1,0.2,XGBoost_grid_1_AutoML_5_20260603_203412_model_4,target_lag3,1.1924721252173185
1,1,0.2,XGBoost_grid_1_AutoML_5_20260603_203412_model_4,target_lag4,0.8424749371781945
1,1,0.2,XGBoost_grid_1_AutoML_5_20260603_203412_model_4,target_lag5,1.2821896405890585
1,1,0.2,XGBoost_grid_1_AutoML_5_20260603_203412_model_4,target_lag6,3.320569722652435
1,1,0.2,XGBoost_grid_1_AutoML_5_20260603_203412_model_4,hour_lag1,3.406192805171013
1,1,0.2,XGBoost_grid_1_AutoML_5_20260603_203412_model_4,day_of_week_lag1,0.32988107576966286
1,1,0.2,XGBoost_grid_1_AutoML_5_20260603_203412_model_4,month_lag1,0.4355504148453474
1,1,0.2,XGBoost_grid_1_AutoML_5_20260603_203412_model_4,trend_lag1,0.8357985956966877
1,1,0.2,XGBoost_grid_1_AutoML_5_20260603_203412_model_4,month_sin,0.0929769142750592
1,1,0.2,XGBoost_grid_1_AutoML_5_20260603_203412_model_4,month_cos,0.07461240295786407
1,1,0.2,XGBoost_grid_1_AutoML_5_20260603_203412_model_4,year,0.2803373945876956
1,1,0.2,XGBoost_3_AutoML_5_20260603_203412,target_lag1,52.35238100349903
1,1,0.2,XGBoost_3_AutoML_5_20260603_203412,target_lag2,3.097009519636631
1,1,0.2,XGBoost_3_AutoML_5_20260603_203412,target_lag3,1.446677915453911
1,1,0.2,XGBoost_3_AutoML_5_20260603_203412,target_lag4,0.8968865155056119
1,1,0.2,XGBoost_3_AutoML_5_20260603_203412,target_lag5,2.823525737673044
1,1,0.2,XGBoost_3_AutoML_5_20260603_203412,target_lag6,4.952980729341507
1,1,0.2,XGBoost_3_AutoML_5_20260603_203412,hour_lag1,3.097389123737812
1,1,0.2,XGBoost_3_AutoML_5_20260603_203412,day_of_week_lag1,0.2454563956335187
1,1,0.2,XGBoost_3_AutoML_5_20260603_203412,month_lag1,0.38701586705283264
1,1,0.2,XGBoost_3_AutoML_5_20260603_203412,trend_lag1,0.4616046645026654
1,1,0.2,XGBoost_3_AutoML_5_20260603_203412,month_sin,0.023827419001609042
1,1,0.2,XGBoost_3_AutoML_5_20260603_203412,month_cos,0.17444597415626045
1,1,0.2,XGBoost_3_AutoML_5_20260603_203412,year,0.24360387787222862
1,1,0.2,XGBoost_grid_1_AutoML_5_20260603_203412_model_2,target_lag1,32.62663298606873
1,1,0.2,XGBoost_grid_1_AutoML_5_20260603_203412_model_2,target_lag2,11.440481394827366
1,1,0.2,XGBoost_grid_1_AutoML_5_20260603_203412_model_2,target_lag3,9.582986177802086
1,1,0.2,XGBoost_grid_1_AutoML_5_20260603_203412_model_2,target_lag4,5.108488681316376
1,1,0.2,XGBoost_grid_1_AutoML_5_20260603_203412_model_2,target_lag5,1.0792976441979407
1,1,0.2,XGBoost_grid_1_AutoML_5_20260603_203412_model_2,target_lag6,2.3900779464433435
1,1,0.2,XGBoost_grid_1_AutoML_5_20260603_203412_model_2,hour_lag1,3.264008481502533
1,1,0.2,XGBoost_grid_1_AutoML_5_20260603_203412_model_2,day_of_week_lag1,0.3201942125800997
1,1,0.2,XGBoost_grid_1_AutoML_5_20260603_203412_model_2,month_lag1,0.3090921388566494
1,1,0.2,XGBoost_grid_1_AutoML_5_20260603_203412_model_2,trend_lag1,1.5500548207759857
1,1,0.2,XGBoost_grid_1_AutoML_5_20260603_203412_model_2,month_sin,0.15277849463047458
1,1,0.2,XGBoost_grid_1_AutoML_5_20260603_203412_model_2,month_cos,0.11902401720115446
1,1,0.2,XGBoost_grid_1_AutoML_5_20260603_203412_model_2,year,0.1439714734640438
1,1,0.2,XGBoost_grid_1_AutoML_5_20260603_203412_model_5,target_lag1,22.621741257309914
1,1,0.2,XGBoost_grid_1_AutoML_5_20260603_203412_model_5,target_lag2,31.898359212875366
1,1,0.2,XGBoost_grid_1_AutoML_5_20260603_203412_model_5,target_lag3,4.037589412927628
1,1,0.2,XGBoost_grid_1_AutoML_5_20260603_203412_model_5,target_lag4,1.7424804550409316
1,1,0.2,XGBoost_grid_1_AutoML_5_20260603_203412_model_5,target_lag5,0.8986351129412651
1,1,0.2,XGBoost_grid_1_AutoML_5_20260603_203412_model_5,target_lag6,4.311815821528435
1,1,0.2,XGBoost_grid_1_AutoML_5_20260603_203412_model_5,hour_lag1,3.4045862889289857
1,1,0.2,XGBoost_grid_1_AutoML_5_20260603_203412_model_5,day_of_week_lag1,0.40168708100914957
1,1,0.2,XGBoost_grid_1_AutoML_5_20260603_203412_model_5,month_lag1,0.3929178688675165
1,1,0.2,XGBoost_grid_1_AutoML_5_20260603_203412_model_5,trend_lag1,0.7414462492614985
1,1,0.2,XGBoost_grid_1_AutoML_5_20260603_203412_model_5,month_sin,0.14206360134528948
1,1,0.2,XGBoost_grid_1_AutoML_5_20260603_203412_model_5,month_cos,0.10073208294794309
1,1,0.2,XGBoost_grid_1_AutoML_5_20260603_203412_model_5,year,0.4038748021889478
1,1,0.2,XGBoost_1_AutoML_5_20260603_203412,target_lag1,35.10688868045807
1,1,0.2,XGBoost_1_AutoML_5_20260603_203412,target_lag2,23.011925199627875
1,1,0.2,XGBoost_1_AutoML_5_20260603_203412,target_lag3,1.362509250137955
1,1,0.2,XGBoost_1_AutoML_5_20260603_203412,target_lag4,0.837941780295223
1,1,0.2,XGBoost_1_AutoML_5_20260603_203412,target_lag5,0.8637318104505539
1,1,0.2,XGBoost_1_AutoML_5_20260603_203412,target_lag6,3.5013036645948885
1,1,0.2,XGBoost_1_AutoML_5_20260603_203412,hour_lag1,3.2265547525882723
1,1,0.2,XGBoost_1_AutoML_5_20260603_203412,day_of_week_lag1,0.474378168489784
1,1,0.2,XGBoost_1_AutoML_5_20260603_203412,month_lag1,0.44318198861554264
1,1,0.2,XGBoost_1_AutoML_5_20260603_203412,trend_lag1,1.0711856240034103
1,1,0.2,XGBoost_1_AutoML_5_20260603_203412,month_sin,0.22159203997813165
1,1,0.2,XGBoost_1_AutoML_5_20260603_203412,month_cos,0.20052160097286106
1,1,0.2,XGBoost_1_AutoML_5_20260603_203412,year,0.14781805128208358
1,1,0.2,GLM_1_AutoML_5_20260603_203412,target_lag1,40.71259883809159
1,1,0.2,GLM_1_AutoML_5_20260603_203412,target_lag2,13.830077931141105
1,1,0.2,GLM_1_AutoML_5_20260603_203412,target_lag3,4.635879384433235
1,1,0.2,GLM_1_AutoML_5_20260603_203412,target_lag4,0.8877163542980777
1,1,0.2,GLM_1_AutoML_5_20260603_203412,target_lag5,0.8664492353670715
1,1,0.2,GLM_1_AutoML_5_20260603_203412,target_lag6,2.166162392949518
1,1,0.2,GLM_1_AutoML_5_20260603_203412,hour_lag1,0.055828367375621656
1,1,0.2,GLM_1_AutoML_5_20260603_203412,day_of_week_lag1,0.05804304849742035
1,1,0.2,GLM_1_AutoML_5_20260603_203412,month_lag1,0.008380175307188348
1,1,0.2,GLM_1_AutoML_5_20260603_203412,trend_lag1,0.1470700639008632
1,1,0.2,GLM_1_AutoML_5_20260603_203412,month_sin,0.011285074133437656
1,1,0.2,GLM_1_AutoML_5_20260603_203412,month_cos,0.0035559648442937903
1,1,0.2,GLM_1_AutoML_5_20260603_203412,year,0.18464048100861558
1,1,0.3,GBM_4_AutoML_5_20260603_203412,target_lag1,47.218576607704165
1,1,0.3,GBM_4_AutoML_5_20260603_203412,target_lag2,6.283331446126104
1,1,0.3,GBM_4_AutoML_5_20260603_203412,target_lag3,3.7288077899813654
1,1,0.3,GBM_4_AutoML_5_20260603_203412,target_lag4,1.039942625761032
1,1,0.3,GBM_4_AutoML_5_20260603_203412,target_lag5,1.1690602980786935
1,1,0.3,GBM_4_AutoML_5_20260603_203412,target_lag6,2.675189140886068
1,1,0.3,GBM_4_AutoML_5_20260603_203412,hour_lag1,2.8986177259683608
1,1,0.3,GBM_4_AutoML_5_20260603_203412,day_of_week_lag1,0.24665049442090095
1,1,0.3,GBM_4_AutoML_5_20260603_203412,month_lag1,0.35038763225078584
1,1,0.3,GBM_4_AutoML_5_20260603_203412,trend_lag1,0.41404846831224856
1,1,0.3,GBM_4_AutoML_5_20260603_203412,month_sin,0.07560980340465899
1,1,0.3,GBM_4_AutoML_5_20260603_203412,month_cos,0.09834641180506874
1,1,0.3,GBM_4_AutoML_5_20260603_203412,year,0.1578139771888436
1,1,0.3,GBM_1_AutoML_5_20260603_203412,target_lag1,34.36318770170212
1,1,0.3,GBM_1_AutoML_5_20260603_203412,target_lag2,13.434794282913208
1,1,0.3,GBM_1_AutoML_5_20260603_203412,target_lag3,9.276912504434586
1,1,0.3,GBM_1_AutoML_5_20260603_203412,target_lag4,2.5158467537909748
1,1,0.3,GBM_1_AutoML_5_20260603_203412,target_lag5,0.8849484781734646
1,1,0.3,GBM_1_AutoML_5_20260603_203412,target_lag6,1.8536906027793885
1,1,0.3,GBM_1_AutoML_5_20260603_203412,hour_lag1,2.9012955435179175
1,1,0.3,GBM_1_AutoML_5_20260603_203412,day_of_week_lag1,0.2783816546853632
1,1,0.3,GBM_1_AutoML_5_20260603_203412,month_lag1,0.38832674597389993
1,1,0.3,GBM_1_AutoML_5_20260603_203412,trend_lag1,0.4058457359392196
1,1,0.3,GBM_1_AutoML_5_20260603_203412,month_sin,0.08444317847257476
1,1,0.3,GBM_1_AutoML_5_20260603_203412,month_cos,0.11323643811570942
1,1,0.3,GBM_1_AutoML_5_20260603_203412,year,0.16221637798473235
1,1,0.3,GBM_3_AutoML_5_20260603_203412,target_lag1,38.15033844947815
1,1,0.3,GBM_3_AutoML_5_20260603_203412,target_lag2,10.469794849157333
1,1,0.3,GBM_3_AutoML_5_20260603_203412,target_lag3,7.218902838230133
1,1,0.3,GBM_3_AutoML_5_20260603_203412,target_lag4,1.6718051782250405
1,1,0.3,GBM_3_AutoML_5_20260603_203412,target_lag5,2.159449701085687
1,1,0.3,GBM_3_AutoML_5_20260603_203412,target_lag6,2.7776493801968174
1,1,0.3,GBM_3_AutoML_5_20260603_203412,hour_lag1,2.8322870254516603
1,1,0.3,GBM_3_AutoML_5_20260603_203412,day_of_week_lag1,0.29685922733158804
1,1,0.3,GBM_3_AutoML_5_20260603_203412,month_lag1,0.3168510438688099
1,1,0.3,GBM_3_AutoML_5_20260603_203412,trend_lag1,0.39387184886727483
1,1,0.3,GBM_3_AutoML_5_20260603_203412,month_sin,0.043951516890083406
1,1,0.3,GBM_3_AutoML_5_20260603_203412,month_cos,0.05699009689015834
1,1,0.3,GBM_3_AutoML_5_20260603_203412,year,0.1636945706419647
1,1,0.3,GBM_2_AutoML_5_20260603_203412,target_lag1,43.77737289428711
1,1,0.3,GBM_2_AutoML_5_20260603_203412,target_lag2,8.354344646930695
1,1,0.3,GBM_2_AutoML_5_20260603_203412,target_lag3,3.638310964293778
1,1,0.3,GBM_2_AutoML_5_20260603_203412,target_lag4,2.3254214373230933
1,1,0.3,GBM_2_AutoML_5_20260603_203412,target_lag5,1.0632113512605428
1,1,0.3,GBM_2_AutoML_5_20260603_203412,target_lag6,2.8805580260138957
1,1,0.3,GBM_2_AutoML_5_20260603_203412,hour_lag1,2.7587892216444017
1,1,0.3,GBM_2_AutoML_5_20260603_203412,day_of_week_lag1,0.2547349243611097
1,1,0.3,GBM_2_AutoML_5_20260603_203412,month_lag1,0.3006163805350661
1,1,0.3,GBM_2_AutoML_5_20260603_203412,trend_lag1,0.18384267714805902
1,1,0.3,GBM_2_AutoML_5_20260603_203412,month_sin,0.03277525806566695
1,1,0.3,GBM_2_AutoML_5_20260603_203412,month_cos,0.06232674348924772
1,1,0.3,GBM_2_AutoML_5_20260603_203412,year,0.13805900128048956
1,1,0.3,GBM_5_AutoML_5_20260603_203412,target_lag1,44.00689789295197
1,1,0.3,GBM_5_AutoML_5_20260603_203412,target_lag2,8.372241180837154
1,1,0.3,GBM_5_AutoML_5_20260603_203412,target_lag3,4.676469705887139
1,1,0.3,GBM_5_AutoML_5_20260603_203412,target_lag4,2.064227970093489
1,1,0.3,GBM_5_AutoML_5_20260603_203412,target_lag5,1.8462162065133452
1,1,0.3,GBM_5_AutoML_5_20260603_203412,target_lag6,1.1974715648591518
1,1,0.3,GBM_5_AutoML_5_20260603_203412,hour_lag1,2.647007302641869
1,1,0.3,GBM_5_AutoML_5_20260603_203412,day_of_week_lag1,0.18841795275453477
1,1,0.3,GBM_5_AutoML_5_20260603_203412,month_lag1,0.24539279208285733
1,1,0.3,GBM_5_AutoML_5_20260603_203412,trend_lag1,0.2726955083664507
1,1,0.3,GBM_5_AutoML_5_20260603_203412,month_sin,0.10036645925603803
1,1,0.3,GBM_5_AutoML_5_20260603_203412,month_cos,0.027930616106586932
1,1,0.3,GBM_5_AutoML_5_20260603_203412,year,0.11976074832491573
1,1,0.3,DRF_1_AutoML_5_20260603_203412,target_lag1,23.524276537895204
1,1,0.3,DRF_1_AutoML_5_20260603_203412,target_lag2,11.121053772568702
1,1,0.3,DRF_1_AutoML_5_20260603_203412,target_lag3,8.370898977462202
1,1,0.3,DRF_1_AutoML_5_20260603_203412,target_lag4,7.101278383657336
1,1,0.3,DRF_1_AutoML_5_20260603_203412,target_lag5,5.685331822559237
1,1,0.3,DRF_1_AutoML_5_20260603_203412,target_lag6,2.350083990038838
1,1,0.3,DRF_1_AutoML_5_20260603_203412,hour_lag1,2.157254990041256
1,1,0.3,DRF_1_AutoML_5_20260603_203412,day_of_week_lag1,0.38165686186403036
1,1,0.3,DRF_1_AutoML_5_20260603_203412,month_lag1,0.21371357651427383
1,1,0.3,DRF_1_AutoML_5_20260603_203412,trend_lag1,0.49933182742446663
1,1,0.3,DRF_1_AutoML_5_20260603_203412,month_sin,0.10053941405727525
1,1,0.3,DRF_1_AutoML_5_20260603_203412,month_cos,0.09209734955056771
1,1,0.3,DRF_1_AutoML_5_20260603_203412,year,0.18425997532904148
1,1,0.3,XRT_1_AutoML_5_20260603_203412,target_lag1,121.57078018903732
1,1,0.3,XRT_1_AutoML_5_20260603_203412,target_lag2,101.20921430826188
1,1,0.3,XRT_1_AutoML_5_20260603_203412,target_lag3,43.33840216457844
1,1,0.3,XRT_1_AutoML_5_20260603_203412,target_lag4,5160069.7727761
1,1,0.3,XRT_1_AutoML_5_20260603_203412,target_lag5,66.6386700598523
1,1,0.3,XRT_1_AutoML_5_20260603_203412,target_lag6,975.9298257836699
1,1,0.3,XRT_1_AutoML_5_20260603_203412,hour_lag1,4553.884227175415
1,1,0.3,XRT_1_AutoML_5_20260603_203412,day_of_week_lag1,103.92245039910078
1,1,0.3,XRT_1_AutoML_5_20260603_203412,month_lag1,1657.708463274166
1,1,0.3,XRT_1_AutoML_5_20260603_203412,trend_lag1,29.44431467667222
1,1,0.3,XRT_1_AutoML_5_20260603_203412,month_sin,33.27632224921137
1,1,0.3,XRT_1_AutoML_5_20260603_203412,month_cos,17.68544185221195
1,1,0.3,XRT_1_AutoML_5_20260603_203412,year,133.2790177333355
1,1,0.3,GBM_grid_1_AutoML_5_20260603_203412_model_1,target_lag1,23.056237890124322
1,1,0.3,GBM_grid_1_AutoML_5_20260603_203412_model_1,target_lag2,8.579141348004342
1,1,0.3,GBM_grid_1_AutoML_5_20260603_203412_model_1,target_lag3,8.572823405265808
1,1,0.3,GBM_grid_1_AutoML_5_20260603_203412_model_1,target_lag4,9.29311883211136
1,1,0.3,GBM_grid_1_AutoML_5_20260603_203412_model_1,target_lag5,7.585521427094936
1,1,0.3,GBM_grid_1_AutoML_5_20260603_203412_model_1,target_lag6,4.067513805404306
1,1,0.3,GBM_grid_1_AutoML_5_20260603_203412_model_1,hour_lag1,2.610734374523163
1,1,0.3,GBM_grid_1_AutoML_5_20260603_203412_model_1,day_of_week_lag1,0.451191879932303
1,1,0.3,GBM_grid_1_AutoML_5_20260603_203412_model_1,month_lag1,0.6930636832118034
1,1,0.3,GBM_grid_1_AutoML_5_20260603_203412_model_1,trend_lag1,0.5089840010926128
1,1,0.3,GBM_grid_1_AutoML_5_20260603_203412_model_1,month_sin,0.14142940502148119
1,1,0.3,GBM_grid_1_AutoML_5_20260603_203412_model_1,month_cos,0.12718625822686586
1,1,0.3,GBM_grid_1_AutoML_5_20260603_203412_model_1,year,0.22868130936287343
1,1,0.3,XGBoost_2_AutoML_5_20260603_203412,target_lag1,44.631913318634034
1,1,0.3,XGBoost_2_AutoML_5_20260603_203412,target_lag2,11.670149674415589
1,1,0.3,XGBoost_2_AutoML_5_20260603_203412,target_lag3,1.916351698935032
1,1,0.3,XGBoost_2_AutoML_5_20260603_203412,target_lag4,0.5762531313672662
1,1,0.3,XGBoost_2_AutoML_5_20260603_203412,target_lag5,2.223653022646904
1,1,0.3,XGBoost_2_AutoML_5_20260603_203412,target_lag6,3.8216969659924507
1,1,0.3,XGBoost_2_AutoML_5_20260603_203412,hour_lag1,3.2072512072324755
1,1,0.3,XGBoost_2_AutoML_5_20260603_203412,day_of_week_lag1,0.305705061564222
1,1,0.3,XGBoost_2_AutoML_5_20260603_203412,month_lag1,0.3501465192437172
1,1,0.3,XGBoost_2_AutoML_5_20260603_203412,trend_lag1,0.40540649130009115
1,1,0.3,XGBoost_2_AutoML_5_20260603_203412,month_sin,0.14476922273373924
1,1,0.3,XGBoost_2_AutoML_5_20260603_203412,month_cos,0.07481322377454486
1,1,0.3,XGBoost_2_AutoML_5_20260603_203412,year,0.3764528452046216
1,1,0.3,GBM_grid_1_AutoML_5_20260603_203412_model_2,target_lag1,43.08697012901306
1,1,0.3,GBM_grid_1_AutoML_5_20260603_203412_model_2,target_lag2,12.646425576210023
1,1,0.3,GBM_grid_1_AutoML_5_20260603_203412_model_2,target_lag3,2.9433631894737484
1,1,0.3,GBM_grid_1_AutoML_5_20260603_203412_model_2,target_lag4,0.7045275127887726
1,1,0.3,GBM_grid_1_AutoML_5_20260603_203412_model_2,target_lag5,1.92933840919286
1,1,0.3,GBM_grid_1_AutoML_5_20260603_203412_model_2,target_lag6,2.5858448358811437
1,1,0.3,GBM_grid_1_AutoML_5_20260603_203412_model_2,hour_lag1,2.3933083122968672
1,1,0.3,GBM_grid_1_AutoML_5_20260603_203412_model_2,day_of_week_lag1,0.08980837764684103
1,1,0.3,GBM_grid_1_AutoML_5_20260603_203412_model_2,month_lag1,0.15288385365158316
1,1,0.3,GBM_grid_1_AutoML_5_20260603_203412_model_2,trend_lag1,0.10088656734675165
1,1,0.3,GBM_grid_1_AutoML_5_20260603_203412_model_2,month_sin,0.00037671753994800383
1,1,0.3,GBM_grid_1_AutoML_5_20260603_203412_model_2,month_cos,0.009172364700643799
1,1,0.3,GBM_grid_1_AutoML_5_20260603_203412_model_2,year,0.053288570195436445
1,1,0.3,XGBoost_grid_1_AutoML_5_20260603_203412_model_1,target_lag1,25.62056973338127
1,1,0.3,XGBoost_grid_1_AutoML_5_20260603_203412_model_1,target_lag2,28.63907485961914
1,1,0.3,XGBoost_grid_1_AutoML_5_20260603_203412_model_1,target_lag3,1.7172105582489166
1,1,0.3,XGBoost_grid_1_AutoML_5_20260603_203412_model_1,target_lag4,0.32996091088280083
1,1,0.3,XGBoost_grid_1_AutoML_5_20260603_203412_model_1,target_lag5,4.006111565530301
1,1,0.3,XGBoost_grid_1_AutoML_5_20260603_203412_model_1,target_lag6,2.6299872457329183
1,1,0.3,XGBoost_grid_1_AutoML_5_20260603_203412_model_1,hour_lag1,3.155618204176426
1,1,0.3,XGBoost_grid_1_AutoML_5_20260603_203412_model_1,day_of_week_lag1,0.3557674303650856
1,1,0.3,XGBoost_grid_1_AutoML_5_20260603_203412_model_1,month_lag1,0.25953234123997393
1,1,0.3,XGBoost_grid_1_AutoML_5_20260603_203412_model_1,trend_lag1,0.7579292310215533
1,1,0.3,XGBoost_grid_1_AutoML_5_20260603_203412_model_1,month_sin,0.08588508525863287
1,1,0.3,XGBoost_grid_1_AutoML_5_20260603_203412_model_1,month_cos,0.1395227467475342
1,1,0.3,XGBoost_grid_1_AutoML_5_20260603_203412_model_1,year,0.2737438670871779
1,1,0.3,XGBoost_grid_1_AutoML_5_20260603_203412_model_6,target_lag1,32.61118337154389
1,1,0.3,XGBoost_grid_1_AutoML_5_20260603_203412_model_6,target_lag2,7.053503904938697
1,1,0.3,XGBoost_grid_1_AutoML_5_20260603_203412_model_6,target_lag3,5.760177521705628
1,1,0.3,XGBoost_grid_1_AutoML_5_20260603_203412_model_6,target_lag4,13.090602608919143
1,1,0.3,XGBoost_grid_1_AutoML_5_20260603_203412_model_6,target_lag5,1.7890883155167103
1,1,0.3,XGBoost_grid_1_AutoML_5_20260603_203412_model_6,target_lag6,3.3749956393567846
1,1,0.3,XGBoost_grid_1_AutoML_5_20260603_203412_model_6,hour_lag1,3.320595192015171
1,1,0.3,XGBoost_grid_1_AutoML_5_20260603_203412_model_6,day_of_week_lag1,0.3211460266634822
1,1,0.3,XGBoost_grid_1_AutoML_5_20260603_203412_model_6,month_lag1,0.4412618880346417
1,1,0.3,XGBoost_grid_1_AutoML_5_20260603_203412_model_6,trend_lag1,0.7146178912557661
1,1,0.3,XGBoost_grid_1_AutoML_5_20260603_203412_model_6,month_sin,0.07629427159437906
1,1,0.3,XGBoost_grid_1_AutoML_5_20260603_203412_model_6,month_cos,0.1353268177900463
1,1,0.3,XGBoost_grid_1_AutoML_5_20260603_203412_model_6,year,0.15706450732890512
1,1,0.3,XGBoost_grid_1_AutoML_5_20260603_203412_model_3,target_lag1,55.281070728302005
1,1,0.3,XGBoost_grid_1_AutoML_5_20260603_203412_model_3,target_lag2,1.0479539642389863
1,1,0.3,XGBoost_grid_1_AutoML_5_20260603_203412_model_3,target_lag3,1.748698751926422
1,1,0.3,XGBoost_grid_1_AutoML_5_20260603_203412_model_3,target_lag4,1.316645889636129
1,1,0.3,XGBoost_grid_1_AutoML_5_20260603_203412_model_3,target_lag5,0.8640552337933332
1,1,0.3,XGBoost_grid_1_AutoML_5_20260603_203412_model_3,target_lag6,4.429800211861729
1,1,0.3,XGBoost_grid_1_AutoML_5_20260603_203412_model_3,hour_lag1,3.274974286556244
1,1,0.3,XGBoost_grid_1_AutoML_5_20260603_203412_model_3,day_of_week_lag1,0.23949900017585604
1,1,0.3,XGBoost_grid_1_AutoML_5_20260603_203412_model_3,month_lag1,0.33969250877387824
1,1,0.3,XGBoost_grid_1_AutoML_5_20260603_203412_model_3,trend_lag1,0.7110121246613562
1,1,0.3,XGBoost_grid_1_AutoML_5_20260603_203412_model_3,month_sin,0.03352177722612392
1,1,0.3,XGBoost_grid_1_AutoML_5_20260603_203412_model_3,month_cos,0.01458723796764385
1,1,0.3,XGBoost_grid_1_AutoML_5_20260603_203412_model_3,year,0.0
1,1,0.3,GBM_grid_1_AutoML_5_20260603_203412_model_3,target_lag1,21.119468473792075
1,1,0.3,GBM_grid_1_AutoML_5_20260603_203412_model_3,target_lag2,17.577417722940446
1,1,0.3,GBM_grid_1_AutoML_5_20260603_203412_model_3,target_lag3,4.378510510921478
1,1,0.3,GBM_grid_1_AutoML_5_20260603_203412_model_3,target_lag4,5.19926683075726
1,1,0.3,GBM_grid_1_AutoML_5_20260603_203412_model_3,target_lag5,5.128283065333963
1,1,0.3,GBM_grid_1_AutoML_5_20260603_203412_model_3,target_lag6,6.57381105184555
1,1,0.3,GBM_grid_1_AutoML_5_20260603_203412_model_3,hour_lag1,2.858992501497269
1,1,0.3,GBM_grid_1_AutoML_5_20260603_203412_model_3,day_of_week_lag1,0.7318488257378339
1,1,0.3,GBM_grid_1_AutoML_5_20260603_203412_model_3,month_lag1,0.2443731472082436
1,1,0.3,GBM_grid_1_AutoML_5_20260603_203412_model_3,trend_lag1,0.34337549486837815
1,1,0.3,GBM_grid_1_AutoML_5_20260603_203412_model_3,month_sin,0.05354665411170568
1,1,0.3,GBM_grid_1_AutoML_5_20260603_203412_model_3,month_cos,0.04095432223519307
1,1,0.3,GBM_grid_1_AutoML_5_20260603_203412_model_3,year,0.19208897863049057
1,1,0.3,XGBoost_grid_1_AutoML_5_20260603_203412_model_4,target_lag1,57.19402822494507
1,1,0.3,XGBoost_grid_1_AutoML_5_20260603_203412_model_4,target_lag2,1.48001253336668
1,1,0.3,XGBoost_grid_1_AutoML_5_20260603_203412_model_4,target_lag3,1.1924721252173185
1,1,0.3,XGBoost_grid_1_AutoML_5_20260603_203412_model_4,target_lag4,0.8424749371781945
1,1,0.3,XGBoost_grid_1_AutoML_5_20260603_203412_model_4,target_lag5,1.2821896405890585
1,1,0.3,XGBoost_grid_1_AutoML_5_20260603_203412_model_4,target_lag6,3.320569722652435
1,1,0.3,XGBoost_grid_1_AutoML_5_20260603_203412_model_4,hour_lag1,3.406192805171013
1,1,0.3,XGBoost_grid_1_AutoML_5_20260603_203412_model_4,day_of_week_lag1,0.32988107576966286
1,1,0.3,XGBoost_grid_1_AutoML_5_20260603_203412_model_4,month_lag1,0.4355504148453474
1,1,0.3,XGBoost_grid_1_AutoML_5_20260603_203412_model_4,trend_lag1,0.8357985956966877
1,1,0.3,XGBoost_grid_1_AutoML_5_20260603_203412_model_4,month_sin,0.0929769142750592
1,1,0.3,XGBoost_grid_1_AutoML_5_20260603_203412_model_4,month_cos,0.07461240295786407
1,1,0.3,XGBoost_grid_1_AutoML_5_20260603_203412_model_4,year,0.2803373945876956
1,1,0.3,XGBoost_3_AutoML_5_20260603_203412,target_lag1,52.35238100349903
1,1,0.3,XGBoost_3_AutoML_5_20260603_203412,target_lag2,3.097009519636631
1,1,0.3,XGBoost_3_AutoML_5_20260603_203412,target_lag3,1.446677915453911
1,1,0.3,XGBoost_3_AutoML_5_20260603_203412,target_lag4,0.8968865155056119
1,1,0.3,XGBoost_3_AutoML_5_20260603_203412,target_lag5,2.823525737673044
1,1,0.3,XGBoost_3_AutoML_5_20260603_203412,target_lag6,4.952980729341507
1,1,0.3,XGBoost_3_AutoML_5_20260603_203412,hour_lag1,3.097389123737812
1,1,0.3,XGBoost_3_AutoML_5_20260603_203412,day_of_week_lag1,0.2454563956335187
1,1,0.3,XGBoost_3_AutoML_5_20260603_203412,month_lag1,0.38701586705283264
1,1,0.3,XGBoost_3_AutoML_5_20260603_203412,trend_lag1,0.4616046645026654
1,1,0.3,XGBoost_3_AutoML_5_20260603_203412,month_sin,0.023827419001609042
1,1,0.3,XGBoost_3_AutoML_5_20260603_203412,month_cos,0.17444597415626045
1,1,0.3,XGBoost_3_AutoML_5_20260603_203412,year,0.24360387787222862
1,1,0.3,XGBoost_grid_1_AutoML_5_20260603_203412_model_2,target_lag1,32.62663298606873
1,1,0.3,XGBoost_grid_1_AutoML_5_20260603_203412_model_2,target_lag2,11.440481394827366
1,1,0.3,XGBoost_grid_1_AutoML_5_20260603_203412_model_2,target_lag3,9.582986177802086
1,1,0.3,XGBoost_grid_1_AutoML_5_20260603_203412_model_2,target_lag4,5.108488681316376
1,1,0.3,XGBoost_grid_1_AutoML_5_20260603_203412_model_2,target_lag5,1.0792976441979407
1,1,0.3,XGBoost_grid_1_AutoML_5_20260603_203412_model_2,target_lag6,2.3900779464433435
1,1,0.3,XGBoost_grid_1_AutoML_5_20260603_203412_model_2,hour_lag1,3.264008481502533
1,1,0.3,XGBoost_grid_1_AutoML_5_20260603_203412_model_2,day_of_week_lag1,0.3201942125800997
1,1,0.3,XGBoost_grid_1_AutoML_5_20260603_203412_model_2,month_lag1,0.3090921388566494
1,1,0.3,XGBoost_grid_1_AutoML_5_20260603_203412_model_2,trend_lag1,1.5500548207759857
1,1,0.3,XGBoost_grid_1_AutoML_5_20260603_203412_model_2,month_sin,0.15277849463047458
1,1,0.3,XGBoost_grid_1_AutoML_5_20260603_203412_model_2,month_cos,0.11902401720115446
1,1,0.3,XGBoost_grid_1_AutoML_5_20260603_203412_model_2,year,0.1439714734640438
1,1,0.3,XGBoost_grid_1_AutoML_5_20260603_203412_model_5,target_lag1,22.621741257309914
1,1,0.3,XGBoost_grid_1_AutoML_5_20260603_203412_model_5,target_lag2,31.898359212875366
1,1,0.3,XGBoost_grid_1_AutoML_5_20260603_203412_model_5,target_lag3,4.037589412927628
1,1,0.3,XGBoost_grid_1_AutoML_5_20260603_203412_model_5,target_lag4,1.7424804550409316
1,1,0.3,XGBoost_grid_1_AutoML_5_20260603_203412_model_5,target_lag5,0.8986351129412651
1,1,0.3,XGBoost_grid_1_AutoML_5_20260603_203412_model_5,target_lag6,4.311815821528435
1,1,0.3,XGBoost_grid_1_AutoML_5_20260603_203412_model_5,hour_lag1,3.4045862889289857
1,1,0.3,XGBoost_grid_1_AutoML_5_20260603_203412_model_5,day_of_week_lag1,0.40168708100914957
1,1,0.3,XGBoost_grid_1_AutoML_5_20260603_203412_model_5,month_lag1,0.3929178688675165
1,1,0.3,XGBoost_grid_1_AutoML_5_20260603_203412_model_5,trend_lag1,0.7414462492614985
1,1,0.3,XGBoost_grid_1_AutoML_5_20260603_203412_model_5,month_sin,0.14206360134528948
1,1,0.3,XGBoost_grid_1_AutoML_5_20260603_203412_model_5,month_cos,0.10073208294794309
1,1,0.3,XGBoost_grid_1_AutoML_5_20260603_203412_model_5,year,0.4038748021889478
1,1,0.3,XGBoost_1_AutoML_5_20260603_203412,target_lag1,35.10688868045807
1,1,0.3,XGBoost_1_AutoML_5_20260603_203412,target_lag2,23.011925199627875
1,1,0.3,XGBoost_1_AutoML_5_20260603_203412,target_lag3,1.362509250137955
1,1,0.3,XGBoost_1_AutoML_5_20260603_203412,target_lag4,0.837941780295223
1,1,0.3,XGBoost_1_AutoML_5_20260603_203412,target_lag5,0.8637318104505539
1,1,0.3,XGBoost_1_AutoML_5_20260603_203412,target_lag6,3.5013036645948885
1,1,0.3,XGBoost_1_AutoML_5_20260603_203412,hour_lag1,3.2265547525882723
1,1,0.3,XGBoost_1_AutoML_5_20260603_203412,day_of_week_lag1,0.474378168489784
1,1,0.3,XGBoost_1_AutoML_5_20260603_203412,month_lag1,0.44318198861554264
1,1,0.3,XGBoost_1_AutoML_5_20260603_203412,trend_lag1,1.0711856240034103
1,1,0.3,XGBoost_1_AutoML_5_20260603_203412,month_sin,0.22159203997813165
1,1,0.3,XGBoost_1_AutoML_5_20260603_203412,month_cos,0.20052160097286106
1,1,0.3,XGBoost_1_AutoML_5_20260603_203412,year,0.14781805128208358
1,1,0.3,GLM_1_AutoML_5_20260603_203412,target_lag1,40.71259883809159
1,1,0.3,GLM_1_AutoML_5_20260603_203412,target_lag2,13.830077931141105
1,1,0.3,GLM_1_AutoML_5_20260603_203412,target_lag3,4.635879384433235
1,1,0.3,GLM_1_AutoML_5_20260603_203412,target_lag4,0.8877163542980777
1,1,0.3,GLM_1_AutoML_5_20260603_203412,target_lag5,0.8664492353670715
1,1,0.3,GLM_1_AutoML_5_20260603_203412,target_lag6,2.166162392949518
1,1,0.3,GLM_1_AutoML_5_20260603_203412,hour_lag1,0.055828367375621656
1,1,0.3,GLM_1_AutoML_5_20260603_203412,day_of_week_lag1,0.05804304849742035
1,1,0.3,GLM_1_AutoML_5_20260603_203412,month_lag1,0.008380175307188348
1,1,0.3,GLM_1_AutoML_5_20260603_203412,trend_lag1,0.1470700639008632
1,1,0.3,GLM_1_AutoML_5_20260603_203412,month_sin,0.011285074133437656
1,1,0.3,GLM_1_AutoML_5_20260603_203412,month_cos,0.0035559648442937903
1,1,0.3,GLM_1_AutoML_5_20260603_203412,year,0.18464048100861558
2,1,0.02,GBM_1_AutoML_6_20260603_205951,target_lag1,34.13479848206043
2,1,0.02,GBM_1_AutoML_6_20260603_205951,target_lag2,13.391689214110375
2,1,0.02,GBM_1_AutoML_6_20260603_205951,target_lag3,9.79676707983017
2,1,0.02,GBM_1_AutoML_6_20260603_205951,target_lag4,2.61081569544971
2,1,0.02,GBM_1_AutoML_6_20260603_205951,target_lag5,0.3756123664975166
2,1,0.02,GBM_1_AutoML_6_20260603_205951,target_lag6,2.8756511297822
2,1,0.02,GBM_1_AutoML_6_20260603_205951,hour_lag1,3.3219713029265403
2,1,0.02,GBM_1_AutoML_6_20260603_205951,day_of_week_lag1,0.3504590581357479
2,1,0.02,GBM_1_AutoML_6_20260603_205951,month_lag1,0.3298588583082892
2,1,0.02,GBM_1_AutoML_6_20260603_205951,trend_lag1,0.3378406429104507
2,1,0.02,GBM_1_AutoML_6_20260603_205951,month_sin,0.0956482418067753
2,1,0.02,GBM_1_AutoML_6_20260603_205951,month_cos,0.12477684297831726
2,1,0.02,GBM_1_AutoML_6_20260603_205951,year,0.11255192978074771
2,1,0.02,GBM_4_AutoML_6_20260603_205951,target_lag1,44.236488423347474
2,1,0.02,GBM_4_AutoML_6_20260603_205951,target_lag2,7.952414071559906
2,1,0.02,GBM_4_AutoML_6_20260603_205951,target_lag3,4.441239446252585
2,1,0.02,GBM_4_AutoML_6_20260603_205951,target_lag4,0.5156169023364783
2,1,0.02,GBM_4_AutoML_6_20260603_205951,target_lag5,0.3445089649967849
2,1,0.02,GBM_4_AutoML_6_20260603_205951,target_lag6,6.282728722989559
2,1,0.02,GBM_4_AutoML_6_20260603_205951,hour_lag1,3.2673639714717866
2,1,0.02,GBM_4_AutoML_6_20260603_205951,day_of_week_lag1,0.3050902833789587
2,1,0.02,GBM_4_AutoML_6_20260603_205951,month_lag1,0.30164146596565844
2,1,0.02,GBM_4_AutoML_6_20260603_205951,trend_lag1,0.35688307559117677
2,1,0.02,GBM_4_AutoML_6_20260603_205951,month_sin,0.06615666336147111
2,1,0.02,GBM_4_AutoML_6_20260603_205951,month_cos,0.09944452717318196
2,1,0.02,GBM_4_AutoML_6_20260603_205951,year,0.1233134819893166
2,1,0.02,GBM_3_AutoML_6_20260603_205951,target_lag1,36.808892583809794
2,1,0.02,GBM_3_AutoML_6_20260603_205951,target_lag2,10.768903830051421
2,1,0.02,GBM_3_AutoML_6_20260603_205951,target_lag3,8.022037078142166
2,1,0.02,GBM_3_AutoML_6_20260603_205951,target_lag4,1.0818699107319116
2,1,0.02,GBM_3_AutoML_6_20260603_205951,target_lag5,0.9776652880944312
2,1,0.02,GBM_3_AutoML_6_20260603_205951,target_lag6,6.732969101071358
2,1,0.02,GBM_3_AutoML_6_20260603_205951,hour_lag1,3.120011906251311
2,1,0.02,GBM_3_AutoML_6_20260603_205951,day_of_week_lag1,0.30047998920083047
2,1,0.02,GBM_3_AutoML_6_20260603_205951,month_lag1,0.22784317861136516
2,1,0.02,GBM_3_AutoML_6_20260603_205951,trend_lag1,0.3274058928526938
2,1,0.02,GBM_3_AutoML_6_20260603_205951,month_sin,0.08043269948917438
2,1,0.02,GBM_3_AutoML_6_20260603_205951,month_cos,0.039573874215802746
2,1,0.02,GBM_3_AutoML_6_20260603_205951,year,0.1079114660574123
2,1,0.05,GBM_1_AutoML_6_20260603_205951,target_lag1,34.13479848206043
2,1,0.05,GBM_1_AutoML_6_20260603_205951,target_lag2,13.391689214110375
2,1,0.05,GBM_1_AutoML_6_20260603_205951,target_lag3,9.79676707983017
2,1,0.05,GBM_1_AutoML_6_20260603_205951,target_lag4,2.61081569544971
2,1,0.05,GBM_1_AutoML_6_20260603_205951,target_lag5,0.3756123664975166
2,1,0.05,GBM_1_AutoML_6_20260603_205951,target_lag6,2.8756511297822
2,1,0.05,GBM_1_AutoML_6_20260603_205951,hour_lag1,3.3219713029265403
2,1,0.05,GBM_1_AutoML_6_20260603_205951,day_of_week_lag1,0.3504590581357479
2,1,0.05,GBM_1_AutoML_6_20260603_205951,month_lag1,0.3298588583082892
2,1,0.05,GBM_1_AutoML_6_20260603_205951,trend_lag1,0.3378406429104507
2,1,0.05,GBM_1_AutoML_6_20260603_205951,month_sin,0.0956482418067753
2,1,0.05,GBM_1_AutoML_6_20260603_205951,month_cos,0.12477684297831726
2,1,0.05,GBM_1_AutoML_6_20260603_205951,year,0.11255192978074771
2,1,0.05,GBM_4_AutoML_6_20260603_205951,target_lag1,44.236488423347474
2,1,0.05,GBM_4_AutoML_6_20260603_205951,target_lag2,7.952414071559906
2,1,0.05,GBM_4_AutoML_6_20260603_205951,target_lag3,4.441239446252585
2,1,0.05,GBM_4_AutoML_6_20260603_205951,target_lag4,0.5156169023364783
2,1,0.05,GBM_4_AutoML_6_20260603_205951,target_lag5,0.3445089649967849
2,1,0.05,GBM_4_AutoML_6_20260603_205951,target_lag6,6.282728722989559
2,1,0.05,GBM_4_AutoML_6_20260603_205951,hour_lag1,3.2673639714717866
2,1,0.05,GBM_4_AutoML_6_20260603_205951,day_of_week_lag1,0.3050902833789587
2,1,0.05,GBM_4_AutoML_6_20260603_205951,month_lag1,0.30164146596565844
2,1,0.05,GBM_4_AutoML_6_20260603_205951,trend_lag1,0.35688307559117677
2,1,0.05,GBM_4_AutoML_6_20260603_205951,month_sin,0.06615666336147111
2,1,0.05,GBM_4_AutoML_6_20260603_205951,month_cos,0.09944452717318196
2,1,0.05,GBM_4_AutoML_6_20260603_205951,year,0.1233134819893166
2,1,0.05,GBM_3_AutoML_6_20260603_205951,target_lag1,36.808892583809794
2,1,0.05,GBM_3_AutoML_6_20260603_205951,target_lag2,10.768903830051421
2,1,0.05,GBM_3_AutoML_6_20260603_205951,target_lag3,8.022037078142166
2,1,0.05,GBM_3_AutoML_6_20260603_205951,target_lag4,1.0818699107319116
2,1,0.05,GBM_3_AutoML_6_20260603_205951,target_lag5,0.9776652880944312
2,1,0.05,GBM_3_AutoML_6_20260603_205951,target_lag6,6.732969101071358
2,1,0.05,GBM_3_AutoML_6_20260603_205951,hour_lag1,3.120011906251311
2,1,0.05,GBM_3_AutoML_6_20260603_205951,day_of_week_lag1,0.30047998920083047
2,1,0.05,GBM_3_AutoML_6_20260603_205951,month_lag1,0.22784317861136516
2,1,0.05,GBM_3_AutoML_6_20260603_205951,trend_lag1,0.3274058928526938
2,1,0.05,GBM_3_AutoML_6_20260603_205951,month_sin,0.08043269948917438
2,1,0.05,GBM_3_AutoML_6_20260603_205951,month_cos,0.039573874215802746
2,1,0.05,GBM_3_AutoML_6_20260603_205951,year,0.1079114660574123
2,1,0.05,GBM_2_AutoML_6_20260603_205951,target_lag1,41.382766534090045
2,1,0.05,GBM_2_AutoML_6_20260603_205951,target_lag2,9.999633235931396
2,1,0.05,GBM_2_AutoML_6_20260603_205951,target_lag3,3.910637056231499
2,1,0.05,GBM_2_AutoML_6_20260603_205951,target_lag4,1.6408334383368492
2,1,0.05,GBM_2_AutoML_6_20260603_205951,target_lag5,0.7608223325107246
2,1,0.05,GBM_2_AutoML_6_20260603_205951,target_lag6,6.415589713156224
2,1,0.05,GBM_2_AutoML_6_20260603_205951,hour_lag1,2.796333009004593
2,1,0.05,GBM_2_AutoML_6_20260603_205951,day_of_week_lag1,0.27031904488801956
2,1,0.05,GBM_2_AutoML_6_20260603_205951,month_lag1,0.267884361371398
2,1,0.05,GBM_2_AutoML_6_20260603_205951,trend_lag1,0.239227991476655
2,1,0.05,GBM_2_AutoML_6_20260603_205951,month_sin,0.029215875300578724
2,1,0.05,GBM_2_AutoML_6_20260603_205951,month_cos,0.04193579479411706
2,1,0.05,GBM_2_AutoML_6_20260603_205951,year,0.10184133772228958
2,1,0.05,GBM_5_AutoML_6_20260603_205951,target_lag1,40.6907955121994
2,1,0.05,GBM_5_AutoML_6_20260603_205951,target_lag2,9.301677076816558
2,1,0.05,GBM_5_AutoML_6_20260603_205951,target_lag3,5.254653351902962
2,1,0.05,GBM_5_AutoML_6_20260603_205951,target_lag4,2.1404910683631897
2,1,0.05,GBM_5_AutoML_6_20260603_205951,target_lag5,1.2440368481352926
2,1,0.05,GBM_5_AutoML_6_20260603_205951,target_lag6,4.311326269507408
2,1,0.05,GBM_5_AutoML_6_20260603_205951,hour_lag1,3.058273443300277
2,1,0.05,GBM_5_AutoML_6_20260603_205951,day_of_week_lag1,0.24925893847830594
2,1,0.05,GBM_5_AutoML_6_20260603_205951,month_lag1,0.4871995374234393
2,1,0.05,GBM_5_AutoML_6_20260603_205951,trend_lag1,0.28785866769147106
2,1,0.05,GBM_5_AutoML_6_20260603_205951,month_sin,0.04709335753228511
2,1,0.05,GBM_5_AutoML_6_20260603_205951,month_cos,0.03373447904596101
2,1,0.05,GBM_5_AutoML_6_20260603_205951,year,0.22512309956829996
2,1,0.05,XGBoost_grid_1_AutoML_6_20260603_205951_model_3,target_lag1,48.87634476184845
2,1,0.05,XGBoost_grid_1_AutoML_6_20260603_205951_model_3,target_lag2,3.9041409052908422
2,1,0.05,XGBoost_grid_1_AutoML_6_20260603_205951_model_3,target_lag3,2.3184420247003437
2,1,0.05,XGBoost_grid_1_AutoML_6_20260603_205951_model_3,target_lag4,1.6939306291937828
2,1,0.05,XGBoost_grid_1_AutoML_6_20260603_205951_model_3,target_lag5,1.8344844484329224
2,1,0.05,XGBoost_grid_1_AutoML_6_20260603_205951_model_3,target_lag6,8.579727532863616
2,1,0.05,XGBoost_grid_1_AutoML_6_20260603_205951_model_3,hour_lag1,3.5412740254029633
2,1,0.05,XGBoost_grid_1_AutoML_6_20260603_205951_model_3,day_of_week_lag1,0.34027273919433354
2,1,0.05,XGBoost_grid_1_AutoML_6_20260603_205951_model_3,month_lag1,0.29066902097314595
2,1,0.05,XGBoost_grid_1_AutoML_6_20260603_205951_model_3,trend_lag1,0.4596472092764452
2,1,0.05,XGBoost_grid_1_AutoML_6_20260603_205951_model_3,month_sin,0.041075234350282666
2,1,0.05,XGBoost_grid_1_AutoML_6_20260603_205951_model_3,month_cos,0.05560904386162289
2,1,0.05,XGBoost_grid_1_AutoML_6_20260603_205951_model_3,year,0.0
2,1,0.05,XGBoost_2_AutoML_6_20260603_205951,target_lag1,42.49103083729744
2,1,0.05,XGBoost_2_AutoML_6_20260603_205951,target_lag2,4.071070202663541
2,1,0.05,XGBoost_2_AutoML_6_20260603_205951,target_lag3,9.357112000286579
2,1,0.05,XGBoost_2_AutoML_6_20260603_205951,target_lag4,1.3620926317572595
2,1,0.05,XGBoost_2_AutoML_6_20260603_205951,target_lag5,2.3278367416374386
2,1,0.05,XGBoost_2_AutoML_6_20260603_205951,target_lag6,3.0353321431577207
2,1,0.05,XGBoost_2_AutoML_6_20260603_205951,hour_lag1,3.278948945757002
2,1,0.05,XGBoost_2_AutoML_6_20260603_205951,day_of_week_lag1,0.39170531630516053
2,1,0.05,XGBoost_2_AutoML_6_20260603_205951,month_lag1,0.45671619202941655
2,1,0.05,XGBoost_2_AutoML_6_20260603_205951,trend_lag1,0.5487777267582714
2,1,0.05,XGBoost_2_AutoML_6_20260603_205951,month_sin,0.08209176825766913
2,1,0.05,XGBoost_2_AutoML_6_20260603_205951,month_cos,0.1321857365965843
2,1,0.05,XGBoost_2_AutoML_6_20260603_205951,year,0.10794245281489565
2,1,0.05,GBM_grid_1_AutoML_6_20260603_205951_model_1,target_lag1,22.282790751457213
2,1,0.05,GBM_grid_1_AutoML_6_20260603_205951_model_1,target_lag2,8.659955420568586
2,1,0.05,GBM_grid_1_AutoML_6_20260603_205951_model_1,target_lag3,9.485489897727966
2,1,0.05,GBM_grid_1_AutoML_6_20260603_205951_model_1,target_lag4,8.755954145789147
2,1,0.05,GBM_grid_1_AutoML_6_20260603_205951_model_1,target_lag5,7.691108524501324
2,1,0.05,GBM_grid_1_AutoML_6_20260603_205951_model_1,target_lag6,4.462873785942793
2,1,0.05,GBM_grid_1_AutoML_6_20260603_205951_model_1,hour_lag1,3.0539643923938273
2,1,0.05,GBM_grid_1_AutoML_6_20260603_205951_model_1,day_of_week_lag1,0.5479988870769739
2,1,0.05,GBM_grid_1_AutoML_6_20260603_205951_model_1,month_lag1,0.327869832739234
2,1,0.05,GBM_grid_1_AutoML_6_20260603_205951_model_1,trend_lag1,0.5782890273630619
2,1,0.05,GBM_grid_1_AutoML_6_20260603_205951_model_1,month_sin,0.1466865618783049
2,1,0.05,GBM_grid_1_AutoML_6_20260603_205951_model_1,month_cos,0.10913764005992559
2,1,0.05,GBM_grid_1_AutoML_6_20260603_205951_model_1,year,0.20051243664696813
2,1,0.05,XGBoost_grid_1_AutoML_6_20260603_205951_model_1,target_lag1,25.700778339505195
2,1,0.05,XGBoost_grid_1_AutoML_6_20260603_205951_model_1,target_lag2,27.767106575965883
2,1,0.05,XGBoost_grid_1_AutoML_6_20260603_205951_model_1,target_lag3,3.09793202675879
2,1,0.05,XGBoost_grid_1_AutoML_6_20260603_205951_model_1,target_lag4,1.0827232737839223
2,1,0.05,XGBoost_grid_1_AutoML_6_20260603_205951_model_1,target_lag5,1.280108395378338
2,1,0.05,XGBoost_grid_1_AutoML_6_20260603_205951_model_1,target_lag6,5.427684041969478
2,1,0.05,XGBoost_grid_1_AutoML_6_20260603_205951_model_1,hour_lag1,3.578752170531079
2,1,0.05,XGBoost_grid_1_AutoML_6_20260603_205951_model_1,day_of_week_lag1,0.36772975489497184
2,1,0.05,XGBoost_grid_1_AutoML_6_20260603_205951_model_1,month_lag1,0.8679287075623869
2,1,0.05,XGBoost_grid_1_AutoML_6_20260603_205951_model_1,trend_lag1,1.1421991086751222
2,1,0.05,XGBoost_grid_1_AutoML_6_20260603_205951_model_1,month_sin,0.16019848381860807
2,1,0.05,XGBoost_grid_1_AutoML_6_20260603_205951_model_1,month_cos,0.11396833135746416
2,1,0.05,XGBoost_grid_1_AutoML_6_20260603_205951_model_1,year,0.0946723959036171
2,1,0.05,XGBoost_grid_1_AutoML_6_20260603_205951_model_4,target_lag1,53.34791465163231
2,1,0.05,XGBoost_grid_1_AutoML_6_20260603_205951_model_4,target_lag2,2.9871957586705684
2,1,0.05,XGBoost_grid_1_AutoML_6_20260603_205951_model_4,target_lag3,1.0210942360758781
2,1,0.05,XGBoost_grid_1_AutoML_6_20260603_205951_model_4,target_lag4,1.869460668452084
2,1,0.05,XGBoost_grid_1_AutoML_6_20260603_205951_model_4,target_lag5,1.3317920289188623
2,1,0.05,XGBoost_grid_1_AutoML_6_20260603_205951_model_4,target_lag6,7.112991867065429
2,1,0.05,XGBoost_grid_1_AutoML_6_20260603_205951_model_4,hour_lag1,3.860284481421113
2,1,0.05,XGBoost_grid_1_AutoML_6_20260603_205951_model_4,day_of_week_lag1,0.5445053458400071
2,1,0.05,XGBoost_grid_1_AutoML_6_20260603_205951_model_4,month_lag1,0.5114720972534269
2,1,0.05,XGBoost_grid_1_AutoML_6_20260603_205951_model_4,trend_lag1,1.0667748194932938
2,1,0.05,XGBoost_grid_1_AutoML_6_20260603_205951_model_4,month_sin,0.12035131296608594
2,1,0.05,XGBoost_grid_1_AutoML_6_20260603_205951_model_4,month_cos,0.12613703350769354
2,1,0.05,XGBoost_grid_1_AutoML_6_20260603_205951_model_4,year,0.17914694242179394
2,1,0.05,DRF_1_AutoML_6_20260603_205951,target_lag1,23.331872817277908
2,1,0.05,DRF_1_AutoML_6_20260603_205951,target_lag2,11.173642509281635
2,1,0.05,DRF_1_AutoML_6_20260603_205951,target_lag3,9.299355383515358
2,1,0.05,DRF_1_AutoML_6_20260603_205951,target_lag4,7.527385514080525
2,1,0.05,DRF_1_AutoML_6_20260603_205951,target_lag5,6.079133710265159
2,1,0.05,DRF_1_AutoML_6_20260603_205951,target_lag6,2.688865017434582
2,1,0.05,DRF_1_AutoML_6_20260603_205951,hour_lag1,2.6867223742604254
2,1,0.05,DRF_1_AutoML_6_20260603_205951,day_of_week_lag1,0.35901409029960635
2,1,0.05,DRF_1_AutoML_6_20260603_205951,month_lag1,0.15378012006636707
2,1,0.05,DRF_1_AutoML_6_20260603_205951,trend_lag1,0.679055307507515
2,1,0.05,DRF_1_AutoML_6_20260603_205951,month_sin,0.08806111809331921
2,1,0.05,DRF_1_AutoML_6_20260603_205951,month_cos,0.09271302590146657
2,1,0.05,DRF_1_AutoML_6_20260603_205951,year,0.16353535800706592
2,1,0.05,XGBoost_3_AutoML_6_20260603_205951,target_lag1,42.24855905115604
2,1,0.05,XGBoost_3_AutoML_6_20260603_205951,target_lag2,11.577650288045406
2,1,0.05,XGBoost_3_AutoML_6_20260603_205951,target_lag3,2.36290456097573
2,1,0.05,XGBoost_3_AutoML_6_20260603_205951,target_lag4,2.854536167383194
2,1,0.05,XGBoost_3_AutoML_6_20260603_205951,target_lag5,3.654009416969493
2,1,0.05,XGBoost_3_AutoML_6_20260603_205951,target_lag6,7.1089672321081165
2,1,0.05,XGBoost_3_AutoML_6_20260603_205951,hour_lag1,3.665487231463194
2,1,0.05,XGBoost_3_AutoML_6_20260603_205951,day_of_week_lag1,0.3820335390418768
2,1,0.05,XGBoost_3_AutoML_6_20260603_205951,month_lag1,0.30840028569102285
2,1,0.05,XGBoost_3_AutoML_6_20260603_205951,trend_lag1,1.1240987935848534
2,1,0.05,XGBoost_3_AutoML_6_20260603_205951,month_sin,0.06113447416864798
2,1,0.05,XGBoost_3_AutoML_6_20260603_205951,month_cos,0.026488840144593226
2,1,0.05,XGBoost_3_AutoML_6_20260603_205951,year,0.12008562971372154
2,1,0.1,GBM_1_AutoML_6_20260603_205951,target_lag1,34.13479848206043
2,1,0.1,GBM_1_AutoML_6_20260603_205951,target_lag2,13.391689214110375
2,1,0.1,GBM_1_AutoML_6_20260603_205951,target_lag3,9.79676707983017
2,1,0.1,GBM_1_AutoML_6_20260603_205951,target_lag4,2.61081569544971
2,1,0.1,GBM_1_AutoML_6_20260603_205951,target_lag5,0.3756123664975166
2,1,0.1,GBM_1_AutoML_6_20260603_205951,target_lag6,2.8756511297822
2,1,0.1,GBM_1_AutoML_6_20260603_205951,hour_lag1,3.3219713029265403
2,1,0.1,GBM_1_AutoML_6_20260603_205951,day_of_week_lag1,0.3504590581357479
2,1,0.1,GBM_1_AutoML_6_20260603_205951,month_lag1,0.3298588583082892
2,1,0.1,GBM_1_AutoML_6_20260603_205951,trend_lag1,0.3378406429104507
2,1,0.1,GBM_1_AutoML_6_20260603_205951,month_sin,0.0956482418067753
2,1,0.1,GBM_1_AutoML_6_20260603_205951,month_cos,0.12477684297831726
2,1,0.1,GBM_1_AutoML_6_20260603_205951,year,0.11255192978074771
2,1,0.1,GBM_4_AutoML_6_20260603_205951,target_lag1,44.236488423347474
2,1,0.1,GBM_4_AutoML_6_20260603_205951,target_lag2,7.952414071559906
2,1,0.1,GBM_4_AutoML_6_20260603_205951,target_lag3,4.441239446252585
2,1,0.1,GBM_4_AutoML_6_20260603_205951,target_lag4,0.5156169023364783
2,1,0.1,GBM_4_AutoML_6_20260603_205951,target_lag5,0.3445089649967849
2,1,0.1,GBM_4_AutoML_6_20260603_205951,target_lag6,6.282728722989559
2,1,0.1,GBM_4_AutoML_6_20260603_205951,hour_lag1,3.2673639714717866
2,1,0.1,GBM_4_AutoML_6_20260603_205951,day_of_week_lag1,0.3050902833789587
2,1,0.1,GBM_4_AutoML_6_20260603_205951,month_lag1,0.30164146596565844
2,1,0.1,GBM_4_AutoML_6_20260603_205951,trend_lag1,0.35688307559117677
2,1,0.1,GBM_4_AutoML_6_20260603_205951,month_sin,0.06615666336147111
2,1,0.1,GBM_4_AutoML_6_20260603_205951,month_cos,0.09944452717318196
2,1,0.1,GBM_4_AutoML_6_20260603_205951,year,0.1233134819893166
2,1,0.1,GBM_3_AutoML_6_20260603_205951,target_lag1,36.808892583809794
2,1,0.1,GBM_3_AutoML_6_20260603_205951,target_lag2,10.768903830051421
2,1,0.1,GBM_3_AutoML_6_20260603_205951,target_lag3,8.022037078142166
2,1,0.1,GBM_3_AutoML_6_20260603_205951,target_lag4,1.0818699107319116
2,1,0.1,GBM_3_AutoML_6_20260603_205951,target_lag5,0.9776652880944312
2,1,0.1,GBM_3_AutoML_6_20260603_205951,target_lag6,6.732969101071358
2,1,0.1,GBM_3_AutoML_6_20260603_205951,hour_lag1,3.120011906251311
2,1,0.1,GBM_3_AutoML_6_20260603_205951,day_of_week_lag1,0.30047998920083047
2,1,0.1,GBM_3_AutoML_6_20260603_205951,month_lag1,0.22784317861136516
2,1,0.1,GBM_3_AutoML_6_20260603_205951,trend_lag1,0.3274058928526938
2,1,0.1,GBM_3_AutoML_6_20260603_205951,month_sin,0.08043269948917438
2,1,0.1,GBM_3_AutoML_6_20260603_205951,month_cos,0.039573874215802746
2,1,0.1,GBM_3_AutoML_6_20260603_205951,year,0.1079114660574123
2,1,0.1,GBM_2_AutoML_6_20260603_205951,target_lag1,41.382766534090045
2,1,0.1,GBM_2_AutoML_6_20260603_205951,target_lag2,9.999633235931396
2,1,0.1,GBM_2_AutoML_6_20260603_205951,target_lag3,3.910637056231499
2,1,0.1,GBM_2_AutoML_6_20260603_205951,target_lag4,1.6408334383368492
2,1,0.1,GBM_2_AutoML_6_20260603_205951,target_lag5,0.7608223325107246
2,1,0.1,GBM_2_AutoML_6_20260603_205951,target_lag6,6.415589713156224
2,1,0.1,GBM_2_AutoML_6_20260603_205951,hour_lag1,2.796333009004593
2,1,0.1,GBM_2_AutoML_6_20260603_205951,day_of_week_lag1,0.27031904488801956
2,1,0.1,GBM_2_AutoML_6_20260603_205951,month_lag1,0.267884361371398
2,1,0.1,GBM_2_AutoML_6_20260603_205951,trend_lag1,0.239227991476655
2,1,0.1,GBM_2_AutoML_6_20260603_205951,month_sin,0.029215875300578724
2,1,0.1,GBM_2_AutoML_6_20260603_205951,month_cos,0.04193579479411706
2,1,0.1,GBM_2_AutoML_6_20260603_205951,year,0.10184133772228958
2,1,0.1,GBM_5_AutoML_6_20260603_205951,target_lag1,40.6907955121994
2,1,0.1,GBM_5_AutoML_6_20260603_205951,target_lag2,9.301677076816558
2,1,0.1,GBM_5_AutoML_6_20260603_205951,target_lag3,5.254653351902962
2,1,0.1,GBM_5_AutoML_6_20260603_205951,target_lag4,2.1404910683631897
2,1,0.1,GBM_5_AutoML_6_20260603_205951,target_lag5,1.2440368481352926
2,1,0.1,GBM_5_AutoML_6_20260603_205951,target_lag6,4.311326269507408
2,1,0.1,GBM_5_AutoML_6_20260603_205951,hour_lag1,3.058273443300277
2,1,0.1,GBM_5_AutoML_6_20260603_205951,day_of_week_lag1,0.24925893847830594
2,1,0.1,GBM_5_AutoML_6_20260603_205951,month_lag1,0.4871995374234393
2,1,0.1,GBM_5_AutoML_6_20260603_205951,trend_lag1,0.28785866769147106
2,1,0.1,GBM_5_AutoML_6_20260603_205951,month_sin,0.04709335753228511
2,1,0.1,GBM_5_AutoML_6_20260603_205951,month_cos,0.03373447904596101
2,1,0.1,GBM_5_AutoML_6_20260603_205951,year,0.22512309956829996
2,1,0.1,XGBoost_grid_1_AutoML_6_20260603_205951_model_3,target_lag1,48.87634476184845
2,1,0.1,XGBoost_grid_1_AutoML_6_20260603_205951_model_3,target_lag2,3.9041409052908422
2,1,0.1,XGBoost_grid_1_AutoML_6_20260603_205951_model_3,target_lag3,2.3184420247003437
2,1,0.1,XGBoost_grid_1_AutoML_6_20260603_205951_model_3,target_lag4,1.6939306291937828
2,1,0.1,XGBoost_grid_1_AutoML_6_20260603_205951_model_3,target_lag5,1.8344844484329224
2,1,0.1,XGBoost_grid_1_AutoML_6_20260603_205951_model_3,target_lag6,8.579727532863616
2,1,0.1,XGBoost_grid_1_AutoML_6_20260603_205951_model_3,hour_lag1,3.5412740254029633
2,1,0.1,XGBoost_grid_1_AutoML_6_20260603_205951_model_3,day_of_week_lag1,0.34027273919433354
2,1,0.1,XGBoost_grid_1_AutoML_6_20260603_205951_model_3,month_lag1,0.29066902097314595
2,1,0.1,XGBoost_grid_1_AutoML_6_20260603_205951_model_3,trend_lag1,0.4596472092764452
2,1,0.1,XGBoost_grid_1_AutoML_6_20260603_205951_model_3,month_sin,0.041075234350282666
2,1,0.1,XGBoost_grid_1_AutoML_6_20260603_205951_model_3,month_cos,0.05560904386162289
2,1,0.1,XGBoost_grid_1_AutoML_6_20260603_205951_model_3,year,0.0
2,1,0.1,XGBoost_2_AutoML_6_20260603_205951,target_lag1,42.49103083729744
2,1,0.1,XGBoost_2_AutoML_6_20260603_205951,target_lag2,4.071070202663541
2,1,0.1,XGBoost_2_AutoML_6_20260603_205951,target_lag3,9.357112000286579
2,1,0.1,XGBoost_2_AutoML_6_20260603_205951,target_lag4,1.3620926317572595
2,1,0.1,XGBoost_2_AutoML_6_20260603_205951,target_lag5,2.3278367416374386
2,1,0.1,XGBoost_2_AutoML_6_20260603_205951,target_lag6,3.0353321431577207
2,1,0.1,XGBoost_2_AutoML_6_20260603_205951,hour_lag1,3.278948945757002
2,1,0.1,XGBoost_2_AutoML_6_20260603_205951,day_of_week_lag1,0.39170531630516053
2,1,0.1,XGBoost_2_AutoML_6_20260603_205951,month_lag1,0.45671619202941655
2,1,0.1,XGBoost_2_AutoML_6_20260603_205951,trend_lag1,0.5487777267582714
2,1,0.1,XGBoost_2_AutoML_6_20260603_205951,month_sin,0.08209176825766913
2,1,0.1,XGBoost_2_AutoML_6_20260603_205951,month_cos,0.1321857365965843
2,1,0.1,XGBoost_2_AutoML_6_20260603_205951,year,0.10794245281489565
2,1,0.1,GBM_grid_1_AutoML_6_20260603_205951_model_1,target_lag1,22.282790751457213
2,1,0.1,GBM_grid_1_AutoML_6_20260603_205951_model_1,target_lag2,8.659955420568586
2,1,0.1,GBM_grid_1_AutoML_6_20260603_205951_model_1,target_lag3,9.485489897727966
2,1,0.1,GBM_grid_1_AutoML_6_20260603_205951_model_1,target_lag4,8.755954145789147
2,1,0.1,GBM_grid_1_AutoML_6_20260603_205951_model_1,target_lag5,7.691108524501324
2,1,0.1,GBM_grid_1_AutoML_6_20260603_205951_model_1,target_lag6,4.462873785942793
2,1,0.1,GBM_grid_1_AutoML_6_20260603_205951_model_1,hour_lag1,3.0539643923938273
2,1,0.1,GBM_grid_1_AutoML_6_20260603_205951_model_1,day_of_week_lag1,0.5479988870769739
2,1,0.1,GBM_grid_1_AutoML_6_20260603_205951_model_1,month_lag1,0.327869832739234
2,1,0.1,GBM_grid_1_AutoML_6_20260603_205951_model_1,trend_lag1,0.5782890273630619
2,1,0.1,GBM_grid_1_AutoML_6_20260603_205951_model_1,month_sin,0.1466865618783049
2,1,0.1,GBM_grid_1_AutoML_6_20260603_205951_model_1,month_cos,0.10913764005992559
2,1,0.1,GBM_grid_1_AutoML_6_20260603_205951_model_1,year,0.20051243664696813
2,1,0.1,XGBoost_grid_1_AutoML_6_20260603_205951_model_1,target_lag1,25.700778339505195
2,1,0.1,XGBoost_grid_1_AutoML_6_20260603_205951_model_1,target_lag2,27.767106575965883
2,1,0.1,XGBoost_grid_1_AutoML_6_20260603_205951_model_1,target_lag3,3.09793202675879
2,1,0.1,XGBoost_grid_1_AutoML_6_20260603_205951_model_1,target_lag4,1.0827232737839223
2,1,0.1,XGBoost_grid_1_AutoML_6_20260603_205951_model_1,target_lag5,1.280108395378338
2,1,0.1,XGBoost_grid_1_AutoML_6_20260603_205951_model_1,target_lag6,5.427684041969478
2,1,0.1,XGBoost_grid_1_AutoML_6_20260603_205951_model_1,hour_lag1,3.578752170531079
2,1,0.1,XGBoost_grid_1_AutoML_6_20260603_205951_model_1,day_of_week_lag1,0.36772975489497184
2,1,0.1,XGBoost_grid_1_AutoML_6_20260603_205951_model_1,month_lag1,0.8679287075623869
2,1,0.1,XGBoost_grid_1_AutoML_6_20260603_205951_model_1,trend_lag1,1.1421991086751222
2,1,0.1,XGBoost_grid_1_AutoML_6_20260603_205951_model_1,month_sin,0.16019848381860807
2,1,0.1,XGBoost_grid_1_AutoML_6_20260603_205951_model_1,month_cos,0.11396833135746416
2,1,0.1,XGBoost_grid_1_AutoML_6_20260603_205951_model_1,year,0.0946723959036171
2,1,0.1,XGBoost_grid_1_AutoML_6_20260603_205951_model_4,target_lag1,53.34791465163231
2,1,0.1,XGBoost_grid_1_AutoML_6_20260603_205951_model_4,target_lag2,2.9871957586705684
2,1,0.1,XGBoost_grid_1_AutoML_6_20260603_205951_model_4,target_lag3,1.0210942360758781
2,1,0.1,XGBoost_grid_1_AutoML_6_20260603_205951_model_4,target_lag4,1.869460668452084
2,1,0.1,XGBoost_grid_1_AutoML_6_20260603_205951_model_4,target_lag5,1.3317920289188623
2,1,0.1,XGBoost_grid_1_AutoML_6_20260603_205951_model_4,target_lag6,7.112991867065429
2,1,0.1,XGBoost_grid_1_AutoML_6_20260603_205951_model_4,hour_lag1,3.860284481421113
2,1,0.1,XGBoost_grid_1_AutoML_6_20260603_205951_model_4,day_of_week_lag1,0.5445053458400071
2,1,0.1,XGBoost_grid_1_AutoML_6_20260603_205951_model_4,month_lag1,0.5114720972534269
2,1,0.1,XGBoost_grid_1_AutoML_6_20260603_205951_model_4,trend_lag1,1.0667748194932938
2,1,0.1,XGBoost_grid_1_AutoML_6_20260603_205951_model_4,month_sin,0.12035131296608594
2,1,0.1,XGBoost_grid_1_AutoML_6_20260603_205951_model_4,month_cos,0.12613703350769354
2,1,0.1,XGBoost_grid_1_AutoML_6_20260603_205951_model_4,year,0.17914694242179394
2,1,0.1,DRF_1_AutoML_6_20260603_205951,target_lag1,23.331872817277908
2,1,0.1,DRF_1_AutoML_6_20260603_205951,target_lag2,11.173642509281635
2,1,0.1,DRF_1_AutoML_6_20260603_205951,target_lag3,9.299355383515358
2,1,0.1,DRF_1_AutoML_6_20260603_205951,target_lag4,7.527385514080525
2,1,0.1,DRF_1_AutoML_6_20260603_205951,target_lag5,6.079133710265159
2,1,0.1,DRF_1_AutoML_6_20260603_205951,target_lag6,2.688865017434582
2,1,0.1,DRF_1_AutoML_6_20260603_205951,hour_lag1,2.6867223742604254
2,1,0.1,DRF_1_AutoML_6_20260603_205951,day_of_week_lag1,0.35901409029960635
2,1,0.1,DRF_1_AutoML_6_20260603_205951,month_lag1,0.15378012006636707
2,1,0.1,DRF_1_AutoML_6_20260603_205951,trend_lag1,0.679055307507515
2,1,0.1,DRF_1_AutoML_6_20260603_205951,month_sin,0.08806111809331921
2,1,0.1,DRF_1_AutoML_6_20260603_205951,month_cos,0.09271302590146657
2,1,0.1,DRF_1_AutoML_6_20260603_205951,year,0.16353535800706592
2,1,0.1,XGBoost_3_AutoML_6_20260603_205951,target_lag1,42.24855905115604
2,1,0.1,XGBoost_3_AutoML_6_20260603_205951,target_lag2,11.577650288045406
2,1,0.1,XGBoost_3_AutoML_6_20260603_205951,target_lag3,2.36290456097573
2,1,0.1,XGBoost_3_AutoML_6_20260603_205951,target_lag4,2.854536167383194
2,1,0.1,XGBoost_3_AutoML_6_20260603_205951,target_lag5,3.654009416969493
2,1,0.1,XGBoost_3_AutoML_6_20260603_205951,target_lag6,7.1089672321081165
2,1,0.1,XGBoost_3_AutoML_6_20260603_205951,hour_lag1,3.665487231463194
2,1,0.1,XGBoost_3_AutoML_6_20260603_205951,day_of_week_lag1,0.3820335390418768
2,1,0.1,XGBoost_3_AutoML_6_20260603_205951,month_lag1,0.30840028569102285
2,1,0.1,XGBoost_3_AutoML_6_20260603_205951,trend_lag1,1.1240987935848534
2,1,0.1,XGBoost_3_AutoML_6_20260603_205951,month_sin,0.06113447416864798
2,1,0.1,XGBoost_3_AutoML_6_20260603_205951,month_cos,0.026488840144593226
2,1,0.1,XGBoost_3_AutoML_6_20260603_205951,year,0.12008562971372154
2,1,0.1,GBM_grid_1_AutoML_6_20260603_205951_model_2,target_lag1,40.73368538498878
2,1,0.1,GBM_grid_1_AutoML_6_20260603_205951_model_2,target_lag2,11.924114512205124
2,1,0.1,GBM_grid_1_AutoML_6_20260603_205951_model_2,target_lag3,3.3028963639354334
2,1,0.1,GBM_grid_1_AutoML_6_20260603_205951_model_2,target_lag4,0.880819976478815
2,1,0.1,GBM_grid_1_AutoML_6_20260603_205951_model_2,target_lag5,2.8769619983434676
2,1,0.1,GBM_grid_1_AutoML_6_20260603_205951_model_2,target_lag6,5.4928260969650005
2,1,0.1,GBM_grid_1_AutoML_6_20260603_205951_model_2,hour_lag1,2.8338387729227543
2,1,0.1,GBM_grid_1_AutoML_6_20260603_205951_model_2,day_of_week_lag1,0.17253199442988262
2,1,0.1,GBM_grid_1_AutoML_6_20260603_205951_model_2,month_lag1,0.2852358539868146
2,1,0.1,GBM_grid_1_AutoML_6_20260603_205951_model_2,trend_lag1,0.21898444376885892
2,1,0.1,GBM_grid_1_AutoML_6_20260603_205951_model_2,month_sin,0.021993504819692995
2,1,0.1,GBM_grid_1_AutoML_6_20260603_205951_model_2,month_cos,0.0038284904563624577
2,1,0.1,GBM_grid_1_AutoML_6_20260603_205951_model_2,year,0.03658844496123488
2,1,0.1,XRT_1_AutoML_6_20260603_205951,target_lag1,33.40064933419227
2,1,0.1,XRT_1_AutoML_6_20260603_205951,target_lag2,48370.95168696284
2,1,0.1,XRT_1_AutoML_6_20260603_205951,target_lag3,764.5103536105156
2,1,0.1,XRT_1_AutoML_6_20260603_205951,target_lag4,13.677857229374348
2,1,0.1,XRT_1_AutoML_6_20260603_205951,target_lag5,64.8243428453803
2,1,0.1,XRT_1_AutoML_6_20260603_205951,target_lag6,143.80154309207575
2,1,0.1,XRT_1_AutoML_6_20260603_205951,hour_lag1,806.097117164731
2,1,0.1,XRT_1_AutoML_6_20260603_205951,day_of_week_lag1,11.431260837502778
2,1,0.1,XRT_1_AutoML_6_20260603_205951,month_lag1,54803.50112569749
2,1,0.1,XRT_1_AutoML_6_20260603_205951,trend_lag1,780.1022679328173
2,1,0.1,XRT_1_AutoML_6_20260603_205951,month_sin,389.27666601598264
2,1,0.1,XRT_1_AutoML_6_20260603_205951,month_cos,13019537.931389272
2,1,0.1,XRT_1_AutoML_6_20260603_205951,year,3.0300806856155393
2,1,0.1,XGBoost_grid_1_AutoML_6_20260603_205951_model_6,target_lag1,38.468685665130614
2,1,0.1,XGBoost_grid_1_AutoML_6_20260603_205951_model_6,target_lag2,8.313666480779649
2,1,0.1,XGBoost_grid_1_AutoML_6_20260603_205951_model_6,target_lag3,1.515800293572247
2,1,0.1,XGBoost_grid_1_AutoML_6_20260603_205951_model_6,target_lag4,9.698525180146099
2,1,0.1,XGBoost_grid_1_AutoML_6_20260603_205951_model_6,target_lag5,0.70175830937922
2,1,0.1,XGBoost_grid_1_AutoML_6_20260603_205951_model_6,target_lag6,5.742365487217903
2,1,0.1,XGBoost_grid_1_AutoML_6_20260603_205951_model_6,hour_lag1,3.7551188683509826
2,1,0.1,XGBoost_grid_1_AutoML_6_20260603_205951_model_6,day_of_week_lag1,0.2939556998480111
2,1,0.1,XGBoost_grid_1_AutoML_6_20260603_205951_model_6,month_lag1,0.5226284243538976
2,1,0.1,XGBoost_grid_1_AutoML_6_20260603_205951_model_6,trend_lag1,2.1554967832565306
2,1,0.1,XGBoost_grid_1_AutoML_6_20260603_205951_model_6,month_sin,0.10649008278269317
2,1,0.1,XGBoost_grid_1_AutoML_6_20260603_205951_model_6,month_cos,0.04357216915552267
2,1,0.1,XGBoost_grid_1_AutoML_6_20260603_205951_model_6,year,0.14458601052348963
2,1,0.1,XGBoost_grid_1_AutoML_6_20260603_205951_model_5,target_lag1,16.397073582410812
2,1,0.1,XGBoost_grid_1_AutoML_6_20260603_205951_model_5,target_lag2,28.1048832321167
2,1,0.1,XGBoost_grid_1_AutoML_6_20260603_205951_model_5,target_lag3,12.091257572174072
2,1,0.1,XGBoost_grid_1_AutoML_6_20260603_205951_model_5,target_lag4,2.825822210405022
2,1,0.1,XGBoost_grid_1_AutoML_6_20260603_205951_model_5,target_lag5,2.6551237303763626
2,1,0.1,XGBoost_grid_1_AutoML_6_20260603_205951_model_5,target_lag6,4.828686810731888
2,1,0.1,XGBoost_grid_1_AutoML_6_20260603_205951_model_5,hour_lag1,4.104235070198774
2,1,0.1,XGBoost_grid_1_AutoML_6_20260603_205951_model_5,day_of_week_lag1,0.5142134401807561
2,1,0.1,XGBoost_grid_1_AutoML_6_20260603_205951_model_5,month_lag1,0.30750343178136974
2,1,0.1,XGBoost_grid_1_AutoML_6_20260603_205951_model_5,trend_lag1,1.036341002136469
2,1,0.1,XGBoost_grid_1_AutoML_6_20260603_205951_model_5,month_sin,0.12580165272578595
2,1,0.1,XGBoost_grid_1_AutoML_6_20260603_205951_model_5,month_cos,0.11982621022245436
2,1,0.1,XGBoost_grid_1_AutoML_6_20260603_205951_model_5,year,0.2950065863877535
2,1,0.1,XGBoost_grid_1_AutoML_6_20260603_205951_model_2,target_lag1,32.63893948584795
2,1,0.1,XGBoost_grid_1_AutoML_6_20260603_205951_model_2,target_lag2,2.163164272159338
2,1,0.1,XGBoost_grid_1_AutoML_6_20260603_205951_model_2,target_lag3,22.18589570760727
2,1,0.1,XGBoost_grid_1_AutoML_6_20260603_205951_model_2,target_lag4,2.1225642920285464
2,1,0.1,XGBoost_grid_1_AutoML_6_20260603_205951_model_2,target_lag5,1.5570193371549248
2,1,0.1,XGBoost_grid_1_AutoML_6_20260603_205951_model_2,target_lag6,3.0321786196902396
2,1,0.1,XGBoost_grid_1_AutoML_6_20260603_205951_model_2,hour_lag1,3.5623953863978386
2,1,0.1,XGBoost_grid_1_AutoML_6_20260603_205951_model_2,day_of_week_lag1,0.3709776980429888
2,1,0.1,XGBoost_grid_1_AutoML_6_20260603_205951_model_2,month_lag1,0.3085709472745657
2,1,0.1,XGBoost_grid_1_AutoML_6_20260603_205951_model_2,trend_lag1,0.5505260991491377
2,1,0.1,XGBoost_grid_1_AutoML_6_20260603_205951_model_2,month_sin,0.20129755602334626
2,1,0.1,XGBoost_grid_1_AutoML_6_20260603_205951_model_2,month_cos,0.1253375740931369
2,1,0.1,XGBoost_grid_1_AutoML_6_20260603_205951_model_2,year,0.18053231351543217
2,1,0.1,XGBoost_1_AutoML_6_20260603_205951,target_lag1,30.207014525532724
2,1,0.1,XGBoost_1_AutoML_6_20260603_205951,target_lag2,22.641759407520293
2,1,0.1,XGBoost_1_AutoML_6_20260603_205951,target_lag3,2.479033749867231
2,1,0.1,XGBoost_1_AutoML_6_20260603_205951,target_lag4,1.0638838430028408
2,1,0.1,XGBoost_1_AutoML_6_20260603_205951,target_lag5,4.7181598183512685
2,1,0.1,XGBoost_1_AutoML_6_20260603_205951,target_lag6,4.609591844305396
2,1,0.1,XGBoost_1_AutoML_6_20260603_205951,hour_lag1,3.6465507559478283
2,1,0.1,XGBoost_1_AutoML_6_20260603_205951,day_of_week_lag1,0.4426889772422146
2,1,0.1,XGBoost_1_AutoML_6_20260603_205951,month_lag1,0.42126124487258493
2,1,0.1,XGBoost_1_AutoML_6_20260603_205951,trend_lag1,0.9091985744237899
2,1,0.1,XGBoost_1_AutoML_6_20260603_205951,month_sin,0.1837592937238514
2,1,0.1,XGBoost_1_AutoML_6_20260603_205951,month_cos,0.15307589167729016
2,1,0.1,XGBoost_1_AutoML_6_20260603_205951,year,0.11917484506266188
2,1,0.1,GBM_grid_1_AutoML_6_20260603_205951_model_3,target_lag1,18.883632321357727
2,1,0.1,GBM_grid_1_AutoML_6_20260603_205951_model_3,target_lag2,16.583979495763778
2,1,0.1,GBM_grid_1_AutoML_6_20260603_205951_model_3,target_lag3,5.21952228307724
2,1,0.1,GBM_grid_1_AutoML_6_20260603_205951_model_3,target_lag4,5.64063207745552
2,1,0.1,GBM_grid_1_AutoML_6_20260603_205951_model_3,target_lag5,6.093022915869951
2,1,0.1,GBM_grid_1_AutoML_6_20260603_205951_model_3,target_lag6,7.868327286243439
2,1,0.1,GBM_grid_1_AutoML_6_20260603_205951_model_3,hour_lag1,3.0227554923295976
2,1,0.1,GBM_grid_1_AutoML_6_20260603_205951_model_3,day_of_week_lag1,0.6768862652778626
2,1,0.1,GBM_grid_1_AutoML_6_20260603_205951_model_3,month_lag1,0.32094421677291396
2,1,0.1,GBM_grid_1_AutoML_6_20260603_205951_model_3,trend_lag1,0.912800060659647
2,1,0.1,GBM_grid_1_AutoML_6_20260603_205951_model_3,month_sin,0.07066437414265234
2,1,0.1,GBM_grid_1_AutoML_6_20260603_205951_model_3,month_cos,0.03403153238119554
2,1,0.1,GBM_grid_1_AutoML_6_20260603_205951_model_3,year,0.14032710490922906
2,1,0.2,GBM_1_AutoML_6_20260603_205951,target_lag1,34.13479848206043
2,1,0.2,GBM_1_AutoML_6_20260603_205951,target_lag2,13.391689214110375
2,1,0.2,GBM_1_AutoML_6_20260603_205951,target_lag3,9.79676707983017
2,1,0.2,GBM_1_AutoML_6_20260603_205951,target_lag4,2.61081569544971
2,1,0.2,GBM_1_AutoML_6_20260603_205951,target_lag5,0.3756123664975166
2,1,0.2,GBM_1_AutoML_6_20260603_205951,target_lag6,2.8756511297822
2,1,0.2,GBM_1_AutoML_6_20260603_205951,hour_lag1,3.3219713029265403
2,1,0.2,GBM_1_AutoML_6_20260603_205951,day_of_week_lag1,0.3504590581357479
2,1,0.2,GBM_1_AutoML_6_20260603_205951,month_lag1,0.3298588583082892
2,1,0.2,GBM_1_AutoML_6_20260603_205951,trend_lag1,0.3378406429104507
2,1,0.2,GBM_1_AutoML_6_20260603_205951,month_sin,0.0956482418067753
2,1,0.2,GBM_1_AutoML_6_20260603_205951,month_cos,0.12477684297831726
2,1,0.2,GBM_1_AutoML_6_20260603_205951,year,0.11255192978074771
2,1,0.2,GBM_4_AutoML_6_20260603_205951,target_lag1,44.236488423347474
2,1,0.2,GBM_4_AutoML_6_20260603_205951,target_lag2,7.952414071559906
2,1,0.2,GBM_4_AutoML_6_20260603_205951,target_lag3,4.441239446252585
2,1,0.2,GBM_4_AutoML_6_20260603_205951,target_lag4,0.5156169023364783
2,1,0.2,GBM_4_AutoML_6_20260603_205951,target_lag5,0.3445089649967849
2,1,0.2,GBM_4_AutoML_6_20260603_205951,target_lag6,6.282728722989559
2,1,0.2,GBM_4_AutoML_6_20260603_205951,hour_lag1,3.2673639714717866
2,1,0.2,GBM_4_AutoML_6_20260603_205951,day_of_week_lag1,0.3050902833789587
2,1,0.2,GBM_4_AutoML_6_20260603_205951,month_lag1,0.30164146596565844
2,1,0.2,GBM_4_AutoML_6_20260603_205951,trend_lag1,0.35688307559117677
2,1,0.2,GBM_4_AutoML_6_20260603_205951,month_sin,0.06615666336147111
2,1,0.2,GBM_4_AutoML_6_20260603_205951,month_cos,0.09944452717318196
2,1,0.2,GBM_4_AutoML_6_20260603_205951,year,0.1233134819893166
2,1,0.2,GBM_3_AutoML_6_20260603_205951,target_lag1,36.808892583809794
2,1,0.2,GBM_3_AutoML_6_20260603_205951,target_lag2,10.768903830051421
2,1,0.2,GBM_3_AutoML_6_20260603_205951,target_lag3,8.022037078142166
2,1,0.2,GBM_3_AutoML_6_20260603_205951,target_lag4,1.0818699107319116
2,1,0.2,GBM_3_AutoML_6_20260603_205951,target_lag5,0.9776652880944312
2,1,0.2,GBM_3_AutoML_6_20260603_205951,target_lag6,6.732969101071358
2,1,0.2,GBM_3_AutoML_6_20260603_205951,hour_lag1,3.120011906251311
2,1,0.2,GBM_3_AutoML_6_20260603_205951,day_of_week_lag1,0.30047998920083047
2,1,0.2,GBM_3_AutoML_6_20260603_205951,month_lag1,0.22784317861136516
2,1,0.2,GBM_3_AutoML_6_20260603_205951,trend_lag1,0.3274058928526938
2,1,0.2,GBM_3_AutoML_6_20260603_205951,month_sin,0.08043269948917438
2,1,0.2,GBM_3_AutoML_6_20260603_205951,month_cos,0.039573874215802746
2,1,0.2,GBM_3_AutoML_6_20260603_205951,year,0.1079114660574123
2,1,0.2,GBM_2_AutoML_6_20260603_205951,target_lag1,41.382766534090045
2,1,0.2,GBM_2_AutoML_6_20260603_205951,target_lag2,9.999633235931396
2,1,0.2,GBM_2_AutoML_6_20260603_205951,target_lag3,3.910637056231499
2,1,0.2,GBM_2_AutoML_6_20260603_205951,target_lag4,1.6408334383368492
2,1,0.2,GBM_2_AutoML_6_20260603_205951,target_lag5,0.7608223325107246
2,1,0.2,GBM_2_AutoML_6_20260603_205951,target_lag6,6.415589713156224
2,1,0.2,GBM_2_AutoML_6_20260603_205951,hour_lag1,2.796333009004593
2,1,0.2,GBM_2_AutoML_6_20260603_205951,day_of_week_lag1,0.27031904488801956
2,1,0.2,GBM_2_AutoML_6_20260603_205951,month_lag1,0.267884361371398
2,1,0.2,GBM_2_AutoML_6_20260603_205951,trend_lag1,0.239227991476655
2,1,0.2,GBM_2_AutoML_6_20260603_205951,month_sin,0.029215875300578724
2,1,0.2,GBM_2_AutoML_6_20260603_205951,month_cos,0.04193579479411706
2,1,0.2,GBM_2_AutoML_6_20260603_205951,year,0.10184133772228958
2,1,0.2,GBM_5_AutoML_6_20260603_205951,target_lag1,40.6907955121994
2,1,0.2,GBM_5_AutoML_6_20260603_205951,target_lag2,9.301677076816558
2,1,0.2,GBM_5_AutoML_6_20260603_205951,target_lag3,5.254653351902962
2,1,0.2,GBM_5_AutoML_6_20260603_205951,target_lag4,2.1404910683631897
2,1,0.2,GBM_5_AutoML_6_20260603_205951,target_lag5,1.2440368481352926
2,1,0.2,GBM_5_AutoML_6_20260603_205951,target_lag6,4.311326269507408
2,1,0.2,GBM_5_AutoML_6_20260603_205951,hour_lag1,3.058273443300277
2,1,0.2,GBM_5_AutoML_6_20260603_205951,day_of_week_lag1,0.24925893847830594
2,1,0.2,GBM_5_AutoML_6_20260603_205951,month_lag1,0.4871995374234393
2,1,0.2,GBM_5_AutoML_6_20260603_205951,trend_lag1,0.28785866769147106
2,1,0.2,GBM_5_AutoML_6_20260603_205951,month_sin,0.04709335753228511
2,1,0.2,GBM_5_AutoML_6_20260603_205951,month_cos,0.03373447904596101
2,1,0.2,GBM_5_AutoML_6_20260603_205951,year,0.22512309956829996
2,1,0.2,XGBoost_grid_1_AutoML_6_20260603_205951_model_3,target_lag1,48.87634476184845
2,1,0.2,XGBoost_grid_1_AutoML_6_20260603_205951_model_3,target_lag2,3.9041409052908422
2,1,0.2,XGBoost_grid_1_AutoML_6_20260603_205951_model_3,target_lag3,2.3184420247003437
2,1,0.2,XGBoost_grid_1_AutoML_6_20260603_205951_model_3,target_lag4,1.6939306291937828
2,1,0.2,XGBoost_grid_1_AutoML_6_20260603_205951_model_3,target_lag5,1.8344844484329224
2,1,0.2,XGBoost_grid_1_AutoML_6_20260603_205951_model_3,target_lag6,8.579727532863616
2,1,0.2,XGBoost_grid_1_AutoML_6_20260603_205951_model_3,hour_lag1,3.5412740254029633
2,1,0.2,XGBoost_grid_1_AutoML_6_20260603_205951_model_3,day_of_week_lag1,0.34027273919433354
2,1,0.2,XGBoost_grid_1_AutoML_6_20260603_205951_model_3,month_lag1,0.29066902097314595
2,1,0.2,XGBoost_grid_1_AutoML_6_20260603_205951_model_3,trend_lag1,0.4596472092764452
2,1,0.2,XGBoost_grid_1_AutoML_6_20260603_205951_model_3,month_sin,0.041075234350282666
2,1,0.2,XGBoost_grid_1_AutoML_6_20260603_205951_model_3,month_cos,0.05560904386162289
2,1,0.2,XGBoost_grid_1_AutoML_6_20260603_205951_model_3,year,0.0
2,1,0.2,XGBoost_2_AutoML_6_20260603_205951,target_lag1,42.49103083729744
2,1,0.2,XGBoost_2_AutoML_6_20260603_205951,target_lag2,4.071070202663541
2,1,0.2,XGBoost_2_AutoML_6_20260603_205951,target_lag3,9.357112000286579
2,1,0.2,XGBoost_2_AutoML_6_20260603_205951,target_lag4,1.3620926317572595
2,1,0.2,XGBoost_2_AutoML_6_20260603_205951,target_lag5,2.3278367416374386
2,1,0.2,XGBoost_2_AutoML_6_20260603_205951,target_lag6,3.0353321431577207
2,1,0.2,XGBoost_2_AutoML_6_20260603_205951,hour_lag1,3.278948945757002
2,1,0.2,XGBoost_2_AutoML_6_20260603_205951,day_of_week_lag1,0.39170531630516053
2,1,0.2,XGBoost_2_AutoML_6_20260603_205951,month_lag1,0.45671619202941655
2,1,0.2,XGBoost_2_AutoML_6_20260603_205951,trend_lag1,0.5487777267582714
2,1,0.2,XGBoost_2_AutoML_6_20260603_205951,month_sin,0.08209176825766913
2,1,0.2,XGBoost_2_AutoML_6_20260603_205951,month_cos,0.1321857365965843
2,1,0.2,XGBoost_2_AutoML_6_20260603_205951,year,0.10794245281489565
2,1,0.2,GBM_grid_1_AutoML_6_20260603_205951_model_1,target_lag1,22.282790751457213
2,1,0.2,GBM_grid_1_AutoML_6_20260603_205951_model_1,target_lag2,8.659955420568586
2,1,0.2,GBM_grid_1_AutoML_6_20260603_205951_model_1,target_lag3,9.485489897727966
2,1,0.2,GBM_grid_1_AutoML_6_20260603_205951_model_1,target_lag4,8.755954145789147
2,1,0.2,GBM_grid_1_AutoML_6_20260603_205951_model_1,target_lag5,7.691108524501324
2,1,0.2,GBM_grid_1_AutoML_6_20260603_205951_model_1,target_lag6,4.462873785942793
2,1,0.2,GBM_grid_1_AutoML_6_20260603_205951_model_1,hour_lag1,3.0539643923938273
2,1,0.2,GBM_grid_1_AutoML_6_20260603_205951_model_1,day_of_week_lag1,0.5479988870769739
2,1,0.2,GBM_grid_1_AutoML_6_20260603_205951_model_1,month_lag1,0.327869832739234
2,1,0.2,GBM_grid_1_AutoML_6_20260603_205951_model_1,trend_lag1,0.5782890273630619
2,1,0.2,GBM_grid_1_AutoML_6_20260603_205951_model_1,month_sin,0.1466865618783049
2,1,0.2,GBM_grid_1_AutoML_6_20260603_205951_model_1,month_cos,0.10913764005992559
2,1,0.2,GBM_grid_1_AutoML_6_20260603_205951_model_1,year,0.20051243664696813
2,1,0.2,XGBoost_grid_1_AutoML_6_20260603_205951_model_1,target_lag1,25.700778339505195
2,1,0.2,XGBoost_grid_1_AutoML_6_20260603_205951_model_1,target_lag2,27.767106575965883
2,1,0.2,XGBoost_grid_1_AutoML_6_20260603_205951_model_1,target_lag3,3.09793202675879
2,1,0.2,XGBoost_grid_1_AutoML_6_20260603_205951_model_1,target_lag4,1.0827232737839223
2,1,0.2,XGBoost_grid_1_AutoML_6_20260603_205951_model_1,target_lag5,1.280108395378338
2,1,0.2,XGBoost_grid_1_AutoML_6_20260603_205951_model_1,target_lag6,5.427684041969478
2,1,0.2,XGBoost_grid_1_AutoML_6_20260603_205951_model_1,hour_lag1,3.578752170531079
2,1,0.2,XGBoost_grid_1_AutoML_6_20260603_205951_model_1,day_of_week_lag1,0.36772975489497184
2,1,0.2,XGBoost_grid_1_AutoML_6_20260603_205951_model_1,month_lag1,0.8679287075623869
2,1,0.2,XGBoost_grid_1_AutoML_6_20260603_205951_model_1,trend_lag1,1.1421991086751222
2,1,0.2,XGBoost_grid_1_AutoML_6_20260603_205951_model_1,month_sin,0.16019848381860807
2,1,0.2,XGBoost_grid_1_AutoML_6_20260603_205951_model_1,month_cos,0.11396833135746416
2,1,0.2,XGBoost_grid_1_AutoML_6_20260603_205951_model_1,year,0.0946723959036171
2,1,0.2,XGBoost_grid_1_AutoML_6_20260603_205951_model_4,target_lag1,53.34791465163231
2,1,0.2,XGBoost_grid_1_AutoML_6_20260603_205951_model_4,target_lag2,2.9871957586705684
2,1,0.2,XGBoost_grid_1_AutoML_6_20260603_205951_model_4,target_lag3,1.0210942360758781
2,1,0.2,XGBoost_grid_1_AutoML_6_20260603_205951_model_4,target_lag4,1.869460668452084
2,1,0.2,XGBoost_grid_1_AutoML_6_20260603_205951_model_4,target_lag5,1.3317920289188623
2,1,0.2,XGBoost_grid_1_AutoML_6_20260603_205951_model_4,target_lag6,7.112991867065429
2,1,0.2,XGBoost_grid_1_AutoML_6_20260603_205951_model_4,hour_lag1,3.860284481421113
2,1,0.2,XGBoost_grid_1_AutoML_6_20260603_205951_model_4,day_of_week_lag1,0.5445053458400071
2,1,0.2,XGBoost_grid_1_AutoML_6_20260603_205951_model_4,month_lag1,0.5114720972534269
2,1,0.2,XGBoost_grid_1_AutoML_6_20260603_205951_model_4,trend_lag1,1.0667748194932938
2,1,0.2,XGBoost_grid_1_AutoML_6_20260603_205951_model_4,month_sin,0.12035131296608594
2,1,0.2,XGBoost_grid_1_AutoML_6_20260603_205951_model_4,month_cos,0.12613703350769354
2,1,0.2,XGBoost_grid_1_AutoML_6_20260603_205951_model_4,year,0.17914694242179394
2,1,0.2,DRF_1_AutoML_6_20260603_205951,target_lag1,23.331872817277908
2,1,0.2,DRF_1_AutoML_6_20260603_205951,target_lag2,11.173642509281635
2,1,0.2,DRF_1_AutoML_6_20260603_205951,target_lag3,9.299355383515358
2,1,0.2,DRF_1_AutoML_6_20260603_205951,target_lag4,7.527385514080525
2,1,0.2,DRF_1_AutoML_6_20260603_205951,target_lag5,6.079133710265159
2,1,0.2,DRF_1_AutoML_6_20260603_205951,target_lag6,2.688865017434582
2,1,0.2,DRF_1_AutoML_6_20260603_205951,hour_lag1,2.6867223742604254
2,1,0.2,DRF_1_AutoML_6_20260603_205951,day_of_week_lag1,0.35901409029960635
2,1,0.2,DRF_1_AutoML_6_20260603_205951,month_lag1,0.15378012006636707
2,1,0.2,DRF_1_AutoML_6_20260603_205951,trend_lag1,0.679055307507515
2,1,0.2,DRF_1_AutoML_6_20260603_205951,month_sin,0.08806111809331921
2,1,0.2,DRF_1_AutoML_6_20260603_205951,month_cos,0.09271302590146657
2,1,0.2,DRF_1_AutoML_6_20260603_205951,year,0.16353535800706592
2,1,0.2,XGBoost_3_AutoML_6_20260603_205951,target_lag1,42.24855905115604
2,1,0.2,XGBoost_3_AutoML_6_20260603_205951,target_lag2,11.577650288045406
2,1,0.2,XGBoost_3_AutoML_6_20260603_205951,target_lag3,2.36290456097573
2,1,0.2,XGBoost_3_AutoML_6_20260603_205951,target_lag4,2.854536167383194
2,1,0.2,XGBoost_3_AutoML_6_20260603_205951,target_lag5,3.654009416969493
2,1,0.2,XGBoost_3_AutoML_6_20260603_205951,target_lag6,7.1089672321081165
2,1,0.2,XGBoost_3_AutoML_6_20260603_205951,hour_lag1,3.665487231463194
2,1,0.2,XGBoost_3_AutoML_6_20260603_205951,day_of_week_lag1,0.3820335390418768
2,1,0.2,XGBoost_3_AutoML_6_20260603_205951,month_lag1,0.30840028569102285
2,1,0.2,XGBoost_3_AutoML_6_20260603_205951,trend_lag1,1.1240987935848534
2,1,0.2,XGBoost_3_AutoML_6_20260603_205951,month_sin,0.06113447416864798
2,1,0.2,XGBoost_3_AutoML_6_20260603_205951,month_cos,0.026488840144593226
2,1,0.2,XGBoost_3_AutoML_6_20260603_205951,year,0.12008562971372154
2,1,0.2,GBM_grid_1_AutoML_6_20260603_205951_model_2,target_lag1,40.73368538498878
2,1,0.2,GBM_grid_1_AutoML_6_20260603_205951_model_2,target_lag2,11.924114512205124
2,1,0.2,GBM_grid_1_AutoML_6_20260603_205951_model_2,target_lag3,3.3028963639354334
2,1,0.2,GBM_grid_1_AutoML_6_20260603_205951_model_2,target_lag4,0.880819976478815
2,1,0.2,GBM_grid_1_AutoML_6_20260603_205951_model_2,target_lag5,2.8769619983434676
2,1,0.2,GBM_grid_1_AutoML_6_20260603_205951_model_2,target_lag6,5.4928260969650005
2,1,0.2,GBM_grid_1_AutoML_6_20260603_205951_model_2,hour_lag1,2.8338387729227543
2,1,0.2,GBM_grid_1_AutoML_6_20260603_205951_model_2,day_of_week_lag1,0.17253199442988262
2,1,0.2,GBM_grid_1_AutoML_6_20260603_205951_model_2,month_lag1,0.2852358539868146
2,1,0.2,GBM_grid_1_AutoML_6_20260603_205951_model_2,trend_lag1,0.21898444376885892
2,1,0.2,GBM_grid_1_AutoML_6_20260603_205951_model_2,month_sin,0.021993504819692995
2,1,0.2,GBM_grid_1_AutoML_6_20260603_205951_model_2,month_cos,0.0038284904563624577
2,1,0.2,GBM_grid_1_AutoML_6_20260603_205951_model_2,year,0.03658844496123488
2,1,0.2,XRT_1_AutoML_6_20260603_205951,target_lag1,33.40064933419227
2,1,0.2,XRT_1_AutoML_6_20260603_205951,target_lag2,48370.95168696284
2,1,0.2,XRT_1_AutoML_6_20260603_205951,target_lag3,764.5103536105156
2,1,0.2,XRT_1_AutoML_6_20260603_205951,target_lag4,13.677857229374348
2,1,0.2,XRT_1_AutoML_6_20260603_205951,target_lag5,64.8243428453803
2,1,0.2,XRT_1_AutoML_6_20260603_205951,target_lag6,143.80154309207575
2,1,0.2,XRT_1_AutoML_6_20260603_205951,hour_lag1,806.097117164731
2,1,0.2,XRT_1_AutoML_6_20260603_205951,day_of_week_lag1,11.431260837502778
2,1,0.2,XRT_1_AutoML_6_20260603_205951,month_lag1,54803.50112569749
2,1,0.2,XRT_1_AutoML_6_20260603_205951,trend_lag1,780.1022679328173
2,1,0.2,XRT_1_AutoML_6_20260603_205951,month_sin,389.27666601598264
2,1,0.2,XRT_1_AutoML_6_20260603_205951,month_cos,13019537.931389272
2,1,0.2,XRT_1_AutoML_6_20260603_205951,year,3.0300806856155393
2,1,0.2,XGBoost_grid_1_AutoML_6_20260603_205951_model_6,target_lag1,38.468685665130614
2,1,0.2,XGBoost_grid_1_AutoML_6_20260603_205951_model_6,target_lag2,8.313666480779649
2,1,0.2,XGBoost_grid_1_AutoML_6_20260603_205951_model_6,target_lag3,1.515800293572247
2,1,0.2,XGBoost_grid_1_AutoML_6_20260603_205951_model_6,target_lag4,9.698525180146099
2,1,0.2,XGBoost_grid_1_AutoML_6_20260603_205951_model_6,target_lag5,0.70175830937922
2,1,0.2,XGBoost_grid_1_AutoML_6_20260603_205951_model_6,target_lag6,5.742365487217903
2,1,0.2,XGBoost_grid_1_AutoML_6_20260603_205951_model_6,hour_lag1,3.7551188683509826
2,1,0.2,XGBoost_grid_1_AutoML_6_20260603_205951_model_6,day_of_week_lag1,0.2939556998480111
2,1,0.2,XGBoost_grid_1_AutoML_6_20260603_205951_model_6,month_lag1,0.5226284243538976
2,1,0.2,XGBoost_grid_1_AutoML_6_20260603_205951_model_6,trend_lag1,2.1554967832565306
2,1,0.2,XGBoost_grid_1_AutoML_6_20260603_205951_model_6,month_sin,0.10649008278269317
2,1,0.2,XGBoost_grid_1_AutoML_6_20260603_205951_model_6,month_cos,0.04357216915552267
2,1,0.2,XGBoost_grid_1_AutoML_6_20260603_205951_model_6,year,0.14458601052348963
2,1,0.2,XGBoost_grid_1_AutoML_6_20260603_205951_model_5,target_lag1,16.397073582410812
2,1,0.2,XGBoost_grid_1_AutoML_6_20260603_205951_model_5,target_lag2,28.1048832321167
2,1,0.2,XGBoost_grid_1_AutoML_6_20260603_205951_model_5,target_lag3,12.091257572174072
2,1,0.2,XGBoost_grid_1_AutoML_6_20260603_205951_model_5,target_lag4,2.825822210405022
2,1,0.2,XGBoost_grid_1_AutoML_6_20260603_205951_model_5,target_lag5,2.6551237303763626
2,1,0.2,XGBoost_grid_1_AutoML_6_20260603_205951_model_5,target_lag6,4.828686810731888
2,1,0.2,XGBoost_grid_1_AutoML_6_20260603_205951_model_5,hour_lag1,4.104235070198774
2,1,0.2,XGBoost_grid_1_AutoML_6_20260603_205951_model_5,day_of_week_lag1,0.5142134401807561
2,1,0.2,XGBoost_grid_1_AutoML_6_20260603_205951_model_5,month_lag1,0.30750343178136974
2,1,0.2,XGBoost_grid_1_AutoML_6_20260603_205951_model_5,trend_lag1,1.036341002136469
2,1,0.2,XGBoost_grid_1_AutoML_6_20260603_205951_model_5,month_sin,0.12580165272578595
2,1,0.2,XGBoost_grid_1_AutoML_6_20260603_205951_model_5,month_cos,0.11982621022245436
2,1,0.2,XGBoost_grid_1_AutoML_6_20260603_205951_model_5,year,0.2950065863877535
2,1,0.2,XGBoost_grid_1_AutoML_6_20260603_205951_model_2,target_lag1,32.63893948584795
2,1,0.2,XGBoost_grid_1_AutoML_6_20260603_205951_model_2,target_lag2,2.163164272159338
2,1,0.2,XGBoost_grid_1_AutoML_6_20260603_205951_model_2,target_lag3,22.18589570760727
2,1,0.2,XGBoost_grid_1_AutoML_6_20260603_205951_model_2,target_lag4,2.1225642920285464
2,1,0.2,XGBoost_grid_1_AutoML_6_20260603_205951_model_2,target_lag5,1.5570193371549248
2,1,0.2,XGBoost_grid_1_AutoML_6_20260603_205951_model_2,target_lag6,3.0321786196902396
2,1,0.2,XGBoost_grid_1_AutoML_6_20260603_205951_model_2,hour_lag1,3.5623953863978386
2,1,0.2,XGBoost_grid_1_AutoML_6_20260603_205951_model_2,day_of_week_lag1,0.3709776980429888
2,1,0.2,XGBoost_grid_1_AutoML_6_20260603_205951_model_2,month_lag1,0.3085709472745657
2,1,0.2,XGBoost_grid_1_AutoML_6_20260603_205951_model_2,trend_lag1,0.5505260991491377
2,1,0.2,XGBoost_grid_1_AutoML_6_20260603_205951_model_2,month_sin,0.20129755602334626
2,1,0.2,XGBoost_grid_1_AutoML_6_20260603_205951_model_2,month_cos,0.1253375740931369
2,1,0.2,XGBoost_grid_1_AutoML_6_20260603_205951_model_2,year,0.18053231351543217
2,1,0.2,XGBoost_1_AutoML_6_20260603_205951,target_lag1,30.207014525532724
2,1,0.2,XGBoost_1_AutoML_6_20260603_205951,target_lag2,22.641759407520293
2,1,0.2,XGBoost_1_AutoML_6_20260603_205951,target_lag3,2.479033749867231
2,1,0.2,XGBoost_1_AutoML_6_20260603_205951,target_lag4,1.0638838430028408
2,1,0.2,XGBoost_1_AutoML_6_20260603_205951,target_lag5,4.7181598183512685
2,1,0.2,XGBoost_1_AutoML_6_20260603_205951,target_lag6,4.609591844305396
2,1,0.2,XGBoost_1_AutoML_6_20260603_205951,hour_lag1,3.6465507559478283
2,1,0.2,XGBoost_1_AutoML_6_20260603_205951,day_of_week_lag1,0.4426889772422146
2,1,0.2,XGBoost_1_AutoML_6_20260603_205951,month_lag1,0.42126124487258493
2,1,0.2,XGBoost_1_AutoML_6_20260603_205951,trend_lag1,0.9091985744237899
2,1,0.2,XGBoost_1_AutoML_6_20260603_205951,month_sin,0.1837592937238514
2,1,0.2,XGBoost_1_AutoML_6_20260603_205951,month_cos,0.15307589167729016
2,1,0.2,XGBoost_1_AutoML_6_20260603_205951,year,0.11917484506266188
2,1,0.2,GBM_grid_1_AutoML_6_20260603_205951_model_3,target_lag1,18.883632321357727
2,1,0.2,GBM_grid_1_AutoML_6_20260603_205951_model_3,target_lag2,16.583979495763778
2,1,0.2,GBM_grid_1_AutoML_6_20260603_205951_model_3,target_lag3,5.21952228307724
2,1,0.2,GBM_grid_1_AutoML_6_20260603_205951_model_3,target_lag4,5.64063207745552
2,1,0.2,GBM_grid_1_AutoML_6_20260603_205951_model_3,target_lag5,6.093022915869951
2,1,0.2,GBM_grid_1_AutoML_6_20260603_205951_model_3,target_lag6,7.868327286243439
2,1,0.2,GBM_grid_1_AutoML_6_20260603_205951_model_3,hour_lag1,3.0227554923295976
2,1,0.2,GBM_grid_1_AutoML_6_20260603_205951_model_3,day_of_week_lag1,0.6768862652778626
2,1,0.2,GBM_grid_1_AutoML_6_20260603_205951_model_3,month_lag1,0.32094421677291396
2,1,0.2,GBM_grid_1_AutoML_6_20260603_205951_model_3,trend_lag1,0.912800060659647
2,1,0.2,GBM_grid_1_AutoML_6_20260603_205951_model_3,month_sin,0.07066437414265234
2,1,0.2,GBM_grid_1_AutoML_6_20260603_205951_model_3,month_cos,0.03403153238119554
2,1,0.2,GBM_grid_1_AutoML_6_20260603_205951_model_3,year,0.14032710490922906
2,1,0.2,GLM_1_AutoML_6_20260603_205951,target_lag1,44.5775953558971
2,1,0.2,GLM_1_AutoML_6_20260603_205951,target_lag2,15.374935550964057
2,1,0.2,GLM_1_AutoML_6_20260603_205951,target_lag3,5.428838413244676
2,1,0.2,GLM_1_AutoML_6_20260603_205951,target_lag4,1.1792343141286823
2,1,0.2,GLM_1_AutoML_6_20260603_205951,target_lag5,0.9164999551706907
2,1,0.2,GLM_1_AutoML_6_20260603_205951,target_lag6,2.631530457300653
2,1,0.2,GLM_1_AutoML_6_20260603_205951,hour_lag1,0.10693759902979316
2,1,0.2,GLM_1_AutoML_6_20260603_205951,day_of_week_lag1,0.061972530591986305
2,1,0.2,GLM_1_AutoML_6_20260603_205951,month_lag1,0.015174405508526582
2,1,0.2,GLM_1_AutoML_6_20260603_205951,trend_lag1,0.026214431463449026
2,1,0.2,GLM_1_AutoML_6_20260603_205951,month_sin,0.0019675453813622827
2,1,0.2,GLM_1_AutoML_6_20260603_205951,month_cos,0.00364506220762934
2,1,0.2,GLM_1_AutoML_6_20260603_205951,year,0.2166031426767871
2,1,0.3,GBM_1_AutoML_6_20260603_205951,target_lag1,34.13479848206043
2,1,0.3,GBM_1_AutoML_6_20260603_205951,target_lag2,13.391689214110375
2,1,0.3,GBM_1_AutoML_6_20260603_205951,target_lag3,9.79676707983017
2,1,0.3,GBM_1_AutoML_6_20260603_205951,target_lag4,2.61081569544971
2,1,0.3,GBM_1_AutoML_6_20260603_205951,target_lag5,0.3756123664975166
2,1,0.3,GBM_1_AutoML_6_20260603_205951,target_lag6,2.8756511297822
2,1,0.3,GBM_1_AutoML_6_20260603_205951,hour_lag1,3.3219713029265403
2,1,0.3,GBM_1_AutoML_6_20260603_205951,day_of_week_lag1,0.3504590581357479
2,1,0.3,GBM_1_AutoML_6_20260603_205951,month_lag1,0.3298588583082892
2,1,0.3,GBM_1_AutoML_6_20260603_205951,trend_lag1,0.3378406429104507
2,1,0.3,GBM_1_AutoML_6_20260603_205951,month_sin,0.0956482418067753
2,1,0.3,GBM_1_AutoML_6_20260603_205951,month_cos,0.12477684297831726
2,1,0.3,GBM_1_AutoML_6_20260603_205951,year,0.11255192978074771
2,1,0.3,GBM_4_AutoML_6_20260603_205951,target_lag1,44.236488423347474
2,1,0.3,GBM_4_AutoML_6_20260603_205951,target_lag2,7.952414071559906
2,1,0.3,GBM_4_AutoML_6_20260603_205951,target_lag3,4.441239446252585
2,1,0.3,GBM_4_AutoML_6_20260603_205951,target_lag4,0.5156169023364783
2,1,0.3,GBM_4_AutoML_6_20260603_205951,target_lag5,0.3445089649967849
2,1,0.3,GBM_4_AutoML_6_20260603_205951,target_lag6,6.282728722989559
2,1,0.3,GBM_4_AutoML_6_20260603_205951,hour_lag1,3.2673639714717866
2,1,0.3,GBM_4_AutoML_6_20260603_205951,day_of_week_lag1,0.3050902833789587
2,1,0.3,GBM_4_AutoML_6_20260603_205951,month_lag1,0.30164146596565844
2,1,0.3,GBM_4_AutoML_6_20260603_205951,trend_lag1,0.35688307559117677
2,1,0.3,GBM_4_AutoML_6_20260603_205951,month_sin,0.06615666336147111
2,1,0.3,GBM_4_AutoML_6_20260603_205951,month_cos,0.09944452717318196
2,1,0.3,GBM_4_AutoML_6_20260603_205951,year,0.1233134819893166
2,1,0.3,GBM_3_AutoML_6_20260603_205951,target_lag1,36.808892583809794
2,1,0.3,GBM_3_AutoML_6_20260603_205951,target_lag2,10.768903830051421
2,1,0.3,GBM_3_AutoML_6_20260603_205951,target_lag3,8.022037078142166
2,1,0.3,GBM_3_AutoML_6_20260603_205951,target_lag4,1.0818699107319116
2,1,0.3,GBM_3_AutoML_6_20260603_205951,target_lag5,0.9776652880944312
2,1,0.3,GBM_3_AutoML_6_20260603_205951,target_lag6,6.732969101071358
2,1,0.3,GBM_3_AutoML_6_20260603_205951,hour_lag1,3.120011906251311
2,1,0.3,GBM_3_AutoML_6_20260603_205951,day_of_week_lag1,0.30047998920083047
2,1,0.3,GBM_3_AutoML_6_20260603_205951,month_lag1,0.22784317861136516
2,1,0.3,GBM_3_AutoML_6_20260603_205951,trend_lag1,0.3274058928526938
2,1,0.3,GBM_3_AutoML_6_20260603_205951,month_sin,0.08043269948917438
2,1,0.3,GBM_3_AutoML_6_20260603_205951,month_cos,0.039573874215802746
2,1,0.3,GBM_3_AutoML_6_20260603_205951,year,0.1079114660574123
2,1,0.3,GBM_2_AutoML_6_20260603_205951,target_lag1,41.382766534090045
2,1,0.3,GBM_2_AutoML_6_20260603_205951,target_lag2,9.999633235931396
2,1,0.3,GBM_2_AutoML_6_20260603_205951,target_lag3,3.910637056231499
2,1,0.3,GBM_2_AutoML_6_20260603_205951,target_lag4,1.6408334383368492
2,1,0.3,GBM_2_AutoML_6_20260603_205951,target_lag5,0.7608223325107246
2,1,0.3,GBM_2_AutoML_6_20260603_205951,target_lag6,6.415589713156224
2,1,0.3,GBM_2_AutoML_6_20260603_205951,hour_lag1,2.796333009004593
2,1,0.3,GBM_2_AutoML_6_20260603_205951,day_of_week_lag1,0.27031904488801956
2,1,0.3,GBM_2_AutoML_6_20260603_205951,month_lag1,0.267884361371398
2,1,0.3,GBM_2_AutoML_6_20260603_205951,trend_lag1,0.239227991476655
2,1,0.3,GBM_2_AutoML_6_20260603_205951,month_sin,0.029215875300578724
2,1,0.3,GBM_2_AutoML_6_20260603_205951,month_cos,0.04193579479411706
2,1,0.3,GBM_2_AutoML_6_20260603_205951,year,0.10184133772228958
2,1,0.3,GBM_5_AutoML_6_20260603_205951,target_lag1,40.6907955121994
2,1,0.3,GBM_5_AutoML_6_20260603_205951,target_lag2,9.301677076816558
2,1,0.3,GBM_5_AutoML_6_20260603_205951,target_lag3,5.254653351902962
2,1,0.3,GBM_5_AutoML_6_20260603_205951,target_lag4,2.1404910683631897
2,1,0.3,GBM_5_AutoML_6_20260603_205951,target_lag5,1.2440368481352926
2,1,0.3,GBM_5_AutoML_6_20260603_205951,target_lag6,4.311326269507408
2,1,0.3,GBM_5_AutoML_6_20260603_205951,hour_lag1,3.058273443300277
2,1,0.3,GBM_5_AutoML_6_20260603_205951,day_of_week_lag1,0.24925893847830594
2,1,0.3,GBM_5_AutoML_6_20260603_205951,month_lag1,0.4871995374234393
2,1,0.3,GBM_5_AutoML_6_20260603_205951,trend_lag1,0.28785866769147106
2,1,0.3,GBM_5_AutoML_6_20260603_205951,month_sin,0.04709335753228511
2,1,0.3,GBM_5_AutoML_6_20260603_205951,month_cos,0.03373447904596101
2,1,0.3,GBM_5_AutoML_6_20260603_205951,year,0.22512309956829996
2,1,0.3,XGBoost_grid_1_AutoML_6_20260603_205951_model_3,target_lag1,48.87634476184845
2,1,0.3,XGBoost_grid_1_AutoML_6_20260603_205951_model_3,target_lag2,3.9041409052908422
2,1,0.3,XGBoost_grid_1_AutoML_6_20260603_205951_model_3,target_lag3,2.3184420247003437
2,1,0.3,XGBoost_grid_1_AutoML_6_20260603_205951_model_3,target_lag4,1.6939306291937828
2,1,0.3,XGBoost_grid_1_AutoML_6_20260603_205951_model_3,target_lag5,1.8344844484329224
2,1,0.3,XGBoost_grid_1_AutoML_6_20260603_205951_model_3,target_lag6,8.579727532863616
2,1,0.3,XGBoost_grid_1_AutoML_6_20260603_205951_model_3,hour_lag1,3.5412740254029633
2,1,0.3,XGBoost_grid_1_AutoML_6_20260603_205951_model_3,day_of_week_lag1,0.34027273919433354
2,1,0.3,XGBoost_grid_1_AutoML_6_20260603_205951_model_3,month_lag1,0.29066902097314595
2,1,0.3,XGBoost_grid_1_AutoML_6_20260603_205951_model_3,trend_lag1,0.4596472092764452
2,1,0.3,XGBoost_grid_1_AutoML_6_20260603_205951_model_3,month_sin,0.041075234350282666
2,1,0.3,XGBoost_grid_1_AutoML_6_20260603_205951_model_3,month_cos,0.05560904386162289
2,1,0.3,XGBoost_grid_1_AutoML_6_20260603_205951_model_3,year,0.0
2,1,0.3,XGBoost_2_AutoML_6_20260603_205951,target_lag1,42.49103083729744
2,1,0.3,XGBoost_2_AutoML_6_20260603_205951,target_lag2,4.071070202663541
2,1,0.3,XGBoost_2_AutoML_6_20260603_205951,target_lag3,9.357112000286579
2,1,0.3,XGBoost_2_AutoML_6_20260603_205951,target_lag4,1.3620926317572595
2,1,0.3,XGBoost_2_AutoML_6_20260603_205951,target_lag5,2.3278367416374386
2,1,0.3,XGBoost_2_AutoML_6_20260603_205951,target_lag6,3.0353321431577207
2,1,0.3,XGBoost_2_AutoML_6_20260603_205951,hour_lag1,3.278948945757002
2,1,0.3,XGBoost_2_AutoML_6_20260603_205951,day_of_week_lag1,0.39170531630516053
2,1,0.3,XGBoost_2_AutoML_6_20260603_205951,month_lag1,0.45671619202941655
2,1,0.3,XGBoost_2_AutoML_6_20260603_205951,trend_lag1,0.5487777267582714
2,1,0.3,XGBoost_2_AutoML_6_20260603_205951,month_sin,0.08209176825766913
2,1,0.3,XGBoost_2_AutoML_6_20260603_205951,month_cos,0.1321857365965843
2,1,0.3,XGBoost_2_AutoML_6_20260603_205951,year,0.10794245281489565
2,1,0.3,GBM_grid_1_AutoML_6_20260603_205951_model_1,target_lag1,22.282790751457213
2,1,0.3,GBM_grid_1_AutoML_6_20260603_205951_model_1,target_lag2,8.659955420568586
2,1,0.3,GBM_grid_1_AutoML_6_20260603_205951_model_1,target_lag3,9.485489897727966
2,1,0.3,GBM_grid_1_AutoML_6_20260603_205951_model_1,target_lag4,8.755954145789147
2,1,0.3,GBM_grid_1_AutoML_6_20260603_205951_model_1,target_lag5,7.691108524501324
2,1,0.3,GBM_grid_1_AutoML_6_20260603_205951_model_1,target_lag6,4.462873785942793
2,1,0.3,GBM_grid_1_AutoML_6_20260603_205951_model_1,hour_lag1,3.0539643923938273
2,1,0.3,GBM_grid_1_AutoML_6_20260603_205951_model_1,day_of_week_lag1,0.5479988870769739
2,1,0.3,GBM_grid_1_AutoML_6_20260603_205951_model_1,month_lag1,0.327869832739234
2,1,0.3,GBM_grid_1_AutoML_6_20260603_205951_model_1,trend_lag1,0.5782890273630619
2,1,0.3,GBM_grid_1_AutoML_6_20260603_205951_model_1,month_sin,0.1466865618783049
2,1,0.3,GBM_grid_1_AutoML_6_20260603_205951_model_1,month_cos,0.10913764005992559
2,1,0.3,GBM_grid_1_AutoML_6_20260603_205951_model_1,year,0.20051243664696813
2,1,0.3,XGBoost_grid_1_AutoML_6_20260603_205951_model_1,target_lag1,25.700778339505195
2,1,0.3,XGBoost_grid_1_AutoML_6_20260603_205951_model_1,target_lag2,27.767106575965883
2,1,0.3,XGBoost_grid_1_AutoML_6_20260603_205951_model_1,target_lag3,3.09793202675879
2,1,0.3,XGBoost_grid_1_AutoML_6_20260603_205951_model_1,target_lag4,1.0827232737839223
2,1,0.3,XGBoost_grid_1_AutoML_6_20260603_205951_model_1,target_lag5,1.280108395378338
2,1,0.3,XGBoost_grid_1_AutoML_6_20260603_205951_model_1,target_lag6,5.427684041969478
2,1,0.3,XGBoost_grid_1_AutoML_6_20260603_205951_model_1,hour_lag1,3.578752170531079
2,1,0.3,XGBoost_grid_1_AutoML_6_20260603_205951_model_1,day_of_week_lag1,0.36772975489497184
2,1,0.3,XGBoost_grid_1_AutoML_6_20260603_205951_model_1,month_lag1,0.8679287075623869
2,1,0.3,XGBoost_grid_1_AutoML_6_20260603_205951_model_1,trend_lag1,1.1421991086751222
2,1,0.3,XGBoost_grid_1_AutoML_6_20260603_205951_model_1,month_sin,0.16019848381860807
2,1,0.3,XGBoost_grid_1_AutoML_6_20260603_205951_model_1,month_cos,0.11396833135746416
2,1,0.3,XGBoost_grid_1_AutoML_6_20260603_205951_model_1,year,0.0946723959036171
2,1,0.3,XGBoost_grid_1_AutoML_6_20260603_205951_model_4,target_lag1,53.34791465163231
2,1,0.3,XGBoost_grid_1_AutoML_6_20260603_205951_model_4,target_lag2,2.9871957586705684
2,1,0.3,XGBoost_grid_1_AutoML_6_20260603_205951_model_4,target_lag3,1.0210942360758781
2,1,0.3,XGBoost_grid_1_AutoML_6_20260603_205951_model_4,target_lag4,1.869460668452084
2,1,0.3,XGBoost_grid_1_AutoML_6_20260603_205951_model_4,target_lag5,1.3317920289188623
2,1,0.3,XGBoost_grid_1_AutoML_6_20260603_205951_model_4,target_lag6,7.112991867065429
2,1,0.3,XGBoost_grid_1_AutoML_6_20260603_205951_model_4,hour_lag1,3.860284481421113
2,1,0.3,XGBoost_grid_1_AutoML_6_20260603_205951_model_4,day_of_week_lag1,0.5445053458400071
2,1,0.3,XGBoost_grid_1_AutoML_6_20260603_205951_model_4,month_lag1,0.5114720972534269
2,1,0.3,XGBoost_grid_1_AutoML_6_20260603_205951_model_4,trend_lag1,1.0667748194932938
2,1,0.3,XGBoost_grid_1_AutoML_6_20260603_205951_model_4,month_sin,0.12035131296608594
2,1,0.3,XGBoost_grid_1_AutoML_6_20260603_205951_model_4,month_cos,0.12613703350769354
2,1,0.3,XGBoost_grid_1_AutoML_6_20260603_205951_model_4,year,0.17914694242179394
2,1,0.3,DRF_1_AutoML_6_20260603_205951,target_lag1,23.331872817277908
2,1,0.3,DRF_1_AutoML_6_20260603_205951,target_lag2,11.173642509281635
2,1,0.3,DRF_1_AutoML_6_20260603_205951,target_lag3,9.299355383515358
2,1,0.3,DRF_1_AutoML_6_20260603_205951,target_lag4,7.527385514080525
2,1,0.3,DRF_1_AutoML_6_20260603_205951,target_lag5,6.079133710265159
2,1,0.3,DRF_1_AutoML_6_20260603_205951,target_lag6,2.688865017434582
2,1,0.3,DRF_1_AutoML_6_20260603_205951,hour_lag1,2.6867223742604254
2,1,0.3,DRF_1_AutoML_6_20260603_205951,day_of_week_lag1,0.35901409029960635
2,1,0.3,DRF_1_AutoML_6_20260603_205951,month_lag1,0.15378012006636707
2,1,0.3,DRF_1_AutoML_6_20260603_205951,trend_lag1,0.679055307507515
2,1,0.3,DRF_1_AutoML_6_20260603_205951,month_sin,0.08806111809331921
2,1,0.3,DRF_1_AutoML_6_20260603_205951,month_cos,0.09271302590146657
2,1,0.3,DRF_1_AutoML_6_20260603_205951,year,0.16353535800706592
2,1,0.3,XGBoost_3_AutoML_6_20260603_205951,target_lag1,42.24855905115604
2,1,0.3,XGBoost_3_AutoML_6_20260603_205951,target_lag2,11.577650288045406
2,1,0.3,XGBoost_3_AutoML_6_20260603_205951,target_lag3,2.36290456097573
2,1,0.3,XGBoost_3_AutoML_6_20260603_205951,target_lag4,2.854536167383194
2,1,0.3,XGBoost_3_AutoML_6_20260603_205951,target_lag5,3.654009416969493
2,1,0.3,XGBoost_3_AutoML_6_20260603_205951,target_lag6,7.1089672321081165
2,1,0.3,XGBoost_3_AutoML_6_20260603_205951,hour_lag1,3.665487231463194
2,1,0.3,XGBoost_3_AutoML_6_20260603_205951,day_of_week_lag1,0.3820335390418768
2,1,0.3,XGBoost_3_AutoML_6_20260603_205951,month_lag1,0.30840028569102285
2,1,0.3,XGBoost_3_AutoML_6_20260603_205951,trend_lag1,1.1240987935848534
2,1,0.3,XGBoost_3_AutoML_6_20260603_205951,month_sin,0.06113447416864798
2,1,0.3,XGBoost_3_AutoML_6_20260603_205951,month_cos,0.026488840144593226
2,1,0.3,XGBoost_3_AutoML_6_20260603_205951,year,0.12008562971372154
2,1,0.3,GBM_grid_1_AutoML_6_20260603_205951_model_2,target_lag1,40.73368538498878
2,1,0.3,GBM_grid_1_AutoML_6_20260603_205951_model_2,target_lag2,11.924114512205124
2,1,0.3,GBM_grid_1_AutoML_6_20260603_205951_model_2,target_lag3,3.3028963639354334
2,1,0.3,GBM_grid_1_AutoML_6_20260603_205951_model_2,target_lag4,0.880819976478815
2,1,0.3,GBM_grid_1_AutoML_6_20260603_205951_model_2,target_lag5,2.8769619983434676
2,1,0.3,GBM_grid_1_AutoML_6_20260603_205951_model_2,target_lag6,5.4928260969650005
2,1,0.3,GBM_grid_1_AutoML_6_20260603_205951_model_2,hour_lag1,2.8338387729227543
2,1,0.3,GBM_grid_1_AutoML_6_20260603_205951_model_2,day_of_week_lag1,0.17253199442988262
2,1,0.3,GBM_grid_1_AutoML_6_20260603_205951_model_2,month_lag1,0.2852358539868146
2,1,0.3,GBM_grid_1_AutoML_6_20260603_205951_model_2,trend_lag1,0.21898444376885892
2,1,0.3,GBM_grid_1_AutoML_6_20260603_205951_model_2,month_sin,0.021993504819692995
2,1,0.3,GBM_grid_1_AutoML_6_20260603_205951_model_2,month_cos,0.0038284904563624577
2,1,0.3,GBM_grid_1_AutoML_6_20260603_205951_model_2,year,0.03658844496123488
2,1,0.3,XRT_1_AutoML_6_20260603_205951,target_lag1,33.40064933419227
2,1,0.3,XRT_1_AutoML_6_20260603_205951,target_lag2,48370.95168696284
2,1,0.3,XRT_1_AutoML_6_20260603_205951,target_lag3,764.5103536105156
2,1,0.3,XRT_1_AutoML_6_20260603_205951,target_lag4,13.677857229374348
2,1,0.3,XRT_1_AutoML_6_20260603_205951,target_lag5,64.8243428453803
2,1,0.3,XRT_1_AutoML_6_20260603_205951,target_lag6,143.80154309207575
2,1,0.3,XRT_1_AutoML_6_20260603_205951,hour_lag1,806.097117164731
2,1,0.3,XRT_1_AutoML_6_20260603_205951,day_of_week_lag1,11.431260837502778
2,1,0.3,XRT_1_AutoML_6_20260603_205951,month_lag1,54803.50112569749
2,1,0.3,XRT_1_AutoML_6_20260603_205951,trend_lag1,780.1022679328173
2,1,0.3,XRT_1_AutoML_6_20260603_205951,month_sin,389.27666601598264
2,1,0.3,XRT_1_AutoML_6_20260603_205951,month_cos,13019537.931389272
2,1,0.3,XRT_1_AutoML_6_20260603_205951,year,3.0300806856155393
2,1,0.3,XGBoost_grid_1_AutoML_6_20260603_205951_model_6,target_lag1,38.468685665130614
2,1,0.3,XGBoost_grid_1_AutoML_6_20260603_205951_model_6,target_lag2,8.313666480779649
2,1,0.3,XGBoost_grid_1_AutoML_6_20260603_205951_model_6,target_lag3,1.515800293572247
2,1,0.3,XGBoost_grid_1_AutoML_6_20260603_205951_model_6,target_lag4,9.698525180146099
2,1,0.3,XGBoost_grid_1_AutoML_6_20260603_205951_model_6,target_lag5,0.70175830937922
2,1,0.3,XGBoost_grid_1_AutoML_6_20260603_205951_model_6,target_lag6,5.742365487217903
2,1,0.3,XGBoost_grid_1_AutoML_6_20260603_205951_model_6,hour_lag1,3.7551188683509826
2,1,0.3,XGBoost_grid_1_AutoML_6_20260603_205951_model_6,day_of_week_lag1,0.2939556998480111
2,1,0.3,XGBoost_grid_1_AutoML_6_20260603_205951_model_6,month_lag1,0.5226284243538976
2,1,0.3,XGBoost_grid_1_AutoML_6_20260603_205951_model_6,trend_lag1,2.1554967832565306
2,1,0.3,XGBoost_grid_1_AutoML_6_20260603_205951_model_6,month_sin,0.10649008278269317
2,1,0.3,XGBoost_grid_1_AutoML_6_20260603_205951_model_6,month_cos,0.04357216915552267
2,1,0.3,XGBoost_grid_1_AutoML_6_20260603_205951_model_6,year,0.14458601052348963
2,1,0.3,XGBoost_grid_1_AutoML_6_20260603_205951_model_5,target_lag1,16.397073582410812
2,1,0.3,XGBoost_grid_1_AutoML_6_20260603_205951_model_5,target_lag2,28.1048832321167
2,1,0.3,XGBoost_grid_1_AutoML_6_20260603_205951_model_5,target_lag3,12.091257572174072
2,1,0.3,XGBoost_grid_1_AutoML_6_20260603_205951_model_5,target_lag4,2.825822210405022
2,1,0.3,XGBoost_grid_1_AutoML_6_20260603_205951_model_5,target_lag5,2.6551237303763626
2,1,0.3,XGBoost_grid_1_AutoML_6_20260603_205951_model_5,target_lag6,4.828686810731888
2,1,0.3,XGBoost_grid_1_AutoML_6_20260603_205951_model_5,hour_lag1,4.104235070198774
2,1,0.3,XGBoost_grid_1_AutoML_6_20260603_205951_model_5,day_of_week_lag1,0.5142134401807561
2,1,0.3,XGBoost_grid_1_AutoML_6_20260603_205951_model_5,month_lag1,0.30750343178136974
2,1,0.3,XGBoost_grid_1_AutoML_6_20260603_205951_model_5,trend_lag1,1.036341002136469
2,1,0.3,XGBoost_grid_1_AutoML_6_20260603_205951_model_5,month_sin,0.12580165272578595
2,1,0.3,XGBoost_grid_1_AutoML_6_20260603_205951_model_5,month_cos,0.11982621022245436
2,1,0.3,XGBoost_grid_1_AutoML_6_20260603_205951_model_5,year,0.2950065863877535
2,1,0.3,XGBoost_grid_1_AutoML_6_20260603_205951_model_2,target_lag1,32.63893948584795
2,1,0.3,XGBoost_grid_1_AutoML_6_20260603_205951_model_2,target_lag2,2.163164272159338
2,1,0.3,XGBoost_grid_1_AutoML_6_20260603_205951_model_2,target_lag3,22.18589570760727
2,1,0.3,XGBoost_grid_1_AutoML_6_20260603_205951_model_2,target_lag4,2.1225642920285464
2,1,0.3,XGBoost_grid_1_AutoML_6_20260603_205951_model_2,target_lag5,1.5570193371549248
2,1,0.3,XGBoost_grid_1_AutoML_6_20260603_205951_model_2,target_lag6,3.0321786196902396
2,1,0.3,XGBoost_grid_1_AutoML_6_20260603_205951_model_2,hour_lag1,3.5623953863978386
2,1,0.3,XGBoost_grid_1_AutoML_6_20260603_205951_model_2,day_of_week_lag1,0.3709776980429888
2,1,0.3,XGBoost_grid_1_AutoML_6_20260603_205951_model_2,month_lag1,0.3085709472745657
2,1,0.3,XGBoost_grid_1_AutoML_6_20260603_205951_model_2,trend_lag1,0.5505260991491377
2,1,0.3,XGBoost_grid_1_AutoML_6_20260603_205951_model_2,month_sin,0.20129755602334626
2,1,0.3,XGBoost_grid_1_AutoML_6_20260603_205951_model_2,month_cos,0.1253375740931369
2,1,0.3,XGBoost_grid_1_AutoML_6_20260603_205951_model_2,year,0.18053231351543217
2,1,0.3,XGBoost_1_AutoML_6_20260603_205951,target_lag1,30.207014525532724
2,1,0.3,XGBoost_1_AutoML_6_20260603_205951,target_lag2,22.641759407520293
2,1,0.3,XGBoost_1_AutoML_6_20260603_205951,target_lag3,2.479033749867231
2,1,0.3,XGBoost_1_AutoML_6_20260603_205951,target_lag4,1.0638838430028408
2,1,0.3,XGBoost_1_AutoML_6_20260603_205951,target_lag5,4.7181598183512685
2,1,0.3,XGBoost_1_AutoML_6_20260603_205951,target_lag6,4.609591844305396
2,1,0.3,XGBoost_1_AutoML_6_20260603_205951,hour_lag1,3.6465507559478283
2,1,0.3,XGBoost_1_AutoML_6_20260603_205951,day_of_week_lag1,0.4426889772422146
2,1,0.3,XGBoost_1_AutoML_6_20260603_205951,month_lag1,0.42126124487258493
2,1,0.3,XGBoost_1_AutoML_6_20260603_205951,trend_lag1,0.9091985744237899
2,1,0.3,XGBoost_1_AutoML_6_20260603_205951,month_sin,0.1837592937238514
2,1,0.3,XGBoost_1_AutoML_6_20260603_205951,month_cos,0.15307589167729016
2,1,0.3,XGBoost_1_AutoML_6_20260603_205951,year,0.11917484506266188
2,1,0.3,GBM_grid_1_AutoML_6_20260603_205951_model_3,target_lag1,18.883632321357727
2,1,0.3,GBM_grid_1_AutoML_6_20260603_205951_model_3,target_lag2,16.583979495763778
2,1,0.3,GBM_grid_1_AutoML_6_20260603_205951_model_3,target_lag3,5.21952228307724
2,1,0.3,GBM_grid_1_AutoML_6_20260603_205951_model_3,target_lag4,5.64063207745552
2,1,0.3,GBM_grid_1_AutoML_6_20260603_205951_model_3,target_lag5,6.093022915869951
2,1,0.3,GBM_grid_1_AutoML_6_20260603_205951_model_3,target_lag6,7.868327286243439
2,1,0.3,GBM_grid_1_AutoML_6_20260603_205951_model_3,hour_lag1,3.0227554923295976
2,1,0.3,GBM_grid_1_AutoML_6_20260603_205951_model_3,day_of_week_lag1,0.6768862652778626
2,1,0.3,GBM_grid_1_AutoML_6_20260603_205951_model_3,month_lag1,0.32094421677291396
2,1,0.3,GBM_grid_1_AutoML_6_20260603_205951_model_3,trend_lag1,0.912800060659647
2,1,0.3,GBM_grid_1_AutoML_6_20260603_205951_model_3,month_sin,0.07066437414265234
2,1,0.3,GBM_grid_1_AutoML_6_20260603_205951_model_3,month_cos,0.03403153238119554
2,1,0.3,GBM_grid_1_AutoML_6_20260603_205951_model_3,year,0.14032710490922906
2,1,0.3,GLM_1_AutoML_6_20260603_205951,target_lag1,44.5775953558971
2,1,0.3,GLM_1_AutoML_6_20260603_205951,target_lag2,15.374935550964057
2,1,0.3,GLM_1_AutoML_6_20260603_205951,target_lag3,5.428838413244676
2,1,0.3,GLM_1_AutoML_6_20260603_205951,target_lag4,1.1792343141286823
2,1,0.3,GLM_1_AutoML_6_20260603_205951,target_lag5,0.9164999551706907
2,1,0.3,GLM_1_AutoML_6_20260603_205951,target_lag6,2.631530457300653
2,1,0.3,GLM_1_AutoML_6_20260603_205951,hour_lag1,0.10693759902979316
2,1,0.3,GLM_1_AutoML_6_20260603_205951,day_of_week_lag1,0.061972530591986305
2,1,0.3,GLM_1_AutoML_6_20260603_205951,month_lag1,0.015174405508526582
2,1,0.3,GLM_1_AutoML_6_20260603_205951,trend_lag1,0.026214431463449026
2,1,0.3,GLM_1_AutoML_6_20260603_205951,month_sin,0.0019675453813622827
2,1,0.3,GLM_1_AutoML_6_20260603_205951,month_cos,0.00364506220762934
2,1,0.3,GLM_1_AutoML_6_20260603_205951,year,0.2166031426767871
0,2,0.02,GBM_4_AutoML_7_20260603_213117,target_lag1,32.28300543308258
0,2,0.02,GBM_4_AutoML_7_20260603_213117,target_lag2,12.82473404288292
0,2,0.02,GBM_4_AutoML_7_20260603_213117,target_lag3,7.746155385728925
0,2,0.02,GBM_4_AutoML_7_20260603_213117,target_lag4,2.5964528727531433
0,2,0.02,GBM_4_AutoML_7_20260603_213117,target_lag5,1.313444845378399
0,2,0.02,GBM_4_AutoML_7_20260603_213117,target_lag6,2.0810117012960836
0,2,0.02,GBM_4_AutoML_7_20260603_213117,hour_lag1,3.2807155652344226
0,2,0.02,GBM_4_AutoML_7_20260603_213117,day_of_week_lag1,0.35345412590075287
0,2,0.02,GBM_4_AutoML_7_20260603_213117,month_lag1,0.2883017400978133
0,2,0.02,GBM_4_AutoML_7_20260603_213117,trend_lag1,0.7069006180763244
0,2,0.02,GBM_4_AutoML_7_20260603_213117,month_sin,0.08453216225840147
0,2,0.02,GBM_4_AutoML_7_20260603_213117,month_cos,0.09166629865299906
0,2,0.02,GBM_4_AutoML_7_20260603_213117,year,0.2547788390063215
0,2,0.02,GBM_1_AutoML_7_20260603_213117,target_lag1,36.366157658696174
0,2,0.02,GBM_1_AutoML_7_20260603_213117,target_lag2,15.277617211043834
0,2,0.02,GBM_1_AutoML_7_20260603_213117,target_lag3,4.879203786300495
0,2,0.02,GBM_1_AutoML_7_20260603_213117,target_lag4,0.5040567021330935
0,2,0.02,GBM_1_AutoML_7_20260603_213117,target_lag5,0.39436099090380594
0,2,0.02,GBM_1_AutoML_7_20260603_213117,target_lag6,1.6693440257012844
0,2,0.02,GBM_1_AutoML_7_20260603_213117,hour_lag1,3.158734006583691
0,2,0.02,GBM_1_AutoML_7_20260603_213117,day_of_week_lag1,0.3296420625783503
0,2,0.02,GBM_1_AutoML_7_20260603_213117,month_lag1,0.29948691021651025
0,2,0.02,GBM_1_AutoML_7_20260603_213117,trend_lag1,0.5020622184127569
0,2,0.02,GBM_1_AutoML_7_20260603_213117,month_sin,0.11882505147033949
0,2,0.02,GBM_1_AutoML_7_20260603_213117,month_cos,0.06804701700224539
0,2,0.02,GBM_1_AutoML_7_20260603_213117,year,0.19206821361090987
0,2,0.02,GBM_3_AutoML_7_20260603_213117,target_lag1,44.11927676856518
0,2,0.02,GBM_3_AutoML_7_20260603_213117,target_lag2,5.99478812277317
0,2,0.02,GBM_3_AutoML_7_20260603_213117,target_lag3,4.114406987428665
0,2,0.02,GBM_3_AutoML_7_20260603_213117,target_lag4,0.6632955391146242
0,2,0.02,GBM_3_AutoML_7_20260603_213117,target_lag5,1.0486641562730075
0,2,0.02,GBM_3_AutoML_7_20260603_213117,target_lag6,2.717543654246256
0,2,0.02,GBM_3_AutoML_7_20260603_213117,hour_lag1,3.185599486678839
0,2,0.02,GBM_3_AutoML_7_20260603_213117,day_of_week_lag1,0.27619180591776965
0,2,0.02,GBM_3_AutoML_7_20260603_213117,month_lag1,0.23266217609867454
0,2,0.02,GBM_3_AutoML_7_20260603_213117,trend_lag1,0.6142300722002983
0,2,0.02,GBM_3_AutoML_7_20260603_213117,month_sin,0.03318960763048376
0,2,0.02,GBM_3_AutoML_7_20260603_213117,month_cos,0.07153700868599112
0,2,0.02,GBM_3_AutoML_7_20260603_213117,year,0.10310498140635897
0,2,0.02,GBM_2_AutoML_7_20260603_213117,target_lag1,37.556880493164066
0,2,0.02,GBM_2_AutoML_7_20260603_213117,target_lag2,9.735060882866383
0,2,0.02,GBM_2_AutoML_7_20260603_213117,target_lag3,6.100888847168535
0,2,0.02,GBM_2_AutoML_7_20260603_213117,target_lag4,1.3105008254945278
0,2,0.02,GBM_2_AutoML_7_20260603_213117,target_lag5,1.7961645491421223
0,2,0.02,GBM_2_AutoML_7_20260603_213117,target_lag6,2.1570840029092504
0,2,0.02,GBM_2_AutoML_7_20260603_213117,hour_lag1,3.212268483075823
0,2,0.02,GBM_2_AutoML_7_20260603_213117,day_of_week_lag1,0.23674699019640685
0,2,0.02,GBM_2_AutoML_7_20260603_213117,month_lag1,0.18531058657914395
0,2,0.02,GBM_2_AutoML_7_20260603_213117,trend_lag1,0.46513691842556
0,2,0.02,GBM_2_AutoML_7_20260603_213117,month_sin,0.04264692272990937
0,2,0.02,GBM_2_AutoML_7_20260603_213117,month_cos,0.030943425914738282
0,2,0.02,GBM_2_AutoML_7_20260603_213117,year,0.20609433956211431
0,2,0.02,XGBoost_grid_1_AutoML_7_20260603_213117_model_4,target_lag1,38.61859878778458
0,2,0.02,XGBoost_grid_1_AutoML_7_20260603_213117_model_4,target_lag2,12.22356405198574
0,2,0.02,XGBoost_grid_1_AutoML_7_20260603_213117_model_4,target_lag3,6.162106261253357
0,2,0.02,XGBoost_grid_1_AutoML_7_20260603_213117_model_4,target_lag4,0.4398733548913151
0,2,0.02,XGBoost_grid_1_AutoML_7_20260603_213117_model_4,target_lag5,0.8639008484780788
0,2,0.02,XGBoost_grid_1_AutoML_7_20260603_213117_model_4,target_lag6,2.4910219723731277
0,2,0.02,XGBoost_grid_1_AutoML_7_20260603_213117_model_4,hour_lag1,3.5515676707029344
0,2,0.02,XGBoost_grid_1_AutoML_7_20260603_213117_model_4,day_of_week_lag1,0.3932865307526663
0,2,0.02,XGBoost_grid_1_AutoML_7_20260603_213117_model_4,month_lag1,0.3352958170790225
0,2,0.02,XGBoost_grid_1_AutoML_7_20260603_213117_model_4,trend_lag1,0.7972680799476802
0,2,0.02,XGBoost_grid_1_AutoML_7_20260603_213117_model_4,month_sin,0.050864949030801604
0,2,0.02,XGBoost_grid_1_AutoML_7_20260603_213117_model_4,month_cos,0.05354593353113156
0,2,0.02,XGBoost_grid_1_AutoML_7_20260603_213117_model_4,year,0.17266796201467513
0,2,0.02,GBM_5_AutoML_7_20260603_213117,target_lag1,37.58189827442169
0,2,0.02,GBM_5_AutoML_7_20260603_213117,target_lag2,12.64162655159831
0,2,0.02,GBM_5_AutoML_7_20260603_213117,target_lag3,1.630182540565729
0,2,0.02,GBM_5_AutoML_7_20260603_213117,target_lag4,2.0294971834123134
0,2,0.02,GBM_5_AutoML_7_20260603_213117,target_lag5,1.6344300881773233
0,2,0.02,GBM_5_AutoML_7_20260603_213117,target_lag6,2.180241304114461
0,2,0.02,GBM_5_AutoML_7_20260603_213117,hour_lag1,3.29965981785208
0,2,0.02,GBM_5_AutoML_7_20260603_213117,day_of_week_lag1,0.1738216439448297
0,2,0.02,GBM_5_AutoML_7_20260603_213117,month_lag1,0.2629266750998795
0,2,0.02,GBM_5_AutoML_7_20260603_213117,trend_lag1,0.7652060955017805
0,2,0.02,GBM_5_AutoML_7_20260603_213117,month_sin,0.0434935710788704
0,2,0.02,GBM_5_AutoML_7_20260603_213117,month_cos,0.060685665556811694
0,2,0.02,GBM_5_AutoML_7_20260603_213117,year,0.28286032056901605
0,2,0.02,GBM_grid_1_AutoML_7_20260603_213117_model_1,target_lag1,19.46813154220581
0,2,0.02,GBM_grid_1_AutoML_7_20260603_213117_model_1,target_lag2,14.869479917287826
0,2,0.02,GBM_grid_1_AutoML_7_20260603_213117_model_1,target_lag3,3.0879596534371374
0,2,0.02,GBM_grid_1_AutoML_7_20260603_213117_model_1,target_lag4,9.74468707293272
0,2,0.02,GBM_grid_1_AutoML_7_20260603_213117_model_1,target_lag5,6.412063801288605
0,2,0.02,GBM_grid_1_AutoML_7_20260603_213117_model_1,target_lag6,2.593757907822728
0,2,0.02,GBM_grid_1_AutoML_7_20260603_213117_model_1,hour_lag1,3.3695896377414467
0,2,0.02,GBM_grid_1_AutoML_7_20260603_213117_model_1,day_of_week_lag1,0.36070035461336375
0,2,0.02,GBM_grid_1_AutoML_7_20260603_213117_model_1,month_lag1,0.44520234055817126
0,2,0.02,GBM_grid_1_AutoML_7_20260603_213117_model_1,trend_lag1,0.7660986657440663
0,2,0.02,GBM_grid_1_AutoML_7_20260603_213117_model_1,month_sin,0.12693261233682274
0,2,0.02,GBM_grid_1_AutoML_7_20260603_213117_model_1,month_cos,0.09930773239206242
0,2,0.02,GBM_grid_1_AutoML_7_20260603_213117_model_1,year,0.23672664418816566
0,2,0.02,DRF_1_AutoML_7_20260603_213117,target_lag1,23.29849965453148
0,2,0.02,DRF_1_AutoML_7_20260603_213117,target_lag2,10.204374949932099
0,2,0.02,DRF_1_AutoML_7_20260603_213117,target_lag3,8.398639192134143
0,2,0.02,DRF_1_AutoML_7_20260603_213117,target_lag4,6.15326876282692
0,2,0.02,DRF_1_AutoML_7_20260603_213117,target_lag5,4.4520040686419815
0,2,0.02,DRF_1_AutoML_7_20260603_213117,target_lag6,3.142531112134457
0,2,0.02,DRF_1_AutoML_7_20260603_213117,hour_lag1,2.4407422735006548
0,2,0.02,DRF_1_AutoML_7_20260603_213117,day_of_week_lag1,0.17824272153899073
0,2,0.02,DRF_1_AutoML_7_20260603_213117,month_lag1,0.16665777279878966
0,2,0.02,DRF_1_AutoML_7_20260603_213117,trend_lag1,0.42977891525253653
0,2,0.02,DRF_1_AutoML_7_20260603_213117,month_sin,0.0706414290517568
0,2,0.02,DRF_1_AutoML_7_20260603_213117,month_cos,0.0907477084251877
0,2,0.02,DRF_1_AutoML_7_20260603_213117,year,0.25772410724312067
0,2,0.02,GBM_grid_1_AutoML_7_20260603_213117_model_2,target_lag1,23.240855311155318
0,2,0.02,GBM_grid_1_AutoML_7_20260603_213117_model_2,target_lag2,14.282064914107323
0,2,0.02,GBM_grid_1_AutoML_7_20260603_213117_model_2,target_lag3,12.28362612247467
0,2,0.02,GBM_grid_1_AutoML_7_20260603_213117_model_2,target_lag4,2.8228948318958285
0,2,0.02,GBM_grid_1_AutoML_7_20260603_213117_model_2,target_lag5,3.9570541527867316
0,2,0.02,GBM_grid_1_AutoML_7_20260603_213117_model_2,target_lag6,1.2920601100777276
0,2,0.02,GBM_grid_1_AutoML_7_20260603_213117_model_2,hour_lag1,3.2730222423374653
0,2,0.02,GBM_grid_1_AutoML_7_20260603_213117_model_2,day_of_week_lag1,0.3168886216590181
0,2,0.02,GBM_grid_1_AutoML_7_20260603_213117_model_2,month_lag1,0.29283101695007646
0,2,0.02,GBM_grid_1_AutoML_7_20260603_213117_model_2,trend_lag1,0.642638860847801
0,2,0.02,GBM_grid_1_AutoML_7_20260603_213117_model_2,month_sin,0.1324967074533924
0,2,0.02,GBM_grid_1_AutoML_7_20260603_213117_model_2,month_cos,0.13397957946173844
0,2,0.02,GBM_grid_1_AutoML_7_20260603_213117_model_2,year,0.2704251589666819
0,2,0.05,GBM_4_AutoML_7_20260603_213117,target_lag1,32.28300543308258
0,2,0.05,GBM_4_AutoML_7_20260603_213117,target_lag2,12.82473404288292
0,2,0.05,GBM_4_AutoML_7_20260603_213117,target_lag3,7.746155385728925
0,2,0.05,GBM_4_AutoML_7_20260603_213117,target_lag4,2.5964528727531433
0,2,0.05,GBM_4_AutoML_7_20260603_213117,target_lag5,1.313444845378399
0,2,0.05,GBM_4_AutoML_7_20260603_213117,target_lag6,2.0810117012960836
0,2,0.05,GBM_4_AutoML_7_20260603_213117,hour_lag1,3.2807155652344226
0,2,0.05,GBM_4_AutoML_7_20260603_213117,day_of_week_lag1,0.35345412590075287
0,2,0.05,GBM_4_AutoML_7_20260603_213117,month_lag1,0.2883017400978133
0,2,0.05,GBM_4_AutoML_7_20260603_213117,trend_lag1,0.7069006180763244
0,2,0.05,GBM_4_AutoML_7_20260603_213117,month_sin,0.08453216225840147
0,2,0.05,GBM_4_AutoML_7_20260603_213117,month_cos,0.09166629865299906
0,2,0.05,GBM_4_AutoML_7_20260603_213117,year,0.2547788390063215
0,2,0.05,GBM_1_AutoML_7_20260603_213117,target_lag1,36.366157658696174
0,2,0.05,GBM_1_AutoML_7_20260603_213117,target_lag2,15.277617211043834
0,2,0.05,GBM_1_AutoML_7_20260603_213117,target_lag3,4.879203786300495
0,2,0.05,GBM_1_AutoML_7_20260603_213117,target_lag4,0.5040567021330935
0,2,0.05,GBM_1_AutoML_7_20260603_213117,target_lag5,0.39436099090380594
0,2,0.05,GBM_1_AutoML_7_20260603_213117,target_lag6,1.6693440257012844
0,2,0.05,GBM_1_AutoML_7_20260603_213117,hour_lag1,3.158734006583691
0,2,0.05,GBM_1_AutoML_7_20260603_213117,day_of_week_lag1,0.3296420625783503
0,2,0.05,GBM_1_AutoML_7_20260603_213117,month_lag1,0.29948691021651025
0,2,0.05,GBM_1_AutoML_7_20260603_213117,trend_lag1,0.5020622184127569
0,2,0.05,GBM_1_AutoML_7_20260603_213117,month_sin,0.11882505147033949
0,2,0.05,GBM_1_AutoML_7_20260603_213117,month_cos,0.06804701700224539
0,2,0.05,GBM_1_AutoML_7_20260603_213117,year,0.19206821361090987
0,2,0.05,GBM_3_AutoML_7_20260603_213117,target_lag1,44.11927676856518
0,2,0.05,GBM_3_AutoML_7_20260603_213117,target_lag2,5.99478812277317
0,2,0.05,GBM_3_AutoML_7_20260603_213117,target_lag3,4.114406987428665
0,2,0.05,GBM_3_AutoML_7_20260603_213117,target_lag4,0.6632955391146242
0,2,0.05,GBM_3_AutoML_7_20260603_213117,target_lag5,1.0486641562730075
0,2,0.05,GBM_3_AutoML_7_20260603_213117,target_lag6,2.717543654246256
0,2,0.05,GBM_3_AutoML_7_20260603_213117,hour_lag1,3.185599486678839
0,2,0.05,GBM_3_AutoML_7_20260603_213117,day_of_week_lag1,0.27619180591776965
0,2,0.05,GBM_3_AutoML_7_20260603_213117,month_lag1,0.23266217609867454
0,2,0.05,GBM_3_AutoML_7_20260603_213117,trend_lag1,0.6142300722002983
0,2,0.05,GBM_3_AutoML_7_20260603_213117,month_sin,0.03318960763048376
0,2,0.05,GBM_3_AutoML_7_20260603_213117,month_cos,0.07153700868599112
0,2,0.05,GBM_3_AutoML_7_20260603_213117,year,0.10310498140635897
0,2,0.05,GBM_2_AutoML_7_20260603_213117,target_lag1,37.556880493164066
0,2,0.05,GBM_2_AutoML_7_20260603_213117,target_lag2,9.735060882866383
0,2,0.05,GBM_2_AutoML_7_20260603_213117,target_lag3,6.100888847168535
0,2,0.05,GBM_2_AutoML_7_20260603_213117,target_lag4,1.3105008254945278
0,2,0.05,GBM_2_AutoML_7_20260603_213117,target_lag5,1.7961645491421223
0,2,0.05,GBM_2_AutoML_7_20260603_213117,target_lag6,2.1570840029092504
0,2,0.05,GBM_2_AutoML_7_20260603_213117,hour_lag1,3.212268483075823
0,2,0.05,GBM_2_AutoML_7_20260603_213117,day_of_week_lag1,0.23674699019640685
0,2,0.05,GBM_2_AutoML_7_20260603_213117,month_lag1,0.18531058657914395
0,2,0.05,GBM_2_AutoML_7_20260603_213117,trend_lag1,0.46513691842556
0,2,0.05,GBM_2_AutoML_7_20260603_213117,month_sin,0.04264692272990937
0,2,0.05,GBM_2_AutoML_7_20260603_213117,month_cos,0.030943425914738282
0,2,0.05,GBM_2_AutoML_7_20260603_213117,year,0.20609433956211431
0,2,0.05,XGBoost_grid_1_AutoML_7_20260603_213117_model_4,target_lag1,38.61859878778458
0,2,0.05,XGBoost_grid_1_AutoML_7_20260603_213117_model_4,target_lag2,12.22356405198574
0,2,0.05,XGBoost_grid_1_AutoML_7_20260603_213117_model_4,target_lag3,6.162106261253357
0,2,0.05,XGBoost_grid_1_AutoML_7_20260603_213117_model_4,target_lag4,0.4398733548913151
0,2,0.05,XGBoost_grid_1_AutoML_7_20260603_213117_model_4,target_lag5,0.8639008484780788
0,2,0.05,XGBoost_grid_1_AutoML_7_20260603_213117_model_4,target_lag6,2.4910219723731277
0,2,0.05,XGBoost_grid_1_AutoML_7_20260603_213117_model_4,hour_lag1,3.5515676707029344
0,2,0.05,XGBoost_grid_1_AutoML_7_20260603_213117_model_4,day_of_week_lag1,0.3932865307526663
0,2,0.05,XGBoost_grid_1_AutoML_7_20260603_213117_model_4,month_lag1,0.3352958170790225
0,2,0.05,XGBoost_grid_1_AutoML_7_20260603_213117_model_4,trend_lag1,0.7972680799476802
0,2,0.05,XGBoost_grid_1_AutoML_7_20260603_213117_model_4,month_sin,0.050864949030801604
0,2,0.05,XGBoost_grid_1_AutoML_7_20260603_213117_model_4,month_cos,0.05354593353113156
0,2,0.05,XGBoost_grid_1_AutoML_7_20260603_213117_model_4,year,0.17266796201467513
0,2,0.05,GBM_5_AutoML_7_20260603_213117,target_lag1,37.58189827442169
0,2,0.05,GBM_5_AutoML_7_20260603_213117,target_lag2,12.64162655159831
0,2,0.05,GBM_5_AutoML_7_20260603_213117,target_lag3,1.630182540565729
0,2,0.05,GBM_5_AutoML_7_20260603_213117,target_lag4,2.0294971834123134
0,2,0.05,GBM_5_AutoML_7_20260603_213117,target_lag5,1.6344300881773233
0,2,0.05,GBM_5_AutoML_7_20260603_213117,target_lag6,2.180241304114461
0,2,0.05,GBM_5_AutoML_7_20260603_213117,hour_lag1,3.29965981785208
0,2,0.05,GBM_5_AutoML_7_20260603_213117,day_of_week_lag1,0.1738216439448297
0,2,0.05,GBM_5_AutoML_7_20260603_213117,month_lag1,0.2629266750998795
0,2,0.05,GBM_5_AutoML_7_20260603_213117,trend_lag1,0.7652060955017805
0,2,0.05,GBM_5_AutoML_7_20260603_213117,month_sin,0.0434935710788704
0,2,0.05,GBM_5_AutoML_7_20260603_213117,month_cos,0.060685665556811694
0,2,0.05,GBM_5_AutoML_7_20260603_213117,year,0.28286032056901605
0,2,0.05,GBM_grid_1_AutoML_7_20260603_213117_model_1,target_lag1,19.46813154220581
0,2,0.05,GBM_grid_1_AutoML_7_20260603_213117_model_1,target_lag2,14.869479917287826
0,2,0.05,GBM_grid_1_AutoML_7_20260603_213117_model_1,target_lag3,3.0879596534371374
0,2,0.05,GBM_grid_1_AutoML_7_20260603_213117_model_1,target_lag4,9.74468707293272
0,2,0.05,GBM_grid_1_AutoML_7_20260603_213117_model_1,target_lag5,6.412063801288605
0,2,0.05,GBM_grid_1_AutoML_7_20260603_213117_model_1,target_lag6,2.593757907822728
0,2,0.05,GBM_grid_1_AutoML_7_20260603_213117_model_1,hour_lag1,3.3695896377414467
0,2,0.05,GBM_grid_1_AutoML_7_20260603_213117_model_1,day_of_week_lag1,0.36070035461336375
0,2,0.05,GBM_grid_1_AutoML_7_20260603_213117_model_1,month_lag1,0.44520234055817126
0,2,0.05,GBM_grid_1_AutoML_7_20260603_213117_model_1,trend_lag1,0.7660986657440663
0,2,0.05,GBM_grid_1_AutoML_7_20260603_213117_model_1,month_sin,0.12693261233682274
0,2,0.05,GBM_grid_1_AutoML_7_20260603_213117_model_1,month_cos,0.09930773239206242
0,2,0.05,GBM_grid_1_AutoML_7_20260603_213117_model_1,year,0.23672664418816566
0,2,0.05,DRF_1_AutoML_7_20260603_213117,target_lag1,23.29849965453148
0,2,0.05,DRF_1_AutoML_7_20260603_213117,target_lag2,10.204374949932099
0,2,0.05,DRF_1_AutoML_7_20260603_213117,target_lag3,8.398639192134143
0,2,0.05,DRF_1_AutoML_7_20260603_213117,target_lag4,6.15326876282692
0,2,0.05,DRF_1_AutoML_7_20260603_213117,target_lag5,4.4520040686419815
0,2,0.05,DRF_1_AutoML_7_20260603_213117,target_lag6,3.142531112134457
0,2,0.05,DRF_1_AutoML_7_20260603_213117,hour_lag1,2.4407422735006548
0,2,0.05,DRF_1_AutoML_7_20260603_213117,day_of_week_lag1,0.17824272153899073
0,2,0.05,DRF_1_AutoML_7_20260603_213117,month_lag1,0.16665777279878966
0,2,0.05,DRF_1_AutoML_7_20260603_213117,trend_lag1,0.42977891525253653
0,2,0.05,DRF_1_AutoML_7_20260603_213117,month_sin,0.0706414290517568
0,2,0.05,DRF_1_AutoML_7_20260603_213117,month_cos,0.0907477084251877
0,2,0.05,DRF_1_AutoML_7_20260603_213117,year,0.25772410724312067
0,2,0.05,GBM_grid_1_AutoML_7_20260603_213117_model_2,target_lag1,23.240855311155318
0,2,0.05,GBM_grid_1_AutoML_7_20260603_213117_model_2,target_lag2,14.282064914107323
0,2,0.05,GBM_grid_1_AutoML_7_20260603_213117_model_2,target_lag3,12.28362612247467
0,2,0.05,GBM_grid_1_AutoML_7_20260603_213117_model_2,target_lag4,2.8228948318958285
0,2,0.05,GBM_grid_1_AutoML_7_20260603_213117_model_2,target_lag5,3.9570541527867316
0,2,0.05,GBM_grid_1_AutoML_7_20260603_213117_model_2,target_lag6,1.2920601100777276
0,2,0.05,GBM_grid_1_AutoML_7_20260603_213117_model_2,hour_lag1,3.2730222423374653
0,2,0.05,GBM_grid_1_AutoML_7_20260603_213117_model_2,day_of_week_lag1,0.3168886216590181
0,2,0.05,GBM_grid_1_AutoML_7_20260603_213117_model_2,month_lag1,0.29283101695007646
0,2,0.05,GBM_grid_1_AutoML_7_20260603_213117_model_2,trend_lag1,0.642638860847801
0,2,0.05,GBM_grid_1_AutoML_7_20260603_213117_model_2,month_sin,0.1324967074533924
0,2,0.05,GBM_grid_1_AutoML_7_20260603_213117_model_2,month_cos,0.13397957946173844
0,2,0.05,GBM_grid_1_AutoML_7_20260603_213117_model_2,year,0.2704251589666819
0,2,0.05,GBM_grid_1_AutoML_7_20260603_213117_model_3,target_lag1,18.72697903394699
0,2,0.05,GBM_grid_1_AutoML_7_20260603_213117_model_3,target_lag2,11.600201295614243
0,2,0.05,GBM_grid_1_AutoML_7_20260603_213117_model_3,target_lag3,11.621441073417664
0,2,0.05,GBM_grid_1_AutoML_7_20260603_213117_model_3,target_lag4,4.6046005661785605
0,2,0.05,GBM_grid_1_AutoML_7_20260603_213117_model_3,target_lag5,5.940537758246064
0,2,0.05,GBM_grid_1_AutoML_7_20260603_213117_model_3,target_lag6,3.6514280558377505
0,2,0.05,GBM_grid_1_AutoML_7_20260603_213117_model_3,hour_lag1,3.4350891263782977
0,2,0.05,GBM_grid_1_AutoML_7_20260603_213117_model_3,day_of_week_lag1,0.4487254998087883
0,2,0.05,GBM_grid_1_AutoML_7_20260603_213117_model_3,month_lag1,0.8215947226062417
0,2,0.05,GBM_grid_1_AutoML_7_20260603_213117_model_3,trend_lag1,0.6061198794096708
0,2,0.05,GBM_grid_1_AutoML_7_20260603_213117_model_3,month_sin,0.1272329330956563
0,2,0.05,GBM_grid_1_AutoML_7_20260603_213117_model_3,month_cos,0.17844917055685072
0,2,0.05,GBM_grid_1_AutoML_7_20260603_213117_model_3,year,0.6001366994529963
0,2,0.05,XRT_1_AutoML_7_20260603_213117,target_lag1,170.42973492383956
0,2,0.05,XRT_1_AutoML_7_20260603_213117,target_lag2,189.9904755421728
0,2,0.05,XRT_1_AutoML_7_20260603_213117,target_lag3,712661.5538198662
0,2,0.05,XRT_1_AutoML_7_20260603_213117,target_lag4,75156460.16745412
0,2,0.05,XRT_1_AutoML_7_20260603_213117,target_lag5,185.77615298867227
0,2,0.05,XRT_1_AutoML_7_20260603_213117,target_lag6,441926.30242343544
0,2,0.05,XRT_1_AutoML_7_20260603_213117,hour_lag1,441926.299757408
0,2,0.05,XRT_1_AutoML_7_20260603_213117,day_of_week_lag1,59.30379680506885
0,2,0.05,XRT_1_AutoML_7_20260603_213117,month_lag1,333.1952559625357
0,2,0.05,XRT_1_AutoML_7_20260603_213117,trend_lag1,2042348.4569132125
0,2,0.05,XRT_1_AutoML_7_20260603_213117,month_sin,4.415705452412367
0,2,0.05,XRT_1_AutoML_7_20260603_213117,month_cos,3145.6085038116084
0,2,0.05,XRT_1_AutoML_7_20260603_213117,year,2.806129217147827
0,2,0.1,GBM_4_AutoML_7_20260603_213117,target_lag1,32.28300543308258
0,2,0.1,GBM_4_AutoML_7_20260603_213117,target_lag2,12.82473404288292
0,2,0.1,GBM_4_AutoML_7_20260603_213117,target_lag3,7.746155385728925
0,2,0.1,GBM_4_AutoML_7_20260603_213117,target_lag4,2.5964528727531433
0,2,0.1,GBM_4_AutoML_7_20260603_213117,target_lag5,1.313444845378399
0,2,0.1,GBM_4_AutoML_7_20260603_213117,target_lag6,2.0810117012960836
0,2,0.1,GBM_4_AutoML_7_20260603_213117,hour_lag1,3.2807155652344226
0,2,0.1,GBM_4_AutoML_7_20260603_213117,day_of_week_lag1,0.35345412590075287
0,2,0.1,GBM_4_AutoML_7_20260603_213117,month_lag1,0.2883017400978133
0,2,0.1,GBM_4_AutoML_7_20260603_213117,trend_lag1,0.7069006180763244
0,2,0.1,GBM_4_AutoML_7_20260603_213117,month_sin,0.08453216225840147
0,2,0.1,GBM_4_AutoML_7_20260603_213117,month_cos,0.09166629865299906
0,2,0.1,GBM_4_AutoML_7_20260603_213117,year,0.2547788390063215
0,2,0.1,GBM_1_AutoML_7_20260603_213117,target_lag1,36.366157658696174
0,2,0.1,GBM_1_AutoML_7_20260603_213117,target_lag2,15.277617211043834
0,2,0.1,GBM_1_AutoML_7_20260603_213117,target_lag3,4.879203786300495
0,2,0.1,GBM_1_AutoML_7_20260603_213117,target_lag4,0.5040567021330935
0,2,0.1,GBM_1_AutoML_7_20260603_213117,target_lag5,0.39436099090380594
0,2,0.1,GBM_1_AutoML_7_20260603_213117,target_lag6,1.6693440257012844
0,2,0.1,GBM_1_AutoML_7_20260603_213117,hour_lag1,3.158734006583691
0,2,0.1,GBM_1_AutoML_7_20260603_213117,day_of_week_lag1,0.3296420625783503
0,2,0.1,GBM_1_AutoML_7_20260603_213117,month_lag1,0.29948691021651025
0,2,0.1,GBM_1_AutoML_7_20260603_213117,trend_lag1,0.5020622184127569
0,2,0.1,GBM_1_AutoML_7_20260603_213117,month_sin,0.11882505147033949
0,2,0.1,GBM_1_AutoML_7_20260603_213117,month_cos,0.06804701700224539
0,2,0.1,GBM_1_AutoML_7_20260603_213117,year,0.19206821361090987
0,2,0.1,GBM_3_AutoML_7_20260603_213117,target_lag1,44.11927676856518
0,2,0.1,GBM_3_AutoML_7_20260603_213117,target_lag2,5.99478812277317
0,2,0.1,GBM_3_AutoML_7_20260603_213117,target_lag3,4.114406987428665
0,2,0.1,GBM_3_AutoML_7_20260603_213117,target_lag4,0.6632955391146242
0,2,0.1,GBM_3_AutoML_7_20260603_213117,target_lag5,1.0486641562730075
0,2,0.1,GBM_3_AutoML_7_20260603_213117,target_lag6,2.717543654246256
0,2,0.1,GBM_3_AutoML_7_20260603_213117,hour_lag1,3.185599486678839
0,2,0.1,GBM_3_AutoML_7_20260603_213117,day_of_week_lag1,0.27619180591776965
0,2,0.1,GBM_3_AutoML_7_20260603_213117,month_lag1,0.23266217609867454
0,2,0.1,GBM_3_AutoML_7_20260603_213117,trend_lag1,0.6142300722002983
0,2,0.1,GBM_3_AutoML_7_20260603_213117,month_sin,0.03318960763048376
0,2,0.1,GBM_3_AutoML_7_20260603_213117,month_cos,0.07153700868599112
0,2,0.1,GBM_3_AutoML_7_20260603_213117,year,0.10310498140635897
0,2,0.1,GBM_2_AutoML_7_20260603_213117,target_lag1,37.556880493164066
0,2,0.1,GBM_2_AutoML_7_20260603_213117,target_lag2,9.735060882866383
0,2,0.1,GBM_2_AutoML_7_20260603_213117,target_lag3,6.100888847168535
0,2,0.1,GBM_2_AutoML_7_20260603_213117,target_lag4,1.3105008254945278
0,2,0.1,GBM_2_AutoML_7_20260603_213117,target_lag5,1.7961645491421223
0,2,0.1,GBM_2_AutoML_7_20260603_213117,target_lag6,2.1570840029092504
0,2,0.1,GBM_2_AutoML_7_20260603_213117,hour_lag1,3.212268483075823
0,2,0.1,GBM_2_AutoML_7_20260603_213117,day_of_week_lag1,0.23674699019640685
0,2,0.1,GBM_2_AutoML_7_20260603_213117,month_lag1,0.18531058657914395
0,2,0.1,GBM_2_AutoML_7_20260603_213117,trend_lag1,0.46513691842556
0,2,0.1,GBM_2_AutoML_7_20260603_213117,month_sin,0.04264692272990937
0,2,0.1,GBM_2_AutoML_7_20260603_213117,month_cos,0.030943425914738282
0,2,0.1,GBM_2_AutoML_7_20260603_213117,year,0.20609433956211431
0,2,0.1,XGBoost_grid_1_AutoML_7_20260603_213117_model_4,target_lag1,38.61859878778458
0,2,0.1,XGBoost_grid_1_AutoML_7_20260603_213117_model_4,target_lag2,12.22356405198574
0,2,0.1,XGBoost_grid_1_AutoML_7_20260603_213117_model_4,target_lag3,6.162106261253357
0,2,0.1,XGBoost_grid_1_AutoML_7_20260603_213117_model_4,target_lag4,0.4398733548913151
0,2,0.1,XGBoost_grid_1_AutoML_7_20260603_213117_model_4,target_lag5,0.8639008484780788
0,2,0.1,XGBoost_grid_1_AutoML_7_20260603_213117_model_4,target_lag6,2.4910219723731277
0,2,0.1,XGBoost_grid_1_AutoML_7_20260603_213117_model_4,hour_lag1,3.5515676707029344
0,2,0.1,XGBoost_grid_1_AutoML_7_20260603_213117_model_4,day_of_week_lag1,0.3932865307526663
0,2,0.1,XGBoost_grid_1_AutoML_7_20260603_213117_model_4,month_lag1,0.3352958170790225
0,2,0.1,XGBoost_grid_1_AutoML_7_20260603_213117_model_4,trend_lag1,0.7972680799476802
0,2,0.1,XGBoost_grid_1_AutoML_7_20260603_213117_model_4,month_sin,0.050864949030801604
0,2,0.1,XGBoost_grid_1_AutoML_7_20260603_213117_model_4,month_cos,0.05354593353113156
0,2,0.1,XGBoost_grid_1_AutoML_7_20260603_213117_model_4,year,0.17266796201467513
0,2,0.1,GBM_5_AutoML_7_20260603_213117,target_lag1,37.58189827442169
0,2,0.1,GBM_5_AutoML_7_20260603_213117,target_lag2,12.64162655159831
0,2,0.1,GBM_5_AutoML_7_20260603_213117,target_lag3,1.630182540565729
0,2,0.1,GBM_5_AutoML_7_20260603_213117,target_lag4,2.0294971834123134
0,2,0.1,GBM_5_AutoML_7_20260603_213117,target_lag5,1.6344300881773233
0,2,0.1,GBM_5_AutoML_7_20260603_213117,target_lag6,2.180241304114461
0,2,0.1,GBM_5_AutoML_7_20260603_213117,hour_lag1,3.29965981785208
0,2,0.1,GBM_5_AutoML_7_20260603_213117,day_of_week_lag1,0.1738216439448297
0,2,0.1,GBM_5_AutoML_7_20260603_213117,month_lag1,0.2629266750998795
0,2,0.1,GBM_5_AutoML_7_20260603_213117,trend_lag1,0.7652060955017805
0,2,0.1,GBM_5_AutoML_7_20260603_213117,month_sin,0.0434935710788704
0,2,0.1,GBM_5_AutoML_7_20260603_213117,month_cos,0.060685665556811694
0,2,0.1,GBM_5_AutoML_7_20260603_213117,year,0.28286032056901605
0,2,0.1,GBM_grid_1_AutoML_7_20260603_213117_model_1,target_lag1,19.46813154220581
0,2,0.1,GBM_grid_1_AutoML_7_20260603_213117_model_1,target_lag2,14.869479917287826
0,2,0.1,GBM_grid_1_AutoML_7_20260603_213117_model_1,target_lag3,3.0879596534371374
0,2,0.1,GBM_grid_1_AutoML_7_20260603_213117_model_1,target_lag4,9.74468707293272
0,2,0.1,GBM_grid_1_AutoML_7_20260603_213117_model_1,target_lag5,6.412063801288605
0,2,0.1,GBM_grid_1_AutoML_7_20260603_213117_model_1,target_lag6,2.593757907822728
0,2,0.1,GBM_grid_1_AutoML_7_20260603_213117_model_1,hour_lag1,3.3695896377414467
0,2,0.1,GBM_grid_1_AutoML_7_20260603_213117_model_1,day_of_week_lag1,0.36070035461336375
0,2,0.1,GBM_grid_1_AutoML_7_20260603_213117_model_1,month_lag1,0.44520234055817126
0,2,0.1,GBM_grid_1_AutoML_7_20260603_213117_model_1,trend_lag1,0.7660986657440663
0,2,0.1,GBM_grid_1_AutoML_7_20260603_213117_model_1,month_sin,0.12693261233682274
0,2,0.1,GBM_grid_1_AutoML_7_20260603_213117_model_1,month_cos,0.09930773239206242
0,2,0.1,GBM_grid_1_AutoML_7_20260603_213117_model_1,year,0.23672664418816566
0,2,0.1,DRF_1_AutoML_7_20260603_213117,target_lag1,23.29849965453148
0,2,0.1,DRF_1_AutoML_7_20260603_213117,target_lag2,10.204374949932099
0,2,0.1,DRF_1_AutoML_7_20260603_213117,target_lag3,8.398639192134143
0,2,0.1,DRF_1_AutoML_7_20260603_213117,target_lag4,6.15326876282692
0,2,0.1,DRF_1_AutoML_7_20260603_213117,target_lag5,4.4520040686419815
0,2,0.1,DRF_1_AutoML_7_20260603_213117,target_lag6,3.142531112134457
0,2,0.1,DRF_1_AutoML_7_20260603_213117,hour_lag1,2.4407422735006548
0,2,0.1,DRF_1_AutoML_7_20260603_213117,day_of_week_lag1,0.17824272153899073
0,2,0.1,DRF_1_AutoML_7_20260603_213117,month_lag1,0.16665777279878966
0,2,0.1,DRF_1_AutoML_7_20260603_213117,trend_lag1,0.42977891525253653
0,2,0.1,DRF_1_AutoML_7_20260603_213117,month_sin,0.0706414290517568
0,2,0.1,DRF_1_AutoML_7_20260603_213117,month_cos,0.0907477084251877
0,2,0.1,DRF_1_AutoML_7_20260603_213117,year,0.25772410724312067
0,2,0.1,GBM_grid_1_AutoML_7_20260603_213117_model_2,target_lag1,23.240855311155318
0,2,0.1,GBM_grid_1_AutoML_7_20260603_213117_model_2,target_lag2,14.282064914107323
0,2,0.1,GBM_grid_1_AutoML_7_20260603_213117_model_2,target_lag3,12.28362612247467
0,2,0.1,GBM_grid_1_AutoML_7_20260603_213117_model_2,target_lag4,2.8228948318958285
0,2,0.1,GBM_grid_1_AutoML_7_20260603_213117_model_2,target_lag5,3.9570541527867316
0,2,0.1,GBM_grid_1_AutoML_7_20260603_213117_model_2,target_lag6,1.2920601100777276
0,2,0.1,GBM_grid_1_AutoML_7_20260603_213117_model_2,hour_lag1,3.2730222423374653
0,2,0.1,GBM_grid_1_AutoML_7_20260603_213117_model_2,day_of_week_lag1,0.3168886216590181
0,2,0.1,GBM_grid_1_AutoML_7_20260603_213117_model_2,month_lag1,0.29283101695007646
0,2,0.1,GBM_grid_1_AutoML_7_20260603_213117_model_2,trend_lag1,0.642638860847801
0,2,0.1,GBM_grid_1_AutoML_7_20260603_213117_model_2,month_sin,0.1324967074533924
0,2,0.1,GBM_grid_1_AutoML_7_20260603_213117_model_2,month_cos,0.13397957946173844
0,2,0.1,GBM_grid_1_AutoML_7_20260603_213117_model_2,year,0.2704251589666819
0,2,0.1,GBM_grid_1_AutoML_7_20260603_213117_model_3,target_lag1,18.72697903394699
0,2,0.1,GBM_grid_1_AutoML_7_20260603_213117_model_3,target_lag2,11.600201295614243
0,2,0.1,GBM_grid_1_AutoML_7_20260603_213117_model_3,target_lag3,11.621441073417664
0,2,0.1,GBM_grid_1_AutoML_7_20260603_213117_model_3,target_lag4,4.6046005661785605
0,2,0.1,GBM_grid_1_AutoML_7_20260603_213117_model_3,target_lag5,5.940537758246064
0,2,0.1,GBM_grid_1_AutoML_7_20260603_213117_model_3,target_lag6,3.6514280558377505
0,2,0.1,GBM_grid_1_AutoML_7_20260603_213117_model_3,hour_lag1,3.4350891263782977
0,2,0.1,GBM_grid_1_AutoML_7_20260603_213117_model_3,day_of_week_lag1,0.4487254998087883
0,2,0.1,GBM_grid_1_AutoML_7_20260603_213117_model_3,month_lag1,0.8215947226062417
0,2,0.1,GBM_grid_1_AutoML_7_20260603_213117_model_3,trend_lag1,0.6061198794096708
0,2,0.1,GBM_grid_1_AutoML_7_20260603_213117_model_3,month_sin,0.1272329330956563
0,2,0.1,GBM_grid_1_AutoML_7_20260603_213117_model_3,month_cos,0.17844917055685072
0,2,0.1,GBM_grid_1_AutoML_7_20260603_213117_model_3,year,0.6001366994529963
0,2,0.1,XRT_1_AutoML_7_20260603_213117,target_lag1,170.42973492383956
0,2,0.1,XRT_1_AutoML_7_20260603_213117,target_lag2,189.9904755421728
0,2,0.1,XRT_1_AutoML_7_20260603_213117,target_lag3,712661.5538198662
0,2,0.1,XRT_1_AutoML_7_20260603_213117,target_lag4,75156460.16745412
0,2,0.1,XRT_1_AutoML_7_20260603_213117,target_lag5,185.77615298867227
0,2,0.1,XRT_1_AutoML_7_20260603_213117,target_lag6,441926.30242343544
0,2,0.1,XRT_1_AutoML_7_20260603_213117,hour_lag1,441926.299757408
0,2,0.1,XRT_1_AutoML_7_20260603_213117,day_of_week_lag1,59.30379680506885
0,2,0.1,XRT_1_AutoML_7_20260603_213117,month_lag1,333.1952559625357
0,2,0.1,XRT_1_AutoML_7_20260603_213117,trend_lag1,2042348.4569132125
0,2,0.1,XRT_1_AutoML_7_20260603_213117,month_sin,4.415705452412367
0,2,0.1,XRT_1_AutoML_7_20260603_213117,month_cos,3145.6085038116084
0,2,0.1,XRT_1_AutoML_7_20260603_213117,year,2.806129217147827
0,2,0.1,XGBoost_3_AutoML_7_20260603_213117,target_lag1,37.62088740468025
0,2,0.1,XGBoost_3_AutoML_7_20260603_213117,target_lag2,14.859714962244034
0,2,0.1,XGBoost_3_AutoML_7_20260603_213117,target_lag3,1.5625393300503492
0,2,0.1,XGBoost_3_AutoML_7_20260603_213117,target_lag4,0.8089058223739266
0,2,0.1,XGBoost_3_AutoML_7_20260603_213117,target_lag5,1.3621510324627162
0,2,0.1,XGBoost_3_AutoML_7_20260603_213117,target_lag6,4.3939423360396175
0,2,0.1,XGBoost_3_AutoML_7_20260603_213117,hour_lag1,3.7376403445005417
0,2,0.1,XGBoost_3_AutoML_7_20260603_213117,day_of_week_lag1,0.27778135348111394
0,2,0.1,XGBoost_3_AutoML_7_20260603_213117,month_lag1,0.26059589061653243
0,2,0.1,XGBoost_3_AutoML_7_20260603_213117,trend_lag1,1.8266605567932128
0,2,0.1,XGBoost_3_AutoML_7_20260603_213117,month_sin,0.11789507576962929
0,2,0.1,XGBoost_3_AutoML_7_20260603_213117,month_cos,0.03654588377336035
0,2,0.1,XGBoost_3_AutoML_7_20260603_213117,year,0.10453742989338931
0,2,0.1,XGBoost_2_AutoML_7_20260603_213117,target_lag1,29.866074714660645
0,2,0.1,XGBoost_2_AutoML_7_20260603_213117,target_lag2,13.127630245685577
0,2,0.1,XGBoost_2_AutoML_7_20260603_213117,target_lag3,6.369619529247284
0,2,0.1,XGBoost_2_AutoML_7_20260603_213117,target_lag4,6.2633698415756225
0,2,0.1,XGBoost_2_AutoML_7_20260603_213117,target_lag5,0.5544374822825193
0,2,0.1,XGBoost_2_AutoML_7_20260603_213117,target_lag6,3.406025251671672
0,2,0.1,XGBoost_2_AutoML_7_20260603_213117,hour_lag1,3.8150313312560318
0,2,0.1,XGBoost_2_AutoML_7_20260603_213117,day_of_week_lag1,0.3996961760148406
0,2,0.1,XGBoost_2_AutoML_7_20260603_213117,month_lag1,0.45839107383944794
0,2,0.1,XGBoost_2_AutoML_7_20260603_213117,trend_lag1,0.9204024052270688
0,2,0.1,XGBoost_2_AutoML_7_20260603_213117,month_sin,0.14536139259667835
0,2,0.1,XGBoost_2_AutoML_7_20260603_213117,month_cos,0.15595276267384175
0,2,0.1,XGBoost_2_AutoML_7_20260603_213117,year,0.07372445167857218
0,2,0.1,XGBoost_grid_1_AutoML_7_20260603_213117_model_5,target_lag1,32.23463453292847
0,2,0.1,XGBoost_grid_1_AutoML_7_20260603_213117_model_5,target_lag2,18.90957507997751
0,2,0.1,XGBoost_grid_1_AutoML_7_20260603_213117_model_5,target_lag3,2.299929786771536
0,2,0.1,XGBoost_grid_1_AutoML_7_20260603_213117_model_5,target_lag4,3.35988218575716
0,2,0.1,XGBoost_grid_1_AutoML_7_20260603_213117_model_5,target_lag5,2.635089022666216
0,2,0.1,XGBoost_grid_1_AutoML_7_20260603_213117_model_5,target_lag6,2.995065101981163
0,2,0.1,XGBoost_grid_1_AutoML_7_20260603_213117_model_5,hour_lag1,3.578339375406504
0,2,0.1,XGBoost_grid_1_AutoML_7_20260603_213117_model_5,day_of_week_lag1,0.19704501460772003
0,2,0.1,XGBoost_grid_1_AutoML_7_20260603_213117_model_5,month_lag1,0.1287899139896035
0,2,0.1,XGBoost_grid_1_AutoML_7_20260603_213117_model_5,trend_lag1,0.6475777851045131
0,2,0.1,XGBoost_grid_1_AutoML_7_20260603_213117_model_5,month_sin,0.004649865459650664
0,2,0.1,XGBoost_grid_1_AutoML_7_20260603_213117_model_5,month_cos,0.01111574032518544
0,2,0.1,XGBoost_grid_1_AutoML_7_20260603_213117_model_5,year,0.0408260173350572
0,2,0.1,XGBoost_grid_1_AutoML_7_20260603_213117_model_1,target_lag1,33.29516911506653
0,2,0.1,XGBoost_grid_1_AutoML_7_20260603_213117_model_1,target_lag2,18.833178889751434
0,2,0.1,XGBoost_grid_1_AutoML_7_20260603_213117_model_1,target_lag3,1.1916927886009216
0,2,0.1,XGBoost_grid_1_AutoML_7_20260603_213117_model_1,target_lag4,3.447312866449356
0,2,0.1,XGBoost_grid_1_AutoML_7_20260603_213117_model_1,target_lag5,1.7860645881667734
0,2,0.1,XGBoost_grid_1_AutoML_7_20260603_213117_model_1,target_lag6,2.9592418286204336
0,2,0.1,XGBoost_grid_1_AutoML_7_20260603_213117_model_1,hour_lag1,3.631547414958477
0,2,0.1,XGBoost_grid_1_AutoML_7_20260603_213117_model_1,day_of_week_lag1,0.15050598382949829
0,2,0.1,XGBoost_grid_1_AutoML_7_20260603_213117_model_1,month_lag1,0.5623902407195419
0,2,0.1,XGBoost_grid_1_AutoML_7_20260603_213117_model_1,trend_lag1,0.8675505476631225
0,2,0.1,XGBoost_grid_1_AutoML_7_20260603_213117_model_1,month_sin,0.002809888292103979
0,2,0.1,XGBoost_grid_1_AutoML_7_20260603_213117_model_1,month_cos,0.010242691796738616
0,2,0.1,XGBoost_grid_1_AutoML_7_20260603_213117_model_1,year,0.11141995533835138
0,2,0.1,XGBoost_grid_1_AutoML_7_20260603_213117_model_3,target_lag1,37.89789623260498
0,2,0.1,XGBoost_grid_1_AutoML_7_20260603_213117_model_3,target_lag2,9.02443398475647
0,2,0.1,XGBoost_grid_1_AutoML_7_20260603_213117_model_3,target_lag3,4.8973784735798835
0,2,0.1,XGBoost_grid_1_AutoML_7_20260603_213117_model_3,target_lag4,4.705845794677734
0,2,0.1,XGBoost_grid_1_AutoML_7_20260603_213117_model_3,target_lag5,5.255224027633667
0,2,0.1,XGBoost_grid_1_AutoML_7_20260603_213117_model_3,target_lag6,2.7194639720954
0,2,0.1,XGBoost_grid_1_AutoML_7_20260603_213117_model_3,hour_lag1,3.8411792282760144
0,2,0.1,XGBoost_grid_1_AutoML_7_20260603_213117_model_3,day_of_week_lag1,0.1745509820058942
0,2,0.1,XGBoost_grid_1_AutoML_7_20260603_213117_model_3,month_lag1,0.4522100941510871
0,2,0.1,XGBoost_grid_1_AutoML_7_20260603_213117_model_3,trend_lag1,0.34325540909543634
0,2,0.1,XGBoost_grid_1_AutoML_7_20260603_213117_model_3,month_sin,0.013643338780457228
0,2,0.1,XGBoost_grid_1_AutoML_7_20260603_213117_model_3,month_cos,0.005040074053104009
0,2,0.1,XGBoost_grid_1_AutoML_7_20260603_213117_model_3,year,0.11682859399355944
0,2,0.1,XGBoost_1_AutoML_7_20260603_213117,target_lag1,40.266296210289
0,2,0.1,XGBoost_1_AutoML_7_20260603_213117,target_lag2,14.802426312118769
0,2,0.1,XGBoost_1_AutoML_7_20260603_213117,target_lag3,1.2271988673508167
0,2,0.1,XGBoost_1_AutoML_7_20260603_213117,target_lag4,0.8167891015298665
0,2,0.1,XGBoost_1_AutoML_7_20260603_213117,target_lag5,1.2686372447013854
0,2,0.1,XGBoost_1_AutoML_7_20260603_213117,target_lag6,2.3682948733866214
0,2,0.1,XGBoost_1_AutoML_7_20260603_213117,hour_lag1,3.7127312707901
0,2,0.1,XGBoost_1_AutoML_7_20260603_213117,day_of_week_lag1,0.46805030884221194
0,2,0.1,XGBoost_1_AutoML_7_20260603_213117,month_lag1,0.35514413652941584
0,2,0.1,XGBoost_1_AutoML_7_20260603_213117,trend_lag1,0.8840451268292964
0,2,0.1,XGBoost_1_AutoML_7_20260603_213117,month_sin,0.14333328711334611
0,2,0.1,XGBoost_1_AutoML_7_20260603_213117,month_cos,0.15358485325239593
0,2,0.1,XGBoost_1_AutoML_7_20260603_213117,year,0.10990026369399854
0,2,0.1,XGBoost_grid_1_AutoML_7_20260603_213117_model_2,target_lag1,44.11745807170868
0,2,0.1,XGBoost_grid_1_AutoML_7_20260603_213117_model_2,target_lag2,9.470988085567951
0,2,0.1,XGBoost_grid_1_AutoML_7_20260603_213117_model_2,target_lag3,2.645825284719467
0,2,0.1,XGBoost_grid_1_AutoML_7_20260603_213117_model_2,target_lag4,0.6111065334733575
0,2,0.1,XGBoost_grid_1_AutoML_7_20260603_213117_model_2,target_lag5,0.6744533442053944
0,2,0.1,XGBoost_grid_1_AutoML_7_20260603_213117_model_2,target_lag6,1.9085811451822519
0,2,0.1,XGBoost_grid_1_AutoML_7_20260603_213117_model_2,hour_lag1,3.564900943338871
0,2,0.1,XGBoost_grid_1_AutoML_7_20260603_213117_model_2,day_of_week_lag1,0.43619369115680456
0,2,0.1,XGBoost_grid_1_AutoML_7_20260603_213117_model_2,month_lag1,0.37805739345029
0,2,0.1,XGBoost_grid_1_AutoML_7_20260603_213117_model_2,trend_lag1,1.5046789894998074
0,2,0.1,XGBoost_grid_1_AutoML_7_20260603_213117_model_2,month_sin,0.12178626295179125
0,2,0.1,XGBoost_grid_1_AutoML_7_20260603_213117_model_2,month_cos,0.1601038967199565
0,2,0.1,XGBoost_grid_1_AutoML_7_20260603_213117_model_2,year,0.1709597075358033
0,2,0.2,GBM_4_AutoML_7_20260603_213117,target_lag1,32.28300543308258
0,2,0.2,GBM_4_AutoML_7_20260603_213117,target_lag2,12.82473404288292
0,2,0.2,GBM_4_AutoML_7_20260603_213117,target_lag3,7.746155385728925
0,2,0.2,GBM_4_AutoML_7_20260603_213117,target_lag4,2.5964528727531433
0,2,0.2,GBM_4_AutoML_7_20260603_213117,target_lag5,1.313444845378399
0,2,0.2,GBM_4_AutoML_7_20260603_213117,target_lag6,2.0810117012960836
0,2,0.2,GBM_4_AutoML_7_20260603_213117,hour_lag1,3.2807155652344226
0,2,0.2,GBM_4_AutoML_7_20260603_213117,day_of_week_lag1,0.35345412590075287
0,2,0.2,GBM_4_AutoML_7_20260603_213117,month_lag1,0.2883017400978133
0,2,0.2,GBM_4_AutoML_7_20260603_213117,trend_lag1,0.7069006180763244
0,2,0.2,GBM_4_AutoML_7_20260603_213117,month_sin,0.08453216225840147
0,2,0.2,GBM_4_AutoML_7_20260603_213117,month_cos,0.09166629865299906
0,2,0.2,GBM_4_AutoML_7_20260603_213117,year,0.2547788390063215
0,2,0.2,GBM_1_AutoML_7_20260603_213117,target_lag1,36.366157658696174
0,2,0.2,GBM_1_AutoML_7_20260603_213117,target_lag2,15.277617211043834
0,2,0.2,GBM_1_AutoML_7_20260603_213117,target_lag3,4.879203786300495
0,2,0.2,GBM_1_AutoML_7_20260603_213117,target_lag4,0.5040567021330935
0,2,0.2,GBM_1_AutoML_7_20260603_213117,target_lag5,0.39436099090380594
0,2,0.2,GBM_1_AutoML_7_20260603_213117,target_lag6,1.6693440257012844
0,2,0.2,GBM_1_AutoML_7_20260603_213117,hour_lag1,3.158734006583691
0,2,0.2,GBM_1_AutoML_7_20260603_213117,day_of_week_lag1,0.3296420625783503
0,2,0.2,GBM_1_AutoML_7_20260603_213117,month_lag1,0.29948691021651025
0,2,0.2,GBM_1_AutoML_7_20260603_213117,trend_lag1,0.5020622184127569
0,2,0.2,GBM_1_AutoML_7_20260603_213117,month_sin,0.11882505147033949
0,2,0.2,GBM_1_AutoML_7_20260603_213117,month_cos,0.06804701700224539
0,2,0.2,GBM_1_AutoML_7_20260603_213117,year,0.19206821361090987
0,2,0.2,GBM_3_AutoML_7_20260603_213117,target_lag1,44.11927676856518
0,2,0.2,GBM_3_AutoML_7_20260603_213117,target_lag2,5.99478812277317
0,2,0.2,GBM_3_AutoML_7_20260603_213117,target_lag3,4.114406987428665
0,2,0.2,GBM_3_AutoML_7_20260603_213117,target_lag4,0.6632955391146242
0,2,0.2,GBM_3_AutoML_7_20260603_213117,target_lag5,1.0486641562730075
0,2,0.2,GBM_3_AutoML_7_20260603_213117,target_lag6,2.717543654246256
0,2,0.2,GBM_3_AutoML_7_20260603_213117,hour_lag1,3.185599486678839
0,2,0.2,GBM_3_AutoML_7_20260603_213117,day_of_week_lag1,0.27619180591776965
0,2,0.2,GBM_3_AutoML_7_20260603_213117,month_lag1,0.23266217609867454
0,2,0.2,GBM_3_AutoML_7_20260603_213117,trend_lag1,0.6142300722002983
0,2,0.2,GBM_3_AutoML_7_20260603_213117,month_sin,0.03318960763048376
0,2,0.2,GBM_3_AutoML_7_20260603_213117,month_cos,0.07153700868599112
0,2,0.2,GBM_3_AutoML_7_20260603_213117,year,0.10310498140635897
0,2,0.2,GBM_2_AutoML_7_20260603_213117,target_lag1,37.556880493164066
0,2,0.2,GBM_2_AutoML_7_20260603_213117,target_lag2,9.735060882866383
0,2,0.2,GBM_2_AutoML_7_20260603_213117,target_lag3,6.100888847168535
0,2,0.2,GBM_2_AutoML_7_20260603_213117,target_lag4,1.3105008254945278
0,2,0.2,GBM_2_AutoML_7_20260603_213117,target_lag5,1.7961645491421223
0,2,0.2,GBM_2_AutoML_7_20260603_213117,target_lag6,2.1570840029092504
0,2,0.2,GBM_2_AutoML_7_20260603_213117,hour_lag1,3.212268483075823
0,2,0.2,GBM_2_AutoML_7_20260603_213117,day_of_week_lag1,0.23674699019640685
0,2,0.2,GBM_2_AutoML_7_20260603_213117,month_lag1,0.18531058657914395
0,2,0.2,GBM_2_AutoML_7_20260603_213117,trend_lag1,0.46513691842556
0,2,0.2,GBM_2_AutoML_7_20260603_213117,month_sin,0.04264692272990937
0,2,0.2,GBM_2_AutoML_7_20260603_213117,month_cos,0.030943425914738282
0,2,0.2,GBM_2_AutoML_7_20260603_213117,year,0.20609433956211431
0,2,0.2,XGBoost_grid_1_AutoML_7_20260603_213117_model_4,target_lag1,38.61859878778458
0,2,0.2,XGBoost_grid_1_AutoML_7_20260603_213117_model_4,target_lag2,12.22356405198574
0,2,0.2,XGBoost_grid_1_AutoML_7_20260603_213117_model_4,target_lag3,6.162106261253357
0,2,0.2,XGBoost_grid_1_AutoML_7_20260603_213117_model_4,target_lag4,0.4398733548913151
0,2,0.2,XGBoost_grid_1_AutoML_7_20260603_213117_model_4,target_lag5,0.8639008484780788
0,2,0.2,XGBoost_grid_1_AutoML_7_20260603_213117_model_4,target_lag6,2.4910219723731277
0,2,0.2,XGBoost_grid_1_AutoML_7_20260603_213117_model_4,hour_lag1,3.5515676707029344
0,2,0.2,XGBoost_grid_1_AutoML_7_20260603_213117_model_4,day_of_week_lag1,0.3932865307526663
0,2,0.2,XGBoost_grid_1_AutoML_7_20260603_213117_model_4,month_lag1,0.3352958170790225
0,2,0.2,XGBoost_grid_1_AutoML_7_20260603_213117_model_4,trend_lag1,0.7972680799476802
0,2,0.2,XGBoost_grid_1_AutoML_7_20260603_213117_model_4,month_sin,0.050864949030801604
0,2,0.2,XGBoost_grid_1_AutoML_7_20260603_213117_model_4,month_cos,0.05354593353113156
0,2,0.2,XGBoost_grid_1_AutoML_7_20260603_213117_model_4,year,0.17266796201467513
0,2,0.2,GBM_5_AutoML_7_20260603_213117,target_lag1,37.58189827442169
0,2,0.2,GBM_5_AutoML_7_20260603_213117,target_lag2,12.64162655159831
0,2,0.2,GBM_5_AutoML_7_20260603_213117,target_lag3,1.630182540565729
0,2,0.2,GBM_5_AutoML_7_20260603_213117,target_lag4,2.0294971834123134
0,2,0.2,GBM_5_AutoML_7_20260603_213117,target_lag5,1.6344300881773233
0,2,0.2,GBM_5_AutoML_7_20260603_213117,target_lag6,2.180241304114461
0,2,0.2,GBM_5_AutoML_7_20260603_213117,hour_lag1,3.29965981785208
0,2,0.2,GBM_5_AutoML_7_20260603_213117,day_of_week_lag1,0.1738216439448297
0,2,0.2,GBM_5_AutoML_7_20260603_213117,month_lag1,0.2629266750998795
0,2,0.2,GBM_5_AutoML_7_20260603_213117,trend_lag1,0.7652060955017805
0,2,0.2,GBM_5_AutoML_7_20260603_213117,month_sin,0.0434935710788704
0,2,0.2,GBM_5_AutoML_7_20260603_213117,month_cos,0.060685665556811694
0,2,0.2,GBM_5_AutoML_7_20260603_213117,year,0.28286032056901605
0,2,0.2,GBM_grid_1_AutoML_7_20260603_213117_model_1,target_lag1,19.46813154220581
0,2,0.2,GBM_grid_1_AutoML_7_20260603_213117_model_1,target_lag2,14.869479917287826
0,2,0.2,GBM_grid_1_AutoML_7_20260603_213117_model_1,target_lag3,3.0879596534371374
0,2,0.2,GBM_grid_1_AutoML_7_20260603_213117_model_1,target_lag4,9.74468707293272
0,2,0.2,GBM_grid_1_AutoML_7_20260603_213117_model_1,target_lag5,6.412063801288605
0,2,0.2,GBM_grid_1_AutoML_7_20260603_213117_model_1,target_lag6,2.593757907822728
0,2,0.2,GBM_grid_1_AutoML_7_20260603_213117_model_1,hour_lag1,3.3695896377414467
0,2,0.2,GBM_grid_1_AutoML_7_20260603_213117_model_1,day_of_week_lag1,0.36070035461336375
0,2,0.2,GBM_grid_1_AutoML_7_20260603_213117_model_1,month_lag1,0.44520234055817126
0,2,0.2,GBM_grid_1_AutoML_7_20260603_213117_model_1,trend_lag1,0.7660986657440663
0,2,0.2,GBM_grid_1_AutoML_7_20260603_213117_model_1,month_sin,0.12693261233682274
0,2,0.2,GBM_grid_1_AutoML_7_20260603_213117_model_1,month_cos,0.09930773239206242
0,2,0.2,GBM_grid_1_AutoML_7_20260603_213117_model_1,year,0.23672664418816566
0,2,0.2,DRF_1_AutoML_7_20260603_213117,target_lag1,23.29849965453148
0,2,0.2,DRF_1_AutoML_7_20260603_213117,target_lag2,10.204374949932099
0,2,0.2,DRF_1_AutoML_7_20260603_213117,target_lag3,8.398639192134143
0,2,0.2,DRF_1_AutoML_7_20260603_213117,target_lag4,6.15326876282692
0,2,0.2,DRF_1_AutoML_7_20260603_213117,target_lag5,4.4520040686419815
0,2,0.2,DRF_1_AutoML_7_20260603_213117,target_lag6,3.142531112134457
0,2,0.2,DRF_1_AutoML_7_20260603_213117,hour_lag1,2.4407422735006548
0,2,0.2,DRF_1_AutoML_7_20260603_213117,day_of_week_lag1,0.17824272153899073
0,2,0.2,DRF_1_AutoML_7_20260603_213117,month_lag1,0.16665777279878966
0,2,0.2,DRF_1_AutoML_7_20260603_213117,trend_lag1,0.42977891525253653
0,2,0.2,DRF_1_AutoML_7_20260603_213117,month_sin,0.0706414290517568
0,2,0.2,DRF_1_AutoML_7_20260603_213117,month_cos,0.0907477084251877
0,2,0.2,DRF_1_AutoML_7_20260603_213117,year,0.25772410724312067
0,2,0.2,GBM_grid_1_AutoML_7_20260603_213117_model_2,target_lag1,23.240855311155318
0,2,0.2,GBM_grid_1_AutoML_7_20260603_213117_model_2,target_lag2,14.282064914107323
0,2,0.2,GBM_grid_1_AutoML_7_20260603_213117_model_2,target_lag3,12.28362612247467
0,2,0.2,GBM_grid_1_AutoML_7_20260603_213117_model_2,target_lag4,2.8228948318958285
0,2,0.2,GBM_grid_1_AutoML_7_20260603_213117_model_2,target_lag5,3.9570541527867316
0,2,0.2,GBM_grid_1_AutoML_7_20260603_213117_model_2,target_lag6,1.2920601100777276
0,2,0.2,GBM_grid_1_AutoML_7_20260603_213117_model_2,hour_lag1,3.2730222423374653
0,2,0.2,GBM_grid_1_AutoML_7_20260603_213117_model_2,day_of_week_lag1,0.3168886216590181
0,2,0.2,GBM_grid_1_AutoML_7_20260603_213117_model_2,month_lag1,0.29283101695007646
0,2,0.2,GBM_grid_1_AutoML_7_20260603_213117_model_2,trend_lag1,0.642638860847801
0,2,0.2,GBM_grid_1_AutoML_7_20260603_213117_model_2,month_sin,0.1324967074533924
0,2,0.2,GBM_grid_1_AutoML_7_20260603_213117_model_2,month_cos,0.13397957946173844
0,2,0.2,GBM_grid_1_AutoML_7_20260603_213117_model_2,year,0.2704251589666819
0,2,0.2,GBM_grid_1_AutoML_7_20260603_213117_model_3,target_lag1,18.72697903394699
0,2,0.2,GBM_grid_1_AutoML_7_20260603_213117_model_3,target_lag2,11.600201295614243
0,2,0.2,GBM_grid_1_AutoML_7_20260603_213117_model_3,target_lag3,11.621441073417664
0,2,0.2,GBM_grid_1_AutoML_7_20260603_213117_model_3,target_lag4,4.6046005661785605
0,2,0.2,GBM_grid_1_AutoML_7_20260603_213117_model_3,target_lag5,5.940537758246064
0,2,0.2,GBM_grid_1_AutoML_7_20260603_213117_model_3,target_lag6,3.6514280558377505
0,2,0.2,GBM_grid_1_AutoML_7_20260603_213117_model_3,hour_lag1,3.4350891263782977
0,2,0.2,GBM_grid_1_AutoML_7_20260603_213117_model_3,day_of_week_lag1,0.4487254998087883
0,2,0.2,GBM_grid_1_AutoML_7_20260603_213117_model_3,month_lag1,0.8215947226062417
0,2,0.2,GBM_grid_1_AutoML_7_20260603_213117_model_3,trend_lag1,0.6061198794096708
0,2,0.2,GBM_grid_1_AutoML_7_20260603_213117_model_3,month_sin,0.1272329330956563
0,2,0.2,GBM_grid_1_AutoML_7_20260603_213117_model_3,month_cos,0.17844917055685072
0,2,0.2,GBM_grid_1_AutoML_7_20260603_213117_model_3,year,0.6001366994529963
0,2,0.2,XRT_1_AutoML_7_20260603_213117,target_lag1,170.42973492383956
0,2,0.2,XRT_1_AutoML_7_20260603_213117,target_lag2,189.9904755421728
0,2,0.2,XRT_1_AutoML_7_20260603_213117,target_lag3,712661.5538198662
0,2,0.2,XRT_1_AutoML_7_20260603_213117,target_lag4,75156460.16745412
0,2,0.2,XRT_1_AutoML_7_20260603_213117,target_lag5,185.77615298867227
0,2,0.2,XRT_1_AutoML_7_20260603_213117,target_lag6,441926.30242343544
0,2,0.2,XRT_1_AutoML_7_20260603_213117,hour_lag1,441926.299757408
0,2,0.2,XRT_1_AutoML_7_20260603_213117,day_of_week_lag1,59.30379680506885
0,2,0.2,XRT_1_AutoML_7_20260603_213117,month_lag1,333.1952559625357
0,2,0.2,XRT_1_AutoML_7_20260603_213117,trend_lag1,2042348.4569132125
0,2,0.2,XRT_1_AutoML_7_20260603_213117,month_sin,4.415705452412367
0,2,0.2,XRT_1_AutoML_7_20260603_213117,month_cos,3145.6085038116084
0,2,0.2,XRT_1_AutoML_7_20260603_213117,year,2.806129217147827
0,2,0.2,XGBoost_3_AutoML_7_20260603_213117,target_lag1,37.62088740468025
0,2,0.2,XGBoost_3_AutoML_7_20260603_213117,target_lag2,14.859714962244034
0,2,0.2,XGBoost_3_AutoML_7_20260603_213117,target_lag3,1.5625393300503492
0,2,0.2,XGBoost_3_AutoML_7_20260603_213117,target_lag4,0.8089058223739266
0,2,0.2,XGBoost_3_AutoML_7_20260603_213117,target_lag5,1.3621510324627162
0,2,0.2,XGBoost_3_AutoML_7_20260603_213117,target_lag6,4.3939423360396175
0,2,0.2,XGBoost_3_AutoML_7_20260603_213117,hour_lag1,3.7376403445005417
0,2,0.2,XGBoost_3_AutoML_7_20260603_213117,day_of_week_lag1,0.27778135348111394
0,2,0.2,XGBoost_3_AutoML_7_20260603_213117,month_lag1,0.26059589061653243
0,2,0.2,XGBoost_3_AutoML_7_20260603_213117,trend_lag1,1.8266605567932128
0,2,0.2,XGBoost_3_AutoML_7_20260603_213117,month_sin,0.11789507576962929
0,2,0.2,XGBoost_3_AutoML_7_20260603_213117,month_cos,0.03654588377336035
0,2,0.2,XGBoost_3_AutoML_7_20260603_213117,year,0.10453742989338931
0,2,0.2,XGBoost_2_AutoML_7_20260603_213117,target_lag1,29.866074714660645
0,2,0.2,XGBoost_2_AutoML_7_20260603_213117,target_lag2,13.127630245685577
0,2,0.2,XGBoost_2_AutoML_7_20260603_213117,target_lag3,6.369619529247284
0,2,0.2,XGBoost_2_AutoML_7_20260603_213117,target_lag4,6.2633698415756225
0,2,0.2,XGBoost_2_AutoML_7_20260603_213117,target_lag5,0.5544374822825193
0,2,0.2,XGBoost_2_AutoML_7_20260603_213117,target_lag6,3.406025251671672
0,2,0.2,XGBoost_2_AutoML_7_20260603_213117,hour_lag1,3.8150313312560318
0,2,0.2,XGBoost_2_AutoML_7_20260603_213117,day_of_week_lag1,0.3996961760148406
0,2,0.2,XGBoost_2_AutoML_7_20260603_213117,month_lag1,0.45839107383944794
0,2,0.2,XGBoost_2_AutoML_7_20260603_213117,trend_lag1,0.9204024052270688
0,2,0.2,XGBoost_2_AutoML_7_20260603_213117,month_sin,0.14536139259667835
0,2,0.2,XGBoost_2_AutoML_7_20260603_213117,month_cos,0.15595276267384175
0,2,0.2,XGBoost_2_AutoML_7_20260603_213117,year,0.07372445167857218
0,2,0.2,XGBoost_grid_1_AutoML_7_20260603_213117_model_5,target_lag1,32.23463453292847
0,2,0.2,XGBoost_grid_1_AutoML_7_20260603_213117_model_5,target_lag2,18.90957507997751
0,2,0.2,XGBoost_grid_1_AutoML_7_20260603_213117_model_5,target_lag3,2.299929786771536
0,2,0.2,XGBoost_grid_1_AutoML_7_20260603_213117_model_5,target_lag4,3.35988218575716
0,2,0.2,XGBoost_grid_1_AutoML_7_20260603_213117_model_5,target_lag5,2.635089022666216
0,2,0.2,XGBoost_grid_1_AutoML_7_20260603_213117_model_5,target_lag6,2.995065101981163
0,2,0.2,XGBoost_grid_1_AutoML_7_20260603_213117_model_5,hour_lag1,3.578339375406504
0,2,0.2,XGBoost_grid_1_AutoML_7_20260603_213117_model_5,day_of_week_lag1,0.19704501460772003
0,2,0.2,XGBoost_grid_1_AutoML_7_20260603_213117_model_5,month_lag1,0.1287899139896035
0,2,0.2,XGBoost_grid_1_AutoML_7_20260603_213117_model_5,trend_lag1,0.6475777851045131
0,2,0.2,XGBoost_grid_1_AutoML_7_20260603_213117_model_5,month_sin,0.004649865459650664
0,2,0.2,XGBoost_grid_1_AutoML_7_20260603_213117_model_5,month_cos,0.01111574032518544
0,2,0.2,XGBoost_grid_1_AutoML_7_20260603_213117_model_5,year,0.0408260173350572
0,2,0.2,XGBoost_grid_1_AutoML_7_20260603_213117_model_1,target_lag1,33.29516911506653
0,2,0.2,XGBoost_grid_1_AutoML_7_20260603_213117_model_1,target_lag2,18.833178889751434
0,2,0.2,XGBoost_grid_1_AutoML_7_20260603_213117_model_1,target_lag3,1.1916927886009216
0,2,0.2,XGBoost_grid_1_AutoML_7_20260603_213117_model_1,target_lag4,3.447312866449356
0,2,0.2,XGBoost_grid_1_AutoML_7_20260603_213117_model_1,target_lag5,1.7860645881667734
0,2,0.2,XGBoost_grid_1_AutoML_7_20260603_213117_model_1,target_lag6,2.9592418286204336
0,2,0.2,XGBoost_grid_1_AutoML_7_20260603_213117_model_1,hour_lag1,3.631547414958477
0,2,0.2,XGBoost_grid_1_AutoML_7_20260603_213117_model_1,day_of_week_lag1,0.15050598382949829
0,2,0.2,XGBoost_grid_1_AutoML_7_20260603_213117_model_1,month_lag1,0.5623902407195419
0,2,0.2,XGBoost_grid_1_AutoML_7_20260603_213117_model_1,trend_lag1,0.8675505476631225
0,2,0.2,XGBoost_grid_1_AutoML_7_20260603_213117_model_1,month_sin,0.002809888292103979
0,2,0.2,XGBoost_grid_1_AutoML_7_20260603_213117_model_1,month_cos,0.010242691796738616
0,2,0.2,XGBoost_grid_1_AutoML_7_20260603_213117_model_1,year,0.11141995533835138
0,2,0.2,XGBoost_grid_1_AutoML_7_20260603_213117_model_3,target_lag1,37.89789623260498
0,2,0.2,XGBoost_grid_1_AutoML_7_20260603_213117_model_3,target_lag2,9.02443398475647
0,2,0.2,XGBoost_grid_1_AutoML_7_20260603_213117_model_3,target_lag3,4.8973784735798835
0,2,0.2,XGBoost_grid_1_AutoML_7_20260603_213117_model_3,target_lag4,4.705845794677734
0,2,0.2,XGBoost_grid_1_AutoML_7_20260603_213117_model_3,target_lag5,5.255224027633667
0,2,0.2,XGBoost_grid_1_AutoML_7_20260603_213117_model_3,target_lag6,2.7194639720954
0,2,0.2,XGBoost_grid_1_AutoML_7_20260603_213117_model_3,hour_lag1,3.8411792282760144
0,2,0.2,XGBoost_grid_1_AutoML_7_20260603_213117_model_3,day_of_week_lag1,0.1745509820058942
0,2,0.2,XGBoost_grid_1_AutoML_7_20260603_213117_model_3,month_lag1,0.4522100941510871
0,2,0.2,XGBoost_grid_1_AutoML_7_20260603_213117_model_3,trend_lag1,0.34325540909543634
0,2,0.2,XGBoost_grid_1_AutoML_7_20260603_213117_model_3,month_sin,0.013643338780457228
0,2,0.2,XGBoost_grid_1_AutoML_7_20260603_213117_model_3,month_cos,0.005040074053104009
0,2,0.2,XGBoost_grid_1_AutoML_7_20260603_213117_model_3,year,0.11682859399355944
0,2,0.2,XGBoost_1_AutoML_7_20260603_213117,target_lag1,40.266296210289
0,2,0.2,XGBoost_1_AutoML_7_20260603_213117,target_lag2,14.802426312118769
0,2,0.2,XGBoost_1_AutoML_7_20260603_213117,target_lag3,1.2271988673508167
0,2,0.2,XGBoost_1_AutoML_7_20260603_213117,target_lag4,0.8167891015298665
0,2,0.2,XGBoost_1_AutoML_7_20260603_213117,target_lag5,1.2686372447013854
0,2,0.2,XGBoost_1_AutoML_7_20260603_213117,target_lag6,2.3682948733866214
0,2,0.2,XGBoost_1_AutoML_7_20260603_213117,hour_lag1,3.7127312707901
0,2,0.2,XGBoost_1_AutoML_7_20260603_213117,day_of_week_lag1,0.46805030884221194
0,2,0.2,XGBoost_1_AutoML_7_20260603_213117,month_lag1,0.35514413652941584
0,2,0.2,XGBoost_1_AutoML_7_20260603_213117,trend_lag1,0.8840451268292964
0,2,0.2,XGBoost_1_AutoML_7_20260603_213117,month_sin,0.14333328711334611
0,2,0.2,XGBoost_1_AutoML_7_20260603_213117,month_cos,0.15358485325239593
0,2,0.2,XGBoost_1_AutoML_7_20260603_213117,year,0.10990026369399854
0,2,0.2,XGBoost_grid_1_AutoML_7_20260603_213117_model_2,target_lag1,44.11745807170868
0,2,0.2,XGBoost_grid_1_AutoML_7_20260603_213117_model_2,target_lag2,9.470988085567951
0,2,0.2,XGBoost_grid_1_AutoML_7_20260603_213117_model_2,target_lag3,2.645825284719467
0,2,0.2,XGBoost_grid_1_AutoML_7_20260603_213117_model_2,target_lag4,0.6111065334733575
0,2,0.2,XGBoost_grid_1_AutoML_7_20260603_213117_model_2,target_lag5,0.6744533442053944
0,2,0.2,XGBoost_grid_1_AutoML_7_20260603_213117_model_2,target_lag6,1.9085811451822519
0,2,0.2,XGBoost_grid_1_AutoML_7_20260603_213117_model_2,hour_lag1,3.564900943338871
0,2,0.2,XGBoost_grid_1_AutoML_7_20260603_213117_model_2,day_of_week_lag1,0.43619369115680456
0,2,0.2,XGBoost_grid_1_AutoML_7_20260603_213117_model_2,month_lag1,0.37805739345029
0,2,0.2,XGBoost_grid_1_AutoML_7_20260603_213117_model_2,trend_lag1,1.5046789894998074
0,2,0.2,XGBoost_grid_1_AutoML_7_20260603_213117_model_2,month_sin,0.12178626295179125
0,2,0.2,XGBoost_grid_1_AutoML_7_20260603_213117_model_2,month_cos,0.1601038967199565
0,2,0.2,XGBoost_grid_1_AutoML_7_20260603_213117_model_2,year,0.1709597075358033
0,2,0.2,GLM_1_AutoML_7_20260603_213117,target_lag1,40.92149192375231
0,2,0.2,GLM_1_AutoML_7_20260603_213117,target_lag2,13.904683240022967
0,2,0.2,GLM_1_AutoML_7_20260603_213117,target_lag3,4.660618114099266
0,2,0.2,GLM_1_AutoML_7_20260603_213117,target_lag4,0.8771288902290175
0,2,0.2,GLM_1_AutoML_7_20260603_213117,target_lag5,1.05191255090506
0,2,0.2,GLM_1_AutoML_7_20260603_213117,target_lag6,2.6670142067787657
0,2,0.2,GLM_1_AutoML_7_20260603_213117,hour_lag1,0.11628973214169928
0,2,0.2,GLM_1_AutoML_7_20260603_213117,day_of_week_lag1,0.054162589213464916
0,2,0.2,GLM_1_AutoML_7_20260603_213117,month_lag1,0.05293269928540231
0,2,0.2,GLM_1_AutoML_7_20260603_213117,trend_lag1,0.012250057055336603
0,2,0.2,GLM_1_AutoML_7_20260603_213117,month_sin,0.010311033363069783
0,2,0.2,GLM_1_AutoML_7_20260603_213117,month_cos,0.012531120685195817
0,2,0.2,GLM_1_AutoML_7_20260603_213117,year,0.1573058857008189
0,2,0.2,XGBoost_grid_1_AutoML_7_20260603_213117_model_6,target_lag1,33.23088101625442
0,2,0.2,XGBoost_grid_1_AutoML_7_20260603_213117_model_6,target_lag2,5.37853406149894
0,2,0.2,XGBoost_grid_1_AutoML_7_20260603_213117_model_6,target_lag3,8.99669093132019
0,2,0.2,XGBoost_grid_1_AutoML_7_20260603_213117_model_6,target_lag4,6.949602512717247
0,2,0.2,XGBoost_grid_1_AutoML_7_20260603_213117_model_6,target_lag5,1.2343910615798086
0,2,0.2,XGBoost_grid_1_AutoML_7_20260603_213117_model_6,target_lag6,2.778980964422226
0,2,0.2,XGBoost_grid_1_AutoML_7_20260603_213117_model_6,hour_lag1,3.971142442971468
0,2,0.2,XGBoost_grid_1_AutoML_7_20260603_213117_model_6,day_of_week_lag1,0.4393346333503723
0,2,0.2,XGBoost_grid_1_AutoML_7_20260603_213117_model_6,month_lag1,0.4579686689004302
0,2,0.2,XGBoost_grid_1_AutoML_7_20260603_213117_model_6,trend_lag1,1.1042802401294467
0,2,0.2,XGBoost_grid_1_AutoML_7_20260603_213117_model_6,month_sin,0.12226774711147297
0,2,0.2,XGBoost_grid_1_AutoML_7_20260603_213117_model_6,month_cos,0.20942322955466808
0,2,0.2,XGBoost_grid_1_AutoML_7_20260603_213117_model_6,year,0.6964733657706529
0,2,0.3,GBM_4_AutoML_7_20260603_213117,target_lag1,32.28300543308258
0,2,0.3,GBM_4_AutoML_7_20260603_213117,target_lag2,12.82473404288292
0,2,0.3,GBM_4_AutoML_7_20260603_213117,target_lag3,7.746155385728925
0,2,0.3,GBM_4_AutoML_7_20260603_213117,target_lag4,2.5964528727531433
0,2,0.3,GBM_4_AutoML_7_20260603_213117,target_lag5,1.313444845378399
0,2,0.3,GBM_4_AutoML_7_20260603_213117,target_lag6,2.0810117012960836
0,2,0.3,GBM_4_AutoML_7_20260603_213117,hour_lag1,3.2807155652344226
0,2,0.3,GBM_4_AutoML_7_20260603_213117,day_of_week_lag1,0.35345412590075287
0,2,0.3,GBM_4_AutoML_7_20260603_213117,month_lag1,0.2883017400978133
0,2,0.3,GBM_4_AutoML_7_20260603_213117,trend_lag1,0.7069006180763244
0,2,0.3,GBM_4_AutoML_7_20260603_213117,month_sin,0.08453216225840147
0,2,0.3,GBM_4_AutoML_7_20260603_213117,month_cos,0.09166629865299906
0,2,0.3,GBM_4_AutoML_7_20260603_213117,year,0.2547788390063215
0,2,0.3,GBM_1_AutoML_7_20260603_213117,target_lag1,36.366157658696174
0,2,0.3,GBM_1_AutoML_7_20260603_213117,target_lag2,15.277617211043834
0,2,0.3,GBM_1_AutoML_7_20260603_213117,target_lag3,4.879203786300495
0,2,0.3,GBM_1_AutoML_7_20260603_213117,target_lag4,0.5040567021330935
0,2,0.3,GBM_1_AutoML_7_20260603_213117,target_lag5,0.39436099090380594
0,2,0.3,GBM_1_AutoML_7_20260603_213117,target_lag6,1.6693440257012844
0,2,0.3,GBM_1_AutoML_7_20260603_213117,hour_lag1,3.158734006583691
0,2,0.3,GBM_1_AutoML_7_20260603_213117,day_of_week_lag1,0.3296420625783503
0,2,0.3,GBM_1_AutoML_7_20260603_213117,month_lag1,0.29948691021651025
0,2,0.3,GBM_1_AutoML_7_20260603_213117,trend_lag1,0.5020622184127569
0,2,0.3,GBM_1_AutoML_7_20260603_213117,month_sin,0.11882505147033949
0,2,0.3,GBM_1_AutoML_7_20260603_213117,month_cos,0.06804701700224539
0,2,0.3,GBM_1_AutoML_7_20260603_213117,year,0.19206821361090987
0,2,0.3,GBM_3_AutoML_7_20260603_213117,target_lag1,44.11927676856518
0,2,0.3,GBM_3_AutoML_7_20260603_213117,target_lag2,5.99478812277317
0,2,0.3,GBM_3_AutoML_7_20260603_213117,target_lag3,4.114406987428665
0,2,0.3,GBM_3_AutoML_7_20260603_213117,target_lag4,0.6632955391146242
0,2,0.3,GBM_3_AutoML_7_20260603_213117,target_lag5,1.0486641562730075
0,2,0.3,GBM_3_AutoML_7_20260603_213117,target_lag6,2.717543654246256
0,2,0.3,GBM_3_AutoML_7_20260603_213117,hour_lag1,3.185599486678839
0,2,0.3,GBM_3_AutoML_7_20260603_213117,day_of_week_lag1,0.27619180591776965
0,2,0.3,GBM_3_AutoML_7_20260603_213117,month_lag1,0.23266217609867454
0,2,0.3,GBM_3_AutoML_7_20260603_213117,trend_lag1,0.6142300722002983
0,2,0.3,GBM_3_AutoML_7_20260603_213117,month_sin,0.03318960763048376
0,2,0.3,GBM_3_AutoML_7_20260603_213117,month_cos,0.07153700868599112
0,2,0.3,GBM_3_AutoML_7_20260603_213117,year,0.10310498140635897
0,2,0.3,GBM_2_AutoML_7_20260603_213117,target_lag1,37.556880493164066
0,2,0.3,GBM_2_AutoML_7_20260603_213117,target_lag2,9.735060882866383
0,2,0.3,GBM_2_AutoML_7_20260603_213117,target_lag3,6.100888847168535
0,2,0.3,GBM_2_AutoML_7_20260603_213117,target_lag4,1.3105008254945278
0,2,0.3,GBM_2_AutoML_7_20260603_213117,target_lag5,1.7961645491421223
0,2,0.3,GBM_2_AutoML_7_20260603_213117,target_lag6,2.1570840029092504
0,2,0.3,GBM_2_AutoML_7_20260603_213117,hour_lag1,3.212268483075823
0,2,0.3,GBM_2_AutoML_7_20260603_213117,day_of_week_lag1,0.23674699019640685
0,2,0.3,GBM_2_AutoML_7_20260603_213117,month_lag1,0.18531058657914395
0,2,0.3,GBM_2_AutoML_7_20260603_213117,trend_lag1,0.46513691842556
0,2,0.3,GBM_2_AutoML_7_20260603_213117,month_sin,0.04264692272990937
0,2,0.3,GBM_2_AutoML_7_20260603_213117,month_cos,0.030943425914738282
0,2,0.3,GBM_2_AutoML_7_20260603_213117,year,0.20609433956211431
0,2,0.3,XGBoost_grid_1_AutoML_7_20260603_213117_model_4,target_lag1,38.61859878778458
0,2,0.3,XGBoost_grid_1_AutoML_7_20260603_213117_model_4,target_lag2,12.22356405198574
0,2,0.3,XGBoost_grid_1_AutoML_7_20260603_213117_model_4,target_lag3,6.162106261253357
0,2,0.3,XGBoost_grid_1_AutoML_7_20260603_213117_model_4,target_lag4,0.4398733548913151
0,2,0.3,XGBoost_grid_1_AutoML_7_20260603_213117_model_4,target_lag5,0.8639008484780788
0,2,0.3,XGBoost_grid_1_AutoML_7_20260603_213117_model_4,target_lag6,2.4910219723731277
0,2,0.3,XGBoost_grid_1_AutoML_7_20260603_213117_model_4,hour_lag1,3.5515676707029344
0,2,0.3,XGBoost_grid_1_AutoML_7_20260603_213117_model_4,day_of_week_lag1,0.3932865307526663
0,2,0.3,XGBoost_grid_1_AutoML_7_20260603_213117_model_4,month_lag1,0.3352958170790225
0,2,0.3,XGBoost_grid_1_AutoML_7_20260603_213117_model_4,trend_lag1,0.7972680799476802
0,2,0.3,XGBoost_grid_1_AutoML_7_20260603_213117_model_4,month_sin,0.050864949030801604
0,2,0.3,XGBoost_grid_1_AutoML_7_20260603_213117_model_4,month_cos,0.05354593353113156
0,2,0.3,XGBoost_grid_1_AutoML_7_20260603_213117_model_4,year,0.17266796201467513
0,2,0.3,GBM_5_AutoML_7_20260603_213117,target_lag1,37.58189827442169
0,2,0.3,GBM_5_AutoML_7_20260603_213117,target_lag2,12.64162655159831
0,2,0.3,GBM_5_AutoML_7_20260603_213117,target_lag3,1.630182540565729
0,2,0.3,GBM_5_AutoML_7_20260603_213117,target_lag4,2.0294971834123134
0,2,0.3,GBM_5_AutoML_7_20260603_213117,target_lag5,1.6344300881773233
0,2,0.3,GBM_5_AutoML_7_20260603_213117,target_lag6,2.180241304114461
0,2,0.3,GBM_5_AutoML_7_20260603_213117,hour_lag1,3.29965981785208
0,2,0.3,GBM_5_AutoML_7_20260603_213117,day_of_week_lag1,0.1738216439448297
0,2,0.3,GBM_5_AutoML_7_20260603_213117,month_lag1,0.2629266750998795
0,2,0.3,GBM_5_AutoML_7_20260603_213117,trend_lag1,0.7652060955017805
0,2,0.3,GBM_5_AutoML_7_20260603_213117,month_sin,0.0434935710788704
0,2,0.3,GBM_5_AutoML_7_20260603_213117,month_cos,0.060685665556811694
0,2,0.3,GBM_5_AutoML_7_20260603_213117,year,0.28286032056901605
0,2,0.3,GBM_grid_1_AutoML_7_20260603_213117_model_1,target_lag1,19.46813154220581
0,2,0.3,GBM_grid_1_AutoML_7_20260603_213117_model_1,target_lag2,14.869479917287826
0,2,0.3,GBM_grid_1_AutoML_7_20260603_213117_model_1,target_lag3,3.0879596534371374
0,2,0.3,GBM_grid_1_AutoML_7_20260603_213117_model_1,target_lag4,9.74468707293272
0,2,0.3,GBM_grid_1_AutoML_7_20260603_213117_model_1,target_lag5,6.412063801288605
0,2,0.3,GBM_grid_1_AutoML_7_20260603_213117_model_1,target_lag6,2.593757907822728
0,2,0.3,GBM_grid_1_AutoML_7_20260603_213117_model_1,hour_lag1,3.3695896377414467
0,2,0.3,GBM_grid_1_AutoML_7_20260603_213117_model_1,day_of_week_lag1,0.36070035461336375
0,2,0.3,GBM_grid_1_AutoML_7_20260603_213117_model_1,month_lag1,0.44520234055817126
0,2,0.3,GBM_grid_1_AutoML_7_20260603_213117_model_1,trend_lag1,0.7660986657440663
0,2,0.3,GBM_grid_1_AutoML_7_20260603_213117_model_1,month_sin,0.12693261233682274
0,2,0.3,GBM_grid_1_AutoML_7_20260603_213117_model_1,month_cos,0.09930773239206242
0,2,0.3,GBM_grid_1_AutoML_7_20260603_213117_model_1,year,0.23672664418816566
0,2,0.3,DRF_1_AutoML_7_20260603_213117,target_lag1,23.29849965453148
0,2,0.3,DRF_1_AutoML_7_20260603_213117,target_lag2,10.204374949932099
0,2,0.3,DRF_1_AutoML_7_20260603_213117,target_lag3,8.398639192134143
0,2,0.3,DRF_1_AutoML_7_20260603_213117,target_lag4,6.15326876282692
0,2,0.3,DRF_1_AutoML_7_20260603_213117,target_lag5,4.4520040686419815
0,2,0.3,DRF_1_AutoML_7_20260603_213117,target_lag6,3.142531112134457
0,2,0.3,DRF_1_AutoML_7_20260603_213117,hour_lag1,2.4407422735006548
0,2,0.3,DRF_1_AutoML_7_20260603_213117,day_of_week_lag1,0.17824272153899073
0,2,0.3,DRF_1_AutoML_7_20260603_213117,month_lag1,0.16665777279878966
0,2,0.3,DRF_1_AutoML_7_20260603_213117,trend_lag1,0.42977891525253653
0,2,0.3,DRF_1_AutoML_7_20260603_213117,month_sin,0.0706414290517568
0,2,0.3,DRF_1_AutoML_7_20260603_213117,month_cos,0.0907477084251877
0,2,0.3,DRF_1_AutoML_7_20260603_213117,year,0.25772410724312067
0,2,0.3,GBM_grid_1_AutoML_7_20260603_213117_model_2,target_lag1,23.240855311155318
0,2,0.3,GBM_grid_1_AutoML_7_20260603_213117_model_2,target_lag2,14.282064914107323
0,2,0.3,GBM_grid_1_AutoML_7_20260603_213117_model_2,target_lag3,12.28362612247467
0,2,0.3,GBM_grid_1_AutoML_7_20260603_213117_model_2,target_lag4,2.8228948318958285
0,2,0.3,GBM_grid_1_AutoML_7_20260603_213117_model_2,target_lag5,3.9570541527867316
0,2,0.3,GBM_grid_1_AutoML_7_20260603_213117_model_2,target_lag6,1.2920601100777276
0,2,0.3,GBM_grid_1_AutoML_7_20260603_213117_model_2,hour_lag1,3.2730222423374653
0,2,0.3,GBM_grid_1_AutoML_7_20260603_213117_model_2,day_of_week_lag1,0.3168886216590181
0,2,0.3,GBM_grid_1_AutoML_7_20260603_213117_model_2,month_lag1,0.29283101695007646
0,2,0.3,GBM_grid_1_AutoML_7_20260603_213117_model_2,trend_lag1,0.642638860847801
0,2,0.3,GBM_grid_1_AutoML_7_20260603_213117_model_2,month_sin,0.1324967074533924
0,2,0.3,GBM_grid_1_AutoML_7_20260603_213117_model_2,month_cos,0.13397957946173844
0,2,0.3,GBM_grid_1_AutoML_7_20260603_213117_model_2,year,0.2704251589666819
0,2,0.3,GBM_grid_1_AutoML_7_20260603_213117_model_3,target_lag1,18.72697903394699
0,2,0.3,GBM_grid_1_AutoML_7_20260603_213117_model_3,target_lag2,11.600201295614243
0,2,0.3,GBM_grid_1_AutoML_7_20260603_213117_model_3,target_lag3,11.621441073417664
0,2,0.3,GBM_grid_1_AutoML_7_20260603_213117_model_3,target_lag4,4.6046005661785605
0,2,0.3,GBM_grid_1_AutoML_7_20260603_213117_model_3,target_lag5,5.940537758246064
0,2,0.3,GBM_grid_1_AutoML_7_20260603_213117_model_3,target_lag6,3.6514280558377505
0,2,0.3,GBM_grid_1_AutoML_7_20260603_213117_model_3,hour_lag1,3.4350891263782977
0,2,0.3,GBM_grid_1_AutoML_7_20260603_213117_model_3,day_of_week_lag1,0.4487254998087883
0,2,0.3,GBM_grid_1_AutoML_7_20260603_213117_model_3,month_lag1,0.8215947226062417
0,2,0.3,GBM_grid_1_AutoML_7_20260603_213117_model_3,trend_lag1,0.6061198794096708
0,2,0.3,GBM_grid_1_AutoML_7_20260603_213117_model_3,month_sin,0.1272329330956563
0,2,0.3,GBM_grid_1_AutoML_7_20260603_213117_model_3,month_cos,0.17844917055685072
0,2,0.3,GBM_grid_1_AutoML_7_20260603_213117_model_3,year,0.6001366994529963
0,2,0.3,XRT_1_AutoML_7_20260603_213117,target_lag1,170.42973492383956
0,2,0.3,XRT_1_AutoML_7_20260603_213117,target_lag2,189.9904755421728
0,2,0.3,XRT_1_AutoML_7_20260603_213117,target_lag3,712661.5538198662
0,2,0.3,XRT_1_AutoML_7_20260603_213117,target_lag4,75156460.16745412
0,2,0.3,XRT_1_AutoML_7_20260603_213117,target_lag5,185.77615298867227
0,2,0.3,XRT_1_AutoML_7_20260603_213117,target_lag6,441926.30242343544
0,2,0.3,XRT_1_AutoML_7_20260603_213117,hour_lag1,441926.299757408
0,2,0.3,XRT_1_AutoML_7_20260603_213117,day_of_week_lag1,59.30379680506885
0,2,0.3,XRT_1_AutoML_7_20260603_213117,month_lag1,333.1952559625357
0,2,0.3,XRT_1_AutoML_7_20260603_213117,trend_lag1,2042348.4569132125
0,2,0.3,XRT_1_AutoML_7_20260603_213117,month_sin,4.415705452412367
0,2,0.3,XRT_1_AutoML_7_20260603_213117,month_cos,3145.6085038116084
0,2,0.3,XRT_1_AutoML_7_20260603_213117,year,2.806129217147827
0,2,0.3,XGBoost_3_AutoML_7_20260603_213117,target_lag1,37.62088740468025
0,2,0.3,XGBoost_3_AutoML_7_20260603_213117,target_lag2,14.859714962244034
0,2,0.3,XGBoost_3_AutoML_7_20260603_213117,target_lag3,1.5625393300503492
0,2,0.3,XGBoost_3_AutoML_7_20260603_213117,target_lag4,0.8089058223739266
0,2,0.3,XGBoost_3_AutoML_7_20260603_213117,target_lag5,1.3621510324627162
0,2,0.3,XGBoost_3_AutoML_7_20260603_213117,target_lag6,4.3939423360396175
0,2,0.3,XGBoost_3_AutoML_7_20260603_213117,hour_lag1,3.7376403445005417
0,2,0.3,XGBoost_3_AutoML_7_20260603_213117,day_of_week_lag1,0.27778135348111394
0,2,0.3,XGBoost_3_AutoML_7_20260603_213117,month_lag1,0.26059589061653243
0,2,0.3,XGBoost_3_AutoML_7_20260603_213117,trend_lag1,1.8266605567932128
0,2,0.3,XGBoost_3_AutoML_7_20260603_213117,month_sin,0.11789507576962929
0,2,0.3,XGBoost_3_AutoML_7_20260603_213117,month_cos,0.03654588377336035
0,2,0.3,XGBoost_3_AutoML_7_20260603_213117,year,0.10453742989338931
0,2,0.3,XGBoost_2_AutoML_7_20260603_213117,target_lag1,29.866074714660645
0,2,0.3,XGBoost_2_AutoML_7_20260603_213117,target_lag2,13.127630245685577
0,2,0.3,XGBoost_2_AutoML_7_20260603_213117,target_lag3,6.369619529247284
0,2,0.3,XGBoost_2_AutoML_7_20260603_213117,target_lag4,6.2633698415756225
0,2,0.3,XGBoost_2_AutoML_7_20260603_213117,target_lag5,0.5544374822825193
0,2,0.3,XGBoost_2_AutoML_7_20260603_213117,target_lag6,3.406025251671672
0,2,0.3,XGBoost_2_AutoML_7_20260603_213117,hour_lag1,3.8150313312560318
0,2,0.3,XGBoost_2_AutoML_7_20260603_213117,day_of_week_lag1,0.3996961760148406
0,2,0.3,XGBoost_2_AutoML_7_20260603_213117,month_lag1,0.45839107383944794
0,2,0.3,XGBoost_2_AutoML_7_20260603_213117,trend_lag1,0.9204024052270688
0,2,0.3,XGBoost_2_AutoML_7_20260603_213117,month_sin,0.14536139259667835
0,2,0.3,XGBoost_2_AutoML_7_20260603_213117,month_cos,0.15595276267384175
0,2,0.3,XGBoost_2_AutoML_7_20260603_213117,year,0.07372445167857218
0,2,0.3,XGBoost_grid_1_AutoML_7_20260603_213117_model_5,target_lag1,32.23463453292847
0,2,0.3,XGBoost_grid_1_AutoML_7_20260603_213117_model_5,target_lag2,18.90957507997751
0,2,0.3,XGBoost_grid_1_AutoML_7_20260603_213117_model_5,target_lag3,2.299929786771536
0,2,0.3,XGBoost_grid_1_AutoML_7_20260603_213117_model_5,target_lag4,3.35988218575716
0,2,0.3,XGBoost_grid_1_AutoML_7_20260603_213117_model_5,target_lag5,2.635089022666216
0,2,0.3,XGBoost_grid_1_AutoML_7_20260603_213117_model_5,target_lag6,2.995065101981163
0,2,0.3,XGBoost_grid_1_AutoML_7_20260603_213117_model_5,hour_lag1,3.578339375406504
0,2,0.3,XGBoost_grid_1_AutoML_7_20260603_213117_model_5,day_of_week_lag1,0.19704501460772003
0,2,0.3,XGBoost_grid_1_AutoML_7_20260603_213117_model_5,month_lag1,0.1287899139896035
0,2,0.3,XGBoost_grid_1_AutoML_7_20260603_213117_model_5,trend_lag1,0.6475777851045131
0,2,0.3,XGBoost_grid_1_AutoML_7_20260603_213117_model_5,month_sin,0.004649865459650664
0,2,0.3,XGBoost_grid_1_AutoML_7_20260603_213117_model_5,month_cos,0.01111574032518544
0,2,0.3,XGBoost_grid_1_AutoML_7_20260603_213117_model_5,year,0.0408260173350572
0,2,0.3,XGBoost_grid_1_AutoML_7_20260603_213117_model_1,target_lag1,33.29516911506653
0,2,0.3,XGBoost_grid_1_AutoML_7_20260603_213117_model_1,target_lag2,18.833178889751434
0,2,0.3,XGBoost_grid_1_AutoML_7_20260603_213117_model_1,target_lag3,1.1916927886009216
0,2,0.3,XGBoost_grid_1_AutoML_7_20260603_213117_model_1,target_lag4,3.447312866449356
0,2,0.3,XGBoost_grid_1_AutoML_7_20260603_213117_model_1,target_lag5,1.7860645881667734
0,2,0.3,XGBoost_grid_1_AutoML_7_20260603_213117_model_1,target_lag6,2.9592418286204336
0,2,0.3,XGBoost_grid_1_AutoML_7_20260603_213117_model_1,hour_lag1,3.631547414958477
0,2,0.3,XGBoost_grid_1_AutoML_7_20260603_213117_model_1,day_of_week_lag1,0.15050598382949829
0,2,0.3,XGBoost_grid_1_AutoML_7_20260603_213117_model_1,month_lag1,0.5623902407195419
0,2,0.3,XGBoost_grid_1_AutoML_7_20260603_213117_model_1,trend_lag1,0.8675505476631225
0,2,0.3,XGBoost_grid_1_AutoML_7_20260603_213117_model_1,month_sin,0.002809888292103979
0,2,0.3,XGBoost_grid_1_AutoML_7_20260603_213117_model_1,month_cos,0.010242691796738616
0,2,0.3,XGBoost_grid_1_AutoML_7_20260603_213117_model_1,year,0.11141995533835138
0,2,0.3,XGBoost_grid_1_AutoML_7_20260603_213117_model_3,target_lag1,37.89789623260498
0,2,0.3,XGBoost_grid_1_AutoML_7_20260603_213117_model_3,target_lag2,9.02443398475647
0,2,0.3,XGBoost_grid_1_AutoML_7_20260603_213117_model_3,target_lag3,4.8973784735798835
0,2,0.3,XGBoost_grid_1_AutoML_7_20260603_213117_model_3,target_lag4,4.705845794677734
0,2,0.3,XGBoost_grid_1_AutoML_7_20260603_213117_model_3,target_lag5,5.255224027633667
0,2,0.3,XGBoost_grid_1_AutoML_7_20260603_213117_model_3,target_lag6,2.7194639720954
0,2,0.3,XGBoost_grid_1_AutoML_7_20260603_213117_model_3,hour_lag1,3.8411792282760144
0,2,0.3,XGBoost_grid_1_AutoML_7_20260603_213117_model_3,day_of_week_lag1,0.1745509820058942
0,2,0.3,XGBoost_grid_1_AutoML_7_20260603_213117_model_3,month_lag1,0.4522100941510871
0,2,0.3,XGBoost_grid_1_AutoML_7_20260603_213117_model_3,trend_lag1,0.34325540909543634
0,2,0.3,XGBoost_grid_1_AutoML_7_20260603_213117_model_3,month_sin,0.013643338780457228
0,2,0.3,XGBoost_grid_1_AutoML_7_20260603_213117_model_3,month_cos,0.005040074053104009
0,2,0.3,XGBoost_grid_1_AutoML_7_20260603_213117_model_3,year,0.11682859399355944
0,2,0.3,XGBoost_1_AutoML_7_20260603_213117,target_lag1,40.266296210289
0,2,0.3,XGBoost_1_AutoML_7_20260603_213117,target_lag2,14.802426312118769
0,2,0.3,XGBoost_1_AutoML_7_20260603_213117,target_lag3,1.2271988673508167
0,2,0.3,XGBoost_1_AutoML_7_20260603_213117,target_lag4,0.8167891015298665
0,2,0.3,XGBoost_1_AutoML_7_20260603_213117,target_lag5,1.2686372447013854
0,2,0.3,XGBoost_1_AutoML_7_20260603_213117,target_lag6,2.3682948733866214
0,2,0.3,XGBoost_1_AutoML_7_20260603_213117,hour_lag1,3.7127312707901
0,2,0.3,XGBoost_1_AutoML_7_20260603_213117,day_of_week_lag1,0.46805030884221194
0,2,0.3,XGBoost_1_AutoML_7_20260603_213117,month_lag1,0.35514413652941584
0,2,0.3,XGBoost_1_AutoML_7_20260603_213117,trend_lag1,0.8840451268292964
0,2,0.3,XGBoost_1_AutoML_7_20260603_213117,month_sin,0.14333328711334611
0,2,0.3,XGBoost_1_AutoML_7_20260603_213117,month_cos,0.15358485325239593
0,2,0.3,XGBoost_1_AutoML_7_20260603_213117,year,0.10990026369399854
0,2,0.3,XGBoost_grid_1_AutoML_7_20260603_213117_model_2,target_lag1,44.11745807170868
0,2,0.3,XGBoost_grid_1_AutoML_7_20260603_213117_model_2,target_lag2,9.470988085567951
0,2,0.3,XGBoost_grid_1_AutoML_7_20260603_213117_model_2,target_lag3,2.645825284719467
0,2,0.3,XGBoost_grid_1_AutoML_7_20260603_213117_model_2,target_lag4,0.6111065334733575
0,2,0.3,XGBoost_grid_1_AutoML_7_20260603_213117_model_2,target_lag5,0.6744533442053944
0,2,0.3,XGBoost_grid_1_AutoML_7_20260603_213117_model_2,target_lag6,1.9085811451822519
0,2,0.3,XGBoost_grid_1_AutoML_7_20260603_213117_model_2,hour_lag1,3.564900943338871
0,2,0.3,XGBoost_grid_1_AutoML_7_20260603_213117_model_2,day_of_week_lag1,0.43619369115680456
0,2,0.3,XGBoost_grid_1_AutoML_7_20260603_213117_model_2,month_lag1,0.37805739345029
0,2,0.3,XGBoost_grid_1_AutoML_7_20260603_213117_model_2,trend_lag1,1.5046789894998074
0,2,0.3,XGBoost_grid_1_AutoML_7_20260603_213117_model_2,month_sin,0.12178626295179125
0,2,0.3,XGBoost_grid_1_AutoML_7_20260603_213117_model_2,month_cos,0.1601038967199565
0,2,0.3,XGBoost_grid_1_AutoML_7_20260603_213117_model_2,year,0.1709597075358033
0,2,0.3,GLM_1_AutoML_7_20260603_213117,target_lag1,40.92149192375231
0,2,0.3,GLM_1_AutoML_7_20260603_213117,target_lag2,13.904683240022967
0,2,0.3,GLM_1_AutoML_7_20260603_213117,target_lag3,4.660618114099266
0,2,0.3,GLM_1_AutoML_7_20260603_213117,target_lag4,0.8771288902290175
0,2,0.3,GLM_1_AutoML_7_20260603_213117,target_lag5,1.05191255090506
0,2,0.3,GLM_1_AutoML_7_20260603_213117,target_lag6,2.6670142067787657
0,2,0.3,GLM_1_AutoML_7_20260603_213117,hour_lag1,0.11628973214169928
0,2,0.3,GLM_1_AutoML_7_20260603_213117,day_of_week_lag1,0.054162589213464916
0,2,0.3,GLM_1_AutoML_7_20260603_213117,month_lag1,0.05293269928540231
0,2,0.3,GLM_1_AutoML_7_20260603_213117,trend_lag1,0.012250057055336603
0,2,0.3,GLM_1_AutoML_7_20260603_213117,month_sin,0.010311033363069783
0,2,0.3,GLM_1_AutoML_7_20260603_213117,month_cos,0.012531120685195817
0,2,0.3,GLM_1_AutoML_7_20260603_213117,year,0.1573058857008189
0,2,0.3,XGBoost_grid_1_AutoML_7_20260603_213117_model_6,target_lag1,33.23088101625442
0,2,0.3,XGBoost_grid_1_AutoML_7_20260603_213117_model_6,target_lag2,5.37853406149894
0,2,0.3,XGBoost_grid_1_AutoML_7_20260603_213117_model_6,target_lag3,8.99669093132019
0,2,0.3,XGBoost_grid_1_AutoML_7_20260603_213117_model_6,target_lag4,6.949602512717247
0,2,0.3,XGBoost_grid_1_AutoML_7_20260603_213117_model_6,target_lag5,1.2343910615798086
0,2,0.3,XGBoost_grid_1_AutoML_7_20260603_213117_model_6,target_lag6,2.778980964422226
0,2,0.3,XGBoost_grid_1_AutoML_7_20260603_213117_model_6,hour_lag1,3.971142442971468
0,2,0.3,XGBoost_grid_1_AutoML_7_20260603_213117_model_6,day_of_week_lag1,0.4393346333503723
0,2,0.3,XGBoost_grid_1_AutoML_7_20260603_213117_model_6,month_lag1,0.4579686689004302
0,2,0.3,XGBoost_grid_1_AutoML_7_20260603_213117_model_6,trend_lag1,1.1042802401294467
0,2,0.3,XGBoost_grid_1_AutoML_7_20260603_213117_model_6,month_sin,0.12226774711147297
0,2,0.3,XGBoost_grid_1_AutoML_7_20260603_213117_model_6,month_cos,0.20942322955466808
0,2,0.3,XGBoost_grid_1_AutoML_7_20260603_213117_model_6,year,0.6964733657706529
1,2,0.02,GBM_1_AutoML_8_20260603_215605,target_lag1,38.06046435117722
1,2,0.02,GBM_1_AutoML_8_20260603_215605,target_lag2,16.365121159553528
1,2,0.02,GBM_1_AutoML_8_20260603_215605,target_lag3,5.197075965404511
1,2,0.02,GBM_1_AutoML_8_20260603_215605,target_lag4,0.49524585601640864
1,2,0.02,GBM_1_AutoML_8_20260603_215605,target_lag5,0.569985699467361
1,2,0.02,GBM_1_AutoML_8_20260603_215605,target_lag6,1.94215310620144
1,2,0.02,GBM_1_AutoML_8_20260603_215605,hour_lag1,2.8354731268063187
1,2,0.02,GBM_1_AutoML_8_20260603_215605,day_of_week_lag1,0.2443659798428416
1,2,0.02,GBM_1_AutoML_8_20260603_215605,month_lag1,0.36744252119213344
1,2,0.02,GBM_1_AutoML_8_20260603_215605,trend_lag1,0.3546963567053899
1,2,0.02,GBM_1_AutoML_8_20260603_215605,month_sin,0.09556742238812145
1,2,0.02,GBM_1_AutoML_8_20260603_215605,month_cos,0.08142100233584638
1,2,0.02,GBM_1_AutoML_8_20260603_215605,year,0.19578181339427828
1,2,0.02,GBM_4_AutoML_8_20260603_215605,target_lag1,32.29676908016205
1,2,0.02,GBM_4_AutoML_8_20260603_215605,target_lag2,14.83767190694809
1,2,0.02,GBM_4_AutoML_8_20260603_215605,target_lag3,7.564471923410893
1,2,0.02,GBM_4_AutoML_8_20260603_215605,target_lag4,3.211603581905365
1,2,0.02,GBM_4_AutoML_8_20260603_215605,target_lag5,1.6385541477799415
1,2,0.02,GBM_4_AutoML_8_20260603_215605,target_lag6,3.071509328410029
1,2,0.02,GBM_4_AutoML_8_20260603_215605,hour_lag1,3.0636540919542314
1,2,0.02,GBM_4_AutoML_8_20260603_215605,day_of_week_lag1,0.30088051160797474
1,2,0.02,GBM_4_AutoML_8_20260603_215605,month_lag1,0.4330609047412872
1,2,0.02,GBM_4_AutoML_8_20260603_215605,trend_lag1,0.28627918442711237
1,2,0.02,GBM_4_AutoML_8_20260603_215605,month_sin,0.07931366158125452
1,2,0.02,GBM_4_AutoML_8_20260603_215605,month_cos,0.09779300899943333
1,2,0.02,GBM_4_AutoML_8_20260603_215605,year,0.29552392683923245
1,2,0.02,GBM_3_AutoML_8_20260603_215605,target_lag1,47.00448840379715
1,2,0.02,GBM_3_AutoML_8_20260603_215605,target_lag2,6.0778101801872255
1,2,0.02,GBM_3_AutoML_8_20260603_215605,target_lag3,4.1745497560501095
1,2,0.02,GBM_3_AutoML_8_20260603_215605,target_lag4,1.057154516875744
1,2,0.02,GBM_3_AutoML_8_20260603_215605,target_lag5,1.1740817288582912
1,2,0.02,GBM_3_AutoML_8_20260603_215605,target_lag6,2.7585931076854466
1,2,0.02,GBM_3_AutoML_8_20260603_215605,hour_lag1,3.023779692053795
1,2,0.02,GBM_3_AutoML_8_20260603_215605,day_of_week_lag1,0.21607571111992002
1,2,0.02,GBM_3_AutoML_8_20260603_215605,month_lag1,0.36404949575662615
1,2,0.02,GBM_3_AutoML_8_20260603_215605,trend_lag1,0.4020175801962614
1,2,0.02,GBM_3_AutoML_8_20260603_215605,month_sin,0.05215048623038451
1,2,0.02,GBM_3_AutoML_8_20260603_215605,month_cos,0.07608931690847381
1,2,0.02,GBM_3_AutoML_8_20260603_215605,year,0.13670238174498078
1,2,0.02,GBM_2_AutoML_8_20260603_215605,target_lag1,37.70732419967651
1,2,0.02,GBM_2_AutoML_8_20260603_215605,target_lag2,10.881559484004974
1,2,0.02,GBM_2_AutoML_8_20260603_215605,target_lag3,7.845172924995422
1,2,0.02,GBM_2_AutoML_8_20260603_215605,target_lag4,1.4622766603901982
1,2,0.02,GBM_2_AutoML_8_20260603_215605,target_lag5,1.962372435107827
1,2,0.02,GBM_2_AutoML_8_20260603_215605,target_lag6,2.545809200340882
1,2,0.02,GBM_2_AutoML_8_20260603_215605,hour_lag1,2.8575591307878496
1,2,0.02,GBM_2_AutoML_8_20260603_215605,day_of_week_lag1,0.21644978145137428
1,2,0.02,GBM_2_AutoML_8_20260603_215605,month_lag1,0.3289446679875255
1,2,0.02,GBM_2_AutoML_8_20260603_215605,trend_lag1,0.3463521584123373
1,2,0.02,GBM_2_AutoML_8_20260603_215605,month_sin,0.03816581322113048
1,2,0.02,GBM_2_AutoML_8_20260603_215605,month_cos,0.042779353610239886
1,2,0.02,GBM_2_AutoML_8_20260603_215605,year,0.08671132311690595
1,2,0.05,GBM_1_AutoML_8_20260603_215605,target_lag1,38.06046435117722
1,2,0.05,GBM_1_AutoML_8_20260603_215605,target_lag2,16.365121159553528
1,2,0.05,GBM_1_AutoML_8_20260603_215605,target_lag3,5.197075965404511
1,2,0.05,GBM_1_AutoML_8_20260603_215605,target_lag4,0.49524585601640864
1,2,0.05,GBM_1_AutoML_8_20260603_215605,target_lag5,0.569985699467361
1,2,0.05,GBM_1_AutoML_8_20260603_215605,target_lag6,1.94215310620144
1,2,0.05,GBM_1_AutoML_8_20260603_215605,hour_lag1,2.8354731268063187
1,2,0.05,GBM_1_AutoML_8_20260603_215605,day_of_week_lag1,0.2443659798428416
1,2,0.05,GBM_1_AutoML_8_20260603_215605,month_lag1,0.36744252119213344
1,2,0.05,GBM_1_AutoML_8_20260603_215605,trend_lag1,0.3546963567053899
1,2,0.05,GBM_1_AutoML_8_20260603_215605,month_sin,0.09556742238812145
1,2,0.05,GBM_1_AutoML_8_20260603_215605,month_cos,0.08142100233584638
1,2,0.05,GBM_1_AutoML_8_20260603_215605,year,0.19578181339427828
1,2,0.05,GBM_4_AutoML_8_20260603_215605,target_lag1,32.29676908016205
1,2,0.05,GBM_4_AutoML_8_20260603_215605,target_lag2,14.83767190694809
1,2,0.05,GBM_4_AutoML_8_20260603_215605,target_lag3,7.564471923410893
1,2,0.05,GBM_4_AutoML_8_20260603_215605,target_lag4,3.211603581905365
1,2,0.05,GBM_4_AutoML_8_20260603_215605,target_lag5,1.6385541477799415
1,2,0.05,GBM_4_AutoML_8_20260603_215605,target_lag6,3.071509328410029
1,2,0.05,GBM_4_AutoML_8_20260603_215605,hour_lag1,3.0636540919542314
1,2,0.05,GBM_4_AutoML_8_20260603_215605,day_of_week_lag1,0.30088051160797474
1,2,0.05,GBM_4_AutoML_8_20260603_215605,month_lag1,0.4330609047412872
1,2,0.05,GBM_4_AutoML_8_20260603_215605,trend_lag1,0.28627918442711237
1,2,0.05,GBM_4_AutoML_8_20260603_215605,month_sin,0.07931366158125452
1,2,0.05,GBM_4_AutoML_8_20260603_215605,month_cos,0.09779300899943333
1,2,0.05,GBM_4_AutoML_8_20260603_215605,year,0.29552392683923245
1,2,0.05,GBM_3_AutoML_8_20260603_215605,target_lag1,47.00448840379715
1,2,0.05,GBM_3_AutoML_8_20260603_215605,target_lag2,6.0778101801872255
1,2,0.05,GBM_3_AutoML_8_20260603_215605,target_lag3,4.1745497560501095
1,2,0.05,GBM_3_AutoML_8_20260603_215605,target_lag4,1.057154516875744
1,2,0.05,GBM_3_AutoML_8_20260603_215605,target_lag5,1.1740817288582912
1,2,0.05,GBM_3_AutoML_8_20260603_215605,target_lag6,2.7585931076854466
1,2,0.05,GBM_3_AutoML_8_20260603_215605,hour_lag1,3.023779692053795
1,2,0.05,GBM_3_AutoML_8_20260603_215605,day_of_week_lag1,0.21607571111992002
1,2,0.05,GBM_3_AutoML_8_20260603_215605,month_lag1,0.36404949575662615
1,2,0.05,GBM_3_AutoML_8_20260603_215605,trend_lag1,0.4020175801962614
1,2,0.05,GBM_3_AutoML_8_20260603_215605,month_sin,0.05215048623038451
1,2,0.05,GBM_3_AutoML_8_20260603_215605,month_cos,0.07608931690847381
1,2,0.05,GBM_3_AutoML_8_20260603_215605,year,0.13670238174498078
1,2,0.05,GBM_2_AutoML_8_20260603_215605,target_lag1,37.70732419967651
1,2,0.05,GBM_2_AutoML_8_20260603_215605,target_lag2,10.881559484004974
1,2,0.05,GBM_2_AutoML_8_20260603_215605,target_lag3,7.845172924995422
1,2,0.05,GBM_2_AutoML_8_20260603_215605,target_lag4,1.4622766603901982
1,2,0.05,GBM_2_AutoML_8_20260603_215605,target_lag5,1.962372435107827
1,2,0.05,GBM_2_AutoML_8_20260603_215605,target_lag6,2.545809200340882
1,2,0.05,GBM_2_AutoML_8_20260603_215605,hour_lag1,2.8575591307878496
1,2,0.05,GBM_2_AutoML_8_20260603_215605,day_of_week_lag1,0.21644978145137428
1,2,0.05,GBM_2_AutoML_8_20260603_215605,month_lag1,0.3289446679875255
1,2,0.05,GBM_2_AutoML_8_20260603_215605,trend_lag1,0.3463521584123373
1,2,0.05,GBM_2_AutoML_8_20260603_215605,month_sin,0.03816581322113048
1,2,0.05,GBM_2_AutoML_8_20260603_215605,month_cos,0.042779353610239886
1,2,0.05,GBM_2_AutoML_8_20260603_215605,year,0.08671132311690595
1,2,0.05,GBM_5_AutoML_8_20260603_215605,target_lag1,40.634734711647035
1,2,0.05,GBM_5_AutoML_8_20260603_215605,target_lag2,13.12672045774758
1,2,0.05,GBM_5_AutoML_8_20260603_215605,target_lag3,1.4844175513461233
1,2,0.05,GBM_5_AutoML_8_20260603_215605,target_lag4,2.307429536059499
1,2,0.05,GBM_5_AutoML_8_20260603_215605,target_lag5,1.7767942775972188
1,2,0.05,GBM_5_AutoML_8_20260603_215605,target_lag6,2.4240718369372187
1,2,0.05,GBM_5_AutoML_8_20260603_215605,hour_lag1,3.0130443027615548
1,2,0.05,GBM_5_AutoML_8_20260603_215605,day_of_week_lag1,0.17849791032262147
1,2,0.05,GBM_5_AutoML_8_20260603_215605,month_lag1,0.2563899995642714
1,2,0.05,GBM_5_AutoML_8_20260603_215605,trend_lag1,0.4189697646535933
1,2,0.05,GBM_5_AutoML_8_20260603_215605,month_sin,0.05794741350458931
1,2,0.05,GBM_5_AutoML_8_20260603_215605,month_cos,0.03346411766775414
1,2,0.05,GBM_5_AutoML_8_20260603_215605,year,0.15118630278855563
1,2,0.05,XGBoost_grid_1_AutoML_8_20260603_215605_model_4,target_lag1,39.43532944381237
1,2,0.05,XGBoost_grid_1_AutoML_8_20260603_215605_model_4,target_lag2,15.073450388908386
1,2,0.05,XGBoost_grid_1_AutoML_8_20260603_215605_model_4,target_lag3,4.41608619093895
1,2,0.05,XGBoost_grid_1_AutoML_8_20260603_215605_model_4,target_lag4,0.5141325157135725
1,2,0.05,XGBoost_grid_1_AutoML_8_20260603_215605_model_4,target_lag5,0.9848365150019527
1,2,0.05,XGBoost_grid_1_AutoML_8_20260603_215605_model_4,target_lag6,3.8073595121502875
1,2,0.05,XGBoost_grid_1_AutoML_8_20260603_215605_model_4,hour_lag1,3.0978232246637343
1,2,0.05,XGBoost_grid_1_AutoML_8_20260603_215605_model_4,day_of_week_lag1,0.32435066370293497
1,2,0.05,XGBoost_grid_1_AutoML_8_20260603_215605_model_4,month_lag1,0.38037088941782715
1,2,0.05,XGBoost_grid_1_AutoML_8_20260603_215605_model_4,trend_lag1,0.4258949875715189
1,2,0.05,XGBoost_grid_1_AutoML_8_20260603_215605_model_4,month_sin,0.09565785621438405
1,2,0.05,XGBoost_grid_1_AutoML_8_20260603_215605_model_4,month_cos,0.058728021872229835
1,2,0.05,XGBoost_grid_1_AutoML_8_20260603_215605_model_4,year,0.26656313850078733
1,2,0.05,GBM_grid_1_AutoML_8_20260603_215605_model_2,target_lag1,24.423441405892373
1,2,0.05,GBM_grid_1_AutoML_8_20260603_215605_model_2,target_lag2,14.715503842830659
1,2,0.05,GBM_grid_1_AutoML_8_20260603_215605_model_2,target_lag3,11.49765883922577
1,2,0.05,GBM_grid_1_AutoML_8_20260603_215605_model_2,target_lag4,3.124774707555771
1,2,0.05,GBM_grid_1_AutoML_8_20260603_215605_model_2,target_lag5,4.661309245526791
1,2,0.05,GBM_grid_1_AutoML_8_20260603_215605_model_2,target_lag6,2.418989798184484
1,2,0.05,GBM_grid_1_AutoML_8_20260603_215605_model_2,hour_lag1,2.843850725591183
1,2,0.05,GBM_grid_1_AutoML_8_20260603_215605_model_2,day_of_week_lag1,0.3248317795910407
1,2,0.05,GBM_grid_1_AutoML_8_20260603_215605_model_2,month_lag1,0.38806275475770236
1,2,0.05,GBM_grid_1_AutoML_8_20260603_215605_model_2,trend_lag1,0.44772483457811174
1,2,0.05,GBM_grid_1_AutoML_8_20260603_215605_model_2,month_sin,0.11358088768785814
1,2,0.05,GBM_grid_1_AutoML_8_20260603_215605_model_2,month_cos,0.09077871553832662
1,2,0.05,GBM_grid_1_AutoML_8_20260603_215605_model_2,year,0.2676540234358981
1,2,0.05,GBM_grid_1_AutoML_8_20260603_215605_model_1,target_lag1,19.40095663011074
1,2,0.05,GBM_grid_1_AutoML_8_20260603_215605_model_1,target_lag2,16.28026895225048
1,2,0.05,GBM_grid_1_AutoML_8_20260603_215605_model_1,target_lag3,2.5947017892822624
1,2,0.05,GBM_grid_1_AutoML_8_20260603_215605_model_1,target_lag4,12.386459453105926
1,2,0.05,GBM_grid_1_AutoML_8_20260603_215605_model_1,target_lag5,7.340855650901794
1,2,0.05,GBM_grid_1_AutoML_8_20260603_215605_model_1,target_lag6,2.5487606854364278
1,2,0.05,GBM_grid_1_AutoML_8_20260603_215605_model_1,hour_lag1,2.7273508715629577
1,2,0.05,GBM_grid_1_AutoML_8_20260603_215605_model_1,day_of_week_lag1,0.34325452871620654
1,2,0.05,GBM_grid_1_AutoML_8_20260603_215605_model_1,month_lag1,0.44466926327440887
1,2,0.05,GBM_grid_1_AutoML_8_20260603_215605_model_1,trend_lag1,0.7073594641685486
1,2,0.05,GBM_grid_1_AutoML_8_20260603_215605_model_1,month_sin,0.1198031694977544
1,2,0.05,GBM_grid_1_AutoML_8_20260603_215605_model_1,month_cos,0.0935857483069412
1,2,0.05,GBM_grid_1_AutoML_8_20260603_215605_model_1,year,0.22458252806216478
1,2,0.05,DRF_1_AutoML_8_20260603_215605,target_lag1,25.140185745954515
1,2,0.05,DRF_1_AutoML_8_20260603_215605,target_lag2,10.494188523590564
1,2,0.05,DRF_1_AutoML_8_20260603_215605,target_lag3,8.416231725998223
1,2,0.05,DRF_1_AutoML_8_20260603_215605,target_lag4,7.096421150192619
1,2,0.05,DRF_1_AutoML_8_20260603_215605,target_lag5,4.300326879322529
1,2,0.05,DRF_1_AutoML_8_20260603_215605,target_lag6,3.597424598261714
1,2,0.05,DRF_1_AutoML_8_20260603_215605,hour_lag1,1.84512444101274
1,2,0.05,DRF_1_AutoML_8_20260603_215605,day_of_week_lag1,0.17794901371002197
1,2,0.05,DRF_1_AutoML_8_20260603_215605,month_lag1,0.2770362006500363
1,2,0.05,DRF_1_AutoML_8_20260603_215605,trend_lag1,0.34070231408812107
1,2,0.05,DRF_1_AutoML_8_20260603_215605,month_sin,0.11303135502355868
1,2,0.05,DRF_1_AutoML_8_20260603_215605,month_cos,0.060620046255644364
1,2,0.05,DRF_1_AutoML_8_20260603_215605,year,0.22210285626468249
1,2,0.05,GBM_grid_1_AutoML_8_20260603_215605_model_3,target_lag1,19.238906724452974
1,2,0.05,GBM_grid_1_AutoML_8_20260603_215605_model_3,target_lag2,12.660091418959201
1,2,0.05,GBM_grid_1_AutoML_8_20260603_215605_model_3,target_lag3,12.965148732066154
1,2,0.05,GBM_grid_1_AutoML_8_20260603_215605_model_3,target_lag4,4.495568336695433
1,2,0.05,GBM_grid_1_AutoML_8_20260603_215605_model_3,target_lag5,7.027401817031205
1,2,0.05,GBM_grid_1_AutoML_8_20260603_215605_model_3,target_lag6,3.8587583128362892
1,2,0.05,GBM_grid_1_AutoML_8_20260603_215605_model_3,hour_lag1,2.9343409059941767
1,2,0.05,GBM_grid_1_AutoML_8_20260603_215605_model_3,day_of_week_lag1,0.40216473568230865
1,2,0.05,GBM_grid_1_AutoML_8_20260603_215605_model_3,month_lag1,0.8366023262962698
1,2,0.05,GBM_grid_1_AutoML_8_20260603_215605_model_3,trend_lag1,0.47448773169191555
1,2,0.05,GBM_grid_1_AutoML_8_20260603_215605_model_3,month_sin,0.1236372580286115
1,2,0.05,GBM_grid_1_AutoML_8_20260603_215605_model_3,month_cos,0.10893998724233821
1,2,0.05,GBM_grid_1_AutoML_8_20260603_215605_model_3,year,0.47955719571560623
1,2,0.05,XRT_1_AutoML_8_20260603_215605,target_lag1,23.525306514501573
1,2,0.05,XRT_1_AutoML_8_20260603_215605,target_lag2,13.89967952311039
1,2,0.05,XRT_1_AutoML_8_20260603_215605,target_lag3,10.23189411520958
1,2,0.05,XRT_1_AutoML_8_20260603_215605,target_lag4,7.598055554218591
1,2,0.05,XRT_1_AutoML_8_20260603_215605,target_lag5,4.991762740574777
1,2,0.05,XRT_1_AutoML_8_20260603_215605,target_lag6,24.35569906514138
1,2,0.05,XRT_1_AutoML_8_20260603_215605,hour_lag1,3.8960282072424888
1,2,0.05,XRT_1_AutoML_8_20260603_215605,day_of_week_lag1,9777.381613337546
1,2,0.05,XRT_1_AutoML_8_20260603_215605,month_lag1,34264.60922541141
1,2,0.05,XRT_1_AutoML_8_20260603_215605,trend_lag1,1.5392148007336073
1,2,0.05,XRT_1_AutoML_8_20260603_215605,month_sin,496157860.69654787
1,2,0.05,XRT_1_AutoML_8_20260603_215605,month_cos,4.369622726887465
1,2,0.05,XRT_1_AutoML_8_20260603_215605,year,3.198938684463501
1,2,0.05,XGBoost_3_AutoML_8_20260603_215605,target_lag1,39.288139700591564
1,2,0.05,XGBoost_3_AutoML_8_20260603_215605,target_lag2,17.218545880317688
1,2,0.05,XGBoost_3_AutoML_8_20260603_215605,target_lag3,2.9401576392911375
1,2,0.05,XGBoost_3_AutoML_8_20260603_215605,target_lag4,0.9791953530721367
1,2,0.05,XGBoost_3_AutoML_8_20260603_215605,target_lag5,3.446934526599944
1,2,0.05,XGBoost_3_AutoML_8_20260603_215605,target_lag6,4.172884725136682
1,2,0.05,XGBoost_3_AutoML_8_20260603_215605,hour_lag1,2.9948632687330248
1,2,0.05,XGBoost_3_AutoML_8_20260603_215605,day_of_week_lag1,0.17662943025352434
1,2,0.05,XGBoost_3_AutoML_8_20260603_215605,month_lag1,0.4291593182273209
1,2,0.05,XGBoost_3_AutoML_8_20260603_215605,trend_lag1,0.5453341899812222
1,2,0.05,XGBoost_3_AutoML_8_20260603_215605,month_sin,0.08836009191349145
1,2,0.05,XGBoost_3_AutoML_8_20260603_215605,month_cos,0.025522088913130528
1,2,0.05,XGBoost_3_AutoML_8_20260603_215605,year,0.20141188825044082
1,2,0.05,XGBoost_2_AutoML_8_20260603_215605,target_lag1,27.359221005439757
1,2,0.05,XGBoost_2_AutoML_8_20260603_215605,target_lag2,21.248396134376527
1,2,0.05,XGBoost_2_AutoML_8_20260603_215605,target_lag3,9.14963609457016
1,2,0.05,XGBoost_2_AutoML_8_20260603_215605,target_lag4,1.2230926733464003
1,2,0.05,XGBoost_2_AutoML_8_20260603_215605,target_lag5,1.5742735637724399
1,2,0.05,XGBoost_2_AutoML_8_20260603_215605,target_lag6,2.898690501898527
1,2,0.05,XGBoost_2_AutoML_8_20260603_215605,hour_lag1,3.3956911581754685
1,2,0.05,XGBoost_2_AutoML_8_20260603_215605,day_of_week_lag1,0.35962558530271055
1,2,0.05,XGBoost_2_AutoML_8_20260603_215605,month_lag1,0.44713078531436623
1,2,0.05,XGBoost_2_AutoML_8_20260603_215605,trend_lag1,0.5453504492668435
1,2,0.05,XGBoost_2_AutoML_8_20260603_215605,month_sin,0.11432891430100423
1,2,0.05,XGBoost_2_AutoML_8_20260603_215605,month_cos,0.1137712125945836
1,2,0.05,XGBoost_2_AutoML_8_20260603_215605,year,0.151107915060129
1,2,0.1,GBM_1_AutoML_8_20260603_215605,target_lag1,38.06046435117722
1,2,0.1,GBM_1_AutoML_8_20260603_215605,target_lag2,16.365121159553528
1,2,0.1,GBM_1_AutoML_8_20260603_215605,target_lag3,5.197075965404511
1,2,0.1,GBM_1_AutoML_8_20260603_215605,target_lag4,0.49524585601640864
1,2,0.1,GBM_1_AutoML_8_20260603_215605,target_lag5,0.569985699467361
1,2,0.1,GBM_1_AutoML_8_20260603_215605,target_lag6,1.94215310620144
1,2,0.1,GBM_1_AutoML_8_20260603_215605,hour_lag1,2.8354731268063187
1,2,0.1,GBM_1_AutoML_8_20260603_215605,day_of_week_lag1,0.2443659798428416
1,2,0.1,GBM_1_AutoML_8_20260603_215605,month_lag1,0.36744252119213344
1,2,0.1,GBM_1_AutoML_8_20260603_215605,trend_lag1,0.3546963567053899
1,2,0.1,GBM_1_AutoML_8_20260603_215605,month_sin,0.09556742238812145
1,2,0.1,GBM_1_AutoML_8_20260603_215605,month_cos,0.08142100233584638
1,2,0.1,GBM_1_AutoML_8_20260603_215605,year,0.19578181339427828
1,2,0.1,GBM_4_AutoML_8_20260603_215605,target_lag1,32.29676908016205
1,2,0.1,GBM_4_AutoML_8_20260603_215605,target_lag2,14.83767190694809
1,2,0.1,GBM_4_AutoML_8_20260603_215605,target_lag3,7.564471923410893
1,2,0.1,GBM_4_AutoML_8_20260603_215605,target_lag4,3.211603581905365
1,2,0.1,GBM_4_AutoML_8_20260603_215605,target_lag5,1.6385541477799415
1,2,0.1,GBM_4_AutoML_8_20260603_215605,target_lag6,3.071509328410029
1,2,0.1,GBM_4_AutoML_8_20260603_215605,hour_lag1,3.0636540919542314
1,2,0.1,GBM_4_AutoML_8_20260603_215605,day_of_week_lag1,0.30088051160797474
1,2,0.1,GBM_4_AutoML_8_20260603_215605,month_lag1,0.4330609047412872
1,2,0.1,GBM_4_AutoML_8_20260603_215605,trend_lag1,0.28627918442711237
1,2,0.1,GBM_4_AutoML_8_20260603_215605,month_sin,0.07931366158125452
1,2,0.1,GBM_4_AutoML_8_20260603_215605,month_cos,0.09779300899943333
1,2,0.1,GBM_4_AutoML_8_20260603_215605,year,0.29552392683923245
1,2,0.1,GBM_3_AutoML_8_20260603_215605,target_lag1,47.00448840379715
1,2,0.1,GBM_3_AutoML_8_20260603_215605,target_lag2,6.0778101801872255
1,2,0.1,GBM_3_AutoML_8_20260603_215605,target_lag3,4.1745497560501095
1,2,0.1,GBM_3_AutoML_8_20260603_215605,target_lag4,1.057154516875744
1,2,0.1,GBM_3_AutoML_8_20260603_215605,target_lag5,1.1740817288582912
1,2,0.1,GBM_3_AutoML_8_20260603_215605,target_lag6,2.7585931076854466
1,2,0.1,GBM_3_AutoML_8_20260603_215605,hour_lag1,3.023779692053795
1,2,0.1,GBM_3_AutoML_8_20260603_215605,day_of_week_lag1,0.21607571111992002
1,2,0.1,GBM_3_AutoML_8_20260603_215605,month_lag1,0.36404949575662615
1,2,0.1,GBM_3_AutoML_8_20260603_215605,trend_lag1,0.4020175801962614
1,2,0.1,GBM_3_AutoML_8_20260603_215605,month_sin,0.05215048623038451
1,2,0.1,GBM_3_AutoML_8_20260603_215605,month_cos,0.07608931690847381
1,2,0.1,GBM_3_AutoML_8_20260603_215605,year,0.13670238174498078
1,2,0.1,GBM_2_AutoML_8_20260603_215605,target_lag1,37.70732419967651
1,2,0.1,GBM_2_AutoML_8_20260603_215605,target_lag2,10.881559484004974
1,2,0.1,GBM_2_AutoML_8_20260603_215605,target_lag3,7.845172924995422
1,2,0.1,GBM_2_AutoML_8_20260603_215605,target_lag4,1.4622766603901982
1,2,0.1,GBM_2_AutoML_8_20260603_215605,target_lag5,1.962372435107827
1,2,0.1,GBM_2_AutoML_8_20260603_215605,target_lag6,2.545809200340882
1,2,0.1,GBM_2_AutoML_8_20260603_215605,hour_lag1,2.8575591307878496
1,2,0.1,GBM_2_AutoML_8_20260603_215605,day_of_week_lag1,0.21644978145137428
1,2,0.1,GBM_2_AutoML_8_20260603_215605,month_lag1,0.3289446679875255
1,2,0.1,GBM_2_AutoML_8_20260603_215605,trend_lag1,0.3463521584123373
1,2,0.1,GBM_2_AutoML_8_20260603_215605,month_sin,0.03816581322113048
1,2,0.1,GBM_2_AutoML_8_20260603_215605,month_cos,0.042779353610239886
1,2,0.1,GBM_2_AutoML_8_20260603_215605,year,0.08671132311690595
1,2,0.1,GBM_5_AutoML_8_20260603_215605,target_lag1,40.634734711647035
1,2,0.1,GBM_5_AutoML_8_20260603_215605,target_lag2,13.12672045774758
1,2,0.1,GBM_5_AutoML_8_20260603_215605,target_lag3,1.4844175513461233
1,2,0.1,GBM_5_AutoML_8_20260603_215605,target_lag4,2.307429536059499
1,2,0.1,GBM_5_AutoML_8_20260603_215605,target_lag5,1.7767942775972188
1,2,0.1,GBM_5_AutoML_8_20260603_215605,target_lag6,2.4240718369372187
1,2,0.1,GBM_5_AutoML_8_20260603_215605,hour_lag1,3.0130443027615548
1,2,0.1,GBM_5_AutoML_8_20260603_215605,day_of_week_lag1,0.17849791032262147
1,2,0.1,GBM_5_AutoML_8_20260603_215605,month_lag1,0.2563899995642714
1,2,0.1,GBM_5_AutoML_8_20260603_215605,trend_lag1,0.4189697646535933
1,2,0.1,GBM_5_AutoML_8_20260603_215605,month_sin,0.05794741350458931
1,2,0.1,GBM_5_AutoML_8_20260603_215605,month_cos,0.03346411766775414
1,2,0.1,GBM_5_AutoML_8_20260603_215605,year,0.15118630278855563
1,2,0.1,XGBoost_grid_1_AutoML_8_20260603_215605_model_4,target_lag1,39.43532944381237
1,2,0.1,XGBoost_grid_1_AutoML_8_20260603_215605_model_4,target_lag2,15.073450388908386
1,2,0.1,XGBoost_grid_1_AutoML_8_20260603_215605_model_4,target_lag3,4.41608619093895
1,2,0.1,XGBoost_grid_1_AutoML_8_20260603_215605_model_4,target_lag4,0.5141325157135725
1,2,0.1,XGBoost_grid_1_AutoML_8_20260603_215605_model_4,target_lag5,0.9848365150019527
1,2,0.1,XGBoost_grid_1_AutoML_8_20260603_215605_model_4,target_lag6,3.8073595121502875
1,2,0.1,XGBoost_grid_1_AutoML_8_20260603_215605_model_4,hour_lag1,3.0978232246637343
1,2,0.1,XGBoost_grid_1_AutoML_8_20260603_215605_model_4,day_of_week_lag1,0.32435066370293497
1,2,0.1,XGBoost_grid_1_AutoML_8_20260603_215605_model_4,month_lag1,0.38037088941782715
1,2,0.1,XGBoost_grid_1_AutoML_8_20260603_215605_model_4,trend_lag1,0.4258949875715189
1,2,0.1,XGBoost_grid_1_AutoML_8_20260603_215605_model_4,month_sin,0.09565785621438405
1,2,0.1,XGBoost_grid_1_AutoML_8_20260603_215605_model_4,month_cos,0.058728021872229835
1,2,0.1,XGBoost_grid_1_AutoML_8_20260603_215605_model_4,year,0.26656313850078733
1,2,0.1,GBM_grid_1_AutoML_8_20260603_215605_model_2,target_lag1,24.423441405892373
1,2,0.1,GBM_grid_1_AutoML_8_20260603_215605_model_2,target_lag2,14.715503842830659
1,2,0.1,GBM_grid_1_AutoML_8_20260603_215605_model_2,target_lag3,11.49765883922577
1,2,0.1,GBM_grid_1_AutoML_8_20260603_215605_model_2,target_lag4,3.124774707555771
1,2,0.1,GBM_grid_1_AutoML_8_20260603_215605_model_2,target_lag5,4.661309245526791
1,2,0.1,GBM_grid_1_AutoML_8_20260603_215605_model_2,target_lag6,2.418989798184484
1,2,0.1,GBM_grid_1_AutoML_8_20260603_215605_model_2,hour_lag1,2.843850725591183
1,2,0.1,GBM_grid_1_AutoML_8_20260603_215605_model_2,day_of_week_lag1,0.3248317795910407
1,2,0.1,GBM_grid_1_AutoML_8_20260603_215605_model_2,month_lag1,0.38806275475770236
1,2,0.1,GBM_grid_1_AutoML_8_20260603_215605_model_2,trend_lag1,0.44772483457811174
1,2,0.1,GBM_grid_1_AutoML_8_20260603_215605_model_2,month_sin,0.11358088768785814
1,2,0.1,GBM_grid_1_AutoML_8_20260603_215605_model_2,month_cos,0.09077871553832662
1,2,0.1,GBM_grid_1_AutoML_8_20260603_215605_model_2,year,0.2676540234358981
1,2,0.1,GBM_grid_1_AutoML_8_20260603_215605_model_1,target_lag1,19.40095663011074
1,2,0.1,GBM_grid_1_AutoML_8_20260603_215605_model_1,target_lag2,16.28026895225048
1,2,0.1,GBM_grid_1_AutoML_8_20260603_215605_model_1,target_lag3,2.5947017892822624
1,2,0.1,GBM_grid_1_AutoML_8_20260603_215605_model_1,target_lag4,12.386459453105926
1,2,0.1,GBM_grid_1_AutoML_8_20260603_215605_model_1,target_lag5,7.340855650901794
1,2,0.1,GBM_grid_1_AutoML_8_20260603_215605_model_1,target_lag6,2.5487606854364278
1,2,0.1,GBM_grid_1_AutoML_8_20260603_215605_model_1,hour_lag1,2.7273508715629577
1,2,0.1,GBM_grid_1_AutoML_8_20260603_215605_model_1,day_of_week_lag1,0.34325452871620654
1,2,0.1,GBM_grid_1_AutoML_8_20260603_215605_model_1,month_lag1,0.44466926327440887
1,2,0.1,GBM_grid_1_AutoML_8_20260603_215605_model_1,trend_lag1,0.7073594641685486
1,2,0.1,GBM_grid_1_AutoML_8_20260603_215605_model_1,month_sin,0.1198031694977544
1,2,0.1,GBM_grid_1_AutoML_8_20260603_215605_model_1,month_cos,0.0935857483069412
1,2,0.1,GBM_grid_1_AutoML_8_20260603_215605_model_1,year,0.22458252806216478
1,2,0.1,DRF_1_AutoML_8_20260603_215605,target_lag1,25.140185745954515
1,2,0.1,DRF_1_AutoML_8_20260603_215605,target_lag2,10.494188523590564
1,2,0.1,DRF_1_AutoML_8_20260603_215605,target_lag3,8.416231725998223
1,2,0.1,DRF_1_AutoML_8_20260603_215605,target_lag4,7.096421150192619
1,2,0.1,DRF_1_AutoML_8_20260603_215605,target_lag5,4.300326879322529
1,2,0.1,DRF_1_AutoML_8_20260603_215605,target_lag6,3.597424598261714
1,2,0.1,DRF_1_AutoML_8_20260603_215605,hour_lag1,1.84512444101274
1,2,0.1,DRF_1_AutoML_8_20260603_215605,day_of_week_lag1,0.17794901371002197
1,2,0.1,DRF_1_AutoML_8_20260603_215605,month_lag1,0.2770362006500363
1,2,0.1,DRF_1_AutoML_8_20260603_215605,trend_lag1,0.34070231408812107
1,2,0.1,DRF_1_AutoML_8_20260603_215605,month_sin,0.11303135502355868
1,2,0.1,DRF_1_AutoML_8_20260603_215605,month_cos,0.060620046255644364
1,2,0.1,DRF_1_AutoML_8_20260603_215605,year,0.22210285626468249
1,2,0.1,GBM_grid_1_AutoML_8_20260603_215605_model_3,target_lag1,19.238906724452974
1,2,0.1,GBM_grid_1_AutoML_8_20260603_215605_model_3,target_lag2,12.660091418959201
1,2,0.1,GBM_grid_1_AutoML_8_20260603_215605_model_3,target_lag3,12.965148732066154
1,2,0.1,GBM_grid_1_AutoML_8_20260603_215605_model_3,target_lag4,4.495568336695433
1,2,0.1,GBM_grid_1_AutoML_8_20260603_215605_model_3,target_lag5,7.027401817031205
1,2,0.1,GBM_grid_1_AutoML_8_20260603_215605_model_3,target_lag6,3.8587583128362892
1,2,0.1,GBM_grid_1_AutoML_8_20260603_215605_model_3,hour_lag1,2.9343409059941767
1,2,0.1,GBM_grid_1_AutoML_8_20260603_215605_model_3,day_of_week_lag1,0.40216473568230865
1,2,0.1,GBM_grid_1_AutoML_8_20260603_215605_model_3,month_lag1,0.8366023262962698
1,2,0.1,GBM_grid_1_AutoML_8_20260603_215605_model_3,trend_lag1,0.47448773169191555
1,2,0.1,GBM_grid_1_AutoML_8_20260603_215605_model_3,month_sin,0.1236372580286115
1,2,0.1,GBM_grid_1_AutoML_8_20260603_215605_model_3,month_cos,0.10893998724233821
1,2,0.1,GBM_grid_1_AutoML_8_20260603_215605_model_3,year,0.47955719571560623
1,2,0.1,XRT_1_AutoML_8_20260603_215605,target_lag1,23.525306514501573
1,2,0.1,XRT_1_AutoML_8_20260603_215605,target_lag2,13.89967952311039
1,2,0.1,XRT_1_AutoML_8_20260603_215605,target_lag3,10.23189411520958
1,2,0.1,XRT_1_AutoML_8_20260603_215605,target_lag4,7.598055554218591
1,2,0.1,XRT_1_AutoML_8_20260603_215605,target_lag5,4.991762740574777
1,2,0.1,XRT_1_AutoML_8_20260603_215605,target_lag6,24.35569906514138
1,2,0.1,XRT_1_AutoML_8_20260603_215605,hour_lag1,3.8960282072424888
1,2,0.1,XRT_1_AutoML_8_20260603_215605,day_of_week_lag1,9777.381613337546
1,2,0.1,XRT_1_AutoML_8_20260603_215605,month_lag1,34264.60922541141
1,2,0.1,XRT_1_AutoML_8_20260603_215605,trend_lag1,1.5392148007336073
1,2,0.1,XRT_1_AutoML_8_20260603_215605,month_sin,496157860.69654787
1,2,0.1,XRT_1_AutoML_8_20260603_215605,month_cos,4.369622726887465
1,2,0.1,XRT_1_AutoML_8_20260603_215605,year,3.198938684463501
1,2,0.1,XGBoost_3_AutoML_8_20260603_215605,target_lag1,39.288139700591564
1,2,0.1,XGBoost_3_AutoML_8_20260603_215605,target_lag2,17.218545880317688
1,2,0.1,XGBoost_3_AutoML_8_20260603_215605,target_lag3,2.9401576392911375
1,2,0.1,XGBoost_3_AutoML_8_20260603_215605,target_lag4,0.9791953530721367
1,2,0.1,XGBoost_3_AutoML_8_20260603_215605,target_lag5,3.446934526599944
1,2,0.1,XGBoost_3_AutoML_8_20260603_215605,target_lag6,4.172884725136682
1,2,0.1,XGBoost_3_AutoML_8_20260603_215605,hour_lag1,2.9948632687330248
1,2,0.1,XGBoost_3_AutoML_8_20260603_215605,day_of_week_lag1,0.17662943025352434
1,2,0.1,XGBoost_3_AutoML_8_20260603_215605,month_lag1,0.4291593182273209
1,2,0.1,XGBoost_3_AutoML_8_20260603_215605,trend_lag1,0.5453341899812222
1,2,0.1,XGBoost_3_AutoML_8_20260603_215605,month_sin,0.08836009191349145
1,2,0.1,XGBoost_3_AutoML_8_20260603_215605,month_cos,0.025522088913130528
1,2,0.1,XGBoost_3_AutoML_8_20260603_215605,year,0.20141188825044082
1,2,0.1,XGBoost_2_AutoML_8_20260603_215605,target_lag1,27.359221005439757
1,2,0.1,XGBoost_2_AutoML_8_20260603_215605,target_lag2,21.248396134376527
1,2,0.1,XGBoost_2_AutoML_8_20260603_215605,target_lag3,9.14963609457016
1,2,0.1,XGBoost_2_AutoML_8_20260603_215605,target_lag4,1.2230926733464003
1,2,0.1,XGBoost_2_AutoML_8_20260603_215605,target_lag5,1.5742735637724399
1,2,0.1,XGBoost_2_AutoML_8_20260603_215605,target_lag6,2.898690501898527
1,2,0.1,XGBoost_2_AutoML_8_20260603_215605,hour_lag1,3.3956911581754685
1,2,0.1,XGBoost_2_AutoML_8_20260603_215605,day_of_week_lag1,0.35962558530271055
1,2,0.1,XGBoost_2_AutoML_8_20260603_215605,month_lag1,0.44713078531436623
1,2,0.1,XGBoost_2_AutoML_8_20260603_215605,trend_lag1,0.5453504492668435
1,2,0.1,XGBoost_2_AutoML_8_20260603_215605,month_sin,0.11432891430100423
1,2,0.1,XGBoost_2_AutoML_8_20260603_215605,month_cos,0.1137712125945836
1,2,0.1,XGBoost_2_AutoML_8_20260603_215605,year,0.151107915060129
1,2,0.1,XGBoost_grid_1_AutoML_8_20260603_215605_model_5,target_lag1,36.94010746955872
1,2,0.1,XGBoost_grid_1_AutoML_8_20260603_215605_model_5,target_lag2,18.273613650798797
1,2,0.1,XGBoost_grid_1_AutoML_8_20260603_215605_model_5,target_lag3,4.025204800367355
1,2,0.1,XGBoost_grid_1_AutoML_8_20260603_215605_model_5,target_lag4,2.932411346845329
1,2,0.1,XGBoost_grid_1_AutoML_8_20260603_215605_model_5,target_lag5,4.243798911869526
1,2,0.1,XGBoost_grid_1_AutoML_8_20260603_215605_model_5,target_lag6,4.09025139182806
1,2,0.1,XGBoost_grid_1_AutoML_8_20260603_215605_model_5,hour_lag1,2.9944929268211125
1,2,0.1,XGBoost_grid_1_AutoML_8_20260603_215605_model_5,day_of_week_lag1,0.19046510847052558
1,2,0.1,XGBoost_grid_1_AutoML_8_20260603_215605_model_5,month_lag1,0.24198039719834924
1,2,0.1,XGBoost_grid_1_AutoML_8_20260603_215605_model_5,trend_lag1,0.25363640367984774
1,2,0.1,XGBoost_grid_1_AutoML_8_20260603_215605_model_5,month_sin,0.0027762589673511217
1,2,0.1,XGBoost_grid_1_AutoML_8_20260603_215605_model_5,month_cos,0.01277978953556154
1,2,0.1,XGBoost_grid_1_AutoML_8_20260603_215605_model_5,year,0.048339605515939146
1,2,0.1,XGBoost_grid_1_AutoML_8_20260603_215605_model_1,target_lag1,36.89959413051605
1,2,0.1,XGBoost_grid_1_AutoML_8_20260603_215605_model_1,target_lag2,20.576568059921264
1,2,0.1,XGBoost_grid_1_AutoML_8_20260603_215605_model_1,target_lag3,4.083806775808334
1,2,0.1,XGBoost_grid_1_AutoML_8_20260603_215605_model_1,target_lag4,1.6563418461941182
1,2,0.1,XGBoost_grid_1_AutoML_8_20260603_215605_model_1,target_lag5,2.992488014288247
1,2,0.1,XGBoost_grid_1_AutoML_8_20260603_215605_model_1,target_lag6,5.792282903119922
1,2,0.1,XGBoost_grid_1_AutoML_8_20260603_215605_model_1,hour_lag1,3.1201204657554626
1,2,0.1,XGBoost_grid_1_AutoML_8_20260603_215605_model_1,day_of_week_lag1,0.2324439872428775
1,2,0.1,XGBoost_grid_1_AutoML_8_20260603_215605_model_1,month_lag1,0.20057436969131232
1,2,0.1,XGBoost_grid_1_AutoML_8_20260603_215605_model_1,trend_lag1,0.2490492152608931
1,2,0.1,XGBoost_grid_1_AutoML_8_20260603_215605_model_1,month_sin,0.0405653198808431
1,2,0.1,XGBoost_grid_1_AutoML_8_20260603_215605_model_1,month_cos,0.0015334712155163173
1,2,0.1,XGBoost_grid_1_AutoML_8_20260603_215605_model_1,year,0.06422270931303498
1,2,0.1,XGBoost_1_AutoML_8_20260603_215605,target_lag1,52.95333065032959
1,2,0.1,XGBoost_1_AutoML_8_20260603_215605,target_lag2,3.3378794950246813
1,2,0.1,XGBoost_1_AutoML_8_20260603_215605,target_lag3,1.2329548412375153
1,2,0.1,XGBoost_1_AutoML_8_20260603_215605,target_lag4,0.6745936444029212
1,2,0.1,XGBoost_1_AutoML_8_20260603_215605,target_lag5,1.4777387336548418
1,2,0.1,XGBoost_1_AutoML_8_20260603_215605,target_lag6,4.353473523035645
1,2,0.1,XGBoost_1_AutoML_8_20260603_215605,hour_lag1,3.0969966050982474
1,2,0.1,XGBoost_1_AutoML_8_20260603_215605,day_of_week_lag1,0.34935470515862105
1,2,0.1,XGBoost_1_AutoML_8_20260603_215605,month_lag1,0.41038210280239584
1,2,0.1,XGBoost_1_AutoML_8_20260603_215605,trend_lag1,0.64861024716869
1,2,0.1,XGBoost_1_AutoML_8_20260603_215605,month_sin,0.12551891067530957
1,2,0.1,XGBoost_1_AutoML_8_20260603_215605,month_cos,0.22578830135753375
1,2,0.1,XGBoost_1_AutoML_8_20260603_215605,year,0.24233658847399056
1,2,0.1,XGBoost_grid_1_AutoML_8_20260603_215605_model_3,target_lag1,39.14461683750152
1,2,0.1,XGBoost_grid_1_AutoML_8_20260603_215605_model_3,target_lag2,9.731856068372727
1,2,0.1,XGBoost_grid_1_AutoML_8_20260603_215605_model_3,target_lag3,4.68450710773468
1,2,0.1,XGBoost_grid_1_AutoML_8_20260603_215605_model_3,target_lag4,5.6836151695251464
1,2,0.1,XGBoost_grid_1_AutoML_8_20260603_215605_model_3,target_lag5,5.3414487564563755
1,2,0.1,XGBoost_grid_1_AutoML_8_20260603_215605_model_3,target_lag6,3.435472150556743
1,2,0.1,XGBoost_grid_1_AutoML_8_20260603_215605_model_3,hour_lag1,3.630898461639881
1,2,0.1,XGBoost_grid_1_AutoML_8_20260603_215605_model_3,day_of_week_lag1,0.20034184290096163
1,2,0.1,XGBoost_grid_1_AutoML_8_20260603_215605_model_3,month_lag1,0.6944010528922081
1,2,0.1,XGBoost_grid_1_AutoML_8_20260603_215605_model_3,trend_lag1,0.389030464142561
1,2,0.1,XGBoost_grid_1_AutoML_8_20260603_215605_model_3,month_sin,0.0
1,2,0.1,XGBoost_grid_1_AutoML_8_20260603_215605_model_3,month_cos,0.15847361881285907
1,2,0.1,XGBoost_grid_1_AutoML_8_20260603_215605_model_3,year,0.11947764644399282
1,2,0.2,GBM_1_AutoML_8_20260603_215605,target_lag1,38.06046435117722
1,2,0.2,GBM_1_AutoML_8_20260603_215605,target_lag2,16.365121159553528
1,2,0.2,GBM_1_AutoML_8_20260603_215605,target_lag3,5.197075965404511
1,2,0.2,GBM_1_AutoML_8_20260603_215605,target_lag4,0.49524585601640864
1,2,0.2,GBM_1_AutoML_8_20260603_215605,target_lag5,0.569985699467361
1,2,0.2,GBM_1_AutoML_8_20260603_215605,target_lag6,1.94215310620144
1,2,0.2,GBM_1_AutoML_8_20260603_215605,hour_lag1,2.8354731268063187
1,2,0.2,GBM_1_AutoML_8_20260603_215605,day_of_week_lag1,0.2443659798428416
1,2,0.2,GBM_1_AutoML_8_20260603_215605,month_lag1,0.36744252119213344
1,2,0.2,GBM_1_AutoML_8_20260603_215605,trend_lag1,0.3546963567053899
1,2,0.2,GBM_1_AutoML_8_20260603_215605,month_sin,0.09556742238812145
1,2,0.2,GBM_1_AutoML_8_20260603_215605,month_cos,0.08142100233584638
1,2,0.2,GBM_1_AutoML_8_20260603_215605,year,0.19578181339427828
1,2,0.2,GBM_4_AutoML_8_20260603_215605,target_lag1,32.29676908016205
1,2,0.2,GBM_4_AutoML_8_20260603_215605,target_lag2,14.83767190694809
1,2,0.2,GBM_4_AutoML_8_20260603_215605,target_lag3,7.564471923410893
1,2,0.2,GBM_4_AutoML_8_20260603_215605,target_lag4,3.211603581905365
1,2,0.2,GBM_4_AutoML_8_20260603_215605,target_lag5,1.6385541477799415
1,2,0.2,GBM_4_AutoML_8_20260603_215605,target_lag6,3.071509328410029
1,2,0.2,GBM_4_AutoML_8_20260603_215605,hour_lag1,3.0636540919542314
1,2,0.2,GBM_4_AutoML_8_20260603_215605,day_of_week_lag1,0.30088051160797474
1,2,0.2,GBM_4_AutoML_8_20260603_215605,month_lag1,0.4330609047412872
1,2,0.2,GBM_4_AutoML_8_20260603_215605,trend_lag1,0.28627918442711237
1,2,0.2,GBM_4_AutoML_8_20260603_215605,month_sin,0.07931366158125452
1,2,0.2,GBM_4_AutoML_8_20260603_215605,month_cos,0.09779300899943333
1,2,0.2,GBM_4_AutoML_8_20260603_215605,year,0.29552392683923245
1,2,0.2,GBM_3_AutoML_8_20260603_215605,target_lag1,47.00448840379715
1,2,0.2,GBM_3_AutoML_8_20260603_215605,target_lag2,6.0778101801872255
1,2,0.2,GBM_3_AutoML_8_20260603_215605,target_lag3,4.1745497560501095
1,2,0.2,GBM_3_AutoML_8_20260603_215605,target_lag4,1.057154516875744
1,2,0.2,GBM_3_AutoML_8_20260603_215605,target_lag5,1.1740817288582912
1,2,0.2,GBM_3_AutoML_8_20260603_215605,target_lag6,2.7585931076854466
1,2,0.2,GBM_3_AutoML_8_20260603_215605,hour_lag1,3.023779692053795
1,2,0.2,GBM_3_AutoML_8_20260603_215605,day_of_week_lag1,0.21607571111992002
1,2,0.2,GBM_3_AutoML_8_20260603_215605,month_lag1,0.36404949575662615
1,2,0.2,GBM_3_AutoML_8_20260603_215605,trend_lag1,0.4020175801962614
1,2,0.2,GBM_3_AutoML_8_20260603_215605,month_sin,0.05215048623038451
1,2,0.2,GBM_3_AutoML_8_20260603_215605,month_cos,0.07608931690847381
1,2,0.2,GBM_3_AutoML_8_20260603_215605,year,0.13670238174498078
1,2,0.2,GBM_2_AutoML_8_20260603_215605,target_lag1,37.70732419967651
1,2,0.2,GBM_2_AutoML_8_20260603_215605,target_lag2,10.881559484004974
1,2,0.2,GBM_2_AutoML_8_20260603_215605,target_lag3,7.845172924995422
1,2,0.2,GBM_2_AutoML_8_20260603_215605,target_lag4,1.4622766603901982
1,2,0.2,GBM_2_AutoML_8_20260603_215605,target_lag5,1.962372435107827
1,2,0.2,GBM_2_AutoML_8_20260603_215605,target_lag6,2.545809200340882
1,2,0.2,GBM_2_AutoML_8_20260603_215605,hour_lag1,2.8575591307878496
1,2,0.2,GBM_2_AutoML_8_20260603_215605,day_of_week_lag1,0.21644978145137428
1,2,0.2,GBM_2_AutoML_8_20260603_215605,month_lag1,0.3289446679875255
1,2,0.2,GBM_2_AutoML_8_20260603_215605,trend_lag1,0.3463521584123373
1,2,0.2,GBM_2_AutoML_8_20260603_215605,month_sin,0.03816581322113048
1,2,0.2,GBM_2_AutoML_8_20260603_215605,month_cos,0.042779353610239886
1,2,0.2,GBM_2_AutoML_8_20260603_215605,year,0.08671132311690595
1,2,0.2,GBM_5_AutoML_8_20260603_215605,target_lag1,40.634734711647035
1,2,0.2,GBM_5_AutoML_8_20260603_215605,target_lag2,13.12672045774758
1,2,0.2,GBM_5_AutoML_8_20260603_215605,target_lag3,1.4844175513461233
1,2,0.2,GBM_5_AutoML_8_20260603_215605,target_lag4,2.307429536059499
1,2,0.2,GBM_5_AutoML_8_20260603_215605,target_lag5,1.7767942775972188
1,2,0.2,GBM_5_AutoML_8_20260603_215605,target_lag6,2.4240718369372187
1,2,0.2,GBM_5_AutoML_8_20260603_215605,hour_lag1,3.0130443027615548
1,2,0.2,GBM_5_AutoML_8_20260603_215605,day_of_week_lag1,0.17849791032262147
1,2,0.2,GBM_5_AutoML_8_20260603_215605,month_lag1,0.2563899995642714
1,2,0.2,GBM_5_AutoML_8_20260603_215605,trend_lag1,0.4189697646535933
1,2,0.2,GBM_5_AutoML_8_20260603_215605,month_sin,0.05794741350458931
1,2,0.2,GBM_5_AutoML_8_20260603_215605,month_cos,0.03346411766775414
1,2,0.2,GBM_5_AutoML_8_20260603_215605,year,0.15118630278855563
1,2,0.2,XGBoost_grid_1_AutoML_8_20260603_215605_model_4,target_lag1,39.43532944381237
1,2,0.2,XGBoost_grid_1_AutoML_8_20260603_215605_model_4,target_lag2,15.073450388908386
1,2,0.2,XGBoost_grid_1_AutoML_8_20260603_215605_model_4,target_lag3,4.41608619093895
1,2,0.2,XGBoost_grid_1_AutoML_8_20260603_215605_model_4,target_lag4,0.5141325157135725
1,2,0.2,XGBoost_grid_1_AutoML_8_20260603_215605_model_4,target_lag5,0.9848365150019527
1,2,0.2,XGBoost_grid_1_AutoML_8_20260603_215605_model_4,target_lag6,3.8073595121502875
1,2,0.2,XGBoost_grid_1_AutoML_8_20260603_215605_model_4,hour_lag1,3.0978232246637343
1,2,0.2,XGBoost_grid_1_AutoML_8_20260603_215605_model_4,day_of_week_lag1,0.32435066370293497
1,2,0.2,XGBoost_grid_1_AutoML_8_20260603_215605_model_4,month_lag1,0.38037088941782715
1,2,0.2,XGBoost_grid_1_AutoML_8_20260603_215605_model_4,trend_lag1,0.4258949875715189
1,2,0.2,XGBoost_grid_1_AutoML_8_20260603_215605_model_4,month_sin,0.09565785621438405
1,2,0.2,XGBoost_grid_1_AutoML_8_20260603_215605_model_4,month_cos,0.058728021872229835
1,2,0.2,XGBoost_grid_1_AutoML_8_20260603_215605_model_4,year,0.26656313850078733
1,2,0.2,GBM_grid_1_AutoML_8_20260603_215605_model_2,target_lag1,24.423441405892373
1,2,0.2,GBM_grid_1_AutoML_8_20260603_215605_model_2,target_lag2,14.715503842830659
1,2,0.2,GBM_grid_1_AutoML_8_20260603_215605_model_2,target_lag3,11.49765883922577
1,2,0.2,GBM_grid_1_AutoML_8_20260603_215605_model_2,target_lag4,3.124774707555771
1,2,0.2,GBM_grid_1_AutoML_8_20260603_215605_model_2,target_lag5,4.661309245526791
1,2,0.2,GBM_grid_1_AutoML_8_20260603_215605_model_2,target_lag6,2.418989798184484
1,2,0.2,GBM_grid_1_AutoML_8_20260603_215605_model_2,hour_lag1,2.843850725591183
1,2,0.2,GBM_grid_1_AutoML_8_20260603_215605_model_2,day_of_week_lag1,0.3248317795910407
1,2,0.2,GBM_grid_1_AutoML_8_20260603_215605_model_2,month_lag1,0.38806275475770236
1,2,0.2,GBM_grid_1_AutoML_8_20260603_215605_model_2,trend_lag1,0.44772483457811174
1,2,0.2,GBM_grid_1_AutoML_8_20260603_215605_model_2,month_sin,0.11358088768785814
1,2,0.2,GBM_grid_1_AutoML_8_20260603_215605_model_2,month_cos,0.09077871553832662
1,2,0.2,GBM_grid_1_AutoML_8_20260603_215605_model_2,year,0.2676540234358981
1,2,0.2,GBM_grid_1_AutoML_8_20260603_215605_model_1,target_lag1,19.40095663011074
1,2,0.2,GBM_grid_1_AutoML_8_20260603_215605_model_1,target_lag2,16.28026895225048
1,2,0.2,GBM_grid_1_AutoML_8_20260603_215605_model_1,target_lag3,2.5947017892822624
1,2,0.2,GBM_grid_1_AutoML_8_20260603_215605_model_1,target_lag4,12.386459453105926
1,2,0.2,GBM_grid_1_AutoML_8_20260603_215605_model_1,target_lag5,7.340855650901794
1,2,0.2,GBM_grid_1_AutoML_8_20260603_215605_model_1,target_lag6,2.5487606854364278
1,2,0.2,GBM_grid_1_AutoML_8_20260603_215605_model_1,hour_lag1,2.7273508715629577
1,2,0.2,GBM_grid_1_AutoML_8_20260603_215605_model_1,day_of_week_lag1,0.34325452871620654
1,2,0.2,GBM_grid_1_AutoML_8_20260603_215605_model_1,month_lag1,0.44466926327440887
1,2,0.2,GBM_grid_1_AutoML_8_20260603_215605_model_1,trend_lag1,0.7073594641685486
1,2,0.2,GBM_grid_1_AutoML_8_20260603_215605_model_1,month_sin,0.1198031694977544
1,2,0.2,GBM_grid_1_AutoML_8_20260603_215605_model_1,month_cos,0.0935857483069412
1,2,0.2,GBM_grid_1_AutoML_8_20260603_215605_model_1,year,0.22458252806216478
1,2,0.2,DRF_1_AutoML_8_20260603_215605,target_lag1,25.140185745954515
1,2,0.2,DRF_1_AutoML_8_20260603_215605,target_lag2,10.494188523590564
1,2,0.2,DRF_1_AutoML_8_20260603_215605,target_lag3,8.416231725998223
1,2,0.2,DRF_1_AutoML_8_20260603_215605,target_lag4,7.096421150192619
1,2,0.2,DRF_1_AutoML_8_20260603_215605,target_lag5,4.300326879322529
1,2,0.2,DRF_1_AutoML_8_20260603_215605,target_lag6,3.597424598261714
1,2,0.2,DRF_1_AutoML_8_20260603_215605,hour_lag1,1.84512444101274
1,2,0.2,DRF_1_AutoML_8_20260603_215605,day_of_week_lag1,0.17794901371002197
1,2,0.2,DRF_1_AutoML_8_20260603_215605,month_lag1,0.2770362006500363
1,2,0.2,DRF_1_AutoML_8_20260603_215605,trend_lag1,0.34070231408812107
1,2,0.2,DRF_1_AutoML_8_20260603_215605,month_sin,0.11303135502355868
1,2,0.2,DRF_1_AutoML_8_20260603_215605,month_cos,0.060620046255644364
1,2,0.2,DRF_1_AutoML_8_20260603_215605,year,0.22210285626468249
1,2,0.2,GBM_grid_1_AutoML_8_20260603_215605_model_3,target_lag1,19.238906724452974
1,2,0.2,GBM_grid_1_AutoML_8_20260603_215605_model_3,target_lag2,12.660091418959201
1,2,0.2,GBM_grid_1_AutoML_8_20260603_215605_model_3,target_lag3,12.965148732066154
1,2,0.2,GBM_grid_1_AutoML_8_20260603_215605_model_3,target_lag4,4.495568336695433
1,2,0.2,GBM_grid_1_AutoML_8_20260603_215605_model_3,target_lag5,7.027401817031205
1,2,0.2,GBM_grid_1_AutoML_8_20260603_215605_model_3,target_lag6,3.8587583128362892
1,2,0.2,GBM_grid_1_AutoML_8_20260603_215605_model_3,hour_lag1,2.9343409059941767
1,2,0.2,GBM_grid_1_AutoML_8_20260603_215605_model_3,day_of_week_lag1,0.40216473568230865
1,2,0.2,GBM_grid_1_AutoML_8_20260603_215605_model_3,month_lag1,0.8366023262962698
1,2,0.2,GBM_grid_1_AutoML_8_20260603_215605_model_3,trend_lag1,0.47448773169191555
1,2,0.2,GBM_grid_1_AutoML_8_20260603_215605_model_3,month_sin,0.1236372580286115
1,2,0.2,GBM_grid_1_AutoML_8_20260603_215605_model_3,month_cos,0.10893998724233821
1,2,0.2,GBM_grid_1_AutoML_8_20260603_215605_model_3,year,0.47955719571560623
1,2,0.2,XRT_1_AutoML_8_20260603_215605,target_lag1,23.525306514501573
1,2,0.2,XRT_1_AutoML_8_20260603_215605,target_lag2,13.89967952311039
1,2,0.2,XRT_1_AutoML_8_20260603_215605,target_lag3,10.23189411520958
1,2,0.2,XRT_1_AutoML_8_20260603_215605,target_lag4,7.598055554218591
1,2,0.2,XRT_1_AutoML_8_20260603_215605,target_lag5,4.991762740574777
1,2,0.2,XRT_1_AutoML_8_20260603_215605,target_lag6,24.35569906514138
1,2,0.2,XRT_1_AutoML_8_20260603_215605,hour_lag1,3.8960282072424888
1,2,0.2,XRT_1_AutoML_8_20260603_215605,day_of_week_lag1,9777.381613337546
1,2,0.2,XRT_1_AutoML_8_20260603_215605,month_lag1,34264.60922541141
1,2,0.2,XRT_1_AutoML_8_20260603_215605,trend_lag1,1.5392148007336073
1,2,0.2,XRT_1_AutoML_8_20260603_215605,month_sin,496157860.69654787
1,2,0.2,XRT_1_AutoML_8_20260603_215605,month_cos,4.369622726887465
1,2,0.2,XRT_1_AutoML_8_20260603_215605,year,3.198938684463501
1,2,0.2,XGBoost_3_AutoML_8_20260603_215605,target_lag1,39.288139700591564
1,2,0.2,XGBoost_3_AutoML_8_20260603_215605,target_lag2,17.218545880317688
1,2,0.2,XGBoost_3_AutoML_8_20260603_215605,target_lag3,2.9401576392911375
1,2,0.2,XGBoost_3_AutoML_8_20260603_215605,target_lag4,0.9791953530721367
1,2,0.2,XGBoost_3_AutoML_8_20260603_215605,target_lag5,3.446934526599944
1,2,0.2,XGBoost_3_AutoML_8_20260603_215605,target_lag6,4.172884725136682
1,2,0.2,XGBoost_3_AutoML_8_20260603_215605,hour_lag1,2.9948632687330248
1,2,0.2,XGBoost_3_AutoML_8_20260603_215605,day_of_week_lag1,0.17662943025352434
1,2,0.2,XGBoost_3_AutoML_8_20260603_215605,month_lag1,0.4291593182273209
1,2,0.2,XGBoost_3_AutoML_8_20260603_215605,trend_lag1,0.5453341899812222
1,2,0.2,XGBoost_3_AutoML_8_20260603_215605,month_sin,0.08836009191349145
1,2,0.2,XGBoost_3_AutoML_8_20260603_215605,month_cos,0.025522088913130528
1,2,0.2,XGBoost_3_AutoML_8_20260603_215605,year,0.20141188825044082
1,2,0.2,XGBoost_2_AutoML_8_20260603_215605,target_lag1,27.359221005439757
1,2,0.2,XGBoost_2_AutoML_8_20260603_215605,target_lag2,21.248396134376527
1,2,0.2,XGBoost_2_AutoML_8_20260603_215605,target_lag3,9.14963609457016
1,2,0.2,XGBoost_2_AutoML_8_20260603_215605,target_lag4,1.2230926733464003
1,2,0.2,XGBoost_2_AutoML_8_20260603_215605,target_lag5,1.5742735637724399
1,2,0.2,XGBoost_2_AutoML_8_20260603_215605,target_lag6,2.898690501898527
1,2,0.2,XGBoost_2_AutoML_8_20260603_215605,hour_lag1,3.3956911581754685
1,2,0.2,XGBoost_2_AutoML_8_20260603_215605,day_of_week_lag1,0.35962558530271055
1,2,0.2,XGBoost_2_AutoML_8_20260603_215605,month_lag1,0.44713078531436623
1,2,0.2,XGBoost_2_AutoML_8_20260603_215605,trend_lag1,0.5453504492668435
1,2,0.2,XGBoost_2_AutoML_8_20260603_215605,month_sin,0.11432891430100423
1,2,0.2,XGBoost_2_AutoML_8_20260603_215605,month_cos,0.1137712125945836
1,2,0.2,XGBoost_2_AutoML_8_20260603_215605,year,0.151107915060129
1,2,0.2,XGBoost_grid_1_AutoML_8_20260603_215605_model_5,target_lag1,36.94010746955872
1,2,0.2,XGBoost_grid_1_AutoML_8_20260603_215605_model_5,target_lag2,18.273613650798797
1,2,0.2,XGBoost_grid_1_AutoML_8_20260603_215605_model_5,target_lag3,4.025204800367355
1,2,0.2,XGBoost_grid_1_AutoML_8_20260603_215605_model_5,target_lag4,2.932411346845329
1,2,0.2,XGBoost_grid_1_AutoML_8_20260603_215605_model_5,target_lag5,4.243798911869526
1,2,0.2,XGBoost_grid_1_AutoML_8_20260603_215605_model_5,target_lag6,4.09025139182806
1,2,0.2,XGBoost_grid_1_AutoML_8_20260603_215605_model_5,hour_lag1,2.9944929268211125
1,2,0.2,XGBoost_grid_1_AutoML_8_20260603_215605_model_5,day_of_week_lag1,0.19046510847052558
1,2,0.2,XGBoost_grid_1_AutoML_8_20260603_215605_model_5,month_lag1,0.24198039719834924
1,2,0.2,XGBoost_grid_1_AutoML_8_20260603_215605_model_5,trend_lag1,0.25363640367984774
1,2,0.2,XGBoost_grid_1_AutoML_8_20260603_215605_model_5,month_sin,0.0027762589673511217
1,2,0.2,XGBoost_grid_1_AutoML_8_20260603_215605_model_5,month_cos,0.01277978953556154
1,2,0.2,XGBoost_grid_1_AutoML_8_20260603_215605_model_5,year,0.048339605515939146
1,2,0.2,XGBoost_grid_1_AutoML_8_20260603_215605_model_1,target_lag1,36.89959413051605
1,2,0.2,XGBoost_grid_1_AutoML_8_20260603_215605_model_1,target_lag2,20.576568059921264
1,2,0.2,XGBoost_grid_1_AutoML_8_20260603_215605_model_1,target_lag3,4.083806775808334
1,2,0.2,XGBoost_grid_1_AutoML_8_20260603_215605_model_1,target_lag4,1.6563418461941182
1,2,0.2,XGBoost_grid_1_AutoML_8_20260603_215605_model_1,target_lag5,2.992488014288247
1,2,0.2,XGBoost_grid_1_AutoML_8_20260603_215605_model_1,target_lag6,5.792282903119922
1,2,0.2,XGBoost_grid_1_AutoML_8_20260603_215605_model_1,hour_lag1,3.1201204657554626
1,2,0.2,XGBoost_grid_1_AutoML_8_20260603_215605_model_1,day_of_week_lag1,0.2324439872428775
1,2,0.2,XGBoost_grid_1_AutoML_8_20260603_215605_model_1,month_lag1,0.20057436969131232
1,2,0.2,XGBoost_grid_1_AutoML_8_20260603_215605_model_1,trend_lag1,0.2490492152608931
1,2,0.2,XGBoost_grid_1_AutoML_8_20260603_215605_model_1,month_sin,0.0405653198808431
1,2,0.2,XGBoost_grid_1_AutoML_8_20260603_215605_model_1,month_cos,0.0015334712155163173
1,2,0.2,XGBoost_grid_1_AutoML_8_20260603_215605_model_1,year,0.06422270931303498
1,2,0.2,XGBoost_1_AutoML_8_20260603_215605,target_lag1,52.95333065032959
1,2,0.2,XGBoost_1_AutoML_8_20260603_215605,target_lag2,3.3378794950246813
1,2,0.2,XGBoost_1_AutoML_8_20260603_215605,target_lag3,1.2329548412375153
1,2,0.2,XGBoost_1_AutoML_8_20260603_215605,target_lag4,0.6745936444029212
1,2,0.2,XGBoost_1_AutoML_8_20260603_215605,target_lag5,1.4777387336548418
1,2,0.2,XGBoost_1_AutoML_8_20260603_215605,target_lag6,4.353473523035645
1,2,0.2,XGBoost_1_AutoML_8_20260603_215605,hour_lag1,3.0969966050982474
1,2,0.2,XGBoost_1_AutoML_8_20260603_215605,day_of_week_lag1,0.34935470515862105
1,2,0.2,XGBoost_1_AutoML_8_20260603_215605,month_lag1,0.41038210280239584
1,2,0.2,XGBoost_1_AutoML_8_20260603_215605,trend_lag1,0.64861024716869
1,2,0.2,XGBoost_1_AutoML_8_20260603_215605,month_sin,0.12551891067530957
1,2,0.2,XGBoost_1_AutoML_8_20260603_215605,month_cos,0.22578830135753375
1,2,0.2,XGBoost_1_AutoML_8_20260603_215605,year,0.24233658847399056
1,2,0.2,XGBoost_grid_1_AutoML_8_20260603_215605_model_3,target_lag1,39.14461683750152
1,2,0.2,XGBoost_grid_1_AutoML_8_20260603_215605_model_3,target_lag2,9.731856068372727
1,2,0.2,XGBoost_grid_1_AutoML_8_20260603_215605_model_3,target_lag3,4.68450710773468
1,2,0.2,XGBoost_grid_1_AutoML_8_20260603_215605_model_3,target_lag4,5.6836151695251464
1,2,0.2,XGBoost_grid_1_AutoML_8_20260603_215605_model_3,target_lag5,5.3414487564563755
1,2,0.2,XGBoost_grid_1_AutoML_8_20260603_215605_model_3,target_lag6,3.435472150556743
1,2,0.2,XGBoost_grid_1_AutoML_8_20260603_215605_model_3,hour_lag1,3.630898461639881
1,2,0.2,XGBoost_grid_1_AutoML_8_20260603_215605_model_3,day_of_week_lag1,0.20034184290096163
1,2,0.2,XGBoost_grid_1_AutoML_8_20260603_215605_model_3,month_lag1,0.6944010528922081
1,2,0.2,XGBoost_grid_1_AutoML_8_20260603_215605_model_3,trend_lag1,0.389030464142561
1,2,0.2,XGBoost_grid_1_AutoML_8_20260603_215605_model_3,month_sin,0.0
1,2,0.2,XGBoost_grid_1_AutoML_8_20260603_215605_model_3,month_cos,0.15847361881285907
1,2,0.2,XGBoost_grid_1_AutoML_8_20260603_215605_model_3,year,0.11947764644399282
1,2,0.2,XGBoost_grid_1_AutoML_8_20260603_215605_model_2,target_lag1,48.71950969696045
1,2,0.2,XGBoost_grid_1_AutoML_8_20260603_215605_model_2,target_lag2,8.21537773925811
1,2,0.2,XGBoost_grid_1_AutoML_8_20260603_215605_model_2,target_lag3,1.8881556290388106
1,2,0.2,XGBoost_grid_1_AutoML_8_20260603_215605_model_2,target_lag4,0.7207386033982038
1,2,0.2,XGBoost_grid_1_AutoML_8_20260603_215605_model_2,target_lag5,1.1077516203804407
1,2,0.2,XGBoost_grid_1_AutoML_8_20260603_215605_model_2,target_lag6,3.2651459134370087
1,2,0.2,XGBoost_grid_1_AutoML_8_20260603_215605_model_2,hour_lag1,2.886885478273034
1,2,0.2,XGBoost_grid_1_AutoML_8_20260603_215605_model_2,day_of_week_lag1,0.3901978693227284
1,2,0.2,XGBoost_grid_1_AutoML_8_20260603_215605_model_2,month_lag1,0.3993874912708998
1,2,0.2,XGBoost_grid_1_AutoML_8_20260603_215605_model_2,trend_lag1,0.7677192435599863
1,2,0.2,XGBoost_grid_1_AutoML_8_20260603_215605_model_2,month_sin,0.18598090482875704
1,2,0.2,XGBoost_grid_1_AutoML_8_20260603_215605_model_2,month_cos,0.16043314356653351
1,2,0.2,XGBoost_grid_1_AutoML_8_20260603_215605_model_2,year,0.1888629547972232
1,2,0.2,GLM_1_AutoML_8_20260603_215605,target_lag1,40.71259883809159
1,2,0.2,GLM_1_AutoML_8_20260603_215605,target_lag2,13.830077931141107
1,2,0.2,GLM_1_AutoML_8_20260603_215605,target_lag3,4.635879384433235
1,2,0.2,GLM_1_AutoML_8_20260603_215605,target_lag4,0.8877163542980768
1,2,0.2,GLM_1_AutoML_8_20260603_215605,target_lag5,0.8664492353670694
1,2,0.2,GLM_1_AutoML_8_20260603_215605,target_lag6,2.166162392949523
1,2,0.2,GLM_1_AutoML_8_20260603_215605,hour_lag1,0.055828367375620004
1,2,0.2,GLM_1_AutoML_8_20260603_215605,day_of_week_lag1,0.05804304849741934
1,2,0.2,GLM_1_AutoML_8_20260603_215605,month_lag1,0.008380175307186892
1,2,0.2,GLM_1_AutoML_8_20260603_215605,trend_lag1,0.14707006390086233
1,2,0.2,GLM_1_AutoML_8_20260603_215605,month_sin,0.01128507413343669
1,2,0.2,GLM_1_AutoML_8_20260603_215605,month_cos,0.003555964844296548
1,2,0.2,GLM_1_AutoML_8_20260603_215605,year,0.18464048100861574
1,2,0.2,XGBoost_grid_1_AutoML_8_20260603_215605_model_6,target_lag1,43.12930801391602
1,2,0.2,XGBoost_grid_1_AutoML_8_20260603_215605_model_6,target_lag2,8.410920392274857
1,2,0.2,XGBoost_grid_1_AutoML_8_20260603_215605_model_6,target_lag3,5.5766688032448295
1,2,0.2,XGBoost_grid_1_AutoML_8_20260603_215605_model_6,target_lag4,1.8545532377436758
1,2,0.2,XGBoost_grid_1_AutoML_8_20260603_215605_model_6,target_lag5,1.9292735128477216
1,2,0.2,XGBoost_grid_1_AutoML_8_20260603_215605_model_6,target_lag6,3.710253779888153
1,2,0.2,XGBoost_grid_1_AutoML_8_20260603_215605_model_6,hour_lag1,3.213889276981354
1,2,0.2,XGBoost_grid_1_AutoML_8_20260603_215605_model_6,day_of_week_lag1,0.40275172060821207
1,2,0.2,XGBoost_grid_1_AutoML_8_20260603_215605_model_6,month_lag1,0.3543531759083271
1,2,0.2,XGBoost_grid_1_AutoML_8_20260603_215605_model_6,trend_lag1,1.3668510950449855
1,2,0.2,XGBoost_grid_1_AutoML_8_20260603_215605_model_6,month_sin,0.2687887227907777
1,2,0.2,XGBoost_grid_1_AutoML_8_20260603_215605_model_6,month_cos,0.23483930122107266
1,2,0.2,XGBoost_grid_1_AutoML_8_20260603_215605_model_6,year,0.23908481579739602
1,2,0.3,GBM_1_AutoML_8_20260603_215605,target_lag1,38.06046435117722
1,2,0.3,GBM_1_AutoML_8_20260603_215605,target_lag2,16.365121159553528
1,2,0.3,GBM_1_AutoML_8_20260603_215605,target_lag3,5.197075965404511
1,2,0.3,GBM_1_AutoML_8_20260603_215605,target_lag4,0.49524585601640864
1,2,0.3,GBM_1_AutoML_8_20260603_215605,target_lag5,0.569985699467361
1,2,0.3,GBM_1_AutoML_8_20260603_215605,target_lag6,1.94215310620144
1,2,0.3,GBM_1_AutoML_8_20260603_215605,hour_lag1,2.8354731268063187
1,2,0.3,GBM_1_AutoML_8_20260603_215605,day_of_week_lag1,0.2443659798428416
1,2,0.3,GBM_1_AutoML_8_20260603_215605,month_lag1,0.36744252119213344
1,2,0.3,GBM_1_AutoML_8_20260603_215605,trend_lag1,0.3546963567053899
1,2,0.3,GBM_1_AutoML_8_20260603_215605,month_sin,0.09556742238812145
1,2,0.3,GBM_1_AutoML_8_20260603_215605,month_cos,0.08142100233584638
1,2,0.3,GBM_1_AutoML_8_20260603_215605,year,0.19578181339427828
1,2,0.3,GBM_4_AutoML_8_20260603_215605,target_lag1,32.29676908016205
1,2,0.3,GBM_4_AutoML_8_20260603_215605,target_lag2,14.83767190694809
1,2,0.3,GBM_4_AutoML_8_20260603_215605,target_lag3,7.564471923410893
1,2,0.3,GBM_4_AutoML_8_20260603_215605,target_lag4,3.211603581905365
1,2,0.3,GBM_4_AutoML_8_20260603_215605,target_lag5,1.6385541477799415
1,2,0.3,GBM_4_AutoML_8_20260603_215605,target_lag6,3.071509328410029
1,2,0.3,GBM_4_AutoML_8_20260603_215605,hour_lag1,3.0636540919542314
1,2,0.3,GBM_4_AutoML_8_20260603_215605,day_of_week_lag1,0.30088051160797474
1,2,0.3,GBM_4_AutoML_8_20260603_215605,month_lag1,0.4330609047412872
1,2,0.3,GBM_4_AutoML_8_20260603_215605,trend_lag1,0.28627918442711237
1,2,0.3,GBM_4_AutoML_8_20260603_215605,month_sin,0.07931366158125452
1,2,0.3,GBM_4_AutoML_8_20260603_215605,month_cos,0.09779300899943333
1,2,0.3,GBM_4_AutoML_8_20260603_215605,year,0.29552392683923245
1,2,0.3,GBM_3_AutoML_8_20260603_215605,target_lag1,47.00448840379715
1,2,0.3,GBM_3_AutoML_8_20260603_215605,target_lag2,6.0778101801872255
1,2,0.3,GBM_3_AutoML_8_20260603_215605,target_lag3,4.1745497560501095
1,2,0.3,GBM_3_AutoML_8_20260603_215605,target_lag4,1.057154516875744
1,2,0.3,GBM_3_AutoML_8_20260603_215605,target_lag5,1.1740817288582912
1,2,0.3,GBM_3_AutoML_8_20260603_215605,target_lag6,2.7585931076854466
1,2,0.3,GBM_3_AutoML_8_20260603_215605,hour_lag1,3.023779692053795
1,2,0.3,GBM_3_AutoML_8_20260603_215605,day_of_week_lag1,0.21607571111992002
1,2,0.3,GBM_3_AutoML_8_20260603_215605,month_lag1,0.36404949575662615
1,2,0.3,GBM_3_AutoML_8_20260603_215605,trend_lag1,0.4020175801962614
1,2,0.3,GBM_3_AutoML_8_20260603_215605,month_sin,0.05215048623038451
1,2,0.3,GBM_3_AutoML_8_20260603_215605,month_cos,0.07608931690847381
1,2,0.3,GBM_3_AutoML_8_20260603_215605,year,0.13670238174498078
1,2,0.3,GBM_2_AutoML_8_20260603_215605,target_lag1,37.70732419967651
1,2,0.3,GBM_2_AutoML_8_20260603_215605,target_lag2,10.881559484004974
1,2,0.3,GBM_2_AutoML_8_20260603_215605,target_lag3,7.845172924995422
1,2,0.3,GBM_2_AutoML_8_20260603_215605,target_lag4,1.4622766603901982
1,2,0.3,GBM_2_AutoML_8_20260603_215605,target_lag5,1.962372435107827
1,2,0.3,GBM_2_AutoML_8_20260603_215605,target_lag6,2.545809200340882
1,2,0.3,GBM_2_AutoML_8_20260603_215605,hour_lag1,2.8575591307878496
1,2,0.3,GBM_2_AutoML_8_20260603_215605,day_of_week_lag1,0.21644978145137428
1,2,0.3,GBM_2_AutoML_8_20260603_215605,month_lag1,0.3289446679875255
1,2,0.3,GBM_2_AutoML_8_20260603_215605,trend_lag1,0.3463521584123373
1,2,0.3,GBM_2_AutoML_8_20260603_215605,month_sin,0.03816581322113048
1,2,0.3,GBM_2_AutoML_8_20260603_215605,month_cos,0.042779353610239886
1,2,0.3,GBM_2_AutoML_8_20260603_215605,year,0.08671132311690595
1,2,0.3,GBM_5_AutoML_8_20260603_215605,target_lag1,40.634734711647035
1,2,0.3,GBM_5_AutoML_8_20260603_215605,target_lag2,13.12672045774758
1,2,0.3,GBM_5_AutoML_8_20260603_215605,target_lag3,1.4844175513461233
1,2,0.3,GBM_5_AutoML_8_20260603_215605,target_lag4,2.307429536059499
1,2,0.3,GBM_5_AutoML_8_20260603_215605,target_lag5,1.7767942775972188
1,2,0.3,GBM_5_AutoML_8_20260603_215605,target_lag6,2.4240718369372187
1,2,0.3,GBM_5_AutoML_8_20260603_215605,hour_lag1,3.0130443027615548
1,2,0.3,GBM_5_AutoML_8_20260603_215605,day_of_week_lag1,0.17849791032262147
1,2,0.3,GBM_5_AutoML_8_20260603_215605,month_lag1,0.2563899995642714
1,2,0.3,GBM_5_AutoML_8_20260603_215605,trend_lag1,0.4189697646535933
1,2,0.3,GBM_5_AutoML_8_20260603_215605,month_sin,0.05794741350458931
1,2,0.3,GBM_5_AutoML_8_20260603_215605,month_cos,0.03346411766775414
1,2,0.3,GBM_5_AutoML_8_20260603_215605,year,0.15118630278855563
1,2,0.3,XGBoost_grid_1_AutoML_8_20260603_215605_model_4,target_lag1,39.43532944381237
1,2,0.3,XGBoost_grid_1_AutoML_8_20260603_215605_model_4,target_lag2,15.073450388908386
1,2,0.3,XGBoost_grid_1_AutoML_8_20260603_215605_model_4,target_lag3,4.41608619093895
1,2,0.3,XGBoost_grid_1_AutoML_8_20260603_215605_model_4,target_lag4,0.5141325157135725
1,2,0.3,XGBoost_grid_1_AutoML_8_20260603_215605_model_4,target_lag5,0.9848365150019527
1,2,0.3,XGBoost_grid_1_AutoML_8_20260603_215605_model_4,target_lag6,3.8073595121502875
1,2,0.3,XGBoost_grid_1_AutoML_8_20260603_215605_model_4,hour_lag1,3.0978232246637343
1,2,0.3,XGBoost_grid_1_AutoML_8_20260603_215605_model_4,day_of_week_lag1,0.32435066370293497
1,2,0.3,XGBoost_grid_1_AutoML_8_20260603_215605_model_4,month_lag1,0.38037088941782715
1,2,0.3,XGBoost_grid_1_AutoML_8_20260603_215605_model_4,trend_lag1,0.4258949875715189
1,2,0.3,XGBoost_grid_1_AutoML_8_20260603_215605_model_4,month_sin,0.09565785621438405
1,2,0.3,XGBoost_grid_1_AutoML_8_20260603_215605_model_4,month_cos,0.058728021872229835
1,2,0.3,XGBoost_grid_1_AutoML_8_20260603_215605_model_4,year,0.26656313850078733
1,2,0.3,GBM_grid_1_AutoML_8_20260603_215605_model_2,target_lag1,24.423441405892373
1,2,0.3,GBM_grid_1_AutoML_8_20260603_215605_model_2,target_lag2,14.715503842830659
1,2,0.3,GBM_grid_1_AutoML_8_20260603_215605_model_2,target_lag3,11.49765883922577
1,2,0.3,GBM_grid_1_AutoML_8_20260603_215605_model_2,target_lag4,3.124774707555771
1,2,0.3,GBM_grid_1_AutoML_8_20260603_215605_model_2,target_lag5,4.661309245526791
1,2,0.3,GBM_grid_1_AutoML_8_20260603_215605_model_2,target_lag6,2.418989798184484
1,2,0.3,GBM_grid_1_AutoML_8_20260603_215605_model_2,hour_lag1,2.843850725591183
1,2,0.3,GBM_grid_1_AutoML_8_20260603_215605_model_2,day_of_week_lag1,0.3248317795910407
1,2,0.3,GBM_grid_1_AutoML_8_20260603_215605_model_2,month_lag1,0.38806275475770236
1,2,0.3,GBM_grid_1_AutoML_8_20260603_215605_model_2,trend_lag1,0.44772483457811174
1,2,0.3,GBM_grid_1_AutoML_8_20260603_215605_model_2,month_sin,0.11358088768785814
1,2,0.3,GBM_grid_1_AutoML_8_20260603_215605_model_2,month_cos,0.09077871553832662
1,2,0.3,GBM_grid_1_AutoML_8_20260603_215605_model_2,year,0.2676540234358981
1,2,0.3,GBM_grid_1_AutoML_8_20260603_215605_model_1,target_lag1,19.40095663011074
1,2,0.3,GBM_grid_1_AutoML_8_20260603_215605_model_1,target_lag2,16.28026895225048
1,2,0.3,GBM_grid_1_AutoML_8_20260603_215605_model_1,target_lag3,2.5947017892822624
1,2,0.3,GBM_grid_1_AutoML_8_20260603_215605_model_1,target_lag4,12.386459453105926
1,2,0.3,GBM_grid_1_AutoML_8_20260603_215605_model_1,target_lag5,7.340855650901794
1,2,0.3,GBM_grid_1_AutoML_8_20260603_215605_model_1,target_lag6,2.5487606854364278
1,2,0.3,GBM_grid_1_AutoML_8_20260603_215605_model_1,hour_lag1,2.7273508715629577
1,2,0.3,GBM_grid_1_AutoML_8_20260603_215605_model_1,day_of_week_lag1,0.34325452871620654
1,2,0.3,GBM_grid_1_AutoML_8_20260603_215605_model_1,month_lag1,0.44466926327440887
1,2,0.3,GBM_grid_1_AutoML_8_20260603_215605_model_1,trend_lag1,0.7073594641685486
1,2,0.3,GBM_grid_1_AutoML_8_20260603_215605_model_1,month_sin,0.1198031694977544
1,2,0.3,GBM_grid_1_AutoML_8_20260603_215605_model_1,month_cos,0.0935857483069412
1,2,0.3,GBM_grid_1_AutoML_8_20260603_215605_model_1,year,0.22458252806216478
1,2,0.3,DRF_1_AutoML_8_20260603_215605,target_lag1,25.140185745954515
1,2,0.3,DRF_1_AutoML_8_20260603_215605,target_lag2,10.494188523590564
1,2,0.3,DRF_1_AutoML_8_20260603_215605,target_lag3,8.416231725998223
1,2,0.3,DRF_1_AutoML_8_20260603_215605,target_lag4,7.096421150192619
1,2,0.3,DRF_1_AutoML_8_20260603_215605,target_lag5,4.300326879322529
1,2,0.3,DRF_1_AutoML_8_20260603_215605,target_lag6,3.597424598261714
1,2,0.3,DRF_1_AutoML_8_20260603_215605,hour_lag1,1.84512444101274
1,2,0.3,DRF_1_AutoML_8_20260603_215605,day_of_week_lag1,0.17794901371002197
1,2,0.3,DRF_1_AutoML_8_20260603_215605,month_lag1,0.2770362006500363
1,2,0.3,DRF_1_AutoML_8_20260603_215605,trend_lag1,0.34070231408812107
1,2,0.3,DRF_1_AutoML_8_20260603_215605,month_sin,0.11303135502355868
1,2,0.3,DRF_1_AutoML_8_20260603_215605,month_cos,0.060620046255644364
1,2,0.3,DRF_1_AutoML_8_20260603_215605,year,0.22210285626468249
1,2,0.3,GBM_grid_1_AutoML_8_20260603_215605_model_3,target_lag1,19.238906724452974
1,2,0.3,GBM_grid_1_AutoML_8_20260603_215605_model_3,target_lag2,12.660091418959201
1,2,0.3,GBM_grid_1_AutoML_8_20260603_215605_model_3,target_lag3,12.965148732066154
1,2,0.3,GBM_grid_1_AutoML_8_20260603_215605_model_3,target_lag4,4.495568336695433
1,2,0.3,GBM_grid_1_AutoML_8_20260603_215605_model_3,target_lag5,7.027401817031205
1,2,0.3,GBM_grid_1_AutoML_8_20260603_215605_model_3,target_lag6,3.8587583128362892
1,2,0.3,GBM_grid_1_AutoML_8_20260603_215605_model_3,hour_lag1,2.9343409059941767
1,2,0.3,GBM_grid_1_AutoML_8_20260603_215605_model_3,day_of_week_lag1,0.40216473568230865
1,2,0.3,GBM_grid_1_AutoML_8_20260603_215605_model_3,month_lag1,0.8366023262962698
1,2,0.3,GBM_grid_1_AutoML_8_20260603_215605_model_3,trend_lag1,0.47448773169191555
1,2,0.3,GBM_grid_1_AutoML_8_20260603_215605_model_3,month_sin,0.1236372580286115
1,2,0.3,GBM_grid_1_AutoML_8_20260603_215605_model_3,month_cos,0.10893998724233821
1,2,0.3,GBM_grid_1_AutoML_8_20260603_215605_model_3,year,0.47955719571560623
1,2,0.3,XRT_1_AutoML_8_20260603_215605,target_lag1,23.525306514501573
1,2,0.3,XRT_1_AutoML_8_20260603_215605,target_lag2,13.89967952311039
1,2,0.3,XRT_1_AutoML_8_20260603_215605,target_lag3,10.23189411520958
1,2,0.3,XRT_1_AutoML_8_20260603_215605,target_lag4,7.598055554218591
1,2,0.3,XRT_1_AutoML_8_20260603_215605,target_lag5,4.991762740574777
1,2,0.3,XRT_1_AutoML_8_20260603_215605,target_lag6,24.35569906514138
1,2,0.3,XRT_1_AutoML_8_20260603_215605,hour_lag1,3.8960282072424888
1,2,0.3,XRT_1_AutoML_8_20260603_215605,day_of_week_lag1,9777.381613337546
1,2,0.3,XRT_1_AutoML_8_20260603_215605,month_lag1,34264.60922541141
1,2,0.3,XRT_1_AutoML_8_20260603_215605,trend_lag1,1.5392148007336073
1,2,0.3,XRT_1_AutoML_8_20260603_215605,month_sin,496157860.69654787
1,2,0.3,XRT_1_AutoML_8_20260603_215605,month_cos,4.369622726887465
1,2,0.3,XRT_1_AutoML_8_20260603_215605,year,3.198938684463501
1,2,0.3,XGBoost_3_AutoML_8_20260603_215605,target_lag1,39.288139700591564
1,2,0.3,XGBoost_3_AutoML_8_20260603_215605,target_lag2,17.218545880317688
1,2,0.3,XGBoost_3_AutoML_8_20260603_215605,target_lag3,2.9401576392911375
1,2,0.3,XGBoost_3_AutoML_8_20260603_215605,target_lag4,0.9791953530721367
1,2,0.3,XGBoost_3_AutoML_8_20260603_215605,target_lag5,3.446934526599944
1,2,0.3,XGBoost_3_AutoML_8_20260603_215605,target_lag6,4.172884725136682
1,2,0.3,XGBoost_3_AutoML_8_20260603_215605,hour_lag1,2.9948632687330248
1,2,0.3,XGBoost_3_AutoML_8_20260603_215605,day_of_week_lag1,0.17662943025352434
1,2,0.3,XGBoost_3_AutoML_8_20260603_215605,month_lag1,0.4291593182273209
1,2,0.3,XGBoost_3_AutoML_8_20260603_215605,trend_lag1,0.5453341899812222
1,2,0.3,XGBoost_3_AutoML_8_20260603_215605,month_sin,0.08836009191349145
1,2,0.3,XGBoost_3_AutoML_8_20260603_215605,month_cos,0.025522088913130528
1,2,0.3,XGBoost_3_AutoML_8_20260603_215605,year,0.20141188825044082
1,2,0.3,XGBoost_2_AutoML_8_20260603_215605,target_lag1,27.359221005439757
1,2,0.3,XGBoost_2_AutoML_8_20260603_215605,target_lag2,21.248396134376527
1,2,0.3,XGBoost_2_AutoML_8_20260603_215605,target_lag3,9.14963609457016
1,2,0.3,XGBoost_2_AutoML_8_20260603_215605,target_lag4,1.2230926733464003
1,2,0.3,XGBoost_2_AutoML_8_20260603_215605,target_lag5,1.5742735637724399
1,2,0.3,XGBoost_2_AutoML_8_20260603_215605,target_lag6,2.898690501898527
1,2,0.3,XGBoost_2_AutoML_8_20260603_215605,hour_lag1,3.3956911581754685
1,2,0.3,XGBoost_2_AutoML_8_20260603_215605,day_of_week_lag1,0.35962558530271055
1,2,0.3,XGBoost_2_AutoML_8_20260603_215605,month_lag1,0.44713078531436623
1,2,0.3,XGBoost_2_AutoML_8_20260603_215605,trend_lag1,0.5453504492668435
1,2,0.3,XGBoost_2_AutoML_8_20260603_215605,month_sin,0.11432891430100423
1,2,0.3,XGBoost_2_AutoML_8_20260603_215605,month_cos,0.1137712125945836
1,2,0.3,XGBoost_2_AutoML_8_20260603_215605,year,0.151107915060129
1,2,0.3,XGBoost_grid_1_AutoML_8_20260603_215605_model_5,target_lag1,36.94010746955872
1,2,0.3,XGBoost_grid_1_AutoML_8_20260603_215605_model_5,target_lag2,18.273613650798797
1,2,0.3,XGBoost_grid_1_AutoML_8_20260603_215605_model_5,target_lag3,4.025204800367355
1,2,0.3,XGBoost_grid_1_AutoML_8_20260603_215605_model_5,target_lag4,2.932411346845329
1,2,0.3,XGBoost_grid_1_AutoML_8_20260603_215605_model_5,target_lag5,4.243798911869526
1,2,0.3,XGBoost_grid_1_AutoML_8_20260603_215605_model_5,target_lag6,4.09025139182806
1,2,0.3,XGBoost_grid_1_AutoML_8_20260603_215605_model_5,hour_lag1,2.9944929268211125
1,2,0.3,XGBoost_grid_1_AutoML_8_20260603_215605_model_5,day_of_week_lag1,0.19046510847052558
1,2,0.3,XGBoost_grid_1_AutoML_8_20260603_215605_model_5,month_lag1,0.24198039719834924
1,2,0.3,XGBoost_grid_1_AutoML_8_20260603_215605_model_5,trend_lag1,0.25363640367984774
1,2,0.3,XGBoost_grid_1_AutoML_8_20260603_215605_model_5,month_sin,0.0027762589673511217
1,2,0.3,XGBoost_grid_1_AutoML_8_20260603_215605_model_5,month_cos,0.01277978953556154
1,2,0.3,XGBoost_grid_1_AutoML_8_20260603_215605_model_5,year,0.048339605515939146
1,2,0.3,XGBoost_grid_1_AutoML_8_20260603_215605_model_1,target_lag1,36.89959413051605
1,2,0.3,XGBoost_grid_1_AutoML_8_20260603_215605_model_1,target_lag2,20.576568059921264
1,2,0.3,XGBoost_grid_1_AutoML_8_20260603_215605_model_1,target_lag3,4.083806775808334
1,2,0.3,XGBoost_grid_1_AutoML_8_20260603_215605_model_1,target_lag4,1.6563418461941182
1,2,0.3,XGBoost_grid_1_AutoML_8_20260603_215605_model_1,target_lag5,2.992488014288247
1,2,0.3,XGBoost_grid_1_AutoML_8_20260603_215605_model_1,target_lag6,5.792282903119922
1,2,0.3,XGBoost_grid_1_AutoML_8_20260603_215605_model_1,hour_lag1,3.1201204657554626
1,2,0.3,XGBoost_grid_1_AutoML_8_20260603_215605_model_1,day_of_week_lag1,0.2324439872428775
1,2,0.3,XGBoost_grid_1_AutoML_8_20260603_215605_model_1,month_lag1,0.20057436969131232
1,2,0.3,XGBoost_grid_1_AutoML_8_20260603_215605_model_1,trend_lag1,0.2490492152608931
1,2,0.3,XGBoost_grid_1_AutoML_8_20260603_215605_model_1,month_sin,0.0405653198808431
1,2,0.3,XGBoost_grid_1_AutoML_8_20260603_215605_model_1,month_cos,0.0015334712155163173
1,2,0.3,XGBoost_grid_1_AutoML_8_20260603_215605_model_1,year,0.06422270931303498
1,2,0.3,XGBoost_1_AutoML_8_20260603_215605,target_lag1,52.95333065032959
1,2,0.3,XGBoost_1_AutoML_8_20260603_215605,target_lag2,3.3378794950246813
1,2,0.3,XGBoost_1_AutoML_8_20260603_215605,target_lag3,1.2329548412375153
1,2,0.3,XGBoost_1_AutoML_8_20260603_215605,target_lag4,0.6745936444029212
1,2,0.3,XGBoost_1_AutoML_8_20260603_215605,target_lag5,1.4777387336548418
1,2,0.3,XGBoost_1_AutoML_8_20260603_215605,target_lag6,4.353473523035645
1,2,0.3,XGBoost_1_AutoML_8_20260603_215605,hour_lag1,3.0969966050982474
1,2,0.3,XGBoost_1_AutoML_8_20260603_215605,day_of_week_lag1,0.34935470515862105
1,2,0.3,XGBoost_1_AutoML_8_20260603_215605,month_lag1,0.41038210280239584
1,2,0.3,XGBoost_1_AutoML_8_20260603_215605,trend_lag1,0.64861024716869
1,2,0.3,XGBoost_1_AutoML_8_20260603_215605,month_sin,0.12551891067530957
1,2,0.3,XGBoost_1_AutoML_8_20260603_215605,month_cos,0.22578830135753375
1,2,0.3,XGBoost_1_AutoML_8_20260603_215605,year,0.24233658847399056
1,2,0.3,XGBoost_grid_1_AutoML_8_20260603_215605_model_3,target_lag1,39.14461683750152
1,2,0.3,XGBoost_grid_1_AutoML_8_20260603_215605_model_3,target_lag2,9.731856068372727
1,2,0.3,XGBoost_grid_1_AutoML_8_20260603_215605_model_3,target_lag3,4.68450710773468
1,2,0.3,XGBoost_grid_1_AutoML_8_20260603_215605_model_3,target_lag4,5.6836151695251464
1,2,0.3,XGBoost_grid_1_AutoML_8_20260603_215605_model_3,target_lag5,5.3414487564563755
1,2,0.3,XGBoost_grid_1_AutoML_8_20260603_215605_model_3,target_lag6,3.435472150556743
1,2,0.3,XGBoost_grid_1_AutoML_8_20260603_215605_model_3,hour_lag1,3.630898461639881
1,2,0.3,XGBoost_grid_1_AutoML_8_20260603_215605_model_3,day_of_week_lag1,0.20034184290096163
1,2,0.3,XGBoost_grid_1_AutoML_8_20260603_215605_model_3,month_lag1,0.6944010528922081
1,2,0.3,XGBoost_grid_1_AutoML_8_20260603_215605_model_3,trend_lag1,0.389030464142561
1,2,0.3,XGBoost_grid_1_AutoML_8_20260603_215605_model_3,month_sin,0.0
1,2,0.3,XGBoost_grid_1_AutoML_8_20260603_215605_model_3,month_cos,0.15847361881285907
1,2,0.3,XGBoost_grid_1_AutoML_8_20260603_215605_model_3,year,0.11947764644399282
1,2,0.3,XGBoost_grid_1_AutoML_8_20260603_215605_model_2,target_lag1,48.71950969696045
1,2,0.3,XGBoost_grid_1_AutoML_8_20260603_215605_model_2,target_lag2,8.21537773925811
1,2,0.3,XGBoost_grid_1_AutoML_8_20260603_215605_model_2,target_lag3,1.8881556290388106
1,2,0.3,XGBoost_grid_1_AutoML_8_20260603_215605_model_2,target_lag4,0.7207386033982038
1,2,0.3,XGBoost_grid_1_AutoML_8_20260603_215605_model_2,target_lag5,1.1077516203804407
1,2,0.3,XGBoost_grid_1_AutoML_8_20260603_215605_model_2,target_lag6,3.2651459134370087
1,2,0.3,XGBoost_grid_1_AutoML_8_20260603_215605_model_2,hour_lag1,2.886885478273034
1,2,0.3,XGBoost_grid_1_AutoML_8_20260603_215605_model_2,day_of_week_lag1,0.3901978693227284
1,2,0.3,XGBoost_grid_1_AutoML_8_20260603_215605_model_2,month_lag1,0.3993874912708998
1,2,0.3,XGBoost_grid_1_AutoML_8_20260603_215605_model_2,trend_lag1,0.7677192435599863
1,2,0.3,XGBoost_grid_1_AutoML_8_20260603_215605_model_2,month_sin,0.18598090482875704
1,2,0.3,XGBoost_grid_1_AutoML_8_20260603_215605_model_2,month_cos,0.16043314356653351
1,2,0.3,XGBoost_grid_1_AutoML_8_20260603_215605_model_2,year,0.1888629547972232
1,2,0.3,GLM_1_AutoML_8_20260603_215605,target_lag1,40.71259883809159
1,2,0.3,GLM_1_AutoML_8_20260603_215605,target_lag2,13.830077931141107
1,2,0.3,GLM_1_AutoML_8_20260603_215605,target_lag3,4.635879384433235
1,2,0.3,GLM_1_AutoML_8_20260603_215605,target_lag4,0.8877163542980768
1,2,0.3,GLM_1_AutoML_8_20260603_215605,target_lag5,0.8664492353670694
1,2,0.3,GLM_1_AutoML_8_20260603_215605,target_lag6,2.166162392949523
1,2,0.3,GLM_1_AutoML_8_20260603_215605,hour_lag1,0.055828367375620004
1,2,0.3,GLM_1_AutoML_8_20260603_215605,day_of_week_lag1,0.05804304849741934
1,2,0.3,GLM_1_AutoML_8_20260603_215605,month_lag1,0.008380175307186892
1,2,0.3,GLM_1_AutoML_8_20260603_215605,trend_lag1,0.14707006390086233
1,2,0.3,GLM_1_AutoML_8_20260603_215605,month_sin,0.01128507413343669
1,2,0.3,GLM_1_AutoML_8_20260603_215605,month_cos,0.003555964844296548
1,2,0.3,GLM_1_AutoML_8_20260603_215605,year,0.18464048100861574
1,2,0.3,XGBoost_grid_1_AutoML_8_20260603_215605_model_6,target_lag1,43.12930801391602
1,2,0.3,XGBoost_grid_1_AutoML_8_20260603_215605_model_6,target_lag2,8.410920392274857
1,2,0.3,XGBoost_grid_1_AutoML_8_20260603_215605_model_6,target_lag3,5.5766688032448295
1,2,0.3,XGBoost_grid_1_AutoML_8_20260603_215605_model_6,target_lag4,1.8545532377436758
1,2,0.3,XGBoost_grid_1_AutoML_8_20260603_215605_model_6,target_lag5,1.9292735128477216
1,2,0.3,XGBoost_grid_1_AutoML_8_20260603_215605_model_6,target_lag6,3.710253779888153
1,2,0.3,XGBoost_grid_1_AutoML_8_20260603_215605_model_6,hour_lag1,3.213889276981354
1,2,0.3,XGBoost_grid_1_AutoML_8_20260603_215605_model_6,day_of_week_lag1,0.40275172060821207
1,2,0.3,XGBoost_grid_1_AutoML_8_20260603_215605_model_6,month_lag1,0.3543531759083271
1,2,0.3,XGBoost_grid_1_AutoML_8_20260603_215605_model_6,trend_lag1,1.3668510950449855
1,2,0.3,XGBoost_grid_1_AutoML_8_20260603_215605_model_6,month_sin,0.2687887227907777
1,2,0.3,XGBoost_grid_1_AutoML_8_20260603_215605_model_6,month_cos,0.23483930122107266
1,2,0.3,XGBoost_grid_1_AutoML_8_20260603_215605_model_6,year,0.23908481579739602
2,2,0.02,GBM_1_AutoML_9_20260603_222549,target_lag1,37.73379852294922
2,2,0.02,GBM_1_AutoML_9_20260603_222549,target_lag2,16.54606271415949
2,2,0.02,GBM_1_AutoML_9_20260603_222549,target_lag3,5.3441409510374065
2,2,0.02,GBM_1_AutoML_9_20260603_222549,target_lag4,0.4182049786299467
2,2,0.02,GBM_1_AutoML_9_20260603_222549,target_lag5,0.40197249840479343
2,2,0.02,GBM_1_AutoML_9_20260603_222549,target_lag6,2.67645020917058
2,2,0.02,GBM_1_AutoML_9_20260603_222549,hour_lag1,3.2225898703560234
2,2,0.02,GBM_1_AutoML_9_20260603_222549,day_of_week_lag1,0.3377838984143455
2,2,0.02,GBM_1_AutoML_9_20260603_222549,month_lag1,0.2810235831793398
2,2,0.02,GBM_1_AutoML_9_20260603_222549,trend_lag1,0.30179636377841235
2,2,0.02,GBM_1_AutoML_9_20260603_222549,month_sin,0.11933249045163391
2,2,0.02,GBM_1_AutoML_9_20260603_222549,month_cos,0.10091522285132665
2,2,0.02,GBM_1_AutoML_9_20260603_222549,year,0.12479064422252119
2,2,0.02,GBM_4_AutoML_9_20260603_222549,target_lag1,31.168438385725022
2,2,0.02,GBM_4_AutoML_9_20260603_222549,target_lag2,15.576576204299927
2,2,0.02,GBM_4_AutoML_9_20260603_222549,target_lag3,7.734444080367684
2,2,0.02,GBM_4_AutoML_9_20260603_222549,target_lag4,2.985841755270958
2,2,0.02,GBM_4_AutoML_9_20260603_222549,target_lag5,1.240701056420803
2,2,0.02,GBM_4_AutoML_9_20260603_222549,target_lag6,5.23854178622365
2,2,0.02,GBM_4_AutoML_9_20260603_222549,hour_lag1,3.3056867311149833
2,2,0.02,GBM_4_AutoML_9_20260603_222549,day_of_week_lag1,0.33349832680076363
2,2,0.02,GBM_4_AutoML_9_20260603_222549,month_lag1,0.2808207791368477
2,2,0.02,GBM_4_AutoML_9_20260603_222549,trend_lag1,0.3374734066799283
2,2,0.02,GBM_4_AutoML_9_20260603_222549,month_sin,0.07492976647801694
2,2,0.02,GBM_4_AutoML_9_20260603_222549,month_cos,0.10152091993484642
2,2,0.02,GBM_4_AutoML_9_20260603_222549,year,0.16213918255642054
2,2,0.02,GBM_3_AutoML_9_20260603_222549,target_lag1,44.16054040431976
2,2,0.02,GBM_3_AutoML_9_20260603_222549,target_lag2,6.858953235149383
2,2,0.02,GBM_3_AutoML_9_20260603_222549,target_lag3,4.212713770978152
2,2,0.02,GBM_3_AutoML_9_20260603_222549,target_lag4,0.48420248057693244
2,2,0.02,GBM_3_AutoML_9_20260603_222549,target_lag5,0.9476922945305705
2,2,0.02,GBM_3_AutoML_9_20260603_222549,target_lag6,6.330638131424784
2,2,0.02,GBM_3_AutoML_9_20260603_222549,hour_lag1,3.2590148663520813
2,2,0.02,GBM_3_AutoML_9_20260603_222549,day_of_week_lag1,0.2904539642855525
2,2,0.02,GBM_3_AutoML_9_20260603_222549,month_lag1,0.25422448985278606
2,2,0.02,GBM_3_AutoML_9_20260603_222549,trend_lag1,0.34154070978984236
2,2,0.02,GBM_3_AutoML_9_20260603_222549,month_sin,0.07682849997188892
2,2,0.02,GBM_3_AutoML_9_20260603_222549,month_cos,0.05019146293052468
2,2,0.02,GBM_3_AutoML_9_20260603_222549,year,0.12580337923602197
2,2,0.05,GBM_1_AutoML_9_20260603_222549,target_lag1,37.73379852294922
2,2,0.05,GBM_1_AutoML_9_20260603_222549,target_lag2,16.54606271415949
2,2,0.05,GBM_1_AutoML_9_20260603_222549,target_lag3,5.3441409510374065
2,2,0.05,GBM_1_AutoML_9_20260603_222549,target_lag4,0.4182049786299467
2,2,0.05,GBM_1_AutoML_9_20260603_222549,target_lag5,0.40197249840479343
2,2,0.05,GBM_1_AutoML_9_20260603_222549,target_lag6,2.67645020917058
2,2,0.05,GBM_1_AutoML_9_20260603_222549,hour_lag1,3.2225898703560234
2,2,0.05,GBM_1_AutoML_9_20260603_222549,day_of_week_lag1,0.3377838984143455
2,2,0.05,GBM_1_AutoML_9_20260603_222549,month_lag1,0.2810235831793398
2,2,0.05,GBM_1_AutoML_9_20260603_222549,trend_lag1,0.30179636377841235
2,2,0.05,GBM_1_AutoML_9_20260603_222549,month_sin,0.11933249045163391
2,2,0.05,GBM_1_AutoML_9_20260603_222549,month_cos,0.10091522285132665
2,2,0.05,GBM_1_AutoML_9_20260603_222549,year,0.12479064422252119
2,2,0.05,GBM_4_AutoML_9_20260603_222549,target_lag1,31.168438385725022
2,2,0.05,GBM_4_AutoML_9_20260603_222549,target_lag2,15.576576204299927
2,2,0.05,GBM_4_AutoML_9_20260603_222549,target_lag3,7.734444080367684
2,2,0.05,GBM_4_AutoML_9_20260603_222549,target_lag4,2.985841755270958
2,2,0.05,GBM_4_AutoML_9_20260603_222549,target_lag5,1.240701056420803
2,2,0.05,GBM_4_AutoML_9_20260603_222549,target_lag6,5.23854178622365
2,2,0.05,GBM_4_AutoML_9_20260603_222549,hour_lag1,3.3056867311149833
2,2,0.05,GBM_4_AutoML_9_20260603_222549,day_of_week_lag1,0.33349832680076363
2,2,0.05,GBM_4_AutoML_9_20260603_222549,month_lag1,0.2808207791368477
2,2,0.05,GBM_4_AutoML_9_20260603_222549,trend_lag1,0.3374734066799283
2,2,0.05,GBM_4_AutoML_9_20260603_222549,month_sin,0.07492976647801694
2,2,0.05,GBM_4_AutoML_9_20260603_222549,month_cos,0.10152091993484642
2,2,0.05,GBM_4_AutoML_9_20260603_222549,year,0.16213918255642054
2,2,0.05,GBM_3_AutoML_9_20260603_222549,target_lag1,44.16054040431976
2,2,0.05,GBM_3_AutoML_9_20260603_222549,target_lag2,6.858953235149383
2,2,0.05,GBM_3_AutoML_9_20260603_222549,target_lag3,4.212713770978152
2,2,0.05,GBM_3_AutoML_9_20260603_222549,target_lag4,0.48420248057693244
2,2,0.05,GBM_3_AutoML_9_20260603_222549,target_lag5,0.9476922945305705
2,2,0.05,GBM_3_AutoML_9_20260603_222549,target_lag6,6.330638131424784
2,2,0.05,GBM_3_AutoML_9_20260603_222549,hour_lag1,3.2590148663520813
2,2,0.05,GBM_3_AutoML_9_20260603_222549,day_of_week_lag1,0.2904539642855525
2,2,0.05,GBM_3_AutoML_9_20260603_222549,month_lag1,0.25422448985278606
2,2,0.05,GBM_3_AutoML_9_20260603_222549,trend_lag1,0.34154070978984236
2,2,0.05,GBM_3_AutoML_9_20260603_222549,month_sin,0.07682849997188892
2,2,0.05,GBM_3_AutoML_9_20260603_222549,month_cos,0.05019146293052468
2,2,0.05,GBM_3_AutoML_9_20260603_222549,year,0.12580337923602197
2,2,0.05,GBM_2_AutoML_9_20260603_222549,target_lag1,37.31481111228466
2,2,0.05,GBM_2_AutoML_9_20260603_222549,target_lag2,10.646482167243958
2,2,0.05,GBM_2_AutoML_9_20260603_222549,target_lag3,7.820004380941391
2,2,0.05,GBM_2_AutoML_9_20260603_222549,target_lag4,1.228503170311451
2,2,0.05,GBM_2_AutoML_9_20260603_222549,target_lag5,0.8811395227909088
2,2,0.05,GBM_2_AutoML_9_20260603_222549,target_lag6,6.090300246477127
2,2,0.05,GBM_2_AutoML_9_20260603_222549,hour_lag1,3.136553992778063
2,2,0.05,GBM_2_AutoML_9_20260603_222549,day_of_week_lag1,0.2582833033055067
2,2,0.05,GBM_2_AutoML_9_20260603_222549,month_lag1,0.3461237351875752
2,2,0.05,GBM_2_AutoML_9_20260603_222549,trend_lag1,0.1915645069442689
2,2,0.05,GBM_2_AutoML_9_20260603_222549,month_sin,0.03915256193315141
2,2,0.05,GBM_2_AutoML_9_20260603_222549,month_cos,0.04025626265909518
2,2,0.05,GBM_2_AutoML_9_20260603_222549,year,0.07823728276416655
2,2,0.05,XGBoost_grid_1_AutoML_9_20260603_222549_model_4,target_lag1,37.913977583646776
2,2,0.05,XGBoost_grid_1_AutoML_9_20260603_222549_model_4,target_lag2,14.91567640900612
2,2,0.05,XGBoost_grid_1_AutoML_9_20260603_222549_model_4,target_lag3,5.585413552224636
2,2,0.05,XGBoost_grid_1_AutoML_9_20260603_222549_model_4,target_lag4,1.2514254008699208
2,2,0.05,XGBoost_grid_1_AutoML_9_20260603_222549_model_4,target_lag5,1.639533482445404
2,2,0.05,XGBoost_grid_1_AutoML_9_20260603_222549_model_4,target_lag6,7.27510155916214
2,2,0.05,XGBoost_grid_1_AutoML_9_20260603_222549_model_4,hour_lag1,3.6518354273959996
2,2,0.05,XGBoost_grid_1_AutoML_9_20260603_222549_model_4,day_of_week_lag1,0.38354990547522905
2,2,0.05,XGBoost_grid_1_AutoML_9_20260603_222549_model_4,month_lag1,0.3322353626415133
2,2,0.05,XGBoost_grid_1_AutoML_9_20260603_222549_model_4,trend_lag1,0.5181595407583518
2,2,0.05,XGBoost_grid_1_AutoML_9_20260603_222549_model_4,month_sin,0.06532405989244577
2,2,0.05,XGBoost_grid_1_AutoML_9_20260603_222549_model_4,month_cos,0.06612278389511626
2,2,0.05,XGBoost_grid_1_AutoML_9_20260603_222549_model_4,year,0.11876977417385202
2,2,0.05,GBM_grid_1_AutoML_9_20260603_222549_model_2,target_lag1,24.36379514873028
2,2,0.05,GBM_grid_1_AutoML_9_20260603_222549_model_2,target_lag2,14.91178527355194
2,2,0.05,GBM_grid_1_AutoML_9_20260603_222549_model_2,target_lag3,11.851781792640686
2,2,0.05,GBM_grid_1_AutoML_9_20260603_222549_model_2,target_lag4,3.0420069260150195
2,2,0.05,GBM_grid_1_AutoML_9_20260603_222549_model_2,target_lag5,4.8158509622514245
2,2,0.05,GBM_grid_1_AutoML_9_20260603_222549_model_2,target_lag6,3.0165487164631486
2,2,0.05,GBM_grid_1_AutoML_9_20260603_222549_model_2,hour_lag1,3.3311741016060115
2,2,0.05,GBM_grid_1_AutoML_9_20260603_222549_model_2,day_of_week_lag1,0.36468027349561455
2,2,0.05,GBM_grid_1_AutoML_9_20260603_222549_model_2,month_lag1,0.28152865878306327
2,2,0.05,GBM_grid_1_AutoML_9_20260603_222549_model_2,trend_lag1,0.5273217909876258
2,2,0.05,GBM_grid_1_AutoML_9_20260603_222549_model_2,month_sin,0.11219274145318192
2,2,0.05,GBM_grid_1_AutoML_9_20260603_222549_model_2,month_cos,0.13446421314903997
2,2,0.05,GBM_grid_1_AutoML_9_20260603_222549_model_2,year,0.20577087483368814
2,2,0.05,GBM_5_AutoML_9_20260603_222549,target_lag1,38.301105413436886
2,2,0.05,GBM_5_AutoML_9_20260603_222549,target_lag2,14.302330649495126
2,2,0.05,GBM_5_AutoML_9_20260603_222549,target_lag3,1.8910010904073715
2,2,0.05,GBM_5_AutoML_9_20260603_222549,target_lag4,2.2707602912187577
2,2,0.05,GBM_5_AutoML_9_20260603_222549,target_lag5,1.9479202660359443
2,2,0.05,GBM_5_AutoML_9_20260603_222549,target_lag6,4.347775938101113
2,2,0.05,GBM_5_AutoML_9_20260603_222549,hour_lag1,3.1020868844911456
2,2,0.05,GBM_5_AutoML_9_20260603_222549,day_of_week_lag1,0.21177632833831012
2,2,0.05,GBM_5_AutoML_9_20260603_222549,month_lag1,0.2747980350628495
2,2,0.05,GBM_5_AutoML_9_20260603_222549,trend_lag1,0.45431306064128874
2,2,0.05,GBM_5_AutoML_9_20260603_222549,month_sin,0.06849291676655409
2,2,0.05,GBM_5_AutoML_9_20260603_222549,month_cos,0.02927615002205126
2,2,0.05,GBM_5_AutoML_9_20260603_222549,year,0.14381735931674483
2,2,0.05,XGBoost_2_AutoML_9_20260603_222549,target_lag1,24.535962421894073
2,2,0.05,XGBoost_2_AutoML_9_20260603_222549,target_lag2,27.45184744358063
2,2,0.05,XGBoost_2_AutoML_9_20260603_222549,target_lag3,6.2713906472921375
2,2,0.05,XGBoost_2_AutoML_9_20260603_222549,target_lag4,1.491228029001504
2,2,0.05,XGBoost_2_AutoML_9_20260603_222549,target_lag5,1.0499497016519308
2,2,0.05,XGBoost_2_AutoML_9_20260603_222549,target_lag6,6.033050345703959
2,2,0.05,XGBoost_2_AutoML_9_20260603_222549,hour_lag1,3.6327986569702624
2,2,0.05,XGBoost_2_AutoML_9_20260603_222549,day_of_week_lag1,0.37098359044641255
2,2,0.05,XGBoost_2_AutoML_9_20260603_222549,month_lag1,0.41222013370133936
2,2,0.05,XGBoost_2_AutoML_9_20260603_222549,trend_lag1,0.4372597860172391
2,2,0.05,XGBoost_2_AutoML_9_20260603_222549,month_sin,0.10223840922466476
2,2,0.05,XGBoost_2_AutoML_9_20260603_222549,month_cos,0.12805775034241373
2,2,0.05,XGBoost_2_AutoML_9_20260603_222549,year,0.18388382650911808
2,2,0.05,GBM_grid_1_AutoML_9_20260603_222549_model_3,target_lag1,18.527037441134453
2,2,0.05,GBM_grid_1_AutoML_9_20260603_222549_model_3,target_lag2,12.35789648860693
2,2,0.05,GBM_grid_1_AutoML_9_20260603_222549_model_3,target_lag3,13.235728267133236
2,2,0.05,GBM_grid_1_AutoML_9_20260603_222549_model_3,target_lag4,4.574336856603622
2,2,0.05,GBM_grid_1_AutoML_9_20260603_222549_model_3,target_lag5,6.77656515404582
2,2,0.05,GBM_grid_1_AutoML_9_20260603_222549_model_3,target_lag6,5.125198312848807
2,2,0.05,GBM_grid_1_AutoML_9_20260603_222549_model_3,hour_lag1,3.460182213559747
2,2,0.05,GBM_grid_1_AutoML_9_20260603_222549_model_3,day_of_week_lag1,0.49348078734241424
2,2,0.05,GBM_grid_1_AutoML_9_20260603_222549_model_3,month_lag1,0.22826772746862845
2,2,0.05,GBM_grid_1_AutoML_9_20260603_222549_model_3,trend_lag1,0.8912596151977777
2,2,0.05,GBM_grid_1_AutoML_9_20260603_222549_model_3,month_sin,0.14672078935043822
2,2,0.05,GBM_grid_1_AutoML_9_20260603_222549_model_3,month_cos,0.13414407648990162
2,2,0.05,GBM_grid_1_AutoML_9_20260603_222549_model_3,year,0.32989918638020754
2,2,0.05,DRF_1_AutoML_9_20260603_222549,target_lag1,24.1438151589036
2,2,0.05,DRF_1_AutoML_9_20260603_222549,target_lag2,11.680906362831593
2,2,0.05,DRF_1_AutoML_9_20260603_222549,target_lag3,9.328658566474914
2,2,0.05,DRF_1_AutoML_9_20260603_222549,target_lag4,7.616309341788292
2,2,0.05,DRF_1_AutoML_9_20260603_222549,target_lag5,4.797443899512291
2,2,0.05,DRF_1_AutoML_9_20260603_222549,target_lag6,3.618325438313186
2,2,0.05,DRF_1_AutoML_9_20260603_222549,hour_lag1,2.376131928563118
2,2,0.05,DRF_1_AutoML_9_20260603_222549,day_of_week_lag1,0.2055489145964384
2,2,0.05,DRF_1_AutoML_9_20260603_222549,month_lag1,0.14631054334342478
2,2,0.05,DRF_1_AutoML_9_20260603_222549,trend_lag1,0.9919321465492249
2,2,0.05,DRF_1_AutoML_9_20260603_222549,month_sin,0.08992806977592405
2,2,0.05,DRF_1_AutoML_9_20260603_222549,month_cos,0.06775727147934953
2,2,0.05,DRF_1_AutoML_9_20260603_222549,year,0.23970515809953213
2,2,0.05,GBM_grid_1_AutoML_9_20260603_222549_model_1,target_lag1,19.097686074078084
2,2,0.05,GBM_grid_1_AutoML_9_20260603_222549_model_1,target_lag2,15.936469986438752
2,2,0.05,GBM_grid_1_AutoML_9_20260603_222549_model_1,target_lag3,3.80592908680439
2,2,0.05,GBM_grid_1_AutoML_9_20260603_222549_model_1,target_lag4,11.659726707199589
2,2,0.05,GBM_grid_1_AutoML_9_20260603_222549_model_1,target_lag5,7.140302008390426
2,2,0.05,GBM_grid_1_AutoML_9_20260603_222549_model_1,target_lag6,3.5992066652327774
2,2,0.05,GBM_grid_1_AutoML_9_20260603_222549_model_1,hour_lag1,3.2077037152275443
2,2,0.05,GBM_grid_1_AutoML_9_20260603_222549_model_1,day_of_week_lag1,0.32622016101609913
2,2,0.05,GBM_grid_1_AutoML_9_20260603_222549_model_1,month_lag1,0.500154321109876
2,2,0.05,GBM_grid_1_AutoML_9_20260603_222549_model_1,trend_lag1,0.5919101483235135
2,2,0.05,GBM_grid_1_AutoML_9_20260603_222549_model_1,month_sin,0.10751764353830363
2,2,0.05,GBM_grid_1_AutoML_9_20260603_222549_model_1,month_cos,0.08661391406087202
2,2,0.05,GBM_grid_1_AutoML_9_20260603_222549_model_1,year,0.26275289643555877
2,2,0.1,GBM_1_AutoML_9_20260603_222549,target_lag1,37.73379852294922
2,2,0.1,GBM_1_AutoML_9_20260603_222549,target_lag2,16.54606271415949
2,2,0.1,GBM_1_AutoML_9_20260603_222549,target_lag3,5.3441409510374065
2,2,0.1,GBM_1_AutoML_9_20260603_222549,target_lag4,0.4182049786299467
2,2,0.1,GBM_1_AutoML_9_20260603_222549,target_lag5,0.40197249840479343
2,2,0.1,GBM_1_AutoML_9_20260603_222549,target_lag6,2.67645020917058
2,2,0.1,GBM_1_AutoML_9_20260603_222549,hour_lag1,3.2225898703560234
2,2,0.1,GBM_1_AutoML_9_20260603_222549,day_of_week_lag1,0.3377838984143455
2,2,0.1,GBM_1_AutoML_9_20260603_222549,month_lag1,0.2810235831793398
2,2,0.1,GBM_1_AutoML_9_20260603_222549,trend_lag1,0.30179636377841235
2,2,0.1,GBM_1_AutoML_9_20260603_222549,month_sin,0.11933249045163391
2,2,0.1,GBM_1_AutoML_9_20260603_222549,month_cos,0.10091522285132665
2,2,0.1,GBM_1_AutoML_9_20260603_222549,year,0.12479064422252119
2,2,0.1,GBM_4_AutoML_9_20260603_222549,target_lag1,31.168438385725022
2,2,0.1,GBM_4_AutoML_9_20260603_222549,target_lag2,15.576576204299927
2,2,0.1,GBM_4_AutoML_9_20260603_222549,target_lag3,7.734444080367684
2,2,0.1,GBM_4_AutoML_9_20260603_222549,target_lag4,2.985841755270958
2,2,0.1,GBM_4_AutoML_9_20260603_222549,target_lag5,1.240701056420803
2,2,0.1,GBM_4_AutoML_9_20260603_222549,target_lag6,5.23854178622365
2,2,0.1,GBM_4_AutoML_9_20260603_222549,hour_lag1,3.3056867311149833
2,2,0.1,GBM_4_AutoML_9_20260603_222549,day_of_week_lag1,0.33349832680076363
2,2,0.1,GBM_4_AutoML_9_20260603_222549,month_lag1,0.2808207791368477
2,2,0.1,GBM_4_AutoML_9_20260603_222549,trend_lag1,0.3374734066799283
2,2,0.1,GBM_4_AutoML_9_20260603_222549,month_sin,0.07492976647801694
2,2,0.1,GBM_4_AutoML_9_20260603_222549,month_cos,0.10152091993484642
2,2,0.1,GBM_4_AutoML_9_20260603_222549,year,0.16213918255642054
2,2,0.1,GBM_3_AutoML_9_20260603_222549,target_lag1,44.16054040431976
2,2,0.1,GBM_3_AutoML_9_20260603_222549,target_lag2,6.858953235149383
2,2,0.1,GBM_3_AutoML_9_20260603_222549,target_lag3,4.212713770978152
2,2,0.1,GBM_3_AutoML_9_20260603_222549,target_lag4,0.48420248057693244
2,2,0.1,GBM_3_AutoML_9_20260603_222549,target_lag5,0.9476922945305705
2,2,0.1,GBM_3_AutoML_9_20260603_222549,target_lag6,6.330638131424784
2,2,0.1,GBM_3_AutoML_9_20260603_222549,hour_lag1,3.2590148663520813
2,2,0.1,GBM_3_AutoML_9_20260603_222549,day_of_week_lag1,0.2904539642855525
2,2,0.1,GBM_3_AutoML_9_20260603_222549,month_lag1,0.25422448985278606
2,2,0.1,GBM_3_AutoML_9_20260603_222549,trend_lag1,0.34154070978984236
2,2,0.1,GBM_3_AutoML_9_20260603_222549,month_sin,0.07682849997188892
2,2,0.1,GBM_3_AutoML_9_20260603_222549,month_cos,0.05019146293052468
2,2,0.1,GBM_3_AutoML_9_20260603_222549,year,0.12580337923602197
2,2,0.1,GBM_2_AutoML_9_20260603_222549,target_lag1,37.31481111228466
2,2,0.1,GBM_2_AutoML_9_20260603_222549,target_lag2,10.646482167243958
2,2,0.1,GBM_2_AutoML_9_20260603_222549,target_lag3,7.820004380941391
2,2,0.1,GBM_2_AutoML_9_20260603_222549,target_lag4,1.228503170311451
2,2,0.1,GBM_2_AutoML_9_20260603_222549,target_lag5,0.8811395227909088
2,2,0.1,GBM_2_AutoML_9_20260603_222549,target_lag6,6.090300246477127
2,2,0.1,GBM_2_AutoML_9_20260603_222549,hour_lag1,3.136553992778063
2,2,0.1,GBM_2_AutoML_9_20260603_222549,day_of_week_lag1,0.2582833033055067
2,2,0.1,GBM_2_AutoML_9_20260603_222549,month_lag1,0.3461237351875752
2,2,0.1,GBM_2_AutoML_9_20260603_222549,trend_lag1,0.1915645069442689
2,2,0.1,GBM_2_AutoML_9_20260603_222549,month_sin,0.03915256193315141
2,2,0.1,GBM_2_AutoML_9_20260603_222549,month_cos,0.04025626265909518
2,2,0.1,GBM_2_AutoML_9_20260603_222549,year,0.07823728276416655
2,2,0.1,XGBoost_grid_1_AutoML_9_20260603_222549_model_4,target_lag1,37.913977583646776
2,2,0.1,XGBoost_grid_1_AutoML_9_20260603_222549_model_4,target_lag2,14.91567640900612
2,2,0.1,XGBoost_grid_1_AutoML_9_20260603_222549_model_4,target_lag3,5.585413552224636
2,2,0.1,XGBoost_grid_1_AutoML_9_20260603_222549_model_4,target_lag4,1.2514254008699208
2,2,0.1,XGBoost_grid_1_AutoML_9_20260603_222549_model_4,target_lag5,1.639533482445404
2,2,0.1,XGBoost_grid_1_AutoML_9_20260603_222549_model_4,target_lag6,7.27510155916214
2,2,0.1,XGBoost_grid_1_AutoML_9_20260603_222549_model_4,hour_lag1,3.6518354273959996
2,2,0.1,XGBoost_grid_1_AutoML_9_20260603_222549_model_4,day_of_week_lag1,0.38354990547522905
2,2,0.1,XGBoost_grid_1_AutoML_9_20260603_222549_model_4,month_lag1,0.3322353626415133
2,2,0.1,XGBoost_grid_1_AutoML_9_20260603_222549_model_4,trend_lag1,0.5181595407583518
2,2,0.1,XGBoost_grid_1_AutoML_9_20260603_222549_model_4,month_sin,0.06532405989244577
2,2,0.1,XGBoost_grid_1_AutoML_9_20260603_222549_model_4,month_cos,0.06612278389511626
2,2,0.1,XGBoost_grid_1_AutoML_9_20260603_222549_model_4,year,0.11876977417385202
2,2,0.1,GBM_grid_1_AutoML_9_20260603_222549_model_2,target_lag1,24.36379514873028
2,2,0.1,GBM_grid_1_AutoML_9_20260603_222549_model_2,target_lag2,14.91178527355194
2,2,0.1,GBM_grid_1_AutoML_9_20260603_222549_model_2,target_lag3,11.851781792640686
2,2,0.1,GBM_grid_1_AutoML_9_20260603_222549_model_2,target_lag4,3.0420069260150195
2,2,0.1,GBM_grid_1_AutoML_9_20260603_222549_model_2,target_lag5,4.8158509622514245
2,2,0.1,GBM_grid_1_AutoML_9_20260603_222549_model_2,target_lag6,3.0165487164631486
2,2,0.1,GBM_grid_1_AutoML_9_20260603_222549_model_2,hour_lag1,3.3311741016060115
2,2,0.1,GBM_grid_1_AutoML_9_20260603_222549_model_2,day_of_week_lag1,0.36468027349561455
2,2,0.1,GBM_grid_1_AutoML_9_20260603_222549_model_2,month_lag1,0.28152865878306327
2,2,0.1,GBM_grid_1_AutoML_9_20260603_222549_model_2,trend_lag1,0.5273217909876258
2,2,0.1,GBM_grid_1_AutoML_9_20260603_222549_model_2,month_sin,0.11219274145318192
2,2,0.1,GBM_grid_1_AutoML_9_20260603_222549_model_2,month_cos,0.13446421314903997
2,2,0.1,GBM_grid_1_AutoML_9_20260603_222549_model_2,year,0.20577087483368814
2,2,0.1,GBM_5_AutoML_9_20260603_222549,target_lag1,38.301105413436886
2,2,0.1,GBM_5_AutoML_9_20260603_222549,target_lag2,14.302330649495126
2,2,0.1,GBM_5_AutoML_9_20260603_222549,target_lag3,1.8910010904073715
2,2,0.1,GBM_5_AutoML_9_20260603_222549,target_lag4,2.2707602912187577
2,2,0.1,GBM_5_AutoML_9_20260603_222549,target_lag5,1.9479202660359443
2,2,0.1,GBM_5_AutoML_9_20260603_222549,target_lag6,4.347775938101113
2,2,0.1,GBM_5_AutoML_9_20260603_222549,hour_lag1,3.1020868844911456
2,2,0.1,GBM_5_AutoML_9_20260603_222549,day_of_week_lag1,0.21177632833831012
2,2,0.1,GBM_5_AutoML_9_20260603_222549,month_lag1,0.2747980350628495
2,2,0.1,GBM_5_AutoML_9_20260603_222549,trend_lag1,0.45431306064128874
2,2,0.1,GBM_5_AutoML_9_20260603_222549,month_sin,0.06849291676655409
2,2,0.1,GBM_5_AutoML_9_20260603_222549,month_cos,0.02927615002205126
2,2,0.1,GBM_5_AutoML_9_20260603_222549,year,0.14381735931674483
2,2,0.1,XGBoost_2_AutoML_9_20260603_222549,target_lag1,24.535962421894073
2,2,0.1,XGBoost_2_AutoML_9_20260603_222549,target_lag2,27.45184744358063
2,2,0.1,XGBoost_2_AutoML_9_20260603_222549,target_lag3,6.2713906472921375
2,2,0.1,XGBoost_2_AutoML_9_20260603_222549,target_lag4,1.491228029001504
2,2,0.1,XGBoost_2_AutoML_9_20260603_222549,target_lag5,1.0499497016519308
2,2,0.1,XGBoost_2_AutoML_9_20260603_222549,target_lag6,6.033050345703959
2,2,0.1,XGBoost_2_AutoML_9_20260603_222549,hour_lag1,3.6327986569702624
2,2,0.1,XGBoost_2_AutoML_9_20260603_222549,day_of_week_lag1,0.37098359044641255
2,2,0.1,XGBoost_2_AutoML_9_20260603_222549,month_lag1,0.41222013370133936
2,2,0.1,XGBoost_2_AutoML_9_20260603_222549,trend_lag1,0.4372597860172391
2,2,0.1,XGBoost_2_AutoML_9_20260603_222549,month_sin,0.10223840922466476
2,2,0.1,XGBoost_2_AutoML_9_20260603_222549,month_cos,0.12805775034241373
2,2,0.1,XGBoost_2_AutoML_9_20260603_222549,year,0.18388382650911808
2,2,0.1,GBM_grid_1_AutoML_9_20260603_222549_model_3,target_lag1,18.527037441134453
2,2,0.1,GBM_grid_1_AutoML_9_20260603_222549_model_3,target_lag2,12.35789648860693
2,2,0.1,GBM_grid_1_AutoML_9_20260603_222549_model_3,target_lag3,13.235728267133236
2,2,0.1,GBM_grid_1_AutoML_9_20260603_222549_model_3,target_lag4,4.574336856603622
2,2,0.1,GBM_grid_1_AutoML_9_20260603_222549_model_3,target_lag5,6.77656515404582
2,2,0.1,GBM_grid_1_AutoML_9_20260603_222549_model_3,target_lag6,5.125198312848807
2,2,0.1,GBM_grid_1_AutoML_9_20260603_222549_model_3,hour_lag1,3.460182213559747
2,2,0.1,GBM_grid_1_AutoML_9_20260603_222549_model_3,day_of_week_lag1,0.49348078734241424
2,2,0.1,GBM_grid_1_AutoML_9_20260603_222549_model_3,month_lag1,0.22826772746862845
2,2,0.1,GBM_grid_1_AutoML_9_20260603_222549_model_3,trend_lag1,0.8912596151977777
2,2,0.1,GBM_grid_1_AutoML_9_20260603_222549_model_3,month_sin,0.14672078935043822
2,2,0.1,GBM_grid_1_AutoML_9_20260603_222549_model_3,month_cos,0.13414407648990162
2,2,0.1,GBM_grid_1_AutoML_9_20260603_222549_model_3,year,0.32989918638020754
2,2,0.1,DRF_1_AutoML_9_20260603_222549,target_lag1,24.1438151589036
2,2,0.1,DRF_1_AutoML_9_20260603_222549,target_lag2,11.680906362831593
2,2,0.1,DRF_1_AutoML_9_20260603_222549,target_lag3,9.328658566474914
2,2,0.1,DRF_1_AutoML_9_20260603_222549,target_lag4,7.616309341788292
2,2,0.1,DRF_1_AutoML_9_20260603_222549,target_lag5,4.797443899512291
2,2,0.1,DRF_1_AutoML_9_20260603_222549,target_lag6,3.618325438313186
2,2,0.1,DRF_1_AutoML_9_20260603_222549,hour_lag1,2.376131928563118
2,2,0.1,DRF_1_AutoML_9_20260603_222549,day_of_week_lag1,0.2055489145964384
2,2,0.1,DRF_1_AutoML_9_20260603_222549,month_lag1,0.14631054334342478
2,2,0.1,DRF_1_AutoML_9_20260603_222549,trend_lag1,0.9919321465492249
2,2,0.1,DRF_1_AutoML_9_20260603_222549,month_sin,0.08992806977592405
2,2,0.1,DRF_1_AutoML_9_20260603_222549,month_cos,0.06775727147934953
2,2,0.1,DRF_1_AutoML_9_20260603_222549,year,0.23970515809953213
2,2,0.1,GBM_grid_1_AutoML_9_20260603_222549_model_1,target_lag1,19.097686074078084
2,2,0.1,GBM_grid_1_AutoML_9_20260603_222549_model_1,target_lag2,15.936469986438752
2,2,0.1,GBM_grid_1_AutoML_9_20260603_222549_model_1,target_lag3,3.80592908680439
2,2,0.1,GBM_grid_1_AutoML_9_20260603_222549_model_1,target_lag4,11.659726707199589
2,2,0.1,GBM_grid_1_AutoML_9_20260603_222549_model_1,target_lag5,7.140302008390426
2,2,0.1,GBM_grid_1_AutoML_9_20260603_222549_model_1,target_lag6,3.5992066652327774
2,2,0.1,GBM_grid_1_AutoML_9_20260603_222549_model_1,hour_lag1,3.2077037152275443
2,2,0.1,GBM_grid_1_AutoML_9_20260603_222549_model_1,day_of_week_lag1,0.32622016101609913
2,2,0.1,GBM_grid_1_AutoML_9_20260603_222549_model_1,month_lag1,0.500154321109876
2,2,0.1,GBM_grid_1_AutoML_9_20260603_222549_model_1,trend_lag1,0.5919101483235135
2,2,0.1,GBM_grid_1_AutoML_9_20260603_222549_model_1,month_sin,0.10751764353830363
2,2,0.1,GBM_grid_1_AutoML_9_20260603_222549_model_1,month_cos,0.08661391406087202
2,2,0.1,GBM_grid_1_AutoML_9_20260603_222549_model_1,year,0.26275289643555877
2,2,0.1,XRT_1_AutoML_9_20260603_222549,target_lag1,632.3847845077514
2,2,0.1,XRT_1_AutoML_9_20260603_222549,target_lag2,37995.04216582298
2,2,0.1,XRT_1_AutoML_9_20260603_222549,target_lag3,1201.5466820931435
2,2,0.1,XRT_1_AutoML_9_20260603_222549,target_lag4,598.2411805833876
2,2,0.1,XRT_1_AutoML_9_20260603_222549,target_lag5,6900194.089391389
2,2,0.1,XRT_1_AutoML_9_20260603_222549,target_lag6,131587.13360625683
2,2,0.1,XRT_1_AutoML_9_20260603_222549,hour_lag1,1065264.4507492448
2,2,0.1,XRT_1_AutoML_9_20260603_222549,day_of_week_lag1,256.32904366493227
2,2,0.1,XRT_1_AutoML_9_20260603_222549,month_lag1,2594055492682.418
2,2,0.1,XRT_1_AutoML_9_20260603_222549,trend_lag1,423.03253695726397
2,2,0.1,XRT_1_AutoML_9_20260603_222549,month_sin,357.297899164611
2,2,0.1,XRT_1_AutoML_9_20260603_222549,month_cos,12.957749184612185
2,2,0.1,XRT_1_AutoML_9_20260603_222549,year,871.1551222705841
2,2,0.1,XGBoost_3_AutoML_9_20260603_222549,target_lag1,37.47961851477623
2,2,0.1,XGBoost_3_AutoML_9_20260603_222549,target_lag2,15.320607902370392
2,2,0.1,XGBoost_3_AutoML_9_20260603_222549,target_lag3,2.780359476208687
2,2,0.1,XGBoost_3_AutoML_9_20260603_222549,target_lag4,1.7744108264148235
2,2,0.1,XGBoost_3_AutoML_9_20260603_222549,target_lag5,2.0531510457536206
2,2,0.1,XGBoost_3_AutoML_9_20260603_222549,target_lag6,7.438868758520112
2,2,0.1,XGBoost_3_AutoML_9_20260603_222549,hour_lag1,3.6474006596952675
2,2,0.1,XGBoost_3_AutoML_9_20260603_222549,day_of_week_lag1,0.30950339991599324
2,2,0.1,XGBoost_3_AutoML_9_20260603_222549,month_lag1,0.445020598275587
2,2,0.1,XGBoost_3_AutoML_9_20260603_222549,trend_lag1,0.8862617221474648
2,2,0.1,XGBoost_3_AutoML_9_20260603_222549,month_sin,0.03801129978477544
2,2,0.1,XGBoost_3_AutoML_9_20260603_222549,month_cos,0.11366928645409638
2,2,0.1,XGBoost_3_AutoML_9_20260603_222549,year,0.1211181057617068
2,2,0.1,XGBoost_grid_1_AutoML_9_20260603_222549_model_5,target_lag1,30.092410457134246
2,2,0.1,XGBoost_grid_1_AutoML_9_20260603_222549_model_5,target_lag2,19.486802185066043
2,2,0.1,XGBoost_grid_1_AutoML_9_20260603_222549_model_5,target_lag3,2.851400494873524
2,2,0.1,XGBoost_grid_1_AutoML_9_20260603_222549_model_5,target_lag4,3.469337856769562
2,2,0.1,XGBoost_grid_1_AutoML_9_20260603_222549_model_5,target_lag5,4.89831807076931
2,2,0.1,XGBoost_grid_1_AutoML_9_20260603_222549_model_5,target_lag6,7.5015143093653025
2,2,0.1,XGBoost_grid_1_AutoML_9_20260603_222549_model_5,hour_lag1,3.340902145579457
2,2,0.1,XGBoost_grid_1_AutoML_9_20260603_222549_model_5,day_of_week_lag1,0.2458125884644687
2,2,0.1,XGBoost_grid_1_AutoML_9_20260603_222549_model_5,month_lag1,0.23847618810366839
2,2,0.1,XGBoost_grid_1_AutoML_9_20260603_222549_model_5,trend_lag1,0.6466492801904679
2,2,0.1,XGBoost_grid_1_AutoML_9_20260603_222549_model_5,month_sin,0.0008832643547793694
2,2,0.1,XGBoost_grid_1_AutoML_9_20260603_222549_model_5,month_cos,0.017287143208086452
2,2,0.1,XGBoost_grid_1_AutoML_9_20260603_222549_model_5,year,0.06383610226213926
2,2,0.1,XGBoost_grid_1_AutoML_9_20260603_222549_model_2,target_lag1,46.829190239310265
2,2,0.1,XGBoost_grid_1_AutoML_9_20260603_222549_model_2,target_lag2,8.981426922082901
2,2,0.1,XGBoost_grid_1_AutoML_9_20260603_222549_model_2,target_lag3,3.386256359219551
2,2,0.1,XGBoost_grid_1_AutoML_9_20260603_222549_model_2,target_lag4,1.0935637912899256
2,2,0.1,XGBoost_grid_1_AutoML_9_20260603_222549_model_2,target_lag5,1.062616504356265
2,2,0.1,XGBoost_grid_1_AutoML_9_20260603_222549_model_2,target_lag6,6.473504922389984
2,2,0.1,XGBoost_grid_1_AutoML_9_20260603_222549_model_2,hour_lag1,3.7932643393613397
2,2,0.1,XGBoost_grid_1_AutoML_9_20260603_222549_model_2,day_of_week_lag1,0.4311134802375454
2,2,0.1,XGBoost_grid_1_AutoML_9_20260603_222549_model_2,month_lag1,0.26354592855554076
2,2,0.1,XGBoost_grid_1_AutoML_9_20260603_222549_model_2,trend_lag1,1.0272900933027267
2,2,0.1,XGBoost_grid_1_AutoML_9_20260603_222549_model_2,month_sin,0.11004156569018957
2,2,0.1,XGBoost_grid_1_AutoML_9_20260603_222549_model_2,month_cos,0.1574659206351498
2,2,0.1,XGBoost_grid_1_AutoML_9_20260603_222549_model_2,year,0.1233573650824837
2,2,0.1,XGBoost_1_AutoML_9_20260603_222549,target_lag1,34.4786416220665
2,2,0.1,XGBoost_1_AutoML_9_20260603_222549,target_lag2,4.795357308536768
2,2,0.1,XGBoost_1_AutoML_9_20260603_222549,target_lag3,15.207405798435211
2,2,0.1,XGBoost_1_AutoML_9_20260603_222549,target_lag4,3.6317227947711945
2,2,0.1,XGBoost_1_AutoML_9_20260603_222549,target_lag5,1.3118606027960777
2,2,0.1,XGBoost_1_AutoML_9_20260603_222549,target_lag6,5.531811331510544
2,2,0.1,XGBoost_1_AutoML_9_20260603_222549,hour_lag1,3.508012467995286
2,2,0.1,XGBoost_1_AutoML_9_20260603_222549,day_of_week_lag1,0.5362251489213667
2,2,0.1,XGBoost_1_AutoML_9_20260603_222549,month_lag1,0.351926932297647
2,2,0.1,XGBoost_1_AutoML_9_20260603_222549,trend_lag1,0.7960520407930016
2,2,0.1,XGBoost_1_AutoML_9_20260603_222549,month_sin,0.2028752278489992
2,2,0.1,XGBoost_1_AutoML_9_20260603_222549,month_cos,0.18274949433282012
2,2,0.1,XGBoost_1_AutoML_9_20260603_222549,year,0.27437205039896073
2,2,0.1,XGBoost_grid_1_AutoML_9_20260603_222549_model_3,target_lag1,34.88548718094826
2,2,0.1,XGBoost_grid_1_AutoML_9_20260603_222549_model_3,target_lag2,9.652645628452301
2,2,0.1,XGBoost_grid_1_AutoML_9_20260603_222549_model_3,target_lag3,5.595495901107788
2,2,0.1,XGBoost_grid_1_AutoML_9_20260603_222549_model_3,target_lag4,5.882607315778732
2,2,0.1,XGBoost_grid_1_AutoML_9_20260603_222549_model_3,target_lag5,7.094164180755615
2,2,0.1,XGBoost_grid_1_AutoML_9_20260603_222549_model_3,target_lag6,5.9692837123200295
2,2,0.1,XGBoost_grid_1_AutoML_9_20260603_222549_model_3,hour_lag1,3.606908836485818
2,2,0.1,XGBoost_grid_1_AutoML_9_20260603_222549_model_3,day_of_week_lag1,0.2814438008144498
2,2,0.1,XGBoost_grid_1_AutoML_9_20260603_222549_model_3,month_lag1,0.2576580940373242
2,2,0.1,XGBoost_grid_1_AutoML_9_20260603_222549_model_3,trend_lag1,0.13571795094292607
2,2,0.1,XGBoost_grid_1_AutoML_9_20260603_222549_model_3,month_sin,0.008251430913805912
2,2,0.1,XGBoost_grid_1_AutoML_9_20260603_222549_model_3,month_cos,0.0062248597503639525
2,2,0.1,XGBoost_grid_1_AutoML_9_20260603_222549_model_3,year,0.4452086037397385
2,2,0.1,XGBoost_grid_1_AutoML_9_20260603_222549_model_1,target_lag1,27.81925637960434
2,2,0.1,XGBoost_grid_1_AutoML_9_20260603_222549_model_1,target_lag2,16.243323268890382
2,2,0.1,XGBoost_grid_1_AutoML_9_20260603_222549_model_1,target_lag3,8.549224778413773
2,2,0.1,XGBoost_grid_1_AutoML_9_20260603_222549_model_1,target_lag4,5.61570292443037
2,2,0.1,XGBoost_grid_1_AutoML_9_20260603_222549_model_1,target_lag5,3.0886693226732316
2,2,0.1,XGBoost_grid_1_AutoML_9_20260603_222549_model_1,target_lag6,6.709904237650335
2,2,0.1,XGBoost_grid_1_AutoML_9_20260603_222549_model_1,hour_lag1,3.287929549962282
2,2,0.1,XGBoost_grid_1_AutoML_9_20260603_222549_model_1,day_of_week_lag1,0.17083244593814012
2,2,0.1,XGBoost_grid_1_AutoML_9_20260603_222549_model_1,month_lag1,0.3000952537963167
2,2,0.1,XGBoost_grid_1_AutoML_9_20260603_222549_model_1,trend_lag1,0.5278865859657526
2,2,0.1,XGBoost_grid_1_AutoML_9_20260603_222549_model_1,month_sin,0.061747744249878396
2,2,0.1,XGBoost_grid_1_AutoML_9_20260603_222549_model_1,month_cos,0.0051472483831457175
2,2,0.1,XGBoost_grid_1_AutoML_9_20260603_222549_model_1,year,0.09215650372207165
2,2,0.2,GBM_1_AutoML_9_20260603_222549,target_lag1,37.73379852294922
2,2,0.2,GBM_1_AutoML_9_20260603_222549,target_lag2,16.54606271415949
2,2,0.2,GBM_1_AutoML_9_20260603_222549,target_lag3,5.3441409510374065
2,2,0.2,GBM_1_AutoML_9_20260603_222549,target_lag4,0.4182049786299467
2,2,0.2,GBM_1_AutoML_9_20260603_222549,target_lag5,0.40197249840479343
2,2,0.2,GBM_1_AutoML_9_20260603_222549,target_lag6,2.67645020917058
2,2,0.2,GBM_1_AutoML_9_20260603_222549,hour_lag1,3.2225898703560234
2,2,0.2,GBM_1_AutoML_9_20260603_222549,day_of_week_lag1,0.3377838984143455
2,2,0.2,GBM_1_AutoML_9_20260603_222549,month_lag1,0.2810235831793398
2,2,0.2,GBM_1_AutoML_9_20260603_222549,trend_lag1,0.30179636377841235
2,2,0.2,GBM_1_AutoML_9_20260603_222549,month_sin,0.11933249045163391
2,2,0.2,GBM_1_AutoML_9_20260603_222549,month_cos,0.10091522285132665
2,2,0.2,GBM_1_AutoML_9_20260603_222549,year,0.12479064422252119
2,2,0.2,GBM_4_AutoML_9_20260603_222549,target_lag1,31.168438385725022
2,2,0.2,GBM_4_AutoML_9_20260603_222549,target_lag2,15.576576204299927
2,2,0.2,GBM_4_AutoML_9_20260603_222549,target_lag3,7.734444080367684
2,2,0.2,GBM_4_AutoML_9_20260603_222549,target_lag4,2.985841755270958
2,2,0.2,GBM_4_AutoML_9_20260603_222549,target_lag5,1.240701056420803
2,2,0.2,GBM_4_AutoML_9_20260603_222549,target_lag6,5.23854178622365
2,2,0.2,GBM_4_AutoML_9_20260603_222549,hour_lag1,3.3056867311149833
2,2,0.2,GBM_4_AutoML_9_20260603_222549,day_of_week_lag1,0.33349832680076363
2,2,0.2,GBM_4_AutoML_9_20260603_222549,month_lag1,0.2808207791368477
2,2,0.2,GBM_4_AutoML_9_20260603_222549,trend_lag1,0.3374734066799283
2,2,0.2,GBM_4_AutoML_9_20260603_222549,month_sin,0.07492976647801694
2,2,0.2,GBM_4_AutoML_9_20260603_222549,month_cos,0.10152091993484642
2,2,0.2,GBM_4_AutoML_9_20260603_222549,year,0.16213918255642054
2,2,0.2,GBM_3_AutoML_9_20260603_222549,target_lag1,44.16054040431976
2,2,0.2,GBM_3_AutoML_9_20260603_222549,target_lag2,6.858953235149383
2,2,0.2,GBM_3_AutoML_9_20260603_222549,target_lag3,4.212713770978152
2,2,0.2,GBM_3_AutoML_9_20260603_222549,target_lag4,0.48420248057693244
2,2,0.2,GBM_3_AutoML_9_20260603_222549,target_lag5,0.9476922945305705
2,2,0.2,GBM_3_AutoML_9_20260603_222549,target_lag6,6.330638131424784
2,2,0.2,GBM_3_AutoML_9_20260603_222549,hour_lag1,3.2590148663520813
2,2,0.2,GBM_3_AutoML_9_20260603_222549,day_of_week_lag1,0.2904539642855525
2,2,0.2,GBM_3_AutoML_9_20260603_222549,month_lag1,0.25422448985278606
2,2,0.2,GBM_3_AutoML_9_20260603_222549,trend_lag1,0.34154070978984236
2,2,0.2,GBM_3_AutoML_9_20260603_222549,month_sin,0.07682849997188892
2,2,0.2,GBM_3_AutoML_9_20260603_222549,month_cos,0.05019146293052468
2,2,0.2,GBM_3_AutoML_9_20260603_222549,year,0.12580337923602197
2,2,0.2,GBM_2_AutoML_9_20260603_222549,target_lag1,37.31481111228466
2,2,0.2,GBM_2_AutoML_9_20260603_222549,target_lag2,10.646482167243958
2,2,0.2,GBM_2_AutoML_9_20260603_222549,target_lag3,7.820004380941391
2,2,0.2,GBM_2_AutoML_9_20260603_222549,target_lag4,1.228503170311451
2,2,0.2,GBM_2_AutoML_9_20260603_222549,target_lag5,0.8811395227909088
2,2,0.2,GBM_2_AutoML_9_20260603_222549,target_lag6,6.090300246477127
2,2,0.2,GBM_2_AutoML_9_20260603_222549,hour_lag1,3.136553992778063
2,2,0.2,GBM_2_AutoML_9_20260603_222549,day_of_week_lag1,0.2582833033055067
2,2,0.2,GBM_2_AutoML_9_20260603_222549,month_lag1,0.3461237351875752
2,2,0.2,GBM_2_AutoML_9_20260603_222549,trend_lag1,0.1915645069442689
2,2,0.2,GBM_2_AutoML_9_20260603_222549,month_sin,0.03915256193315141
2,2,0.2,GBM_2_AutoML_9_20260603_222549,month_cos,0.04025626265909518
2,2,0.2,GBM_2_AutoML_9_20260603_222549,year,0.07823728276416655
2,2,0.2,XGBoost_grid_1_AutoML_9_20260603_222549_model_4,target_lag1,37.913977583646776
2,2,0.2,XGBoost_grid_1_AutoML_9_20260603_222549_model_4,target_lag2,14.91567640900612
2,2,0.2,XGBoost_grid_1_AutoML_9_20260603_222549_model_4,target_lag3,5.585413552224636
2,2,0.2,XGBoost_grid_1_AutoML_9_20260603_222549_model_4,target_lag4,1.2514254008699208
2,2,0.2,XGBoost_grid_1_AutoML_9_20260603_222549_model_4,target_lag5,1.639533482445404
2,2,0.2,XGBoost_grid_1_AutoML_9_20260603_222549_model_4,target_lag6,7.27510155916214
2,2,0.2,XGBoost_grid_1_AutoML_9_20260603_222549_model_4,hour_lag1,3.6518354273959996
2,2,0.2,XGBoost_grid_1_AutoML_9_20260603_222549_model_4,day_of_week_lag1,0.38354990547522905
2,2,0.2,XGBoost_grid_1_AutoML_9_20260603_222549_model_4,month_lag1,0.3322353626415133
2,2,0.2,XGBoost_grid_1_AutoML_9_20260603_222549_model_4,trend_lag1,0.5181595407583518
2,2,0.2,XGBoost_grid_1_AutoML_9_20260603_222549_model_4,month_sin,0.06532405989244577
2,2,0.2,XGBoost_grid_1_AutoML_9_20260603_222549_model_4,month_cos,0.06612278389511626
2,2,0.2,XGBoost_grid_1_AutoML_9_20260603_222549_model_4,year,0.11876977417385202
2,2,0.2,GBM_grid_1_AutoML_9_20260603_222549_model_2,target_lag1,24.36379514873028
2,2,0.2,GBM_grid_1_AutoML_9_20260603_222549_model_2,target_lag2,14.91178527355194
2,2,0.2,GBM_grid_1_AutoML_9_20260603_222549_model_2,target_lag3,11.851781792640686
2,2,0.2,GBM_grid_1_AutoML_9_20260603_222549_model_2,target_lag4,3.0420069260150195
2,2,0.2,GBM_grid_1_AutoML_9_20260603_222549_model_2,target_lag5,4.8158509622514245
2,2,0.2,GBM_grid_1_AutoML_9_20260603_222549_model_2,target_lag6,3.0165487164631486
2,2,0.2,GBM_grid_1_AutoML_9_20260603_222549_model_2,hour_lag1,3.3311741016060115
2,2,0.2,GBM_grid_1_AutoML_9_20260603_222549_model_2,day_of_week_lag1,0.36468027349561455
2,2,0.2,GBM_grid_1_AutoML_9_20260603_222549_model_2,month_lag1,0.28152865878306327
2,2,0.2,GBM_grid_1_AutoML_9_20260603_222549_model_2,trend_lag1,0.5273217909876258
2,2,0.2,GBM_grid_1_AutoML_9_20260603_222549_model_2,month_sin,0.11219274145318192
2,2,0.2,GBM_grid_1_AutoML_9_20260603_222549_model_2,month_cos,0.13446421314903997
2,2,0.2,GBM_grid_1_AutoML_9_20260603_222549_model_2,year,0.20577087483368814
2,2,0.2,GBM_5_AutoML_9_20260603_222549,target_lag1,38.301105413436886
2,2,0.2,GBM_5_AutoML_9_20260603_222549,target_lag2,14.302330649495126
2,2,0.2,GBM_5_AutoML_9_20260603_222549,target_lag3,1.8910010904073715
2,2,0.2,GBM_5_AutoML_9_20260603_222549,target_lag4,2.2707602912187577
2,2,0.2,GBM_5_AutoML_9_20260603_222549,target_lag5,1.9479202660359443
2,2,0.2,GBM_5_AutoML_9_20260603_222549,target_lag6,4.347775938101113
2,2,0.2,GBM_5_AutoML_9_20260603_222549,hour_lag1,3.1020868844911456
2,2,0.2,GBM_5_AutoML_9_20260603_222549,day_of_week_lag1,0.21177632833831012
2,2,0.2,GBM_5_AutoML_9_20260603_222549,month_lag1,0.2747980350628495
2,2,0.2,GBM_5_AutoML_9_20260603_222549,trend_lag1,0.45431306064128874
2,2,0.2,GBM_5_AutoML_9_20260603_222549,month_sin,0.06849291676655409
2,2,0.2,GBM_5_AutoML_9_20260603_222549,month_cos,0.02927615002205126
2,2,0.2,GBM_5_AutoML_9_20260603_222549,year,0.14381735931674483
2,2,0.2,XGBoost_2_AutoML_9_20260603_222549,target_lag1,24.535962421894073
2,2,0.2,XGBoost_2_AutoML_9_20260603_222549,target_lag2,27.45184744358063
2,2,0.2,XGBoost_2_AutoML_9_20260603_222549,target_lag3,6.2713906472921375
2,2,0.2,XGBoost_2_AutoML_9_20260603_222549,target_lag4,1.491228029001504
2,2,0.2,XGBoost_2_AutoML_9_20260603_222549,target_lag5,1.0499497016519308
2,2,0.2,XGBoost_2_AutoML_9_20260603_222549,target_lag6,6.033050345703959
2,2,0.2,XGBoost_2_AutoML_9_20260603_222549,hour_lag1,3.6327986569702624
2,2,0.2,XGBoost_2_AutoML_9_20260603_222549,day_of_week_lag1,0.37098359044641255
2,2,0.2,XGBoost_2_AutoML_9_20260603_222549,month_lag1,0.41222013370133936
2,2,0.2,XGBoost_2_AutoML_9_20260603_222549,trend_lag1,0.4372597860172391
2,2,0.2,XGBoost_2_AutoML_9_20260603_222549,month_sin,0.10223840922466476
2,2,0.2,XGBoost_2_AutoML_9_20260603_222549,month_cos,0.12805775034241373
2,2,0.2,XGBoost_2_AutoML_9_20260603_222549,year,0.18388382650911808
2,2,0.2,GBM_grid_1_AutoML_9_20260603_222549_model_3,target_lag1,18.527037441134453
2,2,0.2,GBM_grid_1_AutoML_9_20260603_222549_model_3,target_lag2,12.35789648860693
2,2,0.2,GBM_grid_1_AutoML_9_20260603_222549_model_3,target_lag3,13.235728267133236
2,2,0.2,GBM_grid_1_AutoML_9_20260603_222549_model_3,target_lag4,4.574336856603622
2,2,0.2,GBM_grid_1_AutoML_9_20260603_222549_model_3,target_lag5,6.77656515404582
2,2,0.2,GBM_grid_1_AutoML_9_20260603_222549_model_3,target_lag6,5.125198312848807
2,2,0.2,GBM_grid_1_AutoML_9_20260603_222549_model_3,hour_lag1,3.460182213559747
2,2,0.2,GBM_grid_1_AutoML_9_20260603_222549_model_3,day_of_week_lag1,0.49348078734241424
2,2,0.2,GBM_grid_1_AutoML_9_20260603_222549_model_3,month_lag1,0.22826772746862845
2,2,0.2,GBM_grid_1_AutoML_9_20260603_222549_model_3,trend_lag1,0.8912596151977777
2,2,0.2,GBM_grid_1_AutoML_9_20260603_222549_model_3,month_sin,0.14672078935043822
2,2,0.2,GBM_grid_1_AutoML_9_20260603_222549_model_3,month_cos,0.13414407648990162
2,2,0.2,GBM_grid_1_AutoML_9_20260603_222549_model_3,year,0.32989918638020754
2,2,0.2,DRF_1_AutoML_9_20260603_222549,target_lag1,24.1438151589036
2,2,0.2,DRF_1_AutoML_9_20260603_222549,target_lag2,11.680906362831593
2,2,0.2,DRF_1_AutoML_9_20260603_222549,target_lag3,9.328658566474914
2,2,0.2,DRF_1_AutoML_9_20260603_222549,target_lag4,7.616309341788292
2,2,0.2,DRF_1_AutoML_9_20260603_222549,target_lag5,4.797443899512291
2,2,0.2,DRF_1_AutoML_9_20260603_222549,target_lag6,3.618325438313186
2,2,0.2,DRF_1_AutoML_9_20260603_222549,hour_lag1,2.376131928563118
2,2,0.2,DRF_1_AutoML_9_20260603_222549,day_of_week_lag1,0.2055489145964384
2,2,0.2,DRF_1_AutoML_9_20260603_222549,month_lag1,0.14631054334342478
2,2,0.2,DRF_1_AutoML_9_20260603_222549,trend_lag1,0.9919321465492249
2,2,0.2,DRF_1_AutoML_9_20260603_222549,month_sin,0.08992806977592405
2,2,0.2,DRF_1_AutoML_9_20260603_222549,month_cos,0.06775727147934953
2,2,0.2,DRF_1_AutoML_9_20260603_222549,year,0.23970515809953213
2,2,0.2,GBM_grid_1_AutoML_9_20260603_222549_model_1,target_lag1,19.097686074078084
2,2,0.2,GBM_grid_1_AutoML_9_20260603_222549_model_1,target_lag2,15.936469986438752
2,2,0.2,GBM_grid_1_AutoML_9_20260603_222549_model_1,target_lag3,3.80592908680439
2,2,0.2,GBM_grid_1_AutoML_9_20260603_222549_model_1,target_lag4,11.659726707199589
2,2,0.2,GBM_grid_1_AutoML_9_20260603_222549_model_1,target_lag5,7.140302008390426
2,2,0.2,GBM_grid_1_AutoML_9_20260603_222549_model_1,target_lag6,3.5992066652327774
2,2,0.2,GBM_grid_1_AutoML_9_20260603_222549_model_1,hour_lag1,3.2077037152275443
2,2,0.2,GBM_grid_1_AutoML_9_20260603_222549_model_1,day_of_week_lag1,0.32622016101609913
2,2,0.2,GBM_grid_1_AutoML_9_20260603_222549_model_1,month_lag1,0.500154321109876
2,2,0.2,GBM_grid_1_AutoML_9_20260603_222549_model_1,trend_lag1,0.5919101483235135
2,2,0.2,GBM_grid_1_AutoML_9_20260603_222549_model_1,month_sin,0.10751764353830363
2,2,0.2,GBM_grid_1_AutoML_9_20260603_222549_model_1,month_cos,0.08661391406087202
2,2,0.2,GBM_grid_1_AutoML_9_20260603_222549_model_1,year,0.26275289643555877
2,2,0.2,XRT_1_AutoML_9_20260603_222549,target_lag1,632.3847845077514
2,2,0.2,XRT_1_AutoML_9_20260603_222549,target_lag2,37995.04216582298
2,2,0.2,XRT_1_AutoML_9_20260603_222549,target_lag3,1201.5466820931435
2,2,0.2,XRT_1_AutoML_9_20260603_222549,target_lag4,598.2411805833876
2,2,0.2,XRT_1_AutoML_9_20260603_222549,target_lag5,6900194.089391389
2,2,0.2,XRT_1_AutoML_9_20260603_222549,target_lag6,131587.13360625683
2,2,0.2,XRT_1_AutoML_9_20260603_222549,hour_lag1,1065264.4507492448
2,2,0.2,XRT_1_AutoML_9_20260603_222549,day_of_week_lag1,256.32904366493227
2,2,0.2,XRT_1_AutoML_9_20260603_222549,month_lag1,2594055492682.418
2,2,0.2,XRT_1_AutoML_9_20260603_222549,trend_lag1,423.03253695726397
2,2,0.2,XRT_1_AutoML_9_20260603_222549,month_sin,357.297899164611
2,2,0.2,XRT_1_AutoML_9_20260603_222549,month_cos,12.957749184612185
2,2,0.2,XRT_1_AutoML_9_20260603_222549,year,871.1551222705841
2,2,0.2,XGBoost_3_AutoML_9_20260603_222549,target_lag1,37.47961851477623
2,2,0.2,XGBoost_3_AutoML_9_20260603_222549,target_lag2,15.320607902370392
2,2,0.2,XGBoost_3_AutoML_9_20260603_222549,target_lag3,2.780359476208687
2,2,0.2,XGBoost_3_AutoML_9_20260603_222549,target_lag4,1.7744108264148235
2,2,0.2,XGBoost_3_AutoML_9_20260603_222549,target_lag5,2.0531510457536206
2,2,0.2,XGBoost_3_AutoML_9_20260603_222549,target_lag6,7.438868758520112
2,2,0.2,XGBoost_3_AutoML_9_20260603_222549,hour_lag1,3.6474006596952675
2,2,0.2,XGBoost_3_AutoML_9_20260603_222549,day_of_week_lag1,0.30950339991599324
2,2,0.2,XGBoost_3_AutoML_9_20260603_222549,month_lag1,0.445020598275587
2,2,0.2,XGBoost_3_AutoML_9_20260603_222549,trend_lag1,0.8862617221474648
2,2,0.2,XGBoost_3_AutoML_9_20260603_222549,month_sin,0.03801129978477544
2,2,0.2,XGBoost_3_AutoML_9_20260603_222549,month_cos,0.11366928645409638
2,2,0.2,XGBoost_3_AutoML_9_20260603_222549,year,0.1211181057617068
2,2,0.2,XGBoost_grid_1_AutoML_9_20260603_222549_model_5,target_lag1,30.092410457134246
2,2,0.2,XGBoost_grid_1_AutoML_9_20260603_222549_model_5,target_lag2,19.486802185066043
2,2,0.2,XGBoost_grid_1_AutoML_9_20260603_222549_model_5,target_lag3,2.851400494873524
2,2,0.2,XGBoost_grid_1_AutoML_9_20260603_222549_model_5,target_lag4,3.469337856769562
2,2,0.2,XGBoost_grid_1_AutoML_9_20260603_222549_model_5,target_lag5,4.89831807076931
2,2,0.2,XGBoost_grid_1_AutoML_9_20260603_222549_model_5,target_lag6,7.5015143093653025
2,2,0.2,XGBoost_grid_1_AutoML_9_20260603_222549_model_5,hour_lag1,3.340902145579457
2,2,0.2,XGBoost_grid_1_AutoML_9_20260603_222549_model_5,day_of_week_lag1,0.2458125884644687
2,2,0.2,XGBoost_grid_1_AutoML_9_20260603_222549_model_5,month_lag1,0.23847618810366839
2,2,0.2,XGBoost_grid_1_AutoML_9_20260603_222549_model_5,trend_lag1,0.6466492801904679
2,2,0.2,XGBoost_grid_1_AutoML_9_20260603_222549_model_5,month_sin,0.0008832643547793694
2,2,0.2,XGBoost_grid_1_AutoML_9_20260603_222549_model_5,month_cos,0.017287143208086452
2,2,0.2,XGBoost_grid_1_AutoML_9_20260603_222549_model_5,year,0.06383610226213926
2,2,0.2,XGBoost_grid_1_AutoML_9_20260603_222549_model_2,target_lag1,46.829190239310265
2,2,0.2,XGBoost_grid_1_AutoML_9_20260603_222549_model_2,target_lag2,8.981426922082901
2,2,0.2,XGBoost_grid_1_AutoML_9_20260603_222549_model_2,target_lag3,3.386256359219551
2,2,0.2,XGBoost_grid_1_AutoML_9_20260603_222549_model_2,target_lag4,1.0935637912899256
2,2,0.2,XGBoost_grid_1_AutoML_9_20260603_222549_model_2,target_lag5,1.062616504356265
2,2,0.2,XGBoost_grid_1_AutoML_9_20260603_222549_model_2,target_lag6,6.473504922389984
2,2,0.2,XGBoost_grid_1_AutoML_9_20260603_222549_model_2,hour_lag1,3.7932643393613397
2,2,0.2,XGBoost_grid_1_AutoML_9_20260603_222549_model_2,day_of_week_lag1,0.4311134802375454
2,2,0.2,XGBoost_grid_1_AutoML_9_20260603_222549_model_2,month_lag1,0.26354592855554076
2,2,0.2,XGBoost_grid_1_AutoML_9_20260603_222549_model_2,trend_lag1,1.0272900933027267
2,2,0.2,XGBoost_grid_1_AutoML_9_20260603_222549_model_2,month_sin,0.11004156569018957
2,2,0.2,XGBoost_grid_1_AutoML_9_20260603_222549_model_2,month_cos,0.1574659206351498
2,2,0.2,XGBoost_grid_1_AutoML_9_20260603_222549_model_2,year,0.1233573650824837
2,2,0.2,XGBoost_1_AutoML_9_20260603_222549,target_lag1,34.4786416220665
2,2,0.2,XGBoost_1_AutoML_9_20260603_222549,target_lag2,4.795357308536768
2,2,0.2,XGBoost_1_AutoML_9_20260603_222549,target_lag3,15.207405798435211
2,2,0.2,XGBoost_1_AutoML_9_20260603_222549,target_lag4,3.6317227947711945
2,2,0.2,XGBoost_1_AutoML_9_20260603_222549,target_lag5,1.3118606027960777
2,2,0.2,XGBoost_1_AutoML_9_20260603_222549,target_lag6,5.531811331510544
2,2,0.2,XGBoost_1_AutoML_9_20260603_222549,hour_lag1,3.508012467995286
2,2,0.2,XGBoost_1_AutoML_9_20260603_222549,day_of_week_lag1,0.5362251489213667
2,2,0.2,XGBoost_1_AutoML_9_20260603_222549,month_lag1,0.351926932297647
2,2,0.2,XGBoost_1_AutoML_9_20260603_222549,trend_lag1,0.7960520407930016
2,2,0.2,XGBoost_1_AutoML_9_20260603_222549,month_sin,0.2028752278489992
2,2,0.2,XGBoost_1_AutoML_9_20260603_222549,month_cos,0.18274949433282012
2,2,0.2,XGBoost_1_AutoML_9_20260603_222549,year,0.27437205039896073
2,2,0.2,XGBoost_grid_1_AutoML_9_20260603_222549_model_3,target_lag1,34.88548718094826
2,2,0.2,XGBoost_grid_1_AutoML_9_20260603_222549_model_3,target_lag2,9.652645628452301
2,2,0.2,XGBoost_grid_1_AutoML_9_20260603_222549_model_3,target_lag3,5.595495901107788
2,2,0.2,XGBoost_grid_1_AutoML_9_20260603_222549_model_3,target_lag4,5.882607315778732
2,2,0.2,XGBoost_grid_1_AutoML_9_20260603_222549_model_3,target_lag5,7.094164180755615
2,2,0.2,XGBoost_grid_1_AutoML_9_20260603_222549_model_3,target_lag6,5.9692837123200295
2,2,0.2,XGBoost_grid_1_AutoML_9_20260603_222549_model_3,hour_lag1,3.606908836485818
2,2,0.2,XGBoost_grid_1_AutoML_9_20260603_222549_model_3,day_of_week_lag1,0.2814438008144498
2,2,0.2,XGBoost_grid_1_AutoML_9_20260603_222549_model_3,month_lag1,0.2576580940373242
2,2,0.2,XGBoost_grid_1_AutoML_9_20260603_222549_model_3,trend_lag1,0.13571795094292607
2,2,0.2,XGBoost_grid_1_AutoML_9_20260603_222549_model_3,month_sin,0.008251430913805912
2,2,0.2,XGBoost_grid_1_AutoML_9_20260603_222549_model_3,month_cos,0.0062248597503639525
2,2,0.2,XGBoost_grid_1_AutoML_9_20260603_222549_model_3,year,0.4452086037397385
2,2,0.2,XGBoost_grid_1_AutoML_9_20260603_222549_model_1,target_lag1,27.81925637960434
2,2,0.2,XGBoost_grid_1_AutoML_9_20260603_222549_model_1,target_lag2,16.243323268890382
2,2,0.2,XGBoost_grid_1_AutoML_9_20260603_222549_model_1,target_lag3,8.549224778413773
2,2,0.2,XGBoost_grid_1_AutoML_9_20260603_222549_model_1,target_lag4,5.61570292443037
2,2,0.2,XGBoost_grid_1_AutoML_9_20260603_222549_model_1,target_lag5,3.0886693226732316
2,2,0.2,XGBoost_grid_1_AutoML_9_20260603_222549_model_1,target_lag6,6.709904237650335
2,2,0.2,XGBoost_grid_1_AutoML_9_20260603_222549_model_1,hour_lag1,3.287929549962282
2,2,0.2,XGBoost_grid_1_AutoML_9_20260603_222549_model_1,day_of_week_lag1,0.17083244593814012
2,2,0.2,XGBoost_grid_1_AutoML_9_20260603_222549_model_1,month_lag1,0.3000952537963167
2,2,0.2,XGBoost_grid_1_AutoML_9_20260603_222549_model_1,trend_lag1,0.5278865859657526
2,2,0.2,XGBoost_grid_1_AutoML_9_20260603_222549_model_1,month_sin,0.061747744249878396
2,2,0.2,XGBoost_grid_1_AutoML_9_20260603_222549_model_1,month_cos,0.0051472483831457175
2,2,0.2,XGBoost_grid_1_AutoML_9_20260603_222549_model_1,year,0.09215650372207165
2,2,0.2,XGBoost_grid_1_AutoML_9_20260603_222549_model_6,target_lag1,29.95098175764084
2,2,0.2,XGBoost_grid_1_AutoML_9_20260603_222549_model_6,target_lag2,13.414739500302822
2,2,0.2,XGBoost_grid_1_AutoML_9_20260603_222549_model_6,target_lag3,6.0811875475943085
2,2,0.2,XGBoost_grid_1_AutoML_9_20260603_222549_model_6,target_lag4,2.09241314874962
2,2,0.2,XGBoost_grid_1_AutoML_9_20260603_222549_model_6,target_lag5,3.9823287835367953
2,2,0.2,XGBoost_grid_1_AutoML_9_20260603_222549_model_6,target_lag6,7.269428486004472
2,2,0.2,XGBoost_grid_1_AutoML_9_20260603_222549_model_6,hour_lag1,3.27275063380599
2,2,0.2,XGBoost_grid_1_AutoML_9_20260603_222549_model_6,day_of_week_lag1,0.5272750783874653
2,2,0.2,XGBoost_grid_1_AutoML_9_20260603_222549_model_6,month_lag1,0.36657303262501956
2,2,0.2,XGBoost_grid_1_AutoML_9_20260603_222549_model_6,trend_lag1,2.1375469045341013
2,2,0.2,XGBoost_grid_1_AutoML_9_20260603_222549_model_6,month_sin,0.283555958699435
2,2,0.2,XGBoost_grid_1_AutoML_9_20260603_222549_model_6,month_cos,0.1250074083381332
2,2,0.2,XGBoost_grid_1_AutoML_9_20260603_222549_model_6,year,0.3387291642744094
2,2,0.2,GLM_1_AutoML_9_20260603_222549,target_lag1,44.577595355897095
2,2,0.2,GLM_1_AutoML_9_20260603_222549,target_lag2,15.374935550964057
2,2,0.2,GLM_1_AutoML_9_20260603_222549,target_lag3,5.428838413244676
2,2,0.2,GLM_1_AutoML_9_20260603_222549,target_lag4,1.1792343141286803
2,2,0.2,GLM_1_AutoML_9_20260603_222549,target_lag5,0.916499955170692
2,2,0.2,GLM_1_AutoML_9_20260603_222549,target_lag6,2.6315304573006513
2,2,0.2,GLM_1_AutoML_9_20260603_222549,hour_lag1,0.10693759902979558
2,2,0.2,GLM_1_AutoML_9_20260603_222549,day_of_week_lag1,0.061972530591985125
2,2,0.2,GLM_1_AutoML_9_20260603_222549,month_lag1,0.015174405508529182
2,2,0.2,GLM_1_AutoML_9_20260603_222549,trend_lag1,0.026214431463452856
2,2,0.2,GLM_1_AutoML_9_20260603_222549,month_sin,0.0019675453813641688
2,2,0.2,GLM_1_AutoML_9_20260603_222549,month_cos,0.003645062207626902
2,2,0.2,GLM_1_AutoML_9_20260603_222549,year,0.21660314267678818
2,2,0.3,GBM_1_AutoML_9_20260603_222549,target_lag1,37.73379852294922
2,2,0.3,GBM_1_AutoML_9_20260603_222549,target_lag2,16.54606271415949
2,2,0.3,GBM_1_AutoML_9_20260603_222549,target_lag3,5.3441409510374065
2,2,0.3,GBM_1_AutoML_9_20260603_222549,target_lag4,0.4182049786299467
2,2,0.3,GBM_1_AutoML_9_20260603_222549,target_lag5,0.40197249840479343
2,2,0.3,GBM_1_AutoML_9_20260603_222549,target_lag6,2.67645020917058
2,2,0.3,GBM_1_AutoML_9_20260603_222549,hour_lag1,3.2225898703560234
2,2,0.3,GBM_1_AutoML_9_20260603_222549,day_of_week_lag1,0.3377838984143455
2,2,0.3,GBM_1_AutoML_9_20260603_222549,month_lag1,0.2810235831793398
2,2,0.3,GBM_1_AutoML_9_20260603_222549,trend_lag1,0.30179636377841235
2,2,0.3,GBM_1_AutoML_9_20260603_222549,month_sin,0.11933249045163391
2,2,0.3,GBM_1_AutoML_9_20260603_222549,month_cos,0.10091522285132665
2,2,0.3,GBM_1_AutoML_9_20260603_222549,year,0.12479064422252119
2,2,0.3,GBM_4_AutoML_9_20260603_222549,target_lag1,31.168438385725022
2,2,0.3,GBM_4_AutoML_9_20260603_222549,target_lag2,15.576576204299927
2,2,0.3,GBM_4_AutoML_9_20260603_222549,target_lag3,7.734444080367684
2,2,0.3,GBM_4_AutoML_9_20260603_222549,target_lag4,2.985841755270958
2,2,0.3,GBM_4_AutoML_9_20260603_222549,target_lag5,1.240701056420803
2,2,0.3,GBM_4_AutoML_9_20260603_222549,target_lag6,5.23854178622365
2,2,0.3,GBM_4_AutoML_9_20260603_222549,hour_lag1,3.3056867311149833
2,2,0.3,GBM_4_AutoML_9_20260603_222549,day_of_week_lag1,0.33349832680076363
2,2,0.3,GBM_4_AutoML_9_20260603_222549,month_lag1,0.2808207791368477
2,2,0.3,GBM_4_AutoML_9_20260603_222549,trend_lag1,0.3374734066799283
2,2,0.3,GBM_4_AutoML_9_20260603_222549,month_sin,0.07492976647801694
2,2,0.3,GBM_4_AutoML_9_20260603_222549,month_cos,0.10152091993484642
2,2,0.3,GBM_4_AutoML_9_20260603_222549,year,0.16213918255642054
2,2,0.3,GBM_3_AutoML_9_20260603_222549,target_lag1,44.16054040431976
2,2,0.3,GBM_3_AutoML_9_20260603_222549,target_lag2,6.858953235149383
2,2,0.3,GBM_3_AutoML_9_20260603_222549,target_lag3,4.212713770978152
2,2,0.3,GBM_3_AutoML_9_20260603_222549,target_lag4,0.48420248057693244
2,2,0.3,GBM_3_AutoML_9_20260603_222549,target_lag5,0.9476922945305705
2,2,0.3,GBM_3_AutoML_9_20260603_222549,target_lag6,6.330638131424784
2,2,0.3,GBM_3_AutoML_9_20260603_222549,hour_lag1,3.2590148663520813
2,2,0.3,GBM_3_AutoML_9_20260603_222549,day_of_week_lag1,0.2904539642855525
2,2,0.3,GBM_3_AutoML_9_20260603_222549,month_lag1,0.25422448985278606
2,2,0.3,GBM_3_AutoML_9_20260603_222549,trend_lag1,0.34154070978984236
2,2,0.3,GBM_3_AutoML_9_20260603_222549,month_sin,0.07682849997188892
2,2,0.3,GBM_3_AutoML_9_20260603_222549,month_cos,0.05019146293052468
2,2,0.3,GBM_3_AutoML_9_20260603_222549,year,0.12580337923602197
2,2,0.3,GBM_2_AutoML_9_20260603_222549,target_lag1,37.31481111228466
2,2,0.3,GBM_2_AutoML_9_20260603_222549,target_lag2,10.646482167243958
2,2,0.3,GBM_2_AutoML_9_20260603_222549,target_lag3,7.820004380941391
2,2,0.3,GBM_2_AutoML_9_20260603_222549,target_lag4,1.228503170311451
2,2,0.3,GBM_2_AutoML_9_20260603_222549,target_lag5,0.8811395227909088
2,2,0.3,GBM_2_AutoML_9_20260603_222549,target_lag6,6.090300246477127
2,2,0.3,GBM_2_AutoML_9_20260603_222549,hour_lag1,3.136553992778063
2,2,0.3,GBM_2_AutoML_9_20260603_222549,day_of_week_lag1,0.2582833033055067
2,2,0.3,GBM_2_AutoML_9_20260603_222549,month_lag1,0.3461237351875752
2,2,0.3,GBM_2_AutoML_9_20260603_222549,trend_lag1,0.1915645069442689
2,2,0.3,GBM_2_AutoML_9_20260603_222549,month_sin,0.03915256193315141
2,2,0.3,GBM_2_AutoML_9_20260603_222549,month_cos,0.04025626265909518
2,2,0.3,GBM_2_AutoML_9_20260603_222549,year,0.07823728276416655
2,2,0.3,XGBoost_grid_1_AutoML_9_20260603_222549_model_4,target_lag1,37.913977583646776
2,2,0.3,XGBoost_grid_1_AutoML_9_20260603_222549_model_4,target_lag2,14.91567640900612
2,2,0.3,XGBoost_grid_1_AutoML_9_20260603_222549_model_4,target_lag3,5.585413552224636
2,2,0.3,XGBoost_grid_1_AutoML_9_20260603_222549_model_4,target_lag4,1.2514254008699208
2,2,0.3,XGBoost_grid_1_AutoML_9_20260603_222549_model_4,target_lag5,1.639533482445404
2,2,0.3,XGBoost_grid_1_AutoML_9_20260603_222549_model_4,target_lag6,7.27510155916214
2,2,0.3,XGBoost_grid_1_AutoML_9_20260603_222549_model_4,hour_lag1,3.6518354273959996
2,2,0.3,XGBoost_grid_1_AutoML_9_20260603_222549_model_4,day_of_week_lag1,0.38354990547522905
2,2,0.3,XGBoost_grid_1_AutoML_9_20260603_222549_model_4,month_lag1,0.3322353626415133
2,2,0.3,XGBoost_grid_1_AutoML_9_20260603_222549_model_4,trend_lag1,0.5181595407583518
2,2,0.3,XGBoost_grid_1_AutoML_9_20260603_222549_model_4,month_sin,0.06532405989244577
2,2,0.3,XGBoost_grid_1_AutoML_9_20260603_222549_model_4,month_cos,0.06612278389511626
2,2,0.3,XGBoost_grid_1_AutoML_9_20260603_222549_model_4,year,0.11876977417385202
2,2,0.3,GBM_grid_1_AutoML_9_20260603_222549_model_2,target_lag1,24.36379514873028
2,2,0.3,GBM_grid_1_AutoML_9_20260603_222549_model_2,target_lag2,14.91178527355194
2,2,0.3,GBM_grid_1_AutoML_9_20260603_222549_model_2,target_lag3,11.851781792640686
2,2,0.3,GBM_grid_1_AutoML_9_20260603_222549_model_2,target_lag4,3.0420069260150195
2,2,0.3,GBM_grid_1_AutoML_9_20260603_222549_model_2,target_lag5,4.8158509622514245
2,2,0.3,GBM_grid_1_AutoML_9_20260603_222549_model_2,target_lag6,3.0165487164631486
2,2,0.3,GBM_grid_1_AutoML_9_20260603_222549_model_2,hour_lag1,3.3311741016060115
2,2,0.3,GBM_grid_1_AutoML_9_20260603_222549_model_2,day_of_week_lag1,0.36468027349561455
2,2,0.3,GBM_grid_1_AutoML_9_20260603_222549_model_2,month_lag1,0.28152865878306327
2,2,0.3,GBM_grid_1_AutoML_9_20260603_222549_model_2,trend_lag1,0.5273217909876258
2,2,0.3,GBM_grid_1_AutoML_9_20260603_222549_model_2,month_sin,0.11219274145318192
2,2,0.3,GBM_grid_1_AutoML_9_20260603_222549_model_2,month_cos,0.13446421314903997
2,2,0.3,GBM_grid_1_AutoML_9_20260603_222549_model_2,year,0.20577087483368814
2,2,0.3,GBM_5_AutoML_9_20260603_222549,target_lag1,38.301105413436886
2,2,0.3,GBM_5_AutoML_9_20260603_222549,target_lag2,14.302330649495126
2,2,0.3,GBM_5_AutoML_9_20260603_222549,target_lag3,1.8910010904073715
2,2,0.3,GBM_5_AutoML_9_20260603_222549,target_lag4,2.2707602912187577
2,2,0.3,GBM_5_AutoML_9_20260603_222549,target_lag5,1.9479202660359443
2,2,0.3,GBM_5_AutoML_9_20260603_222549,target_lag6,4.347775938101113
2,2,0.3,GBM_5_AutoML_9_20260603_222549,hour_lag1,3.1020868844911456
2,2,0.3,GBM_5_AutoML_9_20260603_222549,day_of_week_lag1,0.21177632833831012
2,2,0.3,GBM_5_AutoML_9_20260603_222549,month_lag1,0.2747980350628495
2,2,0.3,GBM_5_AutoML_9_20260603_222549,trend_lag1,0.45431306064128874
2,2,0.3,GBM_5_AutoML_9_20260603_222549,month_sin,0.06849291676655409
2,2,0.3,GBM_5_AutoML_9_20260603_222549,month_cos,0.02927615002205126
2,2,0.3,GBM_5_AutoML_9_20260603_222549,year,0.14381735931674483
2,2,0.3,XGBoost_2_AutoML_9_20260603_222549,target_lag1,24.535962421894073
2,2,0.3,XGBoost_2_AutoML_9_20260603_222549,target_lag2,27.45184744358063
2,2,0.3,XGBoost_2_AutoML_9_20260603_222549,target_lag3,6.2713906472921375
2,2,0.3,XGBoost_2_AutoML_9_20260603_222549,target_lag4,1.491228029001504
2,2,0.3,XGBoost_2_AutoML_9_20260603_222549,target_lag5,1.0499497016519308
2,2,0.3,XGBoost_2_AutoML_9_20260603_222549,target_lag6,6.033050345703959
2,2,0.3,XGBoost_2_AutoML_9_20260603_222549,hour_lag1,3.6327986569702624
2,2,0.3,XGBoost_2_AutoML_9_20260603_222549,day_of_week_lag1,0.37098359044641255
2,2,0.3,XGBoost_2_AutoML_9_20260603_222549,month_lag1,0.41222013370133936
2,2,0.3,XGBoost_2_AutoML_9_20260603_222549,trend_lag1,0.4372597860172391
2,2,0.3,XGBoost_2_AutoML_9_20260603_222549,month_sin,0.10223840922466476
2,2,0.3,XGBoost_2_AutoML_9_20260603_222549,month_cos,0.12805775034241373
2,2,0.3,XGBoost_2_AutoML_9_20260603_222549,year,0.18388382650911808
2,2,0.3,GBM_grid_1_AutoML_9_20260603_222549_model_3,target_lag1,18.527037441134453
2,2,0.3,GBM_grid_1_AutoML_9_20260603_222549_model_3,target_lag2,12.35789648860693
2,2,0.3,GBM_grid_1_AutoML_9_20260603_222549_model_3,target_lag3,13.235728267133236
2,2,0.3,GBM_grid_1_AutoML_9_20260603_222549_model_3,target_lag4,4.574336856603622
2,2,0.3,GBM_grid_1_AutoML_9_20260603_222549_model_3,target_lag5,6.77656515404582
2,2,0.3,GBM_grid_1_AutoML_9_20260603_222549_model_3,target_lag6,5.125198312848807
2,2,0.3,GBM_grid_1_AutoML_9_20260603_222549_model_3,hour_lag1,3.460182213559747
2,2,0.3,GBM_grid_1_AutoML_9_20260603_222549_model_3,day_of_week_lag1,0.49348078734241424
2,2,0.3,GBM_grid_1_AutoML_9_20260603_222549_model_3,month_lag1,0.22826772746862845
2,2,0.3,GBM_grid_1_AutoML_9_20260603_222549_model_3,trend_lag1,0.8912596151977777
2,2,0.3,GBM_grid_1_AutoML_9_20260603_222549_model_3,month_sin,0.14672078935043822
2,2,0.3,GBM_grid_1_AutoML_9_20260603_222549_model_3,month_cos,0.13414407648990162
2,2,0.3,GBM_grid_1_AutoML_9_20260603_222549_model_3,year,0.32989918638020754
2,2,0.3,DRF_1_AutoML_9_20260603_222549,target_lag1,24.1438151589036
2,2,0.3,DRF_1_AutoML_9_20260603_222549,target_lag2,11.680906362831593
2,2,0.3,DRF_1_AutoML_9_20260603_222549,target_lag3,9.328658566474914
2,2,0.3,DRF_1_AutoML_9_20260603_222549,target_lag4,7.616309341788292
2,2,0.3,DRF_1_AutoML_9_20260603_222549,target_lag5,4.797443899512291
2,2,0.3,DRF_1_AutoML_9_20260603_222549,target_lag6,3.618325438313186
2,2,0.3,DRF_1_AutoML_9_20260603_222549,hour_lag1,2.376131928563118
2,2,0.3,DRF_1_AutoML_9_20260603_222549,day_of_week_lag1,0.2055489145964384
2,2,0.3,DRF_1_AutoML_9_20260603_222549,month_lag1,0.14631054334342478
2,2,0.3,DRF_1_AutoML_9_20260603_222549,trend_lag1,0.9919321465492249
2,2,0.3,DRF_1_AutoML_9_20260603_222549,month_sin,0.08992806977592405
2,2,0.3,DRF_1_AutoML_9_20260603_222549,month_cos,0.06775727147934953
2,2,0.3,DRF_1_AutoML_9_20260603_222549,year,0.23970515809953213
2,2,0.3,GBM_grid_1_AutoML_9_20260603_222549_model_1,target_lag1,19.097686074078084
2,2,0.3,GBM_grid_1_AutoML_9_20260603_222549_model_1,target_lag2,15.936469986438752
2,2,0.3,GBM_grid_1_AutoML_9_20260603_222549_model_1,target_lag3,3.80592908680439
2,2,0.3,GBM_grid_1_AutoML_9_20260603_222549_model_1,target_lag4,11.659726707199589
2,2,0.3,GBM_grid_1_AutoML_9_20260603_222549_model_1,target_lag5,7.140302008390426
2,2,0.3,GBM_grid_1_AutoML_9_20260603_222549_model_1,target_lag6,3.5992066652327774
2,2,0.3,GBM_grid_1_AutoML_9_20260603_222549_model_1,hour_lag1,3.2077037152275443
2,2,0.3,GBM_grid_1_AutoML_9_20260603_222549_model_1,day_of_week_lag1,0.32622016101609913
2,2,0.3,GBM_grid_1_AutoML_9_20260603_222549_model_1,month_lag1,0.500154321109876
2,2,0.3,GBM_grid_1_AutoML_9_20260603_222549_model_1,trend_lag1,0.5919101483235135
2,2,0.3,GBM_grid_1_AutoML_9_20260603_222549_model_1,month_sin,0.10751764353830363
2,2,0.3,GBM_grid_1_AutoML_9_20260603_222549_model_1,month_cos,0.08661391406087202
2,2,0.3,GBM_grid_1_AutoML_9_20260603_222549_model_1,year,0.26275289643555877
2,2,0.3,XRT_1_AutoML_9_20260603_222549,target_lag1,632.3847845077514
2,2,0.3,XRT_1_AutoML_9_20260603_222549,target_lag2,37995.04216582298
2,2,0.3,XRT_1_AutoML_9_20260603_222549,target_lag3,1201.5466820931435
2,2,0.3,XRT_1_AutoML_9_20260603_222549,target_lag4,598.2411805833876
2,2,0.3,XRT_1_AutoML_9_20260603_222549,target_lag5,6900194.089391389
2,2,0.3,XRT_1_AutoML_9_20260603_222549,target_lag6,131587.13360625683
2,2,0.3,XRT_1_AutoML_9_20260603_222549,hour_lag1,1065264.4507492448
2,2,0.3,XRT_1_AutoML_9_20260603_222549,day_of_week_lag1,256.32904366493227
2,2,0.3,XRT_1_AutoML_9_20260603_222549,month_lag1,2594055492682.418
2,2,0.3,XRT_1_AutoML_9_20260603_222549,trend_lag1,423.03253695726397
2,2,0.3,XRT_1_AutoML_9_20260603_222549,month_sin,357.297899164611
2,2,0.3,XRT_1_AutoML_9_20260603_222549,month_cos,12.957749184612185
2,2,0.3,XRT_1_AutoML_9_20260603_222549,year,871.1551222705841
2,2,0.3,XGBoost_3_AutoML_9_20260603_222549,target_lag1,37.47961851477623
2,2,0.3,XGBoost_3_AutoML_9_20260603_222549,target_lag2,15.320607902370392
2,2,0.3,XGBoost_3_AutoML_9_20260603_222549,target_lag3,2.780359476208687
2,2,0.3,XGBoost_3_AutoML_9_20260603_222549,target_lag4,1.7744108264148235
2,2,0.3,XGBoost_3_AutoML_9_20260603_222549,target_lag5,2.0531510457536206
2,2,0.3,XGBoost_3_AutoML_9_20260603_222549,target_lag6,7.438868758520112
2,2,0.3,XGBoost_3_AutoML_9_20260603_222549,hour_lag1,3.6474006596952675
2,2,0.3,XGBoost_3_AutoML_9_20260603_222549,day_of_week_lag1,0.30950339991599324
2,2,0.3,XGBoost_3_AutoML_9_20260603_222549,month_lag1,0.445020598275587
2,2,0.3,XGBoost_3_AutoML_9_20260603_222549,trend_lag1,0.8862617221474648
2,2,0.3,XGBoost_3_AutoML_9_20260603_222549,month_sin,0.03801129978477544
2,2,0.3,XGBoost_3_AutoML_9_20260603_222549,month_cos,0.11366928645409638
2,2,0.3,XGBoost_3_AutoML_9_20260603_222549,year,0.1211181057617068
2,2,0.3,XGBoost_grid_1_AutoML_9_20260603_222549_model_5,target_lag1,30.092410457134246
2,2,0.3,XGBoost_grid_1_AutoML_9_20260603_222549_model_5,target_lag2,19.486802185066043
2,2,0.3,XGBoost_grid_1_AutoML_9_20260603_222549_model_5,target_lag3,2.851400494873524
2,2,0.3,XGBoost_grid_1_AutoML_9_20260603_222549_model_5,target_lag4,3.469337856769562
2,2,0.3,XGBoost_grid_1_AutoML_9_20260603_222549_model_5,target_lag5,4.89831807076931
2,2,0.3,XGBoost_grid_1_AutoML_9_20260603_222549_model_5,target_lag6,7.5015143093653025
2,2,0.3,XGBoost_grid_1_AutoML_9_20260603_222549_model_5,hour_lag1,3.340902145579457
2,2,0.3,XGBoost_grid_1_AutoML_9_20260603_222549_model_5,day_of_week_lag1,0.2458125884644687
2,2,0.3,XGBoost_grid_1_AutoML_9_20260603_222549_model_5,month_lag1,0.23847618810366839
2,2,0.3,XGBoost_grid_1_AutoML_9_20260603_222549_model_5,trend_lag1,0.6466492801904679
2,2,0.3,XGBoost_grid_1_AutoML_9_20260603_222549_model_5,month_sin,0.0008832643547793694
2,2,0.3,XGBoost_grid_1_AutoML_9_20260603_222549_model_5,month_cos,0.017287143208086452
2,2,0.3,XGBoost_grid_1_AutoML_9_20260603_222549_model_5,year,0.06383610226213926
2,2,0.3,XGBoost_grid_1_AutoML_9_20260603_222549_model_2,target_lag1,46.829190239310265
2,2,0.3,XGBoost_grid_1_AutoML_9_20260603_222549_model_2,target_lag2,8.981426922082901
2,2,0.3,XGBoost_grid_1_AutoML_9_20260603_222549_model_2,target_lag3,3.386256359219551
2,2,0.3,XGBoost_grid_1_AutoML_9_20260603_222549_model_2,target_lag4,1.0935637912899256
2,2,0.3,XGBoost_grid_1_AutoML_9_20260603_222549_model_2,target_lag5,1.062616504356265
2,2,0.3,XGBoost_grid_1_AutoML_9_20260603_222549_model_2,target_lag6,6.473504922389984
2,2,0.3,XGBoost_grid_1_AutoML_9_20260603_222549_model_2,hour_lag1,3.7932643393613397
2,2,0.3,XGBoost_grid_1_AutoML_9_20260603_222549_model_2,day_of_week_lag1,0.4311134802375454
2,2,0.3,XGBoost_grid_1_AutoML_9_20260603_222549_model_2,month_lag1,0.26354592855554076
2,2,0.3,XGBoost_grid_1_AutoML_9_20260603_222549_model_2,trend_lag1,1.0272900933027267
2,2,0.3,XGBoost_grid_1_AutoML_9_20260603_222549_model_2,month_sin,0.11004156569018957
2,2,0.3,XGBoost_grid_1_AutoML_9_20260603_222549_model_2,month_cos,0.1574659206351498
2,2,0.3,XGBoost_grid_1_AutoML_9_20260603_222549_model_2,year,0.1233573650824837
2,2,0.3,XGBoost_1_AutoML_9_20260603_222549,target_lag1,34.4786416220665
2,2,0.3,XGBoost_1_AutoML_9_20260603_222549,target_lag2,4.795357308536768
2,2,0.3,XGBoost_1_AutoML_9_20260603_222549,target_lag3,15.207405798435211
2,2,0.3,XGBoost_1_AutoML_9_20260603_222549,target_lag4,3.6317227947711945
2,2,0.3,XGBoost_1_AutoML_9_20260603_222549,target_lag5,1.3118606027960777
2,2,0.3,XGBoost_1_AutoML_9_20260603_222549,target_lag6,5.531811331510544
2,2,0.3,XGBoost_1_AutoML_9_20260603_222549,hour_lag1,3.508012467995286
2,2,0.3,XGBoost_1_AutoML_9_20260603_222549,day_of_week_lag1,0.5362251489213667
2,2,0.3,XGBoost_1_AutoML_9_20260603_222549,month_lag1,0.351926932297647
2,2,0.3,XGBoost_1_AutoML_9_20260603_222549,trend_lag1,0.7960520407930016
2,2,0.3,XGBoost_1_AutoML_9_20260603_222549,month_sin,0.2028752278489992
2,2,0.3,XGBoost_1_AutoML_9_20260603_222549,month_cos,0.18274949433282012
2,2,0.3,XGBoost_1_AutoML_9_20260603_222549,year,0.27437205039896073
2,2,0.3,XGBoost_grid_1_AutoML_9_20260603_222549_model_3,target_lag1,34.88548718094826
2,2,0.3,XGBoost_grid_1_AutoML_9_20260603_222549_model_3,target_lag2,9.652645628452301
2,2,0.3,XGBoost_grid_1_AutoML_9_20260603_222549_model_3,target_lag3,5.595495901107788
2,2,0.3,XGBoost_grid_1_AutoML_9_20260603_222549_model_3,target_lag4,5.882607315778732
2,2,0.3,XGBoost_grid_1_AutoML_9_20260603_222549_model_3,target_lag5,7.094164180755615
2,2,0.3,XGBoost_grid_1_AutoML_9_20260603_222549_model_3,target_lag6,5.9692837123200295
2,2,0.3,XGBoost_grid_1_AutoML_9_20260603_222549_model_3,hour_lag1,3.606908836485818
2,2,0.3,XGBoost_grid_1_AutoML_9_20260603_222549_model_3,day_of_week_lag1,0.2814438008144498
2,2,0.3,XGBoost_grid_1_AutoML_9_20260603_222549_model_3,month_lag1,0.2576580940373242
2,2,0.3,XGBoost_grid_1_AutoML_9_20260603_222549_model_3,trend_lag1,0.13571795094292607
2,2,0.3,XGBoost_grid_1_AutoML_9_20260603_222549_model_3,month_sin,0.008251430913805912
2,2,0.3,XGBoost_grid_1_AutoML_9_20260603_222549_model_3,month_cos,0.0062248597503639525
2,2,0.3,XGBoost_grid_1_AutoML_9_20260603_222549_model_3,year,0.4452086037397385
2,2,0.3,XGBoost_grid_1_AutoML_9_20260603_222549_model_1,target_lag1,27.81925637960434
2,2,0.3,XGBoost_grid_1_AutoML_9_20260603_222549_model_1,target_lag2,16.243323268890382
2,2,0.3,XGBoost_grid_1_AutoML_9_20260603_222549_model_1,target_lag3,8.549224778413773
2,2,0.3,XGBoost_grid_1_AutoML_9_20260603_222549_model_1,target_lag4,5.61570292443037
2,2,0.3,XGBoost_grid_1_AutoML_9_20260603_222549_model_1,target_lag5,3.0886693226732316
2,2,0.3,XGBoost_grid_1_AutoML_9_20260603_222549_model_1,target_lag6,6.709904237650335
2,2,0.3,XGBoost_grid_1_AutoML_9_20260603_222549_model_1,hour_lag1,3.287929549962282
2,2,0.3,XGBoost_grid_1_AutoML_9_20260603_222549_model_1,day_of_week_lag1,0.17083244593814012
2,2,0.3,XGBoost_grid_1_AutoML_9_20260603_222549_model_1,month_lag1,0.3000952537963167
2,2,0.3,XGBoost_grid_1_AutoML_9_20260603_222549_model_1,trend_lag1,0.5278865859657526
2,2,0.3,XGBoost_grid_1_AutoML_9_20260603_222549_model_1,month_sin,0.061747744249878396
2,2,0.3,XGBoost_grid_1_AutoML_9_20260603_222549_model_1,month_cos,0.0051472483831457175
2,2,0.3,XGBoost_grid_1_AutoML_9_20260603_222549_model_1,year,0.09215650372207165
2,2,0.3,XGBoost_grid_1_AutoML_9_20260603_222549_model_6,target_lag1,29.95098175764084
2,2,0.3,XGBoost_grid_1_AutoML_9_20260603_222549_model_6,target_lag2,13.414739500302822
2,2,0.3,XGBoost_grid_1_AutoML_9_20260603_222549_model_6,target_lag3,6.0811875475943085
2,2,0.3,XGBoost_grid_1_AutoML_9_20260603_222549_model_6,target_lag4,2.09241314874962
2,2,0.3,XGBoost_grid_1_AutoML_9_20260603_222549_model_6,target_lag5,3.9823287835367953
2,2,0.3,XGBoost_grid_1_AutoML_9_20260603_222549_model_6,target_lag6,7.269428486004472
2,2,0.3,XGBoost_grid_1_AutoML_9_20260603_222549_model_6,hour_lag1,3.27275063380599
2,2,0.3,XGBoost_grid_1_AutoML_9_20260603_222549_model_6,day_of_week_lag1,0.5272750783874653
2,2,0.3,XGBoost_grid_1_AutoML_9_20260603_222549_model_6,month_lag1,0.36657303262501956
2,2,0.3,XGBoost_grid_1_AutoML_9_20260603_222549_model_6,trend_lag1,2.1375469045341013
2,2,0.3,XGBoost_grid_1_AutoML_9_20260603_222549_model_6,month_sin,0.283555958699435
2,2,0.3,XGBoost_grid_1_AutoML_9_20260603_222549_model_6,month_cos,0.1250074083381332
2,2,0.3,XGBoost_grid_1_AutoML_9_20260603_222549_model_6,year,0.3387291642744094
2,2,0.3,GLM_1_AutoML_9_20260603_222549,target_lag1,44.577595355897095
2,2,0.3,GLM_1_AutoML_9_20260603_222549,target_lag2,15.374935550964057
2,2,0.3,GLM_1_AutoML_9_20260603_222549,target_lag3,5.428838413244676
2,2,0.3,GLM_1_AutoML_9_20260603_222549,target_lag4,1.1792343141286803
2,2,0.3,GLM_1_AutoML_9_20260603_222549,target_lag5,0.916499955170692
2,2,0.3,GLM_1_AutoML_9_20260603_222549,target_lag6,2.6315304573006513
2,2,0.3,GLM_1_AutoML_9_20260603_222549,hour_lag1,0.10693759902979558
2,2,0.3,GLM_1_AutoML_9_20260603_222549,day_of_week_lag1,0.061972530591985125
2,2,0.3,GLM_1_AutoML_9_20260603_222549,month_lag1,0.015174405508529182
2,2,0.3,GLM_1_AutoML_9_20260603_222549,trend_lag1,0.026214431463452856
2,2,0.3,GLM_1_AutoML_9_20260603_222549,month_sin,0.0019675453813641688
2,2,0.3,GLM_1_AutoML_9_20260603_222549,month_cos,0.003645062207626902
2,2,0.3,GLM_1_AutoML_9_20260603_222549,year,0.21660314267678818
